# Blender 4.5.13 LTS
# www.blender.org
mtllib canister_a.mtl
o defaultMaterial
v -0.042825 0.009892 -0.043619
v -0.042825 0.017069 -0.043619
v -0.042825 0.009892 -0.040993
v -0.042825 0.017069 -0.040993
v -0.044781 0.013448 -0.044932
v -0.045099 0.017069 -0.044932
v -0.047925 0.014751 -0.043882
v -0.047374 0.017069 -0.043619
v -0.047374 0.017069 -0.040993
v -0.047925 0.014751 -0.043882
v -0.047925 0.014751 -0.040731
v -0.047374 0.017069 -0.043619
v -0.047925 0.014751 -0.040731
v -0.045099 0.017069 -0.039680
v -0.047374 0.017069 -0.040993
v -0.044781 0.013448 -0.039680
v -0.055118 0.012645 -0.037054
v -0.050351 0.015756 -0.038105
v -0.055922 0.013448 -0.038105
v -0.050351 0.014619 -0.037054
v -0.057092 0.007878 -0.037054
v -0.058229 0.007878 -0.038105
v -0.044781 0.013448 -0.038105
v -0.045585 0.012645 -0.037054
v -0.042473 0.007878 -0.038105
v -0.043610 0.007878 -0.037054
v -0.045585 0.003111 -0.037054
v -0.044781 0.002307 -0.038105
v -0.050351 0.000000 -0.038105
v -0.050351 0.001137 -0.037054
v -0.055118 0.003111 -0.037054
v -0.055922 0.002307 -0.038105
v -0.055118 0.012645 -0.047558
v -0.057092 0.007878 -0.047558
v -0.055922 0.013448 -0.046508
v -0.058229 0.007878 -0.046508
v -0.050351 0.014619 -0.047558
v -0.050351 0.015756 -0.046508
v -0.045585 0.012645 -0.047558
v -0.044781 0.013448 -0.046508
v -0.042473 0.007878 -0.046508
v -0.043610 0.007878 -0.047558
v -0.045585 0.003111 -0.047558
v -0.044781 0.002307 -0.046508
v -0.050351 0.000000 -0.046508
v -0.050351 0.001137 -0.047558
v -0.055118 0.003111 -0.047558
v -0.055922 0.002307 -0.046508
v -0.044781 0.002307 -0.038105
v -0.044781 0.002307 -0.046508
v -0.042473 0.007878 -0.038105
v -0.042473 0.007878 -0.046508
v -0.050351 0.000000 -0.038105
v -0.050351 0.000000 -0.046508
v -0.055922 0.002307 -0.038105
v -0.055922 0.002307 -0.046508
v -0.058229 0.007878 -0.038105
v -0.058229 0.007878 -0.046508
v -0.050351 0.007878 -0.037054
v -0.050351 0.007878 -0.047558
v -0.044781 0.013448 -0.038105
v -0.044781 0.013448 -0.039680
v -0.044781 0.013448 -0.044932
v -0.044781 0.013448 -0.046508
v -0.044781 0.013448 -0.038105
v -0.044781 0.013448 -0.046508
v 0.031427 0.036764 -0.040053
v 0.031427 0.178566 -0.040053
v 0.042812 0.036764 -0.023015
v 0.042812 0.178566 -0.023015
v 0.014388 0.036764 -0.051438
v 0.014388 0.178566 -0.051438
v -0.005710 0.036764 -0.055436
v -0.005710 0.178566 -0.055436
v -0.025808 0.036764 -0.051438
v -0.025808 0.178566 -0.051438
v -0.042847 0.036764 -0.040054
v -0.042847 0.178566 -0.040053
v -0.054231 0.036764 -0.023015
v -0.054231 0.178566 -0.023015
v -0.058229 0.036764 -0.002917
v -0.058229 0.178566 -0.002917
v -0.054231 0.036764 0.017182
v -0.054231 0.178566 0.017182
v -0.042847 0.036764 0.034220
v -0.042847 0.178566 0.034220
v -0.025808 0.036764 0.045605
v -0.025808 0.178566 0.045605
v -0.005710 0.036764 0.049603
v -0.005710 0.178566 0.049603
v -0.005710 0.178566 0.049603
v 0.014388 0.036764 0.045605
v 0.014388 0.178566 0.045605
v -0.005710 0.036764 0.049603
v 0.031427 0.036764 0.034220
v 0.031427 0.178566 0.034220
v 0.042812 0.036764 0.017182
v 0.042812 0.178566 0.017182
v 0.046809 0.036764 -0.002917
v 0.046809 0.178566 -0.002917
v 0.049262 0.148509 0.005041
v 0.043417 0.148509 0.005041
v 0.043417 0.146122 0.002654
v 0.049262 0.146122 0.002654
v 0.050950 0.146821 0.002654
v 0.050950 0.146821 -0.008488
v 0.051649 0.148509 0.002654
v 0.051649 0.148509 -0.008488
v 0.049262 0.146122 -0.008488
v 0.049262 0.146122 0.002654
v 0.048744 0.187238 0.005041
v 0.051131 0.173086 0.002654
v 0.051131 0.187238 0.002654
v 0.048744 0.173086 0.005041
v 0.043417 0.187238 0.005041
v 0.048744 0.189625 0.002654
v 0.043417 0.189625 0.002654
v 0.050432 0.188926 0.002654
v 0.050432 0.188926 -0.008488
v 0.048744 0.189625 0.002654
v 0.048744 0.189625 -0.008488
v 0.051131 0.187238 -0.008488
v 0.043417 0.189625 -0.008488
v 0.048744 0.189625 -0.008488
v 0.048744 0.187238 -0.010875
v 0.043417 0.187238 -0.010875
v 0.048744 0.173086 -0.010875
v 0.051131 0.173086 -0.008488
v 0.049262 0.146122 -0.008488
v 0.043417 0.146122 -0.008488
v 0.043417 0.148509 -0.010875
v 0.049262 0.148509 -0.010875
v 0.043417 0.173086 0.005041
v 0.043417 0.189625 0.002654
v 0.043417 0.189625 -0.008488
v 0.043417 0.173086 -0.010875
v 0.043417 0.146122 0.002654
v 0.043417 0.146122 -0.008488
v 0.050950 0.146821 0.002654
v 0.050432 0.188926 0.002654
v 0.050432 0.188926 -0.008488
v 0.050950 0.146821 -0.008488
v 0.043417 0.167966 0.005041
v 0.050354 0.167966 0.005041
v 0.052742 0.167966 0.002654
v 0.052742 0.167966 -0.008488
v 0.050354 0.167966 -0.010875
v 0.043417 0.167966 -0.010875
v -0.020153 0.013448 0.096552
v -0.005710 0.013448 0.095925
v -0.020153 0.007878 0.094244
v -0.005710 0.007878 0.093618
v -0.005710 0.015756 0.101496
v -0.020153 0.015756 0.102122
v -0.005710 0.013448 0.107066
v -0.020153 0.013448 0.107693
v -0.020153 0.007878 0.110000
v -0.005710 0.007878 0.109374
v -0.020153 0.002307 0.107693
v -0.005710 0.002307 0.107066
v -0.020153 0.000000 0.102122
v -0.005710 0.000000 0.101496
v -0.020153 0.002307 0.096552
v -0.005710 0.002307 0.095925
v -0.020153 0.007878 0.094244
v -0.005710 0.007878 0.093618
v 0.032367 0.017069 -0.040032
v 0.034993 0.017069 -0.040032
v 0.032367 0.009892 -0.040032
v 0.031054 0.013448 -0.041988
v 0.031054 0.017069 -0.042306
v 0.032104 0.014751 -0.045132
v 0.032367 0.017069 -0.044580
v 0.029478 0.013448 -0.041988
v 0.029478 0.007878 -0.039680
v 0.037881 0.007878 -0.039680
v 0.037881 0.002307 -0.041988
v 0.029478 0.002307 -0.041988
v 0.034993 0.009892 -0.040032
v 0.036306 0.013448 -0.041988
v 0.037881 0.013448 -0.041988
v 0.036306 0.017069 -0.042306
v 0.035255 0.014751 -0.045132
v 0.034993 0.017069 -0.044580
v 0.037881 0.000000 -0.047558
v 0.029478 0.000000 -0.047558
v 0.037881 0.002307 -0.053129
v 0.029478 0.002307 -0.053129
v 0.029478 0.007878 -0.055436
v 0.037881 0.007878 -0.055436
v 0.037881 0.013448 -0.053129
v 0.029478 0.013448 -0.053129
v 0.028428 0.012645 -0.052325
v 0.029478 0.015756 -0.047558
v 0.028428 0.007878 -0.054299
v 0.029478 0.007878 -0.055436
v 0.029478 0.002307 -0.053129
v 0.028428 0.003111 -0.052325
v 0.029478 0.000000 -0.047558
v 0.028428 0.001137 -0.047558
v 0.028428 0.003111 -0.042792
v 0.029478 0.002307 -0.041988
v 0.028428 0.007878 -0.040817
v 0.029478 0.007878 -0.039680
v 0.029478 0.013448 -0.041988
v 0.028428 0.012645 -0.042792
v 0.028428 0.014619 -0.047558
v 0.028428 0.007878 -0.047558
v 0.037881 0.015756 -0.047558
v 0.029478 0.013448 -0.041988
v 0.032104 0.014751 -0.045132
v 0.035255 0.014751 -0.045132
v 0.034993 0.017069 -0.044580
v 0.032367 0.017069 -0.044580
v 0.031054 0.013448 -0.041988
v 0.037881 0.013448 -0.041988
v 0.036306 0.013448 -0.041988
v 0.038932 0.012645 -0.052325
v 0.038932 0.014619 -0.047558
v 0.038932 0.012645 -0.042792
v 0.037881 0.013448 -0.041988
v 0.038932 0.007878 -0.040817
v 0.037881 0.007878 -0.039680
v 0.037881 0.002307 -0.041988
v 0.038932 0.003111 -0.042792
v 0.037881 0.000000 -0.047558
v 0.038932 0.001137 -0.047558
v 0.038932 0.003111 -0.052325
v 0.037881 0.002307 -0.053129
v 0.038932 0.007878 -0.054299
v 0.037881 0.007878 -0.055436
v 0.038932 0.007878 -0.047558
v 0.031405 0.009892 0.037786
v 0.031405 0.009892 0.035160
v 0.031405 0.017069 0.035160
v 0.031405 0.017069 0.037786
v 0.033361 0.013448 0.039099
v 0.031054 0.007878 0.032271
v 0.031054 0.007878 0.040674
v 0.033361 0.013448 0.040674
v 0.033361 0.002307 0.040674
v 0.033361 0.002307 0.032271
v 0.038932 0.000000 0.040674
v 0.038932 0.000000 0.032271
v 0.044502 0.002307 0.040674
v 0.044502 0.002307 0.032271
v 0.046809 0.007878 0.040674
v 0.046809 0.007878 0.032271
v 0.044502 0.013448 0.032271
v 0.043698 0.012645 0.031221
v 0.038932 0.015756 0.032271
v 0.045673 0.007878 0.031221
v 0.046809 0.007878 0.032271
v 0.044502 0.013448 0.040674
v 0.046809 0.007878 0.040674
v 0.045673 0.007878 0.041725
v 0.043698 0.012645 0.041725
v 0.038932 0.015756 0.040674
v 0.038932 0.014619 0.041725
v 0.034165 0.012645 0.041725
v 0.033361 0.013448 0.040674
v 0.033361 0.013448 0.040674
v 0.036506 0.014751 0.038049
v 0.035954 0.017069 0.037786
v 0.035954 0.017069 0.035160
v 0.036506 0.014751 0.034897
v 0.033361 0.013448 0.039099
v 0.033361 0.013448 0.033847
v 0.033361 0.013448 0.032271
v 0.031054 0.007878 0.040674
v 0.032190 0.007878 0.041725
v 0.034165 0.003111 0.041725
v 0.033361 0.002307 0.040674
v 0.038932 0.000000 0.040674
v 0.038932 0.001137 0.041725
v 0.043698 0.003111 0.041725
v 0.044502 0.002307 0.040674
v 0.038932 0.007878 0.041725
v 0.044502 0.002307 0.032271
v 0.043698 0.003111 0.031221
v 0.038932 0.000000 0.032271
v 0.034165 0.003111 0.031221
v 0.033361 0.002307 0.032271
v 0.038932 0.001137 0.031221
v 0.038932 0.007878 0.031221
v 0.038932 0.014619 0.031221
v 0.034165 0.012645 0.031221
v 0.032190 0.007878 0.031221
v 0.031054 0.007878 0.032271
v 0.033361 0.013448 0.032271
v 0.033361 0.013448 0.032271
v 0.033361 0.013448 0.033847
v 0.036506 0.014751 0.034897
v 0.033680 0.017069 0.033847
v 0.035954 0.017069 0.035160
v 0.033680 0.017069 0.039099
v 0.036506 0.014751 0.038049
v 0.035954 0.017069 0.037786
v -0.046412 0.009892 0.034199
v -0.043786 0.009892 0.034199
v -0.046412 0.017069 0.034199
v -0.047725 0.013448 0.036154
v -0.049301 0.007878 0.033847
v -0.049301 0.013448 0.036154
v -0.040898 0.007878 0.033847
v -0.049301 0.002307 0.036154
v -0.040898 0.002307 0.036154
v -0.049301 0.000000 0.041725
v -0.040898 0.000000 0.041725
v -0.049301 0.002307 0.047295
v -0.040898 0.002307 0.047295
v -0.040898 0.007878 0.049603
v -0.049301 0.007878 0.049603
v -0.049301 0.013448 0.047295
v -0.050351 0.007878 0.048466
v -0.050351 0.012645 0.046491
v -0.049301 0.007878 0.049603
v -0.049301 0.015756 0.041725
v -0.040898 0.015756 0.041725
v -0.040898 0.013448 0.047295
v -0.039847 0.012645 0.046491
v -0.040898 0.007878 0.049603
v -0.039847 0.007878 0.048466
v -0.039847 0.003111 0.046491
v -0.040898 0.002307 0.047295
v -0.040898 0.000000 0.041725
v -0.039847 0.001137 0.041725
v -0.040898 0.002307 0.036154
v -0.040898 0.007878 0.033847
v -0.039847 0.003111 0.036958
v -0.039847 0.007878 0.034984
v -0.039847 0.007878 0.041725
v -0.039847 0.014619 0.041725
v -0.039847 0.012645 0.036958
v -0.040898 0.013448 0.036154
v -0.040898 0.013448 0.036154
v -0.043524 0.014751 0.039299
v -0.046675 0.014751 0.039299
v -0.046412 0.017069 0.038747
v -0.049301 0.013448 0.036154
v -0.047725 0.013448 0.036154
v -0.043786 0.017069 0.038747
v -0.042473 0.013448 0.036154
v -0.050351 0.014619 0.041725
v -0.050351 0.012645 0.036958
v -0.049301 0.013448 0.036154
v -0.050351 0.007878 0.034984
v -0.049301 0.007878 0.033847
v -0.049301 0.002307 0.036154
v -0.050351 0.003111 0.036958
v -0.049301 0.000000 0.041725
v -0.050351 0.001137 0.041725
v -0.050351 0.003111 0.046491
v -0.049301 0.002307 0.047295
v -0.050351 0.007878 0.041725
v -0.040898 0.013448 0.036154
v -0.042473 0.013448 0.036154
v -0.043524 0.014751 0.039299
v -0.042473 0.017069 0.036473
v -0.043786 0.017069 0.034199
v -0.043786 0.017069 0.038747
v -0.047725 0.017069 0.036473
v -0.046675 0.014751 0.039299
v -0.046412 0.017069 0.038747
v -0.005710 0.221375 0.001394
v -0.005710 0.223681 -0.014607
v 0.000447 0.223389 -0.013418
v 0.005667 0.222558 -0.010031
v -0.011867 0.223389 -0.013418
v -0.017087 0.222558 -0.010031
v -0.020575 0.221314 -0.004961
v -0.021800 0.219846 0.001019
v -0.020575 0.218378 0.006999
v -0.017087 0.217134 0.012068
v -0.005710 0.216011 0.016645
v -0.011867 0.216303 0.015456
v 0.000447 0.216303 0.015456
v 0.005667 0.217134 0.012068
v 0.009155 0.218378 0.006999
v 0.010380 0.219846 0.001019
v 0.009155 0.221314 -0.004961
v 0.023453 0.219426 -0.011522
v 0.025856 0.216547 0.000209
v 0.023453 0.213668 0.011941
v 0.037006 0.206775 0.016193
v 0.040489 0.211209 -0.000936
v 0.036941 0.215634 -0.018039
v 0.038794 0.213504 -0.019020
v 0.042466 0.208952 -0.001081
v 0.038758 0.204419 0.016891
v 0.028235 0.200611 0.032103
v 0.027007 0.203010 0.030737
v 0.012593 0.198097 0.042195
v 0.012008 0.200487 0.040474
v 0.016610 0.211227 0.021886
v 0.006370 0.209596 0.028531
v -0.005710 0.199592 0.043908
v -0.005710 0.209023 0.030865
v -0.017790 0.209596 0.028531
v -0.028030 0.211227 0.021886
v -0.023428 0.200487 0.040474
v -0.024013 0.198097 0.042195
v -0.038427 0.203010 0.030737
v -0.005710 0.197214 0.045712
v -0.050178 0.204419 0.016891
v -0.048425 0.206775 0.016193
v -0.039655 0.200611 0.032103
v -0.034873 0.213668 0.011941
v -0.037276 0.216547 0.000209
v -0.034873 0.219426 -0.011522
v -0.051909 0.211209 -0.000936
v -0.053886 0.208952 -0.001081
v -0.050214 0.213504 -0.019020
v -0.048361 0.215634 -0.018039
v -0.038334 0.219381 -0.032520
v -0.028030 0.221867 -0.021468
v -0.017790 0.223498 -0.028113
v -0.005710 0.224071 -0.030447
v -0.023359 0.221882 -0.042186
v -0.005710 0.222760 -0.045579
v -0.024129 0.219950 -0.044310
v -0.039756 0.217368 -0.034191
v -0.005710 0.220858 -0.047859
v 0.012709 0.219950 -0.044310
v 0.011939 0.221882 -0.042186
v 0.028337 0.217368 -0.034191
v 0.026914 0.219381 -0.032520
v 0.016610 0.221867 -0.021468
v 0.006370 0.223498 -0.028113
v 0.040908 0.200160 -0.021516
v 0.029970 0.202152 -0.037764
v 0.042812 0.178566 -0.023015
v 0.044748 0.197812 -0.002350
v 0.028337 0.217368 -0.034191
v 0.038794 0.213504 -0.019020
v 0.042466 0.208952 -0.001081
v 0.038758 0.204419 0.016891
v 0.028235 0.200611 0.032103
v 0.040908 0.195463 0.016816
v 0.029969 0.193472 0.033064
v 0.042812 0.178566 0.017182
v 0.046809 0.178566 -0.002917
v 0.031427 0.178566 0.034220
v 0.014388 0.178566 0.045605
v 0.013600 0.192142 0.043921
v -0.005710 0.178566 0.049603
v -0.005710 0.191674 0.047734
v 0.012593 0.198097 0.042195
v -0.005710 0.197214 0.045712
v 0.013600 0.203482 -0.048621
v 0.012709 0.219950 -0.044310
v -0.005710 0.203949 -0.052434
v -0.005710 0.220858 -0.047859
v -0.005710 0.178566 -0.055436
v 0.014388 0.178566 -0.051438
v 0.031427 0.178566 -0.040053
v -0.025808 0.178566 -0.051438
v -0.005710 0.178566 -0.055436
v -0.025019 0.203482 -0.048621
v -0.042847 0.178566 -0.040053
v -0.041389 0.202152 -0.037765
v -0.054231 0.178566 -0.023015
v -0.052327 0.200160 -0.021516
v -0.039756 0.217368 -0.034191
v -0.024129 0.219950 -0.044310
v -0.050214 0.213504 -0.019020
v -0.053886 0.208952 -0.001081
v -0.056168 0.197812 -0.002350
v -0.050178 0.204419 0.016891
v -0.052327 0.195463 0.016816
v -0.039655 0.200611 0.032103
v -0.041389 0.193472 0.033064
v -0.024013 0.198097 0.042195
v -0.025019 0.192142 0.043921
v -0.025808 0.178566 0.045605
v -0.005710 0.191674 0.047734
v -0.005710 0.178566 0.049603
v -0.005710 0.197214 0.045712
v -0.042847 0.178566 0.034220
v -0.054231 0.178566 0.017182
v -0.058229 0.178566 -0.002917
v -0.005710 0.203949 -0.052434
v -0.005710 0.220858 -0.047859
v 0.050273 0.033501 -0.002917
v 0.049285 0.035863 -0.002917
v 0.045112 0.035361 -0.023968
v 0.046011 0.032973 -0.024340
v 0.050273 0.024310 -0.002917
v 0.046011 0.032973 0.018507
v 0.045112 0.035361 0.018135
v 0.041521 0.034147 0.028100
v 0.042812 0.036764 0.017182
v 0.031427 0.036764 0.034220
v 0.046809 0.036764 -0.002917
v 0.042812 0.036764 -0.023015
v 0.041519 0.034147 -0.033935
v 0.031427 0.036764 -0.040053
v 0.039390 0.032299 -0.048196
v 0.042870 0.032995 -0.040332
v 0.043059 0.031746 -0.032927
v 0.045354 0.029418 -0.041783
v 0.041803 0.028663 -0.050592
v 0.046809 0.024310 -0.042306
v 0.044184 0.024310 -0.030489
v 0.046011 0.024310 -0.024340
v 0.044184 0.017950 -0.030489
v 0.043879 0.015756 -0.023813
v 0.046011 0.017950 -0.024340
v 0.041918 0.015756 -0.030410
v 0.046809 0.017950 -0.042306
v 0.044514 0.015756 -0.042092
v 0.041200 0.015756 -0.049826
v 0.042870 0.017950 -0.051497
v 0.042870 0.024310 -0.051497
v 0.048121 0.015756 -0.002917
v 0.050273 0.017950 -0.002917
v 0.046011 0.017950 0.018507
v 0.048121 0.015756 -0.002917
v 0.043879 0.015756 0.017979
v 0.041918 0.015756 0.024576
v 0.044184 0.017950 0.024656
v 0.044514 0.015756 0.036259
v 0.046809 0.017950 0.036473
v 0.044184 0.024310 0.024656
v 0.046011 0.024310 0.018507
v 0.046809 0.024310 0.036473
v 0.045157 0.029438 0.035755
v 0.041965 0.028663 0.044596
v 0.042870 0.024310 0.045664
v 0.042870 0.017950 0.045664
v 0.041200 0.015756 0.043993
v 0.039569 0.032299 0.042183
v 0.042870 0.033032 0.034299
v 0.043059 0.031744 0.027094
v 0.025307 0.034147 -0.050148
v 0.015341 0.035361 -0.053739
v 0.015714 0.032973 -0.054638
v 0.024300 0.031744 -0.051686
v 0.031506 0.033032 -0.051497
v 0.014388 0.036764 -0.051438
v 0.031427 0.036764 -0.040053
v 0.039390 0.032299 -0.048196
v 0.041803 0.028663 -0.050592
v 0.032962 0.029438 -0.053784
v 0.021863 0.024310 -0.052810
v 0.033680 0.024310 -0.055436
v 0.042870 0.024310 -0.051497
v 0.033680 0.017950 -0.055436
v 0.021863 0.017950 -0.052810
v 0.015186 0.015756 -0.052506
v 0.021783 0.015756 -0.050545
v 0.015714 0.017950 -0.054638
v 0.033465 0.015756 -0.053141
v 0.015714 0.024310 -0.054638
v -0.005710 0.024310 -0.058899
v -0.005710 0.033501 -0.058899
v -0.005710 0.017950 -0.058899
v -0.027134 0.032973 -0.054638
v -0.027134 0.024310 -0.054638
v -0.033283 0.024310 -0.052810
v -0.027134 0.017950 -0.054638
v -0.033283 0.017950 -0.052810
v -0.026606 0.015756 -0.052506
v -0.033203 0.015756 -0.050545
v -0.045099 0.017950 -0.055436
v -0.044885 0.015756 -0.053141
v -0.045099 0.024310 -0.055436
v -0.053385 0.028663 -0.050430
v -0.054290 0.024310 -0.051497
v -0.044576 0.029418 -0.053981
v -0.043125 0.032995 -0.051497
v -0.035720 0.031746 -0.051685
v -0.050989 0.032299 -0.048017
v -0.042847 0.036764 -0.040054
v -0.025808 0.036764 -0.051438
v -0.036728 0.034147 -0.050146
v -0.026761 0.035361 -0.053739
v -0.005710 0.035863 -0.057911
v -0.005710 0.036764 -0.055436
v -0.054290 0.017950 -0.051497
v -0.052619 0.015756 -0.049826
v -0.005710 0.015756 -0.056747
v -0.005710 0.015756 -0.056747
v 0.041200 0.015756 -0.049826
v 0.042870 0.017950 -0.051497
v 0.045637 0.015756 -0.002917
v 0.048121 0.015756 -0.002917
v 0.043879 0.015756 -0.023813
v 0.041423 0.015756 -0.023205
v 0.041423 0.015756 0.017371
v 0.043879 0.015756 0.017979
v 0.048121 0.015756 -0.002917
v -0.005710 0.015756 -0.002917
v -0.057057 0.015756 -0.002917
v -0.052843 0.015756 0.017371
v -0.050880 0.015756 0.024490
v 0.039460 0.015756 0.024490
v 0.039528 0.015756 0.042322
v 0.021697 0.015756 0.042253
v 0.014578 0.015756 0.044216
v -0.005710 0.015756 0.048430
v -0.025998 0.015756 0.044216
v -0.033117 0.015756 0.042253
v -0.050948 0.015756 0.042321
v -0.050879 0.015756 -0.030323
v -0.052843 0.015756 -0.023205
v -0.050948 0.015756 -0.048155
v -0.033117 0.015756 -0.048086
v -0.025998 0.015756 -0.050050
v -0.005710 0.015756 -0.054263
v 0.014578 0.015756 -0.050050
v 0.021697 0.015756 -0.048086
v 0.039528 0.015756 -0.048155
v 0.039460 0.015756 -0.030323
v 0.042103 0.015756 -0.041867
v 0.044514 0.015756 -0.042092
v 0.039460 0.015756 -0.030323
v 0.041918 0.015756 -0.030410
v 0.041200 0.015756 -0.049826
v 0.033465 0.015756 -0.053141
v 0.033240 0.015756 -0.050730
v 0.021783 0.015756 -0.050545
v 0.015186 0.015756 -0.052506
v -0.005710 0.015756 -0.054263
v -0.005710 0.015756 -0.056747
v -0.044660 0.015756 -0.050730
v -0.053523 0.015756 -0.041867
v -0.055934 0.015756 -0.042092
v -0.050948 0.015756 -0.048155
v -0.053338 0.015756 -0.030410
v -0.055299 0.015756 -0.023813
v -0.059541 0.015756 -0.002917
v -0.044660 0.015756 -0.050730
v -0.044885 0.015756 -0.053141
v -0.052619 0.015756 -0.049826
v -0.033203 0.015756 -0.050545
v -0.033117 0.015756 -0.048086
v -0.025998 0.015756 -0.050050
v -0.026606 0.015756 -0.052506
v -0.005710 0.015756 -0.054263
v -0.005710 0.015756 -0.056747
v -0.055934 0.015756 0.036258
v -0.052619 0.015756 0.043993
v -0.053523 0.015756 0.036033
v -0.044885 0.015756 0.047307
v -0.044660 0.015756 0.044896
v -0.033203 0.015756 0.044711
v -0.026606 0.015756 0.046672
v -0.025998 0.015756 0.044216
v -0.005710 0.015756 0.048430
v -0.005710 0.015756 0.050914
v -0.053338 0.015756 0.024576
v -0.055299 0.015756 0.017979
v -0.059541 0.015756 -0.002917
v 0.033240 0.015756 0.044896
v 0.042103 0.015756 0.036033
v 0.044514 0.015756 0.036259
v 0.039528 0.015756 0.042322
v 0.041918 0.015756 0.024576
v 0.033240 0.015756 0.044896
v 0.033465 0.015756 0.047307
v 0.041200 0.015756 0.043993
v 0.021783 0.015756 0.044711
v 0.021697 0.015756 0.042253
v 0.014578 0.015756 0.044216
v 0.015186 0.015756 0.046673
v -0.005710 0.015756 0.048430
v -0.005710 0.015756 0.050914
v -0.056532 0.035361 -0.023968
v -0.057431 0.032973 -0.024340
v -0.052941 0.034147 -0.033934
v -0.060705 0.035863 -0.002917
v -0.061693 0.033501 -0.002917
v -0.054231 0.036764 -0.023015
v -0.042847 0.036764 -0.040054
v -0.058229 0.036764 -0.002917
v -0.054231 0.036764 0.017182
v -0.056532 0.035361 0.018135
v -0.042847 0.036764 0.034220
v -0.052939 0.034147 0.028101
v -0.054479 0.031746 0.027094
v -0.057431 0.032973 0.018507
v -0.054290 0.032995 0.034498
v -0.056774 0.029418 0.035949
v -0.050810 0.032299 0.042363
v -0.053223 0.028663 0.044759
v -0.058229 0.024310 0.036473
v -0.054290 0.024310 0.045664
v -0.054290 0.017950 0.045664
v -0.058229 0.017950 0.036473
v -0.052619 0.015756 0.043993
v -0.055934 0.015756 0.036258
v -0.055603 0.017950 0.024656
v -0.053338 0.015756 0.024576
v -0.055299 0.015756 0.017979
v -0.057431 0.017950 0.018507
v -0.055603 0.024310 0.024656
v -0.057431 0.024310 0.018507
v -0.061693 0.024310 -0.002917
v -0.061693 0.017950 -0.002917
v -0.059541 0.015756 -0.002917
v -0.057431 0.017950 -0.024340
v -0.059541 0.015756 -0.002917
v -0.055299 0.015756 -0.023813
v -0.055603 0.017950 -0.030489
v -0.057431 0.024310 -0.024340
v -0.055603 0.024310 -0.030489
v -0.054479 0.031744 -0.032927
v -0.058229 0.024310 -0.042306
v -0.056577 0.029438 -0.041588
v -0.054290 0.033032 -0.040132
v -0.050989 0.032299 -0.048017
v -0.053385 0.028663 -0.050430
v -0.054290 0.024310 -0.051497
v -0.058229 0.017950 -0.042306
v -0.054290 0.017950 -0.051497
v -0.052619 0.015756 -0.049826
v -0.055934 0.015756 -0.042092
v -0.053338 0.015756 -0.030410
v -0.035720 0.031744 0.045852
v -0.036727 0.034147 0.044314
v -0.027134 0.032973 0.048805
v -0.044382 0.029438 0.047950
v -0.042926 0.033032 0.045664
v -0.033283 0.024310 0.046977
v -0.027134 0.024310 0.048805
v -0.045099 0.024310 0.049603
v -0.033283 0.017950 0.046977
v -0.033203 0.015756 0.044711
v -0.026606 0.015756 0.046672
v -0.027134 0.017950 0.048805
v -0.044885 0.015756 0.047307
v -0.045099 0.017950 0.049603
v -0.052619 0.015756 0.043993
v -0.054290 0.017950 0.045664
v -0.054290 0.024310 0.045664
v -0.053223 0.028663 0.044759
v -0.050810 0.032299 0.042363
v -0.042847 0.036764 0.034220
v -0.025808 0.036764 0.045605
v -0.026761 0.035361 0.047905
v -0.005710 0.035863 0.052078
v -0.005710 0.036764 0.049603
v 0.014388 0.036764 0.045605
v 0.015341 0.035361 0.047906
v 0.031427 0.036764 0.034220
v 0.025308 0.034147 0.044313
v 0.015714 0.032973 0.048805
v 0.024300 0.031746 0.045852
v 0.031705 0.032995 0.045664
v 0.033156 0.029418 0.048148
v 0.039569 0.032299 0.042183
v 0.041965 0.028663 0.044596
v 0.033680 0.024310 0.049603
v 0.042870 0.024310 0.045664
v 0.033680 0.017950 0.049603
v 0.042870 0.017950 0.045664
v 0.041200 0.015756 0.043993
v 0.033465 0.015756 0.047307
v 0.021863 0.017950 0.046977
v 0.021783 0.015756 0.044711
v 0.015186 0.015756 0.046673
v 0.015714 0.017950 0.048805
v -0.005710 0.015756 0.050914
v -0.005710 0.017950 0.053066
v -0.005710 0.015756 0.050914
v -0.005710 0.024310 0.053066
v 0.015714 0.024310 0.048805
v 0.021863 0.024310 0.046977
v -0.005710 0.033501 0.053066
v -0.054837 0.146122 -0.008488
v -0.060681 0.148509 -0.010875
v -0.060681 0.146122 -0.008488
v -0.054837 0.148509 -0.010875
v -0.054837 0.167966 -0.010875
v -0.061774 0.167966 -0.010875
v -0.060164 0.173086 -0.010875
v -0.054837 0.173086 -0.010875
v -0.060164 0.187238 -0.010875
v -0.054837 0.187238 -0.010875
v -0.060164 0.189625 -0.008488
v -0.054837 0.189625 -0.008488
v -0.061852 0.188926 -0.008488
v -0.062551 0.187238 -0.008488
v -0.062551 0.173086 -0.008488
v -0.062551 0.187238 0.002654
v -0.061852 0.188926 -0.008488
v -0.061852 0.188926 0.002654
v -0.060164 0.189625 -0.008488
v -0.060164 0.189625 0.002654
v -0.054837 0.189625 -0.008488
v -0.054837 0.189625 0.002654
v -0.060164 0.173086 0.005041
v -0.062551 0.173086 0.002654
v -0.060164 0.187238 0.005041
v -0.061852 0.188926 0.002654
v -0.060164 0.189625 0.002654
v -0.054837 0.189625 0.002654
v -0.054837 0.187238 0.005041
v -0.054837 0.173086 0.005041
v -0.054837 0.167966 0.005041
v -0.061774 0.167966 0.005041
v -0.060681 0.148509 0.005041
v -0.054837 0.148509 0.005041
v -0.060681 0.146122 0.002654
v -0.054837 0.146122 0.002654
v -0.062369 0.146821 0.002654
v -0.063069 0.148509 0.002654
v -0.062369 0.146821 0.002654
v -0.063069 0.148509 -0.008488
v -0.064161 0.167966 0.002654
v -0.064161 0.167966 -0.008488
v -0.062369 0.146821 -0.008488
v -0.062369 0.146821 -0.008488
v -0.060681 0.146122 0.002654
v -0.060681 0.146122 -0.008488
v -0.054837 0.146122 0.002654
v -0.054837 0.146122 -0.008488
v -0.020153 0.013448 0.096552
v -0.020153 0.015756 0.102122
v -0.050351 0.013091 0.099880
v -0.050351 0.011606 0.098394
v -0.065499 0.013091 0.099880
v -0.065499 0.011606 0.098394
v -0.050351 0.013091 0.100623
v -0.065630 0.013091 0.100623
v -0.052977 0.009749 0.103965
v -0.066812 0.009749 0.103965
v -0.067993 0.006406 0.107307
v -0.050351 0.006406 0.107307
v -0.050351 0.005664 0.107307
v -0.068125 0.005664 0.107307
v -0.050351 0.004178 0.105822
v -0.068125 0.004178 0.105822
v -0.020153 0.002307 0.107693
v -0.020153 0.007878 0.110000
v -0.020153 0.013448 0.107693
v -0.020153 0.002307 0.107693
v -0.020153 0.000000 0.102122
v -0.050351 0.002693 0.104336
v -0.050351 0.004178 0.105822
v -0.068125 0.002693 0.104336
v -0.068125 0.004178 0.105822
v -0.067993 0.002693 0.103594
v -0.050351 0.002693 0.103594
v -0.052977 0.006035 0.100251
v -0.066812 0.006035 0.100251
v -0.065630 0.009377 0.096909
v -0.050351 0.009377 0.096909
v -0.065499 0.010120 0.096909
v -0.050351 0.010120 0.096909
v -0.050351 0.011606 0.098394
v -0.065499 0.011606 0.098394
v -0.020153 0.013448 0.096552
v -0.020153 0.007878 0.094244
v -0.020153 0.002307 0.096552
v -0.066812 0.007892 0.102108
v -0.068125 0.004178 0.105822
v -0.068125 0.002693 0.104336
v -0.068125 0.005664 0.107307
v -0.065630 0.013091 0.100623
v -0.066812 0.009749 0.103965
v -0.065499 0.013091 0.099880
v -0.066812 0.006035 0.100251
v -0.065630 0.009377 0.096909
v -0.065499 0.010120 0.096909
v -0.067993 0.006406 0.107307
v -0.065499 0.011606 0.098394
v -0.067993 0.002693 0.103594
v -0.002925 0.168406 0.063260
v 0.001299 0.164567 0.058006
v 0.000675 0.163943 0.063260
v -0.003084 0.168397 0.058006
v -0.002925 0.167974 0.064046
v -0.005710 0.168726 0.063260
v -0.005710 0.168294 0.064046
v -0.005710 0.168726 0.058006
v -0.005710 0.173052 0.048290
v 0.006276 0.172020 0.046559
v 0.010644 0.165843 0.045664
v 0.004202 0.157558 0.058006
v 0.010644 0.149273 0.045664
v 0.001299 0.150549 0.058006
v 0.005719 0.142671 0.046559
v -0.005710 0.141639 0.048290
v -0.005710 0.147646 0.058006
v 0.000675 0.151173 0.063260
v -0.005710 0.148528 0.063260
v -0.000139 0.151988 0.065358
v -0.005710 0.149680 0.065358
v 0.002168 0.157558 0.065358
v 0.003320 0.157558 0.063260
v -0.000139 0.163129 0.065358
v -0.005710 0.165436 0.065358
v -0.005710 0.168726 0.063260
v -0.008495 0.168406 0.063260
v -0.008336 0.168397 0.058006
v -0.005710 0.168726 0.058006
v -0.008495 0.167974 0.064046
v -0.005710 0.168294 0.064046
v -0.005710 0.165436 0.065358
v -0.011280 0.163129 0.065358
v -0.013588 0.157558 0.065358
v -0.014740 0.157558 0.063260
v -0.012095 0.163943 0.063260
v -0.015622 0.157558 0.058006
v -0.012719 0.164567 0.058006
v -0.022064 0.165843 0.045664
v -0.022064 0.149273 0.045664
v -0.017696 0.172020 0.046559
v -0.005710 0.173052 0.048290
v -0.017139 0.142671 0.046559
v -0.012719 0.150549 0.058006
v -0.012095 0.151173 0.063260
v -0.005710 0.147646 0.058006
v -0.005710 0.141639 0.048290
v -0.005710 0.148528 0.063260
v -0.011280 0.151988 0.065358
v -0.005710 0.149680 0.065358
v -0.007261 0.148250 0.079770
v -0.001732 0.150519 0.080569
v -0.005710 0.149680 0.065358
v -0.011237 0.144435 0.087599
v -0.006295 0.146147 0.090600
v -0.012812 0.150574 0.079412
v -0.011280 0.151988 0.065358
v -0.015135 0.156131 0.079706
v -0.013588 0.157558 0.065358
v -0.012868 0.161664 0.080479
v -0.011280 0.163129 0.065358
v -0.007339 0.163933 0.081278
v -0.005710 0.165436 0.065358
v -0.001787 0.161608 0.081636
v -0.000139 0.163129 0.065358
v 0.002168 0.157558 0.065358
v -0.000139 0.151988 0.065358
v 0.000535 0.156052 0.081342
v -0.001732 0.150519 0.080569
v -0.004607 0.151130 0.093545
v -0.007162 0.156465 0.094711
v -0.016596 0.147056 0.102605
v -0.012463 0.159028 0.093413
v -0.021263 0.150244 0.100504
v -0.017406 0.157317 0.090413
v -0.024623 0.150091 0.095500
v -0.019094 0.152334 0.087468
v -0.016539 0.146998 0.086302
v -0.024708 0.146687 0.090524
v -0.021468 0.142026 0.088491
v -0.032642 0.138318 0.090318
v -0.034221 0.140013 0.095884
v -0.032458 0.138527 0.101455
v -0.045810 0.127202 0.091752
v -0.043211 0.126606 0.086344
v -0.038714 0.123261 0.084121
v -0.051043 0.108821 0.076175
v -0.055853 0.111810 0.078244
v -0.059034 0.111746 0.083366
v -0.058721 0.108667 0.088541
v -0.073537 0.090283 0.075949
v -0.073561 0.093710 0.070988
v -0.089216 0.069501 0.059662
v -0.089066 0.073151 0.054865
v -0.070026 0.094201 0.066128
v -0.065002 0.091469 0.064217
v -0.080111 0.071418 0.048468
v -0.085294 0.073945 0.050228
v -0.091580 0.053151 0.028873
v -0.097089 0.055211 0.030203
v -0.101368 0.053686 0.034168
v -0.101910 0.049472 0.038445
v -0.107575 0.033598 0.012449
v -0.106629 0.038614 0.009239
v -0.106093 0.021996 -0.015560
v -0.105080 0.027520 -0.017753
v -0.101816 0.041199 0.006688
v -0.095955 0.039841 0.006292
v -0.100167 0.030852 -0.018813
v -0.094233 0.030040 -0.018118
v -0.090754 0.025559 -0.016075
v -0.091767 0.020034 -0.013882
v -0.092480 0.035334 0.008281
v -0.093425 0.030318 0.011492
v -0.088069 0.048715 0.030956
v -0.088611 0.044500 0.035234
v -0.076552 0.067050 0.050615
v -0.076702 0.063400 0.055412
v -0.061433 0.087113 0.066373
v -0.061409 0.083687 0.071334
v -0.047421 0.104529 0.078370
v -0.047109 0.101450 0.083545
v -0.034954 0.119126 0.086384
v -0.034133 0.116624 0.091808
v -0.022810 0.129149 0.095899
v -0.024573 0.130635 0.090328
v -0.013441 0.138991 0.095596
v -0.016801 0.138838 0.090592
v -0.028646 0.134433 0.088016
v -0.102614 0.017515 -0.013518
v -0.104099 0.029091 0.014439
v -0.098238 0.027732 0.014042
v -0.096680 0.016703 -0.012823
v -0.093425 0.030318 0.011492
v -0.091767 0.020034 -0.013882
v -0.088611 0.044500 0.035234
v -0.092890 0.042976 0.039199
v -0.076702 0.063400 0.055412
v -0.080474 0.062606 0.060048
v -0.061409 0.083687 0.071334
v -0.064945 0.083196 0.076193
v -0.047109 0.101450 0.083545
v -0.050290 0.101386 0.088667
v -0.034133 0.116624 0.091808
v -0.036733 0.117220 0.097216
v -0.024389 0.130844 0.101466
v -0.022810 0.129149 0.095899
v -0.013441 0.138991 0.095596
v -0.006295 0.146147 0.090600
v -0.013356 0.142395 0.100572
v -0.028385 0.134729 0.103767
v -0.041230 0.120565 0.099439
v -0.044990 0.124699 0.097176
v -0.055100 0.104375 0.090736
v -0.069968 0.085928 0.078105
v -0.085657 0.065133 0.061809
v -0.098399 0.045035 0.040529
v -0.000139 0.151988 0.065358
v -0.091767 0.020034 -0.013882
v -0.090754 0.025559 -0.016075
v -0.084126 0.013008 -0.038884
v -0.083259 0.018812 -0.040269
v -0.070390 0.014567 -0.062291
v -0.071009 0.008625 -0.061479
v -0.052643 0.012273 -0.080103
v -0.052991 0.006270 -0.079650
v -0.030565 0.011341 -0.091792
v -0.030686 0.005319 -0.091512
v -0.004532 0.005151 -0.095407
v -0.004523 0.011176 -0.095648
v 0.021327 0.005160 -0.092032
v 0.021356 0.011184 -0.092274
v 0.042481 0.005160 -0.083614
v 0.042569 0.011184 -0.083841
v 0.059161 0.005160 -0.071185
v 0.059305 0.011184 -0.071383
v 0.072215 0.011184 -0.055781
v 0.072029 0.005160 -0.055624
v 0.081755 0.011184 -0.037847
v 0.081540 0.005160 -0.037731
v 0.088221 0.011184 -0.018487
v 0.087990 0.005160 -0.018409
v 0.092418 0.015272 -0.019912
v 0.098122 0.015028 -0.021849
v 0.085652 0.015272 -0.039957
v 0.090950 0.015028 -0.042825
v 0.075601 0.015272 -0.058642
v 0.080203 0.015028 -0.062530
v 0.061910 0.015272 -0.074968
v 0.065452 0.015028 -0.079842
v 0.044166 0.015272 -0.087975
v 0.046338 0.015028 -0.093595
v 0.021881 0.015272 -0.096675
v 0.022594 0.015028 -0.102657
v -0.005210 0.015269 -0.100023
v -0.006190 0.015032 -0.105967
v -0.032529 0.015466 -0.095727
v -0.035428 0.015279 -0.101010
v -0.055450 0.016470 -0.083398
v -0.059768 0.016403 -0.087605
v -0.073642 0.018863 -0.064998
v -0.078860 0.018994 -0.068016
v -0.086696 0.023210 -0.042550
v -0.092422 0.023626 -0.044391
v -0.094233 0.030040 -0.018118
v -0.100167 0.030852 -0.018813
v -0.105080 0.027520 -0.017753
v -0.097084 0.019817 -0.044714
v -0.097951 0.014013 -0.043329
v -0.082987 0.014886 -0.069577
v -0.083607 0.008943 -0.068766
v -0.063068 0.012111 -0.090261
v -0.063416 0.006109 -0.089808
v -0.037563 0.010888 -0.104549
v -0.037683 0.004866 -0.104268
v -0.006896 0.004580 -0.109759
v -0.006888 0.010604 -0.110000
v 0.023050 0.004572 -0.106474
v 0.023079 0.010596 -0.106716
v 0.047723 0.004572 -0.097181
v 0.047811 0.010596 -0.097408
v 0.067712 0.004572 -0.082951
v 0.067855 0.010596 -0.083148
v 0.083326 0.010596 -0.065168
v 0.083140 0.004572 -0.065011
v 0.094545 0.010596 -0.044772
v 0.094331 0.004572 -0.044656
v 0.101993 0.010596 -0.023164
v 0.101762 0.004572 -0.023085
v 0.090433 0.000484 -0.042545
v 0.097566 0.000484 -0.021660
v 0.085135 0.000727 -0.039677
v 0.091861 0.000727 -0.019723
v 0.087990 0.005160 -0.018409
v 0.081540 0.005160 -0.037731
v 0.072029 0.005160 -0.055624
v 0.059161 0.005160 -0.071185
v 0.075152 0.000727 -0.058262
v 0.061564 0.000727 -0.074492
v 0.079754 0.000484 -0.062150
v 0.065106 0.000484 -0.079366
v 0.046126 0.000484 -0.093046
v 0.043955 0.000727 -0.087427
v 0.042481 0.005160 -0.083614
v 0.021811 0.000727 -0.096091
v -0.005230 0.000724 -0.099440
v -0.004532 0.005151 -0.095407
v 0.021327 0.005160 -0.092032
v 0.022525 0.000484 -0.102073
v -0.006210 0.000487 -0.105384
v -0.035719 0.000741 -0.100334
v -0.032821 0.000929 -0.095050
v -0.056290 0.001979 -0.082305
v -0.052991 0.006270 -0.079650
v -0.030686 0.005319 -0.091512
v -0.071009 0.008625 -0.061479
v -0.084126 0.013008 -0.038884
v -0.075137 0.004516 -0.063040
v -0.088788 0.009198 -0.039207
v -0.080355 0.004648 -0.066058
v -0.060608 0.001912 -0.086513
v -0.094515 0.009614 -0.041048
v -0.102614 0.017515 -0.013518
v -0.096680 0.016703 -0.012823
v -0.106093 0.021996 -0.015560
v -0.091767 0.020034 -0.013882
v 0.091887 0.011184 0.001274
v 0.091648 0.005160 0.001320
v 0.087990 0.005160 -0.018409
v 0.088221 0.011184 -0.018487
v 0.093060 0.011184 0.020349
v 0.096242 0.015272 0.000450
v 0.097483 0.015272 0.020065
v 0.103495 0.015028 0.019678
v 0.100273 0.015028 0.039080
v 0.094506 0.015272 0.037338
v 0.091447 0.015028 0.055886
v 0.086122 0.015272 0.053068
v 0.090263 0.011184 0.036057
v 0.090029 0.005160 0.035987
v 0.082205 0.011184 0.050994
v 0.081989 0.005160 0.050880
v 0.070270 0.005160 0.063438
v 0.070450 0.011184 0.063601
v 0.055850 0.011487 0.074612
v 0.055549 0.005478 0.074212
v 0.039578 0.012120 0.083788
v 0.039087 0.006184 0.082854
v 0.022874 0.012880 0.090846
v 0.022266 0.007112 0.089199
v 0.006996 0.013259 0.095161
v 0.006534 0.007615 0.093090
v -0.005710 0.013448 0.095925
v -0.005710 0.007878 0.093618
v -0.005710 0.015756 0.101496
v -0.005710 0.013448 0.107066
v 0.008395 0.015750 0.100471
v 0.009910 0.013630 0.105908
v 0.024838 0.015718 0.095790
v 0.027009 0.013963 0.101134
v 0.041944 0.015571 0.088129
v 0.044799 0.014516 0.093334
v 0.058618 0.015381 0.078289
v 0.062232 0.014881 0.083090
v 0.073731 0.015272 0.066582
v 0.078191 0.015028 0.070633
v 0.081216 0.010596 0.073381
v 0.064575 0.010278 0.086201
v 0.081036 0.004572 0.073217
v 0.064274 0.004269 0.085801
v 0.046470 0.009572 0.096354
v 0.045978 0.003636 0.095420
v 0.028114 0.008643 0.103748
v 0.027506 0.002875 0.102101
v 0.010655 0.008141 0.108288
v 0.010193 0.002497 0.106216
v -0.005710 0.007878 0.109374
v -0.005710 0.002307 0.107066
v 0.008795 0.000006 0.100907
v -0.005710 0.000000 0.101496
v 0.007279 0.002125 0.095470
v -0.005710 0.002307 0.095925
v 0.006534 0.007615 0.093090
v -0.005710 0.007878 0.093618
v 0.022266 0.007112 0.089199
v 0.039087 0.006184 0.082854
v 0.023371 0.001793 0.091813
v 0.040758 0.001240 0.085874
v 0.025541 0.000038 0.097157
v 0.043612 0.000184 0.091079
v 0.061505 0.000374 0.082124
v 0.057892 0.000875 0.077323
v 0.073296 0.000727 0.066186
v 0.070270 0.005160 0.063438
v 0.055549 0.005478 0.074212
v 0.081989 0.005160 0.050880
v 0.085602 0.000727 0.052793
v 0.090029 0.005160 0.035987
v 0.093943 0.000727 0.037168
v 0.096896 0.000727 0.020102
v 0.092817 0.005160 0.020365
v 0.091648 0.005160 0.001320
v 0.095665 0.000727 0.000560
v 0.087990 0.005160 -0.018409
v 0.091861 0.000727 -0.019723
v 0.101584 0.000484 -0.000560
v 0.097566 0.000484 -0.021660
v 0.105939 0.004572 -0.001384
v 0.101762 0.004572 -0.023085
v 0.106179 0.010596 -0.001429
v 0.101993 0.010596 -0.023164
v 0.098122 0.015028 -0.021849
v 0.092418 0.015272 -0.019912
v 0.102162 0.015028 -0.000669
v 0.107575 0.010596 0.019416
v 0.107332 0.004572 0.019431
v 0.103953 0.004572 0.040191
v 0.104186 0.010596 0.040261
v 0.094844 0.004572 0.057685
v 0.095059 0.010596 0.057799
v 0.099710 0.000484 0.038910
v 0.090927 0.000484 0.055611
v 0.077755 0.000484 0.070237
v 0.102908 0.000484 0.019716
v 0.092817 0.005160 0.020365
vn 0.9799 0.1678 -0.1077
vn 0.9189 0.0074 -0.3945
vn 0.9799 0.1678 0.1077
vn 0.9189 0.0074 0.3945
vn 0.6517 0.4350 -0.6213
vn 0.1628 0.0370 -0.9860
vn 0.1066 0.9640 -0.2437
vn -0.7660 0.1577 -0.6233
vn -0.7660 0.1576 0.6233
vn 0.1066 0.9640 -0.2436
vn 0.1066 0.9640 0.2436
vn 0.1066 0.9640 0.2437
vn 0.1628 0.0370 0.9860
vn -0.7660 0.1577 0.6233
vn 0.6518 0.4350 0.6213
vn -0.1431 0.1431 0.9793
vn -0.2071 0.9685 0.1379
vn -0.7040 0.7040 0.0935
vn 0.0001 0.2024 0.9793
vn -0.2024 -0.0000 0.9793
vn -0.9956 -0.0000 0.0933
vn 0.6674 0.6598 0.3453
vn 0.1432 0.1431 0.9793
vn 0.9626 -0.2252 0.1506
vn 0.2024 -0.0000 0.9793
vn 0.1431 -0.1432 0.9793
vn 0.7040 -0.7041 0.0933
vn -0.0000 -0.9956 0.0933
vn -0.0001 -0.2024 0.9793
vn -0.1431 -0.1431 0.9793
vn -0.7040 -0.7040 0.0934
vn -0.1431 0.1431 -0.9793
vn -0.2024 -0.0000 -0.9793
vn -0.7040 0.7040 -0.0935
vn -0.9956 -0.0000 -0.0933
vn -0.0000 0.2024 -0.9793
vn -0.2071 0.9686 -0.1379
vn 0.1431 0.1431 -0.9793
vn 0.6673 0.6598 -0.3453
vn 0.9626 -0.2251 -0.1506
vn 0.2024 -0.0000 -0.9793
vn 0.1431 -0.1431 -0.9793
vn 0.7041 -0.7040 -0.0934
vn -0.0000 -0.9956 -0.0933
vn -0.0000 -0.2024 -0.9793
vn -0.1431 -0.1431 -0.9793
vn -0.7040 -0.7041 -0.0934
vn 0.7040 -0.7040 0.0934
vn 0.7040 -0.7040 -0.0934
vn 0.9626 -0.2251 0.1506
vn 0.9626 -0.2250 -0.1506
vn -0.0000 -0.9956 0.0934
vn -0.0000 -0.9956 -0.0934
vn -0.7040 -0.7040 -0.0934
vn -0.9956 -0.0000 0.0934
vn -0.9956 -0.0000 -0.0934
vn -0.0000 -0.0000 1.0000
vn -0.0000 -0.0000 -1.0000
vn 0.6517 0.4350 0.6213
vn 0.6518 0.4350 -0.6213
vn 0.6674 0.6598 -0.3453
vn 0.7068 0.0296 -0.7068
vn 0.7063 0.0156 -0.7077
vn 0.9235 0.0222 -0.3830
vn 0.9233 0.0139 -0.3838
vn 0.3830 0.0222 -0.9235
vn 0.3821 0.0169 -0.9240
vn -0.0000 0.0198 -0.9998
vn -0.0000 0.0174 -0.9998
vn -0.3830 0.0222 -0.9235
vn -0.3821 0.0169 -0.9240
vn -0.7068 0.0297 -0.7068
vn -0.7063 0.0156 -0.7077
vn -0.9235 0.0222 -0.3830
vn -0.9233 0.0139 -0.3838
vn -0.9998 0.0198 -0.0000
vn -0.9999 0.0125 -0.0011
vn -0.9235 0.0222 0.3830
vn -0.9242 0.0116 0.3819
vn -0.7068 0.0297 0.7068
vn -0.7075 0.0114 0.7067
vn -0.3830 0.0222 0.9235
vn -0.3829 0.0115 0.9237
vn -0.0001 0.0198 0.9998
vn -0.0001 0.0115 0.9999
vn 0.0001 0.0115 0.9999
vn 0.3830 0.0222 0.9235
vn 0.3829 0.0115 0.9237
vn 0.0001 0.0198 0.9998
vn 0.7068 0.0297 0.7068
vn 0.7075 0.0114 0.7067
vn 0.9235 0.0222 0.3830
vn 0.9242 0.0116 0.3819
vn 0.9998 0.0198 -0.0000
vn 0.9999 0.0125 -0.0011
vn 0.2391 -0.0933 0.9665
vn 0.0001 -0.1005 0.9949
vn -0.0000 -0.9848 0.1737
vn 0.0992 -0.9806 0.1690
vn 0.7004 -0.7004 0.1370
vn 0.7004 -0.7004 -0.1370
vn 0.9808 -0.0859 0.1751
vn 0.9808 -0.0859 -0.1750
vn 0.0993 -0.9806 -0.1689
vn 0.0993 -0.9806 0.1690
vn 0.2737 0.1122 0.9553
vn 0.9805 0.0834 0.1782
vn 0.9840 0.0470 0.1718
vn 0.2714 0.0204 0.9622
vn -0.0000 0.1429 0.9897
vn 0.1066 0.9799 0.1686
vn -0.0000 0.9848 0.1737
vn 0.7004 0.7004 0.1370
vn 0.7005 0.7004 -0.1370
vn 0.1066 0.9799 0.1685
vn 0.1066 0.9799 -0.1685
vn 0.9840 0.0470 -0.1718
vn -0.0000 0.9848 -0.1737
vn 0.1066 0.9799 -0.1686
vn 0.2737 0.1122 -0.9553
vn -0.0001 0.1430 -0.9897
vn 0.2714 0.0203 -0.9623
vn 0.9804 0.0834 -0.1782
vn 0.0992 -0.9806 -0.1690
vn -0.0000 -0.9848 -0.1737
vn -0.0000 -0.1005 -0.9949
vn 0.2391 -0.0933 -0.9665
vn 0.7004 -0.7004 0.1371
vn 0.7005 0.7004 0.1370
vn 0.7004 0.7005 -0.1370
vn 0.7004 -0.7004 -0.1371
vn 0.2853 0.0079 0.9584
vn 0.9857 0.0196 0.1671
vn 0.9858 0.0196 -0.1671
vn 0.2852 0.0079 -0.9584
vn -0.0507 0.7084 -0.7040
vn -0.0309 0.7015 -0.7120
vn -0.0679 0.0498 -0.9965
vn -0.0433 0.0001 -0.9991
vn -0.0005 0.9999 -0.0105
vn -0.0484 0.9978 -0.0453
vn 0.0304 0.7121 0.7014
vn -0.0501 0.7037 0.7087
vn -0.0301 -0.0504 0.9983
vn 0.0433 -0.0000 0.9991
vn -0.0263 -0.7047 0.7091
vn 0.0304 -0.7121 0.7014
vn -0.0489 -0.9973 0.0549
vn -0.0005 -0.9999 -0.0105
vn -0.0776 -0.7074 -0.7025
vn -0.0309 -0.7015 -0.7120
vn -0.0678 0.0497 -0.9965
vn -0.0433 -0.0001 -0.9991
vn -0.3945 0.0074 0.9189
vn -0.1077 0.1678 0.9799
vn 0.3945 0.0074 0.9189
vn -0.6213 0.4349 0.6518
vn -0.9860 0.0370 0.1628
vn -0.2437 0.9640 0.1066
vn -0.6233 0.1577 -0.7659
vn -0.3453 0.6598 0.6674
vn -0.1506 -0.2250 0.9626
vn 0.1506 -0.2250 0.9626
vn 0.1077 0.1678 0.9799
vn 0.0934 -0.7040 0.7040
vn -0.0934 -0.7040 0.7040
vn 0.6213 0.4349 0.6518
vn 0.3453 0.6598 0.6673
vn 0.9860 0.0370 0.1628
vn 0.2437 0.9640 0.1066
vn 0.6233 0.1577 -0.7659
vn 0.0934 -0.9956 -0.0000
vn -0.0934 -0.9956 -0.0000
vn 0.0934 -0.7040 -0.7040
vn -0.0934 -0.7040 -0.7040
vn -0.0934 -0.0000 -0.9956
vn 0.0934 -0.0000 -0.9956
vn 0.0936 0.7040 -0.7040
vn -0.0936 0.7040 -0.7040
vn -0.9793 -0.0000 -0.2025
vn -0.9793 0.1432 -0.1431
vn -0.1380 0.9686 -0.2071
vn -0.0933 -0.0000 -0.9956
vn -0.0933 -0.7040 -0.7041
vn -0.9793 -0.1431 -0.1432
vn -0.0933 -0.9956 -0.0000
vn -0.9793 -0.2025 -0.0000
vn -0.9793 -0.1432 0.1431
vn -0.0933 -0.7041 0.7040
vn -0.9793 -0.0000 0.2025
vn -0.1505 -0.2252 0.9626
vn -0.3453 0.6598 0.6673
vn -0.9793 0.1431 0.1432
vn -0.9793 0.2025 -0.0000
vn -1.0000 -0.0000 -0.0000
vn 0.1379 0.9686 -0.2070
vn -0.2436 0.9640 0.1066
vn 0.2436 0.9640 0.1066
vn -0.6213 0.4350 0.6517
vn 0.3453 0.6598 0.6674
vn 0.9793 0.1432 -0.1432
vn 0.9793 0.2025 -0.0000
vn 0.9793 0.1432 0.1432
vn 0.9793 -0.0000 0.2025
vn 0.1505 -0.2252 0.9626
vn 0.0933 -0.7040 0.7041
vn 0.9793 -0.1432 0.1432
vn 0.0933 -0.9956 -0.0000
vn 0.9793 -0.2025 -0.0000
vn 0.9793 -0.1432 -0.1432
vn 0.0933 -0.7041 -0.7040
vn 0.9793 -0.0000 -0.2025
vn 0.0933 -0.0000 -0.9956
vn 1.0000 -0.0000 -0.0000
vn -0.9627 -0.2250 -0.1506
vn -0.9799 0.1678 0.1077
vn -0.9799 0.1678 -0.1077
vn -0.9189 0.0074 -0.3945
vn -0.9189 0.0074 0.3945
vn -0.6517 0.4350 0.6213
vn -0.6674 0.6598 0.3453
vn -0.9626 -0.2250 0.1506
vn 0.9956 -0.0000 0.0934
vn 0.9956 -0.0000 -0.0934
vn 0.7040 0.7040 -0.0936
vn 0.2025 -0.0000 -0.9793
vn 0.1432 0.1432 -0.9793
vn 0.2070 0.9686 -0.1380
vn 0.7040 0.7040 0.0936
vn 0.9956 -0.0000 -0.0933
vn 0.2025 -0.0001 0.9793
vn 0.9956 -0.0000 0.0933
vn 0.2070 0.9686 0.1380
vn -0.0000 0.2025 0.9793
vn -0.1431 0.1432 0.9793
vn -0.6673 0.6598 0.3453
vn -0.1066 0.9640 0.2436
vn 0.7659 0.1577 0.6233
vn 0.7659 0.1576 -0.6233
vn -0.1066 0.9640 -0.2436
vn -0.6518 0.4349 0.6213
vn -0.6674 0.6598 -0.3453
vn -0.6517 0.4350 -0.6213
vn -0.9626 -0.2252 0.1505
vn -0.2025 -0.0000 0.9793
vn -0.1432 -0.1432 0.9793
vn -0.7041 -0.7040 0.0933
vn -0.0000 -0.2025 0.9793
vn 0.7041 -0.7040 -0.0933
vn 0.1432 -0.1432 -0.9793
vn -0.1432 -0.1432 -0.9793
vn 0.0001 -0.2025 -0.9793
vn -0.7040 -0.7041 -0.0933
vn -0.0001 0.2025 -0.9793
vn -0.1432 0.1432 -0.9793
vn -0.2025 -0.0000 -0.9793
vn -0.9626 -0.2252 -0.1506
vn -0.6675 0.6598 -0.3452
vn -0.1627 0.0370 -0.9860
vn -0.1066 0.9640 -0.2437
vn 0.7659 0.1577 -0.6233
vn -0.1627 0.0370 0.9860
vn -0.1066 0.9640 0.2437
vn 0.1077 0.1678 -0.9799
vn -0.1506 -0.2250 -0.9627
vn -0.1077 0.1678 -0.9799
vn -0.3945 0.0074 -0.9189
vn -0.6213 0.4349 -0.6518
vn -0.3453 0.6598 -0.6674
vn 0.1506 -0.2250 -0.9627
vn 0.0934 -0.0000 0.9956
vn -0.0934 -0.0000 0.9956
vn -0.0936 0.7040 0.7040
vn -0.0933 -0.0000 0.9956
vn -0.9793 0.1432 0.1432
vn -0.1379 0.9686 0.2070
vn 0.1380 0.9686 0.2071
vn 0.0936 0.7040 0.7040
vn 0.0933 -0.0000 0.9956
vn 0.1505 -0.2252 -0.9626
vn 0.9793 -0.1432 -0.1431
vn 0.9793 0.1431 -0.1432
vn 0.3453 0.6598 -0.6674
vn -0.2436 0.9640 -0.1066
vn 0.2436 0.9640 -0.1066
vn -0.6233 0.1577 0.7659
vn 0.6233 0.1577 0.7659
vn 0.6213 0.4350 -0.6517
vn -0.9793 0.1432 -0.1432
vn -0.3453 0.6598 -0.6673
vn -0.1505 -0.2252 -0.9626
vn -0.9793 -0.1432 -0.1432
vn -0.9793 -0.1432 0.1432
vn 0.3453 0.6598 -0.6673
vn 0.2437 0.9640 -0.1066
vn 0.9860 0.0370 -0.1627
vn 0.3945 0.0074 -0.9188
vn -0.9860 0.0370 -0.1628
vn -0.2437 0.9640 -0.1066
vn -0.0000 0.9712 0.2384
vn -0.0000 0.9976 0.0685
vn -0.0665 0.9947 0.0788
vn 0.0665 0.9947 0.0788
vn 0.1211 0.9857 0.1173
vn 0.1605 0.9723 0.1702
vn -0.1211 0.9857 0.1173
vn -0.1605 0.9723 0.1702
vn -0.1712 0.9568 0.2348
vn -0.1605 0.9406 0.2993
vn -0.1211 0.9280 0.3524
vn -0.0665 0.9181 0.3906
vn 0.0665 0.9181 0.3907
vn -0.0000 0.9160 0.4011
vn 0.1211 0.9280 0.3524
vn 0.1605 0.9406 0.2993
vn 0.1712 0.9568 0.2348
vn 0.3057 0.9235 0.2318
vn 0.2775 0.9531 0.1207
vn 0.2873 0.8929 0.3468
vn 0.4091 0.8287 0.3819
vn 0.4467 0.8678 0.2178
vn 0.4147 0.9085 0.0515
vn 0.8924 0.2947 -0.3417
vn 0.9574 0.2867 0.0332
vn 0.8649 0.3014 0.4014
vn 0.6354 0.3412 0.6927
vn 0.3098 0.7975 0.5178
vn 0.3275 0.3874 0.8618
vn 0.1660 0.7779 0.6060
vn 0.2230 0.8661 0.4473
vn 0.1218 0.8479 0.5160
vn -0.0000 0.7713 0.6365
vn -0.0000 0.8414 0.5405
vn -0.1218 0.8479 0.5160
vn -0.2230 0.8661 0.4473
vn -0.1661 0.7779 0.6061
vn -0.3275 0.3875 0.8617
vn -0.0000 0.4081 0.9129
vn -0.3098 0.7975 0.5178
vn -0.8649 0.3014 0.4014
vn -0.6354 0.3412 0.6927
vn -0.4091 0.8287 0.3819
vn -0.2873 0.8929 0.3468
vn -0.3057 0.9235 0.2318
vn -0.2775 0.9531 0.1207
vn -0.4466 0.8678 0.2178
vn -0.9574 0.2867 0.0332
vn -0.8924 0.2947 -0.3417
vn -0.4147 0.9085 0.0515
vn -0.2091 0.9774 0.0297
vn -0.3180 0.9438 -0.0901
vn -0.1120 0.9933 -0.0295
vn -0.0000 0.9988 -0.0500
vn -0.1702 0.9678 -0.1855
vn -0.0000 0.9760 -0.2179
vn -0.3702 0.3295 -0.8686
vn -0.6844 0.3131 -0.6585
vn -0.0000 0.3359 -0.9419
vn 0.3702 0.3295 -0.8686
vn 0.1722 0.9676 -0.1847
vn 0.6843 0.3131 -0.6585
vn 0.3180 0.9438 -0.0901
vn 0.2091 0.9774 0.0297
vn 0.1120 0.9933 -0.0295
vn 0.9120 0.1473 -0.3828
vn 0.6956 0.1598 -0.7004
vn 0.6844 0.3131 -0.6585
vn 0.9901 0.1400 -0.0049
vn 0.9575 0.2867 0.0332
vn 0.8650 0.3012 0.4014
vn 0.6355 0.3411 0.6927
vn 0.9157 0.1443 0.3751
vn 0.6995 0.1611 0.6963
vn 0.9241 0.0117 0.3819
vn 0.7075 0.0115 0.7067
vn 0.3829 0.0116 0.9237
vn 0.3772 0.1815 0.9082
vn 0.0001 0.0116 0.9999
vn 0.0001 0.1910 0.9816
vn 0.3275 0.3873 0.8618
vn 0.0001 0.4079 0.9130
vn 0.3755 0.1706 -0.9110
vn 0.0002 0.1748 -0.9846
vn 0.0001 0.3358 -0.9419
vn 0.0001 0.0174 -0.9998
vn -0.3755 0.1706 -0.9110
vn -0.0001 0.0174 -0.9998
vn -0.6956 0.1598 -0.7004
vn -0.9120 0.1473 -0.3828
vn -0.9575 0.2867 0.0332
vn -0.9901 0.1400 -0.0049
vn -0.8650 0.3012 0.4014
vn -0.9156 0.1441 0.3753
vn -0.6355 0.3411 0.6927
vn -0.3772 0.1815 0.9082
vn -0.6995 0.1611 0.6963
vn -0.3276 0.3873 0.8618
vn -0.3829 0.0116 0.9237
vn -0.0001 0.0116 0.9999
vn -0.0001 0.1910 0.9816
vn -0.0001 0.4079 0.9130
vn -0.7075 0.0115 0.7067
vn -0.9241 0.0118 0.3819
vn -0.0002 0.1748 -0.9846
vn -0.0002 0.3358 -0.9419
vn 0.6379 0.7364 0.2255
vn 0.9964 0.0848 -0.0000
vn 0.7372 0.6757 -0.0000
vn 0.6378 0.7364 -0.2255
vn 0.9682 0.0963 -0.2310
vn 0.9682 0.0963 0.2310
vn 0.4804 0.8523 0.2070
vn 0.7068 0.0298 0.7068
vn 0.9998 0.0200 -0.0000
vn 0.4796 0.8530 -0.2059
vn 0.7068 0.0298 -0.7067
vn 0.4848 0.8589 -0.1650
vn 0.3706 0.8489 -0.3770
vn 0.9644 0.2547 -0.0709
vn 0.9169 0.3910 -0.0801
vn 0.9978 0.0596 -0.0300
vn 0.6208 0.4586 -0.6359
vn 0.9913 0.1182 -0.0582
vn 0.9600 -0.2769 0.0413
vn 0.9754 0.0028 -0.2203
vn 0.4264 -0.8995 -0.0952
vn 0.3676 -0.9299 0.0145
vn 0.9474 -0.2416 -0.2098
vn 0.4935 -0.8694 -0.0248
vn 0.9723 -0.2265 -0.0582
vn 0.3642 -0.8572 -0.3641
vn 0.6902 -0.2182 -0.6900
vn 0.7006 0.1341 -0.7008
vn 0.4638 -0.8810 -0.0932
vn 0.9729 -0.2311 -0.0000
vn 0.9474 -0.2416 0.2098
vn 0.4638 -0.8810 0.0932
vn 0.4264 -0.8995 0.0952
vn 0.3676 -0.9299 -0.0145
vn 0.9600 -0.2769 -0.0413
vn 0.4935 -0.8694 0.0248
vn 0.9754 0.0028 0.2203
vn 0.9723 -0.2265 0.0581
vn 0.9906 0.1230 0.0603
vn 0.9976 0.0616 0.0324
vn 0.9177 0.3905 0.0732
vn 0.6361 0.4586 0.6205
vn 0.7011 0.1340 0.7004
vn 0.6902 -0.2182 0.6900
vn 0.3642 -0.8572 0.3641
vn 0.3771 0.8489 0.3704
vn 0.4886 0.8575 0.1612
vn 0.9645 0.2530 0.0758
vn 0.2070 0.8523 -0.4804
vn 0.2255 0.7364 -0.6379
vn 0.2310 0.0963 -0.9682
vn 0.0758 0.2530 -0.9645
vn 0.1612 0.8575 -0.4886
vn 0.7068 0.0298 -0.7068
vn 0.3704 0.8489 -0.3771
vn 0.6205 0.4586 -0.6361
vn 0.0732 0.3905 -0.9177
vn 0.0325 0.0616 -0.9976
vn 0.0603 0.1230 -0.9906
vn -0.0413 -0.2769 -0.9600
vn 0.0582 -0.2265 -0.9723
vn 0.7004 0.1340 -0.7011
vn 0.0952 -0.8995 -0.4264
vn 0.2098 -0.2416 -0.9474
vn -0.0145 -0.9299 -0.3676
vn 0.0248 -0.8694 -0.4935
vn 0.2203 0.0028 -0.9754
vn -0.0000 0.0848 -0.9964
vn -0.2310 0.0963 -0.9682
vn -0.0000 -0.2311 -0.9729
vn -0.2203 0.0028 -0.9754
vn 0.0413 -0.2769 -0.9600
vn -0.0300 0.0596 -0.9978
vn -0.2099 -0.2416 -0.9474
vn -0.0952 -0.8995 -0.4264
vn 0.0145 -0.9299 -0.3676
vn -0.0248 -0.8694 -0.4935
vn -0.0580 0.1186 -0.9912
vn -0.0582 -0.2265 -0.9723
vn -0.6359 0.4586 -0.6208
vn -0.0801 0.3910 -0.9169
vn -0.7008 0.1341 -0.7006
vn -0.3770 0.8489 -0.3706
vn -0.1651 0.8589 -0.4848
vn -0.0708 0.2546 -0.9644
vn -0.7067 0.0298 -0.7068
vn -0.2059 0.8530 -0.4796
vn -0.2255 0.7364 -0.6378
vn -0.0000 0.6757 -0.7372
vn -0.0000 0.0200 -0.9998
vn -0.6900 -0.2182 -0.6902
vn -0.3641 -0.8572 -0.3642
vn -0.0932 -0.8811 -0.4637
vn 0.0932 -0.8811 -0.4637
vn 0.3641 -0.8572 -0.3642
vn 0.6900 -0.2182 -0.6902
vn -0.0000 -1.0000 -0.0000
vn 0.4262 -0.8996 -0.0951
vn 0.4636 -0.8811 -0.0931
vn 0.4262 -0.8996 0.0952
vn 0.4636 -0.8811 0.0932
vn 0.4934 -0.8695 -0.0248
vn 0.3674 -0.9300 0.0146
vn 0.3641 -0.8573 -0.3641
vn 0.0248 -0.8695 -0.4934
vn -0.0145 -0.9300 -0.3674
vn 0.0952 -0.8996 -0.4262
vn 0.0932 -0.8811 -0.4636
vn -0.3674 -0.9300 0.0145
vn -0.4934 -0.8695 -0.0248
vn -0.4262 -0.8996 -0.0952
vn -0.4636 -0.8811 -0.0932
vn -0.0248 -0.8695 -0.4934
vn -0.3641 -0.8573 -0.3641
vn 0.0146 -0.9300 -0.3674
vn -0.0951 -0.8996 -0.4262
vn -0.0931 -0.8811 -0.4636
vn -0.4934 -0.8695 0.0248
vn -0.3641 -0.8573 0.3641
vn -0.0248 -0.8695 0.4934
vn 0.0145 -0.9300 0.3674
vn -0.0952 -0.8996 0.4262
vn -0.0932 -0.8811 0.4636
vn -0.3674 -0.9300 -0.0146
vn -0.4262 -0.8996 0.0951
vn -0.4636 -0.8811 0.0931
vn 0.3674 -0.9300 -0.0145
vn 0.4934 -0.8695 0.0248
vn 0.0248 -0.8695 0.4934
vn 0.3641 -0.8573 0.3641
vn -0.0146 -0.9300 0.3674
vn 0.0951 -0.8996 0.4262
vn 0.0931 -0.8811 0.4636
vn -0.9964 0.0848 -0.0000
vn -0.6379 0.7364 -0.2255
vn -0.9682 0.0963 -0.2310
vn -0.4804 0.8523 -0.2070
vn -0.7372 0.6757 -0.0000
vn -0.7068 0.0298 -0.7068
vn -0.9998 0.0200 -0.0000
vn -0.6379 0.7364 0.2255
vn -0.4796 0.8530 0.2059
vn -0.7068 0.0298 0.7067
vn -0.9644 0.2546 0.0708
vn -0.4848 0.8589 0.1651
vn -0.9682 0.0963 0.2310
vn -0.9169 0.3910 0.0801
vn -0.3706 0.8489 0.3770
vn -0.6208 0.4586 0.6359
vn -0.9913 0.1182 0.0582
vn -0.7006 0.1341 0.7008
vn -0.9723 -0.2265 0.0582
vn -0.6902 -0.2182 0.6900
vn -0.3642 -0.8572 0.3641
vn -0.4935 -0.8694 0.0248
vn -0.9600 -0.2769 -0.0413
vn -0.3676 -0.9299 -0.0145
vn -0.4264 -0.8995 0.0952
vn -0.9474 -0.2416 0.2098
vn -0.9754 0.0028 0.2203
vn -0.9978 0.0596 0.0300
vn -0.9729 -0.2311 -0.0000
vn -0.9474 -0.2416 -0.2098
vn -0.4638 -0.8810 -0.0932
vn -0.4637 -0.8811 0.0932
vn -0.4264 -0.8995 -0.0952
vn -0.9600 -0.2769 0.0413
vn -0.9754 0.0028 -0.2203
vn -0.9976 0.0616 -0.0325
vn -0.9645 0.2531 -0.0758
vn -0.9177 0.3905 -0.0732
vn -0.9906 0.1230 -0.0603
vn -0.4886 0.8575 -0.1612
vn -0.3771 0.8489 -0.3704
vn -0.6361 0.4586 -0.6205
vn -0.7011 0.1340 -0.7004
vn -0.9723 -0.2265 -0.0582
vn -0.6902 -0.2182 -0.6900
vn -0.3642 -0.8572 -0.3641
vn -0.4935 -0.8694 -0.0248
vn -0.3676 -0.9299 0.0145
vn -0.1612 0.8575 0.4886
vn -0.0758 0.2530 0.9645
vn -0.2070 0.8523 0.4804
vn -0.2310 0.0963 0.9682
vn -0.0325 0.0616 0.9976
vn -0.0732 0.3905 0.9177
vn -0.2203 0.0028 0.9754
vn 0.0413 -0.2769 0.9600
vn -0.0603 0.1230 0.9906
vn -0.0248 -0.8694 0.4935
vn 0.0145 -0.9299 0.3676
vn -0.0952 -0.8995 0.4264
vn -0.2098 -0.2416 0.9474
vn -0.0581 -0.2265 0.9723
vn -0.3641 -0.8572 0.3642
vn -0.6900 -0.2182 0.6902
vn -0.7004 0.1340 0.7011
vn -0.6205 0.4586 0.6361
vn -0.3704 0.8489 0.3771
vn -0.7068 0.0298 0.7068
vn -0.2255 0.7364 0.6379
vn -0.0000 0.6757 0.7372
vn -0.0000 0.0200 0.9998
vn 0.2255 0.7364 0.6378
vn 0.2059 0.8530 0.4796
vn 0.7067 0.0298 0.7068
vn 0.2310 0.0963 0.9682
vn 0.0708 0.2546 0.9644
vn 0.1651 0.8589 0.4848
vn 0.0801 0.3910 0.9169
vn 0.3770 0.8489 0.3706
vn 0.6359 0.4586 0.6207
vn 0.0582 0.1182 0.9913
vn 0.7009 0.1341 0.7006
vn 0.0582 -0.2265 0.9723
vn 0.6900 -0.2182 0.6902
vn 0.3641 -0.8572 0.3642
vn 0.0248 -0.8694 0.4935
vn -0.0413 -0.2769 0.9600
vn -0.0145 -0.9299 0.3676
vn 0.0952 -0.8995 0.4264
vn 0.2098 -0.2416 0.9474
vn 0.0932 -0.8811 0.4637
vn -0.0000 -0.2311 0.9729
vn -0.0932 -0.8811 0.4637
vn 0.2203 0.0028 0.9754
vn 0.0300 0.0596 0.9978
vn -0.0000 0.0848 0.9964
vn -0.2392 -0.0934 -0.9665
vn -0.0992 -0.9806 -0.1690
vn -0.2853 0.0079 -0.9584
vn -0.2714 0.0203 -0.9622
vn -0.2737 0.1122 -0.9553
vn -0.0000 0.1430 -0.9897
vn -0.1066 0.9799 -0.1686
vn -0.0000 0.9848 -0.1736
vn -0.7005 0.7004 -0.1370
vn -0.9840 0.0470 -0.1719
vn -0.9804 0.0834 -0.1782
vn -0.9840 0.0470 0.1719
vn -0.7004 0.7004 0.1370
vn -0.1067 0.9799 -0.1685
vn -0.1067 0.9799 0.1685
vn -0.0000 0.9848 0.1736
vn -0.2714 0.0203 0.9623
vn -0.2737 0.1123 0.9552
vn -0.9804 0.0834 0.1783
vn -0.7004 0.7005 0.1370
vn -0.1066 0.9799 0.1686
vn 0.0001 0.1430 0.9897
vn -0.2853 0.0079 0.9584
vn -0.2392 -0.0934 0.9665
vn -0.0000 -0.1005 0.9949
vn -0.0992 -0.9806 0.1690
vn -0.0003 -0.9848 0.1737
vn -0.7004 -0.7004 0.1370
vn -0.9808 -0.0859 0.1751
vn -0.9808 -0.0859 -0.1751
vn -0.9857 0.0197 0.1671
vn -0.9857 0.0197 -0.1671
vn -0.7004 -0.7004 -0.1370
vn -0.0993 -0.9806 0.1689
vn -0.0993 -0.9806 -0.1689
vn -0.0000 -0.9848 0.1736
vn -0.0000 -0.9848 -0.1736
vn -0.0508 0.7085 -0.7039
vn -0.0726 0.9756 -0.2073
vn -0.0512 0.7062 -0.7062
vn -0.0000 0.8416 -0.5400
vn -0.0000 0.7071 -0.7071
vn -0.1175 0.8062 0.5799
vn -0.0000 0.7626 0.6469
vn -0.0838 0.7046 0.7046
vn -0.0000 0.7071 0.7071
vn -0.0000 0.6011 0.7992
vn -0.1161 0.5789 0.8071
vn -0.0716 -0.2174 0.9735
vn -0.0000 -0.5696 0.8219
vn -0.0503 -0.7062 0.7062
vn -0.0000 -0.7071 0.7071
vn -0.0264 -0.7046 0.7091
vn -0.0502 0.7037 0.7087
vn -0.0264 -0.7047 0.7090
vn -0.0716 -0.9735 0.2174
vn -0.0490 -0.9973 0.0548
vn -0.0504 -0.7062 0.7062
vn -0.0000 -0.8219 0.5696
vn -0.0000 -0.7992 -0.6011
vn -0.1160 -0.8071 -0.5789
vn -0.0838 -0.7046 -0.7046
vn -0.0000 -0.7071 -0.7071
vn -0.0000 -0.6469 -0.7626
vn -0.1176 -0.5798 -0.8062
vn -0.0000 0.5400 -0.8417
vn -0.0726 0.2073 -0.9756
vn -0.0507 0.7083 -0.7041
vn -0.0679 0.0497 -0.9965
vn -0.0777 -0.7074 -0.7025
vn -0.9701 0.1715 -0.1715
vn -0.9702 0.1716 -0.1714
vn -0.9702 0.1714 -0.1715
vn 0.5682 0.8132 0.1259
vn 0.8038 0.3403 0.4880
vn 0.3995 0.8100 0.4294
vn 0.8391 0.5043 0.2040
vn 0.3465 0.4988 0.7944
vn 0.0001 0.9976 0.0687
vn 0.0001 0.4525 0.8917
vn 0.0001 0.9379 0.3468
vn 0.0001 0.9153 0.4027
vn 0.5188 0.6372 0.5700
vn 0.8004 0.2318 0.5528
vn 0.8727 -0.0238 0.4876
vn 0.8081 -0.1522 0.5691
vn 0.5668 -0.6338 0.5263
vn 0.5158 -0.6027 0.6088
vn 0.0001 -0.8136 0.5815
vn 0.0001 -0.8634 0.5046
vn 0.6850 -0.6850 0.2483
vn 0.0001 -0.9687 0.2484
vn 0.7309 -0.6769 0.0870
vn 0.0309 -0.9995 -0.0024
vn 0.9687 -0.0000 0.2483
vn 0.9861 0.0237 0.1646
vn 0.7120 0.6716 0.2048
vn 0.0272 0.9631 0.2679
vn -0.3465 0.4988 0.7944
vn -0.0001 0.9976 0.0687
vn -0.5682 0.8132 0.1259
vn -0.3995 0.8100 0.4294
vn -0.0001 0.9379 0.3468
vn -0.0001 0.4525 0.8917
vn -0.6962 0.7124 0.0880
vn -0.8391 0.5043 0.2040
vn -0.9687 -0.0000 0.2483
vn -0.9995 0.0288 -0.0099
vn -0.8727 -0.0238 0.4876
vn -0.8038 0.3403 0.4880
vn -0.8004 0.2318 0.5528
vn -0.8081 -0.1522 0.5691
vn -0.5188 0.6372 0.5700
vn -0.0001 0.9153 0.4027
vn -0.5668 -0.6338 0.5263
vn -0.5159 -0.6027 0.6088
vn -0.0001 -0.8634 0.5046
vn -0.6850 -0.6850 0.2483
vn -0.0001 -0.8136 0.5815
vn -0.0001 -0.9687 0.2483
vn -0.7051 -0.7076 -0.0456
vn 0.0310 -0.9995 -0.0025
vn 0.0760 -0.9745 -0.2109
vn 0.7476 -0.6630 0.0390
vn 0.7509 -0.6533 0.0967
vn -0.6633 -0.6676 -0.3381
vn 0.2440 -0.8270 -0.5064
vn -0.9715 0.0741 -0.2250
vn -0.6618 0.7494 0.0222
vn -0.6962 0.7125 0.0881
vn 0.0205 0.9735 0.2276
vn 0.0272 0.9631 0.2678
vn 0.6731 0.6736 0.3053
vn 0.7120 0.6717 0.2048
vn 0.9861 0.0237 0.1645
vn 0.7310 -0.6768 0.0869
vn 0.9711 0.0197 0.2377
vn 0.7477 -0.6629 0.0390
vn 0.8326 -0.0752 0.5487
vn 0.5021 0.5113 0.6975
vn 0.1957 0.2101 0.9579
vn -0.0826 0.8395 0.5370
vn -0.3221 0.6019 0.7308
vn -0.6550 0.7515 0.0794
vn -0.6972 0.7101 0.0981
vn -0.8216 0.2383 -0.5178
vn -0.4156 -0.4230 -0.8052
vn -0.6004 0.4449 -0.6645
vn -0.0761 -0.0768 -0.9941
vn -0.4660 0.5702 -0.6766
vn -0.7363 0.6739 0.0606
vn -0.5409 0.4067 0.7363
vn -0.7566 0.6534 0.0250
vn -0.3908 0.6423 -0.6593
vn 0.2194 0.2442 -0.9446
vn 0.2885 0.3252 -0.9006
vn -0.3470 0.6860 -0.6396
vn -0.7704 0.6375 0.0012
vn -0.7851 0.1728 0.5948
vn -0.7400 0.2226 0.6347
vn -0.7828 0.6220 -0.0175
vn -0.8390 0.0920 0.5364
vn -0.8089 0.5871 -0.0299
vn -0.3222 0.7120 -0.6239
vn 0.3329 0.3805 -0.8628
vn 0.3903 0.4649 -0.7947
vn -0.3055 0.7504 -0.5861
vn 0.4737 0.6134 -0.6320
vn -0.2802 0.8135 -0.5096
vn -0.8478 0.5248 -0.0760
vn -0.9677 -0.1848 0.1716
vn -0.9171 -0.0466 0.3959
vn -0.8680 0.4649 -0.1743
vn -0.9587 -0.2769 -0.0656
vn -0.8572 0.4195 -0.2987
vn -0.2575 0.8706 -0.4193
vn 0.5207 0.7548 -0.3989
vn -0.2592 0.8967 -0.3588
vn 0.5042 0.8423 -0.1906
vn 0.9591 0.2671 0.0936
vn 0.9763 0.1684 -0.1358
vn 0.8206 -0.4770 0.3147
vn 0.8242 -0.5268 0.2077
vn 0.9314 0.0227 -0.3633
vn 0.8041 -0.5809 0.1262
vn 0.8481 -0.1083 -0.5186
vn 0.7868 -0.6132 0.0701
vn 0.7899 -0.1795 -0.5864
vn 0.7745 -0.6314 0.0391
vn 0.7500 -0.2333 -0.6189
vn 0.7593 -0.6499 0.0338
vn 0.6927 -0.3073 -0.6524
vn 0.7429 -0.6683 0.0382
vn 0.7288 -0.6819 0.0616
vn 0.6066 -0.4136 -0.6789
vn 0.7303 -0.6755 0.1013
vn 0.4659 -0.5809 -0.6675
vn 0.1107 0.1225 -0.9863
vn -0.5418 -0.8177 0.1944
vn -0.5487 -0.7260 0.4145
vn 0.1755 -0.8849 0.4315
vn 0.1830 -0.9187 0.3499
vn 0.8241 -0.5269 0.2078
vn 0.8205 -0.4771 0.3148
vn 0.8040 -0.5810 0.1263
vn 0.2033 -0.8182 0.5378
vn 0.7867 -0.6133 0.0703
vn 0.2635 -0.7466 0.6109
vn 0.7744 -0.6314 0.0393
vn 0.3037 -0.7075 0.6382
vn 0.7592 -0.6500 0.0340
vn 0.3230 -0.6768 0.6616
vn 0.7428 -0.6684 0.0384
vn 0.3601 -0.6197 0.6973
vn 0.4383 -0.5061 0.7428
vn 0.7288 -0.6819 0.0618
vn 0.7303 -0.6755 0.1015
vn 0.7509 -0.6532 0.0968
vn 0.6039 -0.3010 0.7380
vn -0.0650 -0.0596 0.9961
vn -0.2123 -0.2218 0.9517
vn -0.6687 0.2928 0.6834
vn -0.2912 -0.3146 0.9035
vn -0.3382 -0.3733 0.8639
vn -0.4006 -0.4516 0.7972
vn -0.4919 -0.5869 0.6431
vn 0.7309 -0.6769 0.0869
vn 0.8206 -0.4770 0.3148
vn 0.7823 -0.4352 0.4457
vn 0.9591 0.2672 0.0938
vn 0.8883 0.3347 0.3145
vn 0.7604 0.3814 0.5256
vn 0.6936 -0.4024 0.5975
vn 0.5608 0.4124 0.7180
vn 0.5307 -0.3790 0.7581
vn 0.2830 0.4294 0.8576
vn 0.2769 -0.3651 0.8888
vn 0.0061 -0.3553 0.9347
vn 0.0081 0.4307 0.9025
vn -0.2292 -0.3541 0.9067
vn -0.2209 0.4309 0.8750
vn -0.4527 -0.3559 0.8175
vn -0.4363 0.4327 0.7889
vn -0.6438 -0.3554 0.6776
vn -0.6209 0.4320 0.6541
vn -0.7504 0.4307 0.5015
vn -0.7777 -0.3542 0.5193
vn -0.8302 0.4291 0.3558
vn -0.8601 -0.3530 0.3683
vn -0.8750 0.4279 0.2264
vn -0.9063 -0.3519 0.2343
vn -0.3132 0.9461 0.0825
vn 0.4268 0.8972 -0.1132
vn -0.2931 0.9475 0.1279
vn 0.4087 0.8949 -0.1795
vn -0.2602 0.9491 0.1775
vn 0.3727 0.8920 -0.2558
vn -0.2110 0.9505 0.2282
vn 0.3095 0.8897 -0.3356
vn -0.1458 0.9509 0.2731
vn 0.2163 0.8894 -0.4027
vn -0.0725 0.9497 0.3046
vn 0.1060 0.8901 -0.4432
vn 0.0111 0.9505 0.3104
vn -0.0074 0.8868 -0.4621
vn 0.1202 0.9514 0.2834
vn -0.1271 0.8844 -0.4490
vn 0.2474 0.9429 0.2231
vn -0.2195 0.8919 -0.3954
vn 0.3595 0.9253 0.1210
vn -0.2592 0.9001 -0.3501
vn 0.4468 0.8945 -0.0171
vn -0.2656 0.9038 -0.3357
vn 0.5041 0.8423 -0.1905
vn -0.8121 0.3836 -0.4398
vn -0.8572 0.4194 -0.2988
vn -0.7199 0.3546 -0.5967
vn -0.8951 -0.3358 -0.2933
vn -0.7756 -0.3723 -0.5097
vn -0.5582 0.3329 -0.7599
vn -0.5869 -0.3923 -0.7083
vn -0.3093 0.3212 -0.8951
vn -0.3185 -0.3980 -0.8603
vn -0.0371 -0.3995 -0.9160
vn -0.0344 0.3237 -0.9455
vn 0.2041 -0.4015 -0.8928
vn 0.2102 0.3289 -0.9207
vn 0.4254 -0.4011 -0.8113
vn 0.4381 0.3292 -0.8365
vn 0.6150 -0.4012 -0.6789
vn 0.6336 0.3293 -0.7001
vn 0.7741 0.3312 -0.5395
vn 0.8612 0.3337 -0.3834
vn 0.7509 -0.4035 -0.5229
vn 0.9096 0.3359 -0.2446
vn 0.8348 -0.4064 -0.3714
vn 0.8813 -0.4089 -0.2368
vn 0.3419 -0.9277 -0.1498
vn 0.3560 -0.9297 -0.0942
vn -0.3635 -0.9181 0.1581
vn -0.3870 -0.9165 0.1016
vn -0.9062 -0.3521 0.2342
vn -0.8600 -0.3532 0.3683
vn -0.7777 -0.3544 0.5193
vn -0.6437 -0.3556 0.6776
vn -0.3242 -0.9200 0.2204
vn -0.2642 -0.9216 0.2844
vn 0.3130 -0.9253 -0.2142
vn 0.2609 -0.9233 -0.2818
vn 0.1828 -0.9230 -0.3385
vn -0.1833 -0.9220 0.3410
vn -0.4527 -0.3561 0.8175
vn -0.0911 -0.9208 0.3792
vn 0.0055 -0.9231 0.3846
vn 0.0896 -0.9237 -0.3726
vn 0.0061 -0.3555 0.9346
vn -0.2292 -0.3544 0.9066
vn -0.0136 -0.9206 -0.3903
vn -0.1492 -0.9167 -0.3706
vn 0.1008 -0.9286 0.3572
vn 0.1704 -0.9306 0.3240
vn 0.5307 -0.3792 0.7580
vn 0.2769 -0.3653 0.8887
vn 0.6935 -0.4026 0.5975
vn 0.7822 -0.4354 0.4457
vn 0.1981 -0.9325 0.3021
vn 0.1970 -0.9308 0.3078
vn -0.4082 -0.9000 -0.1529
vn -0.2941 -0.9132 -0.2820
vn -0.4911 -0.8711 0.0054
vn -0.9586 -0.2770 -0.0659
vn -0.5418 -0.8178 0.1942
vn -0.9292 -0.3512 0.1153
vn -0.8998 0.4341 -0.0443
vn -0.8973 0.4271 0.1116
vn -0.9063 -0.3519 0.2342
vn -0.8750 0.4279 0.2263
vn -0.3238 0.9452 0.0413
vn -0.3092 0.9509 -0.0120
vn 0.4415 0.8852 0.1464
vn 0.4541 0.8906 0.0238
vn -0.2794 0.9553 -0.0967
vn 0.3739 0.8892 0.2636
vn -0.2512 0.9518 -0.1761
vn -0.8463 0.4407 -0.2992
vn -0.7568 -0.3577 -0.5471
vn -0.8785 -0.3628 -0.3109
vn -0.7301 0.4349 -0.5271
vn -0.6227 -0.3453 -0.7021
vn -0.4714 0.4774 -0.7415
vn -0.5971 0.4386 -0.6716
vn -0.5099 -0.3004 -0.8060
vn -0.3507 0.5525 -0.7562
vn -0.4085 -0.2133 -0.8875
vn -0.2369 0.6359 -0.7345
vn -0.3023 -0.1099 -0.9469
vn -0.1142 0.6942 -0.7106
vn -0.1547 -0.0409 -0.9871
vn -0.0326 0.7115 -0.7019
vn -0.0455 -0.0111 -0.9989
vn 0.0030 0.9997 0.0224
vn 0.0452 0.6929 0.7196
vn -0.0049 1.0000 -0.0056
vn 0.1111 0.7168 0.6883
vn -0.0299 0.9961 -0.0834
vn 0.1962 0.7697 0.6075
vn -0.0825 0.9819 -0.1703
vn 0.2351 0.8293 0.5069
vn -0.1477 0.9627 -0.2267
vn 0.2644 0.8718 0.4125
vn -0.2062 0.9518 -0.2271
vn 0.3099 0.8881 0.3395
vn 0.6435 0.3232 0.6939
vn 0.5225 0.2864 0.8031
vn 0.6201 -0.4111 0.6682
vn 0.4870 -0.4538 0.7463
vn 0.4169 0.2064 0.8852
vn 0.3626 -0.5300 0.7666
vn 0.3100 0.1085 0.9445
vn 0.2474 -0.6127 0.7506
vn 0.1649 0.0387 0.9856
vn 0.1240 -0.6593 0.7416
vn 0.0647 0.0092 0.9979
vn 0.0474 -0.6775 0.7340
vn 0.0119 -0.9971 0.0752
vn 0.0044 -0.9988 0.0479
vn -0.1039 -0.7514 -0.6516
vn -0.0334 -0.7287 -0.6841
vn -0.1548 -0.0411 -0.9871
vn -0.0456 -0.0114 -0.9989
vn -0.3023 -0.1102 -0.9468
vn -0.4084 -0.2136 -0.8874
vn -0.1865 -0.7898 -0.5843
vn -0.2203 -0.8493 -0.4798
vn 0.0425 -0.9912 0.1253
vn 0.1010 -0.9723 0.2106
vn 0.1757 -0.9469 0.2691
vn -0.2394 -0.8944 -0.3778
vn -0.2677 -0.9162 -0.2982
vn -0.6227 -0.3456 -0.7020
vn -0.5099 -0.3007 -0.8060
vn -0.7567 -0.3580 -0.5470
vn -0.3139 -0.9233 -0.2214
vn -0.8784 -0.3631 -0.3109
vn -0.3528 -0.9277 -0.1223
vn -0.3862 -0.9223 -0.0160
vn -0.9328 -0.3574 -0.0462
vn -0.9291 -0.3514 0.1154
vn -0.3992 -0.9154 0.0507
vn 0.3620 -0.9310 -0.0464
vn 0.3560 -0.9297 -0.0941
vn 0.9041 -0.4105 -0.1187
vn 0.9334 0.3373 -0.1227
vn 0.9096 0.3359 -0.2445
vn 0.4268 0.8972 -0.1131
vn 0.4349 0.8987 -0.0560
vn 0.9428 0.3306 0.0426
vn 0.8719 -0.3982 0.2849
vn 0.9144 -0.4027 0.0417
vn 0.8984 0.3268 0.2933
vn 0.7534 -0.4015 0.5208
vn 0.7769 0.3295 0.5365
vn 0.3736 -0.9192 0.1242
vn 0.3144 -0.9228 0.2227
vn 0.2509 -0.9286 0.2734
vn 0.3818 -0.9240 0.0207
vn -0.9329 -0.3572 -0.0463
vt 0.884372 0.971097
vt 0.884506 0.988137
vt 0.890612 0.971132
vt 0.890477 0.988110
vt 0.879135 0.979766
vt 0.878418 0.988167
vt 0.871405 0.982768
vt 0.872306 0.988276
vt 0.890385 0.869864
vt 0.883664 0.875420
vt 0.891004 0.875411
vt 0.884269 0.869871
vt 0.903579 0.982774
vt 0.896563 0.988165
vt 0.902675 0.988281
vt 0.895853 0.979773
vt 0.900516 0.894545
vt 0.897128 0.881521
vt 0.897139 0.895867
vt 0.900516 0.882785
vt 0.908910 0.903101
vt 0.907515 0.906469
vt 0.907482 0.870897
vt 0.908929 0.874246
vt 0.922290 0.870828
vt 0.920931 0.874210
vt 0.929428 0.882688
vt 0.932783 0.881264
vt 0.932796 0.896061
vt 0.929420 0.894690
vt 0.920911 0.903156
vt 0.922321 0.906516
vt 0.874177 0.894629
vt 0.865764 0.903169
vt 0.877566 0.895894
vt 0.867210 0.906517
vt 0.874178 0.882866
vt 0.877555 0.881545
vt 0.865783 0.874313
vt 0.867178 0.870945
vt 0.852371 0.870899
vt 0.853782 0.874259
vt 0.845273 0.882724
vt 0.841897 0.881354
vt 0.841911 0.896152
vt 0.845265 0.894728
vt 0.853763 0.903205
vt 0.852404 0.906587
vt 0.897243 0.952030
vt 0.877711 0.952083
vt 0.897132 0.966107
vt 0.877854 0.966095
vt 0.897223 0.937986
vt 0.877655 0.938040
vt 0.897190 0.923946
vt 0.877618 0.923991
vt 0.897161 0.909908
vt 0.877589 0.909943
vt 0.914982 0.888679
vt 0.859711 0.888737
vt 0.897112 0.867477
vt 0.893441 0.867482
vt 0.881207 0.867496
vt 0.877537 0.867500
vt 0.899276 0.979085
vt 0.875715 0.979080
vt 0.297772 0.988281
vt 0.297771 0.658373
vt 0.250096 0.988281
vt 0.250096 0.658373
vt 0.345447 0.988281
vt 0.345447 0.658373
vt 0.393122 0.988281
vt 0.393122 0.658373
vt 0.440798 0.988281
vt 0.440798 0.658373
vt 0.488473 0.988281
vt 0.488473 0.658373
vt 0.536149 0.988281
vt 0.536149 0.658373
vt 0.583824 0.988281
vt 0.583824 0.658373
vt 0.631500 0.988281
vt 0.631500 0.658373
vt 0.679175 0.988281
vt 0.679175 0.658373
vt 0.726850 0.988281
vt 0.726850 0.658373
vt 0.774526 0.988281
vt 0.774526 0.658373
vt 0.011719 0.658373
vt 0.059394 0.988281
vt 0.059394 0.658373
vt 0.011719 0.988281
vt 0.107070 0.988281
vt 0.107070 0.658373
vt 0.154745 0.988281
vt 0.154745 0.658373
vt 0.202421 0.988281
vt 0.202421 0.658373
vt 0.931342 0.078432
vt 0.932664 0.091772
vt 0.940572 0.090201
vt 0.938590 0.076418
vt 0.936085 0.070636
vt 0.936286 0.044539
vt 0.931827 0.070635
vt 0.932026 0.044472
vt 0.940545 0.044594
vt 0.940343 0.070647
vt 0.841965 0.078262
vt 0.874478 0.070980
vt 0.841511 0.070593
vt 0.874458 0.079289
vt 0.840755 0.090490
vt 0.834821 0.076199
vt 0.832693 0.088994
vt 0.837248 0.070596
vt 0.837161 0.044604
vt 0.832986 0.070602
vt 0.832905 0.044620
vt 0.841416 0.044585
vt 0.832549 0.026430
vt 0.834616 0.038948
vt 0.841854 0.036859
vt 0.840408 0.024767
vt 0.874468 0.035748
vt 0.874559 0.044010
vt 0.938700 0.038798
vt 0.940947 0.024840
vt 0.932855 0.023343
vt 0.931573 0.036664
vt 0.873936 0.091878
vt 0.820565 0.070630
vt 0.820491 0.044657
vt 0.873949 0.023020
vt 0.953965 0.070731
vt 0.954171 0.044718
vt 0.936270 0.072290
vt 0.837116 0.072149
vt 0.836967 0.043014
vt 0.936416 0.042880
vt 0.886313 0.093464
vt 0.886591 0.077434
vt 0.886849 0.069941
vt 0.886632 0.045017
vt 0.886517 0.037528
vt 0.886321 0.021507
vt 0.015407 0.260864
vt 0.049313 0.263217
vt 0.016532 0.246814
vt 0.050537 0.249204
vt 0.047664 0.277187
vt 0.014083 0.275022
vt 0.046091 0.291190
vt 0.012836 0.289408
vt 0.011992 0.304004
vt 0.045128 0.305269
vt 0.011719 0.318655
vt 0.045081 0.319367
vt 0.011896 0.333159
vt 0.045652 0.333418
vt 0.012214 0.347432
vt 0.046291 0.347444
vt 0.012366 0.361540
vt 0.046509 0.361501
vt 0.913745 0.843138
vt 0.913880 0.826159
vt 0.907773 0.843166
vt 0.919121 0.834800
vt 0.919829 0.843193
vt 0.926846 0.837801
vt 0.925942 0.843308
vt 0.922543 0.834112
vt 0.920399 0.821134
vt 0.901121 0.821122
vt 0.907639 0.826123
vt 0.900979 0.807111
vt 0.920511 0.807059
vt 0.902403 0.834794
vt 0.898983 0.834108
vt 0.901685 0.843195
vt 0.894673 0.837796
vt 0.895573 0.843304
vt 0.900922 0.793068
vt 0.920490 0.793013
vt 0.900885 0.779018
vt 0.920457 0.778973
vt 0.920429 0.764935
vt 0.900856 0.764969
vt 0.900834 0.750921
vt 0.920406 0.750895
vt 0.932178 0.758127
vt 0.923783 0.749574
vt 0.920394 0.736549
vt 0.930782 0.761496
vt 0.945588 0.761541
vt 0.944178 0.758181
vt 0.956064 0.751090
vt 0.952687 0.749717
vt 0.952696 0.737714
vt 0.956051 0.736290
vt 0.944198 0.729238
vt 0.945557 0.725855
vt 0.930749 0.725924
vt 0.932197 0.729272
vt 0.923784 0.737813
vt 0.938250 0.743704
vt 0.900822 0.736573
vt 0.914271 0.730441
vt 0.920379 0.722505
vt 0.906931 0.730449
vt 0.907537 0.724899
vt 0.913653 0.724891
vt 0.916708 0.722509
vt 0.900805 0.722529
vt 0.904476 0.722523
vt 0.897445 0.749657
vt 0.897446 0.737895
vt 0.889050 0.729340
vt 0.890446 0.725973
vt 0.877049 0.729287
vt 0.875639 0.725927
vt 0.865164 0.736381
vt 0.868541 0.737753
vt 0.865178 0.751178
vt 0.868532 0.749755
vt 0.877029 0.758232
vt 0.875671 0.761615
vt 0.889031 0.758196
vt 0.890478 0.761545
vt 0.882978 0.743765
vt 0.591865 0.133206
vt 0.579106 0.138195
vt 0.585346 0.138230
vt 0.585210 0.155209
vt 0.579239 0.155237
vt 0.573869 0.146865
vt 0.570449 0.146180
vt 0.572586 0.133194
vt 0.572445 0.119183
vt 0.591977 0.119130
vt 0.591956 0.105085
vt 0.572388 0.105139
vt 0.572351 0.091091
vt 0.591923 0.091046
vt 0.572322 0.077041
vt 0.591895 0.077007
vt 0.591873 0.062968
vt 0.603643 0.070199
vt 0.595249 0.061646
vt 0.591860 0.048622
vt 0.572299 0.062993
vt 0.602248 0.073568
vt 0.560498 0.070269
vt 0.561944 0.073618
vt 0.568911 0.061729
vt 0.572288 0.048645
vt 0.568911 0.049967
vt 0.560516 0.041412
vt 0.561911 0.038044
vt 0.578397 0.042522
vt 0.572271 0.034601
vt 0.579003 0.036970
vt 0.585119 0.036963
vt 0.585737 0.042512
vt 0.575941 0.034596
vt 0.591846 0.034578
vt 0.588175 0.034582
vt 0.547106 0.038000
vt 0.548515 0.041361
vt 0.540007 0.049824
vt 0.536629 0.048453
vt 0.536644 0.063251
vt 0.548496 0.070305
vt 0.539998 0.061826
vt 0.547137 0.073687
vt 0.554444 0.055837
vt 0.617054 0.073615
vt 0.615644 0.070254
vt 0.627529 0.063161
vt 0.624161 0.049787
vt 0.624152 0.061789
vt 0.627517 0.048363
vt 0.609716 0.055776
vt 0.595249 0.049885
vt 0.603662 0.041347
vt 0.615664 0.041310
vt 0.617023 0.037927
vt 0.602216 0.037996
vt 0.594009 0.146183
vt 0.590588 0.146872
vt 0.591296 0.155264
vt 0.598313 0.149873
vt 0.597408 0.155380
vt 0.573151 0.155265
vt 0.566138 0.149866
vt 0.567039 0.155375
vt 0.697958 0.129435
vt 0.685199 0.124399
vt 0.691718 0.129400
vt 0.691852 0.146441
vt 0.686482 0.138068
vt 0.683062 0.137384
vt 0.704479 0.124410
vt 0.685058 0.110387
vt 0.704590 0.110334
vt 0.685001 0.096343
vt 0.704569 0.096289
vt 0.684964 0.082295
vt 0.704508 0.068210
vt 0.704536 0.082249
vt 0.684934 0.068246
vt 0.684912 0.054198
vt 0.674557 0.064821
vt 0.673111 0.061473
vt 0.681524 0.052934
vt 0.684901 0.039848
vt 0.704474 0.039825
vt 0.704486 0.054172
vt 0.714861 0.064771
vt 0.707862 0.052849
vt 0.716257 0.061405
vt 0.728256 0.061458
vt 0.729667 0.064817
vt 0.740143 0.054365
vt 0.736766 0.052993
vt 0.740129 0.039567
vt 0.729636 0.029130
vt 0.736775 0.040990
vt 0.722329 0.046980
vt 0.728277 0.032514
vt 0.707862 0.041089
vt 0.716276 0.032550
vt 0.714828 0.029199
vt 0.691010 0.033725
vt 0.704458 0.025782
vt 0.698350 0.033715
vt 0.691616 0.028174
vt 0.684884 0.025804
vt 0.688555 0.025801
vt 0.697732 0.028168
vt 0.700788 0.025786
vt 0.681524 0.041171
vt 0.673129 0.032617
vt 0.674524 0.029250
vt 0.661129 0.032564
vt 0.659718 0.029203
vt 0.649243 0.039657
vt 0.652621 0.041028
vt 0.649256 0.054456
vt 0.652612 0.053030
vt 0.661109 0.061508
vt 0.659751 0.064890
vt 0.667057 0.047041
vt 0.706622 0.137389
vt 0.703200 0.138075
vt 0.710926 0.141076
vt 0.703909 0.146469
vt 0.697822 0.146412
vt 0.710021 0.146584
vt 0.685764 0.146470
vt 0.678752 0.141070
vt 0.679651 0.146579
vt 0.658081 0.272555
vt 0.695215 0.272525
vt 0.692389 0.258346
vt 0.692411 0.286711
vt 0.684389 0.298744
vt 0.672367 0.306797
vt 0.684346 0.246326
vt 0.672309 0.238294
vt 0.658107 0.235471
vt 0.643899 0.238293
vt 0.631846 0.246336
vt 0.623789 0.258380
vt 0.623817 0.286789
vt 0.620964 0.272585
vt 0.631894 0.298819
vt 0.643958 0.306842
vt 0.658170 0.309641
vt 0.658248 0.346121
vt 0.686395 0.340485
vt 0.630069 0.340569
vt 0.615814 0.374246
vt 0.657926 0.382302
vt 0.699798 0.373683
vt 0.701794 0.380369
vt 0.656987 0.389251
vt 0.612121 0.380248
vt 0.574182 0.354733
vt 0.579896 0.350597
vt 0.549046 0.316843
vt 0.555771 0.314874
vt 0.606143 0.324650
vt 0.590123 0.300766
vt 0.547296 0.272551
vt 0.584439 0.272554
vt 0.590127 0.244339
vt 0.606148 0.220458
vt 0.555775 0.230229
vt 0.549050 0.228260
vt 0.540352 0.272551
vt 0.579902 0.194508
vt 0.612130 0.164860
vt 0.574189 0.190372
vt 0.615822 0.170862
vt 0.630074 0.204541
vt 0.658253 0.198990
vt 0.686400 0.204630
vt 0.657934 0.162810
vt 0.656996 0.155861
vt 0.701802 0.164746
vt 0.699805 0.171433
vt 0.710246 0.220589
vt 0.735147 0.195308
vt 0.726170 0.244442
vt 0.731712 0.272560
vt 0.758712 0.230792
vt 0.767011 0.272560
vt 0.765021 0.227906
vt 0.739710 0.190061
vt 0.773986 0.272560
vt 0.765019 0.317214
vt 0.758709 0.314328
vt 0.739703 0.355058
vt 0.735142 0.349810
vt 0.710243 0.324527
vt 0.726169 0.300675
vt 0.188164 0.094851
vt 0.143522 0.102998
vt 0.150656 0.138820
vt 0.184020 0.044503
vt 0.233158 0.088480
vt 0.235880 0.114991
vt 0.193133 0.126449
vt 0.279198 0.106044
vt 0.323094 0.101466
vt 0.278490 0.084613
vt 0.323984 0.084255
vt 0.280082 0.045071
vt 0.232073 0.043449
vt 0.327929 0.049535
vt 0.375372 0.057309
vt 0.369258 0.088527
vt 0.421859 0.068585
vt 0.413849 0.098342
vt 0.366965 0.102945
vt 0.409661 0.111464
vt 0.099141 0.112500
vt 0.108220 0.150973
vt 0.054816 0.123212
vt 0.065979 0.162558
vt 0.041501 0.064870
vt 0.088450 0.055156
vt 0.136065 0.048342
vt 0.507069 0.133851
vt 0.496377 0.191194
vt 0.554018 0.143565
vt 0.451997 0.181693
vt 0.459454 0.127036
vt 0.411498 0.123197
vt 0.444863 0.217515
vt 0.407355 0.173546
vt 0.487299 0.229667
vt 0.402386 0.205143
vt 0.359638 0.193686
vt 0.362360 0.167174
vt 0.316321 0.184739
vt 0.317029 0.163308
vt 0.272425 0.180161
vt 0.226261 0.167221
vt 0.271535 0.162949
vt 0.228554 0.181639
vt 0.220147 0.136004
vt 0.173659 0.147280
vt 0.181669 0.177037
vt 0.185857 0.190159
vt 0.267589 0.128229
vt 0.315437 0.123765
vt 0.363446 0.122143
vt 0.540703 0.201907
vt 0.529540 0.241253
vt 0.848466 0.544374
vt 0.798764 0.538590
vt 0.798756 0.544464
vt 0.749102 0.544181
vt 0.748443 0.538266
vt 0.798786 0.517440
vt 0.849129 0.538462
vt 0.847355 0.550885
vt 0.873289 0.544974
vt 0.892755 0.566123
vt 0.798746 0.550411
vt 0.750205 0.550695
vt 0.724341 0.544843
vt 0.704949 0.566064
vt 0.709720 0.539699
vt 0.689553 0.542171
vt 0.727186 0.537645
vt 0.706816 0.530197
vt 0.732895 0.518796
vt 0.684748 0.531091
vt 0.705335 0.518480
vt 0.732816 0.503180
vt 0.747964 0.518212
vt 0.748089 0.496192
vt 0.732767 0.495749
vt 0.747856 0.503376
vt 0.704607 0.497345
vt 0.704791 0.504350
vt 0.684116 0.497360
vt 0.681817 0.504858
vt 0.682654 0.520192
vt 0.798880 0.495750
vt 0.798870 0.502814
vt 0.849767 0.503578
vt 0.849571 0.496397
vt 0.864884 0.496027
vt 0.864870 0.503461
vt 0.892614 0.497438
vt 0.849626 0.518408
vt 0.892464 0.504456
vt 0.892347 0.518615
vt 0.864594 0.519013
vt 0.890464 0.530508
vt 0.912462 0.530840
vt 0.914939 0.519959
vt 0.915490 0.504566
vt 0.913075 0.497118
vt 0.907591 0.541891
vt 0.887475 0.539845
vt 0.870424 0.537791
vt 0.872357 0.625847
vt 0.847535 0.625247
vt 0.846424 0.631758
vt 0.848198 0.619335
vt 0.869493 0.618664
vt 0.886543 0.620718
vt 0.891824 0.646997
vt 0.906660 0.622764
vt 0.911531 0.611713
vt 0.889532 0.611381
vt 0.863662 0.599886
vt 0.891416 0.599488
vt 0.863939 0.584335
vt 0.891533 0.585329
vt 0.914008 0.600832
vt 0.848640 0.577270
vt 0.848836 0.584451
vt 0.863954 0.576901
vt 0.891682 0.578311
vt 0.848695 0.599282
vt 0.797855 0.598313
vt 0.797833 0.619463
vt 0.747512 0.619140
vt 0.797939 0.583687
vt 0.747033 0.599085
vt 0.731885 0.584053
vt 0.731964 0.599669
vt 0.746925 0.584250
vt 0.747158 0.577065
vt 0.731836 0.576622
vt 0.703677 0.578218
vt 0.704405 0.599354
vt 0.703860 0.585224
vt 0.683818 0.611965
vt 0.705886 0.611071
vt 0.681724 0.601066
vt 0.688622 0.623045
vt 0.708790 0.620572
vt 0.726255 0.618517
vt 0.704019 0.646937
vt 0.749274 0.631568
vt 0.723410 0.625716
vt 0.748171 0.625055
vt 0.797825 0.625337
vt 0.797814 0.631284
vt 0.680887 0.585731
vt 0.683185 0.578233
vt 0.797949 0.576623
vt 0.912143 0.577991
vt 0.914558 0.585439
vt 0.893348 0.404692
vt 0.869040 0.402646
vt 0.893348 0.407581
vt 0.869747 0.399790
vt 0.893348 0.344961
vt 0.916948 0.399790
vt 0.917655 0.402647
vt 0.893346 0.285231
vt 0.869747 0.290133
vt 0.916948 0.290133
vt 0.925230 0.292416
vt 0.945972 0.292338
vt 0.925229 0.397506
vt 0.945972 0.397585
vt 0.945892 0.376843
vt 0.948176 0.368561
vt 0.953077 0.344961
vt 0.948176 0.321361
vt 0.945892 0.313080
vt 0.861467 0.292417
vt 0.840723 0.292337
vt 0.840804 0.313080
vt 0.838519 0.321361
vt 0.833618 0.344961
vt 0.838519 0.368562
vt 0.840804 0.376842
vt 0.840723 0.397586
vt 0.861467 0.397506
vt 0.848038 0.400581
vt 0.847776 0.403386
vt 0.861365 0.400366
vt 0.838779 0.399530
vt 0.834924 0.390533
vt 0.837729 0.390271
vt 0.837944 0.376943
vt 0.835662 0.369269
vt 0.830728 0.344961
vt 0.837728 0.299652
vt 0.848039 0.289341
vt 0.861366 0.289557
vt 0.847777 0.286537
vt 0.869040 0.287276
vt 0.893346 0.282342
vt 0.834924 0.299390
vt 0.838779 0.290393
vt 0.837944 0.312979
vt 0.835662 0.320654
vt 0.938917 0.286538
vt 0.938657 0.289342
vt 0.947917 0.290393
vt 0.951771 0.299390
vt 0.948967 0.299652
vt 0.948751 0.312980
vt 0.951034 0.320654
vt 0.955968 0.344962
vt 0.925329 0.289557
vt 0.917654 0.287276
vt 0.948967 0.390271
vt 0.938658 0.400581
vt 0.925330 0.400366
vt 0.938918 0.403385
vt 0.951771 0.390532
vt 0.947916 0.399529
vt 0.948752 0.376943
vt 0.951034 0.369269
vt 0.751298 0.457223
vt 0.801000 0.463007
vt 0.801664 0.457095
vt 0.825823 0.463606
vt 0.799890 0.469518
vt 0.751290 0.463096
vt 0.845290 0.484756
vt 0.751280 0.469044
vt 0.702740 0.469328
vt 0.701636 0.462814
vt 0.676875 0.463475
vt 0.657483 0.484696
vt 0.679720 0.456277
vt 0.662255 0.458332
vt 0.700977 0.456900
vt 0.659351 0.448830
vt 0.642087 0.460804
vt 0.637283 0.449724
vt 0.657870 0.437113
vt 0.635189 0.438825
vt 0.657325 0.422983
vt 0.634352 0.423491
vt 0.636651 0.415992
vt 0.657142 0.415978
vt 0.685350 0.421813
vt 0.685302 0.414381
vt 0.700624 0.414825
vt 0.700390 0.422010
vt 0.700498 0.436845
vt 0.685429 0.437429
vt 0.751321 0.436072
vt 0.751404 0.421447
vt 0.802301 0.422211
vt 0.751415 0.414382
vt 0.802105 0.415030
vt 0.817404 0.422094
vt 0.802160 0.437042
vt 0.817128 0.437646
vt 0.822959 0.456424
vt 0.842998 0.449141
vt 0.844881 0.437248
vt 0.840009 0.458478
vt 0.860125 0.460523
vt 0.864996 0.449473
vt 0.867473 0.438592
vt 0.844998 0.423089
vt 0.868023 0.423198
vt 0.865609 0.415751
vt 0.845148 0.416071
vt 0.817419 0.414660
vt 0.928424 0.148553
vt 0.911374 0.146499
vt 0.914239 0.153682
vt 0.890079 0.147170
vt 0.905544 0.127721
vt 0.931414 0.139217
vt 0.890576 0.127117
vt 0.905820 0.112170
vt 0.933297 0.127323
vt 0.933563 0.106146
vt 0.905835 0.104736
vt 0.890520 0.105105
vt 0.890717 0.112287
vt 0.933414 0.113164
vt 0.954024 0.105827
vt 0.956440 0.113274
vt 0.955890 0.128667
vt 0.953412 0.139548
vt 0.948541 0.150598
vt 0.933705 0.174831
vt 0.888305 0.159593
vt 0.889417 0.153082
vt 0.839706 0.153171
vt 0.839696 0.159119
vt 0.791155 0.159403
vt 0.790052 0.152889
vt 0.765291 0.153551
vt 0.745899 0.174772
vt 0.789393 0.146975
vt 0.768136 0.146353
vt 0.750671 0.148407
vt 0.747766 0.138905
vt 0.730503 0.150880
vt 0.725698 0.139799
vt 0.746286 0.127188
vt 0.723604 0.128901
vt 0.745741 0.113058
vt 0.722768 0.113566
vt 0.725066 0.106068
vt 0.745557 0.106053
vt 0.773766 0.111888
vt 0.773717 0.104457
vt 0.789039 0.104900
vt 0.788806 0.112085
vt 0.839830 0.104457
vt 0.839820 0.111522
vt 0.839737 0.126148
vt 0.788913 0.126920
vt 0.773845 0.127504
vt 0.839714 0.147298
vt 0.796863 0.204685
vt 0.806093 0.216454
vt 0.804770 0.203114
vt 0.798844 0.218468
vt 0.851122 0.201422
vt 0.850843 0.217453
vt 0.862977 0.215597
vt 0.863498 0.203008
vt 0.895469 0.216624
vt 0.896680 0.204397
vt 0.902614 0.218687
vt 0.904741 0.205892
vt 0.900318 0.222737
vt 0.895924 0.224294
vt 0.862956 0.223906
vt 0.896019 0.250301
vt 0.900187 0.224290
vt 0.900273 0.250282
vt 0.904448 0.224284
vt 0.904530 0.250266
vt 0.916869 0.224256
vt 0.916944 0.250229
vt 0.862967 0.259138
vt 0.895581 0.258026
vt 0.862875 0.250876
vt 0.900468 0.251872
vt 0.902818 0.255937
vt 0.904885 0.268456
vt 0.897027 0.270119
vt 0.863485 0.271866
vt 0.851113 0.273379
vt 0.850918 0.257358
vt 0.805862 0.258223
vt 0.804579 0.271544
vt 0.798734 0.256087
vt 0.796487 0.270046
vt 0.801018 0.252006
vt 0.805408 0.250414
vt 0.805607 0.224251
vt 0.801148 0.250347
vt 0.850802 0.249869
vt 0.850586 0.224945
vt 0.801350 0.224250
vt 0.801164 0.222596
vt 0.796889 0.250291
vt 0.797091 0.224238
vt 0.783263 0.250167
vt 0.783470 0.224155
vt 0.858251 0.974469
vt 0.825619 0.911526
vt 0.845209 0.979576
vt 0.830216 0.909821
vt 0.816897 0.877300
vt 0.821597 0.876085
vt 0.823966 0.912054
vt 0.815163 0.877428
vt 0.811743 0.908861
vt 0.803872 0.877745
vt 0.792546 0.877410
vt 0.802460 0.917413
vt 0.800758 0.917740
vt 0.790802 0.877524
vt 0.795925 0.918543
vt 0.786076 0.878688
vt 0.804200 0.988281
vt 0.818076 0.986350
vt 0.831823 0.983674
vt 0.803907 0.753652
vt 0.800641 0.824201
vt 0.817787 0.755548
vt 0.795805 0.823410
vt 0.790784 0.864441
vt 0.786055 0.863290
vt 0.792528 0.864554
vt 0.802342 0.824524
vt 0.811647 0.833053
vt 0.803852 0.864188
vt 0.815144 0.864475
vt 0.823861 0.829830
vt 0.816879 0.864602
vt 0.825516 0.830353
vt 0.830117 0.832047
vt 0.821581 0.865804
vt 0.857992 0.767330
vt 0.844938 0.762256
vt 0.831541 0.758190
vt 0.804842 0.870966
vt 0.791188 0.870984
vt 0.791294 0.876095
vt 0.791279 0.865874
vt 0.816433 0.876111
vt 0.816585 0.870949
vt 0.816418 0.865787
vt 0.926278 0.634408
vt 0.942889 0.642770
vt 0.937269 0.629487
vt 0.930379 0.646508
vt 0.924737 0.635600
vt 0.922652 0.629180
vt 0.920727 0.630688
vt 0.933509 0.624229
vt 0.951142 0.606839
vt 0.973047 0.625158
vt 0.979912 0.641576
vt 0.946302 0.661485
vt 0.980558 0.680174
vt 0.943368 0.680318
vt 0.973707 0.698209
vt 0.952790 0.715401
vt 0.934025 0.696517
vt 0.931181 0.676718
vt 0.923575 0.690751
vt 0.925761 0.674987
vt 0.919075 0.687281
vt 0.933529 0.661563
vt 0.927831 0.661714
vt 0.924969 0.648603
vt 0.915681 0.637223
vt 0.516226 0.039579
vt 0.518323 0.033158
vt 0.514700 0.038385
vt 0.503744 0.033552
vt 0.507468 0.028270
vt 0.520248 0.034673
vt 0.525275 0.041229
vt 0.515929 0.052528
vt 0.510489 0.050491
vt 0.507677 0.065692
vt 0.513382 0.065723
vt 0.494954 0.065610
vt 0.498273 0.046895
vt 0.461217 0.045932
vt 0.460814 0.084513
vt 0.467964 0.029484
vt 0.489720 0.011005
vt 0.498010 0.084459
vt 0.467752 0.102503
vt 0.507398 0.100595
vt 0.510363 0.080726
vt 0.488737 0.119585
vt 0.518196 0.094733
vt 0.515750 0.078914
vt 0.522627 0.091181
vt 0.129073 0.487377
vt 0.131656 0.501287
vt 0.151046 0.493187
vt 0.097278 0.499871
vt 0.093773 0.487033
vt 0.125581 0.473202
vt 0.150119 0.479788
vt 0.118401 0.460371
vt 0.086726 0.475968
vt 0.109151 0.449128
vt 0.077420 0.465247
vt 0.100583 0.437897
vt 0.068182 0.453537
vt 0.094078 0.425620
vt 0.060856 0.440379
vt 0.055814 0.426187
vt 0.052669 0.411782
vt 0.090321 0.412226
vt 0.088458 0.398387
vt 0.119994 0.401708
vt 0.122676 0.415150
vt 0.152243 0.408001
vt 0.127576 0.428066
vt 0.155232 0.421638
vt 0.134298 0.440060
vt 0.159339 0.434749
vt 0.142014 0.452020
vt 0.148024 0.465568
vt 0.164204 0.447702
vt 0.168063 0.461371
vt 0.193262 0.444738
vt 0.190715 0.431140
vt 0.188571 0.417388
vt 0.231443 0.429033
vt 0.232733 0.442958
vt 0.233635 0.456953
vt 0.283203 0.456622
vt 0.282844 0.442551
vt 0.282235 0.428496
vt 0.342911 0.415218
vt 0.281777 0.414407
vt 0.343001 0.429376
vt 0.412695 0.417590
vt 0.413095 0.431681
vt 0.343277 0.443482
vt 0.343387 0.457543
vt 0.414243 0.459856
vt 0.413893 0.445748
vt 0.484969 0.464212
vt 0.484648 0.450119
vt 0.483673 0.436217
vt 0.550946 0.429620
vt 0.483361 0.422277
vt 0.550250 0.443443
vt 0.619094 0.439147
vt 0.616580 0.453319
vt 0.550149 0.457253
vt 0.549561 0.471242
vt 0.613972 0.467244
vt 0.611519 0.480986
vt 0.609235 0.494728
vt 0.547662 0.485238
vt 0.607016 0.508461
vt 0.544468 0.498840
vt 0.483663 0.478312
vt 0.480918 0.492029
vt 0.413507 0.473946
vt 0.411839 0.487923
vt 0.343041 0.471583
vt 0.342276 0.485636
vt 0.283022 0.470685
vt 0.282314 0.484716
vt 0.233698 0.470958
vt 0.232951 0.484915
vt 0.194936 0.486135
vt 0.195775 0.472401
vt 0.168757 0.488563
vt 0.169317 0.475229
vt 0.195244 0.458543
vt 0.621056 0.424802
vt 0.552786 0.415795
vt 0.555672 0.402277
vt 0.622613 0.410546
vt 0.559142 0.388914
vt 0.624188 0.396526
vt 0.490422 0.381235
vt 0.487022 0.394655
vt 0.416971 0.375635
vt 0.414838 0.389516
vt 0.344863 0.372808
vt 0.343937 0.386897
vt 0.282860 0.372147
vt 0.282133 0.386180
vt 0.230268 0.372888
vt 0.229716 0.386848
vt 0.186276 0.389416
vt 0.186581 0.375648
vt 0.150719 0.380897
vt 0.119752 0.388281
vt 0.150504 0.394329
vt 0.187078 0.403367
vt 0.229755 0.400915
vt 0.230354 0.415036
vt 0.281726 0.400273
vt 0.343224 0.401046
vt 0.413256 0.403505
vt 0.484462 0.408329
vt 0.100058 0.513630
vt 0.029509 0.646938
vt 0.092644 0.639196
vt 0.029822 0.632857
vt 0.091849 0.625114
vt 0.154717 0.619022
vt 0.155353 0.633061
vt 0.216917 0.614621
vt 0.217385 0.628678
vt 0.279013 0.611806
vt 0.279254 0.625876
vt 0.344151 0.624997
vt 0.344047 0.610931
vt 0.408203 0.625119
vt 0.408212 0.611038
vt 0.464401 0.625856
vt 0.464627 0.611773
vt 0.515767 0.627483
vt 0.516269 0.613409
vt 0.566103 0.615790
vt 0.565332 0.629841
vt 0.615439 0.618867
vt 0.614275 0.632918
vt 0.663626 0.623496
vt 0.662186 0.637520
vt 0.665274 0.609454
vt 0.667005 0.595227
vt 0.615903 0.604854
vt 0.616078 0.590933
vt 0.565873 0.601806
vt 0.565358 0.587900
vt 0.515543 0.599425
vt 0.514509 0.585537
vt 0.463515 0.597799
vt 0.462074 0.583937
vt 0.406935 0.597074
vt 0.405349 0.583198
vt 0.342443 0.597026
vt 0.340423 0.583275
vt 0.276892 0.597966
vt 0.274111 0.584433
vt 0.214693 0.600746
vt 0.211755 0.587137
vt 0.152500 0.605106
vt 0.149477 0.591441
vt 0.089497 0.611141
vt 0.086102 0.597463
vt 0.027133 0.619045
vt 0.022031 0.605626
vt 0.082809 0.583875
vt 0.016560 0.592175
vt 0.146809 0.577720
vt 0.080538 0.570109
vt 0.145252 0.563763
vt 0.209423 0.573383
vt 0.208424 0.559370
vt 0.272120 0.570697
vt 0.271615 0.556701
vt 0.339031 0.555259
vt 0.339128 0.569351
vt 0.404583 0.555076
vt 0.404431 0.569186
vt 0.461696 0.555901
vt 0.461317 0.569956
vt 0.514685 0.557525
vt 0.514092 0.571556
vt 0.565323 0.573936
vt 0.616460 0.577016
vt 0.566104 0.559945
vt 0.668532 0.580772
vt 0.617391 0.563089
vt 0.669405 0.566183
vt 0.618790 0.549254
vt 0.669801 0.551697
vt 0.620418 0.535440
vt 0.670038 0.537420
vt 0.670430 0.523315
vt 0.621814 0.521502
vt 0.571499 0.518459
vt 0.520239 0.516033
vt 0.569747 0.532346
vt 0.518449 0.529922
vt 0.567696 0.546097
vt 0.516279 0.543658
vt 0.463193 0.542011
vt 0.465317 0.528260
vt 0.467003 0.514353
vt 0.407592 0.527274
vt 0.341859 0.527550
vt 0.405789 0.541107
vt 0.343181 0.513627
vt 0.408965 0.513322
vt 0.340096 0.541323
vt 0.272634 0.542840
vt 0.274605 0.529206
vt 0.210223 0.531572
vt 0.211425 0.517680
vt 0.276164 0.515368
vt 0.146257 0.521859
vt 0.080332 0.528264
vt 0.145604 0.535807
vt 0.079929 0.542250
vt 0.144959 0.549729
vt 0.208838 0.545376
vt 0.079695 0.556178
vt 0.012776 0.578137
vt 0.011719 0.563645
vt 0.013159 0.549239
vt 0.015336 0.535090
vt 0.424963 0.243834
vt 0.379532 0.260899
vt 0.426148 0.257850
vt 0.472331 0.240037
vt 0.473662 0.254050
vt 0.428201 0.271817
vt 0.381862 0.274757
vt 0.341336 0.290356
vt 0.384527 0.288478
vt 0.340446 0.276633
vt 0.299666 0.290973
vt 0.298087 0.277200
vt 0.339554 0.262725
vt 0.296750 0.249220
vt 0.339094 0.248662
vt 0.296819 0.263293
vt 0.254203 0.248897
vt 0.209253 0.262921
vt 0.254023 0.262965
vt 0.209509 0.248859
vt 0.163880 0.263398
vt 0.164150 0.249341
vt 0.119923 0.264249
vt 0.120106 0.250206
vt 0.079935 0.264560
vt 0.080262 0.250473
vt 0.080521 0.278460
vt 0.081324 0.292223
vt 0.120452 0.278237
vt 0.121059 0.292211
vt 0.164267 0.277454
vt 0.164761 0.291508
vt 0.209718 0.276965
vt 0.210349 0.290991
vt 0.254768 0.276963
vt 0.255750 0.290914
vt 0.256318 0.304949
vt 0.210617 0.305073
vt 0.256221 0.319041
vt 0.210295 0.319184
vt 0.164877 0.305542
vt 0.164393 0.319652
vt 0.121171 0.306296
vt 0.120547 0.320320
vt 0.081606 0.305999
vt 0.080883 0.319770
vt 0.079344 0.333475
vt 0.077543 0.347257
vt 0.076274 0.361230
vt 0.116339 0.362150
vt 0.160963 0.361667
vt 0.117602 0.348176
vt 0.162018 0.347660
vt 0.119221 0.334268
vt 0.163339 0.333685
vt 0.209409 0.333208
vt 0.208217 0.347161
vt 0.254252 0.346916
vt 0.253299 0.360880
vt 0.207262 0.361157
vt 0.297665 0.360452
vt 0.298660 0.346527
vt 0.342321 0.359304
vt 0.342381 0.345378
vt 0.384788 0.344079
vt 0.383928 0.358102
vt 0.431870 0.356130
vt 0.432095 0.342027
vt 0.479883 0.354003
vt 0.480832 0.339828
vt 0.432698 0.327923
vt 0.482497 0.325496
vt 0.432874 0.313819
vt 0.483399 0.310968
vt 0.432149 0.299759
vt 0.482567 0.296422
vt 0.480062 0.282068
vt 0.476629 0.268003
vt 0.430441 0.285761
vt 0.386432 0.302304
vt 0.342375 0.317920
vt 0.386982 0.316253
vt 0.342006 0.304108
vt 0.300821 0.318883
vt 0.300701 0.304873
vt 0.342490 0.331655
vt 0.300008 0.332759
vt 0.255447 0.333025
vt 0.386209 0.330181
vt 0.378566 0.246875
s 1
usemtl SuccMaterial
f 1/1/1 2/2/2 3/3/3
f 4/4/4 3/3/3 2/2/2
f 2/2/2 1/1/1 5/5/5
f 5/5/5 6/6/6 2/2/2
f 7/7/7 6/6/6 5/5/5
f 6/6/6 7/7/7 8/8/8
f 9/9/9 10/10/10 11/11/11
f 10/10/10 9/9/9 12/12/8
f 13/13/12 14/14/13 15/15/14
f 14/14/13 13/13/12 16/16/15
f 3/3/3 4/4/4 16/16/15
f 4/4/4 14/14/13 16/16/15
f 17/17/16 18/18/17 19/19/18
f 18/18/17 17/17/16 20/20/19
f 19/19/18 21/21/20 17/17/16
f 21/21/20 19/19/18 22/22/21
f 23/23/22 18/18/17 24/24/23
f 18/18/17 20/20/19 24/24/23
f 25/25/24 24/24/23 26/26/25
f 24/24/23 25/25/24 23/23/22
f 27/27/26 25/25/24 26/26/25
f 28/28/27 25/25/24 27/27/26
f 29/29/28 27/27/26 30/30/29
f 27/27/26 29/29/28 28/28/27
f 31/31/30 29/29/28 30/30/29
f 29/29/28 31/31/30 32/32/31
f 31/31/30 21/21/20 32/32/31
f 22/22/21 32/32/31 21/21/20
f 33/33/32 34/34/33 35/35/34
f 36/36/35 35/35/34 34/34/33
f 37/37/36 33/33/32 38/38/37
f 33/33/32 35/35/34 38/38/37
f 38/38/37 39/39/38 37/37/36
f 39/39/38 38/38/37 40/40/39
f 41/41/40 39/39/38 40/40/39
f 39/39/38 41/41/40 42/42/41
f 41/41/40 43/43/42 42/42/41
f 43/43/42 41/41/40 44/44/43
f 44/44/43 45/45/44 43/43/42
f 43/43/42 45/45/44 46/46/45
f 45/45/44 47/47/46 46/46/45
f 47/47/46 45/45/44 48/48/47
f 48/48/47 34/34/33 47/47/46
f 34/34/33 48/48/47 36/36/35
f 18/18/17 38/38/37 19/19/18
f 19/19/18 38/38/37 35/35/34
f 49/49/48 50/50/49 51/51/50
f 51/51/50 50/50/49 52/52/51
f 53/53/52 54/54/53 49/49/48
f 49/49/48 54/54/53 50/50/49
f 55/55/31 56/56/54 53/53/52
f 53/53/52 56/56/54 54/54/53
f 57/57/55 58/58/56 55/55/31
f 55/55/31 58/58/56 56/56/54
f 19/19/18 35/35/34 57/57/55
f 57/57/55 35/35/34 58/58/56
f 17/17/16 59/59/57 20/20/19
f 59/59/57 17/17/16 21/21/20
f 20/20/19 59/59/57 24/24/23
f 24/24/23 59/59/57 26/26/25
f 59/59/57 27/27/26 26/26/25
f 27/27/26 59/59/57 30/30/29
f 59/59/57 21/21/20 31/31/30
f 59/59/57 31/31/30 30/30/29
f 60/60/58 34/34/33 33/33/32
f 60/60/58 33/33/32 37/37/36
f 42/42/41 60/60/58 39/39/38
f 60/60/58 37/37/36 39/39/38
f 43/43/42 46/46/45 60/60/58
f 60/60/58 42/42/41 43/43/42
f 47/47/46 60/60/58 46/46/45
f 60/60/58 47/47/46 34/34/33
f 61/61/22 11/11/11 18/18/17
f 11/11/11 61/61/22 62/62/59
f 10/10/10 63/63/60 64/64/61
f 64/64/61 38/38/37 10/10/10
f 38/38/37 18/18/17 11/11/11
f 38/38/37 11/11/11 10/10/10
f 51/51/50 3/3/3 65/65/22
f 65/65/22 3/3/3 16/16/15
f 51/51/50 52/52/51 1/1/1
f 51/51/50 1/1/1 3/3/3
f 1/1/1 66/66/61 5/5/5
f 66/66/61 1/1/1 52/52/51
f 67/67/62 68/68/63 69/69/64
f 70/70/65 69/69/64 68/68/63
f 71/71/66 68/68/63 67/67/62
f 68/68/63 71/71/66 72/72/67
f 73/73/68 74/74/69 71/71/66
f 71/71/66 74/74/69 72/72/67
f 75/75/70 76/76/71 73/73/68
f 73/73/68 76/76/71 74/74/69
f 77/77/72 78/78/73 75/75/70
f 75/75/70 78/78/73 76/76/71
f 79/79/74 78/78/73 77/77/72
f 78/78/73 79/79/74 80/80/75
f 81/81/76 80/80/75 79/79/74
f 80/80/75 81/81/76 82/82/77
f 83/83/78 82/82/77 81/81/76
f 82/82/77 83/83/78 84/84/79
f 85/85/80 84/84/79 83/83/78
f 84/84/79 85/85/80 86/86/81
f 86/86/81 87/87/82 88/88/83
f 87/87/82 86/86/81 85/85/80
f 88/88/83 89/89/84 90/90/85
f 89/89/84 88/88/83 87/87/82
f 91/91/86 92/92/87 93/93/88
f 92/92/87 91/91/86 94/94/89
f 93/93/88 95/95/90 96/96/91
f 95/95/90 93/93/88 92/92/87
f 97/97/92 96/96/91 95/95/90
f 96/96/91 97/97/92 98/98/93
f 99/99/94 98/98/93 97/97/92
f 98/98/93 99/99/94 100/100/95
f 69/69/64 100/100/95 99/99/94
f 100/100/95 69/69/64 70/70/65
f 101/101/96 102/102/97 103/103/98
f 101/101/96 103/103/98 104/104/99
f 105/105/100 106/106/101 107/107/102
f 107/107/102 106/106/101 108/108/103
f 109/109/104 105/105/100 110/110/105
f 105/105/100 109/109/104 106/106/101
f 111/111/106 112/112/107 113/113/108
f 112/112/107 111/111/106 114/114/109
f 115/115/110 111/111/106 116/116/111
f 115/115/110 116/116/111 117/117/112
f 118/118/113 119/119/114 120/120/115
f 120/120/115 119/119/114 121/121/116
f 122/122/117 118/118/113 113/113/108
f 118/118/113 122/122/117 119/119/114
f 123/123/118 124/124/119 125/125/120
f 123/123/118 125/125/120 126/126/121
f 127/127/122 122/122/117 128/128/123
f 122/122/117 127/127/122 125/125/120
f 129/129/124 130/130/125 131/131/126
f 129/129/124 131/131/126 132/132/127
f 115/115/110 133/133/57 111/111/106
f 111/111/106 133/133/57 114/114/109
f 120/120/115 121/121/116 134/134/112
f 134/134/112 121/121/116 135/135/118
f 136/136/58 126/126/121 127/127/122
f 127/127/122 126/126/121 125/125/120
f 137/137/98 138/138/125 110/110/105
f 110/110/105 138/138/125 109/109/104
f 113/113/108 112/112/107 122/122/117
f 112/112/107 128/128/123 122/122/117
f 101/101/96 139/139/128 107/107/102
f 139/139/128 101/101/96 104/104/99
f 116/116/111 111/111/106 140/140/129
f 140/140/129 111/111/106 113/113/108
f 125/125/120 141/141/130 122/122/117
f 141/141/130 125/125/120 124/124/119
f 129/129/124 132/132/127 142/142/131
f 142/142/131 132/132/127 108/108/103
f 114/114/109 133/133/57 143/143/57
f 143/143/57 144/144/132 114/114/109
f 114/114/109 144/144/132 112/112/107
f 112/112/107 144/144/132 145/145/133
f 128/128/123 112/112/107 145/145/133
f 145/145/133 146/146/134 128/128/123
f 147/147/135 128/128/123 146/146/134
f 128/128/123 147/147/135 127/127/122
f 148/148/58 127/127/122 147/147/135
f 127/127/122 148/148/58 136/136/58
f 143/143/57 101/101/96 144/144/132
f 101/101/96 143/143/57 102/102/97
f 107/107/102 144/144/132 101/101/96
f 144/144/132 107/107/102 145/145/133
f 108/108/103 146/146/134 107/107/102
f 145/145/133 107/107/102 146/146/134
f 132/132/127 147/147/135 108/108/103
f 146/146/134 108/108/103 147/147/135
f 131/131/126 148/148/58 132/132/127
f 132/132/127 148/148/58 147/147/135
f 149/149/136 150/150/137 151/151/138
f 152/152/139 151/151/138 150/150/137
f 153/153/140 149/149/136 154/154/141
f 149/149/136 153/153/140 150/150/137
f 155/155/142 154/154/141 156/156/143
f 154/154/141 155/155/142 153/153/140
f 157/157/144 155/155/142 156/156/143
f 155/155/142 157/157/144 158/158/145
f 159/159/146 158/158/145 157/157/144
f 158/158/145 159/159/146 160/160/147
f 161/161/148 160/160/147 159/159/146
f 160/160/147 161/161/148 162/162/149
f 163/163/150 162/162/149 161/161/148
f 162/162/149 163/163/150 164/164/151
f 165/165/152 166/166/153 163/163/150
f 164/164/151 163/163/150 166/166/153
f 167/167/154 169/168/155 168/169/156
f 169/168/155 167/167/154 170/170/157
f 170/170/157 167/167/154 171/171/158
f 171/171/158 172/172/159 170/170/157
f 172/172/159 171/171/158 173/173/160
f 174/174/161 169/168/155 170/170/157
f 174/174/161 175/175/162 169/168/155
f 175/175/162 176/176/163 179/177/164
f 176/176/163 175/175/162 177/178/165
f 175/175/162 178/179/166 177/178/165
f 175/175/162 179/177/164 169/168/155
f 168/169/156 179/177/164 180/180/167
f 168/169/156 169/168/155 179/177/164
f 179/177/164 181/181/168 180/180/167
f 181/181/168 179/177/164 176/176/163
f 168/169/156 180/180/167 182/182/169
f 183/183/170 182/182/169 180/180/167
f 182/182/169 183/183/170 184/184/171
f 177/178/165 178/179/166 185/185/172
f 178/179/166 186/186/173 185/185/172
f 185/185/172 186/186/173 187/187/174
f 186/186/173 188/188/175 187/187/174
f 189/189/176 187/187/174 188/188/175
f 187/187/174 189/189/176 190/190/177
f 190/190/177 189/189/176 191/191/178
f 189/189/176 192/192/179 191/191/178
f 192/192/179 195/193/180 193/194/181
f 193/194/181 194/195/182 192/192/179
f 194/195/182 191/191/178 192/192/179
f 195/193/180 192/192/179 196/196/183
f 196/196/183 197/197/184 195/193/180
f 195/193/180 197/197/184 198/198/185
f 197/197/184 199/199/186 198/198/185
f 198/198/185 199/199/186 200/200/187
f 199/199/186 201/201/188 200/200/187
f 201/201/188 199/199/186 202/202/189
f 202/202/189 203/203/190 201/201/188
f 203/203/190 202/202/189 204/204/191
f 204/204/191 205/205/192 203/203/190
f 194/195/182 206/206/193 205/205/192
f 203/203/190 205/205/192 206/206/193
f 206/206/193 194/195/182 207/207/194
f 206/206/193 207/207/194 208/208/195
f 203/203/190 206/206/193 208/208/195
f 207/207/194 193/194/181 208/208/195
f 208/208/195 193/194/181 195/193/180
f 198/198/185 208/208/195 195/193/180
f 203/203/190 208/208/195 201/201/188
f 201/201/188 208/208/195 200/200/187
f 208/208/195 198/198/185 200/200/187
f 194/195/182 193/194/181 207/207/194
f 191/191/178 194/195/182 209/209/196
f 209/209/196 194/195/182 211/210/197
f 210/211/161 211/210/197 194/195/182
f 209/209/196 211/210/197 212/212/198
f 211/210/197 213/213/171 212/212/198
f 213/213/171 211/210/197 214/214/160
f 211/210/197 210/211/161 215/215/199
f 216/216/200 212/212/198 217/217/167
f 216/216/200 209/209/196 212/212/198
f 209/209/196 218/218/201 191/191/178
f 218/218/201 209/209/196 219/219/202
f 209/209/196 220/220/203 219/219/202
f 220/220/203 209/209/196 221/221/168
f 221/221/168 222/222/204 220/220/203
f 222/222/204 221/221/168 223/223/205
f 224/224/206 222/222/204 223/223/205
f 225/225/207 222/222/204 224/224/206
f 224/224/206 226/226/208 225/225/207
f 225/225/207 226/226/208 227/227/209
f 226/226/208 228/228/210 227/227/209
f 228/228/210 226/226/208 229/229/211
f 229/229/211 230/230/212 228/228/210
f 230/230/212 229/229/211 231/231/213
f 231/231/213 191/191/178 230/230/212
f 230/230/212 191/191/178 218/218/201
f 218/218/201 232/232/214 230/230/212
f 232/232/214 228/228/210 230/230/212
f 232/232/214 219/219/202 220/220/203
f 232/232/214 218/218/201 219/219/202
f 220/220/203 222/222/204 232/232/214
f 225/225/207 232/232/214 222/222/204
f 232/232/214 225/225/207 227/227/209
f 227/227/209 228/228/210 232/232/214
f 238/233/215 233/234/216 234/235/217
f 233/234/216 235/236/218 234/235/217
f 235/236/218 233/234/216 236/237/219
f 237/238/220 236/237/219 233/234/216
f 233/234/216 240/239/221 237/238/220
f 238/233/215 239/240/222 233/234/216
f 240/239/221 233/234/216 239/240/222
f 241/241/31 239/240/222 238/233/215
f 241/241/31 238/233/215 242/242/54
f 244/243/53 241/241/31 242/242/54
f 241/241/31 244/243/53 243/244/52
f 245/245/48 243/244/52 244/243/53
f 245/245/48 244/243/53 246/246/49
f 247/247/223 245/245/48 246/246/49
f 247/247/223 246/246/49 248/248/224
f 249/249/225 247/247/223 248/248/224
f 249/249/225 252/250/226 250/251/227
f 250/251/227 251/252/228 249/249/225
f 251/252/228 254/253/229 249/249/225
f 252/250/226 249/249/225 253/254/230
f 247/247/223 249/249/225 254/253/229
f 254/253/229 256/255/231 255/256/232
f 256/255/231 254/253/229 257/257/23
f 254/253/229 258/258/233 257/257/23
f 254/253/229 251/252/228 258/258/233
f 257/257/23 258/258/233 259/259/234
f 258/258/233 260/260/235 259/259/234
f 260/260/235 258/258/233 261/261/236
f 251/252/228 263/262/237 258/258/233
f 258/258/233 263/262/237 262/263/221
f 264/264/238 263/262/237 265/265/239
f 263/262/237 266/266/240 265/265/239
f 263/262/237 251/252/228 266/266/240
f 262/263/221 263/262/237 267/267/241
f 266/266/240 269/268/242 268/269/243
f 269/268/242 266/266/240 251/252/228
f 261/261/236 270/270/244 260/260/235
f 260/260/235 270/270/244 271/271/245
f 270/270/244 272/272/246 271/271/245
f 272/272/246 270/270/244 273/273/247
f 272/272/246 273/273/247 274/274/28
f 274/274/28 276/275/26 275/276/248
f 275/276/248 272/272/246 274/274/28
f 276/275/26 274/274/28 277/277/27
f 277/277/27 256/255/231 276/275/26
f 256/255/231 277/277/27 255/256/232
f 278/278/57 275/276/248 276/275/26
f 256/255/231 278/278/57 276/275/26
f 260/260/235 278/278/57 259/259/234
f 259/259/234 278/278/57 257/257/23
f 257/257/23 278/278/57 256/255/231
f 278/278/57 260/260/235 271/271/245
f 271/271/245 272/272/246 278/278/57
f 278/278/57 272/272/246 275/276/248
f 279/279/249 252/250/226 253/254/230
f 252/250/226 279/279/249 280/280/250
f 279/279/249 281/281/44 280/280/250
f 281/281/44 282/282/251 284/283/252
f 282/282/251 281/281/44 283/284/253
f 281/281/44 284/283/252 280/280/250
f 284/283/252 282/282/251 285/285/58
f 284/283/252 285/285/58 280/280/250
f 280/280/250 285/285/58 252/250/226
f 252/250/226 285/285/58 250/251/227
f 285/285/58 286/286/254 250/251/227
f 285/285/58 287/287/255 286/286/254
f 285/285/58 288/288/256 287/287/255
f 282/282/251 288/288/256 285/285/58
f 282/282/251 289/289/257 288/288/256
f 289/289/257 287/287/255 288/288/256
f 287/287/255 289/289/257 290/290/242
f 289/289/257 282/282/251 283/284/253
f 251/252/228 287/287/255 290/290/242
f 287/287/255 251/252/228 286/286/254
f 251/252/228 250/251/227 286/286/254
f 291/291/258 238/233/215 234/235/217
f 234/235/217 292/292/243 291/291/258
f 292/292/243 294/293/259 293/294/260
f 292/292/243 235/236/218 294/293/259
f 234/235/217 235/236/218 292/292/243
f 293/294/260 294/293/259 295/295/261
f 236/237/219 237/238/220 296/296/262
f 297/297/263 296/296/262 237/238/220
f 296/296/262 297/297/263 298/298/238
f 300/299/264 303/300/265 299/301/266
f 299/301/266 301/302/267 300/299/264
f 302/303/268 301/302/267 299/301/266
f 299/301/266 304/304/269 302/303/268
f 304/304/269 299/301/266 303/300/265
f 303/300/265 300/299/264 305/305/270
f 305/305/270 306/306/175 303/300/265
f 307/307/174 308/308/173 306/306/175
f 306/306/175 305/305/270 307/307/174
f 309/309/172 310/310/166 308/308/173
f 308/308/173 307/307/174 309/309/172
f 312/311/271 310/310/166 311/312/165
f 310/310/166 309/309/172 311/312/165
f 310/310/166 312/311/271 313/313/272
f 312/311/271 314/314/273 313/313/272
f 317/315/274 314/314/273 315/316/190
f 315/316/190 314/314/273 316/317/275
f 314/314/273 318/318/276 316/317/275
f 314/314/273 319/319/277 318/318/276
f 319/319/277 314/314/273 320/320/278
f 314/314/273 312/311/271 320/320/278
f 320/320/278 322/321/279 321/322/203
f 321/322/203 319/319/277 320/320/278
f 321/322/203 322/321/279 323/323/204
f 322/321/279 324/324/207 323/323/204
f 324/324/207 322/321/279 325/325/206
f 326/326/208 324/324/207 325/325/206
f 324/324/207 326/326/208 327/327/209
f 326/326/208 328/328/211 327/327/209
f 329/329/280 330/330/281 328/328/211
f 330/330/281 327/327/209 328/328/211
f 332/331/214 330/330/281 331/332/212
f 330/330/281 329/329/280 331/332/212
f 332/331/214 327/327/209 330/330/281
f 332/331/214 333/333/202 321/322/203
f 321/322/203 323/323/204 332/331/214
f 323/323/204 324/324/207 332/331/214
f 332/331/214 334/334/282 333/333/202
f 334/334/282 332/331/214 331/332/212
f 324/324/207 327/327/209 332/331/214
f 334/334/282 329/329/280 335/335/283
f 335/335/283 333/333/202 334/334/282
f 329/329/280 334/334/282 331/332/212
f 333/333/202 335/335/283 319/319/277
f 319/319/277 321/322/203 333/333/202
f 319/319/277 338/336/284 318/318/276
f 336/337/283 337/338/285 319/319/277
f 338/336/284 319/319/277 337/338/285
f 337/338/285 339/339/286 338/336/284
f 340/340/269 338/336/284 341/341/268
f 340/340/269 318/318/276 338/336/284
f 339/339/286 337/338/285 342/342/287
f 337/338/285 336/337/283 343/343/288
f 316/317/275 318/318/276 344/344/194
f 318/318/276 345/345/289 344/344/194
f 345/345/289 318/318/276 346/346/290
f 346/346/290 347/347/180 345/345/289
f 347/347/180 346/346/290 348/348/291
f 348/348/291 349/349/184 347/347/180
f 347/347/180 349/349/184 350/350/292
f 351/351/186 350/350/292 349/349/184
f 350/350/292 351/351/186 352/352/187
f 351/351/186 353/353/293 352/352/187
f 353/353/293 351/351/186 354/354/189
f 354/354/189 315/316/190 353/353/293
f 315/316/190 354/354/189 317/315/274
f 355/355/195 352/352/187 353/353/293
f 353/353/293 315/316/190 355/355/195
f 315/316/190 316/317/275 355/355/195
f 316/317/275 344/344/194 355/355/195
f 345/345/289 355/355/195 344/344/194
f 355/355/195 345/345/289 347/347/180
f 355/355/195 347/347/180 350/350/292
f 352/352/187 355/355/195 350/350/292
f 300/299/264 356/356/294 305/305/270
f 356/356/294 300/299/264 357/357/288
f 358/358/295 357/357/288 359/359/296
f 359/359/296 357/357/288 360/360/297
f 300/299/264 360/360/297 357/357/288
f 300/299/264 301/302/267 360/360/297
f 361/361/287 358/358/295 359/359/296
f 301/302/267 302/303/268 362/362/298
f 363/363/299 362/362/298 302/303/268
f 362/362/298 363/363/299 364/364/286
f 365/365/300 366/366/301 369/367/302
f 365/365/300 367/368/303 366/366/301
f 367/368/303 365/365/300 368/369/304
f 368/369/304 365/365/300 381/370/305
f 365/365/300 369/367/302 370/371/306
f 371/372/307 365/365/300 370/371/306
f 372/373/308 365/365/300 371/372/307
f 365/365/300 372/373/308 373/374/309
f 365/365/300 373/374/309 374/375/310
f 365/365/300 374/375/310 376/376/311
f 377/377/312 365/365/300 375/378/313
f 375/378/313 365/365/300 376/376/311
f 378/379/314 365/365/300 377/377/312
f 365/365/300 378/379/314 379/380/315
f 365/365/300 379/380/315 380/381/316
f 381/370/305 365/365/300 380/381/316
f 383/382/317 381/370/305 380/381/316
f 382/383/318 368/369/304 381/370/305
f 382/383/318 381/370/305 383/382/317
f 384/384/319 383/382/317 380/381/316
f 384/384/319 385/385/320 383/382/317
f 385/385/320 386/386/321 383/382/317
f 386/386/321 382/383/318 383/382/317
f 387/387/322 382/383/318 386/386/321
f 387/387/322 386/386/321 388/388/323
f 389/389/324 388/388/323 386/386/321
f 385/385/320 389/389/324 386/386/321
f 390/390/325 389/389/324 385/385/320
f 391/391/326 390/390/325 392/392/327
f 385/385/320 392/392/327 390/390/325
f 392/392/327 393/393/328 391/391/326
f 393/393/328 392/392/327 394/394/329
f 395/395/330 394/394/329 392/392/327
f 392/392/327 385/385/320 384/384/319
f 392/392/327 384/384/319 395/395/330
f 394/394/329 395/395/330 396/396/331
f 378/379/314 396/396/331 395/395/330
f 395/395/330 384/384/319 379/380/315
f 395/395/330 379/380/315 378/379/314
f 396/396/331 397/397/332 394/394/329
f 397/397/332 396/396/331 398/398/333
f 377/377/312 398/398/333 396/396/331
f 396/396/331 378/379/314 377/377/312
f 398/398/333 376/376/311 399/399/334
f 399/399/334 397/397/332 398/398/333
f 376/376/311 398/398/333 375/378/313
f 398/398/333 377/377/312 375/378/313
f 399/399/334 374/375/310 400/400/335
f 400/400/335 401/401/336 399/399/334
f 397/397/332 399/399/334 401/401/336
f 374/375/310 399/399/334 376/376/311
f 402/402/337 404/403/338 401/401/336
f 401/401/336 403/404/339 402/402/337
f 401/401/336 400/400/335 403/404/339
f 397/397/332 401/401/336 404/403/338
f 404/403/338 394/394/329 397/397/332
f 394/394/329 404/403/338 393/393/328
f 403/404/339 405/405/340 407/406/341
f 405/405/340 403/404/339 406/407/342
f 403/404/339 408/408/343 406/407/342
f 407/406/341 402/402/337 403/404/339
f 408/408/343 403/404/339 400/400/335
f 408/408/343 372/373/308 409/409/344
f 409/409/344 406/407/342 408/408/343
f 400/400/335 373/374/309 408/408/343
f 372/373/308 408/408/343 373/374/309
f 409/409/344 371/372/307 410/410/345
f 410/410/345 411/411/346 409/409/344
f 406/407/342 409/409/344 411/411/346
f 371/372/307 409/409/344 372/373/308
f 412/412/347 406/407/342 411/411/346
f 411/411/346 413/413/348 412/412/347
f 413/413/348 411/411/346 414/414/349
f 411/411/346 410/410/345 414/414/349
f 414/414/349 416/415/350 415/416/351
f 415/416/351 413/413/348 414/414/349
f 416/415/350 414/414/349 410/410/345
f 416/415/350 369/367/302 417/417/352
f 417/417/352 415/416/351 416/415/350
f 410/410/345 370/371/306 416/415/350
f 369/367/302 416/415/350 370/371/306
f 418/418/353 417/417/352 369/367/302
f 418/418/353 419/419/354 417/417/352
f 415/416/351 417/417/352 419/419/354
f 419/419/354 418/418/353 420/420/355
f 420/420/355 421/421/356 419/419/354
f 421/421/356 422/422/357 419/419/354
f 419/419/354 422/422/357 415/416/351
f 413/413/348 415/416/351 422/422/357
f 423/423/358 421/421/356 420/420/355
f 420/420/355 424/424/359 423/423/358
f 424/424/359 420/420/355 425/425/360
f 425/425/360 426/426/361 424/424/359
f 426/426/361 425/425/360 427/427/362
f 427/427/362 388/388/323 426/426/361
f 388/388/323 427/427/362 387/387/322
f 428/428/363 387/387/322 427/427/362
f 429/429/364 427/427/362 425/425/360
f 427/427/362 429/429/364 428/428/363
f 425/425/360 418/418/353 429/429/364
f 367/368/303 428/428/363 429/429/364
f 418/418/353 367/368/303 429/429/364
f 387/387/322 428/428/363 382/383/318
f 368/369/304 382/383/318 428/428/363
f 428/428/363 367/368/303 368/369/304
f 418/418/353 425/425/360 420/420/355
f 367/368/303 418/418/353 366/366/301
f 366/366/301 418/418/353 369/367/302
f 406/407/342 412/412/347 405/405/340
f 370/371/306 410/410/345 371/372/307
f 373/374/309 400/400/335 374/375/310
f 379/380/315 384/384/319 380/381/316
f 430/430/365 431/431/366 434/432/367
f 430/430/365 432/433/65 431/431/366
f 433/434/368 432/433/65 430/430/365
f 430/430/365 436/435/369 433/434/368
f 430/430/365 434/432/367 435/436/323
f 436/435/369 430/430/365 435/436/323
f 437/437/370 433/434/368 436/435/369
f 438/438/371 439/439/372 437/437/370
f 433/434/368 437/437/370 439/439/372
f 439/439/372 438/438/371 440/440/373
f 440/440/373 441/441/374 439/439/372
f 442/442/95 439/439/372 441/441/374
f 439/439/372 442/442/95 433/434/368
f 432/433/65 433/434/368 442/442/95
f 441/441/374 440/440/373 443/443/375
f 440/440/373 444/444/376 443/443/375
f 440/440/373 445/445/377 444/444/376
f 445/445/377 446/446/378 444/444/376
f 445/445/377 447/447/379 446/446/378
f 448/448/380 447/447/379 445/445/377
f 448/448/380 449/449/381 447/447/379
f 438/438/371 448/448/380 445/445/377
f 445/445/377 440/440/373 438/438/371
f 450/450/382 434/432/367 431/431/366
f 434/432/367 450/450/382 451/451/359
f 452/452/383 451/451/359 450/450/382
f 451/451/359 452/452/383 453/453/384
f 450/450/382 454/454/385 452/452/383
f 454/454/385 450/450/382 455/455/67
f 455/455/67 431/431/366 456/456/63
f 431/431/366 455/455/67 450/450/382
f 432/433/65 456/456/63 431/431/366
f 457/457/71 459/458/386 458/459/387
f 457/457/71 461/460/388 459/458/386
f 460/461/73 461/460/388 457/457/71
f 462/462/75 461/460/388 460/461/73
f 461/460/388 464/463/357 459/458/386
f 461/460/388 462/462/75 463/464/389
f 463/464/389 464/463/357 461/460/388
f 459/458/386 464/463/357 465/465/356
f 464/463/357 463/464/389 466/466/348
f 463/464/389 467/467/390 466/466/348
f 468/468/391 469/469/392 467/467/390
f 467/467/390 463/464/389 468/468/391
f 470/470/393 471/471/394 469/469/392
f 469/469/392 468/468/391 470/470/393
f 474/472/395 471/471/394 472/473/396
f 471/471/394 470/470/393 472/473/396
f 471/471/394 474/472/395 473/474/397
f 472/473/396 475/475/398 474/472/395
f 477/476/399 474/472/395 475/475/398
f 476/477/400 473/474/397 474/472/395
f 474/472/395 477/476/399 476/477/400
f 473/474/397 476/477/400 478/478/401
f 475/475/398 472/473/396 479/479/402
f 472/473/396 480/480/403 479/479/402
f 480/480/403 472/473/396 470/470/393
f 470/470/393 481/481/77 480/480/403
f 481/481/77 470/470/393 468/468/391
f 468/468/391 462/462/75 481/481/77
f 462/462/75 468/468/391 463/464/389
f 459/458/386 465/465/356 482/482/404
f 482/482/404 465/465/356 483/483/405
f 458/459/387 459/458/386 482/482/404
f 490/484/406 484/485/407 485/486/408
f 484/485/407 486/487/409 485/486/408
f 486/487/409 484/485/407 487/488/410
f 488/489/214 487/488/410 484/485/407
f 489/490/411 488/489/214 484/485/407
f 489/490/411 484/485/407 490/484/406
f 492/491/92 491/492/412 490/484/406
f 491/492/412 489/490/411 490/484/406
f 485/486/408 492/491/92 490/484/406
f 492/491/92 493/493/413 491/492/412
f 492/491/92 485/486/408 494/494/414
f 485/486/408 495/495/64 494/494/414
f 485/486/408 486/487/409 495/495/64
f 496/496/415 495/495/64 486/487/409
f 495/495/64 496/496/415 497/497/416
f 497/497/416 496/496/415 499/498/417
f 498/499/418 497/497/416 499/498/417
f 499/498/417 500/500/419 501/501/420
f 500/500/419 499/498/417 496/496/415
f 501/501/420 498/499/418 499/498/417
f 501/501/420 500/500/419 504/502/421
f 498/499/418 501/501/420 502/503/422
f 503/504/423 502/503/422 501/501/420
f 504/502/421 503/504/423 501/501/420
f 487/488/410 504/502/421 500/500/419
f 506/505/424 503/504/423 504/502/421
f 504/502/421 487/488/410 505/506/425
f 505/506/425 506/505/424 504/502/421
f 506/505/424 507/507/426 509/508/427
f 507/507/426 506/505/424 508/509/428
f 505/506/425 508/509/428 506/505/424
f 509/508/427 511/510/429 506/505/424
f 503/504/423 506/505/424 510/511/430
f 510/511/430 506/505/424 511/510/429
f 511/510/429 512/512/431 510/511/430
f 513/513/432 510/511/430 512/512/431
f 514/514/433 510/511/430 513/513/432
f 502/503/422 503/504/423 514/514/433
f 510/511/430 514/514/433 503/504/423
f 508/509/428 515/515/434 507/507/426
f 515/515/434 508/509/428 516/516/435
f 505/506/425 516/516/435 508/509/428
f 488/489/214 517/517/436 516/516/435
f 516/516/435 505/506/425 488/489/214
f 517/517/436 518/515/437 516/516/435
f 518/515/437 517/517/436 519/518/438
f 520/519/439 519/518/438 521/520/440
f 521/520/440 519/518/438 517/517/436
f 521/520/440 522/521/441 520/519/439
f 525/522/442 521/520/440 517/517/436
f 522/521/441 521/520/440 523/523/443
f 523/523/443 521/520/440 526/524/444
f 526/524/444 521/520/440 524/525/445
f 521/520/440 525/522/442 524/525/445
f 524/525/445 527/526/446 526/524/444
f 528/527/447 526/524/444 527/526/446
f 526/524/444 528/527/447 529/528/448
f 529/528/448 523/523/443 526/524/444
f 529/528/448 530/529/449 523/523/443
f 531/530/450 523/523/443 530/529/449
f 523/523/443 531/530/450 522/521/441
f 528/527/447 527/526/446 532/531/451
f 533/532/452 532/531/451 527/526/446
f 533/532/452 493/493/413 532/531/451
f 527/526/446 534/533/453 533/532/452
f 534/533/453 491/492/412 533/532/452
f 491/492/412 493/493/413 533/532/452
f 524/525/445 489/490/411 534/533/453
f 489/490/411 491/492/412 534/533/453
f 527/526/446 524/525/445 534/533/453
f 517/517/436 488/489/214 525/522/442
f 488/489/214 489/490/411 525/522/442
f 489/490/411 524/525/445 525/522/442
f 487/488/410 488/489/214 505/506/425
f 496/496/415 487/488/410 500/500/419
f 487/488/410 496/496/415 486/487/409
f 535/534/454 536/535/455 540/536/66
f 535/534/454 537/537/456 536/535/455
f 537/537/456 535/534/454 538/538/457
f 535/534/454 539/539/458 538/538/457
f 539/539/458 535/534/454 541/540/459
f 540/536/66 541/540/459 535/534/454
f 539/539/458 541/540/459 542/541/460
f 543/542/461 544/543/462 542/541/460
f 542/541/460 544/543/462 539/539/458
f 544/543/462 538/538/457 539/539/458
f 544/543/462 545/544/463 538/538/457
f 543/542/461 546/545/464 544/543/462
f 545/544/463 544/543/462 546/545/464
f 545/544/463 546/545/464 549/546/465
f 548/547/466 546/545/464 547/548/467
f 546/545/464 543/542/461 547/548/467
f 548/547/466 549/546/465 546/545/464
f 549/546/465 550/549/468 552/550/469
f 550/549/468 549/546/465 551/551/470
f 549/546/465 553/552/471 551/551/470
f 549/546/465 552/550/469 554/553/472
f 553/552/471 549/546/465 548/547/466
f 549/546/465 554/553/472 545/544/463
f 552/550/469 555/554/58 554/553/472
f 555/554/58 537/537/456 554/553/472
f 545/544/463 554/553/472 537/537/456
f 537/537/456 555/554/58 556/555/473
f 555/554/58 558/556/474 556/555/473
f 552/550/469 557/557/475 555/554/58
f 557/557/475 559/558/476 555/554/58
f 555/554/58 559/558/476 558/556/474
f 562/559/477 560/560/478 559/558/476
f 560/560/478 558/556/474 559/558/476
f 557/557/475 561/561/479 559/558/476
f 561/561/479 562/559/477 559/558/476
f 562/559/477 563/562/480 564/563/481
f 563/562/480 562/559/477 561/561/479
f 564/563/481 566/564/482 562/559/477
f 567/565/483 562/559/477 565/566/484
f 565/566/484 562/559/477 566/564/482
f 562/559/477 567/565/483 560/560/478
f 567/565/483 568/567/485 570/568/486
f 567/565/483 569/569/487 568/567/485
f 565/566/484 569/569/487 567/565/483
f 560/560/478 567/565/483 570/568/486
f 570/568/486 573/570/488 571/571/489
f 571/571/489 572/572/490 570/568/486
f 560/560/478 570/568/486 572/572/490
f 573/570/488 570/568/486 568/567/485
f 574/573/491 571/571/489 573/570/488
f 575/574/70 576/575/492 574/573/491
f 574/573/491 576/575/492 571/571/489
f 576/575/492 558/556/474 572/572/490
f 558/556/474 576/575/492 577/576/493
f 576/575/492 575/574/70 577/576/493
f 572/572/490 571/571/489 576/575/492
f 577/576/493 556/555/473 558/556/474
f 556/555/473 577/576/493 578/577/494
f 575/574/70 578/577/494 577/576/493
f 578/577/494 540/536/66 536/535/455
f 536/535/455 556/555/473 578/577/494
f 540/536/66 578/577/494 579/578/495
f 578/577/494 575/574/70 579/578/495
f 558/556/474 560/560/478 572/572/490
f 565/566/484 580/579/496 569/569/487
f 565/566/484 581/580/497 580/579/496
f 581/580/497 565/566/484 566/564/482
f 561/561/479 582/581/498 563/562/480
f 582/581/498 561/561/479 557/557/475
f 557/557/475 552/550/469 583/581/499
f 583/581/499 552/550/469 550/549/468
f 556/555/473 536/535/455 537/537/456
f 548/547/466 584/582/500 553/552/471
f 584/582/500 548/547/466 585/583/501
f 585/583/501 548/547/466 547/548/467
f 537/537/456 538/538/457 545/544/463
f 586/584/502 588/585/503 587/586/504
f 588/585/503 586/584/502 589/587/502
s 0
f 586/584/502 593/588/502 589/587/502
f 593/588/502 586/584/502 590/589/502
s 1
f 586/584/502 591/590/505 590/589/502
f 591/590/505 586/584/502 592/586/506
s 0
f 593/588/502 594/591/502 606/592/502
f 594/591/502 593/588/502 595/593/502
f 595/593/502 593/588/502 596/594/502
f 604/595/502 596/594/502 593/588/502
f 593/588/502 590/589/502 597/596/502
f 597/596/502 598/597/502 593/588/502
f 598/597/502 599/598/502 593/588/502
f 600/599/502 593/588/502 599/598/502
f 601/600/502 593/588/502 600/599/502
f 602/601/502 593/588/502 601/600/502
f 603/602/502 593/588/502 602/601/502
f 603/602/502 604/595/502 593/588/502
f 605/603/502 607/604/502 593/588/502
f 605/603/502 593/588/502 606/592/502
f 607/604/502 608/605/502 593/588/502
f 593/588/502 608/605/502 609/606/502
f 593/588/502 609/606/502 610/607/502
f 593/588/502 610/607/502 611/608/502
f 593/588/502 611/608/502 612/609/502
f 612/609/502 613/610/502 593/588/502
f 613/610/502 614/611/502 593/588/502
f 589/587/502 593/588/502 614/611/502
f 614/611/502 613/610/502 615/612/502
s 1
f 613/610/502 616/613/507 615/612/502
f 618/614/508 615/612/502 616/613/507
f 615/612/502 618/614/508 617/611/502
f 618/614/508 589/587/502 617/611/502
f 589/587/502 618/614/508 588/585/503
f 616/613/507 613/610/502 619/615/509
f 620/616/510 619/615/509 613/610/502
f 613/610/502 621/617/502 620/616/510
f 621/617/502 622/618/511 620/616/510
f 622/618/511 611/608/502 623/619/512
f 611/608/502 622/618/511 612/609/502
f 621/617/502 612/609/502 622/618/511
f 624/607/502 623/619/512 611/608/502
f 623/619/512 624/607/502 625/620/513
s 0
f 613/610/502 612/609/502 621/617/502
f 608/605/502 607/604/502 626/621/502
f 607/604/502 605/603/502 627/622/502
s 1
f 630/623/514 628/624/515 627/622/502
f 628/624/515 629/604/502 627/622/502
f 627/622/502 605/603/502 630/623/514
f 630/623/514 606/592/502 631/625/516
f 606/592/502 630/623/514 605/603/502
f 594/591/502 631/625/516 606/592/502
f 631/625/516 594/591/502 632/626/517
f 629/604/502 634/627/518 633/621/502
f 634/627/518 629/604/502 635/628/519
f 628/624/515 635/628/519 629/604/502
f 636/629/520 633/621/502 634/627/518
f 633/621/502 636/629/520 637/605/502
f 638/606/502 637/605/502 636/629/520
f 638/606/502 636/629/520 639/630/521
f 639/630/521 640/607/502 638/606/502
f 640/607/502 639/630/521 641/620/522
f 604/595/502 642/631/523 644/632/502
f 642/631/523 604/595/502 643/633/524
f 604/595/502 645/634/525 643/633/524
s 0
f 596/594/502 604/595/502 644/632/502
s 1
f 645/634/525 604/595/502 646/635/502
s 0
f 604/595/502 603/602/502 646/635/502
s 1
f 647/636/526 645/634/525 646/635/502
f 646/635/502 603/602/502 647/636/526
f 647/636/526 649/601/502 648/637/527
f 649/601/502 647/636/526 603/602/502
f 650/600/502 648/637/527 649/601/502
f 648/637/527 650/600/502 651/638/528
f 652/639/529 644/632/502 642/631/523
f 644/632/502 652/639/529 596/594/502
f 595/593/502 596/594/502 652/639/529
f 652/639/529 653/640/530 595/593/502
f 653/640/530 654/626/531 594/591/502
f 594/591/502 595/593/502 653/640/530
s 0
f 599/598/502 598/597/502 655/641/502
f 598/597/502 597/596/502 656/642/502
s 1
f 656/642/502 659/643/532 657/644/533
f 657/644/533 658/597/502 656/642/502
f 659/643/532 656/642/502 597/596/502
f 659/643/532 590/589/502 591/590/505
f 590/589/502 659/643/532 597/596/502
f 658/597/502 661/645/534 660/641/502
f 661/645/534 658/597/502 662/646/535
f 657/644/533 662/646/535 658/597/502
f 663/647/536 660/641/502 661/645/534
f 660/641/502 663/647/536 664/598/502
f 663/647/536 665/599/502 664/598/502
f 663/647/536 666/648/537 665/599/502
f 666/648/537 668/638/538 667/600/502
f 667/600/502 665/599/502 666/648/537
f 673/649/539 669/650/540 670/651/541
f 669/650/540 671/652/542 670/651/541
f 671/652/542 669/650/540 674/653/74
f 672/654/543 674/653/74 669/650/540
f 672/654/543 669/650/540 673/649/539
f 674/653/74 675/655/544 671/652/542
f 674/653/74 672/654/543 676/656/545
f 677/657/78 676/656/545 672/654/543
f 672/654/543 678/658/546 677/657/78
f 680/659/547 677/657/78 678/658/546
f 677/657/78 680/659/547 679/660/548
f 681/661/549 683/662/550 680/659/547
f 680/659/547 682/663/551 681/661/549
f 682/663/551 680/659/547 678/658/546
f 683/662/550 679/660/548 680/659/547
f 683/662/550 681/661/549 684/664/552
f 684/664/552 685/665/553 683/662/550
f 679/660/548 683/662/550 685/665/553
f 685/665/553 684/664/552 686/666/554
f 686/666/554 684/664/552 687/667/555
f 687/667/555 688/668/556 686/666/554
f 688/668/556 687/667/555 690/669/557
f 689/670/558 688/668/556 690/669/557
f 690/669/557 691/671/559 689/670/558
f 691/671/559 690/669/557 692/672/560
f 690/669/557 693/673/561 692/672/560
f 687/667/555 693/673/561 690/669/557
f 692/672/560 693/673/561 694/674/562
f 693/673/561 695/675/563 694/674/562
f 695/675/563 693/673/561 696/676/564
f 693/673/561 698/677/565 696/676/564
f 693/673/561 687/667/555 697/678/566
f 697/678/566 698/677/565 693/673/561
f 697/678/566 682/663/551 698/677/565
f 699/679/195 698/677/565 682/663/551
f 698/677/565 699/679/195 700/680/567
f 700/680/567 696/676/564 698/677/565
f 700/680/567 702/681/568 701/682/569
f 702/681/568 700/680/567 699/679/195
f 703/682/570 696/676/564 700/680/567
f 696/676/564 703/682/570 695/675/563
f 704/683/571 701/682/569 702/681/568
f 702/681/568 705/684/572 704/683/571
f 702/681/568 706/685/573 705/684/572
f 699/679/195 706/685/573 702/681/568
f 699/679/195 670/651/541 706/685/573
f 706/685/573 670/651/541 707/686/574
f 706/685/573 707/686/574 705/684/572
f 670/651/541 708/687/575 707/686/574
f 710/688/576 707/686/574 708/687/575
f 709/689/577 705/684/572 707/686/574
f 707/686/574 710/688/576 709/689/577
f 711/690/578 712/691/579 710/688/576
f 710/688/576 708/687/575 711/690/578
f 712/691/579 713/692/580 710/688/576
f 713/692/580 709/689/577 710/688/576
f 709/689/577 713/692/580 714/693/581
f 709/689/577 714/693/581 715/694/582
f 715/694/582 714/693/581 716/695/583
f 717/696/584 715/694/582 716/695/583
f 715/694/582 717/696/584 718/697/585
f 718/697/585 705/684/572 715/694/582
f 705/684/572 718/697/585 719/698/586
f 705/684/572 719/698/586 704/683/571
f 705/684/572 709/689/577 715/694/582
f 675/655/544 712/691/579 711/690/578
f 675/655/544 711/690/578 671/652/542
f 711/690/578 708/687/575 671/652/542
f 671/652/542 708/687/575 670/651/541
f 670/651/541 699/679/195 673/649/539
f 682/663/551 673/649/539 699/679/195
f 697/678/566 684/664/552 681/661/549
f 684/664/552 697/678/566 687/667/555
f 682/663/551 697/678/566 681/661/549
f 678/658/546 673/649/539 682/663/551
f 673/649/539 678/658/546 672/654/543
f 724/699/587 720/700/588 721/701/589
f 720/700/588 722/702/590 721/701/589
f 725/703/591 722/702/590 720/700/588
f 723/704/592 725/703/591 720/700/588
f 720/700/588 724/699/587 723/704/592
f 722/702/590 725/703/591 726/705/593
f 728/706/594 726/705/593 725/703/591
f 725/703/591 723/704/592 727/707/595
f 727/707/595 728/706/594 725/703/591
f 728/706/594 732/708/596 729/709/597
f 729/709/597 730/710/598 728/706/594
f 728/706/594 730/710/598 731/711/599
f 726/705/593 728/706/594 731/711/599
f 732/708/596 728/706/594 733/712/600
f 728/706/594 727/707/595 733/712/600
f 733/712/600 734/713/601 732/708/596
f 734/713/601 733/712/600 735/714/602
f 733/712/600 736/715/603 735/714/602
f 736/715/603 733/712/600 727/707/595
f 727/707/595 737/716/604 736/715/603
f 737/716/604 723/704/592 738/717/605
f 737/716/604 727/707/595 723/704/592
f 724/699/587 738/717/605 723/704/592
f 739/718/606 738/717/605 724/699/587
f 740/719/82 739/718/606 721/701/589
f 739/718/606 724/699/587 721/701/589
f 740/719/82 721/701/589 741/720/607
f 742/721/608 740/719/82 741/720/607
f 740/719/82 742/721/608 743/722/609
f 742/721/608 744/723/87 743/722/609
f 742/721/608 745/724/610 744/723/87
f 747/725/611 744/723/87 745/724/610
f 744/723/87 747/725/611 746/726/612
f 747/725/611 748/727/613 749/728/614
f 748/727/613 747/725/611 745/724/610
f 749/728/614 750/729/615 747/725/611
f 747/725/611 750/729/615 746/726/612
f 750/729/615 749/728/614 751/730/616
f 751/730/616 752/731/617 750/729/615
f 752/731/617 746/726/612 750/729/615
f 752/731/617 751/730/616 753/732/618
f 753/732/618 751/730/616 754/733/619
f 753/732/618 754/733/619 755/734/620
f 756/735/621 755/734/620 754/733/619
f 755/734/620 756/735/621 757/736/622
f 757/736/622 756/735/621 758/737/623
f 756/735/621 759/738/624 758/737/623
f 760/739/625 759/738/624 756/735/621
f 761/740/626 759/738/624 760/739/625
f 760/739/625 762/741/627 761/740/626
f 762/741/627 760/739/625 763/742/628
f 763/742/628 764/743/629 762/741/627
f 764/743/629 763/742/628 765/744/630
f 765/744/630 731/711/599 766/743/631
f 767/745/57 731/711/599 765/744/630
f 768/746/632 767/745/57 765/744/630
f 768/746/632 765/744/630 763/742/628
f 768/746/632 760/739/625 769/747/633
f 769/747/633 748/727/613 768/746/632
f 748/727/613 767/745/57 768/746/632
f 760/739/625 768/746/632 763/742/628
f 748/727/613 769/747/633 749/728/614
f 769/747/633 751/730/616 749/728/614
f 751/730/616 769/747/633 754/733/619
f 760/739/625 754/733/619 769/747/633
f 767/745/57 722/702/590 726/705/593
f 722/702/590 767/745/57 770/748/634
f 748/727/613 770/748/634 767/745/57
f 731/711/599 767/745/57 726/705/593
f 722/702/590 770/748/634 741/720/607
f 742/721/608 741/720/607 770/748/634
f 770/748/634 745/724/610 742/721/608
f 745/724/610 770/748/634 748/727/613
f 730/710/598 766/743/631 731/711/599
f 754/733/619 760/739/625 756/735/621
f 741/720/607 721/701/589 722/702/590
f 771/749/125 772/750/635 774/751/126
f 771/749/125 773/752/636 772/750/635
f 772/750/635 775/753/58 774/751/126
f 775/753/58 772/750/635 776/754/637
f 776/754/637 777/755/638 775/753/58
f 775/753/58 777/755/638 778/756/58
f 777/755/638 779/757/639 778/756/58
f 778/756/58 779/757/639 780/758/640
f 781/759/641 780/758/640 779/757/639
f 781/759/641 782/760/642 780/758/640
f 779/757/639 783/761/643 781/759/641
f 779/757/639 784/762/644 783/761/643
f 779/757/639 785/763/645 784/762/644
f 785/763/645 786/764/646 784/762/644
f 786/764/646 787/765/643 784/762/644
f 788/766/647 787/765/643 786/764/646
f 788/766/647 789/767/648 787/765/643
f 790/768/649 791/769/642 789/767/648
f 790/768/649 789/767/648 788/766/647
f 792/770/650 791/769/642 790/768/649
f 786/764/646 793/771/651 795/772/652
f 793/771/651 786/764/646 794/773/653
f 786/764/646 785/763/645 794/773/653
f 796/774/654 786/764/646 795/772/652
f 797/775/655 796/774/654 795/772/652
f 795/772/652 798/776/650 797/775/655
f 795/772/652 799/777/656 798/776/650
f 795/772/652 793/771/651 799/777/656
f 799/777/656 793/771/651 800/778/57
f 793/771/651 801/779/57 800/778/57
f 801/779/57 793/771/651 802/780/657
f 803/781/658 801/779/57 802/780/657
f 801/779/57 803/781/658 804/782/659
f 804/782/659 805/783/660 806/784/661
f 804/782/659 803/781/658 805/783/660
f 803/781/658 807/785/662 805/783/660
f 803/781/658 808/786/663 807/785/662
f 808/786/663 810/787/664 809/788/662
f 811/789/665 810/787/664 808/786/663
f 802/780/657 808/786/663 803/781/658
f 808/786/663 802/780/657 811/789/665
f 802/780/657 794/773/653 811/789/665
f 794/773/653 812/790/666 811/789/665
f 810/787/664 811/789/665 812/790/666
f 810/787/664 812/790/666 776/754/637
f 812/790/666 785/763/645 776/754/637
f 812/790/666 794/773/653 785/763/645
f 809/788/662 810/787/664 813/791/667
f 814/792/667 810/787/664 772/750/635
f 810/787/664 776/754/637 772/750/635
f 773/752/636 814/792/667 772/750/635
f 809/788/662 813/791/667 815/793/668
f 815/793/668 813/791/667 816/794/669
f 815/793/668 816/794/669 817/795/670
f 817/795/670 816/794/669 818/796/671
f 794/773/653 802/780/657 793/771/651
f 785/763/645 779/757/639 777/755/638
f 785/763/645 777/755/638 776/754/637
f 819/797/672 821/798/673 820/799/141
f 821/798/673 819/797/672 822/800/674
f 822/800/674 823/801/675 821/798/673
f 823/801/675 822/800/674 824/802/676
f 821/798/673 823/801/675 825/803/677
f 826/804/678 825/803/677 823/801/675
f 825/803/677 826/804/678 827/805/679
f 828/806/680 827/805/679 826/804/678
f 829/807/681 827/805/679 828/806/680
f 829/807/681 830/808/682 827/805/679
f 829/807/681 831/809/683 830/808/682
f 831/809/683 829/807/681 832/810/684
f 832/810/684 833/811/685 831/809/683
f 833/811/685 832/810/684 834/812/686
f 835/813/687 831/809/683 833/811/685
f 831/809/683 835/813/687 836/814/144
f 831/809/683 836/814/144 830/808/682
f 830/808/682 836/814/144 837/815/688
f 825/803/677 830/808/682 837/815/688
f 820/799/141 825/803/677 837/815/688
f 830/808/682 825/803/677 827/805/679
f 825/803/677 820/799/141 821/798/673
f 838/816/689 840/817/690 839/818/691
f 840/817/690 838/816/689 841/819/692
f 841/819/692 842/820/693 840/817/690
f 841/819/692 843/821/686 842/820/693
f 844/822/694 840/817/690 842/820/693
f 840/817/690 844/822/694 845/823/695
f 845/823/695 844/822/694 846/824/696
f 846/824/696 844/822/694 847/825/697
f 846/824/696 847/825/697 848/826/698
f 848/826/698 849/827/699 846/824/696
f 850/828/700 849/827/699 848/826/698
f 849/827/699 850/828/700 851/829/701
f 851/829/701 850/828/700 852/830/674
f 853/831/676 852/830/674 850/828/700
f 854/832/702 851/829/701 852/830/674
f 851/829/701 854/832/702 855/833/703
f 851/829/701 855/833/703 849/827/699
f 849/827/699 855/833/703 856/834/704
f 839/818/691 845/823/695 856/834/704
f 845/823/695 849/827/699 856/834/704
f 849/827/699 845/823/695 846/824/696
f 845/823/695 839/818/691 840/817/690
s 0
f 857/835/705 858/836/705 860/837/705
f 857/835/705 859/838/705 858/836/705
f 857/835/706 869/822/706 859/838/706
f 867/807/707 857/835/707 860/837/707
f 857/835/705 861/804/705 863/839/705
f 861/804/705 857/835/705 862/806/705
f 857/835/705 867/807/705 862/806/705
f 857/835/705 863/839/705 868/840/705
f 869/822/705 857/835/705 864/825/705
f 857/835/705 865/826/705 864/825/705
f 865/826/705 857/835/705 866/841/705
f 857/835/705 868/840/705 866/841/705
s 1
f 870/842/708 871/843/709 873/844/710
f 870/842/708 872/845/711 871/843/709
f 872/845/711 870/842/708 874/846/712
f 873/844/710 875/847/713 870/842/708
f 870/842/708 875/847/713 874/846/712
f 876/848/714 874/846/712 875/847/713
f 875/847/713 873/844/710 877/849/715
f 878/850/716 877/849/715 873/844/710
f 873/844/710 879/851/717 878/850/716
f 880/852/718 879/851/717 873/844/710
f 881/853/719 880/852/718 871/843/709
f 871/843/709 880/852/718 873/844/710
f 880/852/718 881/853/719 882/854/720
f 882/854/720 883/855/721 884/856/722
f 883/855/721 882/854/720 881/853/719
f 885/857/723 884/856/722 883/855/721
f 883/855/721 886/858/724 885/857/723
f 887/859/725 886/858/724 883/855/721
f 887/859/725 888/860/726 886/858/724
f 888/860/726 887/859/725 889/861/727
f 889/861/727 890/862/728 888/860/726
f 892/863/729 889/861/727 887/859/725
f 889/861/727 892/863/729 891/864/730
f 887/859/725 881/853/719 892/863/729
f 872/845/711 892/863/729 881/853/719
f 892/863/729 872/845/711 893/865/731
f 893/865/731 891/864/730 892/863/729
f 874/846/712 893/865/731 872/845/711
f 874/846/712 894/866/732 893/865/731
f 894/866/732 874/846/712 876/848/714
f 881/853/719 887/859/725 883/855/721
f 872/845/711 881/853/719 871/843/709
f 899/867/733 895/868/734 896/869/735
f 895/868/734 897/870/736 896/869/735
f 897/870/736 895/868/734 898/871/737
f 899/867/733 900/872/738 895/868/734
f 899/867/733 901/873/732 900/872/738
f 901/873/732 899/867/733 902/874/739
f 902/874/739 899/867/733 905/875/740
f 902/874/739 904/876/741 903/877/742
f 904/876/741 902/874/739 905/875/740
f 905/875/740 906/878/743 904/876/741
f 906/878/743 905/875/740 907/879/744
f 905/875/740 896/869/735 907/879/744
f 896/869/735 905/875/740 899/867/733
f 906/878/743 907/879/744 908/880/745
f 908/880/745 907/879/744 897/870/736
f 896/869/735 897/870/736 907/879/744
f 908/880/745 909/881/746 906/878/743
f 897/870/736 910/882/747 908/880/745
f 911/883/748 910/882/747 897/870/736
f 898/871/737 911/883/748 897/870/736
f 906/878/743 909/881/746 913/884/749
f 912/885/750 913/884/749 909/881/746
f 915/886/751 914/887/752 913/884/749
f 914/887/752 906/878/743 913/884/749
f 913/884/749 916/888/753 915/886/751
f 916/888/753 913/884/749 912/885/750
f 914/887/752 915/886/751 917/889/754
f 917/889/754 918/890/755 914/887/752
f 918/890/755 917/889/754 919/891/756
f 904/876/741 914/887/752 918/890/755
f 918/890/755 903/877/742 904/876/741
f 914/887/752 904/876/741 906/878/743
f 920/892/757 921/893/758 924/894/759
f 920/892/757 922/895/728 921/893/758
f 926/896/755 922/895/728 920/892/757
f 925/897/760 920/892/757 923/898/761
f 923/898/761 920/892/757 924/894/759
f 925/897/760 926/896/755 920/892/757
f 926/896/755 927/899/762 928/900/742
f 927/899/762 926/896/755 925/897/760
f 929/901/763 928/900/742 927/899/762
f 928/900/742 929/901/763 930/902/764
f 930/902/764 931/903/765 932/904/766
f 931/903/765 930/902/764 929/901/763
f 932/904/766 933/905/767 934/906/768
f 933/905/767 932/904/766 931/903/765
f 935/907/769 934/906/768 933/905/767
f 936/908/770 935/907/769 937/909/771
f 937/909/771 935/907/769 933/905/767
f 938/910/772 937/909/771 939/911/773
f 938/910/772 936/908/770 937/909/771
f 939/911/773 937/909/771 940/912/774
f 937/909/771 933/905/767 940/912/774
f 939/911/773 940/912/774 941/913/775
f 931/903/765 940/912/774 933/905/767
f 942/914/776 941/913/775 940/912/774
f 940/912/774 931/903/765 942/914/776
f 929/901/763 942/914/776 931/903/765
f 941/913/775 942/914/776 943/915/777
f 944/916/778 943/915/777 942/914/776
f 942/914/776 929/901/763 944/916/778
f 927/899/762 944/916/778 929/901/763
f 943/915/777 944/916/778 945/917/779
f 946/918/780 945/917/779 944/916/778
f 944/916/778 927/899/762 946/918/780
f 947/919/781 948/920/782 946/918/780
f 946/918/780 925/897/760 947/919/781
f 925/897/760 946/918/780 927/899/762
f 945/917/779 946/918/780 948/920/782
f 948/920/782 947/919/781 949/921/783
f 949/921/783 950/922/784 948/920/782
f 951/923/785 948/920/782 950/922/784
f 948/920/782 951/923/785 945/917/779
f 945/917/779 951/923/785 943/915/777
f 952/924/786 943/915/777 951/923/785
f 952/924/786 951/923/785 953/925/787
f 953/925/787 951/923/785 954/926/788
f 951/923/785 950/922/784 954/926/788
f 955/927/789 956/928/790 954/926/788
f 954/926/788 950/922/784 955/927/789
f 957/929/791 954/926/788 956/928/790
f 958/930/792 954/926/788 957/929/791
f 954/926/788 958/930/792 953/925/787
f 958/930/792 960/931/793 959/932/794
f 959/932/794 953/925/787 958/930/792
f 960/931/793 958/930/792 961/933/795
f 957/929/791 961/933/795 958/930/792
f 961/933/795 962/934/796 960/931/793
f 962/934/796 961/933/795 963/935/797
f 964/936/798 963/935/797 961/933/795
f 961/933/795 957/929/791 964/936/798
f 965/937/799 966/938/800 964/936/798
f 964/936/798 957/929/791 965/937/799
f 967/939/801 964/936/798 966/938/800
f 963/935/797 964/936/798 967/939/801
f 966/938/800 968/940/802 967/939/801
f 969/941/803 967/939/801 968/940/802
f 970/942/804 967/939/801 969/941/803
f 967/939/801 970/942/804 963/935/797
f 970/942/804 972/943/805 971/944/806
f 971/944/806 963/935/797 970/942/804
f 972/943/805 970/942/804 973/945/807
f 969/941/803 973/945/807 970/942/804
f 973/945/807 974/946/808 972/943/805
f 974/946/808 973/945/807 975/947/809
f 976/948/810 975/947/809 973/945/807
f 973/945/807 969/941/803 976/948/810
f 969/941/803 977/949/811 976/948/810
f 977/949/811 978/950/812 976/948/810
f 975/947/809 976/948/810 978/950/812
f 978/950/812 977/949/811 979/951/813
f 979/951/813 977/949/811 980/952/814
f 980/952/814 982/953/815 981/954/816
f 982/953/815 980/952/814 977/949/811
f 983/955/817 981/954/816 982/953/815
f 982/953/815 984/956/818 983/955/817
f 977/949/811 984/956/818 982/953/815
f 985/957/819 983/955/817 984/956/818
f 984/956/818 986/958/820 985/957/819
f 968/940/802 986/958/820 984/956/818
f 984/956/818 977/949/811 968/940/802
f 987/959/821 985/957/819 986/958/820
f 986/958/820 988/960/822 987/959/821
f 966/938/800 988/960/822 986/958/820
f 986/958/820 968/940/802 966/938/800
f 988/960/822 989/961/823 987/959/821
f 988/960/822 990/962/824 989/961/823
f 965/937/799 990/962/824 988/960/822
f 988/960/822 966/938/800 965/937/799
f 990/962/824 991/963/825 989/961/823
f 990/962/824 992/964/826 991/963/825
f 956/928/790 992/964/826 990/962/824
f 990/962/824 965/937/799 956/928/790
f 991/963/825 992/964/826 993/965/827
f 992/964/826 994/966/828 993/965/827
f 994/966/828 992/964/826 995/967/829
f 955/927/789 995/967/829 992/964/826
f 992/964/826 956/928/790 955/927/789
f 995/967/829 996/968/830 994/966/828
f 996/968/830 995/967/829 997/969/831
f 997/969/831 995/967/829 949/921/783
f 949/921/783 995/967/829 998/970/832
f 995/967/829 955/927/789 998/970/832
f 998/970/832 955/927/789 950/922/784
f 950/922/784 949/921/783 998/970/832
f 923/898/761 997/969/831 947/919/781
f 923/898/761 996/968/830 997/969/831
f 949/921/783 947/919/781 997/969/831
f 924/894/759 996/968/830 923/898/761
f 977/949/811 969/941/803 968/940/802
f 999/971/833 972/943/805 974/946/808
f 972/943/805 999/971/833 1000/972/834
f 1000/972/834 999/971/833 1001/973/835
f 1001/973/835 999/971/833 1002/974/836
f 1001/973/835 1002/974/836 1003/975/837
f 1003/975/837 1002/974/836 1004/976/838
f 1003/975/837 1005/977/839 1001/973/835
f 1006/978/840 1001/973/835 1005/977/839
f 1005/977/839 1007/979/841 1006/978/840
f 1008/980/842 1006/978/840 1007/979/841
f 1007/979/841 1009/981/843 1008/980/842
f 1010/982/844 1008/980/842 1009/981/843
f 1009/981/843 1011/983/845 1010/982/844
f 1011/983/845 1012/984/846 1010/982/844
f 1011/983/845 1013/985/847 1012/984/846
f 1012/984/846 1013/985/847 1014/986/848
f 1013/985/847 1015/987/849 1014/986/848
f 1015/987/849 1013/985/847 1016/988/850
f 1017/989/851 1015/987/849 1016/988/850
f 1018/990/852 1019/991/853 1017/989/851
f 1019/991/853 1015/987/849 1017/989/851
f 1019/991/853 939/911/773 941/913/775
f 939/911/773 1019/991/853 1018/990/852
f 1015/987/849 1019/991/853 1020/992/854
f 1019/991/853 941/913/775 1020/992/854
f 1020/992/854 1014/986/848 1015/987/849
f 943/915/777 1020/992/854 941/913/775
f 1014/986/848 1020/992/854 1021/993/855
f 1021/993/855 1020/992/854 1022/994/856
f 952/924/786 1022/994/856 1020/992/854
f 1020/992/854 943/915/777 952/924/786
f 1022/994/856 952/924/786 953/925/787
f 1022/994/856 959/932/794 1021/993/855
f 953/925/787 959/932/794 1022/994/856
f 1021/993/855 1012/984/846 1014/986/848
f 1012/984/846 1021/993/855 1023/995/857
f 1023/995/857 1021/993/855 959/932/794
f 1023/995/857 1010/982/844 1012/984/846
f 1010/982/844 1023/995/857 1024/996/858
f 1024/996/858 1023/995/857 960/931/793
f 959/932/794 960/931/793 1023/995/857
f 1024/996/858 1008/980/842 1010/982/844
f 1008/980/842 1024/996/858 1025/997/859
f 1025/997/859 1024/996/858 962/934/796
f 960/931/793 962/934/796 1024/996/858
f 1025/997/859 1006/978/840 1008/980/842
f 1006/978/840 1025/997/859 1026/998/860
f 1026/998/860 1025/997/859 971/944/806
f 971/944/806 1025/997/859 962/934/796
f 1026/998/860 1001/973/835 1006/978/840
f 1001/973/835 1026/998/860 1000/972/834
f 1026/998/860 972/943/805 1000/972/834
f 972/943/805 1026/998/860 971/944/806
f 1018/990/852 938/910/772 939/911/773
f 963/935/797 971/944/806 962/934/796
f 956/928/790 965/937/799 957/929/791
f 947/919/781 925/897/760 923/898/761
f 922/895/728 1027/999/861 921/893/758
f 1028/1000/862 1030/1001/863 1029/1002/864
f 1029/1002/864 1030/1001/863 1031/1003/865
f 1030/1001/863 1032/1004/866 1031/1003/865
f 1032/1004/866 1030/1001/863 1033/1005/867
f 1033/1005/867 1034/1006/868 1032/1004/866
f 1034/1006/868 1033/1005/867 1035/1007/869
f 1035/1007/869 1036/1008/870 1034/1006/868
f 1036/1008/870 1035/1007/869 1037/1009/871
f 1037/1009/871 1038/1010/872 1036/1008/870
f 1039/1011/873 1036/1008/870 1038/1010/872
f 1038/1010/872 1040/1012/874 1039/1011/873
f 1041/1013/875 1039/1011/873 1040/1012/874
f 1040/1012/874 1042/1014/876 1041/1013/875
f 1043/1015/877 1041/1013/875 1042/1014/876
f 1042/1014/876 1044/1016/878 1043/1015/877
f 1045/1017/879 1043/1015/877 1044/1016/878
f 1044/1016/878 1046/1018/880 1045/1017/879
f 1046/1018/880 1044/1016/878 1047/1019/881
f 1047/1019/881 1048/1020/882 1046/1018/880
f 1048/1020/882 1047/1019/881 1049/1021/883
f 1049/1021/883 1050/1022/884 1048/1020/882
f 1050/1022/884 1049/1021/883 1051/1023/885
f 1052/1024/886 1048/1020/882 1050/1022/884
f 1053/1025/887 1054/1026/888 1052/1024/886
f 1048/1020/882 1052/1024/886 1054/1026/888
f 1054/1026/888 1053/1025/887 1055/1027/889
f 1055/1027/889 1056/1028/890 1054/1026/888
f 1046/1018/880 1054/1026/888 1056/1028/890
f 1054/1026/888 1046/1018/880 1048/1020/882
f 1056/1028/890 1055/1027/889 1057/1029/891
f 1057/1029/891 1058/1030/892 1056/1028/890
f 1045/1017/879 1056/1028/890 1058/1030/892
f 1056/1028/890 1045/1017/879 1046/1018/880
f 1058/1030/892 1057/1029/891 1059/1031/893
f 1059/1031/893 1060/1032/894 1058/1030/892
f 1043/1015/877 1058/1030/892 1060/1032/894
f 1058/1030/892 1043/1015/877 1045/1017/879
f 1060/1032/894 1059/1031/893 1061/1033/895
f 1061/1033/895 1062/1034/896 1060/1032/894
f 1041/1013/875 1060/1032/894 1062/1034/896
f 1060/1032/894 1041/1013/875 1043/1015/877
f 1062/1034/896 1061/1033/895 1063/1035/897
f 1063/1035/897 1064/1036/898 1062/1034/896
f 1039/1011/873 1062/1034/896 1064/1036/898
f 1062/1034/896 1039/1011/873 1041/1013/875
f 1064/1036/898 1063/1035/897 1065/1037/899
f 1065/1037/899 1066/1038/900 1064/1036/898
f 1036/1008/870 1064/1036/898 1066/1038/900
f 1064/1036/898 1036/1008/870 1039/1011/873
f 1066/1038/900 1065/1037/899 1067/1039/901
f 1067/1039/901 1068/1040/902 1066/1038/900
f 1034/1006/868 1066/1038/900 1068/1040/902
f 1066/1038/900 1034/1006/868 1036/1008/870
f 1068/1040/902 1067/1039/901 1069/1041/903
f 1069/1041/903 1070/1042/904 1068/1040/902
f 1032/1004/866 1068/1040/902 1070/1042/904
f 1068/1040/902 1032/1004/866 1034/1006/868
f 1070/1042/904 1069/1041/903 1071/1043/905
f 1071/1043/905 1072/1044/906 1070/1042/904
f 1070/1042/904 1072/1044/906 1032/1004/866
f 1072/1044/906 1071/1043/905 1073/1045/907
f 1073/1045/907 1074/1046/908 1072/1044/906
f 1072/1044/906 1074/1046/908 1031/1003/865
f 1031/1003/865 1032/1004/866 1072/1044/906
f 1074/1046/908 1073/1045/907 1075/1047/812
f 1029/1002/864 1031/1003/865 1074/1046/908
f 1077/1048/909 1075/1047/812 1073/1045/907
f 1075/1047/812 1077/1048/909 1076/1049/910
f 1079/1050/911 1078/1051/912 1077/1048/909
f 1078/1051/912 1076/1049/910 1077/1048/909
f 1073/1045/907 1079/1050/911 1077/1048/909
f 1078/1051/912 1079/1050/911 1080/1052/913
f 1081/1053/914 1080/1052/913 1079/1050/911
f 1071/1043/905 1081/1053/914 1079/1050/911
f 1079/1050/911 1073/1045/907 1071/1043/905
f 1080/1052/913 1081/1053/914 1082/1054/915
f 1081/1053/914 1083/1055/916 1082/1054/915
f 1069/1041/903 1083/1055/916 1081/1053/914
f 1081/1053/914 1071/1043/905 1069/1041/903
f 1084/1056/917 1082/1054/915 1083/1055/916
f 1083/1055/916 1085/1057/918 1084/1056/917
f 1085/1057/918 1083/1055/916 1086/1058/919
f 1067/1039/901 1086/1058/919 1083/1055/916
f 1083/1055/916 1069/1041/903 1067/1039/901
f 1086/1058/919 1087/1059/920 1085/1057/918
f 1087/1059/920 1086/1058/919 1088/1060/921
f 1065/1037/899 1088/1060/921 1086/1058/919
f 1086/1058/919 1067/1039/901 1065/1037/899
f 1088/1060/921 1089/1061/922 1087/1059/920
f 1089/1061/922 1088/1060/921 1090/1062/923
f 1090/1062/923 1088/1060/921 1061/1033/895
f 1088/1060/921 1065/1037/899 1063/1035/897
f 1063/1035/897 1061/1033/895 1088/1060/921
f 1090/1062/923 1091/1063/924 1089/1061/922
f 1091/1063/924 1090/1062/923 1092/1064/925
f 1061/1033/895 1092/1064/925 1090/1062/923
f 1093/1065/926 1091/1063/924 1092/1064/925
f 1059/1031/893 1093/1065/926 1092/1064/925
f 1092/1064/925 1061/1033/895 1059/1031/893
f 1095/1066/927 1094/1067/928 1093/1065/926
f 1094/1067/928 1091/1063/924 1093/1065/926
f 1057/1029/891 1095/1066/927 1093/1065/926
f 1093/1065/926 1059/1031/893 1057/1029/891
f 1097/1068/929 1096/1069/930 1095/1066/927
f 1096/1069/930 1094/1067/928 1095/1066/927
f 1055/1027/889 1097/1068/929 1095/1066/927
f 1095/1066/927 1057/1029/891 1055/1027/889
f 1098/1070/931 1096/1069/930 1097/1068/929
f 1097/1068/929 1055/1027/889 1053/1025/887
f 1098/1070/931 1099/1071/932 1096/1069/930
f 1099/1071/932 1098/1070/931 1100/1072/933
f 1100/1072/933 1101/1073/934 1099/1071/932
f 1101/1073/934 1100/1072/933 1102/1074/935
f 1103/1075/936 1104/1076/937 1102/1074/935
f 1102/1074/935 1104/1076/937 1101/1073/934
f 1105/1077/938 1101/1073/934 1104/1076/937
f 1106/1078/939 1107/1079/940 1105/1077/938
f 1101/1073/934 1105/1077/938 1107/1079/940
f 1108/1080/941 1109/1081/942 1107/1079/940
f 1107/1079/940 1106/1078/939 1108/1080/941
f 1107/1079/940 1099/1071/932 1101/1073/934
f 1099/1071/932 1107/1079/940 1109/1081/942
f 1110/1082/943 1094/1067/928 1109/1081/942
f 1109/1081/942 1108/1080/941 1110/1082/943
f 1109/1081/942 1096/1069/930 1099/1071/932
f 1096/1069/930 1109/1081/942 1094/1067/928
f 1111/1083/944 1091/1063/924 1110/1082/943
f 1111/1083/944 1110/1082/943 1112/1084/945
f 1112/1084/945 1110/1082/943 1108/1080/941
f 1094/1067/928 1110/1082/943 1091/1063/924
f 1112/1084/945 1108/1080/941 1113/1085/946
f 1113/1085/946 1114/1086/947 1112/1084/945
f 1114/1086/947 1111/1083/944 1112/1084/945
f 1114/1086/947 1115/1087/948 1118/1088/949
f 1115/1087/948 1114/1086/947 1116/1089/950
f 1117/1090/951 1116/1089/950 1114/1086/947
f 1114/1086/947 1113/1085/946 1117/1090/951
f 1118/1088/949 1111/1083/944 1114/1086/947
f 1118/1088/949 1119/1091/952 1087/1059/920
f 1119/1091/952 1118/1088/949 1115/1087/948
f 1118/1088/949 1089/1061/922 1111/1083/944
f 1087/1059/920 1089/1061/922 1118/1088/949
f 1119/1091/952 1120/1092/953 1085/1057/918
f 1120/1092/953 1119/1091/952 1121/1093/954
f 1115/1087/948 1121/1093/954 1119/1091/952
f 1085/1057/918 1087/1059/920 1119/1091/952
f 1121/1093/954 1122/1094/955 1120/1092/953
f 1121/1093/954 1123/1095/956 1122/1094/955
f 1124/1096/957 1123/1095/956 1121/1093/954
f 1121/1093/954 1115/1087/948 1124/1096/957
f 1116/1089/950 1124/1096/957 1115/1087/948
f 1123/1095/956 1125/1097/958 1122/1094/955
f 1126/1098/959 1127/1099/960 1125/1097/958
f 1122/1094/955 1125/1097/958 1127/1099/960
f 1128/1100/961 1129/1101/962 1127/1099/960
f 1128/1100/961 1127/1099/960 1126/1098/959
f 1122/1094/955 1127/1099/960 1130/1102/963
f 1130/1102/963 1127/1099/960 1129/1101/962
f 1080/1052/913 1130/1102/963 1129/1101/962
f 1120/1092/953 1122/1094/955 1130/1102/963
f 1120/1092/953 1130/1102/963 1084/1056/917
f 1130/1102/963 1080/1052/913 1082/1054/915
f 1084/1056/917 1130/1102/963 1082/1054/915
f 1078/1051/912 1129/1101/962 1131/1103/964
f 1129/1101/962 1128/1100/961 1131/1103/964
f 1129/1101/962 1078/1051/912 1080/1052/913
f 1134/1104/965 1131/1103/964 1132/1105/966
f 1131/1103/964 1133/1106/836 1132/1105/966
f 1133/1106/836 1131/1103/964 1128/1100/961
f 1131/1103/964 1134/1104/965 1078/1051/912
f 1076/1049/910 1078/1051/912 1134/1104/965
f 1133/1106/836 1128/1100/961 1135/1107/838
f 1135/1107/838 1128/1100/961 1126/1098/959
f 1084/1056/917 1085/1057/918 1120/1092/953
f 1113/1085/946 1108/1080/941 1106/1078/939
f 1089/1061/922 1091/1063/924 1111/1083/944
f 1137/1108/967 1140/1109/968 1136/1110/969
f 1136/1110/969 1138/1111/970 1137/1108/967
f 1138/1111/970 1136/1110/969 1139/1112/971
f 1141/1113/972 1139/1112/971 1136/1110/969
f 1142/1114/973 1136/1110/969 1140/1109/968
f 1136/1110/969 1142/1114/973 1141/1113/972
f 1142/1114/973 1144/1115/974 1143/1116/975
f 1143/1116/975 1141/1113/972 1142/1114/973
f 1144/1115/974 1142/1114/973 1145/1117/976
f 1140/1109/968 1145/1117/976 1142/1114/973
f 1145/1117/976 1146/1118/977 1144/1115/974
f 1146/1118/977 1145/1117/976 1147/1119/978
f 1148/1120/979 1147/1119/978 1145/1117/976
f 1145/1117/976 1140/1109/968 1148/1120/979
f 1151/1121/980 1148/1120/979 1149/1122/981
f 1148/1120/979 1140/1109/968 1149/1122/981
f 1147/1119/978 1148/1120/979 1150/1123/982
f 1150/1123/982 1148/1120/979 1151/1121/980
f 1152/1124/983 1150/1123/982 1151/1121/980
f 1152/1124/983 1154/1125/984 1153/1126/985
f 1153/1126/985 1150/1123/982 1152/1124/983
f 1154/1125/984 1152/1124/983 1155/1127/986
f 1155/1127/986 1156/1128/987 1154/1125/984
f 1156/1128/987 1155/1127/986 1157/1129/988
f 1157/1129/988 1158/1130/989 1156/1128/987
f 1158/1130/989 1157/1129/988 1159/1131/990
f 1159/1131/990 1160/1132/991 1158/1130/989
f 1160/1132/991 1159/1131/990 1161/1133/992
f 1161/1133/992 1162/150/993 1160/1132/991
f 1162/150/993 1161/1133/992 1163/152/994
f 1164/153/995 1160/1132/991 1162/150/993
f 1165/155/996 1166/1134/997 1164/153/995
f 1160/1132/991 1164/153/995 1166/1134/997
f 1166/1134/997 1165/155/996 1167/1135/998
f 1167/1135/998 1168/1136/999 1166/1134/997
f 1158/1130/989 1166/1134/997 1168/1136/999
f 1166/1134/997 1158/1130/989 1160/1132/991
f 1168/1136/999 1167/1135/998 1169/1137/1000
f 1169/1137/1000 1170/1138/1001 1168/1136/999
f 1156/1128/987 1168/1136/999 1170/1138/1001
f 1168/1136/999 1156/1128/987 1158/1130/989
f 1170/1138/1001 1169/1137/1000 1171/1139/1002
f 1171/1139/1002 1172/1140/1003 1170/1138/1001
f 1154/1125/984 1170/1138/1001 1172/1140/1003
f 1170/1138/1001 1154/1125/984 1156/1128/987
f 1172/1140/1003 1171/1139/1002 1173/1141/1004
f 1173/1141/1004 1174/1142/1005 1172/1140/1003
f 1153/1126/985 1172/1140/1003 1174/1142/1005
f 1172/1140/1003 1153/1126/985 1154/1125/984
f 1174/1142/1005 1173/1141/1004 1175/1143/1006
f 1175/1143/1006 1147/1119/978 1174/1142/1005
f 1150/1123/982 1174/1142/1005 1147/1119/978
f 1174/1142/1005 1150/1123/982 1153/1126/985
f 1147/1119/978 1175/1143/1006 1146/1118/977
f 1176/1144/1007 1146/1118/977 1175/1143/1006
f 1177/1145/1008 1175/1143/1006 1173/1141/1004
f 1175/1143/1006 1177/1145/1008 1176/1144/1007
f 1177/1145/1008 1178/1146/1009 1176/1144/1007
f 1178/1146/1009 1177/1145/1008 1179/1147/1010
f 1180/1148/1011 1179/1147/1010 1177/1145/1008
f 1173/1141/1004 1180/1148/1011 1177/1145/1008
f 1179/1147/1010 1180/1148/1011 1181/1149/1012
f 1182/1150/1013 1181/1149/1012 1180/1148/1011
f 1171/1139/1002 1182/1150/1013 1180/1148/1011
f 1180/1148/1011 1173/1141/1004 1171/1139/1002
f 1181/1149/1012 1182/1150/1013 1183/1151/1014
f 1184/1152/1015 1183/1151/1014 1182/1150/1013
f 1169/1137/1000 1184/1152/1015 1182/1150/1013
f 1182/1150/1013 1171/1139/1002 1169/1137/1000
f 1183/1151/1014 1184/1152/1015 1185/1153/1016
f 1186/158/1017 1185/1153/1016 1184/1152/1015
f 1167/1135/998 1186/158/1017 1184/1152/1015
f 1184/1152/1015 1169/1137/1000 1167/1135/998
f 1185/1153/1016 1186/158/1017 1187/160/1018
f 1186/158/1017 1167/1135/998 1165/155/996
f 1187/160/1018 1188/1154/1019 1185/1153/1016
f 1188/1154/1019 1187/160/1018 1189/162/1020
f 1189/162/1020 1190/1155/1021 1188/1154/1019
f 1190/1155/1021 1189/162/1020 1191/164/1022
f 1191/164/1022 1192/1156/1023 1190/1155/1021
f 1192/1156/1023 1191/164/1022 1193/166/1024
f 1194/1157/1025 1190/1155/1021 1192/1156/1023
f 1195/1158/1026 1196/1159/1027 1194/1157/1025
f 1190/1155/1021 1194/1157/1025 1196/1159/1027
f 1197/1160/1028 1198/1161/1029 1196/1159/1027
f 1196/1159/1027 1195/1158/1026 1197/1160/1028
f 1196/1159/1027 1188/1154/1019 1190/1155/1021
f 1188/1154/1019 1196/1159/1027 1198/1161/1029
f 1199/1162/1030 1183/1151/1014 1198/1161/1029
f 1199/1162/1030 1198/1161/1029 1197/1160/1028
f 1198/1161/1029 1185/1153/1016 1188/1154/1019
f 1185/1153/1016 1198/1161/1029 1183/1151/1014
f 1200/1163/1031 1181/1149/1012 1199/1162/1030
f 1200/1163/1031 1199/1162/1030 1201/1164/1032
f 1201/1164/1032 1199/1162/1030 1197/1160/1028
f 1181/1149/1012 1183/1151/1014 1199/1162/1030
f 1202/1165/1033 1200/1163/1031 1201/1164/1032
f 1202/1165/1033 1201/1164/1032 1203/1166/1034
f 1203/1166/1034 1201/1164/1032 1204/1167/1035
f 1201/1164/1032 1197/1160/1028 1204/1167/1035
f 1204/1167/1035 1197/1160/1028 1195/1158/1026
f 1205/1168/1036 1202/1165/1033 1203/1166/1034
f 1206/1169/1037 1202/1165/1033 1205/1168/1036
f 1205/1168/1036 1207/1170/1038 1206/1169/1037
f 1208/1171/1039 1206/1169/1037 1207/1170/1038
f 1207/1170/1038 1209/1172/1040 1208/1171/1039
f 1209/1172/1040 1207/1170/1038 1210/1173/1041
f 1210/1173/1041 1211/1174/1042 1209/1172/1040
f 1209/1172/1040 1211/1174/1042 1212/1175/1043
f 1211/1174/1042 1213/1176/936 1212/1175/1043
f 1212/1175/1043 1213/1176/936 1214/1177/935
f 1212/1175/1043 1214/1177/935 1215/1178/1044
f 1215/1178/1044 1214/1177/935 1216/1179/1045
f 1215/1178/1044 1216/1179/1045 1217/1180/1046
f 1217/1180/1046 1216/1179/1045 1218/1181/931
f 1217/1180/1046 1218/1181/931 1219/1182/1047
f 1219/1182/1047 1218/1181/931 1220/1183/1048
f 1221/1184/1049 1219/1182/1047 1220/1183/1048
f 1222/1185/886 1223/1186/1050 1221/1184/1049
f 1219/1182/1047 1221/1184/1049 1223/1186/1050
f 1141/1113/972 1143/1116/975 1223/1186/1050
f 1223/1186/1050 1222/1185/886 1141/1113/972
f 1224/1187/1051 1223/1186/1050 1143/1116/975
f 1223/1186/1050 1224/1187/1051 1219/1182/1047
f 1224/1187/1051 1226/1188/1052 1225/1189/1053
f 1225/1189/1053 1217/1180/1046 1224/1187/1051
f 1224/1187/1051 1217/1180/1046 1219/1182/1047
f 1226/1188/1052 1224/1187/1051 1227/1190/1054
f 1227/1190/1054 1224/1187/1051 1144/1115/974
f 1144/1115/974 1224/1187/1051 1143/1116/975
f 1227/1190/1054 1228/1191/1055 1226/1188/1052
f 1228/1191/1055 1227/1190/1054 1229/1192/1056
f 1144/1115/974 1229/1192/1056 1227/1190/1054
f 1229/1192/1056 1178/1146/1009 1228/1191/1055
f 1178/1146/1009 1229/1192/1056 1176/1144/1007
f 1146/1118/977 1176/1144/1007 1229/1192/1056
f 1229/1192/1056 1144/1115/974 1146/1118/977
f 1226/1188/1052 1228/1191/1055 1230/1193/1057
f 1231/1194/1058 1230/1193/1057 1228/1191/1055
f 1228/1191/1055 1178/1146/1009 1231/1194/1058
f 1230/1193/1057 1231/1194/1058 1208/1171/1039
f 1206/1169/1037 1208/1171/1039 1231/1194/1058
f 1231/1194/1058 1232/1195/1059 1206/1169/1037
f 1231/1194/1058 1178/1146/1009 1232/1195/1059
f 1206/1169/1037 1232/1195/1059 1202/1165/1033
f 1232/1195/1059 1200/1163/1031 1202/1165/1033
f 1232/1195/1059 1179/1147/1010 1200/1163/1031
f 1178/1146/1009 1179/1147/1010 1232/1195/1059
f 1208/1171/1039 1209/1172/1040 1230/1193/1057
f 1209/1172/1040 1233/1196/1060 1230/1193/1057
f 1230/1193/1057 1233/1196/1060 1226/1188/1052
f 1209/1172/1040 1212/1175/1043 1233/1196/1060
f 1233/1196/1060 1212/1175/1043 1215/1178/1044
f 1233/1196/1060 1215/1178/1044 1225/1189/1053
f 1233/1196/1060 1225/1189/1053 1226/1188/1052
f 1225/1189/1053 1215/1178/1044 1217/1180/1046
f 1139/1112/971 1141/1113/972 1222/1185/886
f 1179/1147/1010 1181/1149/1012 1200/1163/1031
f 1149/1122/981 1140/1109/968 1234/1197/1061
f 1140/1109/968 1137/1108/967 1234/1197/1061
