# Blender 4.5.13 LTS
# www.blender.org
mtllib dyson_upright.mtl
o Upright_Vacuum_Cleaner_0
v 0.005480 0.055346 -0.121823
v 0.005215 -0.077990 -0.121577
v 0.005138 -0.077990 -0.121436
v 0.005085 0.055346 -0.121409
v 0.005341 0.055346 -0.114552
v 0.005267 -0.077990 -0.114588
v 0.005480 -0.077990 -0.114265
v 0.005408 0.055346 -0.114334
v -0.004615 0.055346 -0.113271
v -0.004558 -0.077990 -0.113352
v -0.004161 -0.077990 -0.113872
v -0.004681 0.055346 -0.113474
v -0.006195 -0.077990 -0.117625
v -0.003767 0.055346 -0.123513
v -0.003389 -0.077990 -0.123095
v -0.003595 -0.077990 -0.123628
v -0.003445 0.055346 -0.123300
v 0.003330 0.055346 -0.123011
v 0.000592 0.055346 -0.123943
v -0.001709 0.055346 -0.123717
v -0.004213 0.055346 -0.122269
v -0.005661 0.055346 -0.119764
v -0.005888 0.055346 -0.117463
v -0.005217 0.055346 -0.115250
v -0.003308 0.055346 -0.113077
v -0.000570 0.055346 -0.112145
v 0.001732 0.055346 -0.112371
v 0.003772 0.055346 -0.113462
v 0.005531 0.055346 -0.115757
v 0.005911 0.055346 -0.118044
v 0.005531 0.055346 -0.120330
v -0.003308 -0.077990 -0.113076
v -0.005222 -0.077990 -0.110212
v -0.002736 -0.077990 -0.108988
v -0.009128 -0.077990 -0.121100
v -0.008612 -0.080413 -0.122345
v -0.004213 -0.077990 -0.122269
v -0.005992 -0.077990 -0.125359
v -0.008335 -0.077990 -0.122505
v 0.005531 -0.077990 -0.120330
v 0.009067 -0.077990 -0.120791
v 0.007843 -0.077990 -0.123277
v 0.001732 -0.077990 -0.112371
v 0.002758 -0.077990 -0.108988
v -0.005888 -0.077990 -0.117463
v -0.009407 -0.077990 -0.118972
v -0.009045 -0.077990 -0.115297
v 0.000592 -0.077990 -0.123943
v 0.003330 -0.077990 -0.123011
v 0.002758 -0.077990 -0.127100
v 0.005531 -0.077990 -0.115757
v 0.008357 -0.077990 -0.113583
v -0.007304 -0.077990 -0.112040
v -0.000570 -0.077990 -0.112145
v 0.000011 -0.077990 -0.108625
v -0.005661 -0.077990 -0.119764
v 0.006015 -0.077990 -0.125359
v 0.003772 -0.077990 -0.113462
v 0.006015 -0.077990 -0.110728
v -0.005217 -0.077990 -0.115250
v -0.001709 -0.077990 -0.123717
v -0.002736 -0.077990 -0.127100
v 0.005911 -0.077990 -0.118044
v 0.009429 -0.077990 -0.117117
v 0.000011 -0.077990 -0.127463
v -0.005991 -0.080364 -0.125358
v -0.002735 -0.080364 -0.127098
v -0.003588 -0.082012 -0.124778
v 0.000303 -0.080413 -0.108279
v 0.008075 -0.080413 -0.112616
v 0.004792 -0.077990 -0.126412
v 0.004313 -0.080413 -0.126667
v -0.005506 -0.080413 -0.126434
v -0.005279 -0.077990 -0.125944
v -0.001203 -0.077990 -0.108484
v -0.005222 -0.080413 -0.125875
v -0.005563 -0.077990 -0.126552
v 0.007843 -0.079202 -0.123277
v -0.006705 -0.077990 -0.111315
v -0.006739 -0.080413 -0.111272
v 0.007970 -0.077990 -0.123344
v 0.009571 -0.080413 -0.119258
v 0.007843 -0.080413 -0.123277
v 0.009571 -0.077990 -0.116829
v -0.007246 -0.077990 -0.110917
v -0.009128 -0.080413 -0.114988
v -0.006649 -0.080413 -0.111384
v 0.007970 -0.080413 -0.112744
v 0.007843 -0.077990 -0.112811
v 0.008417 -0.077990 -0.112316
v -0.005517 -0.082052 -0.112478
v -0.005437 -0.084190 -0.112579
v 0.000011 -0.080413 -0.108625
v -0.002736 -0.080364 -0.108990
v 0.000011 -0.081910 -0.110352
v 0.006014 -0.080364 -0.125358
v 0.004285 -0.081910 -0.124440
v 0.000011 -0.081910 -0.125736
v -0.003588 -0.082012 -0.111310
v 0.007843 -0.080413 -0.123277
v 0.007118 -0.081910 -0.120988
v 0.000011 -0.080413 -0.127463
v -0.005222 -0.080413 -0.110212
v 0.009065 -0.080364 -0.120791
v -0.007303 -0.080364 -0.112042
v -0.005891 -0.082012 -0.113200
v 0.009427 -0.080364 -0.117117
v 0.007610 -0.082012 -0.117296
v -0.009043 -0.080364 -0.115298
v -0.007296 -0.082012 -0.115827
v 0.008356 -0.080364 -0.113584
v 0.006746 -0.082012 -0.114444
v -0.009405 -0.080364 -0.118972
v -0.007533 -0.081910 -0.119545
v 0.006013 -0.080364 -0.110730
v 0.004285 -0.081910 -0.111648
v -0.008333 -0.080364 -0.122504
v -0.005891 -0.082012 -0.122888
v 0.002758 -0.080364 -0.108990
v 0.002758 -0.080364 -0.127098
v -0.007297 -0.084190 -0.115827
v -0.005447 -0.084190 -0.115783
v 0.006617 -0.082052 -0.122415
v 0.006549 -0.084190 -0.122380
v -0.005364 -0.083121 -0.112669
v -0.007985 -0.082052 -0.117505
v -0.008150 -0.084190 -0.117787
v 0.006783 -0.082052 -0.113591
v 0.006878 -0.084190 -0.113545
v 0.006577 -0.082052 -0.113614
v 0.006387 -0.084190 -0.113775
v 0.001042 -0.084190 -0.110096
v -0.004369 -0.082052 -0.124552
v 0.000555 -0.082052 -0.110286
v 0.002478 -0.082052 -0.125420
v 0.000555 -0.084190 -0.125802
v -0.004286 -0.084190 -0.124453
v 0.006577 -0.084190 -0.122474
v -0.004360 -0.082052 -0.124650
v -0.004245 -0.084190 -0.124428
v 0.006387 -0.082052 -0.122313
v -0.003726 -0.092206 -0.123452
v 0.007612 -0.084190 -0.117295
v 0.006747 -0.084190 -0.114444
v 0.004924 -0.084190 -0.114761
v 0.005845 -0.084190 -0.117469
v -0.007538 -0.084190 -0.119546
v -0.005823 -0.084190 -0.118619
v 0.004288 -0.084190 -0.111644
v -0.005159 -0.084190 -0.120807
v 0.002775 -0.084190 -0.112874
v -0.005892 -0.084190 -0.122889
v 0.000011 -0.084190 -0.125741
v 0.000586 -0.084190 -0.123878
v -0.003708 -0.084190 -0.122576
v 0.000011 -0.084190 -0.110346
v 0.000586 -0.084190 -0.112210
v 0.004288 -0.084190 -0.124444
v 0.003294 -0.084190 -0.122956
v -0.003589 -0.084190 -0.124780
v -0.001690 -0.084190 -0.123654
v -0.001690 -0.084190 -0.112434
v -0.003589 -0.084190 -0.111308
v 0.007123 -0.084190 -0.120990
v 0.005470 -0.084190 -0.120305
v -0.003708 -0.084190 -0.113512
v -0.005893 -0.084190 -0.113199
v 0.000586 -0.092206 -0.123878
v 0.002775 -0.092206 -0.123214
v 0.004373 -0.092206 -0.124572
v 0.000775 -0.092206 -0.125796
v 0.004931 -0.084190 -0.114746
v 0.001583 -0.084190 -0.112285
v 0.000803 -0.092206 -0.111944
v 0.004905 -0.092206 -0.114767
v -0.003351 -0.084190 -0.123039
v 0.001904 -0.084190 -0.123705
v 0.001583 -0.092206 -0.123803
v -0.003344 -0.084190 -0.123114
v -0.003317 -0.092206 -0.123062
v -0.004355 -0.084190 -0.113613
v 0.004905 -0.084190 -0.121321
v 0.004931 -0.092206 -0.121342
v -0.004170 -0.092206 -0.113849
v 0.005533 -0.084190 -0.121610
v 0.005029 -0.092206 -0.121372
v -0.004183 -0.084190 -0.113862
v -0.004629 -0.092206 -0.113525
v 0.005282 -0.092206 -0.114591
v -0.006038 -0.084190 -0.118225
v 0.004911 -0.084190 -0.114777
v 0.006514 -0.092206 -0.122398
v 0.006708 -0.094997 -0.122563
v -0.003708 -0.092206 -0.122576
v -0.005540 -0.092206 -0.123595
v 0.000586 -0.092206 -0.112210
v 0.000775 -0.092206 -0.110292
v -0.001690 -0.092206 -0.123654
v -0.002250 -0.092206 -0.125498
v -0.001690 -0.092206 -0.112434
v -0.002250 -0.092206 -0.110589
v 0.004543 -0.092206 -0.121763
v 0.007265 -0.092206 -0.121048
v -0.003708 -0.092206 -0.113512
v -0.004931 -0.092206 -0.112022
v 0.005621 -0.092206 -0.119745
v -0.005159 -0.092206 -0.115280
v -0.006859 -0.092206 -0.114372
v 0.005806 -0.092206 -0.116891
v 0.007764 -0.092206 -0.117280
v -0.005897 -0.092206 -0.118044
v -0.007741 -0.092206 -0.117280
v 0.006881 -0.092206 -0.114372
v 0.004543 -0.092206 -0.114325
v -0.007443 -0.092206 -0.120305
v 0.004373 -0.092206 -0.111516
v -0.005159 -0.092206 -0.120807
v 0.002775 -0.092206 -0.112874
v 0.007256 -0.094814 -0.121044
v 0.007761 -0.094946 -0.117280
v 0.005610 -0.097417 -0.119158
v 0.002527 -0.092206 -0.125567
v 0.000566 -0.094997 -0.125957
v -0.005517 -0.092206 -0.112505
v -0.002077 -0.094997 -0.110391
v 0.006458 -0.092206 -0.122351
v 0.007924 -0.092206 -0.118599
v 0.007230 -0.094997 -0.122731
v -0.005471 -0.094997 -0.112562
v -0.005727 -0.092206 -0.112357
v -0.005666 -0.094997 -0.112406
v -0.007826 -0.092206 -0.119848
v -0.007902 -0.094997 -0.118599
v 0.006523 -0.092206 -0.113702
v 0.006562 -0.094997 -0.113682
v 0.006708 -0.092206 -0.113525
v 0.007104 -0.094997 -0.113168
v -0.004507 -0.094997 -0.124741
v -0.000229 -0.092206 -0.110006
v -0.004343 -0.092206 -0.124547
v -0.004447 -0.092206 -0.124782
v -0.004330 -0.094997 -0.124555
v 0.004865 -0.097551 -0.114824
v 0.004916 -0.098976 -0.114798
v -0.006857 -0.094946 -0.114373
v -0.004735 -0.097417 -0.114872
v 0.005436 -0.097513 -0.116398
v -0.007739 -0.094946 -0.117281
v -0.005697 -0.097417 -0.118044
v 0.006879 -0.094946 -0.114373
v 0.004394 -0.097513 -0.114448
v -0.007441 -0.094946 -0.120304
v 0.004368 -0.094814 -0.111524
v -0.004735 -0.097417 -0.121216
v 0.002684 -0.097513 -0.113044
v -0.005533 -0.094813 -0.123589
v 0.000775 -0.094946 -0.125794
v 0.001657 -0.097513 -0.123469
v -0.000545 -0.097513 -0.123686
v 0.000774 -0.094946 -0.110294
v 0.000567 -0.097513 -0.112402
v 0.004368 -0.094813 -0.124564
v -0.002661 -0.097513 -0.123044
v 0.004048 -0.097417 -0.122081
v -0.002249 -0.094946 -0.125496
v -0.002250 -0.094946 -0.110592
v -0.002173 -0.097417 -0.112770
v -0.004929 -0.094946 -0.112024
v 0.004053 -0.098976 -0.114002
v 0.001657 -0.098976 -0.112617
v 0.000812 -0.098976 -0.114015
v -0.005694 -0.097551 -0.119357
v -0.005750 -0.098976 -0.118448
v 0.004812 -0.098739 -0.114818
v 0.002589 -0.097551 -0.112876
v -0.003278 -0.098976 -0.122920
v 0.000186 -0.098976 -0.112192
v 0.001265 -0.097551 -0.123617
v 0.002589 -0.098976 -0.123212
v -0.003159 -0.097551 -0.122778
v -0.004360 -0.097551 -0.113555
v 0.004812 -0.097788 -0.121270
v -0.003234 -0.097551 -0.122949
v -0.003295 -0.098976 -0.123072
v -0.004034 -0.098976 -0.113986
v 0.005110 -0.097551 -0.121384
v 0.005039 -0.098976 -0.121350
v -0.004166 -0.097551 -0.113904
v -0.004122 -0.098976 -0.113939
v -0.003245 -0.098976 -0.114646
v 0.000995 -0.113030 -0.113799
v -0.000545 -0.098976 -0.123688
v 0.001658 -0.098976 -0.123471
v 0.000411 -0.098976 -0.122100
v -0.004741 -0.098976 -0.121220
v -0.003139 -0.098976 -0.120630
v 0.002293 -0.098976 -0.121459
v -0.002662 -0.098976 -0.123045
v -0.001561 -0.098976 -0.121839
v -0.000545 -0.098976 -0.112400
v 0.004053 -0.098976 -0.122085
v -0.001946 -0.098976 -0.114382
v -0.002662 -0.098976 -0.113042
v 0.003806 -0.098976 -0.119616
v 0.005617 -0.098976 -0.119159
v -0.004741 -0.098976 -0.114869
v -0.003784 -0.098976 -0.116472
v 0.004067 -0.098976 -0.117644
v 0.005438 -0.098976 -0.116398
v -0.005704 -0.098976 -0.118044
v 0.003221 -0.098976 -0.115410
v -0.004017 -0.098976 -0.118845
v -0.001194 -0.113030 -0.122017
v 0.001969 -0.113030 -0.121706
v 0.003806 -0.113030 -0.119616
v 0.004067 -0.113030 -0.117644
v 0.003221 -0.113030 -0.115410
v 0.001195 -0.113030 -0.114144
v -0.000790 -0.113030 -0.114015
v -0.002574 -0.113030 -0.114894
v -0.003784 -0.113030 -0.116472
v -0.004017 -0.113030 -0.118845
v -0.003139 -0.113030 -0.120630
v 0.003631 -0.113030 -0.120511
v -0.002271 -0.098976 -0.121471
v 0.001378 -0.098976 -0.122096
v -0.002441 -0.113030 -0.121821
v 0.003384 -0.098976 -0.120297
v -0.002896 -0.113030 -0.115128
v 0.003850 -0.098976 -0.120523
v 0.003500 -0.113030 -0.120358
v -0.002857 -0.098976 -0.115176
v -0.004256 -0.098976 -0.117756
v -0.003069 -0.113030 -0.115009
v 0.003676 -0.113030 -0.115643
v 0.003418 -0.098976 -0.115772
v -0.002739 -0.113030 -0.121950
v 0.003631 -0.098976 -0.115577
v 0.003384 -0.113030 -0.115790
v -0.002326 -0.098976 -0.121517
v 0.001643 0.118470 -0.124483
v 0.005837 0.034409 -0.122253
v 0.005350 0.101257 -0.121804
v 0.005455 0.034409 -0.121865
v 0.005776 0.101921 -0.122050
v 0.007722 0.034409 -0.115165
v 0.007462 0.101282 -0.111537
v 0.005570 0.034409 -0.106844
v 0.005350 0.101257 -0.106971
v 0.005350 0.034409 -0.106971
v 0.005350 0.101257 -0.106971
v 0.002376 0.101257 -0.104182
v 0.001961 0.034409 -0.104015
v -0.004435 0.101257 -0.105315
v -0.004374 0.034409 -0.105402
v -0.004445 0.034409 -0.105442
v -0.004244 0.101257 -0.105615
v -0.006266 0.101257 -0.108561
v -0.007657 0.101297 -0.113055
v -0.007699 0.034409 -0.113610
v -0.005997 0.101713 -0.121114
v -0.003443 0.034409 -0.124793
v -0.002878 0.101257 -0.124077
v -0.006266 0.101257 -0.108561
v -0.004684 0.101107 -0.106161
v -0.004049 0.128705 -0.113833
v -0.003040 0.034409 -0.124483
v -0.002915 0.101337 -0.124167
v -0.001462 0.034409 -0.124674
v 0.000742 0.034409 -0.124875
v 0.003547 0.034409 -0.123710
v 0.005849 0.034409 -0.121118
v 0.007265 0.034409 -0.117473
v 0.007561 0.034409 -0.113345
v 0.006686 0.034409 -0.109380
v 0.004787 0.034409 -0.106200
v 0.002180 0.034409 -0.104291
v 0.000011 0.034409 -0.103899
v -0.002158 0.034409 -0.104291
v -0.004764 0.034409 -0.106200
v -0.006664 0.034409 -0.109380
v -0.007538 0.034409 -0.113345
v -0.007243 0.034409 -0.117474
v -0.005826 0.034409 -0.121118
v -0.003524 0.034409 -0.123710
v -0.004088 0.128710 -0.113802
v -0.002741 0.128705 -0.111927
v -0.002871 0.172000 -0.111816
v -0.001902 0.128696 -0.123927
v 0.003898 0.130396 -0.112556
v -0.002103 0.100999 -0.104319
v 0.000726 0.100974 -0.103948
v -0.002040 0.127761 -0.111505
v -0.004903 0.128694 -0.119812
v 0.003465 0.128705 -0.122399
v 0.003483 0.101077 -0.105062
v 0.005350 0.101257 -0.106971
v 0.003465 0.128705 -0.112805
v 0.001225 0.127487 -0.111119
v -0.001889 0.128806 -0.123947
v 0.003760 0.129381 -0.122575
v -0.004872 0.172000 -0.118277
v -0.004681 0.172000 -0.115606
v -0.004282 0.172000 -0.118206
v 0.004999 0.172000 -0.118105
v -0.004976 0.172000 -0.117099
v 0.003607 0.172000 -0.112723
v -0.002223 0.172000 -0.124332
v 0.003975 0.128705 -0.112312
v 0.004042 0.172000 -0.112237
v 0.003779 0.172000 -0.122690
v -0.002865 0.128705 -0.111734
v -0.002825 0.172000 -0.111790
v -0.001962 0.172000 -0.124132
v 0.003533 0.172000 -0.122439
v -0.004270 0.171998 -0.119302
v -0.001912 0.173922 -0.123396
v 0.003787 0.172000 -0.113248
v 0.004704 0.172000 -0.115606
v 0.003736 0.172000 -0.114808
v 0.002676 0.172000 -0.113034
v -0.004306 0.172000 -0.120841
v 0.001858 0.172000 -0.111231
v -0.003245 0.172000 -0.121357
v 0.001222 0.172000 -0.111969
v 0.001414 0.172000 -0.124133
v -0.000925 0.172000 -0.124344
v 0.000419 0.172000 -0.123453
v -0.003078 0.172000 -0.122898
v 0.001984 0.172000 -0.122803
v -0.001581 0.172000 -0.123097
v -0.000461 0.172000 -0.110819
v -0.000796 0.172000 -0.111787
v 0.003100 0.172000 -0.122898
v 0.003268 0.172000 -0.121357
v -0.002275 0.172000 -0.111572
v 0.004329 0.172000 -0.120841
v -0.002653 0.172000 -0.113034
v 0.004305 0.172000 -0.118206
v -0.003764 0.172000 -0.113248
v 0.004895 0.172000 -0.118277
v -0.003713 0.172000 -0.114808
v 0.001624 0.174762 -0.123120
v 0.003427 0.171978 -0.113041
v 0.003479 0.173913 -0.112984
v 0.003485 0.171987 -0.122228
v 0.003255 0.173916 -0.121983
v -0.001646 0.172002 -0.123068
v -0.002469 0.172001 -0.112541
v -0.002431 0.173921 -0.112597
v -0.001621 0.171998 -0.123058
v -0.001688 0.173928 -0.123225
v 0.003112 0.171998 -0.121810
v 0.003688 0.173926 -0.122108
v -0.002556 0.171998 -0.112544
v -0.002471 0.173929 -0.112620
v 0.003694 0.171999 -0.113088
v -0.004283 0.173926 -0.117165
v 0.003107 0.173925 -0.113400
v -0.003808 0.174710 -0.120495
v -0.002342 0.174838 -0.112610
v 0.003793 0.174876 -0.114828
v -0.001954 0.173866 -0.122794
v -0.000394 0.173832 -0.111765
v 0.003260 0.173900 -0.121352
v -0.000394 0.173832 -0.123439
v 0.004296 0.173898 -0.118206
v -0.004096 0.173862 -0.115816
v 0.002668 0.173886 -0.113041
v 0.001217 0.173846 -0.111981
v 0.021448 -0.102634 -0.088576
v 0.021208 -0.104884 -0.088551
v -0.011449 -0.101215 -0.064947
v -0.014574 -0.101215 -0.067513
v -0.015765 -0.102695 -0.066322
v -0.012384 -0.102695 -0.063547
v 0.008550 -0.102695 -0.061485
v 0.002183 -0.102635 -0.059810
v 0.002206 -0.104883 -0.060050
v 0.008459 -0.104943 -0.061704
v -0.017140 -0.101215 -0.093558
v -0.014574 -0.101215 -0.096684
v -0.015765 -0.102695 -0.097875
v -0.018540 -0.102695 -0.094494
v -0.022273 -0.102634 -0.084316
v -0.019728 -0.102634 -0.092675
v -0.021198 -0.104883 -0.088509
v 0.020638 -0.101215 -0.082098
v 0.020242 -0.101215 -0.078074
v 0.021894 -0.102695 -0.077746
v 0.022323 -0.102695 -0.082098
v -0.002161 -0.102635 -0.104387
v -0.002183 -0.104883 -0.104146
v 0.000011 -0.101215 -0.061471
v -0.004013 -0.101215 -0.061867
v -0.004341 -0.102695 -0.060216
v 0.000011 -0.102695 -0.059787
v -0.006512 -0.102635 -0.060675
v -0.006399 -0.104883 -0.060889
v -0.020616 -0.101215 -0.082098
v -0.020220 -0.101215 -0.086122
v -0.021871 -0.102695 -0.086451
v -0.022300 -0.102695 -0.082098
v 0.022295 -0.102635 -0.079880
v 0.018731 -0.102442 -0.069634
v 0.021221 -0.104884 -0.075688
v 0.017162 -0.101215 -0.093558
v 0.019068 -0.101215 -0.089992
v 0.020624 -0.102695 -0.090636
v 0.018562 -0.102695 -0.094494
v 0.006534 -0.102634 -0.103521
v 0.006422 -0.104883 -0.103307
v 0.000011 -0.101215 -0.102725
v 0.004035 -0.101215 -0.102329
v 0.004364 -0.102695 -0.103981
v 0.000011 -0.102695 -0.104410
v -0.012513 -0.102441 -0.100777
v -0.012253 -0.104943 -0.100453
v -0.017131 -0.104883 -0.096137
v 0.011471 -0.101215 -0.064947
v 0.007905 -0.101215 -0.063041
v 0.008550 -0.102695 -0.061485
v 0.012407 -0.102695 -0.063547
v -0.016002 -0.102714 -0.066152
v -0.019519 -0.104883 -0.071634
v -0.015598 -0.104943 -0.066489
v -0.017140 -0.101215 -0.070638
v -0.019046 -0.101215 -0.074205
v -0.020602 -0.102695 -0.073560
v -0.018540 -0.102695 -0.069703
v 0.014200 -0.102634 -0.064773
v 0.014085 -0.104884 -0.064985
v -0.011449 -0.101215 -0.099249
v -0.007882 -0.101215 -0.101155
v -0.008527 -0.102695 -0.102711
v -0.012384 -0.102695 -0.100649
v 0.014236 -0.102634 -0.099395
v 0.018464 -0.103818 -0.094428
v 0.014050 -0.104883 -0.099240
v 0.007905 -0.101215 -0.101155
v 0.011471 -0.101215 -0.099249
v 0.012407 -0.102695 -0.100649
v 0.008549 -0.102695 -0.102711
v -0.021425 -0.102634 -0.075620
v -0.022036 -0.104883 -0.079904
v 0.019068 -0.101215 -0.074205
v 0.017162 -0.101215 -0.070638
v 0.018562 -0.102695 -0.069703
v 0.020624 -0.102695 -0.073560
v -0.007882 -0.101215 -0.063041
v -0.008527 -0.102695 -0.061485
v 0.022086 -0.104943 -0.082098
v -0.019046 -0.101215 -0.089992
v -0.020602 -0.102695 -0.090636
v 0.020242 -0.101215 -0.086122
v 0.021894 -0.102695 -0.086451
v -0.015866 -0.102443 -0.066170
v -0.015766 -0.104962 -0.066254
v 0.004035 -0.101215 -0.061867
v 0.004364 -0.102695 -0.060216
v 0.018366 -0.104943 -0.069834
v 0.014597 -0.101215 -0.096684
v 0.015788 -0.102695 -0.097875
v -0.012505 -0.102715 -0.100916
v -0.012321 -0.104691 -0.100619
v -0.004013 -0.101215 -0.102329
v -0.004341 -0.102695 -0.103981
v 0.014597 -0.101215 -0.067513
v 0.015788 -0.102695 -0.066322
v 0.018464 -0.103819 -0.094428
v 0.018464 -0.103818 -0.069769
v -0.020220 -0.101215 -0.078074
v -0.021871 -0.102695 -0.077745
v 0.012275 -0.104943 -0.063744
v 0.008459 -0.104943 -0.061704
v 0.020424 -0.106084 -0.073631
v 0.004988 -0.106756 -0.078743
v 0.004957 -0.111919 -0.078769
v 0.015621 -0.104943 -0.066489
v -0.021639 -0.104943 -0.086405
v -0.020404 -0.105976 -0.090553
v 0.018366 -0.104943 -0.069834
v -0.022064 -0.104943 -0.082098
v -0.021639 -0.104943 -0.077792
v -0.018359 -0.105896 -0.069821
v 0.021662 -0.104943 -0.077792
v -0.020383 -0.104943 -0.073651
v 0.022086 -0.104943 -0.082098
v 0.021662 -0.104943 -0.086405
v 0.020424 -0.105910 -0.090555
v -0.015598 -0.104943 -0.066489
v -0.008436 -0.104943 -0.102493
v -0.004295 -0.104943 -0.103749
v 0.000011 -0.106141 -0.104199
v 0.018366 -0.104943 -0.094362
v -0.012253 -0.104943 -0.100453
v 0.015621 -0.104943 -0.097707
v -0.004277 -0.106121 -0.060418
v -0.008436 -0.104943 -0.061704
v 0.012275 -0.104943 -0.100453
v 0.000011 -0.104943 -0.060023
v -0.018343 -0.104943 -0.094362
v -0.015598 -0.104943 -0.097707
v 0.008459 -0.104943 -0.102493
v 0.004318 -0.104943 -0.060447
v 0.004318 -0.104943 -0.103749
v -0.000557 -0.106756 -0.087875
v -0.002725 -0.106756 -0.087218
v -0.004853 -0.106756 -0.085349
v -0.005839 -0.106756 -0.082098
v -0.005108 -0.106756 -0.079361
v -0.003239 -0.106756 -0.077233
v -0.000557 -0.106756 -0.076321
v 0.001697 -0.106756 -0.076543
v 0.003694 -0.106756 -0.077611
v 0.005131 -0.106756 -0.079362
v 0.005788 -0.106756 -0.081529
v 0.005416 -0.106756 -0.084337
v 0.003694 -0.106756 -0.086585
v 0.001697 -0.106756 -0.087653
v -0.000557 -0.111919 -0.087875
v 0.001696 -0.111919 -0.087653
v 0.003694 -0.111919 -0.086586
v 0.005131 -0.111919 -0.084835
v 0.005788 -0.111919 -0.082668
v 0.005417 -0.111919 -0.079860
v 0.003694 -0.111919 -0.077611
v 0.002222 -0.111664 -0.076757
v -0.002210 -0.111278 -0.076686
v -0.004476 -0.111919 -0.078415
v -0.005544 -0.111919 -0.080413
v -0.005766 -0.111919 -0.082667
v -0.005108 -0.111919 -0.084835
v -0.003239 -0.111919 -0.086963
v -0.006059 -0.106756 -0.081563
v -0.006192 -0.111919 -0.081903
v 0.005891 -0.106756 -0.081464
v 0.005341 -0.111919 -0.078621
v -0.004074 -0.106756 -0.078013
v -0.004074 -0.111919 -0.078013
v 0.004904 -0.106756 -0.085354
v 0.004843 -0.111919 -0.085323
v -0.004150 -0.106756 -0.077918
v -0.004074 -0.111919 -0.078013
v -0.002226 -0.111919 -0.076712
v -0.002276 -0.108313 -0.076607
v 0.002847 -0.106756 -0.087288
v 0.004950 -0.111919 -0.085420
v 0.000580 -0.108303 -0.076321
v 0.002219 -0.106924 -0.076750
v -0.003397 -0.106756 -0.087294
v -0.003311 -0.111919 -0.087119
v -0.002171 -0.108419 -0.076676
v -0.002199 -0.112318 -0.064811
v 0.001149 -0.111919 -0.087818
v -0.003332 -0.106756 -0.087061
v -0.003255 -0.111919 -0.086970
v 0.002236 -0.108313 -0.076734
v 0.002222 -0.111919 -0.076760
v 0.000425 -0.106756 -0.076201
v 0.004815 -0.106756 -0.085308
v 0.004815 -0.106756 -0.078888
v -0.002200 -0.117606 -0.065427
v -0.002200 -0.108514 -0.072391
v -0.002200 -0.111270 -0.076714
v -0.002200 -0.117392 -0.065542
v -0.002200 -0.115589 -0.062419
v 0.002222 -0.111270 -0.076714
v 0.002222 -0.108313 -0.076760
v 0.002222 -0.108514 -0.072391
v -0.002200 -0.108313 -0.076760
v -0.002200 -0.132061 -0.053127
v 0.002236 -0.131346 -0.053064
v -0.002200 -0.131951 -0.056731
v -0.002200 -0.131951 -0.053125
v -0.002202 -0.132228 -0.056734
v 0.002222 -0.115589 -0.062419
v 0.002222 -0.117392 -0.065542
v 0.002222 -0.129183 -0.056532
v -0.002198 -0.132025 -0.053125
v -0.002192 -0.145223 -0.053125
v 0.002222 -0.131951 -0.056731
v 0.002222 -0.131951 -0.053125
v 0.002222 -0.145001 -0.053125
v 0.002222 -0.145001 -0.056731
v -0.002192 -0.132173 -0.056731
v -0.002192 -0.145223 -0.056731
v -0.002202 -0.145190 -0.053125
v -0.002201 -0.145090 -0.056731
v 0.002225 -0.145190 -0.056731
v 0.002223 -0.145090 -0.053125
v 0.002221 -0.132025 -0.056731
v 0.002221 -0.145076 -0.056731
v 0.002215 -0.132173 -0.053125
v 0.002221 -0.145076 -0.053125
v -0.002200 -0.145001 -0.056731
v -0.002200 -0.145001 -0.053125
v -0.002892 -0.035104 -0.069187
v -0.002236 -0.043548 -0.068724
v 0.002562 -0.035104 -0.094921
v 0.004015 -0.035104 -0.102224
v 0.000011 -0.035104 -0.102619
v -0.001276 -0.035104 -0.095171
v 0.006204 -0.035104 -0.093684
v 0.007864 -0.035104 -0.101057
v 0.011412 -0.035104 -0.099160
v 0.009256 -0.035104 -0.091343
v 0.014521 -0.035104 -0.096608
v 0.011597 -0.035104 -0.088291
v 0.017073 -0.035104 -0.093499
v 0.018970 -0.035104 -0.089951
v 0.013084 -0.035104 -0.083386
v 0.020137 -0.035104 -0.086102
v 0.020532 -0.035104 -0.082098
v 0.012835 -0.035104 -0.079547
v 0.020137 -0.035104 -0.078095
v 0.011597 -0.035104 -0.075906
v 0.018970 -0.035104 -0.074245
v 0.017073 -0.035104 -0.070698
v 0.008345 -0.035104 -0.071944
v 0.014521 -0.035104 -0.067588
v 0.011412 -0.035104 -0.065036
v 0.003825 -0.035104 -0.069527
v 0.007864 -0.035104 -0.063140
v 0.004015 -0.035104 -0.061972
v -0.001276 -0.035104 -0.069025
v 0.000011 -0.035104 -0.061578
v -0.003992 -0.035104 -0.061972
v -0.006181 -0.035104 -0.070513
v -0.007842 -0.035104 -0.063140
v -0.011389 -0.035104 -0.065036
v -0.010143 -0.035104 -0.073764
v -0.014499 -0.035104 -0.067588
v -0.017051 -0.035104 -0.070698
v -0.012559 -0.035104 -0.078285
v -0.018947 -0.035104 -0.074245
v -0.020115 -0.035104 -0.078095
v -0.013063 -0.035104 -0.082098
v -0.020509 -0.035104 -0.082098
v -0.012559 -0.035104 -0.085912
v -0.020115 -0.035104 -0.086102
v -0.018947 -0.035104 -0.089951
v -0.006181 -0.035104 -0.093684
v -0.011389 -0.035104 -0.099160
v -0.014499 -0.035104 -0.096608
v -0.010143 -0.035104 -0.090432
v -0.007842 -0.035104 -0.101057
v -0.003992 -0.035104 -0.102224
v -0.006178 -0.043443 -0.070519
v -0.004824 -0.053458 -0.077262
v -0.010135 -0.043385 -0.073771
v 0.009256 -0.035104 -0.091343
v -0.004747 -0.035104 -0.094446
v -0.004231 -0.043548 -0.094785
v 0.010086 -0.035104 -0.091991
v 0.009256 -0.043548 -0.091343
v 0.012698 -0.043548 -0.086340
v 0.004254 -0.035104 -0.094785
v -0.011182 -0.035104 -0.074564
v -0.011013 -0.043548 -0.074707
v 0.012698 -0.035104 -0.077856
v -0.011799 -0.035105 -0.074360
v -0.010860 -0.043548 -0.074834
v -0.013259 -0.043548 -0.080413
v 0.012359 -0.043548 -0.077340
v -0.011233 -0.035105 -0.089556
v 0.007402 -0.043548 -0.071074
v 0.007354 -0.035104 -0.071132
v -0.011036 -0.043548 -0.089455
v 0.007529 -0.035104 -0.070736
v 0.007333 -0.043548 -0.071118
v 0.009904 -0.043548 -0.092172
v -0.011013 -0.035104 -0.089489
v -0.010955 -0.043548 -0.089441
v -0.005831 -0.053608 -0.086040
v -0.005612 -0.102144 -0.085856
v -0.001629 -0.102144 -0.089175
v 0.011591 -0.043443 -0.088287
v 0.006715 -0.053414 -0.083432
v 0.013078 -0.043443 -0.083385
v 0.006510 -0.053553 -0.080127
v 0.012835 -0.043548 -0.079547
v -0.012068 -0.043548 -0.077095
v -0.006689 -0.053358 -0.080765
v -0.013055 -0.043443 -0.080812
v 0.011590 -0.043443 -0.075909
v 0.004845 -0.053414 -0.077265
v -0.006304 -0.053414 -0.084714
v -0.012553 -0.043443 -0.085910
v 0.008340 -0.043443 -0.071949
v -0.010138 -0.043443 -0.090428
v 0.001345 -0.053414 -0.075394
v 0.005015 -0.043548 -0.070019
v 0.001299 -0.043443 -0.095164
v -0.001323 -0.053414 -0.088802
v 0.001983 -0.053553 -0.088597
v -0.004297 -0.053553 -0.087348
v 0.001298 -0.043443 -0.069032
v 0.006201 -0.043443 -0.093677
v -0.006177 -0.043443 -0.093678
v 0.004844 -0.053414 -0.086932
v -0.001960 -0.053553 -0.075599
v -0.002539 -0.043548 -0.069275
v 0.009256 -0.043548 -0.091343
v -0.002539 -0.043548 -0.094921
v 0.004014 -0.053608 -0.075989
v 0.003973 -0.102144 -0.076073
v 0.004858 -0.102144 -0.086961
v 0.000929 -0.053608 -0.089169
v -0.006258 -0.102144 -0.077767
v -0.006176 -0.053608 -0.077845
v 0.004794 -0.053608 -0.086881
v 0.005483 -0.053608 -0.087402
v 0.004794 -0.102144 -0.086881
v 0.006848 -0.102144 -0.083672
v -0.006390 -0.053608 -0.077964
v -0.005612 -0.102144 -0.078341
v -0.006305 -0.102144 -0.079487
v 0.004264 -0.053608 -0.075911
v 0.004124 -0.102144 -0.076062
v -0.006445 -0.102159 -0.084756
v -0.005669 -0.053608 -0.085885
v -0.005612 -0.102144 -0.085856
v 0.002769 -0.106427 -0.087257
v 0.002612 -0.101880 -0.088377
v 0.005255 -0.102091 -0.086404
v 0.005388 -0.106594 -0.084322
v 0.006503 -0.102090 -0.084070
v 0.005592 -0.106346 -0.080402
v 0.006692 -0.101954 -0.080772
v 0.004830 -0.101955 -0.077284
v 0.002758 -0.106346 -0.076952
v 0.001343 -0.101955 -0.075418
v -0.000558 -0.106711 -0.076330
v -0.001956 -0.102091 -0.075605
v -0.003224 -0.106594 -0.077261
v -0.004291 -0.102091 -0.076852
v -0.005362 -0.106624 -0.079855
v -0.006298 -0.102103 -0.079462
v -0.005393 -0.106722 -0.079879
v -0.005750 -0.106675 -0.082666
v -0.004473 -0.106737 -0.085779
v -0.004795 -0.101880 -0.086904
v -0.001676 -0.106252 -0.087662
v -0.001320 -0.102015 -0.088791
v -0.004013 -0.101215 -0.102329
v 0.000011 -0.101215 -0.102725
v 0.004035 -0.101215 -0.102329
v 0.007905 -0.101215 -0.101155
v 0.011471 -0.101215 -0.099249
v 0.014597 -0.101215 -0.096684
v 0.017162 -0.101215 -0.093558
v 0.019068 -0.101215 -0.089992
v 0.020242 -0.101215 -0.086122
v 0.020638 -0.101215 -0.082098
v 0.020242 -0.101215 -0.078074
v 0.019068 -0.101215 -0.074205
v 0.017162 -0.101215 -0.070638
v 0.014597 -0.101215 -0.067513
v 0.011471 -0.101215 -0.064947
v 0.007905 -0.101215 -0.063041
v 0.004035 -0.101215 -0.061867
v 0.000011 -0.101215 -0.061471
v -0.004013 -0.101215 -0.061867
v -0.007882 -0.101215 -0.063041
v -0.011449 -0.101215 -0.064947
v -0.014574 -0.101215 -0.067513
v -0.017140 -0.101215 -0.070638
v -0.019046 -0.101215 -0.074205
v -0.020220 -0.101215 -0.078074
v -0.020616 -0.101215 -0.082098
v -0.020220 -0.101215 -0.086122
v -0.019046 -0.101215 -0.089992
v -0.017140 -0.101215 -0.093558
v -0.014574 -0.101215 -0.096684
v -0.011449 -0.101215 -0.099249
v -0.007882 -0.101215 -0.101155
v -0.012253 -0.104943 -0.063744
v -0.017051 -0.035104 -0.093499
v -0.006237 -0.102144 -0.084686
v -0.005326 -0.106756 -0.084309
v -0.005326 -0.106756 -0.084309
v 0.007834 0.062950 -0.122906
v 0.007861 0.063231 -0.095859
v -0.007779 0.062517 -0.122888
v -0.007795 0.062803 -0.095857
v 0.007600 0.060438 -0.122859
v 0.008820 0.060436 -0.104537
v -0.008662 0.009853 -0.117083
v -0.007578 0.009853 -0.122859
v -0.004329 0.032543 -0.087782
v 0.004354 0.032570 -0.087780
v 0.004348 0.045467 -0.093096
v -0.004325 0.045467 -0.093096
v -0.007578 0.045467 -0.095132
v -0.007569 0.032516 -0.090475
v -0.004325 0.060438 -0.124784
v -0.004325 0.009853 -0.124784
v 0.004219 0.043740 -0.093603
v -0.004130 0.044455 -0.093357
v 0.007600 0.045467 -0.095132
v 0.007600 0.050748 -0.095905
v 0.008147 0.060438 -0.094944
v 0.004348 0.060438 -0.093980
v -0.007942 0.060438 -0.095264
v -0.004325 0.060438 -0.093980
v -0.007578 0.050748 -0.095905
v -0.007578 0.045467 -0.095132
v 0.008684 0.060438 -0.117083
v 0.008684 0.060438 -0.101681
v 0.007600 0.060438 -0.095905
v 0.007939 0.048704 -0.095696
v 0.004348 0.060438 -0.124784
v -0.004325 0.060438 -0.124784
v 0.004348 0.060438 -0.124784
v 0.007600 0.060438 -0.122859
v -0.008677 0.060431 -0.102338
v -0.007916 0.048704 -0.095696
v -0.007578 0.060438 -0.095905
v -0.008662 0.060438 -0.101681
v -0.008107 0.060438 -0.122258
v -0.008662 0.060438 -0.117083
v 0.004348 0.009853 -0.086907
v 0.007600 0.009853 -0.089716
v 0.007600 0.025102 -0.089716
v 0.004516 0.033716 -0.087259
v 0.004429 0.006550 -0.086634
v 0.007750 0.008913 -0.089752
v 0.008684 0.009853 -0.117083
v 0.007600 0.009853 -0.122859
v 0.008684 0.009853 -0.117083
v 0.006751 0.003265 -0.121674
v 0.007600 0.009853 -0.122859
v -0.004325 0.009853 -0.124784
v -0.004325 0.060438 -0.124784
v -0.004325 0.009853 -0.124784
v -0.007621 0.002418 -0.117153
v -0.007613 0.009603 -0.122864
v -0.008662 0.009853 -0.098144
v -0.007578 0.009853 -0.089716
v -0.007578 0.004135 -0.117083
v -0.007578 0.004135 -0.098144
v -0.008662 0.009853 -0.098144
v -0.007578 0.004135 -0.098144
v -0.007614 0.009608 -0.089724
v 0.004348 0.009853 -0.124784
v 0.007592 0.032516 -0.090475
v 0.007600 0.045467 -0.095132
v -0.007560 0.032815 -0.090536
v 0.007583 0.032815 -0.090536
v -0.004411 0.006314 -0.086615
v -0.008662 0.009853 -0.117083
v 0.007600 0.009853 -0.122859
v 0.004348 0.009853 -0.124784
v 0.008030 0.009853 -0.089663
v 0.007600 0.025102 -0.089716
v 0.008684 0.009853 -0.098144
v -0.008224 0.009853 -0.088928
v -0.004560 0.033218 -0.087521
v -0.007578 0.025102 -0.089716
v -0.007578 0.032468 -0.090490
v -0.007578 0.025102 -0.089716
v 0.007600 0.032468 -0.090490
v 0.033287 -0.139171 -0.094092
v 0.029498 -0.140570 -0.100928
v 0.032456 -0.140193 -0.096399
v 0.020944 -0.142464 -0.103759
v 0.029937 -0.139384 -0.100095
v 0.034558 -0.143990 -0.090347
v 0.034095 -0.146285 -0.092280
v 0.030266 -0.142336 -0.101165
v 0.032968 -0.142432 -0.096227
v 0.030266 -0.145176 -0.100304
v 0.021030 -0.143674 -0.103978
v 0.030266 -0.142336 -0.101165
v 0.030318 -0.146132 -0.100491
v 0.032901 -0.144671 -0.096842
v 0.020774 -0.148184 -0.097230
v 0.033711 -0.144915 -0.091907
v 0.034270 -0.143018 -0.090105
v 0.033757 -0.147516 -0.087171
v 0.032332 -0.151948 -0.085459
v 0.020203 -0.155817 -0.087897
v 0.034347 -0.144876 -0.085744
v 0.033644 -0.144765 -0.080714
v 0.030295 -0.150600 -0.075789
v 0.020973 -0.152587 -0.073572
v 0.034316 -0.143119 -0.082546
v 0.033738 -0.144949 -0.080754
v 0.034334 -0.143142 -0.082561
v 0.033835 -0.139275 -0.081133
v 0.033088 -0.139380 -0.078600
v 0.032898 -0.144504 -0.075823
v 0.030181 -0.144782 -0.072345
v 0.021029 -0.146229 -0.069792
v 0.018497 -0.160528 -0.064384
v 0.025020 -0.160160 -0.063338
v 0.030266 -0.145176 -0.072335
v 0.021107 -0.147159 -0.075377
v 0.018511 -0.163381 -0.067706
v 0.018497 -0.160528 -0.064384
v 0.020247 -0.146710 -0.069083
v 0.030266 -0.145176 -0.072335
v 0.032963 -0.143373 -0.076687
v 0.032686 -0.139393 -0.076068
v 0.029864 -0.139369 -0.071436
v 0.021029 -0.146229 -0.069792
v 0.030266 -0.145176 -0.072335
v 0.030266 -0.142336 -0.071474
v 0.021029 -0.142873 -0.068774
v 0.021029 -0.142873 -0.068774
v 0.029937 -0.139383 -0.072544
v 0.020944 -0.136303 -0.068880
v 0.021030 -0.135093 -0.068661
v 0.030266 -0.136430 -0.071474
v 0.030318 -0.132635 -0.072148
v 0.032963 -0.135393 -0.076687
v 0.030266 -0.133591 -0.072335
v 0.032901 -0.134096 -0.075798
v 0.033809 -0.131129 -0.083543
v 0.020774 -0.130583 -0.075410
v 0.034346 -0.133892 -0.085779
v 0.030288 -0.123975 -0.084678
v 0.020203 -0.122950 -0.084742
v 0.033035 -0.129491 -0.091599
v 0.033833 -0.139077 -0.091486
v 0.033714 -0.133633 -0.091870
v 0.030352 -0.131989 -0.100617
v 0.021037 -0.126272 -0.099135
v 0.032873 -0.135696 -0.095957
v 0.021022 -0.135324 -0.103947
v 0.030266 -0.136430 -0.101165
v 0.030266 -0.133591 -0.100304
v 0.032963 -0.135393 -0.095952
v 0.021029 -0.135893 -0.103865
v 0.020697 -0.138674 -0.101559
v 0.021402 -0.135199 -0.103557
v 0.021479 -0.140209 -0.104053
v 0.020367 -0.132905 -0.100239
v 0.020310 -0.128513 -0.097190
v 0.021029 -0.126734 -0.098969
v 0.020455 -0.128830 -0.097263
v 0.020631 -0.135788 -0.071507
v 0.021095 -0.131845 -0.070122
v 0.021029 -0.126734 -0.073670
v 0.020310 -0.128513 -0.075449
v 0.021479 -0.138558 -0.068587
v 0.020698 -0.140093 -0.071080
v 0.020367 -0.145862 -0.072400
v 0.020455 -0.149937 -0.075376
v 0.020631 -0.142979 -0.101133
v 0.021095 -0.146922 -0.102517
v 0.021029 -0.152033 -0.098969
v 0.020310 -0.150254 -0.097190
v 0.033738 -0.136694 -0.078447
v 0.033738 -0.134347 -0.094479
v 0.037928 -0.134340 -0.078159
v 0.032753 -0.135228 -0.095968
v 0.032008 -0.124427 -0.100754
v 0.031991 -0.127290 -0.102134
v 0.037153 -0.141679 -0.096581
v 0.037154 -0.129640 -0.080315
v 0.037928 -0.136695 -0.094193
v 0.033738 -0.139384 -0.093476
v 0.037928 -0.139384 -0.093476
v 0.037154 -0.145501 -0.095129
v 0.033738 -0.142072 -0.094193
v 0.037928 -0.144423 -0.094480
v 0.037395 -0.130760 -0.093664
v 0.037157 -0.145647 -0.077457
v 0.037153 -0.141580 -0.076072
v 0.032963 -0.137349 -0.096546
v 0.032963 -0.135393 -0.095952
v 0.037153 -0.135393 -0.095952
v 0.037153 -0.137349 -0.096546
v 0.037153 -0.137088 -0.076058
v 0.032963 -0.130714 -0.092112
v 0.031991 -0.120442 -0.096514
v 0.036633 -0.139615 -0.096585
v 0.037436 -0.139285 -0.094035
v 0.037157 -0.135390 -0.095957
v 0.038159 -0.132468 -0.092032
v 0.037875 -0.133877 -0.091926
v 0.037857 -0.132410 -0.081882
v 0.037444 -0.128695 -0.080299
v 0.038136 -0.131370 -0.081775
v 0.036554 -0.139378 -0.076078
v 0.037476 -0.139388 -0.078588
v 0.037153 -0.145176 -0.077651
v 0.037928 -0.143756 -0.079776
v 0.037830 -0.143513 -0.079752
v 0.038016 -0.148328 -0.087241
v 0.037875 -0.143588 -0.092875
v 0.037928 -0.143756 -0.092864
v 0.037153 -0.145176 -0.094989
v 0.032963 -0.139384 -0.095799
v 0.037153 -0.139384 -0.095799
v 0.032963 -0.139383 -0.076840
v 0.037153 -0.139383 -0.076840
v 0.033738 -0.139384 -0.079164
v 0.037928 -0.139384 -0.079164
v 0.033738 -0.144423 -0.078160
v 0.037928 -0.142072 -0.078447
v 0.038124 -0.127290 -0.102134
v 0.029387 -0.129153 -0.108129
v 0.032835 -0.123047 -0.114437
v 0.005793 -0.128203 -0.108280
v 0.005800 -0.122241 -0.106721
v -0.005775 -0.122411 -0.106721
v 0.038124 -0.127290 -0.102134
v 0.038294 -0.124449 -0.100503
v 0.038124 -0.120442 -0.096514
v 0.038124 -0.120442 -0.096514
v 0.031991 -0.120442 -0.096514
v 0.037153 -0.135393 -0.095952
v 0.032963 -0.135393 -0.095952
v 0.031991 -0.127290 -0.102134
v 0.032957 -0.127583 -0.114009
v 0.032785 -0.118510 -0.113114
v 0.029390 -0.118094 -0.102507
v 0.038066 -0.124875 -0.100750
v -0.005242 -0.114731 -0.110723
v 0.032782 -0.121724 -0.114428
v 0.032782 -0.119085 -0.113018
v 0.029387 -0.121938 -0.106719
v 0.029387 -0.129153 -0.108129
v 0.031934 -0.124868 -0.100744
v 0.029417 -0.121740 -0.106729
v 0.031991 -0.120442 -0.096514
v 0.029331 -0.118130 -0.102510
v 0.005263 -0.115272 -0.108807
v 0.005139 -0.118976 -0.112954
v 0.005707 -0.115652 -0.118482
v 0.005300 -0.111543 -0.114344
v 0.005263 -0.126698 -0.114428
v 0.005802 -0.129550 -0.108129
v 0.008830 -0.157346 -0.115649
v 0.007808 -0.147151 -0.124072
v 0.005265 -0.126532 -0.114427
v -0.005243 -0.126485 -0.114428
v -0.006711 -0.122766 -0.119952
v 0.006734 -0.122844 -0.119956
v 0.005263 -0.125272 -0.114724
v 0.005802 -0.129550 -0.108129
v 0.005263 -0.126698 -0.114428
v 0.005268 -0.112422 -0.114237
v 0.029387 -0.129153 -0.108129
v 0.029387 -0.121938 -0.106719
v 0.005802 -0.122335 -0.106719
v 0.005802 -0.129550 -0.108129
v -0.000522 -0.158100 -0.115856
v 0.008768 -0.156644 -0.115610
v 0.005261 -0.126461 -0.114436
v 0.007806 -0.147186 -0.124062
v 0.008783 -0.149632 -0.127926
v 0.009740 -0.160027 -0.116165
v 0.008830 -0.157346 -0.115649
v 0.009989 -0.160364 -0.116228
v 0.008719 -0.149701 -0.128082
v 0.008633 -0.157081 -0.115543
v 0.000011 -0.157677 -0.116068
v 0.000011 -0.160757 -0.116654
v 0.009808 -0.160838 -0.115968
v 0.007904 -0.156098 -0.129579
v 0.009994 -0.160300 -0.116092
v 0.000011 -0.160757 -0.116654
v 0.008894 -0.162519 -0.120969
v 0.003966 -0.154285 -0.129744
v 0.004455 -0.161806 -0.121053
v -0.004433 -0.162049 -0.121000
v 0.000011 -0.154163 -0.129453
v 0.008675 -0.163004 -0.123044
v 0.008804 -0.156359 -0.129746
v 0.000011 -0.153437 -0.129605
v -0.007785 -0.147147 -0.124074
v -0.005237 -0.126405 -0.114434
v 0.009017 -0.169145 -0.130530
v 0.007782 -0.165668 -0.134588
v 0.004770 -0.161206 -0.122065
v 0.004712 -0.156422 -0.128802
v 0.003966 -0.154285 -0.129744
v 0.007921 -0.154200 -0.129740
v 0.007980 -0.157379 -0.128484
v 0.004025 -0.157457 -0.128464
v 0.004585 -0.169207 -0.130498
v 0.009020 -0.169141 -0.130528
v 0.004081 -0.162628 -0.133280
v 0.004560 -0.167120 -0.128254
v 0.004025 -0.157457 -0.128464
v 0.007980 -0.157379 -0.128484
v 0.008059 -0.164936 -0.134662
v 0.004104 -0.165208 -0.134610
v 0.008062 -0.165478 -0.134612
v 0.004107 -0.165549 -0.134578
v -0.013758 -0.158378 -0.027937
v -0.015357 -0.146699 -0.034555
v -0.014486 -0.157827 -0.058698
v -0.015425 -0.158591 -0.034571
v -0.015357 -0.157827 -0.052586
v -0.013474 -0.158408 -0.028030
v -0.013436 -0.152263 -0.026035
v -0.014158 -0.146699 -0.058593
v -0.013436 -0.146699 -0.028049
v -0.015425 -0.145935 -0.034571
v -0.013474 -0.146119 -0.028030
v -0.015610 -0.143709 -0.052429
v -0.013436 -0.146699 -0.058361
v -0.013436 -0.157827 -0.058361
v -0.012247 -0.162785 -0.055322
v -0.013456 -0.157827 -0.058521
v -0.013498 -0.146699 -0.058873
v -0.007673 -0.157827 -0.059090
v 0.007696 -0.157827 -0.059090
v 0.013491 -0.146699 -0.058623
v -0.007673 -0.146699 -0.059090
v 0.012270 -0.141741 -0.055322
v 0.007696 -0.146699 -0.059090
v 0.013506 -0.157827 -0.058756
v 0.013459 -0.146699 -0.058361
v 0.013459 -0.157827 -0.058361
v 0.015633 -0.160817 -0.052430
v 0.014113 -0.157827 -0.058572
v 0.014836 -0.146699 -0.058794
v 0.015380 -0.146699 -0.052586
v 0.013638 -0.146392 -0.027986
v 0.013781 -0.158378 -0.027937
v 0.015447 -0.145935 -0.034571
v 0.013630 -0.143610 -0.027812
v 0.013459 -0.152263 -0.026035
v 0.015447 -0.158591 -0.034571
v 0.013644 -0.161136 -0.027799
v 0.007619 -0.157842 -0.024292
v 0.007696 -0.157827 -0.024344
v 0.013459 -0.157827 -0.028049
v 0.013459 -0.152263 -0.026035
v 0.007696 -0.146699 -0.024344
v 0.013459 -0.146699 -0.028049
v 0.007696 -0.146699 -0.024344
v -0.007673 -0.146699 -0.024344
v -0.007673 -0.157837 -0.024309
v -0.007730 -0.143859 -0.024175
v -0.013436 -0.152263 -0.026035
v -0.007673 -0.152263 -0.024274
v -0.007723 -0.160286 -0.024197
v -0.007673 -0.152263 -0.024274
v -0.013436 -0.152263 -0.026035
v -0.044234 -0.170808 -0.028944
v -0.044234 -0.163332 -0.057432
v -0.044234 -0.170808 -0.057432
v -0.044293 -0.165896 -0.028950
v -0.044258 -0.172811 -0.057437
v -0.015708 -0.172851 -0.021294
v -0.043832 -0.169318 -0.016503
v -0.032842 -0.160213 -0.015404
v -0.044247 -0.162231 -0.057433
v -0.038703 -0.163332 -0.066555
v -0.038703 -0.170808 -0.066555
v -0.038703 -0.170577 -0.066551
v -0.038709 -0.170808 -0.066670
v 0.018497 -0.163332 -0.067708
v 0.038750 -0.170808 -0.067015
v -0.018475 -0.170808 -0.067708
v -0.038721 -0.163332 -0.066877
v -0.028589 -0.163253 -0.067133
v -0.024938 -0.160368 -0.063270
v -0.018475 -0.163332 -0.067708
v -0.018475 -0.160528 -0.064384
v 0.028612 -0.163253 -0.067133
v 0.044270 -0.162231 -0.057433
v 0.038726 -0.163332 -0.066555
v 0.038726 -0.170577 -0.066551
v 0.018618 -0.171970 -0.067738
v 0.044256 -0.170808 -0.057432
v 0.044257 -0.163332 -0.057432
v 0.044284 -0.172852 -0.057421
v 0.038726 -0.170808 -0.066555
v 0.038726 -0.163332 -0.066555
v 0.044256 -0.163332 -0.028944
v 0.033498 -0.160372 -0.015688
v 0.044253 -0.165917 -0.028951
v 0.043779 -0.169602 -0.014600
v 0.044256 -0.170808 -0.028944
v 0.000011 -0.170847 -0.012690
v 0.000011 -0.173611 -0.016995
v 0.015731 -0.172851 -0.021294
v 0.018662 -0.165495 -0.014617
v 0.000011 -0.163220 -0.014216
v -0.020959 -0.173534 -0.008096
v -0.043594 -0.172505 -0.000893
v -0.018639 -0.165495 -0.014617
v -0.020961 -0.173724 -0.008095
v -0.020672 -0.165845 -0.006615
v -0.018645 -0.169488 -0.013078
v -0.018481 -0.174876 -0.049641
v 0.018497 -0.174545 -0.049521
v 0.015708 -0.172887 -0.021264
v 0.015649 -0.165307 -0.021270
v 0.018486 -0.167167 -0.037391
v 0.015649 -0.172676 -0.021270
v 0.000011 -0.173611 -0.016995
v 0.000011 -0.166242 -0.016995
v 0.015649 -0.165307 -0.021270
v 0.010882 -0.169003 -0.041806
v -0.010986 -0.171960 -0.045964
v -0.009471 -0.166022 -0.051047
v -0.015627 -0.172676 -0.021270
v -0.015627 -0.165307 -0.021270
v -0.006341 -0.004312 -0.058816
v -0.003030 -0.001968 -0.058157
v -0.013093 -0.001968 -0.062486
v -0.009015 -0.001968 -0.060306
v -0.007923 -0.001968 -0.062944
v -0.011507 -0.001968 -0.064860
v 0.004065 -0.004312 -0.106226
v 0.005250 -0.001968 -0.105390
v 0.020205 -0.001968 -0.095691
v -0.013197 -0.004312 -0.101908
v -0.013552 -0.001968 -0.102596
v 0.019900 -0.004312 -0.095432
v -0.016808 -0.001968 -0.065246
v 0.020297 -0.004312 -0.095553
v 0.019623 -0.001968 -0.095203
v 0.023535 -0.001968 -0.086172
v -0.016667 -0.004312 -0.065420
v -0.017259 -0.004312 -0.064945
v -0.016946 -0.001968 -0.065193
v 0.023535 -0.004312 -0.078025
v -0.024063 -0.001968 -0.080410
v 0.020297 -0.001968 -0.068644
v -0.024063 -0.004312 -0.083786
v 0.019623 -0.004312 -0.068994
v 0.011983 -0.004312 -0.061144
v 0.019623 -0.003140 -0.068994
v 0.012777 -0.001968 -0.061924
v -0.020682 -0.001968 -0.093630
v -0.013736 -0.004312 -0.102473
v -0.013236 -0.001968 -0.101882
v -0.019888 -0.001978 -0.075966
v -0.014797 -0.002046 -0.067322
v -0.018262 0.001503 -0.072434
v 0.021803 -0.001968 -0.091125
v 0.019623 -0.001968 -0.095203
v 0.017249 -0.001968 -0.093616
v 0.019165 -0.001968 -0.090032
v -0.016667 -0.001968 -0.065420
v -0.014649 -0.001968 -0.067438
v 0.023145 -0.001968 -0.086700
v 0.020345 -0.001968 -0.086143
v -0.019601 -0.001968 -0.068994
v -0.017227 -0.001968 -0.070580
v 0.023599 -0.001968 -0.082098
v 0.020743 -0.001968 -0.082098
v -0.021781 -0.001968 -0.073072
v -0.019143 -0.001968 -0.074164
v 0.023145 -0.001968 -0.077497
v 0.020345 -0.001968 -0.078054
v -0.023123 -0.001968 -0.077497
v -0.020322 -0.001968 -0.078054
v 0.021803 -0.001968 -0.073072
v 0.019165 -0.001968 -0.074164
v -0.023576 -0.001968 -0.082098
v -0.020721 -0.001968 -0.082098
v 0.019623 -0.001968 -0.068994
v 0.017249 -0.001968 -0.070580
v 0.016690 -0.001968 -0.065420
v 0.014671 -0.001968 -0.067438
v -0.021781 -0.001968 -0.091125
v -0.023123 -0.001968 -0.086700
v -0.020322 -0.001968 -0.086143
v -0.019143 -0.001968 -0.090032
v 0.013116 -0.001968 -0.062486
v 0.011529 -0.001968 -0.064860
v -0.019601 -0.001968 -0.095203
v -0.017227 -0.001968 -0.093616
v 0.009038 -0.001968 -0.060306
v 0.007945 -0.001968 -0.062944
v 0.004613 -0.001968 -0.105232
v 0.000011 -0.001968 -0.105685
v 0.000011 -0.001968 -0.102830
v 0.004056 -0.001968 -0.102432
v 0.004613 -0.001968 -0.058964
v 0.004056 -0.001968 -0.061764
v 0.009038 -0.001968 -0.103890
v 0.007945 -0.001968 -0.101252
v 0.000011 -0.001968 -0.058511
v 0.000011 -0.001968 -0.061366
v 0.013116 -0.001968 -0.101710
v 0.011529 -0.001968 -0.099336
v -0.009015 -0.001968 -0.103890
v -0.013093 -0.001968 -0.101710
v -0.011507 -0.001968 -0.099336
v -0.007923 -0.001968 -0.101252
v -0.004590 -0.001968 -0.058964
v -0.004033 -0.001968 -0.061764
v 0.016690 -0.001968 -0.098777
v 0.014671 -0.001968 -0.096758
v -0.004590 -0.001968 -0.105232
v -0.004033 -0.001968 -0.102432
v 0.020742 -0.001978 -0.080148
v 0.020574 0.001503 -0.079981
v -0.020525 0.001466 -0.080076
v 0.018418 -0.001978 -0.072363
v 0.018199 0.001503 -0.072273
v -0.020584 -0.001998 -0.086057
v 0.014671 -0.001968 -0.067438
v 0.014565 0.001513 -0.067545
v -0.019800 0.001534 -0.088108
v 0.009908 -0.001978 -0.063777
v 0.014671 -0.001968 -0.067438
v 0.014753 0.001553 -0.067307
v -0.016109 -0.001947 -0.095328
v -0.015940 0.001466 -0.095189
v 0.005925 0.001503 -0.062290
v 0.004091 -0.002060 -0.102606
v -0.003920 0.001484 -0.102544
v 0.006099 0.001503 -0.101853
v 0.002144 -0.001978 -0.061385
v -0.002105 0.001503 -0.061535
v 0.013150 -0.001978 -0.098252
v 0.013195 0.001503 -0.098020
v -0.006043 -0.001947 -0.102054
v -0.011507 -0.001968 -0.099336
v -0.011423 0.001513 -0.099211
v -0.007890 -0.001998 -0.062671
v -0.009814 0.001503 -0.063910
v 0.017249 -0.001968 -0.093616
v 0.017124 0.001513 -0.093533
v 0.019911 -0.001978 -0.088230
v 0.017249 -0.001968 -0.093616
v 0.017124 0.001513 -0.093533
v 0.019819 0.001503 -0.088012
v -0.014649 -0.001968 -0.067438
v -0.014542 0.001513 -0.067545
v -0.014542 0.001513 -0.067545
v 0.000012 0.002918 -0.102719
v 0.014565 0.001513 -0.067545
v 0.017124 0.001513 -0.070664
v 0.011473 0.002828 -0.064960
v -0.019015 0.002097 -0.089991
v -0.020175 0.001513 -0.086114
v -0.017102 0.001513 -0.093533
v 0.007888 0.001513 -0.063083
v 0.004027 0.001513 -0.102285
v 0.004027 0.001513 -0.061912
v 0.007888 0.001513 -0.101113
v 0.011454 0.001996 -0.099223
v -0.007871 0.001996 -0.101126
v -0.011423 0.001513 -0.099211
v -0.004024 0.002134 -0.061898
v 0.000011 0.001513 -0.061516
v 0.014565 0.001513 -0.096652
v -0.004004 0.001513 -0.102285
v -0.007865 0.001513 -0.063083
v 0.017152 0.002671 -0.093550
v -0.011423 0.001513 -0.064985
v 0.019026 0.001513 -0.089975
v -0.014542 0.001513 -0.067545
v -0.017114 0.002021 -0.070656
v 0.020198 0.001513 -0.086114
v 0.020593 0.001513 -0.082098
v 0.019046 0.002126 -0.074225
v -0.019004 0.001513 -0.074222
v 0.020198 0.001513 -0.078083
v -0.020620 0.003306 -0.082068
v 0.007726 -0.108693 -0.118777
v 0.007727 -0.120911 -0.121711
v 0.005783 -0.115353 -0.118576
v 0.007815 -0.114016 -0.121942
v 0.005263 -0.126698 -0.114428
v 0.007258 -0.121252 -0.121979
v 0.007726 -0.113736 -0.121946
v 0.007700 -0.121137 -0.125857
v 0.007684 -0.113448 -0.126079
v 0.007696 -0.112475 -0.126191
v -0.007676 -0.120921 -0.125905
v 0.007699 -0.121032 -0.125888
v 0.005300 -0.111543 -0.114344
v 0.007726 -0.108695 -0.118777
v -0.007674 -0.112628 -0.126173
v 0.007700 -0.113790 -0.126085
v 0.007698 -0.120957 -0.125817
v -0.007675 -0.120896 -0.125849
v -0.007678 -0.113829 -0.126078
v 0.007742 -0.108962 -0.119288
v 0.007700 -0.108749 -0.122916
v -0.018679 -0.162261 -0.012364
v -0.047900 -0.162366 -0.014900
v 0.018701 -0.162269 -0.012364
v 0.000011 -0.161433 -0.013059
v 0.047920 -0.162410 -0.014907
v 0.044256 -0.163332 -0.028944
v 0.038726 -0.163332 -0.066555
v 0.018497 -0.163332 -0.067708
v -0.038703 -0.163332 -0.066555
v -0.044234 -0.163332 -0.028944
v 0.043656 -0.172580 -0.000897
v 0.045079 -0.169283 -0.001466
v 0.045086 -0.169476 -0.001536
v -0.045046 -0.169149 -0.001431
v -0.018645 -0.169488 -0.013078
v -0.018680 -0.162127 -0.012358
v -0.020672 -0.165845 -0.006615
v -0.020961 -0.173724 -0.008095
v 0.047920 -0.162410 -0.014907
v 0.018703 -0.162127 -0.012358
v 0.018667 -0.169488 -0.013078
v 0.020984 -0.173724 -0.008095
v 0.020695 -0.165845 -0.006615
v 0.020695 -0.165845 -0.006615
v -0.020672 -0.165845 -0.006615
v -0.022971 -0.172289 0.000000
v 0.022994 -0.172289 0.000000
v 0.020984 -0.173724 -0.008095
v 0.020984 -0.173724 -0.008095
v 0.020695 -0.165845 -0.006615
v -0.022971 -0.172289 0.000000
v 0.022994 -0.172289 0.000000
v -0.047898 -0.162410 -0.014907
v -0.045075 -0.169629 -0.001537
v -0.043635 -0.172220 -0.000891
v 0.043658 -0.172220 -0.000891
v -0.044234 -0.163332 -0.028944
v 0.016683 -0.166319 -0.029907
v 0.000011 -0.166476 -0.016994
v 0.018497 -0.167177 -0.037408
v 0.015649 -0.165307 -0.021270
v -0.016661 -0.166319 -0.029907
v -0.018475 -0.167177 -0.037408
v 0.018497 -0.174545 -0.049521
v 0.010931 -0.172375 -0.045954
v 0.009213 -0.167383 -0.051072
v -0.009190 -0.167383 -0.051072
v -0.015665 -0.172649 -0.021267
v -0.018475 -0.174545 -0.049521
v -0.018475 -0.167177 -0.037408
v -0.015373 -0.165323 -0.021301
v 0.010931 -0.172375 -0.045954
v -0.003539 -0.163853 -0.052557
v -0.010908 -0.172375 -0.045954
v 0.009213 -0.167383 -0.051072
v -0.003539 -0.163853 -0.052557
v 0.003555 -0.162096 -0.052605
v 0.003562 -0.163853 -0.052557
v -0.033177 -0.139387 -0.094075
v -0.033947 -0.139381 -0.091557
v -0.029841 -0.139398 -0.101203
v -0.032663 -0.139374 -0.096572
v -0.020922 -0.142464 -0.103759
v -0.029914 -0.139384 -0.100095
v -0.030243 -0.145176 -0.100304
v -0.032940 -0.143373 -0.095952
v -0.021008 -0.143202 -0.103912
v -0.030296 -0.146132 -0.100491
v -0.030243 -0.142336 -0.101165
v -0.032879 -0.144671 -0.096842
v -0.021026 -0.149794 -0.101457
v -0.033972 -0.147293 -0.090901
v -0.034473 -0.144682 -0.089414
v -0.033715 -0.145928 -0.090692
v -0.033735 -0.147516 -0.087171
v -0.034296 -0.143788 -0.089285
v -0.032310 -0.151948 -0.085459
v -0.020181 -0.155817 -0.087897
v -0.034257 -0.144123 -0.083338
v -0.033694 -0.145906 -0.081928
v -0.030277 -0.150721 -0.075878
v -0.020345 -0.152054 -0.071617
v -0.033956 -0.147230 -0.081738
v -0.034484 -0.144724 -0.083226
v -0.030158 -0.144782 -0.072345
v -0.032875 -0.144504 -0.075823
v -0.028589 -0.163332 -0.067132
v -0.018475 -0.163332 -0.067708
v -0.028869 -0.160682 -0.066726
v -0.030611 -0.146917 -0.072210
v -0.033177 -0.139380 -0.078565
v -0.033947 -0.139386 -0.081083
v -0.030243 -0.145176 -0.072335
v -0.029841 -0.139369 -0.071436
v -0.032663 -0.139393 -0.076068
v -0.032940 -0.143373 -0.076687
v -0.021006 -0.146229 -0.069792
v -0.021006 -0.142873 -0.068774
v -0.030243 -0.142336 -0.071474
v -0.030243 -0.145176 -0.072335
v -0.021006 -0.142873 -0.068774
v -0.020922 -0.136303 -0.068880
v -0.029914 -0.139383 -0.072544
v -0.021008 -0.135565 -0.068727
v -0.030296 -0.132635 -0.072148
v -0.030243 -0.136430 -0.071474
v -0.030243 -0.133591 -0.072335
v -0.032940 -0.135393 -0.076687
v -0.033972 -0.131474 -0.081739
v -0.034474 -0.134083 -0.083226
v -0.032879 -0.134096 -0.075798
v -0.020999 -0.123681 -0.076188
v -0.033715 -0.132839 -0.081947
v -0.033735 -0.131250 -0.085487
v -0.034243 -0.134712 -0.083340
v -0.030266 -0.123975 -0.084678
v -0.020181 -0.122950 -0.084742
v -0.033012 -0.129491 -0.091599
v -0.033693 -0.132861 -0.090712
v -0.034302 -0.134949 -0.089287
v -0.030329 -0.131989 -0.100617
v -0.021001 -0.123624 -0.096473
v -0.033956 -0.131538 -0.090902
v -0.034484 -0.134045 -0.089414
v -0.032851 -0.135696 -0.095957
v -0.021000 -0.135750 -0.103887
v -0.030243 -0.136430 -0.101165
v -0.030243 -0.133591 -0.100304
v -0.032940 -0.135393 -0.095952
v -0.021006 -0.135893 -0.103865
v -0.020889 -0.138326 -0.101470
v -0.021706 -0.140613 -0.103949
v -0.021196 -0.135504 -0.103714
v -0.019863 -0.123790 -0.095213
v -0.021019 -0.128465 -0.100553
v -0.021006 -0.124509 -0.096258
v -0.020321 -0.126631 -0.094891
v -0.020288 -0.126601 -0.077779
v -0.019839 -0.123676 -0.077427
v -0.021006 -0.124509 -0.076381
v -0.021025 -0.128513 -0.072070
v -0.020451 -0.136049 -0.071372
v -0.021211 -0.135565 -0.068923
v -0.020889 -0.140441 -0.071170
v -0.021449 -0.140231 -0.068585
v -0.021006 -0.146229 -0.069792
v -0.020030 -0.148788 -0.073664
v -0.020398 -0.147592 -0.073515
v -0.020287 -0.152899 -0.078828
v -0.020494 -0.147433 -0.099147
v -0.020451 -0.142717 -0.101268
v -0.020288 -0.147925 -0.099102
v -0.021006 -0.149322 -0.101194
v -0.033715 -0.136694 -0.078447
v -0.037905 -0.134340 -0.078159
v -0.033715 -0.134347 -0.094479
v -0.032731 -0.135228 -0.095968
v -0.031969 -0.127290 -0.102134
v -0.031986 -0.124427 -0.100754
v -0.037130 -0.142041 -0.096630
v -0.038001 -0.130646 -0.085572
v -0.037905 -0.136695 -0.094193
v -0.033715 -0.139384 -0.093476
v -0.037905 -0.139384 -0.093476
v -0.037132 -0.133266 -0.077510
v -0.037130 -0.146882 -0.093731
v -0.033715 -0.142072 -0.094193
v -0.037905 -0.144423 -0.094480
v -0.037372 -0.130760 -0.093664
v -0.037130 -0.141580 -0.076072
v -0.037135 -0.145647 -0.077457
v -0.032940 -0.137349 -0.096546
v -0.037130 -0.137349 -0.096546
v -0.037130 -0.135393 -0.095952
v -0.032940 -0.135393 -0.095952
v -0.037130 -0.137088 -0.076058
v -0.031969 -0.120442 -0.096514
v -0.032940 -0.130714 -0.092112
v -0.036538 -0.139730 -0.096552
v -0.037135 -0.135390 -0.095957
v -0.038137 -0.132468 -0.092032
v -0.037853 -0.133877 -0.091926
v -0.037788 -0.135355 -0.079759
v -0.036532 -0.139378 -0.076078
v -0.037130 -0.133591 -0.077651
v -0.037905 -0.135011 -0.079776
v -0.037453 -0.139388 -0.078588
v -0.037130 -0.145176 -0.077651
v -0.037905 -0.143756 -0.079776
v -0.037807 -0.143513 -0.079752
v -0.038006 -0.148180 -0.085744
v -0.037837 -0.144798 -0.091922
v -0.037130 -0.146756 -0.093692
v -0.037905 -0.144949 -0.091885
v -0.037383 -0.139379 -0.094023
v -0.032940 -0.139384 -0.095799
v -0.037130 -0.139384 -0.095799
v -0.032940 -0.139383 -0.076840
v -0.037130 -0.139383 -0.076840
v -0.033715 -0.139384 -0.079164
v -0.037905 -0.139384 -0.079164
v -0.033715 -0.144423 -0.078160
v -0.037905 -0.142072 -0.078447
v -0.038101 -0.127290 -0.102134
v -0.032812 -0.123047 -0.114437
v -0.029364 -0.129153 -0.108129
v -0.038271 -0.124449 -0.100503
v -0.038101 -0.127290 -0.102134
v -0.038101 -0.120442 -0.096514
v -0.031969 -0.120442 -0.096514
v -0.038101 -0.120442 -0.096514
v -0.037130 -0.135393 -0.095952
v -0.031969 -0.127290 -0.102134
v -0.032940 -0.135393 -0.095952
v -0.032934 -0.127583 -0.114009
v -0.032763 -0.118510 -0.113114
v -0.029364 -0.117727 -0.102509
v -0.038043 -0.124875 -0.100750
v -0.032760 -0.119085 -0.113018
v -0.032760 -0.121724 -0.114428
v -0.029364 -0.129153 -0.108129
v -0.029364 -0.121938 -0.106719
v -0.031911 -0.124868 -0.100744
v -0.029395 -0.121740 -0.106729
v -0.029364 -0.117727 -0.102509
v -0.031969 -0.120442 -0.096514
v 0.000011 -0.123330 -0.107545
v 0.000011 -0.126363 -0.114428
v 0.000011 -0.118475 -0.102991
v -0.005240 -0.115272 -0.108807
v -0.005277 -0.111543 -0.114344
v -0.005685 -0.115652 -0.118482
v -0.005116 -0.118976 -0.112954
v 0.000011 -0.120919 -0.121794
v 0.000011 -0.108793 -0.118688
v -0.005240 -0.126698 -0.114428
v -0.007785 -0.147151 -0.124072
v -0.008807 -0.157346 -0.115649
v -0.005780 -0.129550 -0.108129
v -0.005240 -0.126698 -0.114428
v -0.005240 -0.126698 -0.114428
v -0.005780 -0.129550 -0.108129
v -0.029364 -0.129153 -0.108129
v -0.005780 -0.129550 -0.108129
v -0.005780 -0.122335 -0.106719
v -0.029364 -0.121938 -0.106719
v 0.000011 -0.160974 -0.116746
v 0.000011 -0.150427 -0.128617
v 0.000011 -0.147438 -0.124407
v -0.008761 -0.149632 -0.127926
v -0.009717 -0.160028 -0.116165
v -0.008696 -0.149701 -0.128082
v -0.009966 -0.160364 -0.116228
v -0.008807 -0.157346 -0.115649
v -0.008610 -0.157081 -0.115543
v -0.009786 -0.160838 -0.115968
v -0.007881 -0.156098 -0.129579
v -0.009998 -0.160508 -0.116085
v -0.003944 -0.154285 -0.129744
v 0.000011 -0.162503 -0.120384
v 0.000011 -0.154163 -0.129453
v -0.008782 -0.156359 -0.129746
v -0.008653 -0.163005 -0.123044
v -0.008867 -0.161380 -0.120933
v -0.005780 -0.129550 -0.108129
v -0.008807 -0.157346 -0.115649
v -0.005277 -0.111544 -0.114344
v -0.007759 -0.165668 -0.134588
v -0.008994 -0.169145 -0.130530
v -0.004747 -0.161206 -0.122065
v -0.004689 -0.156422 -0.128802
v -0.003944 -0.154285 -0.129744
v -0.004002 -0.157457 -0.128464
v -0.007957 -0.157379 -0.128484
v -0.007899 -0.154200 -0.129740
v -0.008997 -0.169141 -0.130528
v -0.004563 -0.169207 -0.130498
v -0.004537 -0.167120 -0.128254
v -0.004058 -0.162628 -0.133280
v -0.004002 -0.157457 -0.128464
v -0.004081 -0.165208 -0.134610
v -0.008036 -0.164936 -0.134662
v -0.007957 -0.157379 -0.128484
v -0.008040 -0.165478 -0.134612
v -0.004085 -0.165549 -0.134578
v 0.018667 -0.169488 -0.013078
v -0.016667 -0.001968 -0.098777
v -0.014649 -0.001968 -0.096758
v -0.011423 0.001513 -0.099211
v -0.011507 -0.001968 -0.099336
v -0.014542 0.001513 -0.096652
v -0.020175 0.001513 -0.078083
v -0.007703 -0.108693 -0.118777
v -0.007704 -0.120975 -0.121714
v -0.005761 -0.115353 -0.118576
v -0.007793 -0.114016 -0.121942
v -0.007236 -0.121252 -0.121979
v -0.005240 -0.126698 -0.114428
v -0.007703 -0.113736 -0.121946
v -0.007661 -0.113448 -0.126079
v -0.007678 -0.121137 -0.125857
v 0.000011 -0.120811 -0.125931
v 0.000011 -0.113533 -0.126054
v -0.005277 -0.111543 -0.114344
v -0.007703 -0.108695 -0.118777
v 0.000011 -0.108843 -0.122894
v -0.007719 -0.108962 -0.119288
v -0.007678 -0.108749 -0.122916
v -0.015627 -0.165307 -0.021270
v 0.028612 -0.163332 -0.067132
v 0.018497 -0.163332 -0.067708
v 0.029546 -0.148791 -0.075524
v 0.024921 -0.160892 -0.063222
v 0.027981 -0.163322 -0.066603
v -0.021006 -0.146229 -0.069792
v -0.030243 -0.145176 -0.072335
v -0.018475 -0.163332 -0.067708
v -0.018442 -0.160421 -0.064389
v 0.034332 -0.138215 -0.081072
v 0.034333 -0.134270 -0.083939
v 0.034334 -0.141222 -0.081080
v 0.034339 -0.141968 -0.091683
v 0.034336 -0.146486 -0.085430
v 0.034335 -0.139596 -0.081379
v 0.040854 -0.138780 -0.081274
v 0.034334 -0.139240 -0.091201
v 0.037373 -0.139396 -0.091168
v 0.034328 -0.137205 -0.091674
v 0.040551 -0.136058 -0.091718
v 0.038963 -0.135726 -0.090933
v 0.042193 -0.139128 -0.091534
v 0.042424 -0.139707 -0.080960
v 0.041763 -0.137344 -0.091089
v 0.039184 -0.134396 -0.083226
v 0.048800 -0.136689 -0.086485
v 0.040905 -0.137794 -0.081034
v 0.042499 -0.137305 -0.081546
v 0.038933 -0.135717 -0.090972
v 0.041998 -0.133553 -0.091880
v 0.047736 -0.133930 -0.089167
v 0.044227 -0.133340 -0.080957
v 0.040112 -0.132308 -0.091498
v 0.045609 -0.134602 -0.090990
v 0.044309 -0.135052 -0.081382
v 0.044637 -0.134420 -0.091462
v 0.038476 -0.133607 -0.088935
v 0.044637 -0.134420 -0.091462
v 0.045544 -0.136114 -0.081001
v 0.047412 -0.135020 -0.082613
v 0.038351 -0.129645 -0.088285
v 0.048430 -0.135203 -0.084407
v 0.048761 -0.135495 -0.086949
v 0.047895 -0.135067 -0.088920
v 0.048456 -0.131457 -0.088846
v 0.042038 -0.133137 -0.091880
v 0.047895 -0.135067 -0.088920
v 0.045567 -0.133485 -0.090826
v 0.046129 -0.130873 -0.091311
v 0.048456 -0.131457 -0.088846
v 0.044871 -0.131628 -0.081576
v 0.039612 -0.136229 -0.091486
v 0.039930 -0.133254 -0.090873
v 0.040211 -0.131636 -0.091956
v 0.046155 -0.130163 -0.091283
v 0.044860 -0.132317 -0.081771
v 0.038077 -0.133034 -0.087478
v 0.047757 -0.135144 -0.082982
v 0.048519 -0.132149 -0.082742
v 0.039013 -0.131791 -0.088435
v 0.048026 -0.135652 -0.082904
v 0.048229 -0.123551 -0.085964
v 0.038522 -0.121611 -0.094669
v 0.042665 -0.114971 -0.103486
v 0.049194 -0.122393 -0.086814
v 0.048819 -0.115406 -0.091536
v 0.048468 -0.122406 -0.091612
v 0.048456 -0.131457 -0.088846
v 0.048685 -0.123804 -0.091503
v 0.048398 -0.121592 -0.085835
v 0.039003 -0.121525 -0.097442
v 0.038602 -0.132885 -0.089967
v 0.038857 -0.122433 -0.095954
v 0.047079 -0.132222 -0.081986
v 0.038959 -0.122495 -0.095654
v 0.048298 -0.131623 -0.082954
v 0.038703 -0.122561 -0.093875
v 0.045171 -0.117524 -0.100401
v 0.039446 -0.120047 -0.097203
v 0.038791 -0.119318 -0.095912
v 0.049228 -0.121479 -0.086577
v 0.048831 -0.114116 -0.091811
v 0.040197 -0.119173 -0.093126
v 0.047961 -0.115617 -0.096101
v 0.048286 -0.117484 -0.096601
v 0.046923 -0.116016 -0.098618
v 0.043776 -0.112261 -0.102217
v 0.044652 -0.111216 -0.100459
v 0.041477 -0.115117 -0.093095
v 0.046724 -0.116478 -0.098595
v 0.044991 -0.117294 -0.100484
v 0.042465 -0.113525 -0.103101
v 0.043776 -0.112261 -0.102217
v 0.038819 -0.119215 -0.098542
v 0.040290 -0.119993 -0.093104
v 0.039943 -0.118582 -0.094473
v 0.048456 -0.114224 -0.095812
v 0.039789 -0.116883 -0.093860
v 0.044671 -0.110997 -0.100492
v 0.048030 -0.115908 -0.096126
v 0.035311 -0.110721 -0.106842
v 0.041112 -0.116367 -0.093533
v 0.037100 -0.114310 -0.095745
v 0.036820 -0.115534 -0.095725
v 0.036617 -0.114105 -0.106610
v 0.043536 -0.111388 -0.102859
v 0.037259 -0.113815 -0.095434
v 0.037065 -0.112974 -0.106282
v 0.034366 -0.111142 -0.107114
v 0.034910 -0.108938 -0.099561
v 0.038914 -0.118273 -0.096956
v 0.039734 -0.118540 -0.094046
v 0.036893 -0.114628 -0.095817
v 0.033361 -0.114330 -0.096792
v 0.033386 -0.114146 -0.096805
v 0.021442 -0.107995 -0.100311
v 0.011657 -0.109613 -0.105372
v 0.021864 -0.103460 -0.104964
v 0.018863 -0.110699 -0.110315
v 0.017288 -0.111313 -0.099950
v 0.021468 -0.107549 -0.109355
v 0.017430 -0.111237 -0.109876
v 0.017375 -0.110825 -0.100050
v 0.033400 -0.113148 -0.096770
v 0.019592 -0.108660 -0.099376
v 0.020441 -0.109046 -0.109685
v 0.021483 -0.108376 -0.100330
v 0.017268 -0.102743 -0.099166
v 0.012464 -0.106750 -0.107299
v 0.014743 -0.107008 -0.110065
v 0.016830 -0.100963 -0.110000
v 0.019851 -0.103404 -0.100140
v 0.020088 -0.102292 -0.100017
v 0.012173 -0.106768 -0.102811
v 0.021780 -0.102455 -0.103029
v 0.017351 -0.110678 -0.109807
v 0.014581 -0.107597 -0.099554
v 0.021244 -0.102788 -0.107465
v 0.015120 -0.105445 -0.109655
v 0.014949 -0.105825 -0.099820
v 0.019834 -0.103041 -0.109031
v 0.021520 -0.107959 -0.109175
v 0.019775 -0.103063 -0.108998
v 0.013139 -0.106870 -0.100726
v 0.021098 -0.102394 -0.107333
v 0.014095 -0.105766 -0.109160
v 0.013866 -0.105825 -0.109466
v 0.011792 -0.107306 -0.106383
v 0.021075 -0.102631 -0.101594
v 0.021164 -0.102659 -0.101538
v 0.013128 -0.106799 -0.100777
v 0.022112 -0.102182 -0.105041
v 0.021289 -0.102124 -0.107448
v 0.009184 0.003984 -0.108566
v 0.015529 0.001179 -0.102807
v 0.018617 -0.002354 -0.104982
v 0.009187 -0.001976 -0.105109
v 0.019407 -0.002259 -0.105878
v 0.018617 -0.002354 -0.104982
v 0.013062 -0.000764 -0.112598
v 0.019194 0.002342 -0.104766
v 0.020642 -0.000896 -0.110954
v 0.009751 -0.002062 -0.104371
v 0.009586 -0.002118 -0.104189
v 0.019623 -0.001486 -0.112580
v 0.020388 -0.001647 -0.110819
v 0.013332 -0.002465 -0.102648
v 0.013011 -0.000865 -0.112647
v 0.019989 0.004189 -0.110184
v 0.010038 -0.001768 -0.104070
v 0.013042 -0.003851 -0.102326
v 0.012098 0.001544 -0.102124
v 0.008520 0.001678 -0.104212
v 0.015312 0.005259 -0.112496
v 0.019468 -0.001543 -0.112317
v 0.012710 0.005087 -0.111651
v 0.019084 0.004777 -0.111586
v 0.012716 0.005016 -0.111652
v 0.018978 0.004017 -0.111550
v 0.012180 0.001147 -0.102159
v 0.018865 0.002136 -0.104931
v 0.019407 -0.002259 -0.105878
v 0.008748 0.003388 -0.104464
v 0.009309 -0.001922 -0.105182
v 0.014854 0.001268 -0.102501
v 0.009038 0.005808 -0.108703
v 0.008435 0.009530 -0.104002
v 0.018350 0.006260 -0.103229
v 0.008572 0.008549 -0.103984
v 0.019601 0.001477 -0.105480
v 0.007791 0.006373 -0.102789
v 0.017742 0.004748 -0.112450
v 0.014535 0.005215 -0.112337
v 0.014922 0.014118 -0.105021
v 0.008511 0.002659 -0.105133
v 0.007104 0.006183 -0.101558
v 0.019071 0.010689 -0.104672
v 0.018271 0.006573 -0.103225
v 0.020189 0.006484 -0.110190
v 0.019313 0.004341 -0.111318
v 0.012151 0.004892 -0.111363
v 0.018103 0.012393 -0.100195
v 0.007564 0.007623 -0.103023
v 0.006411 0.009568 -0.094317
v 0.018039 0.010045 -0.100049
v 0.019474 0.007575 -0.104103
v 0.017570 0.011631 -0.100173
v 0.014830 0.011778 -0.094100
v 0.015184 0.013236 -0.093829
v 0.006095 0.009823 -0.094499
v 0.013283 0.006266 -0.092478
v 0.006220 0.008178 -0.094830
v 0.006068 0.007182 -0.094669
v 0.015337 0.011211 -0.094295
v 0.013621 0.007237 -0.090737
v 0.012862 0.008300 -0.090083
v 0.006153 0.006885 -0.086531
v 0.005890 0.008272 -0.090871
v 0.013057 0.009429 -0.089933
v 0.005909 0.007244 -0.091228
v 0.006493 0.005377 -0.090284
v 0.006071 0.007750 -0.090665
v 0.005706 0.004724 -0.087718
v 0.013213 0.003258 -0.089851
v 0.012053 0.003512 -0.091276
v 0.006107 0.003506 -0.090408
v 0.013334 0.006717 -0.092185
v 0.012806 0.002223 -0.085856
v 0.013116 0.004393 -0.089481
v 0.012632 0.005280 -0.086760
v 0.008994 0.001734 -0.091798
v 0.011496 0.002852 -0.084511
v 0.012283 -0.000238 -0.086210
v 0.005688 0.005278 -0.087639
v 0.006351 0.002979 -0.085329
v 0.006394 0.004974 -0.086505
v 0.006477 0.002183 -0.085604
v 0.008980 0.002379 -0.084149
v 0.012500 -0.000980 -0.090207
v 0.006397 0.001585 -0.089698
v 0.011985 0.004047 -0.091250
v 0.012100 0.001731 -0.090438
v 0.012882 0.004159 -0.090146
v 0.013018 0.001624 -0.089325
v 0.012882 0.004159 -0.090146
v 0.013190 0.001456 -0.089378
v 0.006390 0.001178 -0.089708
v 0.010065 0.002727 -0.084064
v 0.013146 0.001961 -0.086498
v 0.012063 0.002569 -0.085029
v 0.013334 0.001880 -0.088292
v 0.005821 0.001522 -0.088373
v 0.005992 0.001931 -0.086584
v 0.007215 0.002430 -0.084797
v -0.034310 -0.138215 -0.081072
v -0.034310 -0.134270 -0.083939
v -0.034311 -0.141222 -0.081080
v -0.034316 -0.141968 -0.091683
v -0.034314 -0.146486 -0.085430
v -0.034312 -0.139596 -0.081379
v -0.040832 -0.138780 -0.081274
v -0.034312 -0.139240 -0.091201
v -0.037350 -0.139396 -0.091168
v -0.034306 -0.137205 -0.091674
v -0.040528 -0.136058 -0.091718
v -0.038941 -0.135726 -0.090933
v -0.042402 -0.139707 -0.080960
v -0.041740 -0.137344 -0.091089
v -0.039004 -0.131764 -0.085869
v -0.048743 -0.136435 -0.087023
v -0.040883 -0.137794 -0.081034
v -0.042171 -0.139128 -0.091534
v -0.042477 -0.137305 -0.081546
v -0.041975 -0.133553 -0.091880
v -0.038910 -0.135717 -0.090972
v -0.047605 -0.134843 -0.089327
v -0.044205 -0.133340 -0.080957
v -0.046479 -0.134846 -0.090432
v -0.040089 -0.132308 -0.091498
v -0.044287 -0.135052 -0.081382
v -0.044614 -0.134420 -0.091462
v -0.038453 -0.133607 -0.088935
v -0.044614 -0.134420 -0.091462
v -0.045521 -0.136114 -0.081001
v -0.047009 -0.130102 -0.082777
v -0.038320 -0.130183 -0.088224
v -0.047565 -0.129839 -0.083473
v -0.048407 -0.135203 -0.084407
v -0.048772 -0.135395 -0.085444
v -0.047958 -0.135139 -0.088957
v -0.042016 -0.133137 -0.091880
v -0.047794 -0.131433 -0.089748
v -0.044847 -0.131367 -0.081627
v -0.047007 -0.131412 -0.090601
v -0.046475 -0.134775 -0.090424
v -0.039590 -0.136229 -0.091486
v -0.047027 -0.131703 -0.090641
v -0.039907 -0.133254 -0.090873
v -0.040343 -0.131040 -0.091841
v -0.044836 -0.131597 -0.081562
v -0.038857 -0.132500 -0.089830
v -0.047027 -0.135132 -0.082214
v -0.038866 -0.132484 -0.089848
v -0.038955 -0.132003 -0.088540
v -0.038249 -0.133641 -0.087408
v -0.047594 -0.131644 -0.082266
v -0.047689 -0.135203 -0.083018
v -0.048959 -0.134367 -0.082636
v -0.048791 -0.131598 -0.083842
v -0.039026 -0.131844 -0.086251
v -0.039015 -0.122861 -0.092896
v -0.048984 -0.122468 -0.086387
v -0.038957 -0.122518 -0.092886
v -0.040608 -0.118689 -0.092622
v -0.048445 -0.122406 -0.091612
v -0.047806 -0.122382 -0.093053
v -0.047794 -0.131433 -0.089748
v -0.047833 -0.122538 -0.093063
v -0.049228 -0.120221 -0.086473
v -0.038981 -0.121525 -0.097442
v -0.045008 -0.116927 -0.100443
v -0.038834 -0.122433 -0.095954
v -0.038579 -0.132885 -0.089967
v -0.046645 -0.133825 -0.081938
v -0.038936 -0.122495 -0.095654
v -0.038430 -0.121482 -0.098305
v -0.038834 -0.120583 -0.095997
v -0.038441 -0.121811 -0.094656
v -0.038768 -0.119319 -0.095912
v -0.048768 -0.115707 -0.092009
v -0.048797 -0.115406 -0.091536
v -0.047938 -0.115617 -0.096101
v -0.048445 -0.122406 -0.091612
v -0.048263 -0.117484 -0.096601
v -0.047421 -0.116157 -0.097402
v -0.044244 -0.111624 -0.101414
v -0.042649 -0.113766 -0.103371
v -0.045136 -0.117541 -0.100543
v -0.040321 -0.116105 -0.093550
v -0.042642 -0.114971 -0.103486
v -0.038966 -0.118659 -0.095654
v -0.041323 -0.120807 -0.092469
v -0.044147 -0.110241 -0.101853
v -0.040366 -0.117734 -0.093858
v -0.047911 -0.114603 -0.097197
v -0.041089 -0.116367 -0.093533
v -0.036798 -0.115534 -0.095725
v -0.037078 -0.114310 -0.095745
v -0.036594 -0.114105 -0.106610
v -0.034434 -0.111937 -0.107201
v -0.037236 -0.113815 -0.095434
v -0.042744 -0.113175 -0.103460
v -0.038892 -0.118273 -0.096955
v -0.042177 -0.109530 -0.097045
v -0.042314 -0.114240 -0.103529
v -0.037368 -0.112881 -0.106358
v -0.039712 -0.118539 -0.094046
v -0.036870 -0.114628 -0.095817
v -0.033339 -0.114330 -0.096792
v -0.033364 -0.114146 -0.096805
v -0.021419 -0.107995 -0.100311
v -0.011639 -0.109502 -0.104292
v -0.021841 -0.103460 -0.104964
v -0.018434 -0.110816 -0.110301
v -0.017266 -0.111313 -0.099950
v -0.020793 -0.108149 -0.109817
v -0.017352 -0.110825 -0.100050
v -0.016585 -0.111485 -0.109364
v -0.033378 -0.113148 -0.096770
v -0.019569 -0.108660 -0.099376
v -0.020642 -0.108880 -0.109564
v -0.019885 -0.103396 -0.100088
v -0.021460 -0.108376 -0.100330
v -0.013751 -0.107759 -0.109428
v -0.018973 -0.103670 -0.109470
v -0.016247 -0.102299 -0.109982
v -0.012044 -0.107029 -0.106359
v -0.020066 -0.102292 -0.100017
v -0.021757 -0.102455 -0.103029
v -0.012378 -0.106971 -0.102319
v -0.016550 -0.111040 -0.109330
v -0.014559 -0.107597 -0.099554
v -0.021445 -0.102462 -0.107051
v -0.019312 -0.102306 -0.109789
v -0.014739 -0.106087 -0.099544
v -0.014269 -0.105904 -0.109156
v -0.012808 -0.098407 -0.100763
v -0.019073 -0.103313 -0.109634
v -0.012392 -0.098076 -0.107668
v -0.012686 -0.106780 -0.107798
v -0.012727 -0.106753 -0.107762
v -0.012443 -0.098025 -0.107622
v -0.011927 -0.098027 -0.106717
v -0.011736 -0.107352 -0.105164
v -0.020421 -0.102965 -0.100817
v -0.020338 -0.102884 -0.100890
v -0.021880 -0.102390 -0.102838
v -0.012080 -0.098205 -0.101628
v -0.012604 -0.106999 -0.101840
v -0.012646 -0.106984 -0.101861
v -0.012278 -0.098184 -0.101720
v -0.021784 -0.102273 -0.106407
v -0.010300 -0.001298 -0.110125
v -0.017777 -0.002509 -0.104062
v -0.017677 -0.002429 -0.104198
v -0.018625 -0.002287 -0.104919
v -0.009165 -0.001976 -0.105109
v -0.014089 0.005987 -0.112699
v -0.019423 0.002521 -0.105950
v -0.020214 0.004948 -0.110528
v -0.009728 -0.002062 -0.104371
v -0.012916 -0.098236 -0.100898
v -0.009728 -0.002062 -0.104371
v -0.013115 -0.002442 -0.102447
v -0.018336 0.004701 -0.112078
v -0.010266 -0.001229 -0.110147
v -0.018553 0.005888 -0.112469
v -0.011927 -0.098027 -0.106717
v -0.010015 -0.001768 -0.104070
v -0.012076 0.001544 -0.102124
v -0.013020 -0.003851 -0.102325
v -0.012546 0.005038 -0.111653
v -0.012152 0.001177 -0.102148
v -0.009801 0.004273 -0.109231
v -0.017874 0.001729 -0.103983
v -0.009235 0.004289 -0.109509
v -0.018594 -0.002354 -0.104982
v -0.017754 0.001763 -0.104159
v -0.008725 0.003388 -0.104464
v -0.009286 -0.001922 -0.105182
v -0.008497 0.001678 -0.104212
v -0.014832 0.001268 -0.102501
v -0.009016 0.005808 -0.108703
v -0.008188 0.009270 -0.103829
v -0.018327 0.006260 -0.103229
v -0.008508 0.008856 -0.103994
v -0.008115 0.006088 -0.103231
v -0.019579 0.001477 -0.105480
v -0.017720 0.004748 -0.112450
v -0.013954 0.014349 -0.104711
v -0.014512 0.005215 -0.112337
v -0.008489 0.002659 -0.105133
v -0.007081 0.006183 -0.101558
v -0.018248 0.006573 -0.103225
v -0.019049 0.010689 -0.104672
v -0.020166 0.006484 -0.110190
v -0.019291 0.004341 -0.111318
v -0.012129 0.004892 -0.111363
v -0.007021 0.008726 -0.099397
v -0.007196 0.009008 -0.099445
v -0.018016 0.010045 -0.100049
v -0.019451 0.007574 -0.104103
v -0.017547 0.011631 -0.100173
v -0.018081 0.012393 -0.100195
v -0.014807 0.011778 -0.094100
v -0.015162 0.013236 -0.093829
v -0.006096 0.010228 -0.094423
v -0.013260 0.006266 -0.092478
v -0.006423 0.008737 -0.094436
v -0.006046 0.007182 -0.094669
v -0.015315 0.011211 -0.094295
v -0.013598 0.007237 -0.090737
v -0.012851 0.008638 -0.090011
v -0.006715 0.006588 -0.085965
v -0.005868 0.008272 -0.090871
v -0.013217 0.008732 -0.090276
v -0.006312 0.006374 -0.090771
v -0.006188 0.003985 -0.089274
v -0.012030 0.003512 -0.091276
v -0.013190 0.003257 -0.089851
v -0.006029 0.003228 -0.089439
v -0.013312 0.006717 -0.092185
v -0.013093 0.004393 -0.089481
v -0.013100 0.002218 -0.086499
v -0.008581 0.001798 -0.091811
v -0.012940 0.005083 -0.087396
v -0.013300 0.008319 -0.090521
v -0.012954 0.005183 -0.087397
v -0.011519 0.003245 -0.084548
v -0.005636 0.005766 -0.087416
v -0.006886 0.004870 -0.086008
v -0.006941 0.002176 -0.085074
v -0.009676 0.002441 -0.084106
v -0.012477 -0.000980 -0.090207
v -0.006029 0.001440 -0.089077
v -0.011952 0.004180 -0.091240
v -0.012174 0.001471 -0.090500
v -0.013281 0.003069 -0.086264
v -0.006916 0.003000 -0.084814
v -0.010042 0.002727 -0.084064
v -0.013124 0.001961 -0.086498
v -0.012040 0.002569 -0.085029
v -0.013311 0.001880 -0.088292
v -0.005734 0.001793 -0.087278
v -0.007193 0.002430 -0.084797
v -0.041859 -0.137051 -0.074635
v -0.044080 -0.128165 -0.093414
v -0.048056 -0.118623 -0.093470
v -0.039111 -0.122327 -0.088655
v -0.040742 -0.118441 -0.097045
v -0.043005 -0.114828 -0.096578
v -0.041431 -0.125715 -0.095146
v -0.048177 -0.118052 -0.093430
v -0.048089 -0.122060 -0.092852
v -0.039189 -0.124634 -0.088978
v -0.047059 -0.125477 -0.085190
v -0.040577 -0.122689 -0.096248
v -0.047059 -0.125477 -0.085190
v -0.048120 -0.122698 -0.092785
v -0.039243 -0.124442 -0.088901
v -0.040577 -0.122689 -0.096248
v -0.040656 -0.118697 -0.096976
v -0.046597 -0.126371 -0.092628
v -0.046589 -0.115337 -0.094721
v -0.039157 -0.121209 -0.088512
v -0.044350 -0.129593 -0.069701
v -0.044291 -0.129580 -0.069779
v -0.035115 -0.128256 -0.073343
v -0.035870 -0.131803 -0.061582
v -0.044133 -0.134023 -0.070988
v -0.035288 -0.129001 -0.073471
v -0.035248 -0.133869 -0.074898
v -0.044100 -0.133869 -0.070967
v -0.035187 -0.134471 -0.074849
v -0.030867 -0.143668 -0.065744
v -0.030086 -0.138480 -0.062631
v -0.038864 -0.146268 -0.061581
v -0.030813 -0.144642 -0.066138
v -0.031250 -0.146864 -0.066716
v -0.033047 -0.151878 -0.052600
v -0.038041 -0.141015 -0.059183
v -0.033050 -0.161641 -0.054720
v -0.029900 -0.139722 -0.063447
v -0.038800 -0.146094 -0.061594
v -0.029900 -0.139722 -0.063447
v -0.025371 -0.159968 -0.060037
v -0.028271 -0.165361 -0.048258
v -0.027021 -0.161245 -0.060261
v -0.031714 -0.154250 -0.051840
v -0.030352 -0.151787 -0.051291
v -0.025271 -0.172675 -0.055598
v -0.024005 -0.158778 -0.047958
v -0.024033 -0.151550 -0.055368
v -0.030101 -0.138610 -0.062633
v -0.024090 -0.152014 -0.055382
v -0.023929 -0.153151 -0.056282
v -0.020022 -0.167282 -0.054839
v -0.024401 -0.156844 -0.058715
v -0.032730 -0.159503 -0.054660
v -0.032750 -0.158330 -0.053847
v -0.030392 -0.143437 -0.065615
v -0.024267 -0.157018 -0.058646
v -0.031355 -0.145916 -0.066580
v -0.025452 -0.159156 -0.059807
v -0.022383 -0.172152 -0.056506
v -0.026747 -0.162291 -0.047596
v -0.027977 -0.172006 -0.053291
v -0.020014 -0.163701 -0.052512
v -0.023929 -0.153151 -0.056282
v -0.021977 -0.160745 -0.049410
v -0.020099 -0.163761 -0.052625
v -0.029071 -0.169174 -0.050340
v -0.032750 -0.158330 -0.053847
v -0.020004 -0.167074 -0.055032
v -0.028944 -0.168434 -0.050362
v -0.022376 -0.171323 -0.056351
v -0.027062 -0.160672 -0.060165
v -0.031696 -0.154530 -0.051965
v -0.028099 -0.165338 -0.048456
v -0.026683 -0.163277 -0.047855
v -0.030277 -0.152373 -0.051408
v 0.010862 -0.030511 -0.098072
v 0.012767 -0.030511 -0.099748
v 0.014565 -0.030511 -0.099986
v 0.016603 -0.030511 -0.099214
v 0.017757 -0.030511 -0.097366
v 0.017824 -0.030511 -0.095189
v 0.016558 -0.030511 -0.093415
v 0.014931 -0.030511 -0.092614
v 0.013122 -0.030511 -0.092731
v 0.011552 -0.030511 -0.093639
v 0.010527 -0.030511 -0.095557
v 0.014298 -0.007072 -0.100106
v 0.010055 -0.007145 -0.097507
v 0.010106 -0.007145 -0.097455
v 0.010259 -0.007145 -0.097302
v 0.009945 -0.007145 -0.095842
v 0.010783 -0.007145 -0.093408
v 0.013378 -0.007145 -0.092012
v 0.015215 -0.007145 -0.092346
v 0.015368 -0.007145 -0.092193
v 0.015420 -0.007145 -0.092142
v 0.020997 -0.009990 -0.097946
v 0.008098 -0.006088 -0.095035
v 0.007922 -0.007145 -0.093027
v 0.008974 -0.007145 -0.091061
v 0.010584 -0.007145 -0.090129
v 0.012611 -0.004955 -0.090071
v 0.014858 -0.006998 -0.096864
v -0.010839 -0.030511 -0.066124
v -0.013079 -0.030511 -0.064286
v -0.015257 -0.030511 -0.064353
v -0.016827 -0.030511 -0.065260
v -0.017852 -0.030511 -0.067178
v -0.017734 -0.030511 -0.068988
v -0.016827 -0.030511 -0.070557
v -0.015257 -0.030511 -0.071465
v -0.013447 -0.030511 -0.071582
v -0.011530 -0.030511 -0.070557
v -0.010505 -0.030511 -0.068639
v -0.014277 -0.007078 -0.064087
v -0.010032 -0.007145 -0.066690
v -0.010084 -0.007145 -0.066741
v -0.020974 -0.009990 -0.066250
v -0.015397 -0.007145 -0.072055
v -0.015346 -0.007145 -0.072003
v -0.010236 -0.007145 -0.066894
v -0.009968 -0.007145 -0.067981
v -0.010213 -0.007145 -0.069795
v -0.011344 -0.007145 -0.071271
v -0.013356 -0.007145 -0.072185
v -0.015193 -0.007145 -0.071851
v -0.008206 -0.003622 -0.068810
v -0.007874 -0.007145 -0.070793
v -0.008473 -0.007145 -0.072554
v -0.010540 -0.007145 -0.074136
v -0.012925 -0.006095 -0.074012
v -0.014838 -0.007003 -0.067329
v 0.017127 -0.030511 -0.070311
v 0.017899 -0.030511 -0.068273
v 0.017661 -0.030511 -0.066476
v 0.016281 -0.030511 -0.064795
v 0.014200 -0.030511 -0.064163
v 0.011799 -0.030511 -0.064982
v 0.010644 -0.030511 -0.066830
v 0.010527 -0.030511 -0.068640
v 0.011328 -0.030511 -0.070266
v 0.012767 -0.030511 -0.071369
v 0.014931 -0.030511 -0.071582
v 0.018023 -0.007078 -0.067809
v 0.015420 -0.007145 -0.072055
v 0.015368 -0.007145 -0.072003
v 0.015859 -0.009990 -0.061113
v 0.010055 -0.007145 -0.066690
v 0.010106 -0.007145 -0.066741
v 0.015174 -0.006984 -0.071975
v 0.012314 -0.007145 -0.071874
v 0.010838 -0.007145 -0.070743
v 0.009925 -0.007145 -0.068731
v 0.010259 -0.007145 -0.066894
v 0.013300 -0.003622 -0.073881
v 0.010941 -0.007145 -0.074187
v 0.009272 -0.007145 -0.073366
v 0.007974 -0.007145 -0.071547
v 0.008098 -0.006095 -0.069162
v 0.013687 -0.007111 -0.066751
v -0.017105 -0.030511 -0.093886
v -0.017876 -0.030511 -0.095923
v -0.017638 -0.030511 -0.097721
v -0.016536 -0.030511 -0.099160
v -0.014909 -0.030511 -0.099961
v -0.012745 -0.030511 -0.099748
v -0.011064 -0.030511 -0.098369
v -0.010410 -0.030511 -0.095917
v -0.011305 -0.030511 -0.093930
v -0.013079 -0.030511 -0.092664
v -0.015257 -0.030511 -0.092731
v -0.017997 -0.007072 -0.096385
v -0.015397 -0.007145 -0.092142
v -0.015346 -0.007145 -0.092193
v -0.015193 -0.007145 -0.092346
v -0.015840 -0.009866 -0.103091
v -0.010084 -0.007145 -0.097455
v -0.010032 -0.007145 -0.097507
v -0.009923 -0.007145 -0.095842
v -0.010236 -0.007145 -0.097302
v -0.013732 -0.007145 -0.092032
v -0.011965 -0.007145 -0.092510
v -0.010568 -0.007145 -0.093737
v -0.012925 -0.006088 -0.090184
v -0.010540 -0.007145 -0.090061
v -0.008473 -0.007145 -0.091643
v -0.007874 -0.007145 -0.093403
v -0.008211 -0.003791 -0.095396
v -0.014762 -0.007013 -0.096953
v -0.003687 -0.030511 -0.101801
v -0.003449 -0.030511 -0.103598
v -0.002346 -0.030511 -0.105038
v -0.000360 -0.030511 -0.105933
v 0.002413 -0.030511 -0.105092
v 0.003567 -0.030511 -0.103244
v 0.003685 -0.030511 -0.101434
v 0.002413 -0.030511 -0.099238
v -0.000360 -0.030511 -0.098397
v -0.002916 -0.030511 -0.099763
v -0.002620 -0.007072 -0.104934
v -0.003782 -0.007145 -0.100095
v 0.003647 -0.009866 -0.108151
v 0.003732 -0.007145 -0.100095
v 0.003805 -0.007145 -0.100095
v 0.002705 -0.007145 -0.098841
v 0.003513 -0.006038 -0.100110
v -0.003504 -0.006997 -0.100113
v -0.002431 -0.007145 -0.098560
v 0.000392 -0.007145 -0.097712
v -0.003418 -0.006088 -0.096964
v -0.002407 -0.007145 -0.095668
v -0.000738 -0.007145 -0.094847
v 0.001118 -0.007145 -0.094967
v 0.002727 -0.007145 -0.095898
v 0.003722 -0.006142 -0.097731
v 0.003685 -0.030511 -0.062762
v 0.003567 -0.030511 -0.060952
v 0.002413 -0.030511 -0.059105
v 0.000011 -0.030511 -0.058286
v -0.002070 -0.030511 -0.058917
v -0.003266 -0.030511 -0.060279
v -0.003734 -0.030511 -0.062031
v -0.002916 -0.030511 -0.064433
v -0.000719 -0.030511 -0.065705
v 0.001090 -0.030511 -0.065588
v 0.002660 -0.030511 -0.064680
v 0.002643 -0.007072 -0.059262
v 0.003805 -0.007145 -0.064101
v -0.003624 -0.009866 -0.056045
v -0.003709 -0.007145 -0.064101
v -0.003782 -0.007145 -0.064101
v -0.002915 -0.007145 -0.065059
v -0.003494 -0.007145 -0.064101
v 0.003519 -0.007015 -0.064099
v 0.002453 -0.007145 -0.065636
v 0.000385 -0.007145 -0.066413
v -0.001459 -0.007145 -0.066169
v 0.003641 -0.004653 -0.066792
v 0.002145 -0.007145 -0.068776
v -0.000369 -0.007145 -0.069447
v -0.002705 -0.007145 -0.068298
v -0.003710 -0.006391 -0.066435
v 0.003732 -0.007145 -0.064101
v -0.001633 -0.010093 -0.058363
v -0.020427 -0.030511 -0.078330
v -0.022704 -0.030511 -0.079450
v -0.023823 -0.030511 -0.081727
v -0.022982 -0.030511 -0.084500
v -0.020786 -0.030511 -0.085772
v -0.018622 -0.030511 -0.085558
v -0.016716 -0.030511 -0.083883
v -0.016382 -0.030511 -0.081368
v -0.017654 -0.030511 -0.079171
v -0.022825 -0.007072 -0.079467
v -0.017986 -0.007145 -0.078305
v -0.026042 -0.009866 -0.085734
v -0.017986 -0.007145 -0.085819
v -0.017986 -0.007145 -0.085892
v -0.016451 -0.007145 -0.084540
v -0.017986 -0.007145 -0.085603
v -0.017988 -0.007015 -0.078591
v -0.016451 -0.007145 -0.079656
v -0.015625 -0.007145 -0.082098
v -0.014536 -0.004939 -0.078826
v -0.013143 -0.007145 -0.080301
v -0.012663 -0.007145 -0.082098
v -0.013503 -0.007145 -0.084562
v -0.015652 -0.006391 -0.085820
v -0.017986 -0.007145 -0.078378
v -0.023724 -0.010093 -0.083742
v 0.020078 -0.030511 -0.085844
v 0.022159 -0.030511 -0.085212
v 0.023355 -0.030511 -0.083850
v 0.023823 -0.030511 -0.082098
v 0.023005 -0.030511 -0.079696
v 0.021157 -0.030511 -0.078542
v 0.019347 -0.030511 -0.078425
v 0.017430 -0.030511 -0.079450
v 0.016405 -0.030511 -0.081368
v 0.016522 -0.030511 -0.083177
v 0.017676 -0.030511 -0.085025
v 0.022847 -0.007072 -0.084729
v 0.018008 -0.007145 -0.085892
v 0.026064 -0.009866 -0.078463
v 0.018008 -0.007145 -0.078378
v 0.018008 -0.007145 -0.078305
v 0.016473 -0.007145 -0.079656
v 0.018008 -0.007145 -0.078593
v 0.018011 -0.007015 -0.085606
v 0.016473 -0.007145 -0.084540
v 0.015648 -0.007145 -0.082098
v 0.014269 -0.006445 -0.085170
v 0.013166 -0.007145 -0.083895
v 0.012686 -0.007145 -0.082098
v 0.013166 -0.007145 -0.080301
v 0.014531 -0.004736 -0.078846
v 0.018008 -0.007145 -0.085819
v 0.023808 -0.009508 -0.083674
v 0.004015 -0.035104 -0.061972
v 0.007864 -0.035104 -0.063140
v 0.009164 -0.035104 -0.060002
v 0.004677 -0.035104 -0.058641
v 0.002365 -0.031579 -0.105999
v -0.001700 -0.029463 -0.106508
v 0.020137 -0.035104 -0.086102
v 0.018970 -0.035104 -0.089951
v 0.022107 -0.035104 -0.091251
v 0.023468 -0.035104 -0.086764
v -0.018947 -0.035104 -0.089951
v -0.020115 -0.035104 -0.086102
v -0.023446 -0.035104 -0.086764
v -0.022085 -0.035104 -0.091251
v -0.007842 -0.035104 -0.063140
v -0.003992 -0.035104 -0.061972
v -0.004655 -0.035104 -0.058641
v -0.009141 -0.035104 -0.060002
v 0.018970 -0.035104 -0.074245
v 0.020137 -0.035104 -0.078095
v 0.023468 -0.035104 -0.077432
v 0.022107 -0.035104 -0.072946
v 0.007864 -0.035104 -0.101057
v 0.004015 -0.035104 -0.102224
v 0.004677 -0.035104 -0.105555
v 0.009164 -0.035104 -0.104194
v 0.000011 -0.035104 -0.102619
v -0.003992 -0.035104 -0.102224
v -0.004655 -0.035104 -0.105555
v 0.000011 -0.035104 -0.106015
v -0.011389 -0.035104 -0.099160
v -0.014499 -0.035104 -0.096608
v -0.016900 -0.035104 -0.099010
v -0.013276 -0.035104 -0.101984
v -0.017051 -0.035104 -0.070698
v -0.014499 -0.035104 -0.067588
v -0.016900 -0.035104 -0.065187
v -0.019874 -0.035104 -0.068811
v 0.011412 -0.035104 -0.065036
v 0.014521 -0.035104 -0.067588
v 0.016923 -0.035104 -0.065187
v 0.013298 -0.035104 -0.062212
v 0.017073 -0.035104 -0.093499
v 0.014521 -0.035104 -0.096608
v 0.016923 -0.035104 -0.099010
v 0.019897 -0.035104 -0.095385
v -0.020509 -0.035104 -0.082098
v -0.020115 -0.035104 -0.078095
v -0.023446 -0.035104 -0.077432
v -0.023905 -0.035104 -0.082098
v 0.000011 -0.035104 -0.061578
v 0.000011 -0.035104 -0.058182
v 0.020532 -0.035104 -0.082098
v 0.023928 -0.035104 -0.082098
v -0.017051 -0.035104 -0.093499
v -0.019874 -0.035104 -0.095385
v -0.011389 -0.035104 -0.065036
v -0.013276 -0.035104 -0.062212
v 0.017073 -0.035104 -0.070698
v 0.019897 -0.035104 -0.068811
v 0.011412 -0.035104 -0.099160
v 0.013298 -0.035104 -0.101984
v -0.007842 -0.035104 -0.101057
v -0.009141 -0.035104 -0.104194
v -0.018947 -0.035104 -0.074245
v -0.022085 -0.035104 -0.072946
v -0.013276 -0.029463 -0.101984
v -0.016900 -0.029463 -0.099010
v -0.014820 -0.029463 -0.096929
v -0.011641 -0.029463 -0.099538
v -0.020233 -0.031579 -0.095389
v -0.013771 -0.029463 -0.102573
v 0.007114 -0.031579 -0.059143
v 0.010961 -0.029463 -0.060719
v -0.000591 -0.029463 -0.057899
v 0.011221 -0.031579 -0.103352
v 0.011704 -0.029463 -0.103080
v -0.013276 -0.031579 -0.101984
v -0.004521 -0.031579 -0.058309
v -0.006968 -0.031579 -0.105105
v -0.013276 -0.030521 -0.101983
v 0.020147 -0.031579 -0.095593
v 0.020071 -0.029463 -0.095530
v -0.017382 -0.029463 -0.064586
v -0.017105 -0.031579 -0.064935
v 0.020220 -0.031579 -0.095553
v 0.019897 -0.029463 -0.095385
v 0.024421 -0.029463 -0.083810
v 0.024323 -0.031579 -0.081139
v -0.022342 -0.031578 -0.072839
v -0.017690 -0.029463 -0.064555
v -0.024264 -0.029463 -0.085182
v 0.020220 -0.029463 -0.068643
v -0.023915 -0.031579 -0.084320
v 0.019897 -0.031579 -0.068811
v 0.015358 -0.031579 -0.063609
v 0.019897 -0.031579 -0.068811
v 0.020177 -0.029463 -0.068578
v 0.001687 -0.029449 -0.103486
v 0.002554 -0.022490 -0.103517
v 0.000011 -0.029463 -0.058182
v 0.004677 -0.029463 -0.058641
v 0.004103 -0.029463 -0.061527
v 0.000011 -0.029463 -0.061124
v 0.013298 -0.029463 -0.101984
v 0.009164 -0.029463 -0.104194
v 0.008038 -0.029463 -0.101476
v 0.011664 -0.029463 -0.099538
v -0.009141 -0.029463 -0.104194
v -0.008015 -0.029463 -0.101476
v -0.004655 -0.029463 -0.058641
v -0.004081 -0.029463 -0.061527
v 0.016923 -0.029463 -0.099010
v 0.014842 -0.029463 -0.096929
v -0.009141 -0.029463 -0.060002
v -0.008015 -0.029463 -0.062721
v 0.019897 -0.029463 -0.095385
v 0.017451 -0.029463 -0.093751
v -0.013276 -0.029463 -0.062212
v -0.011641 -0.029463 -0.064659
v 0.022107 -0.029463 -0.091251
v 0.019389 -0.029463 -0.090125
v -0.016900 -0.029463 -0.065187
v -0.014820 -0.029463 -0.067267
v 0.023468 -0.029463 -0.086764
v 0.020582 -0.029463 -0.086190
v 0.023928 -0.029463 -0.082098
v 0.020985 -0.029463 -0.082098
v -0.022085 -0.029463 -0.072946
v -0.019874 -0.029463 -0.068811
v -0.017428 -0.029463 -0.070446
v -0.019366 -0.029463 -0.074072
v 0.023468 -0.029463 -0.077432
v 0.020582 -0.029463 -0.078006
v -0.023446 -0.029463 -0.077432
v -0.020560 -0.029463 -0.078006
v 0.022107 -0.029463 -0.072946
v 0.019389 -0.029463 -0.074072
v 0.019897 -0.029463 -0.068811
v 0.017451 -0.029463 -0.070446
v -0.023446 -0.029463 -0.086764
v -0.023905 -0.029463 -0.082098
v -0.020963 -0.029463 -0.082098
v -0.020560 -0.029463 -0.086190
v 0.016923 -0.029463 -0.065187
v 0.014842 -0.029463 -0.067267
v -0.022085 -0.029463 -0.091251
v -0.019366 -0.029463 -0.090125
v 0.013298 -0.029463 -0.062212
v 0.011664 -0.029463 -0.064659
v -0.019874 -0.029463 -0.095385
v -0.017428 -0.029463 -0.093751
v 0.009164 -0.029463 -0.060002
v 0.008038 -0.029463 -0.062721
v 0.004677 -0.029463 -0.105555
v 0.000011 -0.029463 -0.106015
v 0.000011 -0.029463 -0.103072
v 0.004103 -0.029463 -0.102669
v -0.019471 -0.022504 -0.074029
v -0.017522 -0.022504 -0.070383
v -0.019601 -0.018944 -0.068994
v -0.021781 -0.018944 -0.073072
v -0.015364 -0.029487 -0.066581
v -0.015315 -0.022448 -0.066664
v 0.017625 -0.029436 -0.093842
v 0.017827 -0.022523 -0.093962
v 0.021399 -0.029449 -0.080422
v 0.021430 -0.022490 -0.079556
v -0.020390 -0.029449 -0.075462
v -0.014820 -0.029463 -0.067267
v -0.014900 -0.022504 -0.067187
v -0.019846 -0.022496 -0.074278
v -0.020550 -0.022460 -0.088335
v 0.017451 -0.029463 -0.070446
v 0.017545 -0.022504 -0.070383
v -0.019107 -0.029449 -0.091831
v 0.017957 -0.029408 -0.070016
v 0.018216 -0.022529 -0.069812
v 0.002541 -0.029449 -0.060794
v 0.001696 -0.022490 -0.060595
v -0.011641 -0.029463 -0.099538
v -0.011909 -0.022523 -0.099877
v 0.018118 -0.029487 -0.094318
v 0.018054 -0.022448 -0.094246
v -0.011733 -0.029436 -0.099712
v -0.011853 -0.022523 -0.099914
v -0.022680 -0.018944 -0.088936
v -0.023274 -0.018944 -0.078177
v -0.023615 -0.004312 -0.080498
v 0.020693 -0.022504 -0.077984
v 0.021098 -0.022504 -0.082098
v 0.023599 -0.018944 -0.082098
v 0.023145 -0.018944 -0.077497
v -0.020671 -0.022504 -0.077984
v -0.023123 -0.018944 -0.077497
v 0.019493 -0.022504 -0.074029
v 0.021803 -0.018944 -0.073072
v -0.021076 -0.022504 -0.082098
v -0.023576 -0.018944 -0.082098
v 0.017545 -0.022504 -0.070383
v 0.019623 -0.018944 -0.068994
v -0.020671 -0.022504 -0.086212
v -0.023123 -0.018944 -0.086700
v 0.014922 -0.022504 -0.067187
v 0.016690 -0.018944 -0.065420
v -0.019471 -0.022504 -0.090168
v -0.021781 -0.018944 -0.091125
v 0.011727 -0.022504 -0.064565
v 0.013116 -0.018944 -0.062486
v -0.017522 -0.022504 -0.093814
v -0.019601 -0.018944 -0.095203
v 0.008081 -0.022504 -0.062616
v 0.009038 -0.018944 -0.060306
v 0.004125 -0.022504 -0.102780
v 0.000011 -0.022504 -0.103185
v 0.000011 -0.018944 -0.105685
v 0.004613 -0.018944 -0.105232
v -0.014900 -0.022504 -0.097009
v -0.016667 -0.018944 -0.098777
v 0.004125 -0.022504 -0.061416
v 0.004613 -0.018944 -0.058964
v 0.008081 -0.022504 -0.101580
v 0.009038 -0.018944 -0.103890
v -0.011704 -0.022504 -0.099632
v -0.013093 -0.018944 -0.101710
v 0.000011 -0.022504 -0.061011
v 0.000011 -0.018944 -0.058511
v 0.011727 -0.022504 -0.099632
v 0.013116 -0.018944 -0.101710
v -0.008058 -0.022504 -0.101580
v -0.009015 -0.018944 -0.103890
v 0.014922 -0.022504 -0.097009
v 0.016690 -0.018944 -0.098777
v -0.004103 -0.022504 -0.102780
v -0.004590 -0.018944 -0.105232
v -0.008058 -0.022504 -0.062616
v -0.004103 -0.022504 -0.061416
v -0.004590 -0.018944 -0.058964
v -0.009015 -0.018944 -0.060306
v 0.017545 -0.022504 -0.093814
v 0.019623 -0.018944 -0.095203
v -0.011704 -0.022504 -0.064565
v -0.013093 -0.018944 -0.062486
v 0.019493 -0.022504 -0.090168
v 0.021803 -0.018944 -0.091125
v -0.014900 -0.022504 -0.067187
v -0.016667 -0.018944 -0.065420
v 0.020693 -0.022504 -0.086212
v 0.023145 -0.018944 -0.086700
v -0.000050 -0.018944 -0.106037
v 0.019863 -0.018944 -0.068794
v 0.011096 -0.018944 -0.061152
v -0.018380 -0.018944 -0.097044
v 0.002255 -0.018944 -0.058506
v 0.011144 -0.018944 -0.103019
v -0.013229 -0.018944 -0.101968
v 0.019877 -0.018944 -0.095414
v -0.006867 -0.018944 -0.059424
v -0.016875 -0.018944 -0.065163
v 0.023471 -0.018944 -0.086402
v 0.019623 -0.018944 -0.095203
v -0.020893 -0.018944 -0.070924
v -0.016667 -0.018944 -0.065420
v -0.016667 -0.004312 -0.065419
v 0.022702 -0.018944 -0.075261
v 0.019623 -0.018944 -0.068994
v 0.019960 -0.004312 -0.095378
v -0.003937 -0.004311 -0.105664
v 0.022650 -0.004312 -0.075093
v 0.010123 -0.004312 -0.060360
v 0.019623 -0.004312 -0.095203
v -0.016667 -0.004312 -0.065420
v -0.022628 -0.004312 -0.089103
v 0.019623 -0.004312 -0.068994
v 0.007016 -0.004312 -0.104737
v 0.015147 -0.004312 -0.100333
v -0.013093 -0.004312 -0.101710
v -0.008249 -0.004312 -0.059559
v 0.023608 -0.004312 -0.084290
v -0.020878 -0.004312 -0.070933
v -0.013343 -0.004312 -0.102010
v 0.019623 -0.004312 -0.068994
v 0.009164 -0.032989 -0.060002
v 0.013298 -0.032989 -0.062212
v 0.012769 -0.032284 -0.063004
v 0.008799 -0.032284 -0.060882
v -0.019874 -0.032989 -0.095385
v -0.022085 -0.032989 -0.091251
v -0.021205 -0.032284 -0.090886
v -0.019083 -0.032284 -0.094856
v 0.016923 -0.032989 -0.065187
v 0.016249 -0.032284 -0.065860
v -0.023446 -0.032989 -0.086764
v -0.022512 -0.032284 -0.086578
v 0.019897 -0.032989 -0.068811
v 0.019105 -0.032284 -0.069340
v 0.022107 -0.032989 -0.072946
v 0.021227 -0.032284 -0.073310
v 0.023468 -0.032989 -0.077432
v 0.022534 -0.032284 -0.077618
v 0.023928 -0.032989 -0.082098
v 0.022975 -0.032284 -0.082098
v -0.022085 -0.032989 -0.072946
v -0.019875 -0.032989 -0.068811
v -0.019083 -0.032284 -0.069340
v -0.021205 -0.032284 -0.073310
v 0.023468 -0.032989 -0.086764
v 0.022534 -0.032284 -0.086578
v -0.016900 -0.032989 -0.065187
v -0.016227 -0.032284 -0.065860
v 0.022107 -0.032989 -0.091251
v 0.021227 -0.032284 -0.090886
v -0.013276 -0.032989 -0.062212
v -0.012747 -0.032284 -0.063004
v 0.019897 -0.032989 -0.095385
v 0.019105 -0.032284 -0.094856
v 0.016923 -0.032989 -0.099010
v 0.016249 -0.032284 -0.098336
v -0.009141 -0.032989 -0.060002
v -0.004655 -0.032989 -0.058641
v -0.004469 -0.032284 -0.059575
v -0.008777 -0.032284 -0.060882
v -0.004655 -0.032989 -0.105555
v -0.009141 -0.032989 -0.104194
v -0.008777 -0.032284 -0.103314
v -0.004469 -0.032284 -0.104621
v 0.013298 -0.032989 -0.101984
v 0.012769 -0.032284 -0.101192
v 0.000011 -0.032989 -0.058182
v 0.000011 -0.032284 -0.059134
v -0.013276 -0.032989 -0.101984
v -0.012747 -0.032284 -0.101192
v 0.009164 -0.032989 -0.104194
v 0.008799 -0.032284 -0.103314
v -0.016900 -0.032989 -0.099010
v -0.016227 -0.032284 -0.098336
v 0.004677 -0.032989 -0.105555
v 0.004491 -0.032284 -0.104621
v 0.004677 -0.032989 -0.058641
v 0.004491 -0.032284 -0.059575
v 0.000011 -0.032989 -0.106015
v 0.000011 -0.032284 -0.105062
v -0.003072 -0.035104 -0.106373
v 0.002499 -0.032989 -0.105998
v 0.000613 -0.035105 -0.057899
v 0.011704 -0.035104 -0.061116
v 0.006983 -0.032989 -0.059116
v 0.010961 -0.035104 -0.103477
v 0.011456 -0.032989 -0.103226
v -0.013276 -0.035104 -0.101984
v -0.013483 -0.032989 -0.102234
v -0.013277 -0.034047 -0.101986
v -0.006836 -0.032989 -0.105131
v -0.002345 -0.032989 -0.058172
v 0.020071 -0.035104 -0.095530
v 0.020176 -0.032989 -0.095620
v -0.017532 -0.035105 -0.064397
v -0.011310 -0.032989 -0.060918
v 0.020097 -0.035104 -0.095491
v 0.020184 -0.032989 -0.095537
v 0.024421 -0.035104 -0.080387
v 0.023937 -0.032989 -0.084321
v -0.023196 -0.035104 -0.074338
v -0.016900 -0.034047 -0.065187
v -0.021243 -0.032989 -0.070889
v 0.022966 -0.032989 -0.074995
v -0.023914 -0.032989 -0.079876
v 0.019898 -0.034047 -0.068810
v -0.021886 -0.035104 -0.093021
v -0.022342 -0.032989 -0.091357
v 0.020071 -0.035104 -0.068666
v 0.019897 -0.032989 -0.068811
v 0.015152 -0.032989 -0.063439
v 0.004491 -0.032284 -0.104621
v 0.000011 -0.032284 -0.105062
v 0.000011 -0.031579 -0.106015
v 0.004677 -0.031579 -0.105555
v -0.016227 -0.032284 -0.098336
v -0.019083 -0.032284 -0.094856
v -0.019874 -0.031579 -0.095385
v -0.016900 -0.031579 -0.099010
v 0.004491 -0.032284 -0.059575
v 0.008799 -0.032284 -0.060882
v 0.009164 -0.031579 -0.060002
v 0.004677 -0.031579 -0.058641
v 0.008799 -0.032284 -0.103314
v 0.009164 -0.031579 -0.104194
v -0.012747 -0.032284 -0.101192
v -0.013276 -0.031579 -0.101984
v 0.012769 -0.032284 -0.101192
v 0.013298 -0.031579 -0.101984
v -0.008777 -0.032284 -0.103314
v -0.009141 -0.031579 -0.104194
v -0.004469 -0.032284 -0.059575
v 0.000011 -0.032284 -0.059134
v 0.000011 -0.031579 -0.058182
v -0.004655 -0.031579 -0.058641
v 0.016249 -0.032284 -0.098336
v 0.016923 -0.031579 -0.099010
v -0.004469 -0.032284 -0.104621
v -0.004655 -0.031579 -0.105555
v -0.008777 -0.032284 -0.060882
v -0.009141 -0.031579 -0.060002
v 0.019105 -0.032284 -0.094856
v 0.019897 -0.031579 -0.095385
v 0.021227 -0.032284 -0.090886
v 0.022107 -0.031579 -0.091251
v -0.016227 -0.032284 -0.065860
v -0.012747 -0.032284 -0.063004
v -0.013276 -0.031579 -0.062212
v -0.016900 -0.031579 -0.065187
v 0.022534 -0.032284 -0.086578
v 0.023468 -0.031579 -0.086764
v -0.019083 -0.032284 -0.069340
v -0.019874 -0.031579 -0.068811
v 0.022975 -0.032284 -0.082098
v 0.023928 -0.031579 -0.082098
v -0.021205 -0.032284 -0.073310
v -0.022085 -0.031579 -0.072946
v 0.022534 -0.032284 -0.077618
v 0.023468 -0.031579 -0.077432
v -0.022512 -0.032284 -0.077618
v -0.023446 -0.031579 -0.077432
v 0.021227 -0.032284 -0.073310
v 0.022107 -0.031579 -0.072946
v 0.019105 -0.032284 -0.069340
v 0.019897 -0.031579 -0.068811
v 0.016249 -0.032284 -0.065860
v 0.016923 -0.031579 -0.065187
v -0.021205 -0.032284 -0.090886
v -0.022512 -0.032284 -0.086578
v -0.023446 -0.031579 -0.086764
v -0.022085 -0.031579 -0.091251
v 0.012769 -0.032284 -0.063004
v 0.013298 -0.031579 -0.062212
v -0.016900 -0.031579 -0.065187
v -0.004655 -0.029463 -0.105555
v -0.004081 -0.029463 -0.102669
v -0.013093 -0.018944 -0.101710
v -0.022512 -0.032284 -0.077618
v -0.023446 -0.032989 -0.077432
v -0.022953 -0.032284 -0.082098
v -0.023905 -0.032989 -0.082098
v -0.016900 -0.032989 -0.065187
v -0.022953 -0.032284 -0.082098
v -0.023905 -0.031579 -0.082098
v 0.012091 -0.030511 -0.099469
v 0.012074 -0.021241 -0.099502
v 0.017762 -0.030511 -0.098796
v 0.014109 -0.021271 -0.100200
v 0.017701 -0.030511 -0.098548
v 0.017407 -0.019435 -0.098232
v 0.018103 -0.021249 -0.096198
v 0.017307 -0.030511 -0.094216
v 0.017276 -0.021241 -0.094233
v 0.017396 -0.030511 -0.094132
v 0.017367 -0.021241 -0.094156
v 0.014967 -0.021240 -0.092624
v 0.014086 -0.030511 -0.092453
v 0.013354 -0.017525 -0.092479
v 0.011563 -0.030511 -0.093645
v 0.011386 -0.006076 -0.093470
v 0.011208 -0.030511 -0.093387
v 0.010639 -0.021059 -0.094977
v 0.010503 -0.021238 -0.097099
v 0.011875 -0.030511 -0.099671
v 0.015634 -0.021114 -0.099741
v 0.014267 -0.021717 -0.100006
v 0.015929 -0.017558 -0.102901
v 0.012110 -0.021241 -0.099406
v 0.011161 -0.006561 -0.093296
v 0.017917 -0.021732 -0.096343
v 0.020413 -0.017059 -0.095318
v 0.011585 -0.021241 -0.098903
v 0.010363 -0.017618 -0.100125
v 0.013225 -0.017120 -0.102502
v 0.010437 -0.017618 -0.100051
v 0.017525 -0.020924 -0.098069
v 0.020197 -0.017568 -0.100048
v 0.014573 -0.022597 -0.092499
v 0.017869 -0.017258 -0.092619
v 0.016449 -0.017618 -0.092155
v 0.009921 -0.017671 -0.098663
v 0.018441 -0.017441 -0.102039
v 0.020814 -0.017559 -0.098015
v 0.016589 -0.017651 -0.092011
v 0.016816 -0.021241 -0.093672
v 0.018038 -0.017618 -0.092450
v 0.010568 -0.021322 -0.097002
v 0.010014 -0.018264 -0.098538
v 0.010206 -0.007066 -0.097319
v 0.020527 -0.017618 -0.094161
v 0.019948 -0.012553 -0.094439
v 0.012376 -0.017618 -0.101990
v 0.007126 -0.017619 -0.095645
v 0.007837 -0.012550 -0.097370
v 0.012376 -0.012552 -0.101990
v 0.012352 -0.017618 -0.102035
v 0.012270 -0.012554 -0.102194
v 0.019903 -0.017618 -0.094463
v 0.019903 -0.012552 -0.094463
v 0.016323 -0.017618 -0.103029
v 0.010471 -0.017618 -0.100047
v 0.010303 -0.012204 -0.100064
v 0.017152 -0.012624 -0.102744
v 0.017962 -0.017618 -0.092545
v 0.017976 -0.012219 -0.092383
v 0.019967 -0.017618 -0.100546
v 0.019943 -0.012631 -0.100526
v 0.019948 -0.017618 -0.100517
v 0.020527 -0.012640 -0.100795
v 0.018038 -0.012531 -0.092450
v 0.020406 -0.013327 -0.095396
v 0.013296 -0.013267 -0.102494
v 0.015931 -0.012689 -0.102898
v 0.010355 -0.011588 -0.099563
v 0.010110 -0.007107 -0.097456
v 0.017958 -0.012164 -0.092518
v 0.015237 -0.006906 -0.092363
v 0.015220 -0.007202 -0.092360
v 0.017961 -0.012692 -0.102282
v 0.012327 -0.007264 -0.092251
v 0.019946 -0.012859 -0.100526
v 0.010363 -0.012531 -0.100125
v 0.017399 -0.019430 -0.098227
v 0.010595 -0.020905 -0.095187
v 0.007588 -0.017558 -0.094560
v 0.012227 -0.012498 -0.100688
v 0.016449 -0.012427 -0.099357
v 0.015170 -0.017059 -0.090076
v 0.007987 -0.017120 -0.097264
v 0.012122 -0.021120 -0.093179
v 0.009961 -0.017442 -0.090536
v 0.018682 -0.018451 -0.095007
v 0.012990 -0.017617 -0.100557
v 0.008204 -0.017568 -0.092527
v 0.012473 -0.017559 -0.089674
v 0.012905 -0.017983 -0.100640
v 0.018495 -0.017616 -0.095062
v 0.012899 -0.012064 -0.100631
v 0.014129 -0.017619 -0.089327
v 0.015261 -0.012548 -0.089937
v 0.010318 -0.017618 -0.100074
v 0.010637 -0.011915 -0.100286
v 0.018001 -0.017618 -0.092487
v 0.018001 -0.012350 -0.092487
v 0.017943 -0.017618 -0.092527
v 0.018214 -0.012050 -0.092551
v 0.008837 -0.007283 -0.090972
v 0.017678 -0.012424 -0.098193
v 0.009232 -0.017615 -0.091317
v 0.009178 -0.017617 -0.091255
v 0.008869 -0.007293 -0.090901
v 0.017523 -0.012427 -0.098112
v 0.015315 -0.011436 -0.089848
v 0.008230 -0.007420 -0.095222
v 0.010562 -0.012728 -0.099970
v 0.017878 -0.012799 -0.092645
v 0.018562 -0.011805 -0.095004
v 0.017814 -0.012498 -0.097668
v 0.016058 -0.012667 -0.099651
v 0.013132 -0.007461 -0.090334
v 0.007781 -0.011536 -0.097396
v -0.011059 -0.030511 -0.065818
v -0.011076 -0.021241 -0.065832
v -0.013330 -0.021237 -0.064182
v -0.014303 -0.030511 -0.063938
v -0.015393 -0.020757 -0.064296
v -0.016793 -0.030511 -0.065293
v -0.016837 -0.030511 -0.065258
v -0.016841 -0.012426 -0.065247
v -0.018290 -0.012448 -0.067351
v -0.018048 -0.030511 -0.068806
v -0.017879 -0.021239 -0.068723
v -0.016269 -0.021241 -0.071028
v -0.016233 -0.030511 -0.070984
v -0.016259 -0.030511 -0.071034
v -0.016288 -0.021241 -0.071090
v -0.013433 -0.030511 -0.071654
v -0.014178 -0.021241 -0.071608
v -0.012653 -0.007061 -0.071932
v -0.011059 -0.030511 -0.070000
v -0.011103 -0.021241 -0.069964
v -0.010837 -0.030511 -0.070098
v -0.011103 -0.021241 -0.069964
v -0.010630 -0.015719 -0.069752
v -0.010397 -0.021238 -0.067856
v -0.010997 -0.030511 -0.065799
v -0.015279 -0.020905 -0.064304
v -0.015906 -0.017558 -0.061296
v -0.011103 -0.021241 -0.065854
v -0.010601 -0.007009 -0.070435
v -0.017967 -0.022597 -0.068281
v -0.020390 -0.017059 -0.068878
v -0.011927 -0.018264 -0.063722
v -0.011563 -0.021241 -0.065293
v -0.010341 -0.017618 -0.064072
v -0.013202 -0.017120 -0.061695
v -0.010460 -0.021717 -0.067975
v -0.010414 -0.017618 -0.064145
v -0.017287 -0.021120 -0.065830
v -0.019930 -0.017442 -0.063669
v -0.014122 -0.021732 -0.071626
v -0.017846 -0.017257 -0.071577
v -0.015459 -0.018451 -0.072390
v -0.009864 -0.017609 -0.066665
v -0.017939 -0.017568 -0.061913
v -0.013464 -0.021322 -0.064276
v -0.020791 -0.017559 -0.066181
v -0.009826 -0.017983 -0.066613
v -0.016793 -0.021241 -0.070524
v -0.018015 -0.017618 -0.071746
v -0.010723 -0.015988 -0.069744
v -0.015434 -0.017601 -0.072236
v -0.010184 -0.007066 -0.066877
v -0.021202 -0.017618 -0.066593
v -0.020605 -0.012575 -0.068603
v -0.013484 -0.017618 -0.061482
v -0.008438 -0.017618 -0.066049
v -0.012772 -0.012554 -0.061780
v -0.018015 -0.017618 -0.071746
v -0.018015 -0.012531 -0.071746
v -0.010449 -0.017618 -0.064150
v -0.010281 -0.012204 -0.064133
v -0.019571 -0.012643 -0.062403
v -0.017939 -0.017618 -0.071651
v -0.017939 -0.012170 -0.071654
v -0.019475 -0.017618 -0.062537
v -0.019206 -0.017618 -0.062881
v -0.019550 -0.012639 -0.062612
v -0.018015 -0.012531 -0.071746
v -0.020383 -0.013327 -0.068801
v -0.013273 -0.013267 -0.061702
v -0.015909 -0.012689 -0.061298
v -0.010333 -0.011588 -0.064633
v -0.010088 -0.007108 -0.066740
v -0.015260 -0.007049 -0.071899
v -0.017938 -0.012692 -0.061914
v -0.019924 -0.012859 -0.063670
v -0.010592 -0.007093 -0.070462
v -0.010341 -0.012531 -0.064072
v -0.010724 -0.021115 -0.069342
v -0.007565 -0.017558 -0.069637
v -0.017002 -0.012417 -0.065045
v -0.015148 -0.017059 -0.074121
v -0.007964 -0.017120 -0.066933
v -0.012397 -0.020924 -0.071233
v -0.009938 -0.017442 -0.073661
v -0.018311 -0.017618 -0.070158
v -0.011770 -0.017653 -0.063616
v -0.008182 -0.017568 -0.071669
v -0.012451 -0.017559 -0.074522
v -0.018396 -0.017610 -0.070303
v -0.012876 -0.012064 -0.063565
v -0.016109 -0.017618 -0.073815
v -0.015201 -0.012532 -0.074241
v -0.011807 -0.017618 -0.074440
v -0.008476 -0.012552 -0.066084
v -0.010447 -0.012048 -0.063941
v -0.016003 -0.012552 -0.073611
v -0.008321 -0.017618 -0.066003
v -0.008337 -0.011865 -0.066011
v -0.016003 -0.012552 -0.073611
v -0.016003 -0.017618 -0.073611
v -0.010419 -0.017618 -0.064180
v -0.018138 -0.011807 -0.071286
v -0.008186 -0.017572 -0.072150
v -0.007784 -0.007018 -0.070185
v -0.010378 -0.017618 -0.064108
v -0.010378 -0.012350 -0.064108
v -0.008268 -0.017564 -0.072172
v -0.015293 -0.011436 -0.074348
v -0.008580 -0.007601 -0.068337
v -0.010539 -0.012728 -0.064226
v -0.017855 -0.012799 -0.071551
v -0.008367 -0.007234 -0.072604
v -0.018539 -0.011805 -0.069193
v -0.008168 -0.007404 -0.072878
v -0.017542 -0.012665 -0.066052
v -0.015558 -0.012499 -0.064296
v -0.013109 -0.007461 -0.073862
v -0.008476 -0.012552 -0.066084
v 0.017701 -0.030511 -0.070170
v 0.017382 -0.021241 -0.070019
v 0.017899 -0.021241 -0.067909
v 0.017535 -0.019601 -0.065896
v 0.017307 -0.030511 -0.065838
v 0.017276 -0.030511 -0.065854
v 0.017402 -0.019430 -0.065967
v 0.015217 -0.030511 -0.064144
v 0.015406 -0.012445 -0.064011
v 0.013386 -0.021239 -0.064208
v 0.011511 -0.030511 -0.065201
v 0.011585 -0.021241 -0.065293
v 0.011585 -0.030511 -0.065293
v 0.011492 -0.021241 -0.065219
v 0.010179 -0.030511 -0.068435
v 0.010492 -0.021263 -0.067109
v 0.010254 -0.007034 -0.069565
v 0.012388 -0.015870 -0.071340
v 0.012146 -0.021241 -0.070984
v 0.012146 -0.030511 -0.070984
v 0.012119 -0.030511 -0.071034
v 0.012130 -0.021270 -0.071014
v 0.015044 -0.021247 -0.071654
v 0.015326 -0.030511 -0.071619
v 0.017978 -0.022922 -0.067426
v 0.020814 -0.017558 -0.066181
v 0.017319 -0.021241 -0.070000
v 0.012376 -0.015515 -0.071422
v 0.013483 -0.021477 -0.064267
v 0.013231 -0.017059 -0.061697
v 0.016816 -0.021241 -0.070524
v 0.018038 -0.017618 -0.071746
v 0.020415 -0.017120 -0.068885
v 0.017964 -0.017618 -0.071672
v 0.015302 -0.020901 -0.064304
v 0.017961 -0.017568 -0.061913
v 0.010559 -0.021477 -0.067191
v 0.010532 -0.017258 -0.064241
v 0.010068 -0.017618 -0.065660
v 0.019952 -0.017441 -0.063668
v 0.015928 -0.017559 -0.061296
v 0.009924 -0.017651 -0.065521
v 0.016557 -0.017755 -0.072229
v 0.017072 -0.021208 -0.065552
v 0.011585 -0.021241 -0.065293
v 0.010363 -0.017618 -0.064072
v 0.014547 -0.022769 -0.071706
v 0.016452 -0.018264 -0.072096
v 0.015232 -0.007066 -0.071903
v 0.015516 -0.017618 -0.060885
v 0.015111 -0.012603 -0.060884
v 0.019903 -0.017618 -0.069734
v 0.014907 -0.017609 -0.074499
v 0.019964 -0.012538 -0.069790
v 0.019948 -0.017618 -0.069758
v 0.020527 -0.012560 -0.070036
v 0.010747 -0.012083 -0.063886
v 0.020527 -0.017618 -0.063401
v 0.017960 -0.017618 -0.071638
v 0.017977 -0.012204 -0.071806
v 0.010458 -0.017618 -0.064148
v 0.010455 -0.012170 -0.064148
v 0.019948 -0.012631 -0.063680
v 0.019943 -0.017618 -0.063671
v 0.019967 -0.012631 -0.063651
v 0.010363 -0.012531 -0.064072
v 0.013309 -0.013327 -0.061704
v 0.020407 -0.013267 -0.068814
v 0.020811 -0.012689 -0.066178
v 0.017476 -0.011588 -0.071754
v 0.015369 -0.007107 -0.071999
v 0.010210 -0.007049 -0.066827
v 0.020195 -0.012692 -0.064149
v 0.018439 -0.012859 -0.062163
v 0.011648 -0.007093 -0.071495
v 0.011674 -0.006994 -0.071478
v 0.018038 -0.012531 -0.071746
v 0.012473 -0.017558 -0.074522
v 0.017276 -0.030511 -0.069964
v 0.017596 -0.012426 -0.066046
v 0.007989 -0.017059 -0.066939
v 0.015177 -0.017120 -0.074123
v 0.010596 -0.020901 -0.069010
v 0.008204 -0.017568 -0.071669
v 0.011952 -0.017618 -0.063776
v 0.018470 -0.017617 -0.069120
v 0.012122 -0.021121 -0.071018
v 0.009960 -0.017441 -0.073660
v 0.007587 -0.017559 -0.069636
v 0.011645 -0.017598 -0.063604
v 0.018553 -0.017982 -0.069204
v 0.018544 -0.012064 -0.069211
v 0.007311 -0.017618 -0.068862
v 0.018341 -0.012152 -0.071659
v 0.007945 -0.012570 -0.066948
v 0.016025 -0.012552 -0.073611
v 0.010363 -0.017618 -0.064072
v 0.010363 -0.012531 -0.064072
v 0.017930 -0.017618 -0.071668
v 0.009799 -0.017618 -0.074001
v 0.011591 -0.007052 -0.074346
v 0.018001 -0.017618 -0.071709
v 0.018001 -0.012350 -0.071709
v 0.009740 -0.007491 -0.073604
v 0.009938 -0.017564 -0.073819
v 0.017523 -0.012427 -0.066084
v 0.007761 -0.011436 -0.066794
v 0.013772 -0.007601 -0.073507
v 0.017883 -0.012728 -0.071548
v 0.010558 -0.012799 -0.064232
v 0.012917 -0.011805 -0.063548
v 0.009232 -0.007404 -0.073919
v 0.016058 -0.012666 -0.064545
v 0.017814 -0.012499 -0.066529
v 0.008247 -0.007461 -0.068978
v 0.016025 -0.012552 -0.073611
v -0.016837 -0.030511 -0.093637
v -0.017881 -0.021238 -0.095470
v -0.018037 -0.030511 -0.096668
v -0.016269 -0.030511 -0.099406
v -0.016116 -0.019429 -0.099483
v -0.016288 -0.030511 -0.099469
v -0.016147 -0.019478 -0.099541
v -0.010617 -0.030511 -0.098796
v -0.013380 -0.021249 -0.099992
v -0.010983 -0.021241 -0.098443
v -0.011053 -0.030511 -0.098369
v -0.010997 -0.021241 -0.098397
v -0.010734 -0.030511 -0.094052
v -0.010271 -0.021271 -0.096379
v -0.011103 -0.021241 -0.094233
v -0.010617 -0.030511 -0.093780
v -0.011103 -0.021241 -0.094233
v -0.012764 -0.016252 -0.092646
v -0.014989 -0.021238 -0.092590
v -0.016946 -0.030511 -0.093479
v -0.017783 -0.020905 -0.097389
v -0.020791 -0.017558 -0.098015
v -0.016793 -0.021241 -0.093672
v -0.013806 -0.022597 -0.100076
v -0.013209 -0.017059 -0.102500
v -0.010695 -0.015421 -0.094481
v -0.018365 -0.018264 -0.094037
v -0.016793 -0.021241 -0.093672
v -0.018015 -0.017618 -0.092450
v -0.020392 -0.017120 -0.095312
v -0.017942 -0.017618 -0.092524
v -0.016257 -0.021120 -0.099396
v -0.018418 -0.017442 -0.102039
v -0.010461 -0.021732 -0.096232
v -0.010510 -0.017257 -0.099956
v -0.009697 -0.018451 -0.097568
v -0.016554 -0.017671 -0.092008
v -0.020174 -0.017568 -0.100048
v -0.010683 -0.016090 -0.094417
v -0.017811 -0.021322 -0.095573
v -0.015906 -0.017559 -0.102901
v -0.011563 -0.021241 -0.098903
v -0.010341 -0.017618 -0.100125
v -0.009884 -0.017616 -0.097513
v -0.014892 -0.021322 -0.092655
v -0.016429 -0.018264 -0.092101
v -0.015328 -0.006970 -0.092231
v -0.013702 -0.017618 -0.102996
v -0.013673 -0.012572 -0.102921
v -0.021203 -0.017619 -0.097198
v -0.021079 -0.012599 -0.097025
v -0.017977 -0.017588 -0.092258
v -0.010436 -0.017618 -0.100049
v -0.010274 -0.012219 -0.100063
v -0.009963 -0.006787 -0.097158
v -0.018495 -0.012634 -0.102124
v -0.018436 -0.017618 -0.102054
v -0.018407 -0.017618 -0.102035
v -0.018422 -0.012631 -0.102063
v -0.010341 -0.012531 -0.100125
v -0.013286 -0.013327 -0.102493
v -0.020385 -0.013267 -0.095383
v -0.020788 -0.012689 -0.098018
v -0.010409 -0.012164 -0.100045
v -0.010253 -0.006905 -0.097324
v -0.020173 -0.012692 -0.100048
v -0.018417 -0.012859 -0.102033
v -0.010651 -0.006956 -0.093784
v -0.010724 -0.006360 -0.093695
v -0.018015 -0.012531 -0.092450
v -0.013077 -0.020905 -0.092682
v -0.012451 -0.017558 -0.089675
v -0.016793 -0.021241 -0.093672
v -0.018017 -0.012446 -0.097576
v -0.007966 -0.017059 -0.097257
v -0.015154 -0.017120 -0.090074
v -0.010854 -0.020924 -0.094506
v -0.008182 -0.017568 -0.092528
v -0.011929 -0.017618 -0.100420
v -0.018449 -0.017600 -0.093783
v -0.009938 -0.017441 -0.090536
v -0.007565 -0.017559 -0.094560
v -0.011799 -0.017665 -0.100560
v -0.018522 -0.012065 -0.094986
v -0.007396 -0.017618 -0.094786
v -0.008337 -0.011834 -0.098184
v -0.018271 -0.012168 -0.092856
v -0.013467 -0.017619 -0.089306
v -0.015200 -0.012555 -0.089960
v -0.018015 -0.012531 -0.092450
v -0.018015 -0.017618 -0.092450
v -0.008476 -0.017618 -0.098112
v -0.008476 -0.012552 -0.098112
v -0.008476 -0.017618 -0.098112
v -0.010378 -0.017618 -0.100088
v -0.010378 -0.012350 -0.100088
v -0.010417 -0.017618 -0.100030
v -0.010422 -0.012154 -0.100498
v -0.008258 -0.017564 -0.092016
v -0.016027 -0.012426 -0.099655
v -0.008258 -0.017305 -0.092075
v -0.016003 -0.012427 -0.099610
v -0.008476 -0.012552 -0.098112
v -0.013053 -0.006921 -0.090078
v -0.017860 -0.012728 -0.092649
v -0.010536 -0.012799 -0.099965
v -0.012894 -0.011805 -0.100649
v -0.008461 -0.007099 -0.091611
v -0.016035 -0.012665 -0.099651
v -0.008351 -0.007238 -0.091584
v -0.017791 -0.012499 -0.097668
v -0.008601 -0.007915 -0.095811
v -0.015286 -0.011536 -0.089868
v -0.003856 -0.030511 -0.102667
v -0.003224 -0.021237 -0.104200
v -0.002069 -0.021342 -0.105270
v -0.002066 -0.030511 -0.105267
v -0.002116 -0.030511 -0.105379
v -0.000110 -0.012425 -0.106043
v 0.003528 -0.030511 -0.104624
v 0.002864 -0.021267 -0.104869
v 0.003087 -0.021241 -0.104220
v 0.003136 -0.030511 -0.104246
v 0.003455 -0.021241 -0.104401
v 0.003455 -0.030511 -0.099929
v 0.003136 -0.021241 -0.100084
v 0.003130 -0.030511 -0.100074
v 0.003693 -0.021004 -0.099508
v 0.003919 -0.012235 -0.099522
v 0.000274 -0.030511 -0.098274
v -0.002626 -0.030511 -0.099522
v -0.002604 -0.021241 -0.099550
v -0.002648 -0.030511 -0.099514
v -0.002930 -0.021241 -0.099300
v -0.001759 -0.020905 -0.105493
v -0.003443 -0.017558 -0.108063
v -0.001527 -0.015274 -0.098555
v 0.002600 -0.021732 -0.104833
v 0.005089 -0.017059 -0.105872
v -0.004541 -0.018264 -0.103534
v -0.003687 -0.021241 -0.102165
v -0.005416 -0.017618 -0.102165
v -0.005073 -0.017120 -0.105869
v -0.002571 -0.021717 -0.099489
v -0.005311 -0.017618 -0.102165
v 0.001102 -0.020924 -0.105775
v 0.001080 -0.017442 -0.109230
v 0.002600 -0.021732 -0.099497
v 0.005199 -0.017257 -0.102165
v 0.004085 -0.018451 -0.099902
v -0.003826 -0.017618 -0.100011
v -0.001570 -0.017568 -0.109064
v -0.003063 -0.021322 -0.104229
v 0.003466 -0.017559 -0.108063
v -0.003982 -0.017983 -0.100004
v 0.003710 -0.021241 -0.102165
v 0.005438 -0.017618 -0.102165
v 0.005352 -0.017241 -0.099990
v -0.003872 -0.012411 -0.099974
v -0.002671 -0.007145 -0.098894
v -0.003474 -0.007230 -0.100111
v 0.004587 -0.017618 -0.106916
v 0.004563 -0.012589 -0.106896
v -0.003867 -0.012499 -0.099960
v 0.004929 -0.017618 -0.107069
v 0.004752 -0.012585 -0.106981
v -0.003478 -0.017618 -0.108888
v -0.004327 -0.017618 -0.096262
v -0.005211 -0.012556 -0.098441
v -0.003408 -0.012618 -0.108817
v -0.003866 -0.017618 -0.099978
v 0.005373 -0.012539 -0.099440
v -0.005099 -0.011918 -0.102007
v 0.005317 -0.017618 -0.102178
v 0.005441 -0.012219 -0.102074
v 0.004523 -0.017618 -0.100833
v 0.004523 -0.012474 -0.100833
v -0.003028 -0.017618 -0.108406
v -0.003109 -0.012619 -0.108564
v 0.004523 -0.012474 -0.100833
v 0.000944 -0.017618 -0.109399
v 0.001772 -0.012629 -0.109114
v 0.005438 -0.012531 -0.102165
v 0.005030 -0.013327 -0.105922
v -0.005017 -0.013267 -0.105914
v -0.003440 -0.012689 -0.108063
v -0.005024 -0.011588 -0.101762
v -0.003707 -0.007107 -0.100099
v 0.005334 -0.012164 -0.102157
v 0.003519 -0.006906 -0.100122
v 0.003509 -0.007202 -0.100109
v -0.001569 -0.012692 -0.109063
v 0.003849 -0.012458 -0.100011
v 0.002694 -0.007145 -0.098894
v 0.002694 -0.007145 -0.098894
v -0.000014 -0.006672 -0.097825
v 0.001077 -0.012859 -0.109225
v -0.005416 -0.012531 -0.102165
v -0.002671 -0.007145 -0.098894
v -0.002044 -0.021241 -0.105240
v -0.001417 -0.021115 -0.098709
v -0.003443 -0.017558 -0.096267
v -0.003035 -0.017719 -0.105053
v -0.003028 -0.012443 -0.105040
v 0.005089 -0.017059 -0.098458
v -0.005073 -0.017120 -0.098461
v 0.001102 -0.020924 -0.098555
v 0.001080 -0.017442 -0.095100
v 0.004085 -0.018451 -0.104428
v -0.003037 -0.017767 -0.105035
v -0.001570 -0.017568 -0.095266
v 0.003466 -0.017559 -0.096268
v -0.005144 -0.017591 -0.103358
v 0.005352 -0.017241 -0.104340
v -0.003981 -0.012065 -0.104316
v 0.004523 -0.017618 -0.097467
v 0.004523 -0.012588 -0.097467
v 0.003849 -0.012603 -0.096645
v 0.004692 -0.017618 -0.097380
v 0.004567 -0.012500 -0.097445
v -0.003043 -0.012760 -0.104970
v -0.003871 -0.012486 -0.096608
v 0.005405 -0.017618 -0.102812
v 0.005348 -0.011902 -0.102748
v -0.003935 -0.017618 -0.096508
v -0.002768 -0.007054 -0.095808
v -0.003826 -0.012603 -0.096645
v -0.005363 -0.017619 -0.102165
v -0.005363 -0.012350 -0.102165
v 0.004523 -0.017618 -0.103497
v 0.004523 -0.012474 -0.103497
v 0.005025 -0.011624 -0.102559
v 0.005025 -0.017618 -0.102559
v 0.004699 -0.012471 -0.103645
v 0.001384 -0.017617 -0.095024
v 0.005334 -0.012552 -0.099423
v -0.003453 -0.007379 -0.097194
v -0.005166 -0.012728 -0.102196
v 0.005187 -0.012799 -0.102189
v -0.002671 -0.007145 -0.095932
v -0.003709 -0.007145 -0.100095
v 0.004003 -0.011805 -0.104341
v 0.000779 -0.007207 -0.094728
v 0.001591 -0.012498 -0.105696
v -0.001053 -0.012667 -0.105857
v 0.002694 -0.007145 -0.095932
v 0.003593 -0.008010 -0.097916
v 0.002694 -0.007145 -0.095932
v 0.003849 -0.012603 -0.096645
v -0.005312 -0.011536 -0.098409
v 0.003226 -0.030511 -0.059905
v 0.003306 -0.021241 -0.059865
v 0.003440 -0.030511 -0.059663
v 0.003651 -0.020983 -0.059402
v 0.001587 -0.012432 -0.058324
v -0.002854 -0.030511 -0.059090
v -0.002798 -0.022088 -0.059158
v -0.002726 -0.030511 -0.059318
v -0.002697 -0.021241 -0.059342
v -0.003517 -0.021228 -0.064005
v -0.003727 -0.030511 -0.062892
v -0.002066 -0.030511 -0.065134
v -0.002044 -0.021241 -0.065107
v -0.002116 -0.030511 -0.065246
v -0.002059 -0.021293 -0.065137
v -0.002036 -0.006945 -0.065632
v 0.003528 -0.030511 -0.064491
v 0.003604 -0.020967 -0.064629
v 0.003306 -0.030511 -0.064198
v 0.003226 -0.021241 -0.064158
v 0.001440 -0.021114 -0.058576
v 0.002593 -0.021717 -0.059355
v 0.003466 -0.017558 -0.056134
v 0.001550 -0.015273 -0.065642
v -0.002577 -0.021732 -0.059364
v -0.005067 -0.017059 -0.058325
v 0.003710 -0.021241 -0.062031
v 0.005438 -0.017618 -0.062031
v 0.005095 -0.017120 -0.058327
v 0.002340 -0.022922 -0.065044
v 0.005334 -0.017618 -0.062031
v -0.001080 -0.020924 -0.058422
v -0.001570 -0.017568 -0.055133
v -0.003072 -0.021477 -0.064099
v -0.005177 -0.017258 -0.062031
v -0.004501 -0.017618 -0.063363
v 0.003833 -0.017607 -0.064178
v 0.001080 -0.017441 -0.054966
v -0.003444 -0.017559 -0.056134
v -0.004963 -0.017589 -0.063238
v -0.003041 -0.017767 -0.064905
v 0.004005 -0.017983 -0.064193
v -0.003687 -0.021241 -0.062031
v -0.005416 -0.017618 -0.062031
v -0.003004 -0.017618 -0.064861
v 0.004523 -0.012474 -0.063363
v 0.003307 -0.007007 -0.064863
v -0.003962 -0.017618 -0.056402
v -0.004327 -0.012587 -0.056129
v 0.004870 -0.017618 -0.057157
v 0.005397 -0.012539 -0.064746
v 0.004692 -0.012585 -0.057246
v -0.005777 -0.017618 -0.063322
v 0.004523 -0.017618 -0.063363
v 0.005025 -0.017618 -0.062425
v 0.004523 -0.017618 -0.063363
v 0.004523 -0.012474 -0.063363
v 0.005025 -0.011624 -0.062425
v 0.004976 -0.017618 -0.056935
v 0.004699 -0.012591 -0.057185
v 0.005179 -0.017618 -0.062228
v 0.005198 -0.012104 -0.062243
v -0.005066 -0.011911 -0.062178
v -0.000157 -0.012635 -0.054722
v -0.003004 -0.012444 -0.064861
v -0.004244 -0.017618 -0.055958
v -0.003004 -0.012444 -0.064861
v -0.003858 -0.012604 -0.056471
v -0.005416 -0.012531 -0.062031
v -0.005007 -0.013327 -0.058275
v 0.005040 -0.013267 -0.058283
v 0.002923 -0.008230 -0.064236
v 0.003462 -0.012689 -0.056134
v 0.003730 -0.007108 -0.064097
v -0.005311 -0.012164 -0.062040
v -0.003497 -0.006906 -0.064074
v -0.003557 -0.007048 -0.064145
v 0.001078 -0.012857 -0.054972
v -0.002096 -0.007145 -0.065774
v 0.000027 -0.006653 -0.066331
v -0.001568 -0.012694 -0.055134
v 0.005438 -0.012531 -0.062031
v 0.003466 -0.017558 -0.067929
v -0.005067 -0.017059 -0.065738
v 0.005095 -0.017120 -0.065735
v -0.001759 -0.020901 -0.065359
v -0.001570 -0.017568 -0.068930
v -0.004063 -0.018451 -0.059768
v 0.005334 -0.017242 -0.059869
v 0.001080 -0.017441 -0.069097
v -0.003443 -0.017559 -0.067929
v 0.004005 -0.017983 -0.059870
v 0.000375 -0.021208 -0.065728
v -0.003826 -0.017618 -0.059877
v 0.004003 -0.012064 -0.059881
v -0.003116 -0.017618 -0.068361
v -0.005490 -0.012511 -0.064713
v -0.003046 -0.012565 -0.068278
v 0.004752 -0.017618 -0.066847
v 0.004563 -0.012473 -0.060667
v 0.004568 -0.012424 -0.066753
v 0.005306 -0.017618 -0.062053
v 0.005355 -0.011835 -0.061960
v 0.004523 -0.012474 -0.060700
v 0.004523 -0.017618 -0.060700
v -0.005363 -0.017618 -0.062031
v -0.005363 -0.012350 -0.062031
v 0.001824 -0.017617 -0.069045
v 0.004574 -0.012467 -0.066771
v 0.004523 -0.017618 -0.066729
v 0.000928 -0.007219 -0.069411
v 0.005386 -0.017618 -0.062031
v 0.005386 -0.012350 -0.062031
v -0.003890 -0.017618 -0.059825
v -0.003808 -0.012729 -0.059917
v -0.003969 -0.012454 -0.059698
v -0.003034 -0.017618 -0.068285
v -0.003004 -0.012615 -0.068227
v -0.005311 -0.012552 -0.064773
v 0.003340 -0.006699 -0.067741
v 0.005188 -0.012729 -0.062001
v -0.005165 -0.012799 -0.062007
v 0.003165 -0.007192 -0.067681
v -0.003980 -0.011805 -0.059855
v -0.002169 -0.007111 -0.068907
v 0.001076 -0.012667 -0.058339
v -0.002354 -0.006901 -0.069002
v -0.003619 -0.007714 -0.066286
v 0.005334 -0.012552 -0.064773
v 0.003732 -0.007145 -0.066322
v -0.020557 -0.030511 -0.078231
v -0.022706 -0.021241 -0.079439
v -0.022671 -0.030511 -0.079483
v -0.022715 -0.030511 -0.079447
v -0.022817 -0.021711 -0.079365
v -0.023874 -0.030511 -0.082098
v -0.023905 -0.012424 -0.082258
v -0.022760 -0.021267 -0.084951
v -0.022211 -0.030511 -0.085293
v -0.022110 -0.021241 -0.085174
v -0.022291 -0.030511 -0.085542
v -0.022182 -0.021241 -0.085312
v -0.016755 -0.030511 -0.084347
v -0.018035 -0.021235 -0.085403
v -0.016980 -0.021241 -0.084153
v -0.016930 -0.030511 -0.084179
v -0.016950 -0.021293 -0.084169
v -0.016455 -0.006945 -0.084146
v -0.016612 -0.030511 -0.079862
v -0.016806 -0.021543 -0.079955
v -0.016861 -0.030511 -0.079943
v -0.016959 -0.021317 -0.080025
v -0.018111 -0.021227 -0.078402
v -0.023511 -0.021114 -0.080669
v -0.022732 -0.021717 -0.079516
v -0.025953 -0.017558 -0.078644
v -0.017168 -0.017719 -0.079052
v -0.015893 -0.006500 -0.082372
v -0.022723 -0.021732 -0.084687
v -0.023762 -0.017059 -0.087176
v -0.020056 -0.021241 -0.078400
v -0.020056 -0.017618 -0.076671
v -0.023759 -0.017120 -0.077014
v -0.020056 -0.017618 -0.076776
v -0.023665 -0.020924 -0.083189
v -0.026955 -0.017568 -0.083679
v -0.017640 -0.022597 -0.085040
v -0.020056 -0.017258 -0.087286
v -0.018724 -0.017618 -0.086610
v -0.017186 -0.017767 -0.079050
v -0.027121 -0.017441 -0.081030
v -0.025953 -0.017559 -0.085553
v -0.018740 -0.017601 -0.086768
v -0.017182 -0.017767 -0.085151
v -0.018864 -0.017586 -0.077108
v -0.020056 -0.021241 -0.085797
v -0.020056 -0.017618 -0.087525
v -0.017992 -0.021322 -0.079024
v -0.018687 -0.018264 -0.077546
v -0.017226 -0.017618 -0.085113
v -0.017960 -0.007066 -0.078544
v -0.024806 -0.017618 -0.086674
v -0.024786 -0.012589 -0.086650
v -0.017226 -0.012444 -0.079083
v -0.024959 -0.017619 -0.087016
v -0.024871 -0.012585 -0.086839
v -0.025858 -0.017618 -0.077897
v -0.016753 -0.017618 -0.076802
v -0.016332 -0.012556 -0.076876
v -0.025806 -0.012602 -0.077967
v -0.017226 -0.012444 -0.079083
v -0.019897 -0.011918 -0.076988
v -0.020069 -0.017618 -0.087404
v -0.019964 -0.012219 -0.087528
v -0.027565 -0.017618 -0.081915
v -0.025576 -0.017618 -0.078261
v -0.025920 -0.012610 -0.077992
v -0.017226 -0.012444 -0.085113
v -0.027005 -0.012629 -0.083859
v -0.017226 -0.012444 -0.085113
v -0.020056 -0.012531 -0.087525
v -0.023812 -0.013327 -0.087117
v -0.023804 -0.013267 -0.077070
v -0.025953 -0.012689 -0.078647
v -0.019653 -0.011588 -0.077063
v -0.017990 -0.007107 -0.078379
v -0.020047 -0.012164 -0.087421
v -0.018013 -0.006906 -0.085606
v -0.017942 -0.007048 -0.085666
v -0.026953 -0.012692 -0.080519
v -0.016313 -0.007145 -0.084206
v -0.027116 -0.012859 -0.083164
v -0.016019 -0.007408 -0.079929
v -0.020056 -0.012531 -0.076671
v -0.016313 -0.007145 -0.079991
v -0.016728 -0.020905 -0.080327
v -0.014158 -0.017558 -0.078644
v -0.022346 -0.012454 -0.078152
v -0.016349 -0.017059 -0.087176
v -0.016352 -0.017120 -0.077014
v -0.016387 -0.021120 -0.082826
v -0.013157 -0.017568 -0.083680
v -0.022319 -0.018451 -0.086172
v -0.022210 -0.017618 -0.078261
v -0.012990 -0.017441 -0.081029
v -0.014158 -0.017559 -0.085553
v -0.022217 -0.017982 -0.078105
v -0.022230 -0.017241 -0.087439
v -0.022206 -0.012065 -0.078106
v -0.013403 -0.017618 -0.085518
v -0.017369 -0.012523 -0.087586
v -0.013809 -0.012565 -0.085156
v -0.022242 -0.017618 -0.078221
v -0.022200 -0.012731 -0.078242
v -0.014519 -0.012603 -0.078206
v -0.020703 -0.017618 -0.087492
v -0.020639 -0.011902 -0.087435
v -0.013797 -0.017618 -0.079030
v -0.013860 -0.012615 -0.079083
v -0.020056 -0.017618 -0.076724
v -0.020056 -0.012350 -0.076724
v -0.021387 -0.017618 -0.086610
v -0.021387 -0.012474 -0.086610
v -0.020449 -0.011624 -0.087112
v -0.020449 -0.017618 -0.087112
v -0.013514 -0.017619 -0.078922
v -0.013860 -0.012615 -0.079083
v -0.021535 -0.012471 -0.086786
v -0.013680 -0.017619 -0.085203
v -0.013860 -0.012615 -0.085113
v -0.017314 -0.012552 -0.087421
v -0.015085 -0.007379 -0.078634
v -0.020086 -0.012728 -0.076921
v -0.020080 -0.012798 -0.087274
v -0.013823 -0.007145 -0.079416
v -0.013703 -0.007055 -0.079318
v -0.014535 -0.012603 -0.078261
v -0.022232 -0.011805 -0.086090
v -0.012938 -0.007006 -0.084324
v -0.023747 -0.012667 -0.081033
v -0.013084 -0.006901 -0.084463
v -0.015801 -0.007714 -0.085728
v -0.016300 -0.011536 -0.076775
v 0.023595 -0.030511 -0.084558
v 0.022056 -0.021231 -0.085671
v 0.023183 -0.021342 -0.084179
v 0.023579 -0.030511 -0.084359
v 0.023318 -0.021527 -0.084236
v 0.023663 -0.012431 -0.078719
v 0.023321 -0.021532 -0.079958
v 0.023184 -0.030511 -0.080027
v 0.023379 -0.030511 -0.079849
v 0.023181 -0.021342 -0.080020
v 0.022119 -0.021239 -0.078906
v 0.017109 -0.030511 -0.079000
v 0.017178 -0.021241 -0.079106
v 0.017086 -0.030511 -0.079198
v 0.017215 -0.022056 -0.079295
v 0.016214 -0.013133 -0.082174
v 0.017951 -0.030511 -0.085313
v 0.018007 -0.021241 -0.085205
v 0.022518 -0.022769 -0.085028
v 0.025976 -0.017558 -0.085553
v 0.022146 -0.021477 -0.079015
v 0.023785 -0.017059 -0.077020
v 0.021447 -0.018264 -0.086650
v 0.020078 -0.021241 -0.085797
v 0.020078 -0.017618 -0.087525
v 0.023782 -0.017120 -0.087182
v 0.017402 -0.021717 -0.084680
v 0.020078 -0.017618 -0.087421
v 0.023406 -0.020901 -0.080328
v 0.027143 -0.017442 -0.081029
v 0.017410 -0.021732 -0.079509
v 0.020078 -0.017257 -0.076910
v 0.017815 -0.018451 -0.078024
v 0.017546 -0.020918 -0.085589
v 0.017932 -0.017607 -0.085920
v 0.023746 -0.021121 -0.082827
v 0.026977 -0.017568 -0.083679
v 0.025976 -0.017559 -0.078644
v 0.017917 -0.017983 -0.086092
v 0.020078 -0.021241 -0.078400
v 0.020078 -0.017618 -0.076671
v 0.017924 -0.017618 -0.078261
v 0.018746 -0.012474 -0.086610
v 0.017983 -0.007066 -0.085652
v 0.022275 -0.017618 -0.076312
v 0.026313 -0.017618 -0.079050
v 0.026801 -0.012618 -0.078609
v 0.022905 -0.017618 -0.087458
v 0.022905 -0.012546 -0.087490
v 0.018746 -0.017618 -0.086610
v 0.026449 -0.017618 -0.085261
v 0.026407 -0.012618 -0.085225
v 0.019684 -0.017618 -0.087112
v 0.018746 -0.017618 -0.086610
v 0.018746 -0.012474 -0.086610
v 0.019684 -0.011624 -0.087112
v 0.019881 -0.017618 -0.087266
v 0.019881 -0.011897 -0.087266
v 0.019997 -0.011935 -0.077000
v 0.017872 -0.017618 -0.078197
v 0.017890 -0.012410 -0.078219
v 0.026428 -0.017618 -0.085194
v 0.026347 -0.012617 -0.085152
v 0.026814 -0.012627 -0.078818
v 0.017872 -0.012496 -0.078219
v 0.026663 -0.017618 -0.078887
v 0.020078 -0.012531 -0.076671
v 0.023835 -0.013327 -0.077080
v 0.023827 -0.013267 -0.087127
v 0.019684 -0.011624 -0.087112
v 0.025976 -0.012689 -0.085549
v 0.019675 -0.011588 -0.087133
v 0.018012 -0.007107 -0.085817
v 0.020070 -0.012164 -0.076776
v 0.018035 -0.006906 -0.078590
v 0.018022 -0.007202 -0.078600
v 0.026976 -0.012692 -0.083678
v 0.016807 -0.007145 -0.079416
v 0.016807 -0.007145 -0.079416
v 0.015738 -0.006672 -0.082123
v 0.027138 -0.012859 -0.081033
v 0.020078 -0.012531 -0.087525
v 0.017752 -0.030511 -0.085482
v 0.016622 -0.021115 -0.083527
v 0.014180 -0.017558 -0.085553
v 0.022966 -0.017719 -0.085144
v 0.022953 -0.012442 -0.085137
v 0.016371 -0.017059 -0.077020
v 0.022966 -0.017722 -0.079052
v 0.016374 -0.017120 -0.087182
v 0.016468 -0.020924 -0.081007
v 0.013013 -0.017442 -0.081029
v 0.021410 -0.017618 -0.077586
v 0.022948 -0.017767 -0.085147
v 0.013179 -0.017568 -0.083679
v 0.014180 -0.017559 -0.078644
v 0.022951 -0.017767 -0.079046
v 0.021284 -0.017592 -0.077002
v 0.021410 -0.017618 -0.086610
v 0.022229 -0.012064 -0.086090
v 0.014448 -0.017618 -0.078125
v 0.014519 -0.012490 -0.078212
v 0.016347 -0.012556 -0.076914
v 0.015262 -0.017618 -0.086839
v 0.015293 -0.012585 -0.086779
v 0.020245 -0.012048 -0.087542
v 0.022907 -0.012444 -0.085113
v 0.020057 -0.017618 -0.087393
v 0.020078 -0.017618 -0.076724
v 0.020078 -0.012350 -0.076724
v 0.012716 -0.017618 -0.083415
v 0.015338 -0.012467 -0.086661
v 0.015380 -0.017618 -0.086610
v 0.012841 -0.007154 -0.083270
v 0.020078 -0.017618 -0.087473
v 0.020078 -0.012350 -0.087473
v 0.022947 -0.012443 -0.079050
v 0.013580 -0.006964 -0.079230
v 0.014475 -0.017618 -0.078194
v 0.014558 -0.012603 -0.078261
v 0.016313 -0.011436 -0.076757
v 0.015260 -0.010865 -0.087290
v 0.020109 -0.012728 -0.087275
v 0.020102 -0.012799 -0.076922
v 0.014428 -0.007192 -0.085252
v 0.022254 -0.011805 -0.078107
v 0.023770 -0.012665 -0.081033
v 0.015117 -0.007445 -0.078655
v 0.013845 -0.007145 -0.079416
v 0.001427 -0.145423 -0.113387
v 0.007774 -0.144399 -0.112016
v 0.019304 -0.140422 -0.104569
v 0.019952 -0.140242 -0.101607
v 0.014669 -0.134264 -0.109297
v 0.015148 -0.143803 -0.108538
v 0.005326 -0.144597 -0.112528
v 0.010425 -0.145318 -0.111177
v 0.000011 -0.144699 -0.113041
v 0.000188 -0.159117 -0.107110
v 0.020251 -0.145992 -0.100207
v 0.019664 -0.147307 -0.102889
v 0.015241 -0.144206 -0.108560
v 0.012905 -0.158927 -0.101990
v 0.020629 -0.155518 -0.092445
v 0.019724 -0.153401 -0.098293
v -0.005931 -0.167189 -0.087259
v 0.019726 -0.156337 -0.093342
v 0.019729 -0.157365 -0.093578
v 0.020265 -0.153929 -0.092289
v 0.011902 -0.164882 -0.083705
v 0.020299 -0.153715 -0.080403
v 0.019749 -0.157733 -0.078994
v 0.002736 -0.160525 -0.067849
v 0.019726 -0.156337 -0.079297
v 0.020650 -0.155596 -0.080195
v 0.019721 -0.153382 -0.074337
v 0.015369 -0.144869 -0.064028
v 0.005644 -0.146609 -0.059886
v 0.020258 -0.146022 -0.072438
v 0.019656 -0.147271 -0.069743
v 0.000011 -0.145121 -0.059540
v 0.010437 -0.144294 -0.061632
v 0.019957 -0.140253 -0.071031
v 0.019298 -0.140409 -0.068071
v 0.007867 -0.144418 -0.060639
v 0.014669 -0.144502 -0.063342
v 0.001427 -0.133344 -0.059252
v 0.000011 -0.144699 -0.059598
v 0.007774 -0.134368 -0.060624
v 0.020146 -0.135862 -0.071378
v 0.019322 -0.134609 -0.068670
v 0.015148 -0.134964 -0.064102
v 0.010508 -0.133976 -0.061580
v 0.015241 -0.134561 -0.064079
v 0.005272 -0.132048 -0.059801
v 0.000011 -0.134068 -0.059598
v 0.020261 -0.128087 -0.075524
v 0.019830 -0.123929 -0.073150
v 0.019724 -0.125366 -0.074346
v 0.000011 -0.117838 -0.068850
v 0.019780 -0.120421 -0.084343
v 0.000011 -0.111193 -0.083786
v 0.020355 -0.123498 -0.087976
v 0.019788 -0.119093 -0.088100
v 0.001322 -0.120707 -0.108009
v 0.019667 -0.125899 -0.099205
v 0.020309 -0.127640 -0.096350
v 0.014014 -0.125241 -0.105902
v 0.019972 -0.135384 -0.101106
v 0.019530 -0.135180 -0.104155
v 0.015148 -0.134964 -0.108538
v 0.010437 -0.134473 -0.111007
v 0.005326 -0.134170 -0.112528
v 0.000011 -0.134068 -0.113041
v 0.000011 -0.134068 -0.113041
v 0.007867 -0.134349 -0.112000
v 0.019208 -0.137340 -0.103923
v 0.019719 -0.129317 -0.102093
v 0.019726 -0.135803 -0.104318
v 0.019636 -0.136278 -0.068376
v 0.019208 -0.141427 -0.068717
v 0.019726 -0.135803 -0.068322
v 0.019612 -0.142619 -0.068354
v 0.019588 -0.142390 -0.104254
v 0.019726 -0.142963 -0.104318
v -0.007751 -0.144399 -0.112016
v -0.008084 -0.133879 -0.112177
v -0.019704 -0.142963 -0.104318
v -0.020123 -0.142905 -0.101261
v -0.019935 -0.138514 -0.101608
v -0.015125 -0.143803 -0.108538
v -0.014818 -0.136268 -0.108162
v -0.005346 -0.145144 -0.112598
v -0.010601 -0.145588 -0.111142
v -0.019641 -0.147307 -0.102889
v -0.015218 -0.144206 -0.108560
v -0.020238 -0.150680 -0.097115
v -0.019745 -0.153741 -0.099359
v -0.019702 -0.153401 -0.098293
v -0.019757 -0.158346 -0.088298
v -0.020333 -0.155269 -0.084663
v -0.019767 -0.159429 -0.081996
v -0.019645 -0.152868 -0.073435
v -0.020090 -0.147492 -0.073214
v -0.009112 -0.155988 -0.065224
v -0.015347 -0.144869 -0.064028
v -0.019539 -0.143008 -0.068303
v -0.010468 -0.144793 -0.061573
v -0.005304 -0.144597 -0.060112
v -0.019935 -0.140253 -0.071031
v -0.008084 -0.144887 -0.060462
v -0.014818 -0.142499 -0.064477
v -0.007751 -0.134368 -0.060624
v -0.019704 -0.135803 -0.068322
v -0.020123 -0.135862 -0.071378
v -0.015125 -0.134964 -0.064102
v -0.019641 -0.131460 -0.069750
v -0.010486 -0.133976 -0.061580
v -0.015218 -0.134561 -0.064079
v -0.005410 -0.132746 -0.059929
v -0.020238 -0.128087 -0.075524
v -0.019807 -0.123929 -0.073150
v -0.019702 -0.125366 -0.074346
v -0.019757 -0.120422 -0.084342
v -0.020333 -0.123498 -0.087977
v -0.019765 -0.119093 -0.088100
v -0.019645 -0.125899 -0.099205
v -0.020090 -0.131275 -0.099426
v -0.013991 -0.125241 -0.105902
v -0.005328 -0.133621 -0.112602
v -0.019539 -0.135759 -0.104336
v -0.010415 -0.134473 -0.111007
v -0.015125 -0.134964 -0.108538
v -0.015125 -0.134964 -0.108538
v -0.014485 -0.141906 -0.108050
v -0.019704 -0.135803 -0.104318
v -0.019697 -0.129317 -0.102093
v -0.019613 -0.136278 -0.068376
v -0.014485 -0.136861 -0.064589
v -0.015125 -0.143803 -0.064102
v -0.019704 -0.142963 -0.068322
v -0.019697 -0.149449 -0.070547
v -0.019613 -0.142489 -0.104263
v -0.003908 0.151550 -0.106923
v -0.003997 0.154878 -0.107655
v -0.003960 0.157549 -0.107801
v -0.003866 0.159882 -0.114896
v 0.002876 0.157620 -0.115383
v 0.004051 0.159542 -0.114560
v 0.004152 0.150506 -0.114353
v 0.004374 0.147339 -0.107945
v 0.004101 0.157291 -0.114319
v 0.004092 0.157419 -0.107838
v 0.003930 0.151550 -0.106923
v -0.002923 0.157491 -0.106716
v -0.002841 0.152233 -0.106364
v -0.002904 0.154878 -0.106562
v -0.002904 0.157489 -0.106731
v -0.002936 0.154700 -0.106363
v -0.004228 0.156063 -0.107421
v 0.002926 0.145038 -0.118077
v 0.002887 0.150193 -0.115267
v 0.004060 0.150706 -0.114232
v 0.004019 0.145038 -0.116984
v 0.002926 0.145038 -0.118077
v 0.004446 0.146599 -0.117524
v 0.002926 0.142083 -0.119062
v 0.002926 0.142083 -0.119062
v -0.004194 0.164025 -0.109601
v -0.003917 0.163981 -0.116183
v 0.003865 0.140156 -0.117582
v 0.002926 0.142083 -0.119062
v 0.004073 0.144408 -0.110061
v -0.004361 0.145038 -0.113705
v -0.003997 0.145038 -0.110426
v -0.004351 0.147338 -0.107945
v -0.004273 0.150324 -0.114323
v -0.003997 0.145038 -0.116984
v -0.003159 0.143516 -0.119212
v -0.003997 0.142083 -0.115783
v -0.004361 0.145038 -0.113705
v -0.003857 0.139854 -0.117616
v -0.004052 0.144395 -0.110134
v 0.005282 0.142361 -0.115487
v 0.003579 0.142960 -0.117725
v 0.004159 0.150263 -0.114238
v 0.004019 0.145038 -0.110426
v 0.004383 0.145038 -0.113705
v -0.004018 0.148682 -0.107434
v 0.004311 0.168859 -0.114490
v 0.004389 0.163884 -0.109416
v 0.003654 0.163906 -0.115979
v 0.002926 0.159631 -0.107239
v -0.002923 0.157601 -0.106711
v 0.002926 0.157489 -0.106731
v 0.002926 0.159631 -0.107239
v 0.002916 0.157466 -0.106745
v 0.004197 0.160537 -0.107997
v 0.004019 0.159631 -0.108332
v 0.004028 0.163145 -0.109384
v 0.002917 0.163079 -0.108296
v -0.002904 0.159631 -0.115984
v -0.002904 0.157489 -0.115476
v -0.002920 0.159624 -0.115638
v -0.003997 0.159631 -0.114891
v -0.003988 0.163145 -0.115942
v -0.002911 0.163090 -0.117038
v 0.004172 0.167615 -0.107250
v 0.002926 0.164772 -0.108301
v 0.003988 0.165051 -0.109419
v 0.004281 0.163120 -0.109099
v 0.004492 0.164737 -0.108888
v -0.002903 0.163957 -0.117037
v -0.002904 0.163141 -0.117030
v -0.002904 0.164772 -0.117046
v -0.002904 0.171576 -0.115306
v -0.002904 0.168605 -0.115568
v -0.002904 0.171576 -0.115306
v -0.002904 0.168605 -0.115568
v -0.004279 0.168901 -0.114458
v -0.004099 0.171765 -0.114291
v -0.002904 0.171576 -0.115306
v -0.003997 0.171576 -0.114213
v -0.003818 0.174445 -0.113438
v -0.002899 0.164727 -0.117041
v -0.003995 0.164711 -0.115941
v -0.003997 0.168605 -0.114475
v -0.002904 0.168605 -0.115568
v 0.004150 0.168469 -0.107108
v -0.004128 0.168469 -0.107108
v -0.004021 0.174324 -0.098977
v 0.004233 0.174859 -0.113843
v 0.004135 0.174011 -0.098753
v -0.004112 0.174011 -0.098753
v -0.003779 0.173589 -0.113413
v -0.004004 0.168862 -0.102089
v 0.004030 0.168265 -0.102503
v 0.004027 0.168862 -0.102090
v 0.004023 0.164629 -0.096914
v 0.004099 0.164300 -0.081910
v 0.003851 0.157665 -0.082944
v -0.004001 0.164629 -0.096914
v -0.004303 0.158827 -0.080722
v -0.004076 0.164300 -0.081910
v -0.003828 0.157664 -0.082944
v -0.002772 0.156362 -0.075982
v -0.004023 0.162632 -0.078809
v 0.003349 0.156012 -0.078150
v 0.004001 0.156827 -0.083142
v 0.004266 0.158925 -0.080778
v 0.003269 0.155789 -0.078225
v 0.004326 0.158827 -0.080722
v 0.002963 0.156794 -0.076209
v 0.001991 0.152499 -0.079700
v -0.003321 0.155778 -0.078259
v -0.003454 0.156486 -0.078402
v -0.004244 0.158925 -0.080778
v -0.003972 0.156937 -0.083106
v -0.002349 0.156371 -0.075367
v -0.003330 0.156841 -0.075962
v -0.002778 0.151745 -0.077544
v -0.001689 0.152256 -0.079728
v -0.002637 0.148156 -0.079246
v -0.002728 0.151666 -0.077543
v -0.001951 0.152832 -0.079638
v -0.002550 0.150017 -0.075573
v -0.003300 0.155492 -0.075713
v 0.002606 0.153531 -0.077599
v 0.003165 0.155829 -0.076101
v 0.002752 0.153781 -0.075836
v 0.003147 0.151775 -0.077635
v 0.002752 0.153781 -0.075836
v 0.002380 0.147265 -0.075891
v 0.002829 0.148549 -0.079213
v 0.002106 0.142518 -0.081466
v -0.002379 0.147559 -0.075883
v 0.002447 0.151641 -0.079282
v 0.002648 0.151257 -0.079493
v 0.002100 0.148941 -0.080581
v -0.002357 0.147265 -0.075891
v -0.002084 0.142518 -0.081466
v -0.002252 0.139234 -0.082320
v 0.001709 0.146262 -0.080218
v 0.001709 0.148311 -0.079739
v 0.002346 0.146122 -0.079684
v 0.002346 0.146122 -0.079684
v 0.002240 0.143373 -0.081359
v -0.002420 0.146862 -0.075644
v 0.001709 0.147354 -0.075451
v -0.001764 0.122068 -0.083248
v -0.002401 0.122324 -0.083806
v 0.002275 0.139233 -0.082320
v 0.003501 0.113175 -0.085169
v 0.002433 0.121879 -0.087404
v 0.002634 0.121479 -0.083947
v 0.001709 0.130677 -0.085138
v 0.001660 0.137844 -0.083322
v 0.001709 0.130677 -0.085138
v 0.001660 0.137844 -0.083322
v 0.002379 0.138920 -0.082387
v 0.002346 0.130538 -0.084604
v 0.002346 0.130538 -0.084604
v 0.002637 0.123682 -0.087490
v -0.002411 0.121879 -0.087403
v -0.002611 0.121479 -0.083947
v -0.003526 0.097683 -0.094155
v -0.003478 0.113175 -0.085169
v -0.002997 0.090777 -0.091269
v 0.003326 0.115206 -0.089597
v -0.002654 0.121925 -0.083478
v -0.003787 0.113522 -0.084282
v 0.003069 0.092154 -0.093123
v 0.002453 0.090990 -0.095315
v 0.003609 0.099037 -0.093835
v 0.003019 0.090777 -0.091269
v 0.003069 0.092154 -0.093123
v 0.003036 0.090344 -0.091095
v 0.002329 0.088641 -0.092523
v 0.002536 0.089934 -0.094049
v 0.002522 0.089972 -0.094047
v -0.002457 0.113495 -0.084234
v -0.003303 0.114017 -0.085049
v -0.003376 0.097943 -0.089184
v 0.002523 0.106617 -0.092720
v 0.003466 0.106410 -0.091930
v 0.002523 0.106617 -0.092720
v 0.003466 0.106410 -0.091930
v 0.002933 0.091182 -0.095797
v 0.002405 0.097662 -0.094886
v 0.002405 0.097662 -0.094886
v 0.001421 0.086557 -0.098912
v 0.002267 0.089009 -0.092652
v 0.001871 0.086560 -0.096709
v -0.002383 0.097662 -0.094886
v -0.003046 0.092154 -0.093123
v -0.002460 0.090778 -0.095422
v -0.002500 0.089972 -0.094047
v -0.003046 0.092154 -0.093123
v -0.002513 0.089934 -0.094049
v -0.002320 0.088582 -0.092642
v -0.002880 0.090777 -0.091151
v -0.001341 0.086491 -0.099586
v -0.001033 0.086449 -0.104353
v 0.001918 0.087871 -0.098772
v 0.002156 0.091532 -0.095811
v -0.002244 0.089009 -0.092652
v -0.001556 0.084511 -0.100643
v 0.001070 0.086369 -0.104372
v -0.001308 0.086034 -0.104780
v 0.001664 0.087072 -0.099251
v 0.002071 0.087361 -0.097180
v 0.001009 0.086557 -0.105314
v 0.001316 0.086760 -0.104788
v 0.001009 0.086557 -0.105314
v 0.001247 0.087538 -0.104716
v -0.001018 0.085582 -0.105414
v -0.002536 0.148498 -0.103705
v -0.001956 0.146151 -0.101026
v -0.003571 0.151523 -0.105764
v -0.002265 0.136908 -0.083291
v -0.001760 0.142198 -0.090777
v 0.001799 0.141650 -0.090734
v 0.002695 0.148866 -0.103575
v 0.002057 0.149794 -0.102463
v 0.002555 0.146149 -0.104035
v 0.002686 0.148888 -0.103578
v 0.002362 0.146909 -0.104059
v 0.003594 0.151523 -0.105764
v 0.002725 0.151383 -0.103455
v 0.001885 0.148671 -0.099693
v -0.001862 0.148654 -0.099693
v -0.002212 0.143177 -0.081312
v -0.002532 0.146150 -0.104035
v -0.002034 0.149794 -0.102462
v 0.002259 0.137057 -0.083369
v -0.001303 0.086953 -0.104795
v -0.001889 0.087835 -0.098812
v -0.000987 0.086557 -0.105314
v -0.002154 0.091592 -0.095785
v -0.001824 0.091226 -0.095914
v -0.002383 0.097662 -0.094886
v -0.001755 0.091133 -0.095841
v -0.002705 0.123655 -0.087704
v -0.003389 0.113505 -0.089993
v -0.002383 0.097662 -0.094886
v -0.003280 0.097447 -0.094142
v 0.002523 0.104965 -0.086400
v 0.003466 0.105172 -0.087190
v 0.003064 0.121368 -0.083136
v 0.002402 0.113907 -0.084323
v 0.002523 0.104965 -0.086400
v 0.002422 0.113819 -0.084291
v 0.003466 0.105172 -0.087190
v -0.001579 0.137446 -0.083256
v -0.002308 0.138596 -0.082336
v 0.001709 0.145059 -0.075928
v 0.002337 0.145256 -0.076473
v 0.001790 0.122035 -0.083243
v 0.002423 0.122324 -0.083806
v 0.001709 0.145146 -0.075947
v 0.002346 0.145285 -0.076481
v 0.002276 0.149625 -0.075881
v 0.001741 0.147262 -0.075368
v -0.001634 0.147971 -0.079680
v -0.002382 0.148478 -0.079253
v -0.001779 0.148510 -0.079796
v -0.001669 0.148302 -0.079725
v -0.001760 0.151616 -0.079851
v 0.003401 0.155529 -0.075649
v 0.002360 0.156310 -0.075374
v 0.003352 0.156841 -0.075962
v 0.004037 0.162465 -0.078756
v 0.004044 0.174320 -0.098883
v -0.004017 0.168050 -0.102520
v -0.004151 0.167575 -0.107231
v 0.003840 0.174440 -0.113425
v 0.002920 0.164712 -0.117039
v 0.004017 0.164711 -0.115941
v 0.002926 0.168605 -0.115568
v 0.004019 0.168605 -0.114475
v 0.002926 0.171576 -0.115306
v 0.004019 0.171576 -0.114213
v 0.004019 0.168605 -0.114475
v 0.002926 0.168605 -0.115568
v 0.002926 0.171576 -0.115306
v 0.004019 0.171576 -0.114213
v 0.002937 0.163061 -0.117043
v 0.004011 0.163145 -0.115942
v 0.004436 0.163189 -0.116384
v 0.004492 0.164807 -0.116459
v -0.002894 0.163075 -0.108296
v -0.004005 0.163145 -0.109384
v -0.002904 0.163141 -0.108286
v -0.002904 0.164772 -0.108301
v -0.002904 0.163957 -0.108293
v -0.003965 0.165051 -0.109419
v -0.002904 0.164772 -0.108301
v 0.002926 0.159631 -0.115984
v 0.002926 0.159631 -0.115984
v 0.002926 0.157489 -0.115476
v 0.004019 0.159631 -0.114891
v -0.003958 0.157346 -0.107842
v 0.004061 0.148277 -0.107490
v -0.002904 0.142083 -0.119062
v -0.002904 0.145038 -0.118077
v -0.003997 0.145038 -0.116984
v -0.004038 0.150706 -0.114232
v -0.002879 0.150311 -0.115281
v -0.002904 0.142083 -0.119062
v -0.002904 0.145038 -0.118077
v 0.004290 0.152431 -0.106400
v -0.002904 0.150506 -0.115306
v -0.002904 0.157615 -0.115391
v -0.002904 0.150506 -0.115306
v 0.002895 0.152282 -0.106351
v 0.002814 0.148436 -0.106971
v -0.002288 0.148224 -0.106843
v -0.002815 0.152403 -0.106396
v 0.002507 0.152660 -0.107711
v 0.003602 0.151802 -0.107965
v 0.002647 0.152654 -0.106831
v 0.003766 0.152582 -0.107556
v -0.003914 0.149140 -0.107582
v -0.004032 0.152156 -0.107032
v 0.003445 0.149567 -0.105926
v -0.003422 0.149567 -0.105926
v -0.002673 0.148866 -0.103575
v -0.002703 0.151348 -0.103459
v 0.002824 0.152244 -0.106335
v 0.004055 0.152156 -0.107032
v 0.002668 -0.101216 -0.103035
v 0.003557 -0.035105 -0.102563
v 0.017737 -0.035102 -0.094058
v 0.017670 -0.101220 -0.093985
v 0.017440 -0.101213 -0.093704
v 0.017659 -0.035110 -0.093803
v 0.020948 -0.101216 -0.079441
v 0.020476 -0.035105 -0.078552
v 0.017073 -0.035104 -0.070698
v 0.017162 -0.101215 -0.070638
v 0.017162 -0.101215 -0.070638
v 0.017073 -0.035104 -0.070698
v 0.011974 -0.035105 -0.065120
v 0.011177 -0.101216 -0.064457
v -0.001460 -0.035106 -0.061154
v -0.000506 -0.101216 -0.061227
v -0.014990 -0.101220 -0.066995
v -0.014696 -0.035103 -0.067345
v -0.014818 -0.101213 -0.067315
v -0.015014 -0.035110 -0.067175
v -0.019915 -0.101215 -0.076431
v -0.020979 -0.035107 -0.085628
v -0.020005 -0.101216 -0.088789
v -0.011589 -0.035103 -0.099401
v -0.011573 -0.101218 -0.099399
v -0.011595 -0.101213 -0.099527
v -0.011694 -0.035110 -0.099746
v -0.002339 -0.166129 -0.138505
v 0.002056 -0.166129 -0.138493
v -0.003473 -0.168281 -0.138277
v 0.002374 -0.167708 -0.139060
v 0.003504 -0.172352 -0.135562
v -0.003485 -0.172904 -0.134295
v 0.003530 -0.172760 -0.127695
v -0.002482 -0.168879 -0.124089
v 0.002477 -0.168639 -0.124119
v -0.002033 -0.166129 -0.124809
v 0.002056 -0.166129 -0.124809
v -0.002339 -0.164658 -0.124257
v 0.002374 -0.164550 -0.124242
v -0.003473 -0.163977 -0.125025
v -0.003485 -0.159354 -0.129006
v 0.003495 -0.158996 -0.131615
v -0.002482 -0.163378 -0.139213
v 0.003476 -0.164015 -0.138263
v 0.002362 -0.164658 -0.139045
v -0.002339 -0.167599 -0.139045
v -0.003929 -0.166878 -0.130438
v -0.001926 -0.166129 -0.138550
v -0.003550 -0.167923 -0.138203
v 0.003122 -0.166129 -0.137730
v 0.003094 -0.166323 -0.138219
v 0.003994 -0.169930 -0.134117
v -0.003981 -0.170441 -0.133347
v 0.003471 -0.167377 -0.138164
v 0.003694 -0.172697 -0.135528
v -0.003604 -0.173167 -0.134291
v 0.003901 -0.170118 -0.134158
v -0.003917 -0.170369 -0.133389
v -0.003460 -0.172538 -0.129047
v -0.003926 -0.170308 -0.129926
v 0.003939 -0.169843 -0.129149
v -0.003596 -0.173134 -0.129011
v -0.003940 -0.170326 -0.129935
v 0.003708 -0.172749 -0.127774
v 0.004136 -0.170417 -0.129429
v -0.003436 -0.167380 -0.125136
v -0.003094 -0.166792 -0.125124
v 0.003463 -0.167298 -0.125149
v 0.003011 -0.166132 -0.125098
v -0.003100 -0.166129 -0.125571
v 0.003122 -0.166129 -0.125571
v 0.003684 -0.160189 -0.127241
v -0.003671 -0.163492 -0.125276
v 0.003509 -0.163783 -0.125006
v -0.003604 -0.159091 -0.129011
v -0.003939 -0.161933 -0.129935
v -0.003917 -0.161888 -0.129912
v 0.003504 -0.159263 -0.132369
v -0.003460 -0.159720 -0.134255
v -0.003926 -0.161950 -0.133375
v 0.003629 -0.161664 -0.137149
v -0.003596 -0.159123 -0.134291
v -0.003956 -0.161823 -0.133362
v -0.003436 -0.164877 -0.138166
v -0.003269 -0.164877 -0.138142
v -0.003929 -0.166129 -0.132714
v -0.008207 -0.166129 -0.132714
v 0.003952 -0.167352 -0.132119
v 0.003952 -0.166366 -0.130452
v 0.003952 -0.164905 -0.131182
v 0.003952 -0.165892 -0.132850
v -0.003929 -0.167352 -0.132119
v -0.003929 -0.166366 -0.130452
v -0.003929 -0.164905 -0.131182
v -0.003929 -0.165892 -0.132850
v 0.008230 -0.165892 -0.132850
v 0.008230 -0.164905 -0.131182
v 0.008230 -0.166366 -0.130452
v 0.008230 -0.167352 -0.132119
v -0.008207 -0.166285 -0.132863
v -0.008207 -0.167352 -0.131183
v -0.008207 -0.165810 -0.130453
v -0.008207 -0.164955 -0.132056
v 0.003952 -0.165380 -0.130438
v 0.008230 -0.165729 -0.130481
v 0.008230 -0.165380 -0.132864
v -0.008207 -0.166528 -0.130481
v 0.003952 -0.165729 -0.132821
v 0.003952 -0.166129 -0.132714
v 0.008230 -0.166129 -0.132714
v -0.003929 -0.166129 -0.130587
v -0.008207 -0.166129 -0.130587
v 0.003952 -0.166878 -0.132864
v 0.008230 -0.166529 -0.132821
v -0.003929 -0.165729 -0.130481
v -0.008207 -0.165380 -0.130438
v 0.008230 -0.166878 -0.130438
v -0.003929 -0.165380 -0.132864
v 0.003952 -0.166528 -0.130481
v -0.008207 -0.165729 -0.132821
v -0.003929 -0.166529 -0.132821
v -0.008207 -0.166878 -0.132864
v 0.003952 -0.166129 -0.130587
v 0.008230 -0.166129 -0.130587
v 0.004560 -0.167120 -0.128254
v 0.004081 -0.162628 -0.133280
v 0.004107 -0.165549 -0.134578
v 0.004586 -0.169218 -0.130491
v -0.004537 -0.167120 -0.128254
v -0.004564 -0.169218 -0.130491
v -0.004085 -0.165549 -0.134578
v -0.004058 -0.162628 -0.133280
vn 0.5590 0.1898 -0.8072
vn 0.1125 0.1898 -0.9754
vn -0.3007 0.1898 -0.9346
vn -0.6942 0.1898 -0.6943
vn -0.9347 0.1898 -0.3006
vn -0.9771 0.1898 0.0963
vn -0.8581 0.1898 0.4772
vn -0.5454 0.1898 0.8164
vn -0.1125 0.1898 0.9754
vn 0.2851 0.1898 0.9395
vn 0.6355 0.1898 0.7484
vn 0.9008 0.1898 0.3907
vn 0.9818 0.1898 -0.0001
vn 0.8940 0.1898 -0.4058
vn 0.8939 -0.1898 -0.4061
vn 0.9753 -0.1898 0.1129
vn 0.7590 -0.1898 0.6228
vn 0.3009 -0.1898 0.9346
vn -0.1916 -0.1898 0.9630
vn -0.6229 -0.1898 0.7589
vn -0.9133 -0.1898 0.3604
vn -0.9660 -0.1898 -0.1755
vn -0.7483 -0.1898 -0.6357
vn -0.2531 -0.1898 -0.9486
vn 0.4480 -0.1898 -0.8737
vn 0.3874 -0.1863 0.9029
vn -0.0001 -0.1859 0.9826
vn -0.3874 -0.1863 0.9029
vn -0.2563 -0.1863 -0.9485
vn 0.1481 -0.1863 -0.9713
vn 0.5699 -0.1889 -0.7997
vn 0.8376 -0.1914 -0.5117
vn 0.9574 -0.1926 -0.2151
vn 0.9787 -0.1926 0.0713
vn 0.9123 -0.1914 0.3621
vn 0.7261 -0.1889 0.6612
vn -0.7262 -0.1889 0.6611
vn -0.9123 -0.1914 0.3619
vn -0.9787 -0.1926 0.0713
vn -0.9574 -0.1926 -0.2152
vn -0.8375 -0.1914 -0.5118
vn -0.5871 -0.1889 -0.7872
vn 0.0614 0.9737 -0.2196
vn -0.1407 0.9847 -0.1027
vn -0.0578 0.9773 0.2037
vn 0.1668 0.9786 0.1203
vn -0.1123 -0.1908 -0.9752
vn 0.2850 -0.1898 -0.9396
vn 0.6228 -0.1898 -0.7590
vn 0.8659 -0.1898 -0.4628
vn 0.9783 -0.1922 -0.0772
vn 0.9042 -0.1986 0.3781
vn 0.6312 -0.2207 0.7435
vn -0.0577 -0.9534 -0.2961
vn -0.4884 -0.4018 -0.7746
vn -0.7231 -0.2334 0.6501
vn -0.9373 -0.1919 0.2910
vn -0.9771 -0.1898 -0.0963
vn -0.8580 -0.1898 -0.4773
vn -0.5454 -0.1898 -0.8164
vn -0.1950 0.0199 -0.9806
vn 0.0001 0.0199 -0.9998
vn 0.1951 0.0199 -0.9806
vn 0.3827 0.0199 -0.9237
vn 0.5555 0.0199 -0.8313
vn 0.7070 0.0199 -0.7069
vn 0.8314 0.0199 -0.5554
vn 0.9237 0.0199 -0.3825
vn 0.9806 0.0199 -0.1950
vn 0.9998 0.0199 0.0001
vn 0.9806 0.0199 0.1951
vn 0.9237 0.0199 0.3827
vn 0.8313 0.0199 0.5555
vn 0.7069 0.0199 0.7070
vn 0.5554 0.0199 0.8313
vn 0.3825 0.0199 0.9237
vn 0.1950 0.0199 0.9806
vn -0.0001 0.0199 0.9998
vn -0.1951 0.0199 0.9806
vn -0.3827 0.0199 0.9237
vn -0.5555 0.0199 0.8313
vn -0.7070 0.0199 0.7069
vn -0.8313 0.0199 0.5554
vn -0.9237 0.0199 0.3825
vn -0.9806 0.0199 0.1950
vn -0.9998 0.0199 -0.0001
vn -0.9806 0.0199 -0.1951
vn -0.9237 0.0199 -0.3827
vn -0.8313 0.0199 -0.5555
vn -0.7069 0.0199 -0.7070
vn -0.5554 0.0199 -0.8313
vn -0.3825 0.0199 -0.9237
vn 0.1120 0.9795 0.1672
vn -0.0229 0.8931 -0.4492
vn 0.0012 0.9765 -0.2156
vn -0.2628 0.8944 0.3620
vn 0.7412 0.1176 -0.6609
vn -0.3904 0.1124 -0.9138
vn 0.6785 0.1110 -0.7261
vn -0.3762 0.1170 -0.9191
vn 0.8186 0.1185 0.5619
vn 0.8182 0.1100 -0.5643
vn 0.8558 0.1098 0.5055
vn 0.7964 0.1183 -0.5931
vn -0.5018 0.1185 0.8568
vn 0.6189 0.1102 0.7777
vn -0.4467 0.1098 0.8879
vn 0.6486 0.1184 0.7519
vn -0.8099 0.2045 0.5497
vn -0.8333 0.1247 0.5386
vn -0.9650 0.2622 0.0095
vn -0.7260 0.1239 -0.6764
vn -0.9836 0.1152 0.1390
vn -0.5428 0.2140 0.8122
vn -0.2849 0.1898 0.9396
vn -0.6907 0.2140 -0.6908
vn -0.6229 0.1898 -0.7589
vn -0.8659 0.1898 -0.4628
vn 0.8895 0.2140 -0.4036
vn 0.9441 0.1898 -0.2695
vn 0.8164 0.1898 -0.5455
vn -0.9721 0.2140 0.0957
vn -0.9771 0.1898 -0.0962
vn -0.9395 0.1898 0.2851
vn 0.1121 0.2140 -0.9704
vn 0.5563 0.2140 -0.8030
vn 0.3005 0.1898 -0.9347
vn -0.7691 0.1898 0.6103
vn 0.2835 0.2140 0.9348
vn -0.1121 0.2140 0.9704
vn 0.0001 0.1898 0.9818
vn 0.3006 0.1898 0.9347
vn -0.9299 0.2140 -0.2992
vn 0.6101 0.1898 -0.7692
vn 0.8962 0.2140 0.3887
vn 0.6322 0.2140 0.7447
vn 0.6229 0.1898 0.7589
vn 0.8659 0.1898 0.4628
vn -0.8537 0.2140 0.4748
vn -0.2991 0.2140 -0.9299
vn -0.3006 0.1898 -0.9347
vn 0.9768 0.2140 0.0001
vn 0.9771 0.1898 0.0961
vn -0.0001 0.1898 -0.9818
vn -0.6264 -0.1576 -0.7634
vn -0.2987 -0.1617 -0.9405
vn -0.4497 -0.1758 -0.8757
vn 0.8668 -0.0161 0.4984
vn 0.1443 0.0206 0.9893
vn 0.9218 -0.3523 0.1619
vn -0.5341 0.0604 -0.8433
vn 0.5513 0.1818 -0.8142
vn 0.2595 -0.0972 -0.9608
vn -0.5219 -0.1596 -0.8379
vn -0.9797 0.0722 -0.1871
vn -0.2577 0.0860 -0.9624
vn -0.8593 -0.0535 -0.5087
vn -0.1995 0.0788 0.9767
vn -0.6247 -0.2256 -0.7476
vn 0.9620 -0.1915 -0.1947
vn -0.8652 0.1338 0.4833
vn -0.8168 -0.0838 0.5708
vn 0.7277 0.1187 -0.6756
vn 0.9888 0.0036 -0.1490
vn 0.8295 -0.2752 -0.4861
vn 0.9896 0.0148 0.1434
vn -0.7059 -0.0037 0.7083
vn -0.9681 0.0790 0.2376
vn 0.4828 -0.8757 0.0091
vn 0.7567 -0.0979 0.6464
vn 0.8127 0.3265 0.4826
vn -0.0001 -0.1616 0.9869
vn -0.2831 -0.1629 0.9451
vn 0.0156 -0.1806 0.9834
vn 0.0155 -0.1806 -0.9834
vn -0.4490 -0.1782 0.8756
vn 0.6191 -0.1639 -0.7680
vn 0.8147 -0.1687 -0.5549
vn 0.9023 -0.1801 -0.3917
vn 0.5471 -0.1789 -0.8177
vn 0.0001 -0.1616 -0.9869
vn -0.5505 -0.1599 0.8194
vn 0.9499 -0.1614 -0.2675
vn -0.7745 -0.1588 0.6124
vn -0.7632 -0.1763 0.6217
vn 0.9826 -0.1583 0.0968
vn 0.9810 -0.1759 0.0816
vn -0.9457 -0.1594 0.2834
vn -0.9478 -0.1745 0.2667
vn 0.8691 -0.1594 0.4683
vn 0.8588 -0.1745 0.4816
vn -0.9826 -0.1626 -0.0902
vn -0.9656 -0.1773 -0.1904
vn 0.6310 -0.1626 0.7586
vn 0.5352 -0.1779 0.8258
vn -0.8718 -0.1604 -0.4629
vn -0.7712 -0.1758 -0.6118
vn 0.3014 -0.1656 0.9390
vn 0.3015 -0.1656 -0.9390
vn -0.9760 -0.0214 -0.2166
vn -0.9831 -0.1344 0.1245
vn -0.9928 -0.0984 -0.0684
vn 0.8433 -0.1314 0.5211
vn 0.8849 -0.0644 -0.4612
vn 0.8652 -0.0617 0.4976
vn 0.7975 -0.1506 -0.5843
vn -0.1661 -0.2085 0.9638
vn 0.1823 -0.0621 0.9813
vn 0.9526 -0.2611 0.1559
vn -0.9818 -0.1533 0.1125
vn -0.0897 -0.1255 0.9880
vn -0.3844 -0.1828 -0.9049
vn 0.4278 -0.9031 -0.0368
vn 0.9269 -0.0316 -0.3741
vn 0.0381 -0.0054 -0.9993
vn 0.2279 -0.0072 -0.9737
vn 0.4592 -0.2065 -0.8640
vn -0.8594 -0.2581 -0.4414
vn 0.2676 -0.1588 0.9504
vn -0.8344 -0.1827 0.5199
vn 0.9786 -0.1898 0.0799
vn 0.8580 -0.1898 0.4773
vn 0.8122 -0.2140 0.5427
vn 0.9721 -0.2140 0.0957
vn -0.9442 -0.1898 0.2692
vn -0.9630 -0.1898 -0.1916
vn -0.9736 -0.2140 -0.0794
vn -0.9025 -0.2140 0.3739
vn 0.5317 -0.1898 0.8254
vn -0.8615 -0.2140 -0.4604
vn 0.4749 -0.2140 0.8536
vn -0.7692 -0.1898 -0.6101
vn -0.6197 -0.2140 -0.7551
vn 0.0164 -0.1898 0.9817
vn 0.0958 -0.2140 0.9721
vn 0.0165 -0.1898 -0.9817
vn 0.5455 -0.1898 -0.8163
vn 0.5562 -0.2140 -0.8030
vn 0.1120 -0.2140 -0.9704
vn -0.4482 -0.1898 -0.8736
vn -0.2835 -0.2140 -0.9348
vn -0.2835 -0.2140 0.9348
vn -0.4483 -0.1898 0.8735
vn 0.9007 -0.1898 -0.3908
vn 0.8961 -0.2140 -0.3889
vn -0.6322 -0.2140 0.7447
vn -0.7590 -0.1898 0.6228
vn 0.0958 0.2140 -0.9721
vn 0.4605 0.2140 -0.8615
vn 0.5590 0.1898 -0.8071
vn -0.0153 -0.1248 0.9921
vn 0.3099 -0.2447 0.9187
vn 0.0547 0.3642 0.9297
vn -0.0060 0.1140 0.9935
vn -0.2173 -0.9743 -0.0598
vn -0.9981 -0.0608 0.0084
vn -0.9379 0.1281 0.3224
vn 0.3445 -0.1365 0.9288
vn 0.2965 -0.2590 -0.9193
vn 0.0620 -0.1138 -0.9916
vn 0.0368 0.1182 -0.9923
vn 0.2010 0.2661 -0.9428
vn 0.4663 -0.1206 -0.8763
vn 0.4348 0.1113 -0.8936
vn 0.1885 0.0852 0.9784
vn 0.7209 -0.1611 0.6741
vn 0.7841 0.1482 -0.6027
vn 0.8875 0.0637 0.4564
vn -0.9910 -0.0581 -0.1206
vn -0.8863 0.1228 -0.4466
vn 0.9005 -0.0758 -0.4281
vn -0.6196 0.2140 -0.7552
vn -0.2835 0.2140 -0.9348
vn -0.3008 0.1898 -0.9346
vn -0.6943 0.1898 -0.6942
vn 0.0957 0.2140 0.9721
vn -0.2836 0.2140 0.9348
vn -0.2850 0.1898 0.9396
vn 0.1126 0.1898 0.9753
vn 0.7552 0.2140 -0.6196
vn 0.9007 0.1898 -0.3909
vn -0.6197 0.2140 0.7551
vn -0.6228 0.1898 0.7590
vn 0.9394 0.2140 -0.2678
vn -0.8691 0.2140 0.4460
vn -0.8659 0.1898 0.4629
vn 0.9581 0.2140 0.1906
vn 0.9786 0.1898 0.0798
vn -0.9768 0.2140 -0.0000
vn 0.8581 0.1898 0.4772
vn 0.7653 0.2140 0.6070
vn 0.5455 0.1898 0.8163
vn -0.8691 0.2140 -0.4460
vn 0.4604 0.2140 0.8615
vn 0.9063 -0.1461 -0.3966
vn 0.9860 -0.1476 0.0778
vn 0.9640 -0.1642 -0.2091
vn -0.7183 0.0503 -0.6939
vn 0.3532 0.0372 -0.9348
vn 0.0212 -0.0118 -0.9997
vn 0.0813 -0.0065 0.9967
vn -0.9004 0.1021 0.4229
vn -0.2856 -0.0590 0.9565
vn -0.6594 0.7506 0.0411
vn 0.9994 -0.0326 -0.0069
vn 0.7420 0.0442 -0.6689
vn -0.6122 -0.1942 0.7665
vn -0.6167 0.0909 0.7820
vn -0.9584 0.0617 -0.2786
vn -0.9950 -0.0640 0.0771
vn -0.6696 -0.1231 0.7324
vn 0.6501 0.1263 0.7493
vn 0.7063 -0.1080 0.6996
vn -0.4701 -0.0276 -0.8822
vn 0.9306 0.3645 0.0326
vn 0.8055 0.0283 0.5920
vn -0.1932 0.2243 -0.9552
vn 0.8964 -0.0328 -0.4420
vn 0.9620 0.2235 -0.1567
vn -0.7483 -0.2050 -0.6309
vn 0.9486 -0.1658 0.2696
vn -0.8745 -0.1518 0.4607
vn -0.9831 -0.1519 0.1026
vn -0.9859 -0.1676 0.0026
vn -0.8210 -0.1679 0.5456
vn 0.8640 -0.1459 0.4820
vn 0.7599 -0.1620 0.6295
vn -0.9409 -0.1503 -0.3035
vn 0.5474 -0.1450 0.8242
vn -0.8291 -0.1644 -0.5344
vn 0.4541 -0.1592 0.8766
vn -0.6995 -0.1458 -0.6996
vn 0.1147 -0.1459 -0.9826
vn 0.3060 -0.1626 -0.9380
vn -0.0967 -0.1654 -0.9815
vn 0.1130 -0.1495 0.9823
vn 0.0823 -0.1614 0.9834
vn 0.5646 -0.1441 -0.8127
vn -0.4832 -0.1626 -0.8603
vn 0.7134 -0.1605 -0.6821
vn -0.3040 -0.1459 -0.9414
vn -0.2814 -0.1519 0.9475
vn -0.3884 -0.1667 0.9063
vn -0.6271 -0.1521 0.7640
vn 0.6942 -0.1898 0.6943
vn 0.3006 -0.1898 0.9347
vn 0.1906 -0.2140 0.9581
vn 0.7446 -0.2140 0.6322
vn -0.2118 -0.8168 -0.5367
vn -0.4036 -0.0172 -0.9148
vn -0.9977 -0.0453 0.0505
vn -0.0073 -0.7340 -0.6791
vn 0.0278 0.0827 0.9962
vn 0.9668 -0.2009 -0.1582
vn -0.4135 -0.9025 -0.1202
vn 0.4321 0.0081 -0.9018
vn -0.6295 -0.0398 -0.7760
vn -0.9758 0.0052 -0.2188
vn 0.7780 -0.3599 0.5149
vn -0.2879 0.1619 -0.9439
vn 0.2665 -0.0200 -0.9636
vn -0.7540 -0.4027 -0.5189
vn 0.8092 -0.1422 0.5700
vn 0.9139 -0.0655 -0.4006
vn 0.8353 -0.0701 0.5453
vn 0.8117 -0.1752 -0.5572
vn -0.9678 -0.1276 -0.2168
vn -0.5705 -0.1561 0.8064
vn -0.0962 -0.1898 -0.9771
vn 0.3008 -0.1898 -0.9346
vn 0.0957 -0.2140 -0.9721
vn 0.5562 -0.2140 -0.8031
vn -0.8253 -0.1898 -0.5318
vn -0.4772 -0.1898 -0.8581
vn -0.3738 -0.2140 -0.9025
vn -0.7551 -0.2140 -0.6197
vn -0.0963 -0.1898 0.9771
vn 0.7058 -0.1898 -0.6825
vn -0.4605 -0.2140 0.8615
vn -0.4773 -0.1898 0.8580
vn 0.9596 -0.1898 -0.2076
vn -0.8254 -0.1898 0.5317
vn -0.8960 -0.2140 0.3891
vn 0.9704 -0.2140 0.1122
vn 0.9395 -0.1898 0.2851
vn -0.9818 -0.1898 -0.0001
vn -0.9611 -0.2140 -0.1745
vn 0.3911 -0.0938 -0.9155
vn 0.2469 -0.3554 -0.9015
vn -0.6246 -0.1318 -0.7698
vn 0.7288 -0.1722 -0.6627
vn 0.8162 -0.2214 -0.5337
vn 0.5306 -0.1055 0.8410
vn -0.8037 -0.1602 0.5731
vn 0.1799 -0.1680 0.9692
vn -0.8112 -0.1789 0.5568
vn -0.9147 -0.4040 0.0116
vn -0.5607 -0.1556 0.8132
vn 0.7691 -0.1281 0.6261
vn 0.7999 -0.1063 0.5906
vn 0.7995 -0.1415 -0.5838
vn 0.8768 -0.1012 -0.4701
vn -0.5427 -0.1245 -0.8307
vn -0.1275 0.2914 0.9481
vn 0.6961 -0.2350 0.6784
vn -0.9937 -0.0824 0.0763
vn -0.3812 -0.1198 -0.9167
vn 0.3056 0.0103 -0.9521
vn 0.7852 -0.1200 -0.6075
vn 0.7007 0.0192 -0.7132
vn 0.6130 -0.1166 -0.7815
vn 0.9829 0.0391 -0.1801
vn 0.9730 -0.2267 -0.0440
vn 0.9847 0.0547 0.1654
vn 0.6230 -0.1199 0.7730
vn 0.8619 0.0650 0.5029
vn 0.7161 -0.1945 0.6703
vn 0.7398 0.0764 0.6684
vn 0.2865 0.1006 0.9528
vn 0.2402 -0.2288 0.9434
vn -0.4551 0.0629 0.8882
vn -0.6898 -0.1085 0.7158
vn -0.5507 -0.1142 0.8268
vn -0.6495 0.0525 0.7585
vn -0.9093 0.0626 0.4115
vn -0.9940 0.0491 0.0975
vn -0.9695 -0.2438 0.0265
vn -0.8836 0.0244 -0.4676
vn -0.4765 -0.1233 -0.8705
vn -0.6008 0.0193 -0.7992
vn -0.8561 0.0882 0.5093
vn -0.7076 0.0875 0.7012
vn -0.5062 0.0999 0.8566
vn -0.8121 0.0879 0.5768
vn -0.0941 0.0067 -0.9955
vn -0.9420 0.0526 0.3316
vn -0.9325 0.0466 0.3580
vn -0.5246 0.1193 0.8429
vn -0.7858 0.0169 -0.6182
vn 0.9936 0.0324 -0.1085
vn 0.9938 0.0630 0.0918
vn -0.3433 0.0960 0.9343
vn 0.1139 0.0972 0.9887
vn 0.2642 0.1081 0.9584
vn -0.9584 0.0372 -0.2831
vn 0.7963 0.0052 -0.6049
vn 0.5340 0.0921 0.8404
vn 0.7675 0.0813 0.6359
vn 0.6984 0.1034 0.7082
vn -0.1454 0.0016 -0.9894
vn -0.9787 0.1927 -0.0713
vn -0.9574 0.1924 0.2152
vn -0.9740 0.2140 -0.0741
vn 0.9767 0.2117 -0.0360
vn -0.9671 0.2529 0.0264
vn 0.6638 0.1203 0.7382
vn -0.4729 0.1236 -0.8724
vn -0.4232 0.1286 -0.8968
vn 0.8160 0.1304 -0.5632
vn 0.3816 0.0635 0.9221
vn -0.2327 0.0631 0.9705
vn 0.5820 0.1062 0.8063
vn -0.4642 0.1083 0.8791
vn 0.6125 0.1175 -0.7817
vn 0.8281 0.1907 0.5271
vn 0.9575 0.1923 0.2151
vn 0.9166 0.2149 0.3372
vn 0.7213 0.2180 0.6574
vn -0.9123 0.1916 -0.3619
vn 0.4640 0.1876 0.8658
vn -0.8369 0.2162 -0.5028
vn 0.3441 0.2231 0.9121
vn 0.3470 0.1871 -0.9190
vn -0.2438 0.1864 -0.9517
vn 0.1056 0.2242 -0.9688
vn -0.7125 0.1894 -0.6756
vn 0.5656 0.2210 -0.7945
vn -0.4602 0.2208 -0.8599
vn -0.1065 0.1860 0.9768
vn -0.2416 0.2233 0.9443
vn 0.7259 0.1898 -0.6611
vn 0.8461 0.2167 -0.4870
vn -0.5698 0.1885 0.7999
vn 0.9122 0.1919 -0.3621
vn -0.7078 0.2187 0.6717
vn 0.9740 0.2141 -0.0740
vn -0.8376 0.1910 0.5118
vn 0.9787 0.1927 -0.0715
vn -0.9165 0.2152 0.3371
vn -0.6813 0.2224 -0.6974
vn -0.2923 0.0207 -0.9561
vn 0.7658 0.3258 -0.5545
vn -0.9887 -0.0281 -0.1470
vn 0.7336 0.6777 -0.0505
vn -0.4957 -0.0361 -0.8677
vn 0.6687 0.1349 0.7312
vn -0.4300 0.0905 0.8983
vn 0.5099 0.0545 0.8585
vn -0.3794 0.1263 0.9166
vn 0.5880 0.0522 -0.8072
vn 0.1769 0.2815 -0.9431
vn 0.9327 -0.0593 0.3558
vn 0.8269 -0.0989 -0.5536
vn -0.9258 0.1544 -0.3452
vn -0.6245 0.1583 0.7648
vn -0.9936 -0.0261 0.1095
vn 0.1137 0.5079 0.8539
vn -0.5694 0.1854 -0.8008
vn -0.1555 0.1713 -0.9729
vn 0.9739 0.1991 -0.1093
vn 0.8641 0.1860 -0.4677
vn -0.9600 0.1912 0.2044
vn 0.3624 0.1860 0.9133
vn 0.6954 0.1566 0.7013
vn -0.0946 0.1689 0.9811
vn -0.7038 0.0958 0.7039
vn -0.5530 0.0958 0.8277
vn 0.3805 0.0993 0.9194
vn 0.0748 0.1023 0.9919
vn 0.0882 -0.2815 0.9555
vn 0.3676 -0.2764 0.8880
vn -0.7039 0.0958 -0.7038
vn -0.8277 0.0958 -0.5530
vn -0.9951 0.0060 -0.0985
vn -0.8758 0.0090 -0.4826
vn -0.9559 -0.0424 -0.2905
vn 0.9763 0.0958 0.1941
vn 0.9954 0.0958 -0.0001
vn -0.1941 0.0958 0.9763
vn 0.0001 0.0958 0.9954
vn -0.9763 0.0958 -0.1941
vn -0.9954 0.0958 0.0001
vn 0.9919 0.0433 0.1195
vn 0.5176 0.0204 0.8554
vn 0.9494 0.0188 0.3136
vn 0.8313 0.0199 -0.5554
vn 0.9196 0.0958 -0.3810
vn 0.8276 0.0958 -0.5531
vn 0.1941 0.0958 -0.9763
vn -0.0001 0.0958 -0.9954
vn -0.1508 0.0205 -0.9883
vn -0.4988 -0.4171 -0.7598
vn -0.7610 0.0163 -0.6485
vn 0.3810 0.0958 0.9196
vn 0.5531 0.0958 0.8276
vn -0.5697 0.0166 0.8217
vn -0.8750 0.0104 0.4840
vn -0.4909 -0.6283 0.6036
vn -0.9196 0.0958 0.3810
vn -0.8276 0.0958 0.5531
vn -0.3810 0.0958 -0.9196
vn -0.5531 0.0958 -0.8276
vn 0.6352 0.1012 -0.7657
vn 0.9419 -0.2067 -0.2648
vn 0.5931 -0.2795 -0.7551
vn 0.5530 0.0958 -0.8277
vn 0.3809 0.0958 -0.9197
vn -0.9540 0.0079 0.2998
vn -0.9943 -0.0424 0.0974
vn 0.8277 0.0958 0.5530
vn 0.9197 0.0958 0.3809
vn -0.3809 0.0958 0.9197
vn 0.9504 0.1054 -0.2926
vn 0.9888 -0.1227 -0.0849
vn 0.9119 -0.2767 -0.3032
vn -0.9197 0.0958 -0.3809
vn 0.9763 0.0958 -0.1942
vn -0.3093 0.1067 0.9450
vn -0.9219 0.0786 0.3793
vn -0.7699 -0.1263 0.6256
vn -0.2765 -0.2850 0.9178
vn 0.1942 0.0958 0.9763
vn 0.7513 -0.4176 0.5111
vn 0.2946 0.1042 -0.9499
vn 0.2638 -0.2828 -0.9222
vn 0.7038 0.0958 -0.7039
vn -0.1943 0.0958 -0.9763
vn 0.7039 0.0958 0.7038
vn 0.6400 0.1007 0.7617
vn 0.6292 -0.2767 0.7263
vn 0.5473 0.0622 -0.8346
vn -0.1059 0.1055 -0.9888
vn -0.1251 -0.2864 -0.9499
vn 0.9805 0.0623 0.1863
vn -0.9763 0.0958 0.1943
vn 0.5242 -0.3064 0.7946
vn 0.3699 -0.3057 0.8774
vn -0.0298 -0.9814 0.1898
vn 0.1723 -0.9818 0.0797
vn -0.8169 -0.0032 -0.5768
vn -0.7361 -0.2928 -0.6103
vn 0.6710 -0.2777 0.6875
vn 0.7984 -0.1981 0.5687
vn -0.9590 -0.2831 0.0105
vn -0.9642 -0.2085 -0.1637
vn -0.1687 -0.9831 -0.0706
vn -0.9417 -0.2857 0.1779
vn -0.1555 -0.9830 0.0979
vn -0.9117 -0.2164 0.3492
vn 0.9605 -0.2780 -0.0115
vn 0.9664 -0.1989 0.1627
vn 0.9565 -0.2495 -0.1514
vn 0.1667 -0.9831 -0.0756
vn -0.3790 -0.2751 -0.8836
vn -0.2205 -0.1934 -0.9560
vn 0.0007 -0.9815 -0.1916
vn -0.5317 -0.2977 -0.7929
vn 0.6704 -0.2864 -0.6845
vn 0.7971 -0.2148 -0.5644
vn 0.5322 -0.2989 -0.7921
vn -0.7975 -0.2086 -0.5661
vn -0.6706 -0.2832 -0.6856
vn 0.3791 -0.2751 -0.8835
vn 0.1992 -0.2758 0.9403
vn 0.0298 -0.1943 0.9805
vn 0.2206 -0.1934 -0.9560
vn -0.0957 -0.2236 -0.9700
vn -0.4748 -0.2225 -0.8515
vn -0.8193 -0.2224 -0.5285
vn -0.9749 -0.2220 -0.0155
vn -0.8600 -0.2222 0.4594
vn -0.5425 -0.2228 0.8100
vn -0.1115 -0.2235 0.9683
vn 0.2843 -0.2224 0.9326
vn 0.6177 -0.2223 0.7544
vn 0.8596 -0.2233 0.4596
vn 0.9717 -0.2227 0.0782
vn 0.9008 -0.2222 -0.3731
vn 0.6315 -0.2221 -0.7429
vn 0.2834 -0.2233 -0.9326
vn -0.8422 0.0128 0.5391
vn -0.9925 0.0176 0.1210
vn -0.9785 -0.1983 -0.0566
vn -0.8122 -0.1898 0.5516
vn 0.9952 -0.0353 -0.0917
vn 0.8850 -0.3553 0.3010
vn 0.7885 -0.0384 0.6139
vn 0.7930 -0.1233 -0.5966
vn -0.4922 -0.0480 0.8692
vn -0.6416 -0.2361 0.7298
vn -0.0306 -0.1430 0.9893
vn -0.9055 0.2010 0.3736
vn -0.0486 0.2085 0.9768
vn 0.6051 0.2004 0.7705
vn 0.6297 0.5480 0.5506
vn -0.8937 0.4284 -0.1331
vn 0.6939 -0.0726 -0.7164
vn 0.8687 -0.0585 -0.4918
vn 0.1209 -0.1271 -0.9845
vn -0.8689 -0.0131 -0.4949
vn -0.4412 -0.1350 -0.8872
vn -0.1313 -0.0150 -0.9912
vn 0.3479 -0.0059 0.9375
vn 0.9057 0.1850 0.3813
vn 0.8797 -0.3250 0.3471
vn 0.9259 -0.1170 0.3593
vn -0.0936 -0.8439 -0.5283
vn 0.7637 -0.1655 -0.6240
vn 0.8786 -0.0728 0.4720
vn -0.9748 0.2111 0.0719
vn -0.8311 -0.1106 -0.5450
vn -0.9662 -0.1778 -0.1868
vn -0.9481 0.2055 0.2427
vn 0.8764 -0.1889 -0.4429
vn 0.6298 0.0480 0.7753
vn 0.9748 0.2109 0.0719
vn -0.6297 0.0482 0.7754
vn -0.5703 0.1622 0.8053
vn 0.5847 0.1428 0.7986
vn -0.9079 -0.0632 -0.4145
vn -0.6695 0.1097 0.7347
vn 0.9481 0.2055 0.2427
vn 0.9662 -0.1777 -0.1867
vn -0.2708 -0.4409 -0.8557
vn -0.6876 -0.5890 -0.4247
vn 0.9079 -0.0632 -0.4145
vn 0.6695 0.1097 0.7347
vn 0.7080 -0.1365 0.6929
vn 0.7080 -0.1365 -0.6929
vn 0.4422 0.0875 0.8927
vn -0.4465 0.0863 0.8906
vn -0.5764 -0.1194 0.8084
vn 0.6327 -0.1408 -0.7615
vn -0.6928 -0.2051 0.6913
vn -0.6917 -0.2030 -0.6931
vn 0.6929 -0.2051 -0.6913
vn 0.6917 -0.2030 0.6931
vn 0.4440 -0.0905 -0.8914
vn -0.4457 -0.0903 -0.8906
vn 0.5797 -0.1182 -0.8062
vn -0.5769 -0.1192 -0.8081
vn 0.5801 -0.1180 0.8059
vn -0.7080 -0.1365 -0.6929
vn -0.7079 -0.1365 0.6930
vn -0.1906 0.2140 0.9581
vn 0.1950 -0.0241 -0.9805
vn -0.0001 -0.0241 -0.9997
vn 0.1118 0.2140 0.9704
vn -0.4605 0.2140 0.8615
vn 0.3825 -0.0241 -0.9236
vn 0.5554 -0.0241 -0.8313
vn -0.6908 0.2139 0.6907
vn 0.7068 -0.0241 -0.7070
vn -0.8690 0.2140 0.4461
vn 0.8312 -0.0241 -0.5554
vn 0.9236 -0.0241 -0.3826
vn -0.9704 0.2140 0.1118
vn 0.9805 -0.0241 -0.1950
vn 0.9997 -0.0241 -0.0001
vn -0.9581 0.2140 -0.1906
vn 0.9805 -0.0241 0.1950
vn -0.8537 0.2140 -0.4747
vn 0.9236 -0.0241 0.3825
vn 0.8313 -0.0241 0.5554
vn -0.6197 0.2140 -0.7551
vn 0.7070 -0.0241 0.7068
vn 0.5555 -0.0241 0.8312
vn 0.3826 -0.0241 0.9236
vn 0.1951 -0.0241 0.9805
vn 0.0957 0.2140 -0.9721
vn 0.0001 -0.0241 0.9997
vn -0.1950 -0.0241 0.9805
vn -0.3825 -0.0241 0.9236
vn -0.5553 -0.0241 0.8313
vn 0.7551 0.2140 -0.6197
vn -0.7069 -0.0241 0.7069
vn -0.8312 -0.0241 0.5555
vn 0.9300 0.2140 -0.2990
vn -0.9236 -0.0241 0.3826
vn -0.9805 -0.0241 0.1950
vn -0.9997 -0.0241 0.0001
vn 0.9299 0.2140 0.2991
vn -0.9805 -0.0241 -0.1950
vn -0.9236 -0.0241 -0.3825
vn -0.5554 -0.0241 -0.8312
vn -0.7070 -0.0241 -0.7069
vn 0.7551 0.2140 0.6197
vn -0.3826 -0.0241 -0.9236
vn -0.1951 -0.0241 -0.9805
vn 0.4838 0.1423 -0.8635
vn 0.7112 0.1627 -0.6839
vn 0.7544 0.1426 -0.6407
vn -0.0713 0.6404 0.7647
vn -0.6949 0.0411 0.7179
vn -0.6276 0.0576 0.7764
vn -0.9498 0.2859 0.1275
vn -0.6582 0.4179 0.6262
vn -0.9728 0.0014 0.2316
vn 0.3993 0.1653 0.9018
vn 0.2694 0.1065 0.9571
vn 0.2894 0.1353 -0.9476
vn 0.1298 0.0716 -0.9889
vn -0.1343 0.1486 -0.9797
vn 0.8854 0.1245 -0.4478
vn -0.9474 0.1745 -0.2682
vn 0.9601 0.2746 0.0525
vn 0.7677 0.4179 -0.4858
vn 0.9996 -0.0083 -0.0267
vn -0.9026 0.1409 -0.4067
vn 0.9078 0.1156 -0.4031
vn -0.4119 0.0850 -0.9072
vn -0.9927 0.1201 -0.0062
vn 0.7283 0.1245 0.6739
vn 0.4834 0.1598 -0.8607
vn -0.6976 0.1550 -0.6995
vn -0.0307 0.1367 0.9901
vn 0.9116 0.1043 0.3976
vn 0.2766 0.1203 0.9534
vn 0.7090 0.0917 0.6992
vn 0.2007 0.0735 0.9769
vn -0.8809 0.1437 0.4509
vn -0.9643 0.1624 0.2094
vn -0.9831 0.1434 0.1133
vn -0.9448 0.1618 -0.2850
vn -0.9712 0.1433 -0.1905
vn 0.9131 0.1444 -0.3814
vn 0.9684 0.1636 -0.1884
vn 0.9866 0.1445 -0.0759
vn -0.8638 0.1425 -0.4832
vn -0.6822 0.1618 -0.7131
vn 0.9200 0.1623 0.3567
vn 0.9477 0.1450 0.2842
vn -0.6383 0.1448 -0.7560
vn 0.7657 0.1427 0.6271
vn -0.2123 0.1623 -0.9636
vn -0.3832 0.1455 -0.9121
vn -0.1135 0.1427 0.9832
vn 0.1926 0.1609 0.9680
vn -0.2864 0.1618 0.9444
vn 0.6261 0.1618 0.7628
vn -0.0950 0.1431 -0.9851
vn -0.4518 0.1427 0.8806
vn 0.4812 0.1427 0.8649
vn -0.7104 0.1628 0.6847
vn 0.2839 0.1616 -0.9451
vn 0.1905 0.1433 -0.9712
vn -0.6998 0.1434 0.6998
vn 0.1930 0.1434 0.9707
vn -0.0814 0.1126 0.9903
vn -0.5546 0.0862 0.8277
vn 0.6284 0.0993 -0.7715
vn -0.1312 0.0615 -0.9894
vn 0.4503 0.0591 -0.8909
vn -0.3214 0.0985 -0.9418
vn -0.5843 0.1509 0.7974
vn -0.9782 0.1000 -0.1820
vn -0.7799 0.1062 0.6168
vn -0.9942 0.0651 0.0855
vn 0.9361 0.1170 0.3317
vn 0.7925 0.1058 -0.6006
vn 0.9679 0.0503 -0.2464
vn -0.9625 0.0749 0.2607
vn -0.8005 0.0640 -0.5959
vn 0.9740 0.0510 0.2205
vn 0.9363 0.0842 -0.3410
vn 0.7310 0.0863 0.6768
vn 0.4377 -0.2883 -0.8516
vn -0.7510 0.1067 0.6516
vn -0.3277 0.0949 0.9400
vn 0.8892 -0.2946 -0.3499
vn -0.9666 0.0969 0.2372
vn 0.9048 -0.2841 0.3173
vn -0.9786 0.1000 -0.1799
vn -0.7180 0.1143 -0.6865
vn 0.4694 -0.2542 0.8456
vn -0.2116 0.0968 -0.9725
vn -0.0703 -0.2515 0.9653
vn 0.2818 0.0907 -0.9552
vn -0.5539 -0.2668 0.7887
vn 0.6660 0.0959 -0.7398
vn -0.7599 -0.2144 0.6136
vn 0.9490 0.1159 -0.2933
vn -0.9830 -0.1808 0.0328
vn -0.9866 -0.1429 0.0789
vn -0.7216 -0.2458 -0.6473
vn -0.3040 -0.2819 -0.9100
vn 0.6619 0.0886 0.7443
vn 0.1615 0.1091 0.9808
vn -0.5438 -0.2763 0.7924
vn -0.4022 -0.1960 0.8943
vn -0.6579 -0.2495 0.7106
vn -0.6823 -0.1532 -0.7149
vn -0.8313 -0.0241 -0.5553
vn 0.9004 0.0795 0.4278
vn -0.8846 -0.2266 -0.4076
vn -0.9036 -0.2752 -0.3283
vn -0.1630 0.9595 -0.2297
vn -0.1651 0.9456 0.2803
vn 0.1508 0.9589 0.2405
vn 0.1670 0.9462 -0.2771
vn -0.2589 0.3608 0.8960
vn 0.2560 0.3608 0.8968
vn 0.2986 0.2324 0.9256
vn -0.2888 0.2416 0.9264
vn -0.8854 0.0997 0.4541
vn -0.8008 0.1091 0.5889
vn -0.3516 -0.0350 -0.9355
vn -0.8074 -0.0014 -0.5900
vn -0.8007 0.0130 -0.5989
vn -0.3870 0.0390 -0.9212
vn 0.1203 0.0704 0.9902
vn 0.7996 0.1218 0.5880
vn 0.8638 -0.0404 0.5022
vn 0.7674 0.0751 0.6367
vn 0.1760 0.1652 0.9704
vn -0.7541 0.0905 0.6504
vn -0.1072 0.1045 0.9887
vn -0.1842 0.1717 0.9678
vn -0.8687 -0.0201 0.4950
vn -0.8390 0.1127 0.5324
vn 0.9939 0.0011 0.1107
vn 0.9802 -0.0091 -0.1980
vn 0.9080 0.0733 -0.4124
vn 0.9915 0.1252 -0.0343
vn 0.9931 0.1110 0.0369
vn 0.8922 0.0984 0.4407
vn 0.8859 0.0566 0.4605
vn -0.1954 0.1808 -0.9639
vn 0.1820 0.1667 -0.9691
vn 0.2641 -0.0000 -0.9645
vn 0.7461 0.0625 -0.6629
vn 0.7461 -0.0625 -0.6629
vn -0.9999 -0.0007 -0.0167
vn -0.8627 0.0675 0.5012
vn -0.8787 0.0987 0.4671
vn -0.9897 0.1377 0.0388
vn -0.9971 -0.0505 -0.0571
vn -0.9876 0.1527 -0.0359
vn 0.2461 -0.1215 0.9616
vn 0.8649 -0.1055 0.4907
vn 0.8990 0.0169 0.4375
vn 0.2983 0.0116 0.9544
vn 0.9912 -0.1256 -0.0425
vn 0.7852 -0.3751 -0.4926
vn 0.8111 -0.0293 -0.5842
vn -0.2546 -0.2005 -0.9460
vn -0.8207 -0.4783 -0.3125
vn -0.6031 -0.5301 -0.5960
vn -0.9937 -0.0792 0.0794
vn -0.9331 -0.0483 0.3564
vn -0.8705 -0.2784 -0.4059
vn -0.9219 -0.3777 0.0863
vn -0.9966 -0.0773 0.0281
vn -0.9018 -0.4253 -0.0771
vn -0.8220 -0.4782 0.3092
vn 0.1295 -0.0162 -0.9915
vn -0.0000 -0.0000 -1.0000
vn 0.8017 0.1087 0.5878
vn 0.8857 0.0997 0.4534
vn -0.8767 0.0929 0.4720
vn 0.8861 0.0903 0.4546
vn 0.2671 -0.9580 0.1042
vn 0.6364 -0.7570 0.1479
vn -0.2803 -0.9386 0.2010
vn -0.9980 -0.0409 -0.0481
vn -0.3680 -0.0755 -0.9267
vn 0.2043 -0.1307 -0.9701
vn 0.9279 -0.0422 0.3704
vn 0.8651 0.0436 0.4997
vn 0.9767 -0.2105 0.0412
vn -0.6615 -0.0587 0.7477
vn -0.2354 -0.0212 0.9717
vn -0.8993 0.0522 0.4342
vn -0.9081 0.0955 0.4076
vn -0.8753 0.0271 0.4828
vn 0.8780 -0.0625 -0.4745
vn 0.9231 0.0913 0.3736
vn 0.7342 0.0050 0.6790
vn 0.8394 0.0716 -0.5388
vn 0.6999 0.0824 -0.7095
vn 0.8930 0.4284 0.1380
vn 0.6305 -0.1322 -0.7649
vn 0.6829 -0.3436 -0.6447
vn 0.6879 -0.2640 -0.6761
vn -0.6020 -0.2193 -0.7678
vn 0.6056 -0.0674 -0.7929
vn 0.4415 -0.4831 -0.7562
vn -0.0803 -0.6891 -0.7202
vn 0.4453 -0.0472 0.8941
vn 0.9282 -0.3686 -0.0508
vn 0.9942 0.1073 -0.0097
vn 0.6121 -0.6456 -0.4568
vn 0.4518 -0.8912 -0.0402
vn 0.4171 -0.5804 -0.6994
vn 0.8001 -0.5750 0.1712
vn 0.4133 -0.0541 -0.9090
vn 0.7837 -0.6210 -0.0149
vn -0.4927 -0.4811 -0.7251
vn 0.8445 -0.5289 0.0843
vn 0.9000 0.3100 -0.3065
vn 0.8891 -0.0982 0.4470
vn 0.7418 0.0514 0.6687
vn 0.6855 0.0056 -0.7280
vn 0.6642 -0.4937 0.5614
vn 0.9023 -0.2436 -0.3557
vn -0.8791 0.0217 0.4761
vn -0.7536 0.5352 0.3817
vn -0.0535 0.8964 0.4399
vn 0.7943 -0.0757 0.6028
vn -0.9943 0.0295 -0.1021
vn -0.9627 0.2673 -0.0421
vn -0.7582 0.6489 0.0643
vn -0.7883 0.1663 0.5924
vn 0.7937 0.0329 0.6074
vn 0.6947 -0.1142 0.7102
vn 0.5852 0.0018 0.8109
vn 0.5888 0.0032 0.8083
vn -0.8764 0.0226 0.4811
vn 0.7961 -0.0781 0.6001
vn 0.6288 -0.1340 0.7659
vn -0.5255 -0.1365 0.8398
vn -0.3000 -0.0387 0.9532
vn 0.6268 0.0193 0.7790
vn -0.0953 0.1173 0.9885
vn -0.6021 0.2193 0.7678
vn 0.6056 0.0674 0.7929
vn 0.4383 0.4546 0.7754
vn 0.6946 0.1141 0.7103
vn 0.7231 0.0878 0.6852
vn 0.9648 -0.2513 -0.0770
vn -0.1643 0.6439 0.7473
vn 0.0465 0.8095 -0.5852
vn 0.6375 0.6048 0.4773
vn 0.7493 0.6519 0.1169
vn 0.3315 0.6529 0.6811
vn 0.6761 0.6997 0.2307
vn 0.8775 -0.3367 0.3416
vn 0.4075 0.3300 -0.8515
vn -0.3459 0.8556 -0.3851
vn -0.8998 0.4236 0.1045
vn -0.3039 0.1611 -0.9390
vn 0.5898 0.0323 -0.8069
vn 0.7051 0.0182 -0.7088
vn 0.0465 0.0343 -0.9983
vn 0.7193 0.0296 -0.6941
vn 0.5772 -0.0704 -0.8136
vn -0.3000 0.0387 -0.9532
vn 0.6268 -0.0193 -0.7790
vn -0.0952 -0.1173 -0.9885
vn -0.0182 0.0624 -0.9979
vn -0.6409 0.1378 -0.7552
vn -0.4600 -0.0247 -0.8876
vn 0.8177 0.3090 -0.4857
vn 0.0583 0.6245 -0.7789
vn -0.8323 0.2600 -0.4895
vn -0.6647 0.7176 0.2077
vn -0.2037 0.2607 0.9437
vn -0.8117 0.1550 0.5632
vn -0.8657 0.2471 0.4354
vn -0.2948 0.5656 0.7702
vn -0.5102 0.0885 0.8555
vn -0.2822 -0.0361 0.9587
vn 0.6449 -0.4687 0.6037
vn -0.7708 -0.6102 -0.1832
vn -0.2036 -0.2607 -0.9437
vn -0.8116 -0.1550 -0.5633
vn -0.8657 -0.2471 -0.4354
vn -0.2946 -0.5657 -0.7702
vn 0.7492 -0.0659 -0.6590
vn 0.6573 -0.0979 0.7472
vn 0.6981 -0.0569 0.7137
vn -1.0000 0.0042 0.0057
vn -0.9806 -0.1163 0.1579
vn -0.9286 -0.3114 0.2019
vn 0.4566 0.8812 0.1222
vn 0.7203 -0.2911 0.6297
vn 0.7366 -0.0883 -0.6706
vn 0.6149 0.3514 0.7060
vn 0.4307 -0.4318 0.7925
vn 0.5127 -0.1243 0.8495
vn 0.5714 0.1573 -0.8054
vn -0.1829 0.1312 -0.9743
vn 0.9379 0.0109 -0.3467
vn 0.6256 0.1307 -0.7691
vn 0.5872 0.1745 0.7904
vn 0.7491 0.0659 0.6591
vn 0.6572 0.0980 -0.7473
vn 0.6982 0.0569 -0.7136
vn 0.7116 0.7023 0.0202
vn -0.9121 0.1795 0.3686
vn 0.9570 -0.1036 -0.2710
vn 0.7809 -0.0088 0.6246
vn 0.6447 -0.0519 -0.7627
vn 0.7755 -0.0949 -0.6241
vn 0.9622 -0.0611 0.2653
vn 0.9709 -0.1257 -0.2039
vn 0.6136 0.0309 0.7890
vn 0.7727 0.0042 -0.6348
vn 0.6990 0.0471 -0.7135
vn 0.9148 0.1770 0.3632
vn 0.8333 -0.0894 0.5455
vn 0.9011 0.2073 -0.3809
vn 0.9824 0.1172 0.1458
vn 0.6308 -0.6384 -0.4411
vn 0.9848 0.1044 -0.1385
vn 0.8684 0.2166 0.4461
vn 0.8352 -0.1043 -0.5399
vn 0.5316 -0.1353 -0.8361
vn 0.7363 0.0883 0.6709
vn 0.9503 -0.0943 -0.2967
vn -0.3325 -0.7664 0.5496
vn 0.5600 -0.0676 -0.8258
vn -0.0146 -0.3067 0.9517
vn 0.0090 -0.4710 0.8821
vn 0.3615 -0.0770 0.9292
vn 0.9157 -0.1432 -0.3756
vn 0.9965 0.0258 -0.0796
vn 0.8780 0.3106 0.3643
vn 0.9518 0.2929 -0.0911
vn -0.9337 0.1540 0.3232
vn -0.1684 0.1314 -0.9769
vn -0.9214 -0.3457 0.1774
vn -0.7056 0.0506 0.7068
vn 0.1206 0.3332 -0.9351
vn 0.2419 0.2843 -0.9277
vn 0.0143 0.3981 -0.9172
vn 0.4013 -0.0281 -0.9155
vn 0.6558 0.3327 -0.6777
vn 0.9734 0.0537 -0.2225
vn -0.6345 -0.2546 0.7298
vn -0.1836 -0.7615 0.6216
vn -0.9549 -0.1395 0.2621
vn -0.9242 0.1663 0.3439
vn -0.7949 -0.2918 0.5319
vn -0.4458 -0.6846 0.5766
vn 0.4946 0.8554 0.1535
vn 0.9579 0.1208 -0.2606
vn 0.9673 -0.0329 0.2516
vn 0.9597 0.2046 0.1926
vn 0.9186 0.0407 -0.3931
vn 0.1118 -0.3206 0.9406
vn 0.6912 -0.0304 0.7220
vn 0.8802 0.4307 -0.1995
vn -0.5941 -0.0347 -0.8037
vn 0.9853 -0.0118 -0.1703
vn 0.8185 -0.5739 0.0246
vn -0.0094 -0.7289 -0.6845
vn 0.7396 -0.0916 -0.6668
vn -0.8132 0.0930 -0.5745
vn 0.1445 -0.3321 0.9321
vn 0.9177 0.0455 -0.3947
vn -0.1835 -0.7617 0.6213
vn -0.6358 -0.2560 0.7281
vn -0.0616 -0.3662 0.9285
vn 0.1120 -0.3205 0.9406
vn 0.2605 -0.1656 0.9512
vn -0.0610 -0.2326 0.9706
vn 0.8580 0.4514 -0.2453
vn 0.6915 -0.0303 0.7218
vn 0.8799 -0.0607 0.4713
vn 0.1525 0.3205 -0.9349
vn -0.1074 -0.1475 0.9832
vn 0.6048 -0.1731 0.7774
vn 0.6450 -0.2901 0.7070
vn 0.2968 -0.1589 0.9416
vn 0.6022 -0.4257 0.6754
vn 0.7004 -0.3178 0.6391
vn -0.6388 -0.2678 0.7213
vn -0.1150 -0.0236 -0.9931
vn 0.4044 -0.3936 -0.8255
vn 0.5623 -0.4398 -0.7003
vn 0.3797 -0.0406 -0.9242
vn 0.9362 0.2053 -0.2853
vn 0.8723 -0.0501 0.4865
vn 0.9605 -0.2751 0.0430
vn 0.9055 0.1111 0.4096
vn -0.8514 0.4003 -0.3388
vn 0.4361 -0.0688 -0.8972
vn 0.1679 0.5716 -0.8032
vn 0.9842 0.0009 -0.1771
vn -0.5943 -0.0119 -0.8041
vn 0.9475 -0.2828 -0.1494
vn 0.6388 0.0234 -0.7690
vn -0.1166 -0.0247 -0.9929
vn 0.4419 0.0083 -0.8971
vn 0.9566 0.0804 -0.2800
vn -0.9867 -0.0431 -0.1570
vn -0.9663 -0.2561 0.0268
vn 0.9849 -0.1238 -0.1208
vn -0.8949 0.0387 0.4446
vn -0.9868 0.0427 -0.1564
vn -0.8482 0.2846 -0.4466
vn -0.9527 -0.1989 0.2297
vn -0.9877 -0.0456 -0.1496
vn 0.9539 0.0785 -0.2898
vn 0.5297 0.2356 -0.8148
vn -0.6052 0.1197 -0.7870
vn 0.4867 -0.0129 -0.8735
vn -0.5651 -0.0274 -0.8246
vn -0.9049 0.0066 0.4255
vn -0.9849 -0.0479 -0.1662
vn -0.8986 -0.0619 -0.4343
vn 0.3944 -0.9189 -0.0042
vn -0.9799 -0.1508 -0.1307
vn -0.5940 -0.6816 -0.4274
vn -0.6560 0.0236 0.7544
vn -0.8677 0.1816 0.4627
vn -0.9983 0.0299 -0.0498
vn -0.6228 -0.0875 -0.7775
vn -0.4675 -0.1197 -0.8759
vn -0.0077 -0.0293 -0.9995
vn -0.1067 -0.0476 -0.9932
vn -0.0297 -0.1678 -0.9854
vn 0.0622 -0.2230 -0.9728
vn -0.0537 0.2217 -0.9736
vn -0.5792 0.1624 -0.7989
vn -0.0537 0.9848 -0.1651
vn 0.5809 0.6872 -0.4362
vn 0.0408 0.1694 -0.9847
vn 0.4505 0.0971 -0.8875
vn 0.6228 0.0875 -0.7775
vn 0.5791 -0.1624 -0.7989
vn 0.0837 -0.9819 -0.1699
vn 0.9799 0.1508 -0.1307
vn 0.9507 0.1403 0.2767
vn 0.9932 0.0269 -0.1130
vn 0.9981 -0.0604 0.0113
vn 0.2519 0.6739 -0.6946
vn 0.7599 0.0117 0.6499
vn 0.8717 -0.1669 -0.4607
vn 0.3224 -0.0153 0.9465
vn 0.8679 -0.1815 0.4623
vn 0.6291 0.0001 0.7773
vn 0.1855 0.1906 0.9640
vn 0.8677 0.1817 0.4628
vn -0.1939 0.1838 0.9637
vn -0.1329 -0.0239 0.9908
vn -0.2720 0.3216 0.9070
vn 0.2383 0.1784 0.9547
vn 0.1919 0.9552 0.2255
vn -0.2039 0.4390 0.8750
vn -0.6558 -0.0322 0.7542
vn -0.1894 -0.0254 0.9816
vn -0.3155 -0.2952 0.9018
vn -0.1895 0.0230 0.9816
vn -0.6516 0.0291 0.7580
vn -0.8673 -0.4959 0.0435
vn 0.1815 -0.9576 0.2240
vn 0.2315 -0.1773 0.9565
vn 0.8883 -0.4543 0.0677
vn -0.4085 0.9040 0.1263
vn -0.9471 0.2038 -0.2480
vn -0.9631 -0.0000 -0.2691
vn -0.9474 -0.1833 -0.2622
vn -0.2234 -0.9743 -0.0292
vn -0.0921 -0.9953 -0.0286
vn 0.5112 -0.3999 0.7608
vn -0.0002 -0.9349 0.3550
vn -0.8235 -0.5653 -0.0477
vn -0.6191 0.0714 -0.7821
vn -0.5108 -0.1491 -0.8467
vn -0.5515 -0.1348 -0.8232
vn -0.0145 -0.0277 -0.9995
vn -0.0029 -0.0990 -0.9951
vn 0.5352 -0.0573 -0.8428
vn -0.0271 -0.2105 -0.9772
vn 0.0213 -0.9875 -0.1560
vn -0.9701 0.1470 0.1930
vn -0.1004 0.9926 -0.0678
vn -0.1778 0.9394 0.2933
vn -0.0000 0.7644 -0.6447
vn -0.1830 0.9527 0.2426
vn -0.9091 0.1796 0.3759
vn 0.1036 0.9908 -0.0867
vn 0.4479 0.1409 -0.8829
vn -0.0213 -0.7902 0.6125
vn 0.4969 -0.1489 -0.8549
vn 0.8675 -0.0499 -0.4949
vn 0.5108 -0.1491 -0.8467
vn 0.6191 0.0714 -0.7821
vn 0.9975 0.0617 0.0334
vn 0.9174 -0.3952 0.0462
vn 0.7969 0.0061 0.6041
vn 0.1169 -0.9931 0.0063
vn 0.6968 -0.6870 -0.2062
vn 0.3195 -0.6989 -0.6399
vn -0.0000 -0.2846 -0.9586
vn 0.0129 -0.9910 0.1329
vn 0.0575 -0.9960 0.0689
vn -0.9386 -0.1030 0.3294
vn -0.6997 -0.1669 -0.6947
vn -0.9969 -0.0079 -0.0785
vn -0.7474 -0.3510 -0.5640
vn -0.0001 -0.2703 -0.9628
vn -0.0000 -0.1760 -0.9844
vn -0.7495 -0.1571 -0.6431
vn -0.1533 -0.9564 0.2486
vn -0.9000 -0.3827 -0.2087
vn 0.2107 -0.7070 -0.6751
vn 0.7474 -0.3510 -0.5640
vn 0.7494 -0.1571 -0.6432
vn -0.0998 0.8864 0.4520
vn 0.0593 0.9023 0.4269
vn -0.3906 0.2900 0.8737
vn 0.3276 0.1856 0.9264
vn -0.0544 -0.0588 0.9968
vn -0.3757 0.1898 0.9071
vn -0.3694 0.2605 0.8920
vn -0.5364 0.2605 0.8028
vn 0.0180 0.3106 -0.9504
vn 0.5824 0.4153 -0.6988
vn 0.9049 -0.0248 -0.4249
vn 0.5558 -0.1623 -0.8153
vn -0.2310 -0.3062 -0.9235
vn -0.7214 -0.0774 -0.6882
vn -0.8804 0.0359 0.4729
vn 0.8918 0.2572 -0.3721
vn -0.6999 0.7092 0.0851
vn 0.9870 -0.0958 -0.1293
vn -0.6236 -0.0945 0.7760
vn 0.8779 0.4540 0.1525
vn -0.8969 0.1475 0.4169
vn -0.1129 0.3285 0.9377
vn -0.9853 -0.0675 0.1567
vn 0.6257 -0.0566 0.7780
vn -0.9498 0.2422 -0.1978
vn 0.7907 -0.3052 0.5308
vn 0.9613 0.1179 0.2490
vn 0.6733 0.2633 0.6909
vn -0.8739 -0.1178 -0.4717
vn -0.7254 0.2580 -0.6381
vn 0.6475 0.3860 -0.6570
vn -0.8007 0.5536 0.2290
vn -0.9788 0.1975 -0.0549
vn -0.8726 0.0417 0.4866
vn 0.9071 0.1898 -0.3758
vn 0.8163 0.1898 -0.5455
vn 0.8028 0.2605 -0.5363
vn 0.8920 0.2605 -0.3694
vn -0.6942 0.1898 0.6943
vn -0.6827 0.2605 0.6826
vn 0.9630 0.1898 -0.1916
vn 0.9469 0.2605 -0.1883
vn -0.8163 0.1898 0.5455
vn -0.8028 0.2605 0.5363
vn 0.9655 0.2605 0.0001
vn -0.9071 0.1898 0.3758
vn -0.8920 0.2605 0.3694
vn 0.9630 0.1898 0.1915
vn 0.9469 0.2605 0.1883
vn -0.9630 0.1898 0.1916
vn -0.9469 0.2605 0.1883
vn 0.9071 0.1898 0.3757
vn 0.8919 0.2605 0.3695
vn -0.9818 0.1898 0.0001
vn -0.9655 0.2605 -0.0001
vn 0.8164 0.1898 0.5454
vn 0.8028 0.2605 0.5364
vn 0.6943 0.1898 0.6942
vn 0.6826 0.2605 0.6827
vn -0.9071 0.1898 -0.3757
vn -0.9630 0.1898 -0.1915
vn -0.9469 0.2605 -0.1883
vn -0.8919 0.2605 -0.3695
vn 0.5455 0.1898 0.8164
vn 0.5363 0.2605 0.8028
vn -0.8164 0.1898 -0.5454
vn -0.8027 0.2605 -0.5364
vn 0.3758 0.1898 0.9071
vn 0.3694 0.2605 0.8920
vn 0.1915 0.1898 -0.9630
vn 0.0001 0.2605 -0.9655
vn 0.1883 0.2605 -0.9469
vn 0.1916 0.1898 0.9630
vn 0.1883 0.2605 0.9469
vn 0.3757 0.1898 -0.9071
vn 0.3695 0.2605 -0.8919
vn -0.0001 0.2605 0.9655
vn 0.5454 0.1898 -0.8164
vn 0.5364 0.2605 -0.8028
vn -0.3758 0.1898 -0.9071
vn -0.5455 0.1898 -0.8163
vn -0.5363 0.2605 -0.8028
vn -0.3694 0.2605 -0.8920
vn -0.1915 0.1898 0.9630
vn -0.1884 0.2605 0.9469
vn 0.6943 0.1898 -0.6942
vn 0.6827 0.2605 -0.6826
vn -0.1916 0.1898 -0.9630
vn -0.1883 0.2605 -0.9469
vn -0.9954 0.0518 0.0802
vn 0.8683 0.2772 0.4115
vn 0.9586 0.2781 0.0604
vn 0.9685 0.2121 0.1305
vn 0.8544 0.2118 0.4745
vn -0.8100 0.5855 -0.0335
vn 0.7094 0.2596 0.6553
vn 0.7154 0.2042 0.6682
vn 0.3694 0.7329 0.5713
vn 0.6576 0.1129 0.7449
vn 0.7880 0.0912 0.6089
vn -0.7374 0.3224 -0.5935
vn -0.9145 0.1049 -0.3907
vn -0.7582 0.2525 -0.6012
vn 0.2936 0.0860 0.9521
vn -0.0033 0.6047 -0.7965
vn -0.1088 0.0549 -0.9925
vn 0.3854 0.1054 -0.9167
vn 0.0861 0.5478 0.8322
vn -0.1169 0.0439 0.9922
vn 0.5754 0.2735 -0.7708
vn 0.6321 0.2118 -0.7454
vn -0.4029 0.4113 -0.8176
vn -0.5075 0.2606 -0.8213
vn -0.5217 0.2180 -0.8248
vn -0.2050 0.6255 0.7528
vn -0.5459 0.1315 0.8274
vn 0.7811 0.2596 -0.5679
vn 0.7949 0.2042 -0.5713
vn 0.9157 0.2735 -0.2943
vn 0.8231 0.2605 -0.5047
vn 0.8314 0.2057 -0.5161
vn 0.9487 0.2090 -0.2374
vn -0.6536 0.2525 0.7135
vn -0.6682 0.2042 0.7154
vn -0.6753 0.3168 0.6660
vn 0.7231 0.1571 0.6726
vn 0.8055 0.1976 0.5587
vn 0.2050 0.9770 0.0582
vn 0.1821 0.2060 0.9615
vn 0.3541 0.1376 0.9250
vn 0.3719 0.1774 -0.9112
vn 0.2204 0.1308 -0.9666
vn 0.2053 0.9165 -0.3432
vn 0.6939 0.1148 -0.7109
vn -0.5441 0.2396 0.8041
vn -0.3914 0.1962 0.8991
vn -0.0490 0.9827 0.1786
vn -0.6746 0.2263 0.7026
vn -0.1819 0.9662 0.1826
vn 0.9593 0.2169 -0.1806
vn 0.9230 0.1491 -0.3547
vn 0.9731 0.2304 -0.0018
vn 0.9648 0.1971 0.1742
vn -0.1732 0.9535 -0.2468
vn -0.2712 0.9398 -0.2077
vn -0.3340 -0.3915 -0.8574
vn 0.9178 0.0541 -0.3933
vn 0.9183 -0.3388 0.2049
vn 0.9873 -0.0431 0.1531
vn 0.6920 -0.1751 -0.7004
vn 0.6819 0.0974 -0.7249
vn -0.9092 0.3724 -0.1863
vn -0.3082 0.9490 -0.0668
vn 0.3326 0.7716 0.5422
vn -0.0464 -0.1952 -0.9797
vn 0.6841 -0.2198 -0.6954
vn 0.9509 0.2413 0.1941
vn 0.9333 -0.1166 0.3397
vn 0.9155 -0.2219 -0.3356
vn 0.9284 0.0988 0.3581
vn 0.4368 0.0557 -0.8978
vn 0.5846 -0.1502 -0.7973
vn -0.0676 -0.2822 -0.9570
vn 0.0373 0.1274 -0.9911
vn 0.9219 0.0462 0.3847
vn 0.9636 0.2155 -0.1581
vn 0.5397 0.7287 0.4216
vn -0.9992 0.0391 0.0112
vn 0.1825 0.4687 0.8643
vn 0.0115 0.2364 0.9716
vn 0.9988 0.0451 0.0191
vn 0.9844 0.1620 -0.0684
vn 0.5012 0.1615 -0.8501
vn -0.4271 0.0794 -0.9007
vn -0.5012 0.1615 -0.8501
vn -0.9844 0.1622 -0.0689
vn -0.7933 0.5119 -0.3297
vn -0.3037 0.9427 0.1379
vn 0.7938 0.0259 0.6076
vn -0.4566 -0.8182 -0.3495
vn 0.5315 0.5076 0.6781
vn -0.7633 -0.5221 -0.3805
vn 0.4320 -0.3705 0.8223
vn 0.4819 0.2059 0.8517
vn 0.5993 0.7792 -0.1837
vn 0.8413 -0.4519 -0.2967
vn 0.3874 -0.3570 0.8500
vn 0.9325 -0.3365 0.1308
vn 0.9994 0.0321 0.0136
vn -0.4819 0.2060 0.8517
vn -0.4321 -0.3705 0.8222
vn -0.8413 -0.4518 -0.2968
vn -0.5991 0.7794 -0.1833
vn 0.6092 0.7713 -0.1843
vn 0.0213 -0.0535 0.9983
vn -0.0213 -0.0563 0.9982
vn -0.8936 -0.1953 -0.4042
vn 0.7029 -0.0380 -0.7103
vn -0.7028 -0.0380 -0.7104
vn 0.5571 0.3207 -0.7660
vn -0.5572 0.3207 -0.7660
vn -0.0188 -0.0225 0.9996
vn 0.0188 -0.0197 0.9996
vn -0.9993 0.0348 0.0154
vn -0.7610 0.0168 0.6486
vn -0.9841 0.1599 -0.0767
vn -0.9782 -0.1796 -0.1045
vn -0.0022 -0.4094 -0.9123
vn -0.4727 -0.6684 0.5743
vn -0.7485 -0.1579 -0.6441
vn 0.9785 -0.1732 -0.1118
vn 0.9909 -0.1211 -0.0584
vn -0.3714 -0.9284 -0.0092
vn 0.8004 0.0089 0.5994
vn -0.6184 0.0039 0.7858
vn -0.0000 0.6577 0.7533
vn 0.8931 -0.1283 0.4311
vn 0.3226 -0.9365 0.1375
vn 0.9932 -0.1058 -0.0480
vn 0.7104 -0.1538 -0.6868
vn -0.7658 -0.4416 0.4674
vn -0.0618 -0.8642 -0.4994
vn 0.7719 -0.4563 0.4428
vn -0.6346 -0.0084 0.7728
vn 0.1418 -0.0764 0.9869
vn -0.1294 -0.0375 0.9909
vn 0.1377 -0.0332 0.9899
vn -0.5888 -0.0032 -0.8082
vn -0.7231 -0.0878 -0.6852
vn -0.6946 -0.1141 -0.7103
vn -0.5852 -0.0018 -0.8109
vn 0.4217 -0.1311 -0.8972
vn -0.3987 -0.3791 -0.8351
vn -0.5975 -0.0686 -0.7989
vn 0.1534 -0.6871 -0.7102
vn -0.7371 0.0005 0.6758
vn -0.9375 0.2889 -0.1942
vn -0.7338 -0.0127 -0.6792
vn -0.6830 -0.0015 -0.7304
vn -0.9945 0.0933 0.0475
vn -0.9921 0.1250 0.0064
vn -0.9187 -0.3914 0.0523
vn -0.4878 -0.8721 -0.0397
vn -0.6172 -0.6507 -0.4423
vn -0.3626 -0.8171 0.4482
vn -0.8746 -0.4781 -0.0806
vn -0.4213 -0.0426 -0.9059
vn 0.5419 -0.5569 -0.6294
vn -0.7421 -0.5777 0.3400
vn -0.9015 -0.2440 -0.3574
vn -0.7205 -0.4649 0.5145
vn -0.6121 0.0653 -0.7881
vn 0.4443 0.1148 -0.8885
vn -0.9404 0.2775 0.1965
vn -0.7372 -0.0005 -0.6757
vn -0.6836 0.0035 0.7299
vn -0.7251 -0.0145 0.6885
vn -0.7937 0.0329 0.6074
vn -0.5889 0.0032 0.8082
vn -0.5852 0.0018 0.8109
vn -0.6947 -0.1142 0.7102
vn 0.8764 0.0226 0.4811
vn 0.5256 -0.1366 0.8397
vn -0.6288 -0.1340 0.7659
vn -0.7961 -0.0781 0.6001
vn 0.3000 -0.0387 0.9532
vn 0.0952 0.1173 0.9885
vn -0.6268 0.0193 0.7790
vn 0.5204 0.1676 0.8373
vn -0.4008 0.3483 0.8474
vn -0.5975 0.0686 0.7989
vn -0.7231 0.0878 0.6851
vn -0.6946 0.1141 0.7103
vn -0.9375 -0.2889 0.1940
vn -0.7440 0.0135 0.6681
vn 0.8372 0.4008 0.3722
vn -0.9926 -0.0916 -0.0801
vn -0.9916 -0.1286 -0.0117
vn -0.9371 0.3487 -0.0166
vn -0.7784 0.6256 0.0532
vn -0.6622 0.6124 0.4317
vn -0.1694 0.7662 -0.6199
vn -0.5249 0.8448 0.1036
vn -0.4368 0.0379 0.8988
vn -0.9050 0.4197 0.0699
vn -0.5375 0.3590 -0.7630
vn 0.1943 0.5623 -0.8038
vn 0.8998 0.4236 0.1046
vn -0.9404 -0.2776 -0.1966
vn -0.7298 0.0149 -0.6835
vn 0.3524 0.1590 -0.9223
vn -0.5832 0.0331 -0.8116
vn -0.7228 0.0876 -0.6855
vn -0.0062 0.0705 -0.9975
vn 0.3000 0.0388 -0.9532
vn 0.0951 -0.1173 -0.9885
vn -0.6268 -0.0193 -0.7790
vn 0.2221 0.1041 -0.9694
vn 0.4820 -0.0880 -0.8718
vn 0.7225 0.0512 -0.6895
vn 0.1426 0.0715 -0.9872
vn 0.7367 0.3032 -0.6044
vn -0.8471 0.4465 -0.2882
vn 0.4651 0.7639 0.4474
vn 0.2712 0.8251 0.4957
vn -0.1824 0.1057 0.9775
vn -0.8603 0.4291 0.2753
vn 0.7562 0.2850 0.5891
vn -0.0321 0.2355 0.9713
vn 0.6770 0.0903 0.7304
vn 0.2658 -0.0757 0.9611
vn 0.5721 -0.0353 0.8194
vn 0.7597 0.1334 0.6364
vn 0.8416 0.1377 0.5222
vn 0.9811 -0.1579 0.1118
vn 0.9726 -0.1906 -0.1328
vn 0.8229 -0.5681 -0.0131
vn -0.1367 -0.2208 -0.9657
vn 0.1718 -0.5076 -0.8443
vn 0.7073 -0.2360 -0.6663
vn -0.7492 -0.0659 -0.6590
vn -0.6982 -0.0569 0.7137
vn -0.6574 -0.0979 0.7472
vn 1.0000 0.0042 0.0057
vn 0.9286 -0.3114 0.2019
vn 0.9806 -0.1163 0.1580
vn -0.3485 0.5226 0.7781
vn -0.5788 -0.4853 -0.6553
vn -0.7362 -0.0883 -0.6710
vn -0.6022 0.3181 0.7323
vn -0.5128 -0.1243 0.8495
vn -0.5929 -0.5605 0.5782
vn -0.5715 0.1573 -0.8054
vn -0.6256 0.1307 -0.7691
vn -0.9379 0.0109 -0.3467
vn 0.1829 0.1312 -0.9743
vn -0.4365 0.4692 0.7677
vn -0.5316 0.1353 0.8361
vn -0.7492 0.0659 0.6590
vn -0.6984 0.0569 -0.7135
vn -0.6572 0.0980 -0.7473
vn 0.9121 0.1795 0.3687
vn -0.7116 0.7023 0.0203
vn -0.9586 -0.1270 -0.2547
vn -0.6515 -0.0887 -0.7535
vn -0.7439 -0.0113 0.6681
vn -0.8156 -0.0142 -0.5785
vn -0.9568 -0.1831 -0.2260
vn -0.9803 -0.1379 0.1412
vn -0.6304 0.0009 0.7763
vn -0.8335 0.0894 0.5453
vn -0.9009 -0.2071 -0.3814
vn -0.7979 -0.0006 -0.6028
vn -0.8333 -0.0894 0.5455
vn -0.9011 0.2073 -0.3810
vn -0.9809 0.1328 0.1420
vn -0.3303 -0.6730 -0.6617
vn -0.9743 0.0943 -0.2046
vn -0.8483 -0.1583 -0.5052
vn -0.9491 0.1865 0.2539
vn -0.5662 -0.2037 -0.7987
vn -0.7363 0.0883 0.6708
vn -0.9503 -0.0943 -0.2968
vn -0.5599 -0.0676 -0.8258
vn 0.3324 -0.7665 0.5496
vn -0.9965 0.0258 -0.0797
vn -0.9157 -0.1432 -0.3755
vn -0.8780 0.3106 0.3643
vn 0.9318 0.1539 0.3286
vn -0.6770 0.2007 0.7081
vn 0.9214 -0.3457 0.1774
vn 0.7977 0.0696 0.5990
vn -0.0885 0.3545 -0.9309
vn -0.6558 0.3327 -0.6777
vn -0.4013 -0.0281 -0.9155
vn -0.9734 0.0537 -0.2226
vn 0.1837 -0.7616 0.6215
vn 0.6345 -0.2546 0.7298
vn 0.9579 -0.1300 0.2561
vn 0.6340 -0.5333 0.5600
vn 0.7944 0.0629 0.6042
vn 0.9213 0.1761 0.3466
vn 0.7501 -0.2531 0.6110
vn 0.9896 0.0003 -0.1439
vn 0.4528 0.0082 0.8916
vn -0.4945 0.8555 0.1536
vn -0.9597 0.2046 0.1926
vn -0.9673 -0.0329 0.2515
vn -0.9579 0.1208 -0.2605
vn 0.9093 -0.0772 -0.4089
vn 0.8774 0.1361 0.4601
vn -0.9186 0.0407 -0.3932
vn -0.8802 0.4307 -0.1995
vn -0.6912 -0.0304 0.7220
vn -0.1119 -0.3206 0.9406
vn -0.9344 0.0583 -0.3515
vn -0.7339 -0.0903 -0.6733
vn -0.9177 0.0455 -0.3947
vn -0.1444 -0.3321 0.9321
vn 0.1835 -0.7617 0.6213
vn -0.1120 -0.3205 0.9406
vn 0.0615 -0.3662 0.9285
vn 0.6358 -0.2560 0.7281
vn 0.7709 -0.2905 0.5668
vn 0.7285 0.3059 -0.6130
vn 0.8552 0.3078 -0.4169
vn -0.7765 0.5521 -0.3037
vn -0.8797 -0.0609 0.4716
vn -0.6913 -0.0304 0.7220
vn 0.1074 -0.1475 0.9832
vn -0.2968 -0.1589 0.9416
vn -0.8144 -0.5323 -0.2310
vn 0.1185 -0.0263 -0.9926
vn 0.9103 -0.4025 -0.0969
vn 0.3803 -0.0346 -0.9242
vn -0.9362 0.2053 -0.2853
vn -0.9921 -0.1220 0.0283
vn -0.9605 -0.2751 0.0431
vn -0.8722 -0.0501 0.4866
vn -0.9765 -0.1880 -0.1058
vn -0.4361 -0.0688 -0.8973
vn 0.0017 -0.2731 0.9620
vn -0.6853 -0.0303 0.7276
vn -0.6388 0.0233 -0.7691
vn -0.9475 -0.2828 -0.1494
vn 0.1167 -0.0247 -0.9929
vn 0.9867 -0.0431 -0.1570
vn -0.9566 0.0804 -0.2800
vn -0.4419 0.0083 -0.8970
vn -0.9859 -0.1229 -0.1136
vn 0.9648 -0.2604 0.0366
vn 0.8948 0.0387 0.4447
vn 0.9527 -0.1989 0.2298
vn 0.8484 0.2846 -0.4464
vn 0.9868 0.0426 -0.1564
vn 0.9877 -0.0456 -0.1496
vn 0.6052 0.1197 -0.7870
vn -0.5298 0.2357 -0.8147
vn -0.9539 0.0785 -0.2897
vn -0.4867 -0.0129 -0.8735
vn 0.5650 -0.0274 -0.8246
vn -0.6826 0.2605 -0.6827
vn -0.5678 0.2078 -0.7965
vn -0.5645 0.2606 -0.7832
vn -0.2084 0.0998 -0.9729
vn 0.0171 0.1969 0.9803
vn -0.6869 0.2320 -0.6888
vn -0.5550 0.2107 -0.8047
vn -0.8053 0.2001 -0.5581
vn -0.9750 0.0750 -0.2092
vn -0.9123 0.1632 0.3756
vn -0.9691 0.1043 0.2234
vn 0.3340 0.9217 -0.1972
vn 0.0620 0.8097 0.5836
vn 0.0082 -0.9236 -0.3832
vn -0.9182 -0.3388 0.2050
vn -0.9178 0.0541 -0.3933
vn -0.9873 -0.0431 0.1531
vn -0.6819 0.0973 -0.7249
vn -0.6920 -0.1751 -0.7004
vn 0.4581 -0.1928 -0.8677
vn 0.4524 0.1231 -0.8833
vn -0.9509 0.2413 0.1941
vn -0.9284 0.0988 0.3581
vn -0.9155 -0.2219 -0.3357
vn -0.9333 -0.1166 0.3397
vn 0.8789 0.3852 -0.2814
vn -0.9219 0.0461 0.3847
vn -0.9636 0.2155 -0.1581
vn 0.7485 -0.1579 -0.6441
vn 0.2972 -0.1066 0.9489
vn -0.2935 -0.2597 0.9200
vn 0.6115 0.0713 -0.7880
vn -0.4259 0.0774 -0.9015
vn 0.3297 0.3070 0.8928
vn -0.6447 0.6535 -0.3966
vn 0.7477 0.5774 0.3279
vn -0.3061 -0.1206 0.9443
vn -0.7937 -0.0755 0.6036
vn -0.4833 -0.2011 -0.8520
vn 0.5262 0.0535 -0.8487
vn 0.8178 0.1327 -0.5600
vn 0.1018 -0.0520 0.9934
vn 0.0934 -0.9284 0.3597
vn 0.6161 -0.0473 0.7862
vn 0.9967 -0.0591 -0.0556
vn 0.4930 -0.7695 0.4059
vn -0.0183 -0.6089 -0.7931
vn -0.2568 -0.6520 -0.7134
vn -0.9628 -0.2692 -0.0214
vn -0.8951 -0.1388 0.4236
vn -0.5279 -0.0768 0.8458
vn -0.1019 -0.0520 0.9934
vn -0.6162 -0.0473 0.7862
vn -0.0303 -0.9404 0.3387
vn -0.9967 -0.0591 -0.0556
vn 0.0717 -0.5203 -0.8510
vn 0.1424 -0.6728 -0.7260
vn 0.1935 -0.9714 0.1375
vn 0.9601 -0.1886 0.2065
vn 0.5561 -0.0774 0.8275
vn -0.2166 0.9010 -0.3759
vn -0.2872 0.7913 0.5398
vn -0.6755 0.4264 -0.6015
vn 0.1348 -0.6594 0.7396
vn 0.3927 -0.9085 0.1430
vn 0.5428 -0.7542 0.3696
vn 0.7178 -0.6895 -0.0966
vn -0.2420 0.3962 0.8857
vn -0.3093 0.5035 0.8067
vn 0.2927 -0.7754 -0.5595
vn 0.5278 -0.6753 -0.5151
vn -0.2787 0.3837 0.8804
vn -0.1806 0.7712 -0.6104
vn -0.2502 -0.1957 -0.9482
vn 0.2492 -0.1788 -0.9518
vn -0.0705 -0.3056 -0.9495
vn -0.4697 0.4738 0.7450
vn 0.5330 -0.2178 -0.8176
vn 0.7376 -0.2335 -0.6335
vn -0.6991 -0.4468 0.5582
vn 0.6316 -0.6701 0.3900
vn 0.7777 -0.4287 0.4598
vn -0.9812 0.0890 0.1711
vn 0.2658 -0.0836 -0.9604
vn -0.7252 0.6880 -0.0264
vn 0.1669 -0.2367 -0.9571
vn 0.7284 -0.2697 0.6298
vn 0.3651 -0.2122 0.9064
vn -0.9377 0.3294 -0.1102
vn 0.8470 -0.2864 0.4478
vn 0.9980 -0.0332 -0.0533
vn 0.8278 -0.2267 -0.5133
vn 0.8977 -0.1182 -0.4245
vn 0.7068 -0.2231 -0.6713
vn 0.1164 -0.3205 -0.9401
vn 0.6600 -0.2620 -0.7041
vn 0.8039 -0.1052 -0.5854
vn 0.0131 0.4681 0.8836
vn 0.5988 -0.2398 -0.7642
vn -0.9219 0.0137 -0.3873
vn -0.2598 0.2260 -0.9389
vn -0.9941 -0.0588 -0.0910
vn 0.2934 -0.3790 -0.8776
vn -0.1644 0.0040 0.9864
vn 0.6389 -0.3136 0.7025
vn 0.7039 -0.0421 0.7090
vn 0.0923 0.1393 0.9859
vn -0.8372 0.4032 -0.3694
vn -0.8469 0.3319 0.4154
vn 0.9602 0.0209 0.2784
vn 0.9714 -0.0022 0.2376
vn 0.3462 0.2683 0.8990
vn -0.6950 0.2442 0.6762
vn 0.9861 -0.0509 -0.1581
vn 0.9665 -0.0568 -0.2505
vn 0.7513 -0.1929 -0.6312
vn 0.6654 -0.3384 -0.6654
vn 0.0819 0.5996 0.7961
vn -0.7653 -0.2534 -0.5917
vn -0.9243 -0.2909 -0.2470
vn 0.1655 -0.6724 -0.7214
vn -0.8302 -0.1477 -0.5376
vn -0.9770 -0.1111 -0.1822
vn 0.4040 0.0626 0.9126
vn 0.6479 0.0368 0.7608
vn -0.9711 -0.1125 -0.2104
vn -0.9962 -0.0303 -0.0822
vn -0.7686 -0.0853 -0.6340
vn 0.5727 -0.3503 -0.7411
vn 0.9000 0.2682 0.3437
vn -0.0590 0.7446 0.6649
vn -0.5694 0.2256 0.7905
vn 0.9555 0.0983 -0.2780
vn 0.9048 -0.1016 -0.4135
vn 0.8336 0.0072 -0.5523
vn 0.6781 0.2951 -0.6731
vn 0.7962 0.5266 -0.2980
vn -0.4686 0.3493 0.8115
vn 0.7713 -0.1272 -0.6237
vn 0.6691 -0.1024 -0.7360
vn 0.1074 -0.0926 -0.9899
vn 0.6383 -0.0053 -0.7697
vn -0.9001 -0.3457 0.2652
vn -0.9900 -0.0355 -0.1366
vn -0.4387 -0.1754 0.8814
vn -0.9643 -0.1576 0.2128
vn 0.9100 0.1457 -0.3881
vn -0.5088 0.8178 0.2688
vn 0.9312 0.0414 -0.3622
vn -0.2858 0.1486 0.9467
vn 0.2681 0.9531 -0.1403
vn -0.8330 0.1058 0.5431
vn -0.4719 0.0823 0.8778
vn -0.3486 0.0221 0.9370
vn 0.6172 0.3602 -0.6995
vn -0.1703 -0.8967 -0.4086
vn -0.8799 -0.3881 0.2742
vn 0.9766 0.2070 -0.0583
vn 0.4945 0.4001 -0.7716
vn 0.1703 -0.1215 -0.9779
vn 0.0739 0.8593 0.5061
vn -0.2984 0.5437 0.7845
vn -0.7742 -0.1503 -0.6148
vn -0.4438 -0.4887 0.7511
vn -0.1545 0.5080 0.8474
vn -0.6813 -0.7187 -0.1388
vn 0.7880 0.5927 -0.1667
vn 0.6420 0.5089 0.5734
vn -0.5154 -0.8274 0.2233
vn 0.7299 0.4088 -0.5478
vn -0.1956 -0.9803 0.0262
vn 0.0531 -0.1964 -0.9791
vn -0.1936 0.0161 0.9810
vn -0.2453 0.0250 0.9691
vn -0.0359 -0.0126 0.9993
vn 0.1949 -0.2259 -0.9545
vn 0.8276 0.4361 0.3533
vn 0.2451 -0.1210 0.9619
vn -0.1868 -0.0034 0.9824
vn 0.0098 -0.0187 0.9998
vn -0.7801 -0.1248 -0.6130
vn -0.5466 -0.2044 -0.8121
vn 0.4654 0.0555 0.8833
vn 0.9795 -0.1313 0.1526
vn 0.9940 0.0951 0.0545
vn -0.0235 0.0714 -0.9972
vn -0.1566 -0.1402 -0.9777
vn -0.0081 -0.0159 -0.9998
vn -0.5485 -0.2224 0.8060
vn -0.8826 -0.1283 0.4523
vn 0.9288 0.0437 -0.3680
vn -0.3870 0.0162 -0.9220
vn -0.4123 0.0882 0.9068
vn 0.5816 0.1369 -0.8019
vn 0.3432 0.2435 -0.9071
vn 0.5497 0.0688 -0.8325
vn -0.3785 0.0293 0.9251
vn -0.3265 -0.0197 -0.9450
vn 0.7706 0.0342 0.6364
vn 0.6774 -0.0024 0.7356
vn 0.3299 0.0220 0.9438
vn -0.9735 -0.0230 -0.2275
vn -0.9983 -0.0371 0.0454
vn -0.8834 -0.0650 -0.4640
vn 0.9731 0.0399 0.2267
vn -0.7860 0.0128 0.6182
vn 0.7269 0.0137 0.6866
vn -0.9802 -0.0244 0.1965
vn -0.1368 0.0468 -0.9895
vn 0.4903 0.0147 -0.8714
vn 0.9637 0.0272 0.2655
vn 0.9963 0.0220 0.0834
vn 0.9680 0.1336 -0.2125
vn -0.7176 -0.1074 0.6882
vn 0.9344 -0.0067 -0.3561
vn 0.7273 -0.0160 -0.6862
vn 0.9349 0.0461 -0.3520
vn 0.1205 -0.0598 0.9909
vn 0.0342 -0.0512 0.9981
vn -0.7747 -0.0424 -0.6309
vn -0.7470 0.0004 -0.6648
vn -0.6189 -0.0603 0.7831
vn -0.8552 -0.0477 0.5160
vn -0.3458 -0.4070 0.8455
vn -0.9066 -0.3194 0.2759
vn 0.5960 0.1083 -0.7957
vn 0.9363 0.2428 -0.2538
vn -0.4124 0.2974 -0.8611
vn 0.0055 0.1700 -0.9854
vn 0.7948 0.2192 -0.5659
vn 0.4105 -0.0831 0.9081
vn -0.4017 0.2033 -0.8929
vn 0.6756 0.3174 -0.6654
vn 0.5963 -0.1319 0.7919
vn 0.8366 -0.0142 0.5477
vn -0.9825 -0.1484 -0.1130
vn -0.8911 -0.1262 0.4359
vn 0.1526 0.0966 0.9836
vn 0.6397 -0.3099 0.7034
vn 0.1511 -0.1919 0.9697
vn -0.9984 0.0099 0.0552
vn -0.9483 0.1883 -0.2553
vn 0.3190 0.2546 -0.9129
vn -0.2059 0.2335 -0.9503
vn 0.0201 0.8735 -0.4864
vn -0.9808 -0.0923 -0.1717
vn -0.6896 -0.6848 0.2357
vn 0.9104 -0.0097 0.4137
vn 0.8774 -0.0160 0.4796
vn -0.5242 0.2221 -0.8221
vn 0.5301 0.2907 -0.7965
vn 0.0568 0.5934 -0.8029
vn -0.7915 0.2603 -0.5529
vn -0.6529 0.6713 -0.3508
vn 0.5070 0.8612 -0.0362
vn -0.9744 0.1786 -0.1367
vn -0.3471 0.7436 0.5715
vn 0.6861 -0.5295 0.4989
vn 0.7501 -0.3634 0.5525
vn -0.8784 0.3976 -0.2653
vn -0.0203 0.2190 -0.9755
vn -0.6081 0.4029 0.6840
vn -0.3642 -0.8602 -0.3568
vn -0.1936 0.9481 0.2523
vn 0.8003 -0.5815 -0.1463
vn -0.9891 0.0861 -0.1197
vn -0.5519 0.1527 -0.8198
vn -0.9833 0.0984 -0.1534
vn 0.8751 -0.2234 0.4293
vn 0.8824 -0.3443 -0.3206
vn -0.4701 0.8314 0.2961
vn -0.3094 0.5581 0.7700
vn 0.5708 0.6540 0.4965
vn -0.9515 -0.2199 -0.2151
vn -0.9434 0.3070 0.1256
vn -0.8116 -0.5329 -0.2393
vn -0.9684 -0.2198 -0.1179
vn 0.2356 -0.3501 -0.9066
vn 0.3599 -0.3692 -0.8568
vn 0.9522 0.1677 0.2552
vn 0.9933 0.0876 0.0755
vn 0.9994 0.0033 -0.0359
vn 0.9866 0.0897 0.1360
vn 0.9712 0.1422 0.1911
vn -0.5756 -0.4049 -0.7104
vn 0.5737 0.4059 0.7114
vn 0.9235 0.0227 0.3830
vn -0.9918 0.0756 0.1028
vn -0.1158 -0.0059 0.9933
vn -0.7105 0.2458 0.6593
vn -0.3392 -0.0581 0.9389
vn -0.7840 -0.1911 -0.5906
vn 0.9361 -0.1951 -0.2927
vn 0.8213 -0.2613 -0.5072
vn 0.8230 -0.3779 -0.4241
vn 0.3662 -0.4040 -0.8382
vn 0.9167 -0.0980 -0.3874
vn 0.9399 -0.1629 -0.3000
vn -0.7730 -0.0250 0.6340
vn 0.2177 0.9011 -0.3750
vn 0.6736 0.4209 -0.6075
vn 0.2591 0.8009 0.5398
vn -0.1655 -0.6327 0.7565
vn -0.6431 -0.7110 0.2847
vn -0.4014 -0.9033 0.1513
vn -0.6762 -0.7282 -0.1112
vn 0.4056 0.5494 0.7305
vn 0.5333 0.5219 0.6657
vn -0.5143 -0.6787 -0.5243
vn -0.2922 -0.7753 -0.5600
vn 0.2787 0.3837 0.8804
vn 0.1806 0.7712 -0.6105
vn -0.1210 -0.1839 -0.9755
vn 0.0705 -0.3056 -0.9496
vn -0.2493 -0.1788 -0.9518
vn 0.5896 0.4679 0.6584
vn -0.7320 -0.2475 -0.6348
vn -0.4754 -0.2661 -0.8385
vn 0.6991 -0.4468 0.5583
vn -0.7777 -0.4286 0.4599
vn -0.6315 -0.6700 0.3902
vn 0.9812 0.0890 0.1711
vn -0.3066 -0.0238 -0.9515
vn 0.6936 0.7191 0.0436
vn -0.1669 -0.2367 -0.9571
vn -0.8372 -0.4851 0.2526
vn -0.8871 -0.2250 0.4030
vn 0.8080 0.2015 -0.5536
vn -0.5112 -0.0946 0.8542
vn -0.8256 -0.1826 0.5340
vn 0.2442 0.4770 0.8443
vn -0.9611 -0.0991 -0.2577
vn 0.3938 -0.2154 -0.8936
vn -0.7221 -0.1961 -0.6634
vn -0.6382 -0.2190 -0.7381
vn -0.6904 -0.2093 -0.6924
vn 0.8149 0.0283 -0.5789
vn 0.8990 -0.1538 -0.4101
vn 0.4715 -0.1325 -0.8719
vn -0.2595 -0.3955 -0.8810
vn 0.1290 -0.0277 0.9913
vn -0.0004 0.0836 0.9965
vn -0.4093 -0.0911 0.9078
vn 0.6628 0.2383 0.7098
vn 0.9341 0.3270 -0.1433
vn 0.5857 0.3529 -0.7297
vn -0.2858 0.0957 0.9535
vn 0.5570 -0.8209 0.1258
vn -0.9581 -0.2013 -0.2037
vn -0.9986 -0.0497 -0.0188
vn -0.4473 0.0540 0.8928
vn 0.2114 0.4607 0.8620
vn -0.6624 0.0283 0.7486
vn -0.9981 -0.0256 -0.0552
vn 0.9163 0.2988 0.2666
vn 0.6611 0.2768 0.6974
vn -0.9901 -0.0549 -0.1292
vn -0.9683 -0.0878 -0.2337
vn -0.8406 -0.2101 -0.4992
vn -0.8176 -0.1320 -0.5604
vn -0.8354 -0.2832 -0.4711
vn -0.1468 -0.6379 -0.7560
vn 0.9250 -0.2905 -0.2451
vn 0.7653 -0.2534 -0.5917
vn -0.2759 -0.5083 -0.8158
vn 0.9770 -0.1111 -0.1822
vn 0.8302 -0.1477 -0.5376
vn 0.9966 0.0289 0.0770
vn 0.8901 0.0318 -0.4546
vn 0.9882 0.0886 0.1249
vn 0.9950 0.0228 -0.0968
vn 0.7837 -0.0612 0.6181
vn 0.9718 0.0073 0.2357
vn 0.9840 0.0340 0.1749
vn 0.9784 0.1618 0.1286
vn 0.5776 0.2274 0.7840
vn -0.9555 0.0984 -0.2780
vn -0.9142 -0.2174 -0.3421
vn -0.9061 -0.1000 -0.4110
vn -0.8454 -0.0926 -0.5261
vn -0.7498 0.1106 -0.6523
vn -0.2952 0.0338 -0.9548
vn -0.7336 -0.1001 -0.6722
vn 0.3462 0.4466 0.8251
vn -0.0936 0.8097 0.5794
vn 0.7374 -0.2098 0.6420
vn -0.4658 0.3420 0.8161
vn 0.9345 0.0148 0.3556
vn -0.6808 0.7323 0.0170
vn 0.8244 -0.1393 0.5485
vn -0.9081 0.1110 -0.4038
vn 0.8330 0.1058 0.5430
vn 0.3486 0.0221 0.9370
vn 0.4719 0.0823 0.8778
vn 0.1710 -0.8987 -0.4040
vn -0.3163 0.5999 -0.7349
vn -0.5304 0.0523 -0.8461
vn 0.8807 -0.3876 0.2723
vn 0.2741 0.5989 0.7524
vn 0.7743 -0.1503 -0.6148
vn 0.4437 -0.4887 0.7512
vn 0.1228 0.2565 0.9587
vn 0.7004 -0.7137 0.0025
vn -0.6336 0.5273 0.5662
vn -0.7402 0.6452 -0.1894
vn 0.4933 -0.8412 0.2212
vn -0.7401 0.2961 -0.6038
vn 0.0126 -0.2731 -0.9619
vn 0.5846 -0.8113 -0.0038
vn 0.1936 0.0161 0.9810
vn 0.0359 -0.0126 0.9993
vn 0.2453 0.0250 0.9691
vn -0.8125 0.4530 0.3669
vn -0.2402 -0.0120 0.9707
vn 0.1872 0.0216 0.9821
vn -0.2789 0.0105 0.9603
vn 0.3262 -0.0035 0.9453
vn -0.3960 0.0376 -0.9175
vn -0.2299 0.0538 -0.9717
vn 0.1121 -0.0444 -0.9927
vn 0.6439 -0.2298 -0.7298
vn 0.8815 -0.1505 -0.4476
vn -0.9940 0.0951 0.0545
vn -0.9795 -0.1314 0.1526
vn 0.2568 -0.2112 -0.9431
vn 0.8489 -0.0794 0.5226
vn 0.5163 -0.2089 0.8305
vn -0.9516 -0.1002 -0.2907
vn -0.9567 0.1217 -0.2646
vn 0.3982 -0.0629 -0.9151
vn 0.7397 -0.0282 -0.6724
vn 0.8444 -0.0774 -0.5302
vn 0.8460 -0.1493 -0.5119
vn 0.7930 -0.0259 -0.6087
vn 0.8923 -0.0358 -0.4500
vn 0.9530 -0.0561 -0.2979
vn 0.9136 -0.0319 0.4053
vn 0.8026 -0.1404 0.5798
vn 0.8350 -0.1899 0.5165
vn 0.9348 -0.0277 0.3541
vn 0.6761 -0.0156 0.7366
vn 0.6070 -0.0218 -0.7944
vn 0.9765 -0.0624 -0.2063
vn -0.4749 -0.0016 0.8800
vn -0.8156 0.0316 0.5778
vn -0.7184 0.0221 0.6952
vn -0.5695 0.0087 0.8220
vn -0.6989 0.0291 0.7146
vn -0.9134 0.0343 0.4057
vn 0.9985 -0.0361 0.0402
vn -0.0592 -0.0243 -0.9980
vn 0.2275 -0.0303 -0.9733
vn -0.9766 0.0028 0.2152
vn -0.9415 -0.0050 -0.3368
vn 0.7087 -0.1038 0.6978
vn 0.5933 -0.0120 0.8049
vn -0.9567 0.0137 -0.2908
vn 0.6428 -0.0969 0.7599
vn -0.3041 0.0547 0.9511
vn -0.7852 -0.0108 -0.6192
vn -0.5532 0.0014 -0.8331
vn 0.5437 0.0160 -0.8392
vn 0.9202 -0.0278 -0.3905
vn 0.6190 -0.0603 0.7831
vn 0.9230 -0.3011 0.2395
vn 0.3539 -0.4072 0.8420
vn 0.8553 -0.0477 0.5160
vn 0.5826 0.1242 -0.8032
vn -0.5614 -0.0148 0.8274
vn 0.7418 0.1751 -0.6473
vn -0.4626 -0.1133 0.8793
vn -0.8132 0.0056 0.5820
vn -0.6873 -0.0577 0.7241
vn 0.9879 -0.1103 -0.1091
vn 0.8911 -0.1261 0.4359
vn -0.1525 0.0967 0.9836
vn -0.6397 -0.3099 0.7034
vn 0.9836 0.1064 -0.1458
vn 0.9985 -0.0456 -0.0318
vn -0.1511 -0.1919 0.9697
vn -0.3240 0.2620 -0.9090
vn 0.1416 0.8651 -0.4812
vn 0.1997 0.2333 -0.9517
vn 0.9808 -0.0922 -0.1717
vn 0.6813 -0.6831 0.2631
vn -0.9192 -0.0483 0.3909
vn -0.9477 -0.0423 0.3165
vn 0.5270 0.2166 -0.8218
vn -0.5180 0.2978 -0.8018
vn -0.0427 0.6012 -0.7979
vn 0.6226 0.7074 -0.3346
vn 0.7835 0.2691 -0.5601
vn -0.4804 0.8721 -0.0927
vn 0.7141 0.6636 -0.2228
vn -0.6861 -0.5295 0.4989
vn -0.7501 -0.3634 0.5525
vn 0.8784 0.3976 -0.2653
vn 0.6083 0.4028 0.6839
vn 0.0203 0.2190 -0.9755
vn 0.3858 -0.8541 -0.3488
vn 0.0997 0.9364 0.3365
vn 0.4020 0.8811 0.2491
vn -0.7978 -0.5851 -0.1456
vn 0.9695 -0.0814 -0.2311
vn 0.9823 -0.1045 0.1556
vn 0.7003 -0.0964 -0.7073
vn -0.8751 -0.2234 0.4293
vn -0.8824 -0.3443 -0.3206
vn 0.1540 0.6316 0.7598
vn 0.3829 0.8421 0.3798
vn -0.3473 0.5605 0.7518
vn -0.3294 -0.3698 -0.8688
vn -0.2355 -0.3501 -0.9066
vn 0.9886 0.1081 0.1044
vn 0.9977 0.0565 -0.0371
vn 0.9982 0.0539 0.0246
vn -0.9423 -0.0417 0.3322
vn -0.8731 -0.3786 -0.3071
vn -0.9559 0.0135 -0.2935
vn -0.9805 0.1168 0.1583
vn -0.9678 -0.0824 0.2380
vn -0.5835 0.4510 0.6754
vn -0.2798 0.5760 0.7680
vn 0.9362 0.2408 0.2559
vn -0.0099 -0.0150 0.9998
vn 0.9281 0.1356 0.3468
vn 0.5659 0.0035 0.8245
vn 0.9824 0.1181 -0.1447
vn 0.9839 -0.0400 -0.1741
vn -0.9650 -0.0941 -0.2447
vn -0.3782 -0.4022 -0.8338
vn 0.7021 -0.0166 0.7119
vn -0.9514 0.0142 0.3076
vn 0.9108 0.4006 -0.0995
vn 0.8343 0.5441 0.0890
vn 0.6567 0.7150 0.2399
vn -0.5832 -0.7318 -0.3526
vn 0.0743 -0.8947 -0.4404
vn 0.8697 -0.4270 -0.2475
vn -0.9863 0.0002 0.1651
vn -0.9920 -0.0471 0.1168
vn -0.9845 0.0255 0.1734
vn 0.9196 -0.0947 -0.3813
vn 0.9694 -0.1425 -0.2001
vn 0.9899 0.0095 -0.1415
vn 0.9854 0.0130 -0.1699
vn 0.9928 -0.0127 0.1191
vn 0.9857 0.0229 -0.1668
vn -0.8327 -0.5398 -0.1231
vn 0.2202 -0.5787 -0.7852
vn 0.5964 0.7259 0.3426
vn -0.7852 0.4934 0.3741
vn -0.3419 0.7549 0.5597
vn -0.3760 0.8050 0.4589
vn -0.0999 0.5838 0.8058
vn -0.8072 -0.5459 -0.2245
vn -0.9239 -0.3817 -0.0249
vn 0.9796 0.0733 -0.1871
vn 0.9506 0.1063 -0.2917
vn 0.9791 0.0929 -0.1809
vn -0.9761 -0.2110 0.0515
vn -0.9719 -0.1187 0.2034
vn -0.9720 -0.1492 0.1818
vn 0.8246 0.5231 0.2153
vn -0.8320 -0.0287 0.5540
vn 0.8487 0.0254 -0.5283
vn 0.6446 -0.2636 -0.7176
vn -0.8672 -0.1563 0.4729
vn -0.5103 0.3252 0.7961
vn -0.9226 -0.3800 -0.0658
vn 0.9388 0.2380 -0.2489
vn -0.9267 -0.3701 -0.0657
vn 0.8809 0.1699 -0.4417
vn 0.8790 0.0610 -0.4729
vn 0.2376 -0.3003 -0.9238
vn 0.2688 -0.3196 -0.9086
vn -0.5988 0.1244 0.7912
vn -0.1233 0.3615 0.9242
vn -0.4344 -0.4171 -0.7983
vn 0.3579 0.4764 0.8030
vn 0.9236 0.3648 -0.1177
vn 0.9395 0.3313 -0.0870
vn 0.9302 0.2597 -0.2593
vn 0.9049 0.2230 -0.3624
vn 0.8997 0.4192 0.1213
vn -0.8852 -0.1844 0.4271
vn -0.9270 -0.2826 0.2467
vn -0.8260 -0.0385 0.5624
vn 0.8026 -0.0221 -0.5961
vn 0.6906 0.0116 -0.7232
vn 0.8084 -0.0166 -0.5884
vn -0.8771 -0.1447 0.4579
vn 0.5922 -0.0896 -0.8008
vn -0.2202 -0.4012 -0.8891
vn -0.2097 0.2599 0.9426
vn -0.8287 -0.4406 -0.3451
vn 0.9322 0.3533 0.0781
vn 0.9089 0.2273 -0.3496
vn 0.9267 0.2311 -0.2962
vn 0.8448 0.4195 0.3321
vn -0.9473 -0.2993 0.1141
vn -0.7804 -0.0649 0.6219
vn -0.8424 -0.1419 0.5198
vn 0.6159 -0.0681 -0.7849
vn 0.5578 -0.0886 -0.8252
vn 0.4415 -0.1667 -0.8817
vn -0.6136 0.0854 0.7850
vn -0.5466 0.0885 0.8327
vn -0.5101 0.1042 0.8538
vn -0.4427 0.1466 0.8846
vn -0.4061 -0.1898 -0.8939
vn 0.1129 -0.1898 -0.9753
vn 0.6229 -0.1898 -0.7589
vn 0.6356 -0.1898 0.7483
vn 0.1915 -0.1898 0.9630
vn -0.2851 -0.1898 0.9395
vn -0.7057 -0.1898 0.6826
vn -0.8659 -0.1898 -0.4627
vn 0.9396 -0.1898 -0.2849
vn -0.9661 -0.1898 0.1751
vn -0.4677 0.4923 -0.7341
vn -0.7364 0.6214 -0.2675
vn -0.8764 0.3767 -0.3001
vn -0.0966 0.6520 -0.7520
vn -0.9761 0.1780 0.1246
vn -0.7267 0.1224 0.6760
vn 0.3736 0.3785 0.8468
vn 0.7771 0.5186 0.3566
vn 0.7166 0.6895 -0.1049
vn -0.1980 0.1229 0.9725
vn 0.7621 0.5105 0.3983
vn 0.0515 0.5395 0.8404
vn 0.4328 0.4002 0.8078
vn -0.7273 0.0984 0.6793
vn -0.3352 0.0582 0.9404
vn 0.8566 0.2828 0.4317
vn -0.4171 0.5575 -0.7178
vn 0.6377 0.6071 0.4741
vn -0.9348 0.2447 0.2574
vn -0.7366 0.6214 -0.2671
vn 0.7944 0.4969 0.3494
vn -0.8317 0.3904 -0.3947
vn 0.4999 0.7082 -0.4986
vn 0.3165 -0.1898 0.9294
vn -0.2690 -0.1898 0.9443
vn -0.7058 -0.1898 0.6826
vn -0.9596 -0.1898 0.2076
vn -0.9396 -0.1898 -0.2850
vn -0.6943 -0.1898 -0.6943
vn -0.2850 -0.1898 -0.9396
vn 0.2077 -0.1898 -0.9596
vn 0.6943 -0.1898 -0.6942
vn 0.8579 -0.1898 0.4775
vn 0.9661 -0.1898 -0.1751
vn 0.0977 0.6512 0.7526
vn 0.4674 0.4923 0.7343
vn 0.7406 0.6194 0.2604
vn -0.4439 0.6561 -0.6103
vn -0.7771 0.5186 -0.3566
vn -0.7164 0.6896 0.1055
vn 0.8743 0.3766 0.3063
vn -0.3735 0.3789 -0.8467
vn 0.9840 0.1780 -0.0098
vn 0.8993 0.1225 -0.4197
vn 0.6184 0.1099 -0.7782
vn 0.1644 0.1229 -0.9787
vn -0.7012 0.5146 -0.4935
vn -0.2627 0.6099 -0.7477
vn -0.3607 0.3688 -0.8567
vn 0.8321 0.3893 0.3950
vn 0.7480 0.6322 0.2021
vn 0.3274 0.5075 0.7970
vn -0.6529 0.7463 -0.1290
vn 0.9133 0.3106 -0.2634
vn 0.3750 0.2500 -0.8927
vn -0.3643 0.7047 0.6088
vn 0.8024 0.1553 -0.5762
vn -0.5068 0.6969 0.5074
vn 0.9007 -0.1898 0.3909
vn 0.5454 -0.1898 0.8164
vn -0.0167 -0.1898 0.9817
vn -0.9346 -0.1898 0.3009
vn -0.7589 -0.1898 -0.6229
vn -0.3605 -0.1898 -0.9133
vn 0.2079 -0.1898 -0.9596
vn 0.7484 -0.1898 -0.6356
vn 0.9753 -0.1898 -0.1128
vn -0.6101 -0.1898 0.7693
vn 0.7531 0.6508 -0.0965
vn 0.7343 0.4923 -0.4674
vn 0.4725 0.5138 -0.7160
vn -0.6103 0.6561 0.4438
vn -0.3566 0.5186 0.7771
vn 0.1061 0.6899 0.7161
vn 0.6829 0.3277 -0.6529
vn -0.8467 0.3789 0.3736
vn -0.3780 0.1240 -0.9174
vn -0.7782 0.1099 -0.6184
vn -0.9787 0.1229 -0.1644
vn -0.4936 0.5145 0.7012
vn -0.7367 0.6212 0.2672
vn -0.8595 0.3677 0.3550
vn 0.7858 0.4388 -0.4359
vn 0.0223 0.8590 0.5116
vn -0.3249 0.2937 -0.8990
vn -0.9002 0.2492 -0.3572
vn 0.6088 0.7048 0.3642
vn -0.6396 0.1553 -0.7528
vn -0.2054 0.5644 -0.7996
vn 0.3498 0.7236 0.5950
vn -0.9071 -0.1898 -0.3757
vn -0.6228 -0.1898 -0.7590
vn -0.1754 -0.1898 -0.9660
vn 0.3757 -0.1898 -0.9071
vn 0.8255 -0.1898 -0.5315
vn 0.2849 -0.1898 0.9396
vn -0.7589 -0.1898 0.6229
vn -0.9753 -0.1898 0.1128
vn 0.7589 -0.1898 0.6229
vn 0.6168 0.6552 -0.4361
vn 0.3635 0.5222 -0.7715
vn -0.0972 0.7245 -0.6824
vn 0.8151 0.4530 -0.3611
vn -0.7008 0.7073 0.0930
vn -0.7350 0.4907 0.4681
vn -0.3014 0.3982 0.8664
vn 0.9721 0.2106 0.1035
vn 0.0906 0.1780 0.9798
vn 0.5050 0.1229 0.8543
vn 0.8119 0.1366 0.5676
vn -0.1498 0.6385 -0.7549
vn 0.7367 0.6212 -0.2671
vn 0.8554 0.3711 -0.3613
vn 0.9143 0.3136 0.2564
vn -0.6940 0.7058 0.1422
vn -0.7192 0.5572 0.4152
vn 0.4294 0.6623 -0.6140
vn 0.3749 0.2527 0.8920
vn -0.3987 0.3942 0.8280
vn -0.3016 0.5840 0.7536
vn -0.6818 0.5070 0.5274
vn 0.8025 0.1548 0.5763
vn -0.5143 0.6910 -0.5079
vn -0.9071 -0.1898 -0.3758
vn -0.6098 -0.1898 -0.7695
vn -0.0632 -0.1898 -0.9798
vn 0.9346 -0.1898 -0.3009
vn 0.9560 -0.1898 0.2239
vn 0.6098 -0.1898 0.7695
vn 0.5969 -0.1898 -0.7795
vn -0.7375 -0.1898 0.6481
vn 0.9548 0.2935 0.0464
vn 0.8026 0.5222 -0.2884
vn 0.4122 0.7217 -0.5561
vn 0.9155 0.3145 0.2510
vn -0.5647 0.7020 -0.4339
vn -0.8575 0.4852 -0.1713
vn -0.0818 0.6465 0.7585
vn 0.5544 0.2409 0.7966
vn 0.0414 0.1368 0.9897
vn -0.5447 0.1163 0.8306
vn 0.6308 0.2551 0.7328
vn 0.6504 0.7137 0.2599
vn 0.9046 0.4206 0.0698
vn -0.1935 0.1484 0.9698
vn 0.2503 0.1716 0.9528
vn 0.8358 0.5396 -0.1015
vn -0.5310 0.2617 0.8060
vn 0.9336 0.2946 0.2042
vn 0.9346 -0.1898 0.3010
vn 0.6101 -0.1898 0.7692
vn -0.5318 -0.1898 0.8254
vn -0.8659 -0.1898 0.4628
vn -0.9813 -0.1898 -0.0331
vn -0.2239 -0.1898 -0.9560
vn 0.2851 -0.1898 -0.9395
vn 0.0166 -0.1898 0.9817
vn -0.7445 0.6553 -0.1277
vn -0.8026 0.5222 0.2884
vn -0.3800 0.7105 0.5922
vn -0.8308 0.4573 -0.3172
vn 0.5612 0.7015 0.4393
vn 0.8799 0.4333 0.1951
vn 0.8527 0.3622 -0.3765
vn -0.6855 0.2145 -0.6958
vn 0.5719 0.1190 -0.8116
vn 0.1129 0.1099 -0.9875
vn -0.3471 0.1353 -0.9280
vn -0.8484 0.3628 -0.3855
vn -0.7940 0.5334 0.2917
vn -0.7054 0.6765 -0.2114
vn -0.0720 0.1641 -0.9838
vn -0.6157 0.1840 -0.7662
vn 0.8154 0.5778 -0.0355
vn 0.8354 0.4654 0.2923
vn 0.8159 0.4027 -0.4150
vn -0.6471 0.4846 0.5885
vn 0.4873 0.0849 -0.8691
vn -0.8575 0.3741 -0.3530
vn -0.0532 0.7353 0.6757
vn 0.9630 -0.1898 0.1916
vn -0.0797 -0.1898 0.9786
vn -0.6943 -0.1898 0.6942
vn -0.9786 -0.1898 0.0796
vn -0.7694 -0.1898 -0.6099
vn -0.2078 -0.1898 -0.9596
vn 0.3912 -0.1898 -0.9005
vn 0.1277 0.6552 -0.7446
vn -0.2884 0.5222 -0.8026
vn -0.5561 0.7204 -0.4144
vn 0.3250 0.4491 -0.8323
vn -0.4353 0.7019 0.5638
vn -0.1951 0.4333 0.8799
vn 0.3759 0.3604 0.8537
vn 0.8118 0.1494 -0.5645
vn 0.8213 0.1199 0.5577
vn 0.9939 0.1099 -0.0000
vn 0.3815 0.4881 -0.7850
vn -0.2917 0.5334 -0.7940
vn 0.2308 0.6763 -0.6996
vn 0.9201 0.1125 0.3752
vn 0.9873 0.1553 -0.0334
vn 0.7875 0.1754 -0.5908
vn 0.1322 0.5715 0.8099
vn -0.2475 0.5051 0.8268
vn 0.7705 0.6002 0.2146
vn -0.5780 0.5061 -0.6402
vn 0.3526 0.3742 -0.8577
vn -0.6758 0.7352 -0.0528
vn 0.5318 -0.1898 -0.8254
vn 0.9813 -0.1898 0.0331
vn -0.2077 -0.1898 0.9596
vn -0.6942 -0.1898 0.6943
vn -0.9346 -0.1898 -0.3010
vn -0.6101 -0.1898 -0.7693
vn -0.0166 -0.1898 -0.9817
vn 0.7693 -0.1898 0.6101
vn -0.1277 0.6552 0.7446
vn 0.2883 0.5222 0.8026
vn 0.5563 0.7210 0.4133
vn -0.3251 0.4491 0.8323
vn 0.4352 0.7021 -0.5636
vn 0.1951 0.4333 -0.8799
vn -0.3758 0.3604 -0.8537
vn -0.8118 0.1494 0.5645
vn -0.8213 0.1199 -0.5577
vn -0.9939 0.1099 -0.0000
vn 0.7804 0.4572 -0.4265
vn 0.3415 0.4984 0.7969
vn -0.0548 0.7323 0.6788
vn -0.9070 0.1404 -0.3972
vn -0.9879 0.1553 0.0001
vn -0.8992 0.2099 0.3838
vn -0.2685 0.5501 -0.7908
vn 0.1776 0.5338 -0.8268
vn -0.0457 0.8984 -0.4368
vn 0.4970 0.5619 0.6612
vn -0.3449 0.3754 0.8603
vn 0.6664 0.7347 -0.1272
vn 0.3757 -0.1898 0.9071
vn 0.9805 -0.0241 -0.1951
vn 0.9071 -0.1898 -0.3757
vn 0.9630 -0.1898 -0.1915
vn -0.3757 -0.1898 0.9071
vn 0.9071 -0.1898 0.3758
vn 0.1916 -0.1898 -0.9630
vn 0.3758 -0.1898 -0.9071
vn -0.1915 -0.1898 -0.9630
vn 0.0001 -0.1898 -0.9818
vn -0.6942 -0.1898 -0.6943
vn -0.8164 -0.1898 0.5454
vn 0.8164 -0.1898 -0.5454
vn -0.9630 -0.1897 0.1915
vn -0.9818 -0.1897 -0.0001
vn -0.0001 -0.1898 0.9818
vn 0.9818 -0.1898 0.0001
vn -0.8163 -0.1898 -0.5455
vn -0.5455 -0.1898 0.8163
vn 0.8163 -0.1898 0.5455
vn -0.3757 -0.1898 -0.9071
vn -0.9071 -0.1898 0.3757
vn -0.6930 0.1984 -0.6931
vn -0.5445 0.1984 -0.8150
vn 0.2394 0.2378 0.9413
vn 0.4647 0.0167 0.8853
vn -0.0185 -0.0246 0.9995
vn 0.3458 0.0445 -0.9372
vn 0.2542 0.2644 -0.9303
vn -0.0715 -0.0541 -0.9960
vn 0.5578 0.1593 -0.8145
vn -0.5210 -0.3928 -0.7578
vn -0.6911 0.5874 -0.4212
vn -0.2790 -0.0623 -0.9583
vn -0.3087 0.3831 0.8706
vn -0.3594 0.3113 -0.8797
vn -0.7137 0.3848 0.5853
vn 0.6689 0.0434 -0.7421
vn 0.9659 0.1631 -0.2011
vn -0.8434 -0.0314 0.5363
vn -0.4563 -0.2023 0.8665
vn 0.9215 0.1524 -0.3571
vn 0.3667 0.8459 -0.3874
vn 0.9921 -0.0450 -0.1170
vn 0.9778 0.1893 -0.0900
vn -0.7532 0.6085 0.2497
vn -0.4597 -0.0848 0.8840
vn -0.9873 0.0072 -0.1586
vn 0.9305 -0.1552 0.3318
vn -0.9885 -0.1387 0.0600
vn 0.6234 0.2586 0.7379
vn 0.7973 -0.1936 0.5717
vn 0.9027 0.0213 0.4298
vn 0.1915 0.1898 0.9630
vn 0.1911 0.1984 0.9613
vn -0.0001 0.1984 0.9801
vn 0.3751 0.1984 -0.9055
vn 0.5446 0.1984 -0.8149
vn -0.3750 0.1984 -0.9055
vn -0.1913 0.1984 0.9613
vn 0.6942 0.1898 -0.6943
vn 0.6931 0.1984 -0.6930
vn -0.3751 0.1984 0.9055
vn 0.8150 0.1984 -0.5445
vn -0.5446 0.1984 0.8149
vn 0.9055 0.1984 -0.3750
vn -0.6931 0.1984 0.6930
vn 0.9613 0.1984 -0.1911
vn 0.9801 0.1984 0.0001
vn -0.8164 0.1898 0.5455
vn -0.8150 0.1984 0.5445
vn -0.9055 0.1984 0.3750
vn 0.9613 0.1984 0.1913
vn -0.9613 0.1984 0.1911
vn 0.9055 0.1984 0.3751
vn 0.8149 0.1984 0.5446
vn -0.9801 0.1984 -0.0001
vn -0.9613 0.1984 -0.1913
vn 0.6930 0.1984 0.6931
vn -0.9055 0.1984 -0.3751
vn 0.5445 0.1984 0.8150
vn -0.8149 0.1984 -0.5446
vn 0.3750 0.1984 0.9055
vn 0.0001 0.1984 -0.9801
vn 0.1912 0.1984 -0.9613
vn -0.9100 -0.1723 0.3770
vn -0.8190 -0.1723 0.5473
vn -0.8227 -0.1454 0.5496
vn -0.9141 -0.1454 0.3786
vn 0.9637 0.2642 -0.0390
vn 0.9466 0.0928 0.3086
vn 0.9682 -0.1193 0.2197
vn 0.9627 -0.2056 0.1760
vn -0.9094 0.3817 0.1656
vn -0.7480 0.1986 0.6333
vn -0.7588 -0.1740 0.6276
vn -0.8820 -0.1694 0.4397
vn -0.9002 -0.4343 -0.0307
vn 0.8588 0.1955 0.4736
vn 0.8675 -0.1723 0.4666
vn -0.5770 0.5997 -0.5545
vn 0.2244 0.2827 0.9326
vn -0.0263 0.0840 0.9961
vn 0.0187 -0.1300 0.9913
vn -0.0541 -0.2298 0.9717
vn -0.6323 0.1285 -0.7640
vn -0.9646 -0.1409 -0.2227
vn -0.1383 0.1336 -0.9813
vn 0.0086 0.2623 -0.9649
vn 0.2627 -0.2316 -0.9367
vn 0.1022 -0.0756 -0.9919
vn 0.3086 0.0928 -0.9467
vn 0.2197 -0.1193 -0.9682
vn 0.3270 0.1336 0.9355
vn 0.0933 -0.0756 0.9928
vn -0.9948 -0.0261 -0.0981
vn -0.9053 -0.0366 0.4232
vn -0.9990 -0.0135 0.0433
vn 0.9661 -0.1723 0.1921
vn 0.9850 -0.1723 -0.0001
vn 0.9894 -0.1454 0.0001
vn 0.9703 -0.1454 0.1931
vn -0.9661 -0.1723 0.1922
vn -0.9704 -0.1454 0.1930
vn 0.9101 -0.1723 0.3769
vn 0.9141 -0.1455 0.3786
vn -0.9850 -0.1723 0.0001
vn -0.9894 -0.1455 -0.0001
vn 0.8191 -0.1723 0.5472
vn 0.8226 -0.1454 0.5497
vn -0.9661 -0.1723 -0.1921
vn -0.9703 -0.1454 -0.1931
vn 0.6966 -0.1723 0.6965
vn 0.6995 -0.1455 0.6996
vn -0.9101 -0.1723 -0.3769
vn -0.9141 -0.1455 -0.3786
vn 0.5473 -0.1723 0.8190
vn 0.5496 -0.1455 0.8227
vn -0.8191 -0.1723 -0.5472
vn -0.8226 -0.1454 -0.5497
vn 0.3770 -0.1723 0.9100
vn 0.3786 -0.1455 0.9141
vn 0.1921 -0.1723 -0.9661
vn -0.0000 -0.1723 -0.9850
vn 0.0001 -0.1455 -0.9894
vn 0.1931 -0.1454 -0.9703
vn -0.6966 -0.1723 -0.6965
vn -0.6995 -0.1455 -0.6996
vn 0.1922 -0.1723 0.9661
vn 0.1930 -0.1454 0.9704
vn 0.3769 -0.1723 -0.9101
vn 0.3786 -0.1455 -0.9141
vn -0.5473 -0.1723 -0.8190
vn -0.5496 -0.1454 -0.8227
vn -0.0000 -0.1723 0.9850
vn -0.0001 -0.1454 0.9894
vn 0.5472 -0.1723 -0.8191
vn 0.5497 -0.1455 -0.8226
vn -0.3770 -0.1723 -0.9100
vn -0.3786 -0.1455 -0.9141
vn 0.6965 -0.1723 -0.6966
vn 0.6996 -0.1455 -0.6995
vn -0.1922 -0.1723 -0.9661
vn -0.1930 -0.1454 -0.9704
vn -0.3769 -0.1723 0.9101
vn -0.1921 -0.1723 0.9661
vn -0.1931 -0.1454 0.9703
vn -0.3786 -0.1455 0.9141
vn 0.8190 -0.1723 -0.5473
vn 0.8227 -0.1454 -0.5496
vn -0.5472 -0.1723 0.8191
vn -0.5497 -0.1455 0.8226
vn 0.9100 -0.1723 -0.3770
vn 0.9141 -0.1455 -0.3786
vn -0.6965 -0.1723 0.6966
vn -0.6996 -0.1455 0.6995
vn 0.9661 -0.1723 -0.1922
vn 0.9704 -0.1454 -0.1930
vn -0.8147 -0.0090 0.5798
vn -0.7220 -0.1455 0.6764
vn -0.7494 0.0146 0.6620
vn 0.9784 0.0131 -0.2063
vn 0.8851 -0.0405 -0.4636
vn 0.9234 -0.0138 -0.3836
vn 0.5285 -0.0108 0.8489
vn 0.6702 0.0184 0.7420
vn 0.4128 -0.0022 0.9108
vn 0.8631 -0.0148 0.5048
vn 0.9637 -0.0019 0.2669
vn 0.9590 0.0004 0.2833
vn -0.9487 0.0087 -0.3162
vn -0.8012 0.0574 -0.5957
vn 0.0258 0.0147 -0.9996
vn -0.2255 -0.0252 -0.9739
vn 0.2811 -0.0151 -0.9596
vn 0.0603 0.0759 0.9953
vn 0.4720 0.0046 -0.8816
vn 0.6404 -0.0196 -0.7678
vn -0.3778 0.0060 -0.9259
vn -0.4595 0.0343 -0.8875
vn 0.7291 0.0056 -0.6844
vn 0.7973 0.0370 -0.6025
vn -0.5581 0.0113 0.8297
vn -0.2507 -0.0147 0.9680
vn -0.3531 -0.0098 0.9355
vn -0.6270 0.0370 0.7781
vn 0.9990 -0.0000 -0.0458
vn -0.8936 0.0012 0.4488
vn -0.6691 -0.0029 -0.7432
vn 0.8479 -0.0000 0.5302
vn 0.7420 0.0212 0.6701
vn 0.3775 0.1652 0.9112
vn 0.5480 0.1652 0.8200
vn 0.5555 -0.0000 0.8315
vn 0.3826 -0.0000 0.9239
vn -0.8201 0.1652 -0.5479
vn -0.9112 0.1652 -0.3774
vn -0.9239 -0.0000 -0.3827
vn -0.8314 -0.0000 -0.5556
vn 0.6974 0.1652 0.6974
vn 0.7071 -0.0000 0.7072
vn -0.9673 0.1652 -0.1923
vn -0.9808 -0.0000 -0.1952
vn 0.8201 0.1652 0.5479
vn 0.8314 -0.0000 0.5556
vn 0.9112 0.1652 0.3774
vn 0.9239 -0.0000 0.3828
vn 0.9673 0.1652 0.1923
vn 0.9808 -0.0000 0.1952
vn 0.9863 0.1652 -0.0001
vn 1.0000 -0.0000 0.0001
vn -0.9112 0.1652 0.3775
vn -0.8200 0.1652 0.5480
vn -0.8315 -0.0000 0.5555
vn -0.9239 -0.0000 0.3826
vn 0.9673 0.1652 -0.1924
vn 0.9808 -0.0000 -0.1950
vn -0.6974 0.1652 0.6974
vn -0.7072 -0.0000 0.7071
vn 0.9112 0.1652 -0.3775
vn 0.9239 -0.0000 -0.3826
vn -0.5479 0.1652 0.8201
vn -0.5556 -0.0000 0.8314
vn 0.8200 0.1652 -0.5480
vn 0.8315 -0.0000 -0.5555
vn 0.6974 0.1652 -0.6974
vn 0.7072 -0.0000 -0.7071
vn -0.3774 0.1652 0.9112
vn -0.1923 0.1652 0.9673
vn -0.1952 -0.0000 0.9808
vn -0.3827 -0.0000 0.9239
vn -0.1924 0.1652 -0.9673
vn -0.3775 0.1652 -0.9112
vn -0.3826 -0.0000 -0.9239
vn -0.1950 -0.0000 -0.9808
vn 0.5479 0.1652 -0.8201
vn 0.5556 -0.0000 -0.8314
vn 0.0001 0.1652 0.9863
vn -0.0001 -0.0000 1.0000
vn -0.5479 0.1652 -0.8201
vn -0.5555 -0.0000 -0.8315
vn 0.3774 0.1652 -0.9112
vn 0.3827 -0.0000 -0.9239
vn -0.6974 0.1652 -0.6973
vn -0.7071 -0.0000 -0.7072
vn 0.1924 0.1652 -0.9673
vn 0.1952 -0.0000 -0.9808
vn 0.1925 0.1652 0.9673
vn 0.1950 -0.0000 0.9808
vn -0.0001 0.1652 -0.9863
vn 0.0001 -0.0000 -1.0000
vn 0.5605 -0.7170 0.4145
vn 0.0196 0.0014 0.9998
vn 0.4782 -0.0171 0.8781
vn 0.2733 -0.2366 0.9324
vn 0.3770 -0.1789 -0.9088
vn -0.1032 0.0552 -0.9931
vn 0.1824 -0.2941 -0.9382
vn 0.5851 -0.0409 -0.8099
vn -0.3162 -0.7464 -0.5855
vn -0.8794 0.0203 -0.4756
vn -0.7160 -0.1373 -0.6845
vn -0.5221 -0.1931 -0.8307
vn -0.3920 -0.1660 -0.9049
vn 0.9665 -0.1870 -0.1760
vn 0.6560 -0.0643 -0.7520
vn -0.8932 0.0853 0.4415
vn -0.2859 -0.2887 0.9137
vn -0.2675 -0.5331 0.8026
vn 0.9966 0.0513 0.0638
vn 0.6083 -0.1637 -0.7766
vn 0.9599 -0.0515 -0.2756
vn 0.9127 -0.3024 -0.2750
vn -0.9601 0.0514 0.2749
vn -0.7126 -0.1935 0.6743
vn -0.8108 -0.1663 0.5611
vn 0.8792 -0.3123 0.3598
vn -0.9115 -0.4090 -0.0438
vn -0.5855 -0.3850 0.7134
vn -0.9809 -0.0679 -0.1825
vn 0.9735 -0.0313 0.2265
vn 0.7940 0.1246 0.5950
vn 0.6445 -0.2312 0.7288
vn 0.1950 -0.0000 -0.9808
vn -0.0001 -0.0000 -1.0000
vn 0.0001 -0.1652 -0.9863
vn 0.1924 -0.1652 -0.9673
vn -0.7072 -0.0000 -0.7071
vn -0.8315 -0.0000 -0.5555
vn -0.8201 -0.1652 -0.5479
vn -0.6974 -0.1652 -0.6974
vn 0.1952 -0.0000 0.9808
vn 0.3827 -0.0000 0.9239
vn 0.3774 -0.1652 0.9112
vn 0.1923 -0.1652 0.9673
vn 0.3826 -0.0000 -0.9239
vn 0.3775 -0.1652 -0.9112
vn -0.5556 -0.0000 -0.8314
vn -0.5479 -0.1652 -0.8201
vn 0.5555 -0.0000 -0.8315
vn 0.5480 -0.1652 -0.8200
vn -0.3827 -0.0000 -0.9239
vn -0.3774 -0.1652 -0.9112
vn -0.1950 -0.0000 0.9808
vn 0.0001 -0.0000 1.0000
vn -0.0001 -0.1652 0.9863
vn -0.1925 -0.1652 0.9673
vn 0.7071 -0.0000 -0.7072
vn 0.6974 -0.1652 -0.6973
vn -0.1952 -0.0000 -0.9808
vn -0.1923 -0.1652 -0.9673
vn -0.3826 -0.0000 0.9239
vn -0.3774 -0.1652 0.9112
vn 0.8314 -0.0000 -0.5556
vn 0.8201 -0.1652 -0.5479
vn 0.9239 -0.0000 -0.3828
vn 0.9112 -0.1652 -0.3774
vn -0.7071 -0.0000 0.7072
vn -0.5555 -0.0000 0.8315
vn -0.5479 -0.1652 0.8201
vn -0.6974 -0.1652 0.6973
vn 0.9808 -0.0000 -0.1952
vn 0.9673 -0.1652 -0.1923
vn -0.8314 -0.0000 0.5556
vn -0.8201 -0.1652 0.5479
vn 1.0000 -0.0000 -0.0001
vn 0.9863 -0.1652 0.0001
vn -0.9239 -0.0000 0.3827
vn -0.9112 -0.1652 0.3774
vn 0.9808 -0.0000 0.1950
vn 0.9673 -0.1652 0.1925
vn -0.9808 -0.0000 0.1952
vn -0.9673 -0.1652 0.1923
vn 0.9239 -0.0000 0.3826
vn 0.9112 -0.1652 0.3775
vn 0.8315 -0.0000 0.5555
vn 0.8201 -0.1652 0.5479
vn 0.7072 -0.0000 0.7071
vn 0.6974 -0.1652 0.6974
vn -0.9239 -0.0000 -0.3826
vn -0.9808 -0.0000 -0.1950
vn -0.9673 -0.1652 -0.1924
vn -0.9112 -0.1652 -0.3774
vn 0.5556 -0.0000 0.8314
vn 0.5479 -0.1652 0.8201
vn -0.5900 -0.5004 0.6337
vn -0.1911 0.1984 -0.9613
vn -0.6067 -0.0412 -0.7938
vn -0.9808 -0.0000 0.1950
vn -0.9673 0.1652 0.1925
vn -1.0000 -0.0000 -0.0001
vn -0.9863 0.1652 0.0001
vn -0.6555 0.4994 0.5665
vn -1.0000 -0.0000 0.0001
vn -0.9863 -0.1652 -0.0001
vn 0.8640 -0.1730 -0.4729
vn 0.3627 -0.0693 -0.9293
vn 0.8148 -0.0225 -0.5793
vn 0.8026 -0.1850 -0.5671
vn 0.8582 -0.0278 -0.5126
vn 0.9849 -0.0682 -0.1590
vn 0.5955 -0.1466 0.7898
vn 0.8796 -0.1917 0.4355
vn 0.8955 -0.1192 0.4287
vn -0.0180 -0.1061 0.9942
vn -0.2894 -0.1456 0.9461
vn 0.0088 -0.2780 0.9605
vn -0.5252 -0.0025 0.8510
vn -0.8702 -0.1300 0.4752
vn -0.8415 -0.0623 0.5367
vn -0.6969 -0.2249 0.6810
vn -0.8533 0.0753 0.5159
vn -0.9941 -0.0441 -0.0992
vn -0.9139 -0.2582 0.3134
vn -0.4185 -0.1381 -0.8977
vn 0.4702 -0.1142 -0.8751
vn -0.0735 -0.1719 -0.9824
vn 0.1019 -0.1419 -0.9846
vn -0.9951 -0.0826 -0.0544
vn -0.5984 -0.2078 -0.7738
vn -0.3487 -0.1499 -0.9252
vn -0.4075 -0.1302 -0.9039
vn -0.7775 -0.2081 -0.5935
vn -0.4062 -0.4104 -0.8164
vn -0.2845 -0.2352 -0.9294
vn -0.6914 -0.2100 -0.6912
vn -0.4642 -0.2099 -0.8605
vn -0.4401 -0.1469 -0.8859
vn 0.7947 -0.2444 0.5556
vn 0.8423 -0.0456 -0.5370
vn 0.2714 -0.0628 0.9604
vn 0.5537 -0.1545 -0.8182
vn 0.8407 -0.1168 -0.5288
vn 0.8596 -0.1565 -0.4864
vn 0.9862 -0.1435 -0.0830
vn 0.1931 -0.0086 0.9811
vn -0.9996 0.0036 -0.0294
vn 0.7426 -0.2153 0.6341
vn 0.9840 -0.1677 0.0599
vn 0.9071 -0.1274 0.4011
vn 0.9151 -0.1429 0.3770
vn 0.7090 -0.2100 0.6733
vn 0.8831 -0.1603 0.4409
vn 0.8640 -0.0096 0.5034
vn 0.8686 0.0023 -0.4955
vn 0.7865 0.2469 0.5661
vn -0.5972 -0.1565 -0.7867
vn -0.9770 -0.0189 0.2126
vn -0.5676 0.0155 -0.8232
vn -0.5996 0.1184 -0.7915
vn 0.4789 -0.0403 0.8770
vn 0.7559 -0.1357 0.6405
vn 0.7614 0.1088 0.6391
vn 0.3729 0.0387 0.9271
vn 0.0992 -0.1304 -0.9865
vn -0.6485 -0.1298 -0.7500
vn -0.5947 0.0684 -0.8010
vn -0.6708 -0.0929 -0.7358
vn -0.9832 -0.0417 0.1780
vn 0.3904 0.1556 -0.9074
vn 0.7278 -0.0918 0.6796
vn -0.1960 -0.0403 0.9798
vn 0.9083 -0.0985 -0.4066
vn 0.8982 0.0956 -0.4291
vn 0.6979 -0.2626 -0.6663
vn 0.9562 0.1263 0.2641
vn 0.8675 0.0896 0.4894
vn -0.9821 0.1863 -0.0285
vn 0.0760 0.1179 -0.9901
vn -0.4046 0.1146 -0.9073
vn 0.1403 0.2244 0.9643
vn 0.5007 0.1406 -0.8541
vn -0.4504 0.1647 0.8775
vn 0.7567 0.1443 -0.6377
vn -0.2496 0.1300 -0.9596
vn 0.9384 -0.0052 -0.3456
vn -0.4271 -0.1127 -0.8972
vn 0.5368 -0.1480 -0.8307
vn -0.0197 0.1104 -0.9937
vn -0.8825 -0.2322 -0.4089
vn -0.9069 -0.1458 -0.3954
vn -0.5451 -0.1743 -0.8201
vn -0.7921 -0.2070 -0.5743
vn -0.5903 -0.2075 -0.7801
vn -0.5541 -0.2387 -0.7975
vn -0.6591 -0.2276 -0.7168
vn 0.6671 -0.2689 0.6948
vn 0.9716 -0.1794 0.1544
vn -0.9385 -0.1272 0.3210
vn -0.8609 -0.1550 0.4845
vn -0.9862 -0.1529 0.0632
vn -0.9813 -0.1691 0.0921
vn 0.1314 -0.1200 0.9840
vn -0.1041 -0.1209 0.9872
vn -0.5610 -0.1475 0.8146
vn -0.5888 -0.1083 0.8010
vn 0.6628 -0.1978 0.7222
vn 0.8544 -0.1499 0.4975
vn 0.4099 -0.1061 0.9059
vn 0.7724 -0.2079 0.6001
vn -0.1527 -0.1110 -0.9820
vn 0.1875 -0.0555 -0.9807
vn -0.6579 -0.0826 -0.7485
vn -0.5906 0.1123 -0.7991
vn 0.2172 0.3631 -0.9061
vn 0.8501 0.0924 0.5185
vn 0.7704 -0.1092 0.6281
vn 0.7690 0.0864 -0.6334
vn -0.8240 -0.2456 0.5106
vn -0.9742 0.0678 0.2153
vn -0.7227 -0.0152 0.6910
vn -0.7674 -0.1467 0.6242
vn 0.8247 0.1378 -0.5485
vn 0.9510 0.1292 0.2809
vn 0.5195 0.1449 0.8421
vn 0.2171 0.2128 -0.9527
vn -0.0296 0.1501 -0.9882
vn 0.9718 0.1928 -0.1359
vn 0.8811 0.1349 -0.4532
vn -0.6791 0.6516 -0.3379
vn -0.8981 0.3613 -0.2507
vn 0.3824 0.1357 -0.9140
vn -0.5271 0.5071 -0.6819
vn 0.9925 0.1224 0.0031
vn 0.8649 0.1223 -0.4867
vn 0.5404 0.1200 -0.8328
vn 0.0547 0.1741 0.9832
vn -0.8640 0.1422 -0.4830
vn -0.2855 0.1264 -0.9500
vn 0.9210 -0.1223 0.3698
vn 0.0255 -0.1146 0.9931
vn -0.3384 -0.1618 0.9270
vn -0.0051 -0.2604 0.9655
vn -0.6150 -0.0139 0.7884
vn -0.7765 -0.0117 0.6300
vn -0.5499 -0.2237 0.8047
vn -0.6202 -0.2038 0.7575
vn -0.7297 -0.0923 0.6775
vn -0.8665 -0.1172 0.4852
vn -0.9359 -0.2601 -0.2377
vn -0.9910 -0.1068 -0.0802
vn -0.9384 -0.1750 -0.2978
vn -0.6867 -0.2008 -0.6986
vn -0.7030 -0.1166 -0.7016
vn 0.3030 -0.1091 -0.9467
vn 0.1531 -0.2760 -0.9489
vn -0.0831 -0.1158 -0.9898
vn 0.5353 -0.1021 -0.8385
vn 0.9645 -0.1335 -0.2279
vn 0.8246 -0.0957 -0.5576
vn 0.6823 -0.1940 -0.7048
vn 0.1482 -0.0708 -0.9864
vn 0.9952 -0.0133 -0.0965
vn 0.8523 -0.1447 -0.5026
vn 0.6548 -0.1354 0.7436
vn 0.9049 -0.1760 0.3875
vn 0.4088 -0.2322 0.8826
vn 0.5742 -0.2070 0.7921
vn 0.3107 -0.1552 0.9378
vn 0.3953 -0.1458 0.9069
vn 0.7800 -0.2075 0.5904
vn 0.7168 -0.2276 0.6591
vn 0.3490 -0.2215 0.9106
vn -0.6948 -0.2688 -0.6671
vn -0.8080 -0.0615 0.5859
vn -0.1545 -0.1794 -0.9716
vn 0.9908 -0.0121 -0.1346
vn -0.3210 -0.1272 0.9385
vn -0.0634 -0.1529 0.9862
vn -0.4846 -0.1550 0.8609
vn -0.0920 -0.1691 0.9813
vn -0.9840 -0.1200 -0.1313
vn -0.8009 -0.1083 0.5889
vn -0.8146 -0.1475 0.5610
vn -0.9872 -0.1209 0.1041
vn -0.7222 -0.1978 -0.6628
vn -0.9059 -0.1061 -0.4099
vn -0.9151 -0.1429 -0.3770
vn 0.7454 -0.0440 -0.6651
vn -0.1443 -0.0151 -0.9894
vn -0.6001 -0.2079 -0.7725
vn -0.8748 -0.1618 -0.4566
vn 0.9820 -0.1110 0.1528
vn 0.1661 -0.1299 0.9775
vn 0.7867 -0.1460 0.5998
vn 0.1321 0.1431 0.9809
vn 0.9690 -0.0055 0.2469
vn -0.9240 -0.1821 -0.3362
vn -0.9981 -0.0496 0.0373
vn -0.9189 0.0779 -0.3868
vn -0.9494 0.1187 -0.2907
vn 0.7759 -0.0956 0.6235
vn 0.9699 -0.0535 -0.2377
vn -0.5732 0.0644 0.8169
vn -0.6128 -0.1291 0.7796
vn -0.6032 -0.0650 -0.7950
vn -0.1504 -0.0683 -0.9863
vn -0.7648 -0.3393 0.5477
vn -0.7276 0.0864 0.6805
vn -0.9562 0.1263 -0.2640
vn -0.8675 0.0895 -0.4894
vn 0.9624 0.2253 0.1515
vn -0.0760 0.1179 0.9901
vn 0.4047 0.1146 0.9073
vn -0.3980 0.3505 -0.8478
vn -0.5007 0.1406 0.8541
vn -0.7567 0.1443 0.6377
vn 0.9476 0.0923 -0.3059
vn 0.2496 0.1300 0.9596
vn 0.8747 -0.1146 -0.4708
vn 0.9864 -0.1428 -0.0815
vn 0.9824 -0.1719 0.0735
vn 0.9038 -0.1302 0.4076
vn 0.5162 -0.1618 0.8411
vn 0.7737 -0.2078 0.5985
vn 0.6913 -0.2100 0.6914
vn 0.4398 -0.1469 0.8860
vn 0.4639 -0.2098 0.8607
vn 0.5935 -0.2081 0.7775
vn 0.5920 -0.2661 0.7607
vn 0.8164 -0.4104 0.4062
vn -0.6644 -0.1983 -0.7206
vn -0.9604 -0.0628 -0.2714
vn 0.8581 -0.1550 -0.4895
vn 0.5263 -0.1152 -0.8425
vn 0.1029 -0.1423 -0.9845
vn 0.5519 -0.1561 -0.8192
vn -0.9709 -0.1905 -0.1452
vn 0.0280 0.0416 0.9987
vn -0.6341 -0.2153 -0.7426
vn -0.8544 -0.1499 -0.4975
vn -0.4011 -0.1274 -0.9071
vn -0.0599 -0.1677 -0.9840
vn -0.6733 -0.2100 -0.7090
vn -0.6809 -0.1438 -0.7181
vn -0.1491 0.0023 -0.9888
vn -0.0475 0.0400 -0.9981
vn 0.7752 0.1092 0.6223
vn 0.6021 0.1164 0.7899
vn -0.7418 0.1538 -0.6527
vn -0.8860 -0.1469 -0.4398
vn -0.9308 0.1187 -0.3457
vn -0.5954 0.0966 -0.7976
vn -0.5646 -0.1357 -0.8141
vn 0.7559 -0.0976 0.6473
vn -0.8752 0.2254 -0.4281
vn -0.2182 0.1621 -0.9624
vn -0.0665 -0.1470 -0.9869
vn 0.8618 -0.0252 -0.5066
vn 0.9815 0.0034 0.1917
vn 0.9977 0.0137 0.0664
vn 0.8884 -0.0875 0.4506
vn -0.9456 0.1340 -0.2964
vn -0.5042 0.1610 -0.8485
vn 0.2418 0.6113 0.7536
vn -0.2173 0.2128 0.9526
vn 0.0468 0.1512 0.9874
vn -0.9718 0.1928 0.1357
vn -0.5614 0.6978 -0.4449
vn -0.7623 0.5106 -0.3977
vn -0.8811 0.1348 0.4532
vn 0.6791 0.6518 0.3376
vn -0.3822 0.1357 0.9140
vn 0.5272 0.5071 0.6819
vn -0.9926 0.1212 0.0118
vn 0.6623 0.0970 -0.7430
vn -0.8275 0.1195 0.5486
vn 0.8499 0.1104 -0.5153
vn 0.5392 -0.0637 -0.8398
vn -0.4763 0.1232 0.8706
vn 0.0295 0.1299 -0.9911
vn 0.7414 0.0954 0.6643
vn 0.3458 0.1187 0.9308
vn 0.7726 -0.1088 -0.6255
vn 0.9690 -0.0649 0.2385
vn 0.9604 -0.1922 0.2017
vn 0.9995 -0.0300 0.0035
vn 0.7629 -0.1285 0.6336
vn 0.7051 -0.2088 0.6776
vn 0.8263 -0.0421 0.5616
vn 0.3032 -0.1325 0.9437
vn 0.2439 -0.2959 0.9236
vn 0.3625 -0.1383 0.9217
vn -0.8616 -0.1304 0.4905
vn -0.5888 -0.1863 0.7865
vn -0.8480 -0.2133 0.4851
vn -0.9790 -0.1274 -0.1591
vn -0.9483 -0.2919 -0.1249
vn -0.8856 -0.0867 0.4562
vn -0.7069 -0.1854 -0.6826
vn -0.8906 -0.0168 -0.4544
vn -0.7220 -0.1015 -0.6845
vn -0.7149 -0.1898 -0.6730
vn -0.6961 -0.1116 -0.7092
vn -0.1431 -0.1121 -0.9833
vn 0.1224 0.0745 -0.9897
vn 0.2651 -0.2376 -0.9345
vn 0.0498 -0.1162 -0.9920
vn 0.9893 -0.1314 0.0632
vn 0.7263 -0.2096 -0.6546
vn 0.9139 -0.1429 -0.3800
vn 0.9042 -0.1118 -0.4122
vn 0.5935 -0.2081 -0.7775
vn 0.8164 -0.4104 -0.4062
vn 0.9294 -0.2352 -0.2845
vn -0.5783 -0.2752 0.7680
vn 0.5583 -0.0551 0.8278
vn -0.9611 -0.0969 0.2587
vn 0.9890 -0.1117 0.0974
vn 0.8061 -0.1438 0.5741
vn 0.3434 -0.1239 0.9310
vn 0.4901 -0.1598 0.8569
vn 0.0791 -0.1466 0.9860
vn 0.7206 -0.0996 0.6862
vn -0.6429 -0.2104 0.7365
vn -0.2300 -0.1712 0.9580
vn -0.3988 -0.1265 0.9083
vn -0.3770 -0.1429 0.9151
vn -0.7440 -0.2092 0.6346
vn -0.4452 -0.1637 0.8803
vn -0.9869 0.0070 0.1614
vn -0.2283 -0.0347 -0.9730
vn 0.0420 0.0034 -0.9991
vn 0.7793 -0.1597 -0.6060
vn 0.0788 0.0247 -0.9966
vn 0.9877 -0.0325 -0.1529
vn -0.1291 -0.2023 0.9708
vn 0.0858 -0.1873 0.9786
vn -0.1398 0.1362 0.9808
vn -0.3159 0.0721 0.9461
vn 0.8555 -0.0085 0.5177
vn 0.7396 -0.2568 -0.6221
vn 0.8794 0.0035 -0.4760
vn 0.7513 -0.0920 -0.6536
vn -0.1642 -0.0398 -0.9856
vn -0.7014 -0.0647 0.7098
vn -0.9736 -0.0568 0.2212
vn 0.7287 0.2551 0.6355
vn 0.8583 -0.1003 0.5033
vn 0.8456 0.0891 0.5263
vn -0.2641 0.1263 0.9562
vn -0.4894 0.0895 0.8675
vn 0.1145 0.2112 -0.9707
vn 0.9901 0.1179 0.0760
vn 0.9073 0.1146 -0.4047
vn -0.8658 0.3471 0.3605
vn 0.8541 0.1406 0.5007
vn 0.6377 0.1443 0.7567
vn -0.3053 0.0883 -0.9481
vn -0.6891 0.1779 -0.7025
vn 0.9596 0.1300 -0.2496
vn 0.7049 -0.2008 -0.6803
vn 0.4567 -0.2235 -0.8611
vn 0.4231 -0.1077 -0.8997
vn 0.8201 -0.1743 -0.5451
vn 0.5742 -0.2070 -0.7921
vn 0.6913 -0.2100 -0.6913
vn 0.8860 -0.1469 -0.4399
vn 0.8607 -0.2098 -0.4639
vn 0.7343 -0.2094 -0.6457
vn 0.7762 -0.2251 -0.5890
vn 0.7102 -0.2076 -0.6727
vn -0.6743 -0.2129 0.7071
vn -0.2587 -0.0969 0.9611
vn 0.9763 0.0462 0.2115
vn -0.5871 -0.1029 -0.8029
vn -0.5553 -0.1557 -0.8169
vn -0.1214 -0.1321 -0.9838
vn -0.1772 -0.1240 -0.9763
vn -0.9252 -0.1245 -0.3585
vn -0.9860 -0.1466 -0.0792
vn -0.8568 -0.1598 -0.4902
vn 0.1327 -0.0049 0.9912
vn -0.7365 -0.2104 0.6429
vn -0.4975 -0.1499 0.8544
vn -0.9083 -0.1265 0.3988
vn -0.9580 -0.1712 0.2301
vn -0.6346 -0.2092 0.7440
vn 0.9822 -0.0814 -0.1691
vn 0.8689 0.0612 -0.4912
vn 0.8507 0.0846 0.5189
vn 0.5943 0.0876 -0.7994
vn -0.4564 -0.1786 0.8717
vn -0.3903 0.1188 0.9130
vn -0.8613 0.0492 0.5057
vn -0.9858 0.0475 0.1610
vn 0.7473 -0.1376 -0.6501
vn -0.5162 -0.1312 -0.8464
vn 0.0911 0.0466 -0.9947
vn -0.4350 0.0487 -0.8991
vn -0.5066 0.1071 0.8555
vn 0.7759 0.1414 0.6148
vn -0.2964 0.1340 0.9456
vn -0.8485 0.1610 0.5042
vn 0.4409 0.2848 -0.8512
vn 0.9766 0.1989 0.0823
vn 0.9903 0.1385 0.0125
vn 0.1359 0.1928 0.9718
vn -0.4452 0.6976 0.5614
vn -0.3978 0.5106 0.7622
vn 0.4532 0.1349 0.8812
vn 0.7030 0.7036 -0.1033
vn 0.9140 0.1357 0.3823
vn 0.6817 0.5070 -0.5274
vn 0.0134 0.1186 0.9928
vn 0.5572 0.1295 0.8202
vn -0.5419 0.1013 -0.8343
vn -0.8814 -0.0658 -0.4677
vn 0.8688 0.1442 0.4738
vn -0.9387 0.2952 0.1781
vn 0.6643 0.0954 -0.7414
vn 0.9308 0.1187 -0.3458
vn -0.4700 -0.1253 0.8737
vn -0.9369 -0.1292 -0.3250
vn -0.9516 -0.2915 -0.0971
vn -0.8701 -0.1025 -0.4821
vn -0.2992 -0.1338 -0.9448
vn -0.5494 -0.0388 -0.8347
vn 0.8715 -0.1165 -0.4763
vn 0.2656 -0.1783 -0.9474
vn 0.0490 -0.0621 -0.9969
vn 0.7949 -0.1165 -0.5954
vn 0.9148 -0.1338 0.3812
vn 0.7206 -0.1150 0.6838
vn 0.9767 -0.0290 0.2125
vn 0.8879 -0.0791 0.4532
vn 0.8680 -0.1793 0.4630
vn 0.7803 -0.0549 0.6230
vn 0.0050 0.0115 0.9999
vn 0.3718 -0.2106 0.9041
vn -0.8398 -0.1543 0.5205
vn -0.5910 -0.1636 0.7899
vn 0.9349 -0.0251 0.3540
vn -0.8826 -0.2322 0.4089
vn -0.7920 -0.2070 0.5743
vn -0.9377 -0.1552 0.3108
vn -0.9069 -0.1458 0.3952
vn -0.5935 -0.2081 0.7775
vn -0.8165 -0.4104 0.4061
vn -0.9294 -0.2351 0.2846
vn 0.6670 -0.2689 -0.6949
vn -0.5859 -0.0615 -0.8080
vn 0.9716 -0.1794 -0.1545
vn -0.9385 -0.1272 -0.3210
vn -0.9862 -0.1529 -0.0634
vn -0.8609 -0.1551 -0.4846
vn 0.7298 -0.0469 0.6820
vn -0.9813 -0.1691 -0.0921
vn 0.1314 -0.1200 -0.9840
vn -0.5889 -0.1083 -0.8009
vn -0.5610 -0.1475 -0.8146
vn -0.1040 -0.1209 -0.9872
vn 0.0050 0.0162 0.9999
vn 0.6629 -0.1978 -0.7221
vn 0.4100 -0.1061 -0.9059
vn 0.3770 -0.1429 -0.9151
vn 0.7725 -0.2079 -0.6001
vn 0.4562 -0.1617 -0.8750
vn -0.9856 -0.1686 0.0088
vn -0.9575 -0.2583 0.1284
vn -0.9340 0.0615 0.3520
vn -0.9753 0.1941 0.1057
vn 0.9966 -0.0817 -0.0044
vn 0.7867 -0.0943 -0.6101
vn 0.9708 -0.0612 0.2321
vn 0.9942 -0.0027 0.1075
vn -0.5674 0.0769 -0.8199
vn -0.5319 -0.1141 -0.8391
vn 0.0621 -0.1815 -0.9814
vn -0.6248 -0.0993 -0.7744
vn -0.6013 0.0843 -0.7946
vn 0.0114 0.1911 -0.9815
vn 0.2679 0.1254 -0.9553
vn 0.4906 0.0856 -0.8672
vn 0.3789 0.0371 0.9247
vn -0.0647 0.1497 0.9866
vn -0.9901 0.1179 -0.0760
vn -0.9073 0.1146 0.4046
vn -0.8542 0.1406 -0.5006
vn -0.6419 0.1435 -0.7532
vn 0.5195 0.0821 0.8505
vn 0.8805 0.2002 0.4297
vn -0.9596 0.1300 0.2496
vn -0.6826 -0.1507 -0.7151
vn 0.0372 -0.0071 -0.9993
vn -0.7843 -0.1985 0.5878
vn -0.4089 -0.2322 0.8825
vn -0.3954 -0.1458 0.9069
vn -0.8201 -0.1743 0.5451
vn -0.5743 -0.2070 0.7921
vn -0.6915 -0.2100 0.6912
vn -0.8861 -0.1469 0.4397
vn -0.8608 -0.2098 0.4637
vn -0.7774 -0.2081 0.5936
vn -0.7606 -0.2661 0.5922
vn -0.4060 -0.4104 0.8165
vn 0.7206 -0.1983 -0.6644
vn 0.2714 -0.0628 -0.9604
vn 0.3416 -0.1267 0.9313
vn 0.5512 -0.1570 0.8195
vn 0.0845 -0.1525 0.9847
vn 0.0921 -0.1691 0.9813
vn 0.8305 -0.1173 0.5445
vn 0.9861 -0.1435 0.0832
vn 0.8596 -0.1565 0.4864
vn -0.9956 0.0154 -0.0925
vn 0.7427 -0.2153 -0.6341
vn 0.4975 -0.1499 -0.8544
vn 0.9071 -0.1274 -0.4011
vn 0.9840 -0.1677 -0.0599
vn 0.7090 -0.2099 -0.6732
vn -0.2017 0.0145 -0.9793
vn -0.8704 0.0914 0.4838
vn 0.2468 -0.0676 0.9667
vn -0.6770 -0.0334 0.7353
vn -0.8641 0.0960 0.4941
vn -0.8145 -0.1469 0.5612
vn 0.8924 -0.1764 -0.4154
vn 0.9730 0.0231 -0.2295
vn 0.9796 0.0621 -0.1909
vn 0.7523 0.0975 -0.6516
vn 0.7714 -0.1357 -0.6217
vn -0.2180 0.1298 0.9673
vn 0.5457 0.0844 -0.8337
vn 0.7693 -0.1393 -0.6235
vn -0.5306 0.0760 -0.8442
vn -0.6109 0.1397 -0.7793
vn 0.2689 0.0980 -0.9582
vn 0.7925 0.0498 -0.6078
vn -0.9526 0.2128 -0.2173
vn -0.9874 0.1513 0.0469
vn -0.1358 0.1928 -0.9718
vn 0.4450 0.6976 -0.5615
vn 0.3979 0.5105 -0.7622
vn -0.4533 0.1348 -0.8811
vn -0.9140 0.1357 -0.3825
vn -0.0118 0.1212 -0.9926
vn 0.3579 -0.0088 0.9337
vn 0.7693 0.0996 0.6310
vn -0.5486 0.1194 -0.8275
vn 0.7066 0.2442 0.6641
vn 0.9304 -0.0189 0.3662
vn -0.8706 0.1231 -0.4763
vn 0.8624 0.3814 -0.3328
vn -0.4830 0.1422 0.8640
vn -0.9500 0.1264 0.2855
vn -0.9774 -0.1844 -0.1031
vn -0.9182 -0.1155 -0.3789
vn -0.4490 -0.2145 -0.8674
vn -0.8976 -0.0123 -0.4407
vn -0.3909 -0.1094 -0.9139
vn -0.6752 -0.1466 -0.7229
vn 0.5099 -0.0749 -0.8570
vn 0.8979 -0.1245 -0.4222
vn 0.5019 -0.0096 -0.8649
vn 0.9357 -0.0933 -0.3403
vn 0.7666 -0.1547 -0.6232
vn 0.8052 -0.1294 0.5788
vn 0.8117 -0.0923 0.5767
vn 0.9074 -0.0783 -0.4129
vn 0.8544 -0.1683 0.4915
vn -0.9479 -0.0081 0.3185
vn 0.2846 -0.0277 0.9583
vn 0.0651 -0.2610 0.9631
vn -0.2904 0.0266 0.9565
vn -0.8988 -0.1358 0.4169
vn -0.6589 -0.0979 0.7459
vn -0.5495 -0.1547 0.8210
vn -0.9132 -0.2322 -0.3349
vn -0.9661 -0.2070 -0.1540
vn -0.8828 -0.1552 -0.4434
vn -0.9208 -0.1458 -0.3618
vn -0.9690 -0.2075 0.1341
vn -0.9729 -0.2275 0.0408
vn -0.8907 -0.2215 -0.3971
vn 0.9630 -0.2689 -0.0197
vn 0.1850 -0.0523 -0.9813
vn 0.7963 -0.1795 0.5777
vn -0.6063 -0.0679 0.7923
vn -0.4177 -0.1276 -0.8996
vn -0.6526 -0.1529 -0.7422
vn -0.2625 -0.1575 -0.9520
vn -0.6288 -0.1691 -0.7590
vn 0.2061 -0.1158 -0.9717
vn 0.1891 -0.1561 -0.9695
vn 0.6235 -0.1423 -0.7688
vn 0.9735 -0.2153 -0.0767
vn 0.7382 -0.1677 -0.6534
vn 0.9251 -0.1275 -0.3577
vn 0.9137 -0.1429 -0.3805
vn 0.7159 0.0400 0.6971
vn 0.9705 -0.2079 0.1219
vn 0.9371 -0.1658 -0.3073
vn -0.8023 -0.1110 0.5864
vn -0.8815 0.0398 0.4704
vn -0.6998 0.2616 0.6647
vn -0.9013 0.2872 0.3244
vn -0.8148 -0.0775 -0.5746
vn -0.6645 -0.1350 0.7350
vn -0.9988 0.0198 -0.0437
vn -0.8456 0.0894 -0.5262
vn -0.5240 -0.0298 0.8512
vn 0.7158 0.0004 -0.6983
vn 0.8809 0.1124 -0.4598
vn 0.9981 0.0403 0.0472
vn -0.9325 -0.0720 -0.3540
vn -0.8032 -0.0652 0.5922
vn -0.9650 -0.1499 -0.2154
vn 0.7736 -0.1084 0.6243
vn 0.9918 -0.0938 0.0864
vn 0.5333 -0.0497 0.8445
vn 0.7762 0.0330 0.6296
vn 0.9453 0.2931 0.1430
vn 0.0946 -0.1336 -0.9865
vn -0.6760 -0.1347 -0.7245
vn -0.6280 0.0732 -0.7748
vn 0.3836 0.1557 -0.9103
vn 0.9016 -0.0971 -0.4216
vn 0.8881 0.0935 -0.4501
vn 0.8649 0.1254 -0.4861
vn 0.9601 0.0856 -0.2662
vn -0.6464 0.1179 -0.7539
vn -0.9277 0.1146 -0.3554
vn 0.8563 0.2637 0.4441
vn -0.2499 0.1406 -0.9580
vn 0.7493 0.0388 0.6611
vn 0.7048 0.2311 0.6707
vn 0.4289 0.1725 0.8867
vn 0.0208 0.1523 0.9881
vn 0.0788 0.1435 -0.9865
vn -0.8550 0.1300 -0.5020
vn -0.4273 0.0774 0.9008
vn -0.4393 -0.0851 -0.8943
vn -0.2856 -0.1146 0.9515
vn -0.6399 -0.1428 0.7551
vn -0.7466 -0.1719 0.6427
vn -0.3040 -0.0101 -0.9526
vn -0.6921 0.0903 -0.7162
vn -0.9273 -0.1302 0.3509
vn -0.9597 -0.1618 -0.2297
vn -0.9703 -0.2078 0.1240
vn -0.9777 -0.2100 -0.0000
vn -0.9375 -0.1469 -0.3155
vn -0.9366 -0.2098 -0.2805
vn -0.9694 -0.2081 -0.1301
vn -0.9565 -0.2661 -0.1192
vn -0.8645 -0.4104 0.2902
vn 0.9630 -0.2689 0.0197
vn 0.7962 -0.1794 -0.5778
vn -0.2607 -0.1550 0.9529
vn 0.2237 -0.1152 0.9678
vn 0.6234 -0.1423 0.7689
vn 0.1889 -0.1561 0.9695
vn -0.6450 -0.0770 -0.7603
vn 0.9735 -0.2153 0.0767
vn 0.9559 -0.1499 -0.2524
vn 0.9251 -0.1275 0.3578
vn 0.7382 -0.1678 0.6534
vn 0.9705 -0.2079 -0.1218
vn 0.7621 -0.1951 0.6173
vn 0.8430 0.0562 0.5350
vn 0.6618 0.0047 0.7496
vn 0.4837 -0.0778 0.8718
vn 0.7075 -0.1034 0.6991
vn 0.9261 0.1180 0.3582
vn -0.2254 0.1373 -0.9645
vn -0.8306 0.1282 0.5420
vn -0.8343 -0.1094 0.5403
vn -0.5793 -0.0318 0.8145
vn -0.8042 0.0574 0.5916
vn 0.8392 -0.0914 -0.5361
vn 0.8103 0.1282 -0.5718
vn 0.8130 0.1660 -0.5581
vn 0.8565 -0.1098 -0.5043
vn 0.5193 0.2381 -0.8207
vn 0.1908 0.1025 -0.9763
vn 0.8900 0.1111 -0.4422
vn 0.9875 0.0772 0.1375
vn -0.8639 0.3414 0.3704
vn -0.6322 0.1990 -0.7488
vn -0.6646 0.1533 -0.7313
vn 0.6209 0.1798 -0.7630
vn 0.8824 0.1979 0.4269
vn 0.8204 0.5105 -0.2576
vn 0.3023 0.1348 -0.9436
vn -0.7272 0.3384 0.5972
vn -0.7877 0.5013 0.3582
vn -0.3760 0.1358 -0.9166
vn -0.8550 0.5071 -0.1091
vn 0.6829 0.1280 -0.7192
vn 0.0745 0.1967 0.9776
vn 0.2429 0.1625 -0.9563
vn -0.2039 0.1735 -0.9635
vn 0.5495 0.1740 0.8172
vn 0.8231 0.5259 -0.2143
vn 0.6494 0.4704 0.5975
vn 0.6919 0.0227 0.7217
vn -0.9525 0.1422 0.2694
vn -0.8737 0.1264 -0.4698
vn 0.7543 -0.1813 0.6310
vn -0.0716 -0.0669 0.9952
vn -0.1592 -0.0983 0.9823
vn -0.6662 -0.1387 0.7328
vn -0.1319 0.0017 0.9913
vn -0.7440 -0.0882 0.6623
vn -0.9247 -0.1073 -0.3652
vn -0.8700 -0.2140 -0.4442
vn -0.9787 -0.1987 -0.0514
vn -0.1353 -0.1425 -0.9805
vn -0.4955 -0.1265 -0.8594
vn -0.6788 -0.1524 -0.7184
vn -0.9604 -0.0744 -0.2685
vn -0.1630 -0.0680 -0.9843
vn 0.4247 0.0283 -0.9049
vn 0.7868 -0.1613 -0.5957
vn 0.1087 -0.0356 -0.9934
vn 0.2862 -0.1142 0.9513
vn 0.7466 -0.1719 0.6427
vn 0.6242 -0.1419 0.7683
vn 0.9703 -0.2078 0.1240
vn 0.9008 -0.1499 0.4076
vn 0.9273 -0.1302 0.3510
vn 0.9758 -0.2094 -0.0626
vn 0.9778 -0.2076 -0.0265
vn 0.8837 -0.2053 0.4206
vn 0.9777 -0.2100 -0.0000
vn 0.9366 -0.2098 0.2805
vn 0.9375 -0.1468 0.3154
vn -0.9520 -0.2752 0.1341
vn -0.2177 -0.0454 0.9750
vn -0.8625 -0.0969 -0.4967
vn 0.6344 0.0047 -0.7730
vn 0.1870 -0.1545 0.9701
vn -0.2205 -0.1168 0.9684
vn -0.2639 -0.1565 0.9518
vn -0.6386 -0.1435 0.7561
vn -0.9666 -0.0155 -0.2559
vn -0.6044 -0.0648 -0.7941
vn -0.9735 -0.2153 0.0767
vn -0.7381 -0.1678 0.6535
vn -0.9251 -0.1275 0.3577
vn -0.9137 -0.1429 0.3805
vn -0.9748 -0.2092 -0.0774
vn -0.9510 -0.1688 0.2590
vn -0.5515 -0.0532 -0.8325
vn 0.8142 -0.0814 -0.5749
vn 0.8316 0.0249 -0.5549
vn 0.7189 0.1651 -0.6752
vn 0.7838 -0.0329 0.6202
vn 0.9936 0.0567 0.0976
vn 0.8742 0.1132 0.4721
vn -0.9906 -0.1030 0.0902
vn -0.6836 -0.1975 0.7026
vn -0.6578 -0.0248 0.7528
vn 0.8303 -0.0914 -0.5498
vn 0.8106 0.0792 -0.5802
vn 0.7089 -0.0588 -0.7029
vn 0.8188 -0.0815 0.5683
vn 0.8143 0.1783 0.5524
vn 0.0406 -0.0363 0.9985
vn -0.6448 0.0139 -0.7642
vn -0.7674 -0.0663 0.6378
vn -0.7207 0.0045 -0.6932
vn -0.8520 0.2543 0.4576
vn -0.8649 0.1254 0.4860
vn -0.9601 0.0856 0.2663
vn 0.7521 0.4145 -0.5123
vn 0.6285 0.1187 0.7687
vn 0.9277 0.1146 0.3554
vn -0.8876 0.1371 -0.4397
vn -0.8025 0.2503 -0.5417
vn 0.1786 0.1422 0.9736
vn -0.5985 0.2024 -0.7751
vn -0.1242 0.1419 0.9821
vn -0.0172 0.1495 -0.9886
vn 0.8550 0.1300 0.5020
vn 0.8331 -0.1044 -0.5432
vn 0.8521 -0.1076 0.5122
vn 0.8075 -0.1209 -0.5774
vn 0.8237 -0.1202 0.5541
vn 0.6548 -0.1314 -0.7443
vn 0.9309 -0.1118 -0.3478
vn 0.9552 -0.1495 0.2554
vn 0.9765 -0.2096 -0.0506
vn 0.9690 -0.2075 0.1342
vn 0.9557 -0.2387 0.1721
vn 0.9729 -0.2275 0.0409
vn -0.9630 -0.2688 -0.0196
vn -0.7962 -0.1794 0.5778
vn 0.6529 0.0593 0.7551
vn 0.1641 -0.1438 -0.9759
vn 0.6305 -0.1117 -0.7681
vn -0.4156 -0.1239 -0.9011
vn -0.6412 -0.1466 -0.7533
vn -0.2592 -0.1598 -0.9525
vn 0.0242 -0.0996 -0.9947
vn -0.9754 -0.2104 -0.0661
vn -0.9559 -0.1499 0.2524
vn -0.9242 -0.1265 -0.3603
vn -0.8401 -0.1712 -0.5147
vn -0.9705 -0.2079 0.1219
vn 0.8024 -0.1110 0.5864
vn -0.4870 -0.0845 -0.8693
vn -0.9195 -0.0262 -0.3922
vn -0.8243 0.0252 -0.5655
vn 0.7042 -0.0970 -0.7034
vn 0.9238 0.3809 -0.0374
vn 0.9321 0.1122 -0.3443
vn 0.9893 -0.0714 0.1273
vn 0.9869 0.1068 0.1206
vn 0.7989 0.1189 0.5895
vn 0.8206 -0.0914 0.5641
vn 0.3482 -0.1955 -0.9168
vn 0.6713 -0.0061 -0.7411
vn 0.7095 -0.1671 -0.6846
vn 0.1455 -0.0215 -0.9891
vn -0.7251 -0.0690 0.6852
vn -0.5988 0.1096 0.7934
vn -0.6833 0.1277 0.7189
vn -0.7768 -0.0828 0.6242
vn -0.4668 0.0033 -0.8844
vn -0.8927 0.1127 0.4363
vn -0.9871 0.0810 -0.1379
vn 0.6308 0.1997 0.7498
vn 0.6884 0.1317 0.7133
vn -0.5910 0.1928 0.7833
vn -0.7116 0.6977 0.0824
vn -0.8203 0.5106 0.2576
vn -0.3024 0.1348 0.9436
vn 0.7661 0.1776 -0.6177
vn 0.3757 0.1357 0.9168
vn -0.7579 0.1200 0.6412
vn -0.5713 0.1305 -0.8103
vn -0.7646 0.0256 -0.6440
vn -0.3698 0.1226 -0.9210
vn 0.2774 0.1069 0.9548
vn -0.8542 0.5065 0.1175
vn 0.9928 0.0956 -0.0720
vn 0.9027 0.1187 0.4137
vn 0.6864 0.2272 -0.6908
vn 0.9082 0.3671 -0.2009
vn -0.1310 -0.2000 0.9710
vn 0.8975 -0.1767 0.4040
vn -0.1234 -0.1166 0.9855
vn -0.5805 -0.2009 0.7891
vn -0.5419 -0.1260 0.8309
vn -0.9743 0.0191 0.2245
vn -0.9642 -0.2652 -0.0068
vn -0.8651 -0.0748 -0.4960
vn -0.9352 -0.0182 -0.3536
vn -0.2566 -0.1426 -0.9559
vn -0.2711 -0.1484 -0.9510
vn 0.9364 -0.1495 -0.3176
vn 0.4811 -0.2685 -0.8345
vn 0.8258 -0.1036 -0.5544
vn 0.7139 -0.1339 -0.6874
vn 0.3412 -0.0799 -0.9366
vn 0.9649 -0.0895 -0.2469
vn 0.7628 -0.1255 0.6344
vn 0.9948 -0.1001 -0.0157
vn 0.9667 0.0286 0.2545
vn 0.9781 -0.1601 0.1330
vn 0.7781 -0.0979 0.6205
vn -0.9513 -0.1142 0.2862
vn -0.6427 -0.1719 0.7466
vn -0.7683 -0.1419 0.6242
vn 0.9287 -0.0115 0.3705
vn -0.1240 -0.2078 0.9703
vn -0.4076 -0.1499 0.9008
vn -0.3509 -0.1302 0.9273
vn 0.1301 -0.2081 0.9694
vn -0.2901 -0.4104 0.8645
vn -0.4559 -0.2352 0.8584
vn -0.1690 -0.2444 -0.9548
vn -0.9753 -0.0457 -0.2160
vn 0.4872 -0.0628 -0.8710
vn -0.9701 -0.1545 0.1870
vn -0.9684 -0.1168 -0.2206
vn -0.9518 -0.1565 -0.2639
vn -0.7560 -0.1435 -0.6386
vn 0.5383 -0.0129 -0.8426
vn 0.7580 -0.0723 -0.6482
vn 0.7796 -0.0539 0.6239
vn 0.5404 -0.0382 0.8406
vn -0.0767 -0.2153 -0.9735
vn -0.6534 -0.1677 -0.7382
vn -0.3577 -0.1274 -0.9251
vn -0.3805 -0.1429 -0.9137
vn -0.0253 -0.2099 -0.9774
vn -0.3123 -0.1603 -0.9364
vn 0.8325 -0.0532 -0.5515
vn 0.8996 -0.0259 0.4360
vn -0.5088 -0.0614 0.8587
vn 0.0435 -0.1831 0.9821
vn 0.1273 0.1176 0.9849
vn -0.4780 0.0876 0.8740
vn 0.8448 -0.0314 0.5341
vn -0.7229 -0.0125 -0.6908
vn -0.4756 0.1125 -0.8724
vn 0.4650 -0.1968 -0.8631
vn -0.9975 -0.0573 0.0421
vn -0.7691 -0.3276 0.5488
vn -0.7307 0.0851 0.6774
vn -0.0003 -0.0926 -0.9957
vn 0.8348 -0.0455 -0.5487
vn 0.7456 0.0118 -0.6663
vn -0.9194 0.1077 -0.3783
vn 0.6932 0.0045 -0.7207
vn -0.4110 -0.1090 -0.9051
vn -0.4501 0.0935 -0.8881
vn -0.4861 0.1254 -0.8649
vn -0.2663 0.0856 -0.9601
vn -0.7222 -0.0603 0.6891
vn 0.4394 0.2691 0.8570
vn -0.7538 0.1179 0.6464
vn -0.3554 0.1146 0.9277
vn 0.5674 0.2189 -0.7938
vn -0.9580 0.1406 0.2499
vn 0.7752 0.2024 -0.5984
vn -0.9865 0.1435 -0.0788
vn 0.9094 -0.0054 0.4159
vn -0.5020 0.1300 0.8550
vn 0.8164 0.2273 0.5309
vn -0.5503 -0.1165 -0.8268
vn 0.4855 -0.0930 -0.8693
vn -0.6187 0.0766 0.7818
vn 0.3349 -0.2322 0.9132
vn 0.3617 -0.1458 0.9208
vn -0.1944 -0.1743 0.9653
vn 0.1540 -0.2070 0.9662
vn 0.0001 -0.2100 0.9777
vn -0.3154 -0.1469 0.9375
vn -0.2805 -0.2098 0.9366
vn -0.1342 -0.2075 0.9690
vn -0.1722 -0.2386 0.9557
vn -0.0409 -0.2275 0.9729
vn 0.0196 -0.2688 -0.9630
vn -0.5778 -0.1794 -0.7962
vn 0.8915 -0.1261 0.4351
vn 0.9690 -0.1543 0.1930
vn 0.7560 -0.1525 0.6366
vn 0.7590 -0.1691 0.6288
vn 0.6024 -0.1206 -0.7890
vn 0.7579 -0.1198 -0.6413
vn 0.9568 -0.1463 -0.2512
vn 0.9833 -0.1085 -0.1461
vn 0.0420 -0.1978 -0.9793
vn -0.2524 -0.1499 -0.9559
vn 0.3507 -0.1061 -0.9304
vn -0.1218 -0.2079 -0.9705
vn -0.5865 -0.1110 0.8023
vn 0.8521 -0.0599 -0.5200
vn 0.5634 0.0590 -0.8241
vn -0.7441 -0.0728 0.6640
vn 0.6224 0.0333 0.7820
vn -0.6490 0.0622 0.7582
vn -0.5588 -0.0556 0.8274
vn 0.9036 -0.1534 0.3999
vn 0.8428 0.0282 0.5375
vn -0.5361 -0.0914 -0.8392
vn -0.5718 0.1282 -0.8103
vn -0.5581 0.1660 -0.8130
vn -0.5043 -0.1098 -0.8565
vn -0.8204 0.2342 -0.5216
vn -0.9763 0.1025 -0.1908
vn -0.4363 0.1127 -0.8927
vn 0.1379 0.0810 -0.9871
vn 0.3795 0.3331 0.8632
vn -0.7499 0.1997 0.6307
vn -0.7133 0.1317 0.6884
vn -0.7833 0.1928 -0.5910
vn -0.0822 0.6975 -0.7118
vn -0.2574 0.5105 -0.8204
vn -0.9435 0.1348 -0.3025
vn 0.5978 0.3305 0.7303
vn 0.3864 0.0232 0.9220
vn 0.7618 0.2364 0.6032
vn 0.6904 0.0053 0.7234
vn -0.9167 0.1357 0.3758
vn -0.6412 0.1200 -0.7580
vn 0.9663 0.0047 0.2573
vn 0.8315 0.1475 -0.5356
vn 0.9425 -0.0385 -0.3320
vn 0.4112 0.0467 -0.9104
vn 0.9201 0.1226 -0.3720
vn -0.9548 0.1069 0.2773
vn -0.1092 0.4997 -0.8593
vn 0.2362 0.1384 0.9618
vn -0.4699 0.1264 0.8736
vn 0.9443 -0.1389 -0.2982
vn 0.8289 -0.2028 -0.5213
vn 0.5917 0.0436 -0.8050
vn 0.8108 -0.1024 -0.5762
vn 0.9960 0.0653 0.0605
vn 0.9747 -0.2109 0.0746
vn 0.9968 -0.0078 0.0799
vn 0.7765 -0.1286 0.6169
vn 0.9101 -0.1527 0.3852
vn 0.6956 -0.0955 0.7121
vn 0.8953 -0.2221 0.3862
vn -0.5796 -0.1227 0.8056
vn 0.5146 -0.1069 0.8508
vn -0.6778 -0.1458 0.7206
vn -0.9338 0.0441 0.3550
vn -0.9997 -0.0107 -0.0220
vn -0.6157 -0.1668 -0.7702
vn -0.9839 0.0210 -0.1773
vn -0.6365 -0.1333 -0.7596
vn 0.4069 -0.0989 -0.9081
vn 0.2859 -0.2235 -0.9318
vn 0.1540 -0.2070 -0.9661
vn 0.4434 -0.1552 -0.8828
vn 0.3371 -0.1077 -0.9353
vn -0.1341 -0.2075 -0.9690
vn -0.0408 -0.2275 -0.9729
vn 0.3970 -0.2215 -0.8907
vn 0.0197 -0.2689 0.9630
vn 0.9854 -0.0622 0.1585
vn -0.5778 -0.1794 0.7962
vn 0.9812 -0.1036 -0.1627
vn 0.8157 -0.1240 -0.5651
vn 0.7696 -0.1338 -0.6243
vn 0.9515 -0.1532 -0.2666
vn 0.9064 -0.1322 0.4012
vn 0.9690 -0.1543 0.1929
vn 0.7666 -0.1460 0.6253
vn 0.0661 -0.2104 0.9754
vn 0.5147 -0.1712 0.8401
vn 0.3601 -0.1265 0.9243
vn 0.3805 -0.1429 0.9137
vn -0.1219 -0.2079 0.9705
vn 0.3538 -0.1603 0.9215
vn -0.5865 -0.1110 -0.8023
vn -0.5848 0.0333 -0.8105
vn -0.8067 0.0209 -0.5905
vn -0.6043 0.2353 -0.7612
vn 0.2767 0.0281 0.9606
vn 0.9257 -0.2610 0.2738
vn 0.8269 0.0302 0.5615
vn -0.5498 -0.0914 -0.8303
vn -0.2149 0.0299 0.9762
vn 0.8534 -0.0798 -0.5151
vn 0.4066 -0.1816 -0.8954
vn 0.4661 0.1501 -0.8719
vn 0.8408 0.0934 -0.5332
vn -0.5456 0.0362 -0.8373
vn -0.6975 -0.0713 -0.7130
vn -0.6954 -0.0856 0.7135
vn 0.5005 -0.0184 0.8655
vn -0.6966 0.0126 0.7173
vn -0.5053 0.0401 0.8620
vn 0.8527 -0.0802 -0.5162
vn 0.8593 0.1088 -0.4998
vn 0.9162 0.0611 0.3960
vn -0.7218 -0.0500 0.6903
vn -0.9053 -0.0142 0.4246
vn 0.8888 -0.1309 0.4392
vn 0.4861 0.1254 0.8649
vn 0.2662 0.0856 0.9601
vn -0.7003 -0.0795 -0.7094
vn 0.7539 0.1179 -0.6464
vn 0.3554 0.1146 -0.9277
vn -0.3966 0.3047 0.8659
vn 0.9580 0.1406 -0.2499
vn -0.6728 0.2531 0.6952
vn -0.9034 0.0761 0.4220
vn -0.9802 0.1942 -0.0386
vn 0.9865 0.1435 0.0787
vn 0.5020 0.1300 -0.8550
vn -0.9515 -0.1146 -0.2856
vn -0.7551 -0.1428 -0.6398
vn -0.6427 -0.1719 -0.7466
vn 0.9918 0.0224 -0.1259
vn 0.8509 0.0903 -0.5176
vn -0.3509 -0.1302 -0.9273
vn 0.2298 -0.1618 -0.9597
vn -0.1240 -0.2078 -0.9703
vn -0.0000 -0.2100 -0.9777
vn 0.3154 -0.1469 -0.9375
vn 0.2805 -0.2098 -0.9366
vn 0.1301 -0.2081 -0.9694
vn 0.1192 -0.2661 -0.9565
vn -0.2902 -0.4104 -0.8645
vn 0.0232 -0.2129 0.9768
vn 0.4965 -0.0969 0.8626
vn -0.9529 -0.1550 -0.2606
vn -0.9678 -0.1152 0.2237
vn -0.7689 -0.1423 0.6233
vn -0.9695 -0.1561 0.1889
vn 0.7069 -0.0552 0.7052
vn 0.6246 -0.0654 -0.7782
vn 0.7280 -0.0519 -0.6836
vn -0.0767 -0.2153 0.9735
vn 0.2524 -0.1499 0.9559
vn -0.3578 -0.1275 0.9251
vn -0.6534 -0.1678 0.7382
vn 0.0773 -0.2092 0.9748
vn -0.8641 -0.1208 0.4886
vn -0.5552 0.0863 0.8272
vn -0.4908 -0.0676 -0.8686
vn -0.3688 0.0803 -0.9260
vn 0.2035 0.0724 -0.9764
vn 0.7457 0.1534 -0.6484
vn 0.0587 -0.1020 -0.9931
vn -0.9557 -0.1906 -0.2243
vn -0.7442 -0.0075 -0.6679
vn -0.6947 -0.1670 -0.6997
vn -0.9748 0.0160 -0.2226
vn 0.8602 0.0824 0.5032
vn -0.9874 0.0031 0.1584
vn 0.6086 -0.1294 0.7829
vn -0.6769 0.0035 0.7361
vn 0.4773 0.1281 0.8693
vn -0.2273 0.1416 0.9635
vn 0.7499 0.1997 -0.6308
vn 0.6262 0.1159 -0.7710
vn 0.7832 0.1928 0.5911
vn 0.0822 0.6976 0.7118
vn 0.2573 0.5106 0.8204
vn 0.9436 0.1348 0.3023
vn -0.5963 0.1865 -0.7808
vn 0.9167 0.1357 -0.3757
vn 0.7055 0.1246 0.6977
vn 0.9569 0.0750 0.2806
vn -0.5426 0.0433 0.8389
vn -0.2053 0.3412 0.9173
vn -0.5723 0.3529 0.7403
vn -0.3743 0.1658 -0.9124
vn 0.4661 0.1259 -0.8757
vn 0.5222 -0.0296 -0.8523
vn 0.5771 -0.0898 -0.8117
vn 0.2234 0.0550 -0.9732
vn 0.0674 0.0301 -0.9973
vn 0.0313 -0.2247 -0.9739
vn 0.1507 -0.3821 -0.9117
vn 0.3410 -0.4486 -0.8261
vn -0.0114 -0.5913 -0.8064
vn 0.8300 -0.0421 -0.5562
vn 0.1361 -0.0521 -0.9893
vn 0.2625 -0.4391 -0.8593
vn 0.9149 -0.1027 -0.3903
vn 0.6086 -0.4019 -0.6842
vn 0.5568 -0.5810 -0.5936
vn -0.1212 -0.1871 -0.9748
vn 0.8895 -0.3011 -0.3436
vn -0.2408 -0.9690 -0.0547
vn -0.1755 -0.9091 -0.3778
vn 0.4168 -0.9043 0.0921
vn 0.8780 -0.4742 -0.0657
vn 0.6352 -0.5476 0.5446
vn 0.6994 -0.4940 -0.5166
vn 0.8012 -0.5311 0.2758
vn 0.1521 -0.6950 0.7027
vn -0.2653 -0.8910 0.3684
vn 0.0024 -0.1610 0.9870
vn 0.9079 -0.2652 0.3246
vn 0.4234 -0.4754 0.7712
vn 0.2213 -0.4922 0.8419
vn -0.3406 -0.5148 0.7867
vn 0.2399 -0.4466 0.8620
vn 0.9141 -0.1055 0.3916
vn -0.0713 -0.4147 0.9072
vn 0.1602 -0.0741 0.9843
vn 0.8082 -0.0137 0.5887
vn 0.4143 -0.1027 0.9043
vn 0.3302 0.0255 0.9436
vn 0.5222 0.0296 0.8523
vn 0.0674 -0.0301 0.9973
vn -0.0281 -0.0832 0.9961
vn -0.1354 0.2760 0.9516
vn 0.8354 0.1182 0.5368
vn 0.5771 0.0898 0.8117
vn 0.2234 -0.0550 0.9732
vn 0.3779 0.6880 0.6195
vn 0.4387 0.4729 0.7641
vn 0.5211 0.4126 0.7472
vn 0.6213 0.6640 0.4161
vn 0.2005 0.5377 0.8190
vn 0.9238 0.2249 0.3098
vn -0.0106 0.7215 0.6923
vn 0.9657 0.2528 0.0594
vn -0.0038 0.9985 0.0548
vn -0.6267 0.7599 -0.1724
vn 0.4350 0.8936 -0.1107
vn 0.0496 0.5688 -0.8210
vn 0.9466 0.1767 -0.2695
vn 0.0752 0.8059 -0.5872
vn 0.5468 0.4366 -0.7144
vn 0.3511 0.2651 -0.8980
vn 0.8917 0.0674 -0.4476
vn 0.5982 0.1644 -0.7843
vn 0.3605 0.2111 -0.9086
vn 0.2202 0.2153 -0.9514
vn 0.0109 0.2061 -0.9785
vn -0.0281 0.0832 -0.9961
vn 0.3302 -0.0255 -0.9435
vn 0.9236 0.2160 -0.3169
vn 0.8647 0.1173 -0.4883
vn 0.8119 0.1140 0.5726
vn 0.8902 -0.1543 0.4288
vn 0.9167 -0.0464 0.3969
vn 0.8480 -0.1792 0.4989
vn 0.8411 -0.1791 -0.5104
vn 0.8902 0.1543 -0.4287
vn 0.9167 0.0464 -0.3968
vn -0.2758 -0.0799 -0.9579
vn -0.3041 -0.0155 -0.9525
vn -0.7905 0.0311 -0.6117
vn -0.8318 -0.0415 -0.5536
vn -0.2814 -0.2470 -0.9272
vn -0.2135 0.0853 -0.9732
vn -0.5921 -0.0014 -0.8059
vn -0.5890 0.0791 -0.8042
vn -0.1543 -0.4136 -0.8973
vn -0.9343 -0.1632 -0.3168
vn -0.4124 -0.6943 -0.5898
vn -0.3918 -0.5079 -0.7672
vn -0.5411 -0.5056 -0.6720
vn -0.5751 -0.4101 -0.7079
vn -0.9305 -0.2577 -0.2603
vn -0.9657 -0.2528 -0.0593
vn 0.6082 -0.7717 0.1857
vn -0.5060 -0.8397 0.1970
vn -0.9555 -0.1938 0.2224
vn -0.4472 -0.4857 0.7511
vn -0.7905 -0.0311 0.6117
vn -0.4904 -0.2716 0.8281
vn -0.5735 -0.3665 0.7326
vn -0.1822 -0.2106 0.9604
vn -0.2136 -0.0853 0.9732
vn -0.3041 0.0155 0.9525
vn -0.2758 0.0798 0.9579
vn -0.8318 0.0415 0.5536
vn -0.2814 0.2470 0.9272
vn -0.5921 0.0014 0.8059
vn -0.5890 -0.0791 0.8042
vn -0.9343 0.1632 0.3169
vn -0.0171 0.0843 0.9963
vn -0.2236 0.5331 0.8159
vn -0.4127 0.6942 0.5897
vn -0.3898 0.5164 0.7625
vn -0.4979 0.5261 0.6894
vn -0.5211 0.4126 0.7472
vn -0.9305 0.2577 0.2602
vn -0.9657 0.2528 0.0593
vn 0.6082 0.7718 -0.1857
vn -0.4256 0.8970 -0.1191
vn -0.9555 0.1938 -0.2224
vn -0.4473 0.4857 -0.7510
vn -0.5407 0.4437 -0.7147
vn -0.3634 0.3631 -0.8579
vn -0.3854 0.2009 -0.9006
vn -0.5982 0.1644 -0.7843
vn -0.5749 -0.0492 -0.8168
vn -0.5719 -0.1140 -0.8124
vn -0.8647 0.1173 -0.4883
vn -0.9236 0.2160 -0.3168
vn -0.8118 0.1140 0.5726
vn -0.5719 0.1140 0.8124
vn -0.5749 0.0492 0.8168
vn -0.8934 -0.0972 0.4386
vn -0.9207 -0.2237 0.3199
vn -0.8147 -0.1302 -0.5651
vn -0.9712 0.0191 0.2374
vn -0.8703 0.1376 0.4729
vn -0.8556 0.0438 0.5157
vn -0.8199 0.1011 0.5634
vn 0.4743 -0.1135 -0.8730
vn 0.8119 0.0104 -0.5837
vn -0.0781 -0.0672 -0.9947
vn 0.9939 0.0084 0.1102
vn 0.8918 0.1351 -0.4319
vn 0.9589 0.0284 -0.2823
vn 0.8097 0.0665 0.5830
vn 0.8370 0.1270 0.5322
vn -0.3591 0.0877 0.9292
vn -0.3828 0.1169 0.9164
vn 0.2395 0.3184 -0.9172
vn 0.3108 0.4554 -0.8342
vn 0.8657 0.4501 0.2189
vn 0.9336 0.0753 -0.3503
vn -0.6556 0.3418 -0.6733
vn 0.9865 0.1633 -0.0087
vn 0.1278 -0.0176 -0.9916
vn -0.9239 0.0027 0.3826
vn -0.9771 0.0188 -0.2120
vn -0.8267 -0.0361 -0.5614
vn -0.9085 -0.0451 -0.4154
vn -0.9936 -0.1086 0.0315
vn -0.7113 -0.5969 0.3711
vn -0.9614 -0.0435 -0.2717
vn -0.9342 -0.0500 -0.3531
vn -0.3662 0.0838 -0.9267
vn -0.9772 -0.1349 -0.1639
vn -0.9990 -0.0033 -0.0451
vn -0.1723 -0.6750 -0.7174
vn -0.1648 -0.6861 0.7086
vn 0.9602 0.0369 -0.2768
vn 0.0167 0.1145 -0.9933
vn -0.6091 -0.6009 0.5176
vn 0.9989 -0.0095 -0.0450
vn 0.1441 -0.6898 0.7095
vn 0.4342 -0.8573 0.2765
vn 0.3822 -0.8591 -0.3403
vn 0.3660 0.2510 0.8961
vn -0.2490 0.2517 0.9352
vn 0.3848 0.1170 0.9156
vn -0.0291 0.2547 0.9666
vn -0.0093 0.1341 0.9909
vn 0.7956 0.2538 0.5500
vn 0.9140 0.1007 0.3930
vn 0.9562 0.2639 0.1265
vn 0.4454 0.2622 0.8561
vn -0.3776 -0.2533 -0.8906
vn -0.9210 -0.0906 -0.3789
vn -0.8289 -0.0884 -0.5524
vn -0.3216 -0.2771 -0.9054
vn 0.8416 -0.0270 -0.5395
vn 0.9972 -0.0273 -0.0690
vn 0.9243 0.0122 0.3816
vn 0.2465 -0.7044 0.6656
vn 0.3345 -0.1376 0.9323
vn 0.9655 -0.0938 0.2429
vn -0.0758 -0.0569 0.9955
vn -0.5570 -0.2042 0.8050
vn 0.3918 0.0696 0.9174
vn -0.3960 0.1677 -0.9028
vn 0.4063 0.1864 -0.8946
vn 0.2770 0.1455 -0.9498
vn -0.2603 0.1784 -0.9489
vn -0.2719 0.1918 -0.9430
vn -0.8996 0.0896 -0.4274
vn -0.3510 0.2062 -0.9134
vn -0.8938 0.0547 -0.4452
vn -0.4526 0.7242 -0.5203
vn 0.3233 0.2179 -0.9209
vn -0.3045 0.3373 -0.8908
vn -0.8429 0.1091 -0.5269
vn -0.9313 0.0667 -0.3580
vn -0.4231 0.1737 -0.8893
vn 0.9855 -0.0960 0.1397
vn -0.9881 -0.0902 0.1248
vn 0.9991 0.0064 0.0421
vn 0.9981 -0.0306 0.0538
vn -0.9919 -0.0336 -0.1223
vn -0.8929 0.3932 -0.2194
vn -0.9920 -0.1223 -0.0305
vn 0.9920 -0.1224 -0.0305
vn 0.9881 -0.1243 -0.0903
vn 0.9581 0.0833 0.2741
vn 0.9620 0.1962 0.1898
vn 0.8249 -0.5618 -0.0623
vn -0.9881 -0.1243 -0.0902
vn -0.9512 0.0899 0.2951
vn -0.8116 0.0465 0.5823
vn -0.9603 0.1988 0.1956
vn -0.8251 -0.5616 -0.0621
vn 0.9738 -0.1747 0.1452
vn 0.4061 -0.8480 -0.3406
vn 0.9858 -0.0745 0.1508
vn 0.9273 -0.2843 0.2434
vn 0.5705 -0.0224 0.8210
vn -0.9786 -0.1518 0.1390
vn -0.9730 -0.0745 0.2186
vn -0.9867 -0.0782 0.1424
vn -0.3938 -0.6607 -0.6391
vn -0.0883 0.4610 0.8830
vn -0.0930 0.4296 0.8982
vn -0.6794 0.0932 0.7279
vn -0.9974 -0.0532 0.0482
vn -0.7359 0.0887 -0.6712
vn -0.9995 0.0009 -0.0300
vn -0.9995 -0.0121 0.0299
vn -0.9346 -0.3076 0.1788
vn -0.3098 -0.6933 -0.6507
vn -0.0481 -0.0232 0.9986
vn 0.4949 0.0156 0.8688
vn -0.2676 0.0786 0.9603
vn 0.9591 -0.2740 0.0713
vn 0.6237 -0.6487 -0.4362
vn 0.8903 -0.0385 0.4537
vn 0.8903 -0.1292 0.4366
vn 0.9912 -0.0945 0.0926
vn 0.7789 -0.0192 0.6269
vn 0.9972 -0.0750 -0.0034
vn 0.9706 0.1490 -0.1889
vn 0.9043 -0.0310 -0.4259
vn -0.2726 -0.1887 0.9434
vn 0.4852 -0.0764 0.8710
vn 0.7726 0.0134 -0.6347
vn 0.6546 0.0827 -0.7514
vn 0.0230 0.3284 -0.9442
vn 0.0910 0.0278 -0.9955
vn -0.9688 0.1555 -0.1931
vn -0.9972 0.0319 -0.0680
vn 0.9972 -0.0606 0.0431
vn 0.2604 0.3473 -0.9009
vn 0.9115 0.1112 -0.3959
vn 0.2105 0.5360 -0.8175
vn -0.4502 -0.2756 0.8493
vn -0.3043 -0.3376 0.8908
vn -0.9612 -0.2687 0.0620
vn 0.9965 0.0428 -0.0711
vn 0.9913 0.0489 -0.1223
vn 0.9967 0.0816 0.0035
vn 0.9622 -0.0060 0.2723
vn 0.3738 0.2716 -0.8869
vn 0.5236 -0.0209 -0.8517
vn 0.9816 -0.0009 -0.1911
vn 0.9122 0.1243 -0.3904
vn 0.2720 0.3192 -0.9078
vn 0.9242 0.1543 -0.3493
vn 0.2011 0.2680 -0.9422
vn -0.9948 0.0566 -0.0846
vn -0.9622 -0.0060 0.2723
vn -0.9061 -0.0282 -0.4222
vn -0.9911 0.0965 0.0917
vn -0.9798 -0.1472 0.1352
vn 0.9883 -0.1361 -0.0691
vn 0.8713 -0.0386 -0.4892
vn 0.9989 -0.0361 0.0310
vn 0.9794 -0.1496 0.1353
vn 0.9762 -0.1354 -0.1693
vn 0.3958 -0.3475 0.8500
vn 0.8289 -0.5359 0.1604
vn 0.9852 -0.1334 -0.1076
vn 0.9788 -0.1850 -0.0873
vn -0.3488 -0.2495 0.9034
vn -0.9193 -0.0296 0.3925
vn -0.7899 -0.1783 0.5868
vn -0.4300 -0.4471 0.7844
vn 0.1990 0.2358 -0.9512
vn 0.8680 0.1528 -0.4725
vn 0.9078 0.0996 -0.4074
vn 0.3978 0.2175 -0.8913
vn 0.9024 0.0933 -0.4207
vn -0.0546 0.1116 -0.9922
vn 0.3386 0.1989 -0.9197
vn 0.7516 -0.0770 -0.6551
vn 0.8023 -0.1866 0.5670
vn 0.9860 -0.1372 -0.0946
vn -0.1222 0.1645 -0.9788
vn -0.9875 -0.1519 -0.0431
vn -0.8765 -0.1142 -0.4677
vn -0.9673 -0.2252 -0.1169
vn -0.9831 -0.1242 -0.1345
vn -0.9845 -0.1287 -0.1188
vn -0.8102 -0.5077 0.2929
vn -0.7397 -0.1904 -0.6455
vn -0.7613 -0.2446 0.6005
vn 0.6587 -0.1703 -0.7328
vn 0.9154 -0.3968 -0.0678
vn 0.2992 -0.9537 0.0289
vn 0.0045 -0.8148 -0.5798
vn -0.8881 -0.3962 -0.2330
vn -0.0993 -0.8763 -0.4714
vn -0.3954 -0.6507 -0.6483
vn 0.7851 -0.6189 0.0250
vn 0.9450 0.1059 0.3096
vn 0.9592 0.2389 0.1511
vn 0.9408 -0.0174 0.3386
vn 0.9828 -0.0506 0.1774
vn 0.8654 -0.1091 0.4891
vn -0.9592 0.2389 0.1510
vn -0.9408 -0.0176 0.3386
vn -0.0064 0.8891 0.4577
vn -0.4629 0.7955 -0.3910
vn -0.0048 0.8889 0.4580
vn 0.0189 -0.8479 -0.5298
vn 0.7537 -0.6015 0.2647
vn 0.0529 0.9329 -0.3561
vn -0.0015 0.8138 -0.5812
vn 0.0078 0.8095 -0.5871
vn 0.0498 0.9583 -0.2814
vn -0.4657 0.0597 -0.8829
vn 0.4844 0.0690 -0.8721
vn 0.5177 -0.8552 0.0250
vn 0.5102 -0.8449 0.1609
vn -0.9233 -0.3391 -0.1803
vn 0.4544 0.3217 -0.8307
vn -0.4529 0.3230 -0.8310
vn -0.3103 0.0349 -0.9500
vn -0.2324 0.1770 -0.9564
vn 0.0079 0.1454 -0.9893
vn -0.0343 0.3198 -0.9469
vn -0.3451 0.1763 -0.9218
vn -0.8893 0.0538 -0.4541
vn -0.8141 0.1526 -0.5603
vn 0.1167 0.1969 -0.9734
vn 0.3714 -0.2280 0.9000
vn 0.9053 -0.1013 0.4125
vn -0.2463 -0.0952 0.9645
vn 0.3141 -0.1885 0.9305
vn 0.1547 -0.2550 0.9545
vn 0.9111 -0.1036 0.3990
vn 0.1795 -0.1791 0.9673
vn -0.0010 -0.1054 0.9944
vn -0.1575 -0.1177 0.9805
vn -0.3050 0.1501 -0.9405
vn -0.8786 0.4680 -0.0947
vn -0.6114 0.0023 -0.7913
vn 0.4698 -0.2665 0.8416
vn 0.9639 -0.2542 0.0790
vn 0.8173 -0.0907 0.5690
vn 0.1568 -0.2559 0.9539
vn 0.6214 -0.1619 0.7666
vn 0.8885 -0.0586 0.4552
vn 0.9918 -0.1256 0.0241
vn 0.1981 -0.1354 0.9708
vn -0.1454 0.3321 -0.9320
vn -0.8743 0.4852 -0.0129
vn -0.2874 0.1417 -0.9473
vn -0.3113 -0.0315 -0.9498
vn 0.2346 -0.0643 -0.9700
vn 0.0857 0.4618 0.8828
vn 0.6686 0.0978 0.7372
vn 0.3685 0.8684 0.3318
vn -0.0001 0.9585 0.2851
vn -0.0027 0.9599 0.2805
vn 0.0145 -0.9739 -0.2264
vn 0.0266 -0.9759 -0.2167
vn -0.2331 -0.7181 0.6557
vn 0.3821 0.5675 -0.7294
vn 0.3041 0.3363 -0.8913
vn 0.4295 0.1654 -0.8878
vn 0.9309 0.0667 -0.3590
vn 0.8417 0.1097 -0.5287
vn 0.9071 0.1155 -0.4047
vn 0.9314 0.0645 -0.3583
vn 0.3745 0.1892 -0.9077
vn 0.8933 0.0563 -0.4459
vn -0.2400 -0.0752 -0.9679
vn -0.3368 0.0753 -0.9385
vn 0.4953 0.0327 -0.8681
vn 0.4018 -0.1243 -0.9073
vn 0.4792 -0.0757 0.8744
vn -0.9657 -0.0952 0.2417
vn -0.3307 -0.1480 0.9321
vn 0.4559 -0.3131 -0.8331
vn 0.3033 -0.2600 -0.9168
vn 0.3237 -0.2802 -0.9037
vn 0.8301 -0.0888 -0.5505
vn 0.9210 -0.0906 -0.3789
vn -0.2380 -0.1528 -0.9592
vn 0.2380 -0.1528 -0.9592
vn -0.4474 0.2509 0.8584
vn -0.9620 0.2387 0.1327
vn -0.8491 0.0630 0.5245
vn 0.4585 -0.1799 0.8703
vn -0.4576 -0.0123 -0.8891
vn 0.4661 -0.0175 -0.8846
vn -0.3698 0.3830 -0.8465
vn -0.9336 0.0753 -0.3503
vn -0.8791 0.4320 0.2013
vn -0.3431 0.4412 -0.8292
vn 0.6749 -0.0183 -0.7377
vn -0.3860 -0.0477 -0.9212
vn 0.5634 0.6351 -0.5284
vn 0.3431 0.1887 0.9201
vn 0.0321 0.0647 0.9974
vn 0.9477 0.2353 0.2155
vn -0.3730 0.0241 -0.9275
vn -0.1324 -0.0155 -0.9911
vn 0.3865 0.0478 -0.9210
vn 0.0014 -0.0119 -0.9999
vn -0.0418 0.1441 -0.9887
vn 0.8225 -0.0383 -0.5674
vn -0.1237 0.9170 0.3791
vn 0.9470 -0.2307 -0.2234
vn -0.5953 -0.1174 -0.7949
vn -0.9494 0.1243 0.2884
vn 0.9969 -0.0635 0.0467
vn -0.7680 -0.0808 0.6353
vn -0.9649 -0.0002 0.2626
vn -0.5548 -0.8216 -0.1310
vn 0.0653 0.5778 0.8136
vn 0.5923 0.7965 -0.1217
vn 0.1816 0.9061 0.3822
vn 0.9699 0.1681 0.1763
vn 0.1483 0.6544 0.7414
vn 0.5845 0.4425 -0.6801
vn -0.9280 -0.0691 0.3661
vn 0.1491 0.0222 -0.9886
vn 0.1935 -0.0243 -0.9808
vn 0.4404 -0.0187 -0.8976
vn 0.4637 0.0110 -0.8859
vn 0.9837 0.0089 -0.1796
vn 0.9919 -0.0151 -0.1263
vn 0.9961 0.0227 0.0855
vn 0.9918 -0.0225 0.1255
vn 0.8745 -0.0244 0.4845
vn 0.8754 0.0199 0.4830
vn 0.7889 0.0177 0.6143
vn 0.8004 -0.0241 0.5990
vn 0.5363 -0.0243 0.8437
vn 0.5034 0.0213 0.8638
vn -0.0781 -0.0266 0.9966
vn -0.0404 0.0184 0.9990
vn -0.3408 0.0130 0.9401
vn -0.3453 -0.0109 0.9384
vn -0.9008 0.0089 0.4342
vn -0.9535 -0.0035 0.3013
vn -0.9620 0.0247 0.2718
vn -0.9878 -0.0177 -0.1548
vn -0.9360 0.0184 -0.3516
vn -0.8534 -0.0105 -0.5212
vn -0.8192 0.0123 -0.5734
vn -0.1796 0.0089 -0.9837
vn -0.1263 -0.0151 -0.9919
vn 0.6854 0.0201 -0.7279
vn 0.9708 0.2004 0.1318
vn 0.6855 -0.0202 0.7278
vn 0.9708 -0.2004 -0.1320
vn -0.6545 -0.0153 -0.7559
vn -0.9702 -0.1998 0.1372
vn -0.6568 0.0234 0.7537
vn -0.9737 0.2013 -0.1071
vn -0.0627 -0.6569 -0.7514
vn 0.2183 -0.5587 -0.8002
vn 0.5580 -0.7457 -0.3642
vn -0.5403 -0.7896 -0.2910
vn 0.4969 -0.6385 0.5878
vn -0.5037 -0.6741 0.5403
vn 0.4277 -0.5277 0.7339
vn -0.2335 0.3890 0.8912
vn -0.0217 0.7224 0.6911
vn -0.0200 0.6733 0.7391
vn 0.0667 0.7437 0.6652
vn -0.4856 0.8175 0.3098
vn 0.0491 0.9977 -0.0459
vn -0.4009 0.7233 -0.5623
vn 0.1820 0.7449 -0.6419
vn 0.3138 0.3303 -0.8902
vn -0.2335 -0.3890 -0.8911
vn -0.7010 -0.2134 0.6805
vn -0.6817 -0.1964 -0.7047
vn -0.6967 -0.2047 -0.6875
vn 0.0740 0.0418 -0.9964
vn -0.8906 0.0389 -0.4530
vn -0.5421 0.1151 -0.8324
vn 0.7772 -0.0587 -0.6265
vn 0.9787 -0.0276 -0.2034
vn 0.9882 0.0036 -0.1534
vn 0.7792 -0.1668 -0.6041
vn 0.9757 -0.0848 -0.2021
vn -0.9790 -0.1982 -0.0470
vn -0.9990 -0.0087 0.0438
vn 0.9971 -0.0640 -0.0416
vn 0.6071 -0.7702 -0.1957
vn -0.9859 -0.0842 0.1447
vn -0.9895 -0.0661 -0.1285
vn 0.9949 -0.0467 0.0894
vn -0.9047 -0.1365 0.4036
vn -0.9793 -0.1786 0.0952
vn -0.6357 -0.1846 0.7495
vn -0.9636 -0.0880 0.2523
vn -0.9903 -0.0422 0.1323
vn 0.8708 -0.1012 0.4812
vn 0.7766 -0.0156 0.6298
vn 0.9604 -0.0867 0.2649
vn 0.9990 0.0109 -0.0432
vn 0.9823 0.0055 0.1872
vn -0.9827 0.1851 -0.0016
vn -0.9978 0.0631 0.0216
vn 0.6070 0.7702 0.1957
vn -0.9859 0.0842 -0.1447
vn -0.9895 0.0661 0.1285
vn 0.9832 0.1807 -0.0252
vn -0.9047 0.1365 -0.4036
vn -0.9797 0.1735 -0.1007
vn -0.9886 0.0384 -0.1457
vn 0.7304 0.0397 -0.6819
vn 0.9820 -0.1401 -0.1268
vn 0.7443 0.0061 0.6678
vn 0.9220 0.3478 0.1703
vn -0.7151 0.0198 -0.6988
vn -0.9786 -0.1741 -0.1100
vn -0.7034 -0.0111 0.7107
vn -0.9726 0.1864 0.1386
vn 0.6817 0.1964 -0.7047
vn 0.6907 0.1945 0.6965
vn 0.6967 0.2047 -0.6875
vn -0.6909 -0.1945 0.6963
vn 0.7009 0.2134 0.6805
vn 0.6817 -0.1964 0.7047
vn 0.6909 -0.1945 -0.6963
vn 0.6967 -0.2047 0.6875
vn -0.7010 0.2134 -0.6805
vn -0.6817 0.1964 0.7048
vn -0.6966 0.2047 0.6876
vn 0.7010 -0.2134 -0.6805
vn -0.6908 0.1945 -0.6964
vn -0.9421 -0.2484 0.2252
vn -0.9490 0.1525 -0.2759
vn -0.9562 -0.2875 0.0546
vn 0.9421 -0.2484 0.2251
vn 0.9562 -0.2875 0.0546
vn 0.5651 -0.0274 -0.8246
vn 0.9490 0.1525 -0.2759
vt 0.926969 0.375893
vt 0.931170 0.367376
vt 0.931170 0.359731
vt 0.926969 0.351211
vt 0.919444 0.345450
vt 0.911939 0.343950
vt 0.904440 0.345450
vt 0.896899 0.351229
vt 0.892715 0.359731
vt 0.892715 0.367375
vt 0.895640 0.374440
vt 0.902786 0.380702
vt 0.910010 0.383150
vt 0.917576 0.382160
vt 0.776275 0.868496
vt 0.782755 0.867645
vt 0.788590 0.862540
vt 0.791070 0.855196
vt 0.789386 0.848890
vt 0.785084 0.843995
vt 0.778915 0.841894
vt 0.771297 0.843406
vt 0.766384 0.847711
vt 0.764370 0.855197
vt 0.768245 0.864542
vt 0.034622 0.061790
vt 0.027630 0.059690
vt 0.020418 0.060783
vt 0.017820 0.128500
vt 0.025091 0.129364
vt 0.034567 0.126226
vt 0.042790 0.118242
vt 0.048351 0.106522
vt 0.050310 0.092917
vt 0.048327 0.079585
vt 0.042770 0.068651
vt 0.011379 0.066423
vt 0.004331 0.076466
vt 0.000492 0.089383
vt 0.000505 0.103131
vt 0.004358 0.115511
vt 0.011371 0.124579
vt 0.945069 0.250312
vt 0.961341 0.240550
vt 0.955062 0.215417
vt 0.936002 0.223861
vt 3.475196 4.152226
vt 3.529963 4.152225
vt 3.580562 4.131278
vt 3.619287 4.092585
vt 3.640243 4.042020
vt 3.635793 3.974180
vt 3.601821 3.915461
vt 3.569060 3.890223
vt 3.461938 3.879409
vt 3.403311 3.915454
vt 3.372880 3.960967
vt 3.362200 4.014651
vt 3.372889 4.068322
vt 3.414175 4.122153
vt 2.430630 3.703380
vt 2.430630 3.604720
vt 2.411370 3.507960
vt 2.373600 3.416810
vt 2.318760 3.334780
vt 2.248960 3.265010
vt 2.166890 3.210200
vt 2.075700 3.172450
vt 1.978890 3.153200
vt 1.880180 3.153210
vt 1.783370 3.172460
vt 1.692180 3.210210
vt 1.610110 3.265030
vt 1.540310 3.334790
vt 1.485470 3.416820
vt 1.447700 3.507980
vt 1.428440 3.604740
vt 1.428440 3.703400
vt 1.447690 3.800170
vt 1.485470 3.891320
vt 1.540310 3.973350
vt 1.610100 4.043110
vt 1.692170 4.097920
vt 1.783370 4.135670
vt 1.880180 4.154920
vt 1.978880 4.154910
vt 2.075700 4.135670
vt 2.166890 4.097910
vt 2.248960 4.043090
vt 2.318760 3.973330
vt 2.373600 3.891300
vt 2.411370 3.800140
vt 0.861138 -1.242122
vt 0.181164 -1.448473
vt -0.082228 -1.054716
vt 0.368879 -0.506000
vt 0.987992 0.208030
vt 0.987871 0.116710
vt 0.960236 0.116690
vt 0.960380 0.208010
vt 0.579083 0.361878
vt 0.579068 0.271419
vt 0.557093 0.271556
vt 0.557140 0.362008
vt 0.971797 0.521201
vt 0.971718 0.429891
vt 0.941469 0.429982
vt 0.941533 0.521291
vt 0.965100 0.342950
vt 0.965182 0.251631
vt 0.953589 0.342890
vt 0.934618 0.251601
vt 0.934783 0.342920
vt 0.258186 0.079339
vt 0.248910 0.071710
vt 0.244310 0.079685
vt 0.288249 0.079321
vt 0.299250 0.074280
vt 0.290615 0.065645
vt 0.278859 0.110267
vt 0.279336 0.122345
vt 0.288050 0.119390
vt 0.273229 0.072060
vt 0.279336 0.060970
vt 0.267120 0.060970
vt 0.292455 0.095486
vt 0.288249 0.103999
vt 0.302140 0.103635
vt 0.255835 0.065645
vt 0.253995 0.095485
vt 0.253995 0.087836
vt 0.241930 0.088580
vt 0.242530 0.097760
vt 0.280724 0.073555
vt 0.295360 0.113780
vt 0.264070 0.108809
vt 0.256925 0.102545
vt 0.247200 0.109040
vt 0.255835 0.117675
vt 0.265725 0.073550
vt 0.292455 0.087836
vt 0.303925 0.085555
vt 0.271300 0.111260
vt 0.267121 0.122345
vt 0.304530 0.094740
vt 0.159145 0.080145
vt 0.156760 0.092121
vt 0.163305 0.087189
vt 0.925732 0.697280
vt 0.927209 0.725043
vt 0.927390 0.697408
vt 0.417100 0.046201
vt 0.417078 0.076548
vt 0.418737 0.074796
vt 0.418760 0.046250
vt 0.992592 0.055610
vt 0.992510 0.037241
vt 0.990920 0.051434
vt 0.925553 0.729811
vt 0.990850 0.037240
vt 0.417930 0.090050
vt 0.925730 0.745299
vt 0.927390 0.745308
vt 0.789310 0.085818
vt 0.787076 0.072435
vt 0.787670 0.085810
vt 0.788722 0.064682
vt 0.992509 0.085707
vt 0.990915 0.074724
vt 0.990850 0.085600
vt 0.787670 0.050913
vt 0.789310 0.050920
vt 0.218160 0.082990
vt 0.214090 0.074740
vt 0.212056 0.084833
vt 0.164098 0.099372
vt 0.205945 0.074265
vt 0.170675 0.118135
vt 0.178930 0.122200
vt 0.185611 0.117046
vt 0.172175 0.111468
vt 0.157970 0.101250
vt 0.208020 0.067820
vt 0.188065 0.123410
vt 0.200039 0.063215
vt 0.197750 0.068790
vt 0.200045 0.121025
vt 0.197749 0.115445
vt 0.188064 0.060830
vt 0.188080 0.066870
vt 0.210200 0.114240
vt 0.205950 0.109970
vt 0.176084 0.063215
vt 0.176283 0.070023
vt 0.216980 0.104094
vt 0.212065 0.099374
vt 0.165930 0.070000
vt 0.167080 0.078090
vt 0.219370 0.092120
vt 0.162040 0.109500
vt 0.639645 0.008590
vt 0.638852 0.023410
vt 0.640319 0.024254
vt 0.891452 0.872300
vt 0.891453 0.844058
vt 0.890006 0.843988
vt 0.890001 0.872270
vt 0.988280 0.754241
vt 0.989614 0.774067
vt 0.989750 0.754271
vt 0.638910 0.047619
vt 0.988130 0.775778
vt 0.640380 0.047608
vt 0.155270 0.155940
vt 0.156760 0.171720
vt 0.156733 0.149769
vt 0.155290 0.171689
vt 0.155290 0.136367
vt 0.156760 0.136381
vt 0.988280 0.792927
vt 0.989750 0.792919
vt 0.862150 0.344435
vt 0.853040 0.348210
vt 0.854882 0.354336
vt 0.863295 0.350195
vt 0.862150 0.393965
vt 0.874333 0.393175
vt 0.870855 0.388215
vt 0.861482 0.387600
vt 0.844966 0.357410
vt 0.877850 0.385320
vt 0.849160 0.361785
vt 0.884941 0.387059
vt 0.883200 0.379970
vt 0.842134 0.371675
vt 0.847690 0.369205
vt 0.892019 0.366765
vt 0.886457 0.353325
vt 0.881954 0.357016
vt 0.886095 0.365425
vt 0.890415 0.378865
vt 0.886095 0.372985
vt 0.849160 0.376620
vt 0.846070 0.383230
vt 0.874362 0.345237
vt 0.872671 0.350810
vt 0.853360 0.382910
vt 0.853040 0.390200
vt 0.797035 0.364920
vt 0.799930 0.357935
vt 0.796286 0.352505
vt 0.790785 0.363675
vt 0.375160 0.012101
vt 0.375043 0.024896
vt 0.380544 0.027304
vt 0.380650 0.012111
vt 0.241272 0.027033
vt 0.241220 0.010193
vt 0.235729 0.010040
vt 0.375160 0.041788
vt 0.968850 0.026082
vt 0.968870 0.038169
vt 0.974360 0.038168
vt 0.974342 0.024991
vt 0.968870 0.011052
vt 0.974360 0.011064
vt 0.380650 0.041779
vt 0.865567 0.031801
vt 0.860114 0.009884
vt 0.860111 0.031588
vt 0.241220 0.040159
vt 0.235730 0.040241
vt 0.865560 0.010001
vt 0.799930 0.379470
vt 0.797035 0.372480
vt 0.790785 0.373725
vt 0.796287 0.384895
vt 0.835440 0.368700
vt 0.833960 0.376115
vt 0.839850 0.378555
vt 0.841810 0.368700
vt 0.805280 0.352590
vt 0.808618 0.344261
vt 0.829760 0.382410
vt 0.834265 0.386915
vt 0.812266 0.349690
vt 0.823470 0.386610
vt 0.825910 0.392490
vt 0.821645 0.350306
vt 0.821075 0.343445
vt 0.814152 0.387833
vt 0.816050 0.394450
vt 0.830359 0.347290
vt 0.829760 0.355000
vt 0.806196 0.392490
vt 0.838594 0.356670
vt 0.805280 0.384815
vt 0.833960 0.361285
vt 0.734317 0.404819
vt 0.746696 0.403190
vt 0.738672 0.397908
vt 0.849530 0.011646
vt 0.849503 0.031616
vt 0.851420 0.025321
vt 0.962831 0.236363
vt 0.962980 0.251549
vt 0.964765 0.241936
vt 0.979100 0.381450
vt 0.978594 0.369003
vt 0.977216 0.381573
vt 0.964890 0.251560
vt 0.613090 0.008917
vt 0.613028 0.031129
vt 0.614935 0.027223
vt 0.615010 0.008932
vt 0.979100 0.352731
vt 0.977210 0.352712
vt 0.615010 0.048768
vt 0.962980 0.212101
vt 0.964891 0.212012
vt 0.613090 0.048739
vt 0.851440 0.047711
vt 0.849530 0.047679
vt 0.851440 0.011671
vt 0.747285 0.394985
vt 0.741859 0.354145
vt 0.731804 0.354145
vt 0.731470 0.361597
vt 0.742274 0.361603
vt 0.755055 0.397610
vt 0.752455 0.389815
vt 0.722520 0.357990
vt 0.761298 0.386802
vt 0.722483 0.367588
vt 0.755260 0.383056
vt 0.714286 0.367370
vt 0.713030 0.389256
vt 0.721265 0.389815
vt 0.718460 0.383054
vt 0.762105 0.374374
vt 0.755260 0.375741
vt 0.720609 0.399139
vt 0.718460 0.375740
vt 0.728098 0.395802
vt 0.711070 0.379401
vt 0.758260 0.365089
vt 0.751251 0.367609
vt 0.751149 0.357990
vt 0.935930 0.350894
vt 0.931910 0.359045
vt 0.937001 0.361385
vt 0.940957 0.353357
vt 0.240782 0.384398
vt 0.241810 0.397240
vt 0.241755 0.381554
vt 0.240804 0.406011
vt 0.241765 0.413795
vt 0.241692 0.397214
vt 0.240810 0.354643
vt 0.241792 0.359097
vt 0.241810 0.341929
vt 0.240830 0.397219
vt 0.240901 0.425994
vt 0.241010 0.368246
vt 0.240830 0.342013
vt 0.241870 0.425919
vt 0.241884 0.263961
vt 0.241880 0.242962
vt 0.240921 0.242937
vt 0.240922 0.263907
vt 0.240830 0.368223
vt 0.241810 0.368234
vt 0.969060 0.362705
vt 0.967635 0.355525
vt 0.963530 0.360075
vt 0.960639 0.354217
vt 0.962102 0.377087
vt 0.967635 0.369875
vt 0.963101 0.366591
vt 0.959841 0.372229
vt 0.931910 0.366360
vt 0.962101 0.348319
vt 0.939310 0.370045
vt 0.934710 0.373115
vt 0.954195 0.349916
vt 0.952141 0.344194
vt 0.941523 0.379102
vt 0.946415 0.375491
vt 0.947675 0.349490
vt 0.943125 0.345385
vt 0.952119 0.381211
vt 0.954179 0.375496
vt 0.321510 0.123101
vt 0.321500 0.133663
vt 0.331140 0.123033
vt 0.321510 0.141940
vt 0.331140 0.141989
vt 0.912552 0.037687
vt 0.922180 0.037479
vt 0.922117 0.026168
vt 0.902830 0.016650
vt 0.902804 0.024561
vt 0.912471 0.016569
vt 0.749545 0.536926
vt 0.740003 0.521650
vt 0.740000 0.536745
vt 0.749540 0.521771
vt 0.912472 0.037830
vt 0.912551 0.016764
vt 0.922180 0.016850
vt 0.902830 0.037485
vt 0.535687 0.108540
vt 0.522195 0.053130
vt 0.507217 0.108530
vt 0.507290 0.062740
vt 0.902798 0.206050
vt 0.901753 0.160707
vt 0.880916 0.207682
vt 0.867909 0.162611
vt 0.853321 0.207660
vt 0.852140 0.162320
vt 0.095150 0.047360
vt 0.095150 0.093140
vt 0.107415 0.093225
vt 0.108833 0.047448
vt 0.127037 0.093069
vt 0.127012 0.047290
vt 0.344558 0.089940
vt 0.344581 0.135720
vt 0.352680 0.135790
vt 0.366807 0.135840
vt 0.368572 0.090056
vt 0.393528 0.135837
vt 0.405857 0.089999
vt 0.405720 0.135780
vt 0.260760 0.060370
vt 0.267854 0.053947
vt 0.248452 0.047705
vt 0.241930 0.055540
vt 0.535637 0.062750
vt 0.371369 0.154560
vt 0.366171 0.154510
vt 0.366156 0.184170
vt 0.405707 0.154550
vt 0.902919 0.141169
vt 0.870686 0.142218
vt 0.272751 0.044647
vt 0.272696 0.035202
vt 0.248333 0.036978
vt 0.390292 0.154596
vt 0.513880 0.043940
vt 0.267790 0.026676
vt 0.260760 0.021240
vt 0.241930 0.030230
vt 0.532206 0.043950
vt 0.709960 0.082332
vt 0.708700 0.073530
vt 0.707452 0.082230
vt 0.887870 0.112876
vt 0.381686 0.184246
vt 0.870025 0.112860
vt 0.405799 0.184210
vt 0.532240 0.014300
vt 0.513833 0.014290
vt 0.794344 0.683050
vt 0.773613 0.683099
vt 0.773531 0.712749
vt 0.794328 0.712700
vt 0.902029 0.111820
vt 0.680242 0.067718
vt 0.677748 0.075728
vt 0.680765 0.072866
vt 0.683865 0.066761
vt 0.708684 0.090953
vt 0.686316 0.060920
vt 0.705293 0.092903
vt 0.688413 0.062935
vt 0.690629 0.103112
vt 0.698241 0.102935
vt 0.693726 0.100632
vt 0.705085 0.098024
vt 0.688444 0.098881
vt 0.700058 0.098765
vt 0.693648 0.058762
vt 0.694933 0.062156
vt 0.684785 0.099468
vt 0.683854 0.094427
vt 0.699782 0.060787
vt 0.680224 0.092971
vt 0.701378 0.065515
vt 0.680216 0.084166
vt 0.705097 0.065954
vt 0.677740 0.084617
vt 0.705309 0.071121
vt 0.790250 0.405313
vt 0.788930 0.389345
vt 0.788930 0.405190
vt 0.241860 0.297959
vt 0.241805 0.284002
vt 0.240540 0.298015
vt 0.241870 0.242980
vt 0.241871 0.225111
vt 0.240551 0.225053
vt 0.240550 0.242947
vt 0.790250 0.389351
vt 0.577895 0.019379
vt 0.577880 0.047345
vt 0.579205 0.047691
vt 0.241861 0.263807
vt 0.240540 0.263898
vt 0.240482 0.277250
vt 0.579190 0.019775
vt 0.956473 0.248811
vt 0.951498 0.251283
vt 0.935347 0.235038
vt 0.938984 0.245278
vt 0.961409 0.225392
vt 0.943537 0.213833
vt 0.938994 0.217650
vt 0.948762 0.212758
vt 1.233020 0.956020
vt 1.302810 0.886260
vt 1.276580 0.854510
vt 1.201090 0.929960
vt 2.043480 -2.827250
vt 2.043120 -2.667444
vt 2.054480 -2.669489
vt 2.054840 -2.826510
vt 1.941610 0.886280
vt 2.011400 0.956040
vt 2.043020 0.929980
vt 1.967530 0.854520
vt 4.139590 -2.072189
vt 4.139912 -1.861788
vt 4.150969 -1.967659
vt 1.572870 1.776160
vt 1.476070 1.756920
vt 1.463970 1.796250
vt 1.568680 1.817070
vt 1.121160 1.225970
vt 1.140420 1.129200
vt 1.100920 1.117280
vt 1.080100 1.221950
vt 1.671560 0.774460
vt 1.768360 0.793710
vt 1.780140 0.754390
vt 1.675430 0.733570
vt -1.523582 -0.952562
vt -1.511719 -1.204526
vt -1.531162 -1.055092
vt 1.859550 1.719170
vt 1.768370 1.756920
vt 1.780140 1.796250
vt 1.878770 1.755420
vt 2.123260 1.324650
vt 2.104010 1.421420
vt 2.143190 1.433350
vt 2.164010 1.328690
vt 4.141118 -1.634597
vt 4.152410 -1.638320
vt 4.151598 -1.767273
vt 1.178190 1.512540
vt 1.140420 1.421390
vt 1.100930 1.433330
vt 1.141780 1.531920
vt 4.141117 -2.471246
vt 4.151603 -2.359742
vt 4.152410 -2.466740
vt 1.384880 0.831450
vt 1.476060 0.793700
vt 1.463970 0.754390
vt 1.365340 0.795220
vt 2.066240 1.038080
vt 2.104010 1.129230
vt 2.143190 1.117310
vt 2.102330 1.018720
vt -0.093599 -2.496566
vt -0.087630 -2.354710
vt -0.082321 -2.499398
vt 2.066240 1.512560
vt 2.011410 1.594600
vt 2.043020 1.620670
vt 2.102330 1.531950
vt 4.139908 -2.274351
vt 4.150971 -2.175704
vt 1.384880 1.719160
vt 1.302820 1.664340
vt 1.276580 1.696120
vt 1.365340 1.755410
vt 1.178190 1.038050
vt 1.141780 1.018690
vt -1.520763 -0.743309
vt -1.534670 -0.899050
vt -1.531118 -0.744235
vt 1.859550 0.831460
vt 1.878770 0.795230
vt 1.671560 1.776170
vt 1.675440 1.817070
vt 2.043839 -2.470289
vt 2.046545 -2.287168
vt 2.057874 -2.292155
vt 2.055186 -2.474265
vt 1.121170 1.324630
vt 1.080100 1.328660
vt -1.522190 -1.202010
vt -0.093820 -2.706523
vt -0.082535 -2.707169
vt 1.941620 1.664360
vt 1.967540 1.696130
vt 2.123260 1.225990
vt 2.164010 1.221980
vt 1.233030 1.594580
vt 1.201090 1.620650
vt 2.044704 -2.979631
vt 2.056061 -2.978290
vt -1.516940 -0.602405
vt -0.093746 -2.909880
vt -0.082464 -2.908242
vt 2.052215 -3.114250
vt 1.572860 0.774450
vt 1.568680 0.733570
vt 2.439820 2.711340
vt 2.480250 2.613800
vt 2.479513 2.301663
vt 2.218476 2.931885
vt -0.093271 -3.110259
vt -0.081991 -3.105543
vt 2.381140 2.799140
vt 2.306440 2.873800
vt 1.911780 1.921450
vt 1.808170 1.942060
vt 1.710724 1.982733
vt 2.017410 1.921450
vt 2.218584 1.982470
vt 2.121020 1.942050
vt 2.017410 2.993470
vt 2.121020 2.972870
vt 1.911780 2.993470
vt 1.808148 2.972778
vt 1.448940 2.301130
vt 1.428330 2.404680
vt 1.429159 2.510196
vt 1.489360 2.203580
vt 1.622750 2.873810
vt 1.710580 2.932470
vt 1.548050 2.799160
vt 1.622750 2.041130
vt 1.548050 2.115790
vt 1.489360 2.711370
vt 2.500860 2.510240
vt 2.500860 2.404660
vt 1.448940 2.613820
vt 1.824390 2.457485
vt 1.835067 2.403804
vt 1.876477 2.349854
vt 1.951019 2.318992
vt 2.018462 2.327868
vt 2.072315 2.369127
vt 2.102401 2.430106
vt 2.102399 2.484845
vt 2.081442 2.535407
vt 2.042722 2.574114
vt 1.992131 2.595064
vt 1.924244 2.590621
vt 1.865495 2.556670
vt 1.835072 2.511169
vt 4.142590 2.209860
vt 4.142912 2.130209
vt 4.117036 2.122829
vt 4.116720 2.209880
vt 0.496518 -2.941175
vt 0.493828 -3.033280
vt 0.470953 -3.099120
vt 0.470900 -2.941313
vt 4.112161 3.290493
vt 4.138020 3.290560
vt 4.137411 3.254636
vt 4.119355 3.255334
vt -2.071574 -1.757965
vt -2.138092 -1.767013
vt -2.138677 -1.481311
vt -2.031351 -1.767178
vt 3.294556 -2.986985
vt 3.320540 -2.923669
vt 3.320396 -3.029002
vt 4.142590 1.992965
vt 4.116721 1.993070
vt 3.294671 -3.120322
vt 4.112162 3.075638
vt 4.119171 3.150460
vt 4.137230 3.150640
vt 4.138021 3.075777
vt 4.111320 3.195233
vt 3.294670 -2.923790
vt 0.496520 -3.097620
vt 3.379710 -2.436630
vt 3.429529 -2.344609
vt 3.368190 -2.606020
vt 3.335250 -2.673650
vt -1.386918 -2.854364
vt -1.403400 -2.861330
vt -1.436340 -2.760030
vt 3.412910 -2.337540
vt -2.139271 -1.188340
vt -2.031368 -1.188299
vt 3.368220 -2.829110
vt 3.340040 -2.910610
vt -1.480440 -2.518230
vt -1.447770 -2.587500
vt 3.617389 3.402514
vt 3.488946 3.606962
vt -1.447740 -2.360490
vt -1.475700 -2.277160
vt -1.414430 -2.256200
vt -1.386470 -2.339530
vt 1.495888 1.921218
vt 1.495897 1.817512
vt 1.430518 1.817382
vt 3.510005 3.391891
vt 2.164050 0.769023
vt 2.252070 0.769009
vt 2.252070 0.661117
vt 2.164050 0.661121
vt 1.563468 1.921136
vt 1.563477 1.821050
vt 1.498097 1.821140
vt 1.498088 1.921226
vt 1.430526 1.921088
vt 3.429980 -2.850540
vt 3.401790 -2.932050
vt 1.883840 -1.053690
vt 2.057750 -1.000950
vt 2.076910 -1.097210
vt 1.896040 -1.146293
vt 1.842515 -0.969921
vt 2.020180 -0.910270
vt 1.965630 -0.828660
vt 1.780900 -0.899700
vt 1.896200 -0.759260
vt 1.699989 -0.852995
vt 1.814560 -0.704740
vt 1.723850 -0.667180
vt 1.578452 -0.828830
vt 1.627550 -0.648030
vt 1.529360 -0.648030
vt 1.485810 -0.841040
vt 1.433060 -0.667190
vt 1.402011 -0.882340
vt 1.342340 -0.704750
vt 1.260700 -0.759280
vt 1.314386 -0.969929
vt 1.191270 -0.828680
vt 1.136720 -0.910290
vt 1.266965 -1.084375
vt 1.099150 -1.000970
vt 1.079990 -1.097240
vt 1.266965 -1.208246
vt 1.079990 -1.195390
vt 1.099150 -1.291650
vt 1.314384 -1.322679
vt 1.136720 -1.382330
vt 1.191270 -1.463940
vt 1.402009 -1.410269
vt 1.260700 -1.533340
vt 1.342340 -1.587860
vt 1.516484 -1.457669
vt 1.433060 -1.625420
vt 1.529360 -1.644570
vt 1.609730 -1.463770
vt 1.627540 -1.644560
vt 1.699996 -1.439592
vt 1.723850 -1.625410
vt 1.814560 -1.587850
vt 1.871865 -1.267779
vt 2.020180 -1.382310
vt 1.965630 -1.463920
vt 1.803021 -1.370779
vt 2.057750 -1.291630
vt 2.076910 -1.195360
vt 0.499753 -1.646419
vt 0.340225 -1.697008
vt 0.412141 -1.558841
vt -2.744314 -2.311612
vt -2.785154 -2.207258
vt -2.742880 -2.208140
vt 4.154477 3.289475
vt 4.112170 3.290600
vt 4.111535 3.400904
vt -2.744659 -2.516595
vt -2.786948 -2.502447
vt 4.131183 -0.811027
vt 4.088909 -0.825789
vt 4.131500 -0.580624
vt 4.089200 -0.580745
vt 4.153677 3.594809
vt 3.431760 1.051525
vt 3.473590 1.050420
vt 3.467578 0.914686
vt 4.111380 3.609269
vt 3.431698 0.695930
vt 4.112170 3.781227
vt 4.154470 3.781206
vt 3.473588 0.696346
vt 4.131501 -1.024944
vt 4.089200 -1.024608
vt -2.742880 -2.694057
vt -2.785170 -2.694195
vt 2.040732 -2.977696
vt 1.797620 -2.977510
vt 1.797143 -2.864021
vt 0.114158 -2.116111
vt 0.220852 -1.984997
vt 0.235691 -2.140270
vt 0.299619 -1.974590
vt 0.328320 -2.128070
vt 0.328330 -1.517540
vt 0.252825 -1.660760
vt 0.235689 -1.505340
vt 0.412131 -2.086763
vt 0.362668 -1.926288
vt 0.160029 -1.679154
vt 0.114150 -1.529509
vt 0.499756 -1.999171
vt 0.011114 -1.598331
vt 0.398930 -1.838935
vt 0.541070 -1.915410
vt -0.075797 -1.884756
vt 0.074590 -1.806808
vt 0.084978 -1.885709
vt 0.100173 -1.731630
vt 0.553280 -1.822791
vt -0.028373 -1.999191
vt -0.057726 -1.701330
vt 0.133427 -1.948842
vt 0.388542 -1.760031
vt 0.541070 -1.730200
vt 0.033230 -2.069400
vt -0.081900 -1.791540
vt 2.040410 -2.808740
vt 1.798370 -2.726149
vt 1.762502 -2.748818
vt 1.762193 -2.991819
vt 1.530624 -2.991958
vt 1.531316 -2.748959
vt 2.041480 -2.726140
vt -3.154928 -2.717332
vt -2.911770 -2.718590
vt -2.911364 -2.790148
vt -2.726388 -2.723042
vt -2.727920 -2.963670
vt -2.755694 -2.961403
vt -3.154723 -2.973190
vt -2.911573 -2.973054
vt -2.882340 -2.960629
vt -2.911192 -2.721829
vt -2.911200 -2.962530
vt 3.393023 2.249001
vt 3.331021 2.232384
vt 3.395677 2.278663
vt 3.329275 2.180923
vt 3.300776 2.175899
vt 3.326207 2.087677
vt 3.298110 2.096546
vt 3.342651 2.013109
vt 3.393102 2.006332
vt 3.426068 1.968467
vt 3.471722 1.988109
vt 3.505658 1.971041
vt 3.535378 2.012060
vt 3.562205 2.001213
vt 3.588108 2.073493
vt 3.610393 2.064737
vt -2.766217 -2.987257
vt -2.833197 -2.985560
vt 3.566422 2.216665
vt 3.497876 2.259329
vt 3.573305 2.243288
vt 3.489879 2.287889
vt 2.381140 2.115770
vt 2.439820 2.203560
vt 2.306440 2.041110
vt 3.320540 -3.120024
vt 1.896200 -1.533320
vt 3.610550 2.191290
vt 3.588240 2.181610
vt -2.873800 -2.986600
vt 0.645153 0.110716
vt 0.645190 0.199995
vt 0.695431 0.200057
vt 0.694072 0.111366
vt 0.851202 0.087490
vt 0.851201 0.058540
vt 0.833300 0.058570
vt 0.833300 0.087520
vt 0.826500 0.098370
vt 0.842213 0.098340
vt 0.880040 0.404410
vt 0.880130 0.412860
vt 0.914793 0.415107
vt 0.914710 0.404360
vt 0.993772 0.963414
vt 0.994010 0.951170
vt 0.990430 0.950470
vt 0.983789 0.950493
vt 0.684650 0.206620
vt 0.983790 0.999230
vt 0.993880 0.991348
vt 0.655690 0.206620
vt 0.990430 0.999290
vt 0.994010 1.000000
vt 0.934500 0.280235
vt 0.899960 0.323640
vt 0.934790 0.342950
vt 0.699140 0.129520
vt 0.699140 0.180920
vt 0.934790 0.253070
vt 0.926972 0.252126
vt 0.655690 0.103820
vt 0.684650 0.103820
vt 0.227690 0.033900
vt 0.227680 0.021450
vt 0.193010 0.021450
vt 0.915057 0.482713
vt 0.906891 0.501880
vt 0.914790 0.500990
vt 0.641200 0.180920
vt 0.880150 0.432470
vt 0.641200 0.129520
vt 0.975410 0.071870
vt 0.975240 0.084830
vt 0.985690 0.084880
vt 0.990715 0.072708
vt 0.891550 0.974300
vt 0.882399 0.986649
vt 0.887930 0.993580
vt 0.848100 1.000000
vt 0.837341 0.974374
vt 0.837244 0.993562
vt 0.880150 0.494430
vt 0.880130 0.521290
vt 0.876210 0.431760
vt 0.876210 0.493720
vt 0.833620 0.911090
vt 0.837250 0.911030
vt 0.837254 0.882996
vt 0.193020 0.033900
vt 0.227650 0.060830
vt 0.842213 0.047680
vt 0.826500 0.047710
vt 0.895753 0.518515
vt 0.915941 0.235119
vt 0.877070 0.873595
vt 0.887887 0.883187
vt 0.848100 0.873575
vt 0.833620 0.974300
vt 0.192980 0.060830
vt 0.877070 1.000000
vt 0.900450 0.232226
vt 0.910810 0.232290
vt 0.891550 0.911090
vt 0.975241 0.036059
vt 0.990840 0.044828
vt 0.985690 0.036060
vt 0.990690 0.036770
vt 0.890580 0.521270
vt 0.900450 0.342730
vt 0.990690 0.085600
vt -0.110313 -1.806297
vt -0.108980 -1.744072
vt -0.091508 -1.713123
vt -0.085177 -1.758626
vt 2.562760 0.769020
vt 2.557415 0.663746
vt 2.548150 0.761910
vt -1.162766 1.404680
vt -1.096800 1.630050
vt -1.078465 1.630087
vt -1.001416 1.387830
vt 2.429210 -1.043759
vt 2.449939 -1.002600
vt 2.511206 -0.961955
vt -0.977573 1.695856
vt -0.706147 1.667809
vt -0.774069 1.387103
vt 2.525400 -0.927324
vt 2.622733 -0.850789
vt -0.477017 1.630172
vt -0.422945 1.404829
vt 2.580621 -0.872279
vt -0.083120 -1.480370
vt -0.090090 -1.525120
vt -0.108340 -1.489766
vt -0.108463 -1.427024
vt -0.488338 1.695847
vt -0.392361 1.630090
vt -1.448650 3.498610
vt -1.582170 3.437090
vt -1.607518 3.595732
vt -1.386470 3.723970
vt 2.185410 -2.813128
vt 2.185901 -3.013208
vt 2.147280 -3.084080
vt 2.114698 -2.934805
vt -0.676840 -2.145440
vt -0.677410 -2.254480
vt -0.698816 -2.236646
vt -0.702930 -2.119539
vt 2.597490 -2.520650
vt 2.601110 -2.286910
vt 2.621060 -2.292780
vt 2.621060 -2.527590
vt 4.106700 1.969540
vt 4.092389 1.734804
vt 4.072392 1.969624
vt -1.753613 0.374170
vt -1.819570 0.148780
vt -1.837971 0.148827
vt -0.717010 -2.254480
vt -0.734320 -2.145440
vt -0.144793 -1.549350
vt -1.915125 0.391261
vt -0.134295 -1.603852
vt -1.938795 0.082972
vt -2.143164 0.148955
vt -2.142548 0.392097
vt -2.310988 0.083043
vt -0.137288 -1.751296
vt -2.528150 0.148775
vt -2.495283 0.374268
vt -2.417732 0.082949
vt -2.610326 0.374110
vt -2.544280 0.148730
vt 3.250320 -3.027650
vt 3.264070 -2.923790
vt 3.284906 -2.940022
vt 3.280193 -3.051408
vt 4.116130 0.071500
vt 4.101830 -0.162270
vt 4.081818 0.071606
vt 3.482589 -1.523007
vt 3.464946 -1.472782
vt 3.491642 -1.459699
vt 3.454633 -1.555917
vt 3.432460 -1.628730
vt 3.423620 -1.582720
vt -2.450075 0.391769
vt 2.086412 -2.874736
vt 2.059546 -2.896610
vt 2.061950 -2.808010
vt 2.082710 -2.773770
vt 2.078233 -2.943331
vt 2.104582 -2.892733
vt 2.141598 -2.870476
vt -0.466414 1.387279
vt 3.505569 -1.534248
vt 3.524289 -1.497988
vt 3.550360 -1.582720
vt 3.541380 -1.628730
vt 3.978111 1.981478
vt 3.978113 2.363355
vt 4.080403 1.977300
vt 4.152177 -0.474504
vt 4.111352 -0.359142
vt 4.128230 -0.327590
vt -2.036590 -0.019171
vt -0.758629 1.811219
vt 4.080400 2.359213
vt -2.360601 -0.019209
vt -0.518496 1.798117
vt -0.484886 1.798070
vt 1.931360 1.921420
vt 1.945640 1.921450
vt 1.945640 1.819230
vt 1.931360 1.819190
vt -1.932239 -0.019270
vt 4.081271 1.717492
vt 4.081274 1.335654
vt 3.978983 1.721689
vt 4.118230 -0.563020
vt 4.078590 -0.457080
vt -0.124896 -1.901353
vt -0.116094 -1.852879
vt -0.102021 -1.912649
vt -0.168306 -1.817342
vt -2.074188 -0.038120
vt -2.319044 -0.038151
vt 2.396975 3.004564
vt 2.392342 3.066922
vt 2.407171 3.150470
vt 2.425937 3.116892
vt 2.366870 3.039060
vt 2.362580 3.091750
vt -0.573747 1.817020
vt -0.948722 1.798118
vt -0.894510 1.817020
vt -0.102540 -1.817500
vt -0.084580 -1.865340
vt -0.984111 1.798070
vt 3.978981 1.339817
vt 1.231540 -2.446140
vt 1.377860 -2.233100
vt 1.532171 -2.316188
vt -1.817511 -0.683867
vt -1.783667 -0.681877
vt -1.783719 -0.964226
vt -0.119710 -2.057599
vt -0.144230 -2.023317
vt -0.189190 -1.934950
vt -2.432430 -0.042710
vt -2.432420 0.106910
vt 1.079990 -2.422480
vt 1.080050 -2.320250
vt 1.231630 -2.296520
vt -2.579040 0.170409
vt -2.836886 0.087613
vt -2.864871 0.758447
vt -2.776922 1.015347
vt -0.084580 -2.353060
vt -0.106400 -2.323540
vt -2.535609 -0.042791
vt 4.112350 -0.227990
vt 4.152150 -0.198730
vt -1.637844 -0.042789
vt -1.534700 -0.042860
vt -1.681260 -0.107824
vt -1.783703 -0.106380
vt 4.012630 -0.198730
vt 4.039869 -0.297523
vt 4.032631 -0.433708
vt 4.003590 -0.334770
vt 4.026820 3.130450
vt 3.947930 2.998320
vt 3.891730 3.229050
vt 4.026820 3.391890
vt 3.424300 0.990430
vt 3.424300 0.734107
vt 3.288850 0.698227
vt 3.288850 1.026220
vt -2.869549 0.087786
vt -2.868890 0.758910
vt 1.378180 -1.657670
vt 1.532170 -1.644570
vt 4.153510 2.209880
vt 4.116720 2.218750
vt 4.116720 2.773380
vt 4.153510 2.764510
vt -2.007710 -0.835899
vt -1.998796 -0.608882
vt 2.291120 -2.340370
vt 2.084450 -2.315230
vt 2.098270 -2.286910
vt 2.389756 -2.318460
vt -2.725372 -2.243726
vt -2.727200 -2.443750
vt -2.742880 -2.440010
vt -2.740747 -2.212381
vt 0.366460 -2.140122
vt 0.356090 -2.383700
vt 0.251022 -2.167528
vt 0.036020 -2.287290
vt 0.248813 -2.275453
vt 0.247612 -2.491589
vt 0.043110 -2.383780
vt 3.978005 2.528283
vt 4.068102 2.804122
vt 4.054610 2.639329
vt 3.996281 2.487690
vt 2.422021 -2.530419
vt 2.428740 -2.337889
vt 2.291119 -2.720762
vt 2.057880 -2.658920
vt 2.057880 -2.402862
vt 4.068110 2.454122
vt 4.035357 2.358933
vt 1.697680 1.823640
vt 1.698260 1.920130
vt 1.729200 1.921450
vt 1.729200 1.824960
vt 0.018832 -2.271918
vt 0.018095 -2.163739
vt 2.613739 -3.093893
vt 2.561497 -2.941598
vt 2.574190 -2.830630
vt 2.615060 -2.943510
vt -0.221600 -2.999720
vt -0.318140 -2.998010
vt -0.318450 -2.849385
vt -0.221910 -2.851423
vt -0.081900 -2.187160
vt -0.081070 -2.283660
vt 3.947469 0.712258
vt 4.003590 0.565512
vt 3.947470 -0.012734
vt 2.793064 0.405083
vt 2.793270 -0.034619
vt 2.706579 -0.082643
vt 3.975340 0.760030
vt 4.003210 0.711800
vt 4.003211 -0.012907
vt 2.746370 -0.175490
vt 1.013510 -2.972030
vt 0.957770 -2.971890
vt 1.013510 -2.361670
vt 2.605670 -0.193290
vt 2.230470 -0.193310
vt -1.198870 -1.584470
vt -1.339570 -1.566660
vt -1.388747 -1.424461
vt -0.722759 -1.474642
vt -0.823660 -1.584500
vt 0.957770 -2.361549
vt -0.682960 -1.566710
vt 2.089760 -0.175520
vt 2.040583 -0.033338
vt -0.636060 -1.425850
vt 1.077890 -1.909945
vt 1.022686 -1.910445
vt 1.077855 -1.171437
vt -0.636266 -0.986200
vt 1.050280 -1.958980
vt 1.022664 -1.171352
vt 4.122406 -1.386470
vt 4.123540 -1.546100
vt 4.094830 -1.533040
vt 4.066680 -1.386570
vt 4.067800 -1.546190
vt 4.067800 -1.025150
vt 4.123527 -1.025060
vt -1.198870 -0.737031
vt -0.823660 -0.736930
vt -0.681969 -0.827392
vt -1.339506 -0.827300
vt -1.339480 -0.777530
vt -1.198770 -0.734590
vt 2.605670 0.654179
vt 2.605760 0.655620
vt 2.746460 0.612670
vt 2.746305 0.563941
vt 2.088573 0.563854
vt 2.230470 0.654330
vt 2.043065 0.405043
vt -1.386265 -0.986140
vt 4.081160 -0.166200
vt 4.042920 0.515109
vt 4.080370 0.515090
vt -0.679613 4.065500
vt 0.015600 4.065338
vt -0.866443 3.367466
vt -1.072193 2.985915
vt -0.975832 4.054476
vt 4.043710 0.760030
vt 4.081160 0.760020
vt -0.087930 -1.346534
vt -0.125380 -1.346495
vt -0.125480 -0.058560
vt -0.087930 0.410784
vt 0.266440 3.436840
vt 0.264806 2.532482
vt -1.515409 2.288299
vt -1.752144 1.906585
vt -1.609300 2.377601
vt -1.501330 2.535060
vt -1.582170 2.535010
vt -1.515409 3.683911
vt -1.752142 4.065585
vt -0.125380 0.410870
vt 0.015601 1.906290
vt 0.238300 2.041202
vt -1.443760 1.599370
vt -1.429610 1.816090
vt -1.392530 1.817070
vt -1.406670 1.600351
vt -1.429610 0.905130
vt -1.392530 0.906120
vt -0.679634 1.906368
vt -1.015960 1.924626
vt -0.866443 2.604183
vt -0.971720 2.985820
vt -0.175270 3.437805
vt -0.177820 2.534720
vt 4.081290 1.716052
vt 4.118190 1.716960
vt 4.118190 1.317611
vt 4.074360 3.071400
vt 4.069280 3.388060
vt 4.106190 3.388010
vt 4.111270 3.071350
vt -0.367123 2.724909
vt -0.264736 3.252230
vt -0.140796 3.210381
vt 4.074360 3.781250
vt 4.111270 3.781200
vt -2.751172 2.155354
vt -2.730372 3.828637
vt 3.901916 2.589560
vt 3.902133 2.163926
vt 3.889782 2.519891
vt -3.027010 -0.980620
vt -3.089710 -0.886810
vt -3.028250 -0.853980
vt -2.973140 -0.936430
vt 0.479453 -2.584621
vt 0.467655 -2.555708
vt 0.468231 -2.140043
vt 0.479970 -2.140326
vt 0.479970 -2.941079
vt 0.468232 -2.941621
vt 3.892980 2.803471
vt 2.041615 -1.644416
vt 2.053230 -1.644570
vt 2.041989 -1.863296
vt 3.904720 2.803530
vt 2.030359 -2.057479
vt 3.913171 -1.533391
vt 3.901430 -1.533177
vt 3.899956 -1.202971
vt 2.053245 -2.283624
vt 3.911636 -1.126574
vt 2.041600 -2.283460
vt 3.898850 1.926840
vt 3.890479 2.137694
vt 3.900181 -0.879449
vt 3.913174 -0.647421
vt 3.901430 -0.648055
vt -1.396003 -0.638745
vt -1.394881 -0.819472
vt -1.413069 -0.714600
vt -2.414820 -0.064800
vt -2.310550 -0.107980
vt -2.343410 -0.169410
vt -2.435060 -0.131460
vt -2.947210 -1.060390
vt -2.903000 -1.006540
vt -2.525520 -0.042790
vt -2.532350 -0.112120
vt -2.853370 -1.123070
vt -2.820520 -1.061640
vt -2.638380 -0.042790
vt -2.631550 -0.112120
vt -2.749100 -1.166240
vt -2.728870 -1.099580
vt -2.749070 -0.064800
vt -2.728840 -0.131460
vt -2.638410 -1.188250
vt -2.631580 -1.118930
vt -2.853340 -0.107980
vt -2.820490 -0.169410
vt -2.525550 -1.188250
vt -2.532380 -1.118930
vt -2.947190 -0.170650
vt -2.902980 -0.224500
vt -3.026990 -0.250430
vt -2.973120 -0.294620
vt -2.310580 -1.123070
vt -2.414850 -1.166240
vt -2.435080 -1.099580
vt -2.343430 -1.061640
vt -3.089700 -0.344230
vt -3.028240 -0.377070
vt -2.216740 -1.060390
vt -2.260950 -1.006540
vt -3.132890 -0.448470
vt -3.066200 -0.468690
vt -2.031020 -0.448460
vt -2.009010 -0.559110
vt -2.078360 -0.565940
vt -2.097710 -0.468690
vt -3.154910 -0.559110
vt -3.085560 -0.565940
vt -2.074210 -0.344230
vt -2.135670 -0.377070
vt -3.154920 -0.671930
vt -3.085560 -0.665100
vt -2.136910 -0.250430
vt -2.190780 -0.294620
vt -2.031030 -0.782580
vt -2.074230 -0.886810
vt -2.135690 -0.853970
vt -2.097720 -0.762360
vt -3.132900 -0.782580
vt -3.066210 -0.762360
vt -2.216720 -0.170650
vt -2.260930 -0.224500
vt -2.009010 -0.671930
vt -2.078370 -0.665100
vt -1.413645 -0.544630
vt 4.109333 -2.864854
vt 4.104180 -2.674249
vt 4.121960 -2.678634
vt 4.127307 -2.867431
vt -1.396261 -0.402585
vt 4.119640 -2.991110
vt 4.137300 -2.988760
vt -0.127011 -1.227782
vt -0.125480 -1.364620
vt -0.142871 -1.362787
vt -1.395645 -0.162161
vt -1.413645 -0.350626
vt -1.413060 -0.163858
vt -0.145086 -1.125441
vt -2.013900 -1.565695
vt -2.031194 -1.742258
vt -2.031329 -1.514693
vt -0.128046 -1.031455
vt -0.145416 -0.933456
vt -2.013709 -1.324226
vt -2.031126 -1.321095
vt -2.013705 -1.789092
vt -2.013400 -1.892140
vt -2.030830 -1.889120
vt -0.127362 -0.810355
vt -0.144386 -0.769152
vt -2.013400 -1.188250
vt -2.030830 -1.190330
vt 4.109568 -2.480004
vt 4.119640 -2.350180
vt 4.137300 -2.352480
vt 4.127073 -2.485549
vt -0.125480 -0.675130
vt -0.142870 -0.678400
vt -1.412300 -0.816480
vt 0.806380 -1.324160
vt 0.736740 -1.393770
vt 0.654586 -1.448293
vt 0.918000 -1.054800
vt 0.898780 -1.151360
vt -0.025010 -1.242310
vt -0.062690 -1.151360
vt 0.029753 -1.324130
vt 0.099340 -1.393770
vt 0.806390 -0.687000
vt 0.861110 -0.768860
vt 0.898311 -0.859645
vt 0.736760 -0.617400
vt 0.654856 -0.562744
vt 0.368800 -1.505340
vt 0.272210 -1.486130
vt 0.467280 -1.505340
vt 0.563870 -1.486130
vt -0.062618 -0.859815
vt 0.181247 -0.563028
vt 3.245900 1.050430
vt 4.078590 -0.331150
vt 4.071482 -0.512403
vt 4.035490 -0.520880
vt 4.078590 -0.613200
vt 4.042264 -0.620786
vt -2.977070 0.699110
vt -3.155309 0.699640
vt -3.155057 1.074848
vt 3.144858 0.674683
vt 3.144859 1.049738
vt 4.032130 -2.891720
vt 4.068593 -2.988055
vt 4.068892 -3.083133
vt 4.031980 -3.015190
vt 4.147940 3.805880
vt 4.111111 3.803944
vt 4.111112 4.152838
vt 4.147940 4.154912
vt 4.009195 -0.457401
vt 4.012350 -0.546290
vt -2.852211 2.529953
vt -2.790148 1.817095
vt -2.852212 3.442014
vt -2.835030 2.985980
vt -2.790030 4.154920
vt -2.447500 4.065560
vt -1.529470 3.930690
vt -1.501330 3.437140
vt -1.529470 2.041510
vt -2.447500 1.906510
vt -2.992780 3.490690
vt -3.116874 4.085540
vt -1.348717 1.886049
vt -1.364504 1.921026
vt -3.117177 1.886839
vt -1.364042 4.050434
vt 3.212370 -2.923790
vt 3.250320 -2.938070
vt 3.250320 -3.080800
vt 3.209390 -3.048540
vt -1.067010 3.441070
vt -1.188973 3.497499
vt -1.021790 1.817070
vt 3.529640 -0.342780
vt 3.490680 -0.354160
vt 3.485140 -0.244160
vt 3.529640 -0.213630
vt -2.992780 2.481390
vt -1.386470 2.425120
vt -1.386470 3.546600
vt -1.188970 2.474120
vt 4.042920 0.753290
vt 4.042920 -0.198730
vt 4.003590 0.760030
vt 4.003590 -0.178850
vt -3.154920 2.425400
vt -3.154920 3.546880
vt -1.021790 4.154920
vt -1.348722 4.085751
vt 4.043710 -0.166190
vt -0.655930 2.579140
vt -0.971133 2.985930
vt -0.472900 2.534851
vt -0.866700 2.604390
vt -0.655930 3.392690
vt -0.472900 3.436930
vt 4.088480 1.026690
vt -0.804830 -1.584500
vt -0.679390 -1.626490
vt -0.679390 -2.075510
vt 4.082860 0.074601
vt 4.082650 0.760030
vt 4.119430 0.465050
vt 4.119430 0.074854
vt -0.264720 2.719370
vt -0.103238 2.899701
vt -0.804830 -2.117350
vt -0.139380 2.761370
vt -0.102830 3.072550
vt -0.642750 -1.764430
vt -0.642750 -1.937680
vt 4.000407 -2.893868
vt 4.031980 -2.919280
vt 4.022610 -3.036390
vt 4.004327 -3.018889
vt 3.239182 0.655646
vt 3.009207 0.584649
vt 3.010220 0.602950
vt 3.235789 0.595604
vt -2.110856 -1.770241
vt -2.074589 -1.847444
vt -2.085032 -1.885410
vt -2.104072 -1.833308
vt 2.539440 1.155730
vt 2.601749 1.096329
vt 2.554091 1.121618
vt 2.950161 0.215349
vt 2.937586 0.487786
vt 3.234604 0.266890
vt 2.659023 1.021546
vt 2.694216 1.008119
vt 3.193937 -0.126197
vt 2.974601 -0.013239
vt 2.969503 -0.099887
vt 2.909268 -0.000322
vt 3.002680 -0.229990
vt 3.250010 -0.230220
vt 2.888607 0.705178
vt 2.916467 0.782364
vt 2.923455 0.725063
vt 2.899192 0.672899
vt 2.953450 0.757670
vt 2.979907 0.783075
vt 2.984836 0.684141
vt 2.963150 0.666640
vt -1.534670 -1.211770
vt -1.511070 -1.204930
vt -1.511070 -1.439740
vt -1.531040 -1.445530
vt -0.676980 -3.087990
vt -0.711288 -3.087906
vt -0.689221 -2.888286
vt -1.753704 1.399760
vt -1.837971 1.625167
vt -1.819570 1.625120
vt 3.011480 0.757670
vt 3.003120 0.666640
vt 2.952720 0.705141
vt 2.942488 0.672945
vt -1.936756 1.399938
vt 2.936400 3.945200
vt 2.881223 3.878536
vt 2.903630 3.928345
vt -2.143164 1.625295
vt -1.938795 1.690922
vt -2.142545 1.382167
vt -2.310987 1.690993
vt 2.800085 3.780423
vt 2.811210 3.816628
vt -2.528150 1.625115
vt -2.430023 1.399907
vt -2.417732 1.690899
vt -2.138694 -1.847424
vt -2.128329 -1.885459
vt -2.610259 1.399700
vt -2.544280 1.625070
vt 3.973950 -2.919280
vt 3.982640 -3.036390
vt 4.103660 -3.079800
vt 4.069358 -3.079685
vt 4.088787 -2.894269
vt -2.055341 -2.859751
vt -2.057014 -2.797957
vt -2.029428 -2.810523
vt -2.040810 -3.023402
vt -2.015430 -2.893654
vt -2.020630 -2.999860
vt -2.392176 1.382350
vt -1.974480 1.382380
vt 3.956673 3.418327
vt 3.932000 3.439230
vt 3.907603 3.543433
vt 3.935915 3.574735
vt 3.906365 3.627895
vt 3.957164 3.589911
vt 3.924707 3.646502
vt 3.963840 3.630530
vt 4.011233 3.552264
vt 3.221425 0.044135
vt 3.213837 -0.085331
vt 3.250101 0.539787
vt -2.081426 -2.858518
vt -2.119010 -2.903960
vt -2.111310 -2.854190
vt 4.081261 0.963158
vt 3.978973 0.958970
vt 4.081264 1.345025
vt -1.481526 -2.344699
vt -1.508860 -2.498640
vt -1.523960 -2.465652
vt -2.161835 1.811993
vt 2.804086 0.236037
vt 3.978971 1.340873
vt -2.360601 1.793191
vt 2.806941 0.002136
vt 2.808941 0.035665
vt 1.945640 1.819190
vt 1.945640 1.921420
vt 1.959910 1.921450
vt 1.959910 1.819230
vt -1.967714 1.793188
vt -1.932239 1.793130
vt 3.986581 -0.647488
vt 4.088873 -0.643310
vt 3.986583 -1.029326
vt -1.551380 -2.364270
vt -1.510600 -2.252830
vt -1.439668 -1.442826
vt -1.415507 -1.432551
vt -1.430019 -1.495072
vt -1.480616 -1.527448
vt -2.319044 1.812080
vt -2.021561 1.812080
vt -1.729538 0.043507
vt -1.695690 0.005120
vt -1.702580 -0.041950
vt -1.720930 -0.012968
vt -1.753730 0.005120
vt -1.746390 -0.041950
vt 2.793222 0.091889
vt 2.831908 0.431126
vt 2.810446 0.388515
vt -1.397050 -1.508840
vt -1.416990 -1.552340
vt 2.835835 0.500325
vt 4.088871 -1.025183
vt 2.773489 -1.634250
vt 3.074121 -1.764051
vt 2.919810 -1.847370
vt -1.469097 -1.328562
vt -1.445840 -1.294131
vt -1.510650 -1.416730
vt -2.432420 1.667450
vt -2.432430 1.817070
vt 2.621950 -1.658150
vt 2.773580 -1.783870
vt 2.622010 -1.760380
vt -2.579040 1.603940
vt -2.836886 1.686735
vt -1.417790 -1.006530
vt -1.397050 -0.976850
vt -2.535609 1.816999
vt -1.481550 -2.646110
vt -1.519430 -2.614280
vt -1.637844 -1.603339
vt -1.783703 -1.539830
vt -1.681270 -1.539900
vt -1.534700 -1.603410
vt -0.702516 -2.769279
vt -0.733900 -2.602900
vt -0.660037 -2.874855
vt 3.995310 -1.424590
vt 3.990970 -1.291100
vt 4.021533 -1.198236
vt 4.026390 -1.328743
vt -0.727359 -2.421327
vt -0.659761 -2.489028
vt 4.035620 4.022050
vt 4.035620 3.781250
vt 3.902090 3.946800
vt 3.957870 4.154920
vt -2.869020 1.015180
vt -2.869549 1.686463
vt 3.074120 -2.435830
vt 2.920130 -2.422800
vt 4.118190 1.162350
vt 4.154920 1.707830
vt 4.154920 1.153220
vt -0.910492 -2.568300
vt -0.894168 -2.275054
vt -0.866200 -2.374250
vt 2.389761 -2.742519
vt 2.098270 -2.773770
vt 2.084450 -2.745560
vt -2.725372 -2.649210
vt -2.740747 -2.673157
vt 0.366499 -2.627710
vt 0.036020 -2.480280
vt -0.928890 -2.480830
vt -0.913750 -2.256200
vt 0.366455 -2.312184
vt 0.386933 -2.266824
vt 0.443883 -2.421078
vt 0.455585 -2.589328
vt 0.251804 -2.600023
vt 2.428741 -2.722951
vt -1.817500 -0.964280
vt -1.998800 -1.037700
vt 0.425149 -2.140519
vt 0.456099 -2.239475
vt 1.760710 1.920230
vt 1.760710 1.823730
vt 1.729780 1.824960
vt 0.018097 -2.603361
vt 0.018833 -2.495172
vt 1.145303 -2.824349
vt 1.146640 -2.976860
vt 1.107520 -3.095450
vt 1.094943 -2.983147
vt -0.124800 -2.849370
vt -0.125060 -2.997657
vt -0.221600 -2.999535
vt -0.221350 -2.850910
vt -0.081900 -2.580040
vt -0.081070 -2.483540
vt -2.136930 -0.980620
vt -2.190800 -0.936430
vt -1.412300 -0.044080
vt -1.394880 -0.041510
vt -0.081900 -0.956360
vt 0.918000 -0.956360
vt 0.029720 -0.687010
vt -0.024990 -0.768860
vt 0.099360 -0.617400
vt 0.272230 -0.525030
vt 0.563890 -0.525030
vt 0.467300 -0.505820
vt -2.977070 1.075570
vt -2.868560 1.016330
vt 3.245900 0.673962
vt 4.055764 -1.132763
vt 4.066680 -1.297200
vt 4.019730 -1.123150
vt 4.030296 -1.025328
vt 4.066680 -1.034090
vt -0.739440 -2.321060
vt -0.705279 -2.314389
vt 4.044250 0.772700
vt 4.044100 0.896200
vt 4.081182 0.964053
vt 4.080883 0.868945
vt -0.671830 -2.387240
vt 3.990897 -1.184404
vt 3.997410 -1.097250
vt -0.866700 3.367490
vt -3.132926 4.051048
vt -1.067010 2.530700
vt -0.264310 1.590020
vt -0.278370 1.343250
vt 1.024050 -2.813602
vt 1.065140 -3.116040
vt 1.023592 -3.039831
vt -3.132926 1.921232
vt -1.448650 2.473020
vt -1.386470 2.247640
vt 0.238300 3.930398
vt 4.028930 3.713210
vt 3.982942 3.781232
vt 3.263808 -2.913283
vt 3.317570 -2.838002
vt 3.304531 -2.879816
vt 3.310637 -2.795468
vt 3.276396 -2.757862
vt 3.187716 -2.752212
vt 3.139261 -2.812130
vt 3.137911 -2.846988
vt 3.153175 -2.887271
vt 3.195321 -2.916544
vt 3.850091 1.806605
vt 3.890836 1.773171
vt 3.903900 1.731379
vt 3.896992 1.688838
vt 3.862768 1.651209
vt 3.767566 1.648332
vt 3.717473 1.713018
vt 3.732253 1.764733
vt 3.781588 1.809804
vt 2.845424 2.436774
vt 2.954243 2.289699
vt 2.768446 2.352557
vt 2.605605 -0.847358
vt 2.475909 -0.927771
vt 2.465469 -0.708936
vt 2.265824 -0.693178
vt 2.888247 2.134258
vt 2.867916 2.205042
vt 2.424946 -1.027037
vt 2.291751 -0.890256
vt 3.008620 2.240005
vt 2.730505 2.337044
vt 4.129602 1.905521
vt 4.113273 1.847682
vt 4.110951 1.910769
vt 2.822618 2.086094
vt 2.239880 -0.823640
vt 2.237440 -0.756063
vt 1.777864 -2.900024
vt 1.789183 -2.942721
vt 1.774473 -2.986051
vt 2.737699 2.336270
vt 2.248490 -0.848560
vt 2.807999 2.322119
vt 4.120220 1.971780
vt 2.353656 -0.649003
vt 2.410901 -0.658875
vt 2.814520 2.308632
vt 2.305498 -0.662384
vt -2.185040 -3.036952
vt -2.195120 -2.987930
vt -2.179270 -2.985280
vt -1.606120 -0.023310
vt -1.604261 0.046021
vt -1.588057 0.038048
vt -1.587920 -0.036570
vt 2.801560 2.086604
vt 2.224235 -0.819347
vt 3.755407 -3.069485
vt 3.722005 -3.153911
vt 3.754017 -3.042385
vt 2.287839 -0.897853
vt 1.774822 -2.988122
vt 1.789897 -3.076511
vt 1.773839 -3.092152
vt 1.761924 -3.003523
vt 3.723366 -3.123580
vt 2.715735 2.429213
vt -2.162682 -3.126574
vt -2.127226 -3.022573
vt -2.119044 -3.045918
vt 2.707730 2.375222
vt -2.119508 -2.902536
vt -2.151290 -2.909040
vt 2.227690 -0.737730
vt 2.180555 -0.781287
vt 2.671148 2.113136
vt 2.336361 -0.922999
vt 2.238949 -1.047072
vt 2.077746 -1.092091
vt 2.375164 -0.918072
vt 2.270631 -1.027881
vt 2.755055 2.058421
vt 2.716990 2.057920
vt 3.722542 -3.125791
vt 3.726510 -2.989010
vt 3.739016 -2.955775
vt 2.085562 -0.994592
vt 2.644163 2.116561
vt 2.573649 2.219597
vt 2.686604 2.446614
vt -2.143879 -2.794544
vt 2.106124 -0.878966
vt -1.413193 -0.911843
vt -1.412230 -0.819540
vt -1.396077 -0.857905
vt 2.684377 2.357228
vt -0.149790 -1.808040
vt -0.188493 -1.767007
vt -0.222465 -1.696098
vt -0.196140 -1.717620
vt 3.744009 -2.912075
vt 3.710705 -2.993458
vt 3.748743 -2.876937
vt 3.711224 -2.964397
vt 2.520211 2.301491
vt 2.510920 2.445646
vt -1.396120 -0.966220
vt 2.697920 2.397110
vt 2.594523 2.708478
vt 1.003010 -1.508423
vt 0.945314 -1.563133
vt 0.938060 -1.561940
vt 2.501338 2.506866
vt 2.129134 -1.245804
vt 2.253162 -1.042258
vt -0.224296 -1.694705
vt -0.317875 -1.573758
vt -0.355224 -1.515338
vt 2.707098 2.567176
vt 2.728817 2.467208
vt 2.279679 -0.977829
vt 2.310072 -1.056388
vt 2.783097 2.550148
vt 2.571656 -1.654675
vt 2.865527 2.885086
vt 2.950007 2.804406
vt 2.571673 -1.469028
vt 2.811387 2.972847
vt 2.398721 -1.637091
vt 2.369414 -1.617308
vt 0.880331 -1.612930
vt 0.886790 -1.615980
vt 0.610120 -1.841118
vt -0.559980 -1.243844
vt 2.996287 2.820580
vt 0.696940 -1.791103
vt 0.634392 -1.879179
vt 2.528093 -1.678292
vt 2.444781 -1.674525
vt 0.679307 -1.836739
vt 2.901618 2.851234
vt 2.980194 2.829704
vt -0.612640 -1.195634
vt -0.583876 -1.157010
vt 2.614585 -1.511763
vt 2.609011 -1.605675
vt 2.843829 2.942493
vt -0.623710 -1.140850
vt 0.580957 -1.896329
vt 2.844230 2.993470
vt -0.538680 -1.264570
vt -0.542905 -1.220127
vt 0.553857 -1.912976
vt -0.635140 -1.128800
vt 0.713800 -1.813024
vt 0.992570 -2.230380
vt 0.926304 -2.293847
vt -1.376374 -2.154485
vt -0.855783 -2.064152
vt -0.820621 -2.139595
vt -2.008759 -1.777797
vt -1.494520 -1.757330
vt -1.496110 -1.780070
vt -1.386089 -2.035872
vt -0.263349 -0.756000
vt -0.172611 -0.868989
vt -1.474134 -1.781176
vt -1.994892 -1.693884
vt -1.474615 -1.635774
vt -0.858080 -2.048210
vt -1.982344 -1.636533
vt -0.511760 -1.252430
vt -0.151660 -0.896560
vt 0.882808 -2.315587
vt 0.825277 -2.361557
vt -1.362588 -2.233491
vt -0.833928 -2.256428
vt 3.121217 -2.450941
vt 3.202834 -2.459827
vt 3.184619 -2.481105
vt 3.086084 -2.457595
vt -1.464699 -1.603438
vt -1.447394 -1.658768
vt -0.240670 -0.734590
vt -0.206456 -0.774732
vt -1.436060 -1.626180
vt 0.868602 -2.347960
vt -0.804818 -2.232478
vt -0.150609 -0.846822
vt 1.009366 -2.245825
vt 1.011960 -2.215530
vt -0.836197 -2.042743
vt 3.096030 -2.430660
vt 3.242375 -2.450010
vt 3.319920 -2.410125
vt 3.323157 -2.345269
vt -0.816882 -1.997365
vt -0.804788 -2.028257
vt 3.699211 2.991493
vt 3.774508 2.973083
vt 3.724916 2.791697
vt 3.077600 -2.437210
vt 3.075008 -2.529782
vt -1.440884 -1.810473
vt -1.458360 -1.829910
vt 3.825622 2.937055
vt 3.656012 2.975672
vt 3.633674 2.950610
vt 3.876295 2.853897
vt 3.872187 2.742499
vt 3.624262 2.708868
vt 3.886187 2.714185
vt 3.875389 2.504875
vt 3.332370 -2.486085
vt 3.334796 -2.381101
vt -1.450992 -1.909588
vt -1.456238 -2.063643
vt 3.099980 -2.699545
vt 3.660537 2.540581
vt 3.278400 -2.698618
vt -0.822978 -1.786487
vt -0.829980 -1.799170
vt 3.313717 -2.640310
vt 3.293641 -2.736569
vt 3.859534 2.417470
vt 3.830498 2.316109
vt 3.688072 2.433794
vt -0.862271 -1.694033
vt -0.841760 -1.699510
vt -0.843030 -1.712370
vt -0.864180 -1.629537
vt 3.292806 -2.763158
vt 3.259843 -2.734854
vt -1.485759 -2.103950
vt -1.531369 -2.252498
vt -1.508220 -2.166940
vt -1.484650 -2.155536
vt -1.513310 -2.233840
vt 3.129755 -2.798049
vt 3.697516 2.299387
vt 3.671498 2.336020
vt 3.846692 2.339842
vt 3.751917 2.274708
vt -0.864652 -1.603008
vt -0.881086 -1.584349
vt -0.876417 -1.681160
vt 1.128341 0.694178
vt 1.127910 0.723830
vt 1.141230 0.733570
vt 1.141058 0.703695
vt -1.505950 -2.151150
vt -1.522112 -2.168704
vt 3.816551 2.293731
vt 2.775787 3.773723
vt 2.698637 3.857902
vt 2.884322 3.921006
vt 2.698541 0.983713
vt 2.561494 0.842144
vt 2.567147 1.061286
vt 2.354990 0.831856
vt 2.774123 3.953605
vt 2.818197 4.076325
vt 2.383763 1.019554
vt 2.513912 1.159332
vt 2.938720 3.970704
vt 2.660700 3.873350
vt 4.129722 0.858915
vt 4.111676 0.848577
vt 4.112245 0.925359
vt 2.752429 4.124478
vt 2.329508 0.888196
vt 2.328355 0.926495
vt -2.214910 -2.626824
vt -2.211575 -2.710272
vt -2.225940 -2.665852
vt 2.667817 3.874196
vt 2.341370 0.976810
vt 2.738081 3.888443
vt 4.120630 0.791620
vt 2.507984 0.790800
vt 2.454589 0.770550
vt 2.745326 3.903248
vt 2.431551 0.771324
vt 2.402537 0.791967
vt 2.731422 4.123905
vt 0.928176 -1.306080
vt 0.940320 -1.330680
vt 0.933920 -1.354020
vt 0.918000 -1.347950
vt 2.316072 0.920437
vt 1.103418 0.715086
vt 1.114360 0.733670
vt 1.109000 0.682752
vt 2.379600 1.026966
vt -2.211949 -2.712456
vt -2.198163 -2.720854
vt -2.221803 -2.765477
vt -0.936153 -2.796271
vt -0.949284 -2.768103
vt -0.947054 -2.738206
vt -2.206440 -2.781020
vt 0.964240 -1.170890
vt 0.982332 -1.173234
vt 0.949719 -1.223638
vt 2.693038 4.147773
vt 2.581828 4.097444
vt 2.623180 4.143900
vt 1.005784 -1.260689
vt 2.666675 3.820356
vt 2.635690 3.851464
vt 1.006249 -1.388969
vt 0.973180 -1.382620
vt 0.963300 -1.418860
vt 2.317830 0.891950
vt 2.258667 0.947688
vt 2.164791 1.216013
vt 2.327101 1.174753
vt 2.427524 1.053171
vt 2.174858 1.121594
vt 2.359240 1.156322
vt 2.466389 1.049071
vt -0.942571 -2.939559
vt -0.961442 -2.881742
vt -0.967046 -2.713564
vt -0.940641 -2.946900
vt -0.937836 -3.005096
vt -0.949292 -2.958494
vt 2.645594 3.781359
vt 2.616521 3.764070
vt 0.975589 -1.497313
vt 2.273320 0.912250
vt 2.197964 1.003612
vt 2.236510 -2.953390
vt 2.236510 -3.066900
vt 2.215397 -3.117478
vt 2.214236 -3.034569
vt 2.625677 3.828136
vt 2.553885 3.792857
vt -0.960593 -2.953591
vt 2.496263 3.987997
vt -0.987828 -2.872950
vt 2.434939 3.734818
vt -0.984654 -2.911082
vt 2.439618 3.875438
vt 3.080727 -1.627547
vt 3.005200 -1.541790
vt 3.014503 -1.543936
vt 2.212718 1.370825
vt 2.531673 3.481851
vt 2.434566 3.681261
vt 2.341390 1.170210
vt 2.658586 3.743662
vt 2.369298 1.106363
vt 2.397871 1.185537
vt 2.712960 3.660795
vt 2.663894 1.772114
vt 2.880037 3.406835
vt 2.795503 3.326165
vt 2.650090 1.603837
vt 2.747728 3.218999
vt 2.452066 1.752481
vt 2.496164 1.774030
vt 2.948413 -1.472754
vt 2.691032 -1.171035
vt 2.954400 -1.469870
vt 2.926370 3.390687
vt 2.670658 -1.111577
vt 2.756247 -1.186826
vt 2.764801 -1.231121
vt -2.156251 -1.458688
vt -2.179099 -1.417516
vt -2.182771 -1.360229
vt 2.543619 1.813994
vt 2.624893 1.803087
vt 2.910124 3.381682
vt 2.831550 3.360074
vt -2.139390 -1.362130
vt 2.690224 1.729614
vt 2.691928 1.647404
vt 2.775206 3.280122
vt 2.781292 3.198718
vt -2.164276 -1.306363
vt -2.201611 -1.251358
vt -2.158181 -1.260530
vt 2.602940 -2.286910
vt 2.561240 -2.278900
vt 2.565610 -2.257770
vt 2.615222 -2.222348
vt 2.580178 -2.136367
vt 2.621950 -2.144409
vt 2.621950 -1.067830
vt 2.648990 -1.032070
vt 2.662885 -1.046967
vt 2.083900 -2.286910
vt 2.061385 -2.260618
vt 3.074443 -0.787589
vt 2.766201 -1.193506
vt -2.474791 -1.900342
vt -2.524510 -2.409250
vt -2.538331 -2.411021
vt -2.522456 -1.908369
vt 2.105135 -2.167956
vt -2.721854 -1.409981
vt -2.704977 -1.328404
vt -2.556871 -2.437346
vt -2.660373 -2.455428
vt 2.106670 -2.149000
vt 2.580840 -2.115650
vt -2.603179 -1.915547
vt 2.947900 -0.648030
vt 3.009095 -0.716075
vt -2.689913 -1.917010
vt -2.706295 -2.462397
vt -2.685254 -1.208406
vt -2.200870 -1.231520
vt 3.707732 1.344190
vt 3.672714 1.350764
vt 3.771198 1.374385
vt 3.789334 1.353151
vt -2.719230 -1.272639
vt 3.008164 -0.690144
vt -2.712430 -1.188250
vt 3.091075 -0.774634
vt 3.085470 -0.799470
vt -2.521380 -2.430060
vt 2.088407 -2.150534
vt 3.682570 1.323880
vt 3.828989 1.343339
vt 3.906733 1.303465
vt 2.057880 -2.135380
vt 2.067153 -2.119408
vt 3.909897 1.238656
vt 3.726697 3.435465
vt 3.757585 3.651218
vt 3.801373 3.456232
vt 3.664270 1.330380
vt 3.661721 1.422908
vt -2.494620 -2.451950
vt -2.510349 -2.470178
vt 3.851331 3.493856
vt 3.683036 3.449925
vt 3.659934 3.474271
vt 3.894945 3.695352
vt 3.899374 3.578573
vt 3.642612 3.715511
vt 3.899206 3.806899
vt 3.919249 1.379405
vt 3.921692 1.274442
vt -2.419934 -2.464317
vt -2.285567 -2.463070
vt 3.686596 1.592670
vt 3.673525 3.884851
vt 3.885751 3.928988
vt 3.864985 1.591916
vt 2.072404 -2.027699
vt 2.090618 -1.907433
vt 3.900477 1.533600
vt 3.880228 1.629870
vt 3.819763 4.124720
vt 3.868696 4.014213
vt 3.695918 3.983561
vt 3.846303 1.628165
vt 3.879264 1.656494
vt 2.111145 -1.819079
vt 2.133437 -1.787392
vt 3.340559 -2.933156
vt 3.356130 -2.996080
vt 3.370236 -3.066472
vt 3.355150 -3.045300
vt 3.335250 -2.973190
vt 3.682929 4.052979
vt 3.702039 4.127492
vt 3.850580 4.094770
vt 3.739810 4.149998
vt 2.134696 -1.703972
vt 2.151443 -1.684326
vt 2.147248 -1.782404
vt 3.357211 -2.947717
vt 3.370269 -2.966954
vt 3.806772 4.145870
vt 3.674994 4.076094
vt 0.230604 0.543825
vt 0.233900 0.515671
vt 0.226626 0.514691
vt 0.854776 0.773726
vt 0.868026 0.835800
vt 0.878133 0.838641
vt 0.236521 0.437833
vt 0.238199 0.435311
vt 0.234460 0.410980
vt 0.880127 0.816521
vt 0.882070 0.841110
vt 0.409192 0.365941
vt 0.414430 0.342250
vt 0.412503 0.339254
vt 0.407170 0.366770
vt 0.859302 0.835735
vt 0.874050 0.768827
vt 0.223946 0.594946
vt 0.207504 0.519072
vt 0.191963 0.597201
vt 0.213521 0.516718
vt 0.206722 0.626528
vt 0.843196 0.765042
vt 0.855142 0.837680
vt 0.409548 0.365958
vt 0.400350 0.416240
vt 0.404158 0.412825
vt 0.850320 0.812390
vt 0.228980 0.366110
vt 0.225411 0.362976
vt 0.222117 0.631803
vt 0.230194 0.337131
vt 0.873640 0.739290
vt 0.872335 0.741049
vt 0.228968 0.312016
vt 0.193366 0.634104
vt 0.849332 0.707715
vt 0.223480 0.629400
vt 0.843888 0.732807
vt 0.400250 0.449640
vt 0.405042 0.442468
vt 0.877562 0.716649
vt 0.873209 0.719440
vt 0.198835 0.660967
vt 0.202492 0.664207
vt 0.871990 0.703569
vt 0.216670 0.680133
vt 0.398700 0.452060
vt 0.403140 0.477030
vt 0.404770 0.474350
vt 0.414226 0.481347
vt 0.226428 0.658144
vt 0.409150 0.467240
vt 0.234800 0.315880
vt 0.233350 0.313490
vt 0.849500 0.044530
vt 0.849643 0.022177
vt 0.846253 0.047677
vt 0.234490 0.297927
vt 0.846050 0.025870
vt 0.881943 0.703329
vt 0.208120 0.678465
vt 0.861327 0.698704
vt 0.233928 0.670529
vt 0.227880 0.655440
vt 0.410050 0.487810
vt 0.224609 0.678196
vt 0.854878 0.690762
vt 0.848370 0.704940
vt 0.238192 0.302698
vt 0.849480 0.005067
vt 0.843183 0.011699
vt 0.842559 0.030144
vt 0.204160 0.427050
vt 0.204290 0.436700
vt 0.208308 0.438060
vt 0.208305 0.428358
vt 0.889253 0.857584
vt 0.888475 0.851679
vt 0.883815 0.846365
vt 0.870420 0.846365
vt 0.865765 0.851680
vt 0.864986 0.857569
vt 0.866900 0.863210
vt 0.871376 0.867137
vt 0.885642 0.864905
vt 0.877120 0.844100
vt 0.878321 0.868513
vt 0.349710 0.071870
vt 0.349950 0.071880
vt 0.350670 0.071900
vt 0.355946 0.058691
vt 0.353440 0.075972
vt 0.360882 0.079650
vt 0.374060 0.072790
vt 0.375030 0.072820
vt 0.374825 0.046575
vt 0.369973 0.077306
vt 0.374790 0.072810
vt 0.361699 0.089777
vt 0.367695 0.088615
vt 0.372664 0.084102
vt 0.350600 0.082307
vt 0.354837 0.087403
vt 0.362539 0.066903
vt 0.854927 0.222410
vt 0.855395 0.229465
vt 0.859011 0.234182
vt 0.865550 0.236893
vt 0.871455 0.236115
vt 0.876181 0.232492
vt 0.878805 0.227161
vt 0.878419 0.221230
vt 0.874492 0.215347
vt 0.860055 0.214745
vt 0.867954 0.212637
vt 0.815509 0.080841
vt 0.820730 0.067230
vt 0.820480 0.067240
vt 0.795650 0.068190
vt 0.795410 0.068200
vt 0.797734 0.094441
vt 0.819760 0.067270
vt 0.796370 0.068160
vt 0.817626 0.064217
vt 0.812606 0.060932
vt 0.806540 0.060170
vt 0.800110 0.063342
vt 0.819451 0.058045
vt 0.815500 0.052730
vt 0.801642 0.052105
vt 0.796292 0.057763
vt 0.809861 0.050431
vt 0.808311 0.073153
vt 0.750666 0.049272
vt 0.754595 0.043400
vt 0.754599 0.036327
vt 0.742931 0.027570
vt 0.737170 0.029110
vt 0.732705 0.033030
vt 0.730789 0.038670
vt 0.732177 0.045610
vt 0.738313 0.050988
vt 0.745324 0.051905
vt 0.749623 0.029835
vt 0.652580 0.072573
vt 0.646340 0.085750
vt 0.646590 0.085760
vt 0.671420 0.086710
vt 0.671660 0.086710
vt 0.671445 0.060361
vt 0.647434 0.085986
vt 0.670700 0.086680
vt 0.653963 0.092647
vt 0.659951 0.093865
vt 0.666603 0.091196
vt 0.646913 0.094997
vt 0.651479 0.101291
vt 0.664225 0.102283
vt 0.669991 0.097052
vt 0.657101 0.103650
vt 0.662474 0.080402
vt 0.938950 0.529540
vt 0.934480 0.533455
vt 0.932566 0.539094
vt 0.933950 0.546036
vt 0.938956 0.551037
vt 0.947052 0.552103
vt 0.956523 0.542632
vt 0.956055 0.535579
vt 0.951400 0.530265
vt 0.944701 0.528000
vt 0.953395 0.548975
vt 0.386190 0.059860
vt 0.385950 0.059870
vt 0.388254 0.086007
vt 0.386910 0.059830
vt 0.406054 0.072518
vt 0.411270 0.058910
vt 0.410300 0.058950
vt 0.389677 0.055764
vt 0.407235 0.055099
vt 0.401995 0.052145
vt 0.395882 0.052172
vt 0.390060 0.045020
vt 0.386512 0.050649
vt 0.409585 0.048568
vt 0.403830 0.043342
vt 0.411020 0.058920
vt 0.395524 0.042295
vt 0.398853 0.064830
vt 0.812370 0.711270
vt 0.816835 0.707354
vt 0.818670 0.700527
vt 0.809016 0.688475
vt 0.803080 0.688861
vt 0.796590 0.693830
vt 0.806609 0.712810
vt 0.815140 0.692005
vt 0.794788 0.702880
vt 0.799918 0.710545
vt 0.933050 0.068480
vt 0.933300 0.068490
vt 0.933047 0.042270
vt 0.932298 0.068426
vt 0.914210 0.054355
vt 0.907980 0.067530
vt 0.908958 0.067537
vt 0.929265 0.072298
vt 0.921565 0.075402
vt 0.912677 0.072378
vt 0.928956 0.082105
vt 0.932618 0.076330
vt 0.917554 0.085105
vt 0.923650 0.085135
vt 0.908867 0.077966
vt 0.912085 0.082375
vt 0.804571 0.844257
vt 0.798660 0.845035
vt 0.793342 0.849688
vt 0.793935 0.864111
vt 0.798659 0.867735
vt 0.804571 0.868513
vt 0.815503 0.857584
vt 0.814725 0.851680
vt 0.811094 0.846958
vt 0.791229 0.857569
vt 0.811890 0.864905
vt 0.896970 0.865400
vt 0.896730 0.865410
vt 0.899003 0.891685
vt 0.897690 0.865370
vt 0.916835 0.878053
vt 0.922050 0.864450
vt 0.921080 0.864480
vt 0.899588 0.862173
vt 0.916993 0.859964
vt 0.910331 0.857290
vt 0.904347 0.858513
vt 0.896781 0.857643
vt 0.907522 0.847750
vt 0.900025 0.851499
vt 0.921810 0.864450
vt 0.920911 0.855598
vt 0.921079 0.864481
vt 0.915753 0.849343
vt 0.904895 0.883613
vt 0.847920 0.867518
vt 0.856084 0.868045
vt 0.862558 0.863080
vt 0.864360 0.854030
vt 0.860276 0.846968
vt 0.852535 0.844335
vt 0.844010 0.847863
vt 0.840400 0.855179
vt 0.841780 0.862124
vt 0.064280 0.063110
vt 0.064040 0.063120
vt 0.066377 0.089311
vt 0.065000 0.063080
vt 0.084144 0.075769
vt 0.089360 0.062160
vt 0.088390 0.062200
vt 0.068742 0.058267
vt 0.084301 0.057677
vt 0.076421 0.055089
vt 0.064091 0.055353
vt 0.082025 0.046370
vt 0.076029 0.045210
vt 0.068310 0.048450
vt 0.089110 0.062170
vt 0.086977 0.050863
vt 0.088389 0.062201
vt 0.072269 0.081239
vt 0.837382 0.848656
vt 0.832656 0.845035
vt 0.826749 0.844257
vt 0.815895 0.853984
vt 0.816285 0.859927
vt 0.820222 0.865812
vt 0.826764 0.868514
vt 0.832656 0.867735
vt 0.837975 0.863080
vt 0.840084 0.855194
vt 0.819428 0.847862
vt 0.609530 0.079840
vt 0.609770 0.079850
vt 0.609585 0.053541
vt 0.608810 0.079810
vt 0.590687 0.065714
vt 0.584450 0.078890
vt 0.585420 0.078920
vt 0.604713 0.084333
vt 0.589157 0.083740
vt 0.596819 0.086920
vt 0.607335 0.091228
vt 0.590565 0.095185
vt 0.596439 0.096797
vt 0.602440 0.095640
vt 0.584700 0.078900
vt 0.586453 0.091385
vt 0.585421 0.078919
vt 0.592701 0.060681
vt 0.997600 1.187280
vt 0.997600 1.285430
vt 1.080100 1.293560
vt 1.080100 1.179170
vt 0.548200 1.734620
vt 0.450000 1.734610
vt 0.441880 1.817070
vt 0.556320 1.817070
vt 0.181320 0.849310
vt 0.262970 0.794780
vt 0.223890 0.721710
vt 0.128730 0.785260
vt 0.886310 0.918730
vt 0.940870 1.000340
vt 1.013970 0.961280
vt 0.950390 0.866170
vt 0.816880 1.623380
vt 0.735230 1.677910
vt 0.774310 1.750980
vt 0.869470 1.687430
vt 0.111890 1.553960
vt 0.057330 1.472350
vt -0.015780 1.511410
vt 0.047810 1.606530
vt 0.019750 1.381680
vt 0.000590 1.285410
vt -0.081900 1.293530
vt -0.059570 1.405720
vt 0.019750 1.091000
vt 0.057330 1.000320
vt -0.015780 0.961260
vt -0.059570 1.066940
vt 0.644500 0.757230
vt 0.735230 0.794790
vt 0.774300 0.721720
vt 0.668570 0.677950
vt 0.978450 1.381700
vt 0.940870 1.472380
vt 1.013970 1.511430
vt 1.057770 1.405750
vt 0.353690 1.715460
vt 0.262970 1.677900
vt 0.223890 1.750970
vt 0.329630 1.794750
vt 0.353690 0.757230
vt 0.450000 0.738080
vt 0.441870 0.655620
vt 0.329620 0.677940
vt 0.978450 1.091020
vt 1.057770 1.066970
vt 0.644510 1.715470
vt 0.668570 1.794760
vt 0.111880 0.918710
vt 0.047810 0.866150
vt 0.816870 0.849330
vt 0.869460 0.785280
vt 0.886310 1.553980
vt 0.950390 1.606550
vt 0.181320 1.623370
vt 0.128730 1.687420
vt 0.000590 1.187260
vt -0.081900 1.179140
vt 0.548190 0.738080
vt 0.556320 0.655630
vt 0.332560 2.687810
vt 0.396130 2.782920
vt 0.451650 2.737380
vt 0.395890 2.653970
vt 4.130226 0.234738
vt 4.120136 0.135015
vt 4.119578 0.419663
vt 0.466777 -2.409173
vt 0.466700 -2.631777
vt 0.456208 -2.717756
vt 0.456195 -2.395721
vt 4.143740 -0.580730
vt 4.142646 -0.777274
vt 4.133152 -0.580513
vt 4.130512 0.507416
vt 0.466935 -2.833396
vt 0.461990 -2.952270
vt 0.467290 -2.140321
vt 0.456690 -2.140299
vt 4.123123 0.760159
vt 4.133709 0.760003
vt -1.521157 0.046979
vt -1.510650 0.047140
vt -1.522078 -0.233559
vt -1.533048 -0.294878
vt 4.142664 -1.313884
vt 4.133152 -1.478510
vt 4.131586 -1.033348
vt -1.510657 -0.600504
vt 4.142100 -1.054036
vt 4.131766 0.013946
vt 4.133710 -0.128870
vt 4.123109 -0.128857
vt 1.428330 2.469960
vt 1.428330 2.355570
vt 1.356860 2.362600
vt 1.356860 2.462920
vt 0.396130 2.042540
vt 0.332560 2.137660
vt 0.395890 2.171500
vt 0.451650 2.088090
vt 0.288760 2.582120
vt 0.357490 2.561280
vt 1.406010 2.582150
vt 1.337280 2.561310
vt 0.477050 1.961660
vt 0.522610 2.017150
vt 1.362210 2.687840
vt 1.298880 2.653990
vt 0.572200 1.898110
vt 0.606060 1.961420
vt 1.298640 2.782950
vt 1.243120 2.737400
vt 0.677930 1.854330
vt 0.698780 1.923030
vt 1.217720 2.863830
vt 1.172160 2.808340
vt 0.790170 1.832020
vt 0.797210 1.903460
vt 0.904600 1.832020
vt 0.897560 1.903470
vt 1.016840 2.971160
vt 1.122570 2.927380
vt 1.088710 2.864070
vt 0.995990 2.902460
vt 1.016840 1.854340
vt 0.995990 1.923040
vt 0.904600 2.993470
vt 0.897560 2.922030
vt 1.122570 1.898120
vt 1.088710 1.961430
vt 1.217720 1.961680
vt 1.172160 2.017170
vt 0.677930 2.971150
vt 0.790170 2.993470
vt 0.797210 2.922020
vt 0.698780 2.902450
vt 1.298640 2.042570
vt 1.243120 2.088110
vt 0.572200 2.927370
vt 0.606060 2.864060
vt 1.362210 2.137680
vt 1.298880 2.171520
vt 0.477050 2.863810
vt 0.522610 2.808320
vt 1.406010 2.243370
vt 1.337280 2.264210
vt 0.288760 2.243340
vt 0.266440 2.355530
vt 0.337910 2.362570
vt 0.357490 2.264180
vt -0.963190 0.330460
vt -1.056420 0.291860
vt -1.084890 0.345690
vt -0.980620 0.388860
vt -1.430658 -1.905931
vt -1.420683 -1.586375
vt -1.386474 -1.584550
vt -1.396220 -1.926255
vt 4.115684 2.164900
vt 4.116720 1.984290
vt 4.081850 1.982020
vt 4.080863 2.134331
vt 4.080545 2.458357
vt -1.420680 -2.154390
vt -1.386470 -2.155610
vt 4.115622 2.544410
vt 4.101121 -2.006511
vt 4.104182 -2.416243
vt 4.069296 -2.418431
vt 4.066216 -1.986029
vt 4.116720 2.771410
vt 4.081850 2.773335
vt 4.139581 -1.635375
vt 4.139109 -2.073976
vt 4.104232 -2.055050
vt 4.104721 -1.634087
vt 4.139580 -2.347914
vt 4.104720 -2.350142
vt 4.104186 -1.636215
vt 4.069293 -1.634137
vt 3.984933 -1.000478
vt 3.984994 -1.259519
vt 3.911609 -1.204807
vt -0.963170 -0.654230
vt -0.864200 -0.673910
vt -0.869890 -0.734590
vt -0.980590 -0.712580
vt -0.864220 0.350140
vt -0.869910 0.410870
vt -1.056400 -0.615640
vt -1.084870 -0.669410
vt -0.763320 0.350140
vt -0.757040 0.410870
vt -1.140300 -0.559600
vt -1.178720 -0.606730
vt -0.664350 0.330460
vt -0.646340 0.388860
vt -1.211650 -0.488280
vt -1.258540 -0.526950
vt -0.571120 0.291860
vt -0.542060 0.345690
vt -1.267720 -0.404420
vt -1.321250 -0.433150
vt -0.487220 0.235830
vt -0.448200 0.283010
vt -1.306330 -0.311240
vt -1.364440 -0.328920
vt -0.321170 -0.311240
vt -0.301490 -0.212320
vt -0.240460 -0.218270
vt -0.262480 -0.328920
vt -0.415860 0.164510
vt -0.368390 0.203230
vt -1.326020 -0.212320
vt -1.386470 -0.218270
vt -0.359780 -0.404420
vt -0.305670 -0.433150
vt -0.359800 0.080650
vt -0.305680 0.109430
vt -1.326030 -0.111460
vt -1.386470 -0.105450
vt -0.415840 -0.488280
vt -0.368370 -0.526950
vt -0.321180 -0.012540
vt -0.262480 0.005200
vt -0.487200 -0.559600
vt -0.448180 -0.606730
vt -0.301490 -0.111460
vt -0.240460 -0.105450
vt -1.267730 0.080650
vt -1.306340 -0.012540
vt -1.364450 0.005200
vt -1.321260 0.109430
vt -0.571100 -0.615640
vt -0.542030 -0.669410
vt -1.211670 0.164510
vt -1.258550 0.203240
vt -0.664320 -0.654230
vt -0.646310 -0.712580
vt -1.140320 0.235830
vt -1.178740 0.283010
vt -0.763290 -0.673910
vt -0.757010 -0.734590
vt 3.985605 -1.418487
vt 3.986470 -1.533280
vt 3.913170 -1.533220
vt 1.957907 -1.858282
vt 1.969000 -1.645090
vt 2.041594 -1.644719
vt 3.975124 2.179815
vt 3.978009 1.927121
vt 3.901773 2.210100
vt 1.969000 -2.283910
vt 1.959388 -2.126470
vt 2.032168 -2.130167
vt 3.911640 -0.996158
vt 3.985593 -0.787830
vt 0.552747 -2.678085
vt 0.479531 -2.761033
vt 0.479391 -2.511343
vt 3.974370 2.402763
vt 0.552774 -2.403392
vt 0.479630 -2.289496
vt 0.553280 -2.941123
vt 0.479970 -2.941100
vt 0.553280 -2.140378
vt 0.479970 -2.140280
vt 3.978009 2.803709
vt 3.975140 2.609381
vt 3.902214 2.631692
vt 2.028987 -1.907095
vt 3.912305 -1.418432
vt 3.913171 -0.647955
vt 3.904720 1.926860
vt 1.057670 -0.094480
vt 1.013870 -0.200160
vt 0.993300 -0.189210
vt 1.035350 -0.087730
vt 0.128710 0.525970
vt 0.223860 0.589520
vt 0.234750 0.569040
vt 0.143380 0.508010
vt 0.950290 -0.295280
vt 0.932250 -0.280540
vt 0.329590 0.633300
vt 0.336260 0.611070
vt 0.869380 -0.376170
vt 0.854560 -0.358200
vt 0.774230 -0.439720
vt 0.763190 -0.419230
vt 0.668500 -0.483500
vt 0.661680 -0.461260
vt 0.556260 -0.505820
vt 0.553910 -0.482700
vt 0.668500 0.633310
vt 0.774230 0.589540
vt 0.763200 0.569050
vt 0.661680 0.611080
vt 0.441820 -0.505820
vt 0.444030 -0.482700
vt 0.869380 0.525990
vt 0.854560 0.508030
vt 0.329590 -0.483510
vt 0.336260 -0.461270
vt 0.950300 0.445100
vt 0.932260 0.430360
vt 0.223860 -0.439740
vt 0.234740 -0.419240
vt 0.128710 -0.376190
vt 0.143380 -0.358220
vt 1.013870 0.349990
vt 1.057670 0.244300
vt 1.035350 0.237560
vt 0.993300 0.339040
vt -0.081900 0.132080
vt -0.059580 0.244280
vt -0.037410 0.237540
vt -0.058850 0.129810
vt 0.047790 -0.295300
vt 0.065680 -0.280560
vt 1.079990 0.132110
vt 1.056790 0.129840
vt -0.015780 0.349960
vt 0.004640 0.339010
vt -0.015780 -0.200190
vt 0.004640 -0.189230
vt 0.047800 0.445080
vt 0.065690 0.430340
vt -0.059580 -0.094500
vt -0.037410 -0.087760
vt 1.079990 0.017720
vt 1.056790 0.020000
vt -0.081900 0.017690
vt -0.058850 0.019970
vt -1.521150 -0.600660
vt -0.646316 -2.485326
vt -0.645592 -2.762394
vt -0.656835 -2.639420
vt 3.440665 -2.613410
vt 3.440732 -2.944366
vt 3.429999 -2.825902
vt 3.430084 -2.599958
vt 4.145960 0.760020
vt 4.144687 0.496607
vt 4.135359 0.759993
vt 3.435885 -3.149535
vt 3.430230 -3.028093
vt 3.441180 -2.337559
vt 3.430590 -2.337633
vt -0.642746 -2.117111
vt -0.656835 -2.416162
vt -0.655315 -2.224703
vt -1.411628 0.246559
vt -1.400202 0.606192
vt -1.389703 0.606249
vt -1.402494 0.340170
vt 4.144784 0.064269
vt 4.140660 -0.137505
vt 4.134466 -0.018596
vt -1.399265 0.113986
vt 4.133795 0.181505
vt -1.394950 -0.041480
vt 4.133944 0.459652
vt -0.642750 -3.006223
vt -0.653340 -3.006290
vt -0.655347 -2.857519
vt 0.311070 3.736860
vt 0.289630 3.629130
vt 0.266440 3.631400
vt 0.288770 3.743600
vt 0.414170 3.218760
vt 0.491880 3.141090
vt 0.477070 3.123120
vt 0.396150 3.204010
vt 1.405360 3.629110
vt 1.383920 3.736830
vt 1.406110 3.743570
vt 1.428440 3.631380
vt 0.353120 3.838330
vt 0.332560 3.849280
vt 0.353120 3.310090
vt 0.332560 3.299130
vt 0.414170 3.929660
vt 0.396140 3.944390
vt 0.311070 3.411560
vt 0.288770 3.404810
vt 1.383920 3.411540
vt 1.405360 3.519270
vt 1.428440 3.516980
vt 1.406110 3.404790
vt 0.491870 4.007320
vt 0.477070 4.025280
vt 0.289630 3.519290
vt 0.266440 3.517010
vt 1.341870 3.310060
vt 1.362310 3.299110
vt 0.583250 4.068340
vt 0.572230 4.088830
vt 0.684770 4.110370
vt 0.677960 4.132600
vt 1.203120 3.141070
vt 1.280820 3.218740
vt 1.298730 3.203990
vt 1.217800 3.123110
vt 0.792550 4.131800
vt 0.790210 4.154920
vt 1.111750 3.080050
vt 1.122650 3.059560
vt 0.902440 4.131800
vt 0.904660 4.154910
vt 1.010220 3.038020
vt 1.016910 3.015780
vt 1.010220 4.110370
vt 1.016910 4.132590
vt 0.902440 3.016600
vt 0.904660 2.993470
vt 1.111740 4.068330
vt 1.122640 4.088820
vt 1.203110 4.007310
vt 1.217800 4.025260
vt 1.280820 3.929640
vt 1.298730 3.944370
vt 0.583250 3.080060
vt 0.684770 3.038030
vt 0.677970 3.015790
vt 0.572230 3.059570
vt 1.341870 3.838310
vt 1.362310 3.849260
vt 4.143740 -1.478260
vt 0.266440 2.469920
vt 0.337910 2.462890
vt 3.986470 -0.648100
vt 0.553910 0.632510
vt 0.556270 0.655620
vt 0.444030 0.632500
vt 0.441830 0.655620
vt -0.653340 -2.117380
vt 0.792550 3.016600
vt 0.790220 2.993470
vt 0.963698 0.816833
vt 0.969695 0.829119
vt 0.975973 0.821521
vt 0.911107 0.700285
vt 0.918556 0.699710
vt 0.916940 0.693131
vt 0.910840 0.686471
vt 0.917130 0.686390
vt 0.643130 0.842206
vt 0.636780 0.842195
vt 0.636700 0.851062
vt 0.643058 0.853786
vt 0.634218 0.856700
vt 0.643130 0.861030
vt 0.627119 0.862945
vt 0.933350 0.212006
vt 0.917308 0.210233
vt 0.926109 0.216194
vt 0.926970 0.222558
vt 0.933350 0.231179
vt 0.479783 0.037433
vt 0.483640 0.039920
vt 0.486891 0.029377
vt 0.927000 0.231099
vt 0.487030 0.048980
vt 0.492830 0.049180
vt 0.491790 0.036905
vt 0.489603 0.053512
vt 0.492490 0.049170
vt 0.464919 0.055847
vt 0.457087 0.047655
vt 0.459500 0.052360
vt 0.479096 0.025484
vt 0.471642 0.036849
vt 0.470363 0.025439
vt 0.464044 0.028508
vt 0.634320 0.846570
vt 0.924691 0.227410
vt 0.462350 0.048040
vt 0.466400 0.039287
vt 0.458591 0.035624
vt 0.456610 0.047800
vt 0.503756 0.008958
vt 0.507197 0.029408
vt 0.507190 0.009141
vt 0.388030 0.041800
vt 0.387695 0.018193
vt 0.384499 0.023483
vt 0.384560 0.041800
vt 0.995228 0.836384
vt 0.995580 0.813710
vt 0.992110 0.813720
vt 0.991960 0.832794
vt 0.896106 0.016572
vt 0.896130 0.005281
vt 0.892660 0.005263
vt 0.924470 0.232219
vt 0.920739 0.232214
vt 0.892681 0.019244
vt 0.634190 0.841500
vt 0.630458 0.841500
vt 0.896120 0.030489
vt 0.892700 0.030489
vt 0.503800 0.029229
vt 0.380800 0.066170
vt 0.379680 0.053671
vt 0.917300 0.223114
vt 0.352022 0.045512
vt 0.346638 0.052459
vt 0.627020 0.850451
vt 0.358336 0.042443
vt 0.627040 0.859493
vt 0.367060 0.042485
vt 0.344580 0.064810
vt 0.971295 0.816835
vt 0.963280 0.834358
vt 0.969630 0.834506
vt 0.975625 0.835657
vt 0.490865 0.061337
vt 0.462044 0.040975
vt 0.479948 0.059358
vt 0.479082 0.071541
vt 0.485407 0.068466
vt 0.484675 0.055775
vt 0.462557 0.067596
vt 0.470348 0.071493
vt 0.471854 0.060366
vt 0.457660 0.060086
vt 0.487932 0.041993
vt 0.972149 0.833351
vt 0.971960 0.841044
vt 0.975846 0.840065
vt 0.919119 0.689321
vt 0.922903 0.681058
vt 0.919170 0.680770
vt 0.923251 0.699297
vt 0.388027 0.004580
vt 0.380849 0.003893
vt 0.988400 0.851799
vt 0.995571 0.851079
vt 0.976110 0.816430
vt 0.379049 0.078373
vt 0.345111 0.064604
vt 0.350066 0.058241
vt 0.380298 0.065951
vt 0.380800 0.016920
vt 0.375790 0.059168
vt 0.368363 0.054063
vt 0.359664 0.053445
vt 0.988290 0.839178
vt 0.345410 0.077095
vt 0.418760 0.090781
vt 0.412410 0.090771
vt 0.412332 0.099454
vt 0.418699 0.102288
vt 0.411755 0.105599
vt 0.406370 0.109726
vt 0.418760 0.109590
vt 0.818730 0.022381
vt 0.806340 0.022260
vt 0.806286 0.028530
vt 0.818706 0.033036
vt 0.812350 0.032844
vt 0.812380 0.041369
vt 0.818730 0.041360
vt 0.124120 0.029051
vt 0.117760 0.029056
vt 0.124104 0.037098
vt 0.117750 0.034680
vt 0.108270 0.040095
vt 0.124120 0.046229
vt 0.117760 0.046240
vt 0.707562 0.861053
vt 0.713850 0.861130
vt 0.717589 0.860464
vt 0.713665 0.854229
vt 0.707760 0.847295
vt 0.714050 0.847430
vt 0.453724 0.044608
vt 0.450880 0.048940
vt 0.456610 0.049180
vt 0.455570 0.036905
vt 0.446816 0.057711
vt 0.456270 0.049170
vt 0.429577 0.057032
vt 0.420855 0.047974
vt 0.425297 0.055005
vt 0.715989 0.850444
vt 0.444605 0.038053
vt 0.450671 0.029377
vt 0.444601 0.025839
vt 0.449047 0.041974
vt 0.429353 0.040405
vt 0.436614 0.036433
vt 0.435892 0.025217
vt 0.427824 0.028508
vt 0.426200 0.048000
vt 0.422371 0.035624
vt 0.420390 0.047800
vt 0.114165 0.047290
vt 0.115276 0.030230
vt 0.451187 0.055968
vt 0.094476 0.027933
vt 0.094630 0.007680
vt 0.091018 0.025553
vt 0.723160 0.862957
vt 0.809850 0.042690
vt 0.809804 0.024245
vt 0.806342 0.030581
vt 0.806360 0.042690
vt 0.716270 0.841881
vt 0.719971 0.841966
vt 0.091221 0.045121
vt 0.094631 0.045107
vt 0.115280 0.022910
vt 0.111540 0.022911
vt 0.809840 0.012900
vt 0.806421 0.012838
vt 0.790290 0.075350
vt 0.792353 0.087732
vt 0.723160 0.851216
vt 0.820554 0.093774
vt 0.825392 0.086433
vt 0.108090 0.030986
vt 0.814494 0.097312
vt 0.805794 0.097931
vt 0.108100 0.047173
vt 0.826500 0.073970
vt 0.442776 0.059894
vt 0.449186 0.068467
vt 0.454645 0.061338
vt 0.423620 0.043470
vt 0.442867 0.071541
vt 0.434615 0.059857
vt 0.426337 0.067596
vt 0.434128 0.071493
vt 0.809850 0.037794
vt 0.409810 0.094787
vt 0.421441 0.060086
vt 0.311720 0.011503
vt 0.308249 0.013550
vt 0.311309 0.023296
vt 0.091160 0.007680
vt 0.406053 0.090337
vt 0.308250 0.011520
vt 0.806430 0.050120
vt 0.809900 0.050120
vt 0.409820 0.090061
vt 0.805799 0.041103
vt 0.319748 0.035338
vt 0.326510 0.027928
vt 0.322971 0.015214
vt 0.319530 0.015203
vt 0.791113 0.063053
vt 0.326662 0.022643
vt 0.825983 0.074207
vt 0.821531 0.080924
vt 0.790795 0.075526
vt 0.795815 0.081958
vt 0.326660 0.036734
vt 0.805362 0.086701
vt 0.304540 0.036057
vt 0.311701 0.036749
vt 0.814062 0.086083
vt 0.304530 0.020082
vt 0.825810 0.064840
vt 0.898282 0.694148
vt 0.904570 0.694230
vt 0.904410 0.687460
vt 0.906058 0.680999
vt 0.898530 0.680371
vt 0.095550 0.040920
vt 0.103145 0.041275
vt 0.107293 0.034519
vt 0.095440 0.032780
vt 0.101675 0.027013
vt 0.095150 0.022117
vt 0.101500 0.022000
vt 0.842570 0.027370
vt 0.836210 0.027376
vt 0.842538 0.036898
vt 0.836180 0.032667
vt 0.826814 0.040896
vt 0.832490 0.047324
vt 0.836210 0.046360
vt 0.842570 0.046360
vt 0.898100 0.682941
vt 0.891750 0.682940
vt 0.891740 0.691199
vt 0.898092 0.692179
vt 0.891750 0.700119
vt 0.167678 0.047056
vt 0.162550 0.037620
vt 0.156760 0.037810
vt 0.158735 0.049968
vt 0.159656 0.033238
vt 0.157110 0.037800
vt 0.184887 0.029883
vt 0.192526 0.036605
vt 0.189760 0.032100
vt 0.164195 0.057102
vt 0.172264 0.060390
vt 0.180962 0.047568
vt 0.180972 0.059771
vt 0.187042 0.056227
vt 0.174160 0.049415
vt 0.187240 0.036680
vt 0.185409 0.043648
vt 0.191935 0.048717
vt 0.192980 0.036430
vt 0.833830 0.027442
vt 0.887826 0.683353
vt 0.889362 0.695137
vt 0.351780 0.041780
vt 0.350547 0.021233
vt 0.348310 0.041779
vt 0.104048 0.020950
vt 0.104415 0.031448
vt 0.107825 0.030099
vt 0.107835 0.018324
vt 0.499977 0.008938
vt 0.499920 0.029209
vt 0.503367 0.029408
vt 0.889250 0.700169
vt 0.885509 0.700164
vt 0.833700 0.022860
vt 0.829970 0.022861
vt 0.503360 0.009141
vt 0.104670 0.047289
vt 0.108080 0.047229
vt 0.677420 0.079960
vt 0.676300 0.067454
vt 0.882070 0.691424
vt 0.648642 0.059282
vt 0.643258 0.066226
vt 0.826510 0.031521
vt 0.654956 0.056218
vt 0.663680 0.056265
vt 0.826540 0.047647
vt 0.882090 0.680874
vt 0.641200 0.078580
vt 0.898100 0.700120
vt 0.157803 0.025539
vt 0.190100 0.040990
vt 0.906540 0.691617
vt 0.172063 0.025304
vt 0.170500 0.014117
vt 0.162708 0.018013
vt 0.165191 0.029739
vt 0.180151 0.026309
vt 0.185557 0.017139
vt 0.179232 0.014069
vt 0.191009 0.024258
vt 0.162193 0.044598
vt 0.910328 0.699773
vt 0.910670 0.681472
vt 0.348280 0.024990
vt 0.842210 0.681840
vt 0.838720 0.681840
vt 0.838690 0.689824
vt 0.841223 0.695352
vt 0.906600 0.700079
vt 0.351780 0.006207
vt 0.344848 0.010477
vt 0.344982 0.005156
vt 0.107950 0.041690
vt 0.675669 0.092163
vt 0.344590 0.018150
vt 0.641730 0.078378
vt 0.646686 0.072014
vt 0.676919 0.079742
vt 0.672409 0.072951
vt 0.663251 0.067492
vt 0.835020 0.712371
vt 0.842191 0.712827
vt 0.654528 0.067448
vt 0.834980 0.696410
vt 0.641200 0.087730
vt 0.956990 0.547499
vt 0.963495 0.542295
vt 0.957228 0.538349
vt 0.968494 0.533743
vt 0.957420 0.528511
vt 0.965020 0.528200
vt 0.813701 0.539317
vt 0.807330 0.529953
vt 0.807340 0.538985
vt 0.723550 0.857229
vt 0.729840 0.857185
vt 0.723352 0.843465
vt 0.729391 0.850532
vt 0.729640 0.843480
vt 0.631683 0.023783
vt 0.625330 0.024100
vt 0.621967 0.030112
vt 0.625261 0.037881
vt 0.631681 0.042981
vt 0.625330 0.042900
vt 0.733495 0.844247
vt 0.944837 0.411122
vt 0.947350 0.406530
vt 0.941610 0.406790
vt 0.943575 0.418945
vt 0.944496 0.402218
vt 0.941950 0.406770
vt 0.967980 0.396847
vt 0.977353 0.405265
vt 0.972396 0.398585
vt 0.954435 0.416908
vt 0.949034 0.426077
vt 0.955358 0.429151
vt 0.621812 0.023087
vt 0.949705 0.413335
vt 0.969468 0.413397
vt 0.962526 0.417916
vt 0.964091 0.429103
vt 0.971882 0.425202
vt 0.622982 0.043448
vt 0.972040 0.405590
vt 0.976782 0.417693
vt 0.977830 0.405410
vt 0.966135 0.538471
vt 0.965852 0.548258
vt 0.969645 0.550969
vt 0.969572 0.538961
vt 0.731733 0.854559
vt 0.732070 0.862960
vt 0.735772 0.862920
vt 0.738729 0.852999
vt 0.969900 0.521604
vt 0.966480 0.521541
vt 0.418003 0.019677
vt 0.418030 0.006291
vt 0.414610 0.006291
vt 0.414549 0.019983
vt 0.380800 0.066910
vt 0.382873 0.079292
vt 0.622743 0.047609
vt 0.615579 0.039374
vt 0.411074 0.085344
vt 0.415912 0.078007
vt 0.405010 0.088882
vt 0.396310 0.089494
vt 0.738960 0.841901
vt 0.615635 0.023284
vt 0.417020 0.065540
vt 0.813700 0.521782
vt 0.806101 0.522001
vt 0.963340 0.547630
vt 0.942649 0.394513
vt 0.974940 0.409960
vt 0.953624 0.395651
vt 0.955343 0.383094
vt 0.947548 0.386988
vt 0.949183 0.399574
vt 0.962736 0.394404
vt 0.970397 0.386119
vt 0.964078 0.383049
vt 0.975849 0.393230
vt 0.804840 0.534236
vt 0.952519 0.025333
vt 0.949060 0.031028
vt 0.949170 0.038150
vt 0.952650 0.038170
vt 0.327080 0.036710
vt 0.330521 0.036743
vt 0.327759 0.026068
vt 0.414550 0.041800
vt 0.418030 0.041800
vt 0.945353 0.024047
vt 0.801082 0.538507
vt 0.804840 0.539020
vt 0.801300 0.522211
vt 0.969830 0.527820
vt 0.380800 0.057750
vt 0.416505 0.065789
vt 0.412051 0.072501
vt 0.381315 0.067097
vt 0.386331 0.073521
vt 0.952627 0.007788
vt 0.945450 0.008287
vt 0.395879 0.078271
vt 0.334201 0.015251
vt 0.327292 0.016601
vt 0.404581 0.077653
vt 0.334197 0.029252
vt 0.415273 0.053357
vt 0.659133 0.853510
vt 0.652810 0.843929
vt 0.652789 0.858669
vt 0.652810 0.862958
vt 0.659160 0.862959
vt 0.083810 0.022504
vt 0.072086 0.029510
vt 0.083810 0.039963
vt 0.077538 0.037684
vt 0.077460 0.039700
vt 0.645770 0.694419
vt 0.652063 0.694523
vt 0.645773 0.680645
vt 0.652060 0.680751
vt 0.976550 0.094381
vt 0.970197 0.094582
vt 0.964357 0.092609
vt 0.976484 0.104857
vt 0.966471 0.109521
vt 0.976550 0.113180
vt 0.970200 0.113160
vt 0.659160 0.843971
vt 0.935296 0.580162
vt 0.938190 0.575770
vt 0.932410 0.575590
vt 0.933450 0.587865
vt 0.942255 0.566999
vt 0.932760 0.575610
vt 0.959493 0.567679
vt 0.968165 0.576796
vt 0.963733 0.569756
vt 0.967750 0.116680
vt 0.944465 0.586657
vt 0.938348 0.595387
vt 0.944424 0.598931
vt 0.940023 0.582726
vt 0.953577 0.587901
vt 0.953132 0.599550
vt 0.961207 0.596261
vt 0.962870 0.576710
vt 0.958821 0.585463
vt 0.966656 0.589142
vt 0.968630 0.576970
vt 0.967745 0.089433
vt 0.937843 0.568802
vt 0.646760 0.844681
vt 0.643150 0.841790
vt 0.643130 0.845192
vt 0.241261 0.555591
vt 0.241261 0.516440
vt 0.237768 0.521805
vt 0.237832 0.555659
vt 0.964210 0.116669
vt 0.971315 0.381489
vt 0.974723 0.381256
vt 0.972604 0.356690
vt 0.650264 0.854228
vt 0.650300 0.844681
vt 0.646430 0.851002
vt 0.658640 0.690350
vt 0.660650 0.694460
vt 0.663849 0.692582
vt 0.661660 0.688580
vt 0.964230 0.089070
vt 0.899560 0.016571
vt 0.899580 0.005281
vt 0.896150 0.005263
vt 0.896140 0.019244
vt 0.899580 0.030489
vt 0.896130 0.030489
vt 0.939020 0.061870
vt 0.937897 0.049372
vt 0.910231 0.041202
vt 0.904851 0.048153
vt 0.663861 0.684303
vt 0.916551 0.038138
vt 0.660480 0.685980
vt 0.662060 0.680540
vt 0.960470 0.096680
vt 0.960432 0.106211
vt 0.925274 0.038185
vt 0.902800 0.060500
vt 0.960500 0.113930
vt 0.077460 0.022520
vt 0.946294 0.564813
vt 0.939834 0.556303
vt 0.074980 0.019841
vt 0.071430 0.019841
vt 0.934378 0.563435
vt 0.963196 0.583786
vt 0.946163 0.553229
vt 0.954455 0.564850
vt 0.962693 0.557174
vt 0.954893 0.553278
vt 0.650310 0.861530
vt 0.967586 0.564683
vt 0.984260 0.209120
vt 0.980810 0.209110
vt 0.980780 0.212010
vt 0.983989 0.221294
vt 0.969060 0.350190
vt 0.972470 0.349983
vt 0.646760 0.861405
vt 0.237820 0.516550
vt 0.984260 0.236715
vt 0.977043 0.233599
vt 0.980820 0.236700
vt 0.217080 0.429670
vt 0.217080 0.433160
vt 0.220130 0.433480
vt 0.220130 0.429420
vt 0.071450 0.045072
vt 0.074979 0.044674
vt 0.938320 0.071000
vt 0.234090 0.518492
vt 0.903322 0.060293
vt 0.908280 0.053934
vt 0.938519 0.061641
vt 0.234110 0.514990
vt 0.908220 0.067540
vt 0.934010 0.054864
vt 0.976967 0.223479
vt 0.926573 0.049758
vt 0.917878 0.049139
vt 0.977010 0.216350
vt 0.976609 0.350914
vt 0.976610 0.344300
vt 0.972570 0.347120
vt 0.903620 0.072785
vt 0.071401 0.022639
vt 0.065046 0.022964
vt 0.059750 0.030676
vt 0.071401 0.041598
vt 0.065067 0.041550
vt 0.675210 0.841799
vt 0.668860 0.841816
vt 0.668838 0.856007
vt 0.675182 0.852401
vt 0.675210 0.860799
vt 0.668860 0.860810
vt 0.604760 0.026199
vt 0.598410 0.026211
vt 0.588761 0.025251
vt 0.594727 0.035983
vt 0.604760 0.043762
vt 0.598409 0.043125
vt 0.952028 0.072997
vt 0.948170 0.070521
vt 0.944959 0.080993
vt 0.944780 0.061460
vt 0.939020 0.061200
vt 0.940063 0.073468
vt 0.949905 0.052024
vt 0.939370 0.061210
vt 0.967639 0.055432
vt 0.974763 0.062716
vt 0.972360 0.058020
vt 0.595906 0.045634
vt 0.952760 0.084890
vt 0.960167 0.073584
vt 0.961493 0.084931
vt 0.967817 0.081861
vt 0.666433 0.852646
vt 0.666350 0.859367
vt 0.969470 0.062400
vt 0.965410 0.071143
vt 0.973266 0.074749
vt 0.975240 0.062570
vt 0.595930 0.023530
vt 0.944453 0.054403
vt 0.592410 0.048740
vt 0.588740 0.042835
vt 0.986263 0.701395
vt 0.985073 0.676329
vt 0.982859 0.701070
vt 0.825876 0.030249
vt 0.825930 0.008965
vt 0.822491 0.008868
vt 0.595930 0.048740
vt 0.201610 0.438050
vt 0.204160 0.436340
vt 0.202450 0.433290
vt 0.199620 0.434500
vt 0.899101 0.209370
vt 0.895660 0.209430
vt 0.895581 0.226404
vt 0.662810 0.859370
vt 0.899102 0.237180
vt 0.592390 0.023540
vt 0.895670 0.237039
vt 0.891550 0.872600
vt 0.893623 0.884978
vt 0.203425 0.427947
vt 0.921824 0.891019
vt 0.926669 0.883683
vt 0.662456 0.848490
vt 0.659160 0.856595
vt 0.914036 0.894907
vt 0.659200 0.862960
vt 0.905312 0.894952
vt 0.588731 0.031180
vt 0.927780 0.871220
vt 0.652352 0.694461
vt 0.658641 0.694467
vt 0.658642 0.680708
vt 0.652350 0.680702
vt 0.940995 0.049039
vt 0.969806 0.069395
vt 0.062595 0.017801
vt 0.954520 0.038617
vt 0.946454 0.041908
vt 0.963184 0.051512
vt 0.969302 0.042778
vt 0.963228 0.039239
vt 0.956381 0.049665
vt 0.974196 0.050287
vt 0.943919 0.068377
vt 0.825930 0.047856
vt 0.822398 0.034655
vt 0.822500 0.047848
vt 0.988620 0.670073
vt 0.059080 0.017441
vt 0.985220 0.669821
vt 0.221280 0.433481
vt 0.217524 0.433632
vt 0.217440 0.438050
vt 0.220940 0.438050
vt 0.936288 0.026080
vt 0.933120 0.037479
vt 0.936570 0.037470
vt 0.929727 0.023101
vt 0.666340 0.842521
vt 0.662810 0.842560
vt 0.059070 0.045055
vt 0.062600 0.045050
vt 0.936570 0.012271
vt 0.891550 0.863440
vt 0.927265 0.871448
vt 0.922807 0.878174
vt 0.892066 0.872774
vt 0.929380 0.032108
vt 0.897085 0.879201
vt 0.929380 0.014489
vt 0.933140 0.012270
vt 0.818770 0.050127
vt 0.913602 0.883685
vt 0.818730 0.041133
vt 0.927080 0.862090
vt 0.981140 0.666586
vt 0.981060 0.670970
vt 0.691238 0.856784
vt 0.684897 0.849253
vt 0.684950 0.862939
vt 0.691300 0.862960
vt 0.981060 0.670171
vt 0.974716 0.670159
vt 0.981032 0.678115
vt 0.968706 0.678590
vt 0.974789 0.687381
vt 0.981060 0.689167
vt 0.974710 0.689160
vt 0.908360 0.400363
vt 0.902000 0.395494
vt 0.902010 0.400330
vt 0.739250 0.859719
vt 0.745540 0.859759
vt 0.754789 0.860090
vt 0.739253 0.845955
vt 0.754157 0.854504
vt 0.745536 0.846037
vt 0.691300 0.844146
vt 0.684950 0.844141
vt 0.949836 0.707483
vt 0.953876 0.709668
vt 0.956236 0.698928
vt 0.748120 0.842841
vt 0.957940 0.718440
vt 0.963670 0.718220
vt 0.961695 0.706059
vt 0.960784 0.722792
vt 0.963320 0.718230
vt 0.936413 0.726975
vt 0.927914 0.719416
vt 0.930670 0.723920
vt 0.948170 0.695637
vt 0.941675 0.707518
vt 0.939464 0.696249
vt 0.933387 0.699798
vt 0.899648 0.391832
vt 0.899520 0.398387
vt 0.682410 0.845780
vt 0.682411 0.852917
vt 0.933260 0.719380
vt 0.936637 0.710349
vt 0.928498 0.707307
vt 0.927450 0.719600
vt 0.748120 0.862940
vt 0.751630 0.842860
vt 0.091011 0.045116
vt 0.090901 0.017972
vt 0.087439 0.016531
vt 0.087571 0.045072
vt 0.678870 0.845770
vt 0.131300 0.008898
vt 0.127850 0.008919
vt 0.127798 0.030723
vt 0.987693 0.220034
vt 0.987730 0.208850
vt 0.984290 0.208788
vt 0.899500 0.386780
vt 0.895768 0.386789
vt 0.895970 0.398390
vt 0.984263 0.226125
vt 0.751630 0.862960
vt 0.987730 0.236709
vt 0.984280 0.236709
vt 0.058930 0.070210
vt 0.061003 0.082598
vt 0.678475 0.857053
vt 0.675210 0.848644
vt 0.089200 0.088644
vt 0.094036 0.081309
vt 0.892340 0.395457
vt 0.083133 0.092182
vt 0.892350 0.402340
vt 0.074436 0.092801
vt 0.754798 0.846243
vt 0.095150 0.068840
vt 0.675280 0.842010
vt 0.908370 0.383071
vt 0.902020 0.383144
vt 0.968700 0.666485
vt 0.962627 0.730491
vt 0.932347 0.712386
vt 0.951666 0.729327
vt 0.949931 0.741913
vt 0.957732 0.738017
vt 0.956107 0.725406
vt 0.934883 0.738886
vt 0.941203 0.741961
vt 0.943674 0.730946
vt 0.929431 0.731769
vt 0.958237 0.711423
vt 0.131301 0.044922
vt 0.127870 0.044588
vt 0.972240 0.666480
vt 0.087529 0.009589
vt 0.678859 0.862493
vt 0.682390 0.862539
vt 0.091010 0.006621
vt 0.087580 0.006610
vt 0.586350 0.525810
vt 0.586350 0.522290
vt 0.584050 0.521700
vt 0.584050 0.525810
vt 0.968720 0.694369
vt 0.972238 0.694015
vt 0.058930 0.061060
vt 0.083810 0.010898
vt 0.094623 0.069088
vt 0.090174 0.075802
vt 0.059436 0.070397
vt 0.083850 0.006180
vt 0.315400 0.016600
vt 0.319111 0.017680
vt 0.315680 0.013750
vt 0.064461 0.076821
vt 0.312004 0.016502
vt 0.319103 0.033611
vt 0.312271 0.036742
vt 0.315670 0.036700
vt 0.124130 0.047298
vt 0.080972 0.081305
vt 0.124120 0.037793
vt 0.093393 0.056648
vt 0.826670 0.539293
vt 0.820300 0.533778
vt 0.820310 0.539018
vt 0.362665 0.038655
vt 0.368948 0.038602
vt 0.375047 0.021406
vt 0.368949 0.024862
vt 0.362660 0.024831
vt 0.707371 0.841989
vt 0.701010 0.842020
vt 0.700959 0.846424
vt 0.707373 0.861056
vt 0.701011 0.860909
vt 0.834970 0.686276
vt 0.828634 0.686358
vt 0.822623 0.694681
vt 0.834970 0.705448
vt 0.828647 0.704662
vt 0.826670 0.521829
vt 0.820310 0.521840
vt 0.931007 0.876932
vt 0.933580 0.872380
vt 0.927780 0.872590
vt 0.929748 0.884751
vt 0.936980 0.863320
vt 0.928130 0.872580
vt 0.954210 0.862687
vt 0.963535 0.871394
vt 0.958566 0.864395
vt 0.944003 0.883943
vt 0.936818 0.880038
vt 0.935204 0.891882
vt 0.941528 0.894951
vt 0.951989 0.882325
vt 0.950261 0.894906
vt 0.958052 0.891012
vt 0.958270 0.871440
vt 0.956439 0.878398
vt 0.962949 0.883503
vt 0.964000 0.871210
vt 0.932679 0.865403
vt 0.822630 0.710550
vt 0.826116 0.707795
vt 0.818960 0.706773
vt 0.638738 0.022853
vt 0.638840 0.007951
vt 0.635412 0.007764
vt 0.826150 0.710550
vt 0.635298 0.041529
vt 0.993430 0.572072
vt 0.993410 0.558809
vt 0.989942 0.558835
vt 0.990000 0.572057
vt 0.216670 0.426490
vt 0.214370 0.426480
vt 0.214370 0.430010
vt 0.216670 0.430600
vt 0.698460 0.860419
vt 0.698390 0.851115
vt 0.694531 0.854523
vt 0.694920 0.860410
vt 0.731050 0.027557
vt 0.734450 0.027569
vt 0.734454 0.007365
vt 0.826150 0.682690
vt 0.822610 0.682691
vt 0.731054 0.007360
vt 0.615560 0.073150
vt 0.614437 0.060641
vt 0.822070 0.712810
vt 0.586782 0.052472
vt 0.581398 0.059419
vt 0.691300 0.859810
vt 0.593095 0.049409
vt 0.691360 0.862960
vt 0.818940 0.685730
vt 0.818913 0.693953
vt 0.601813 0.049445
vt 0.579340 0.071770
vt 0.940837 0.860833
vt 0.933719 0.852792
vt 0.371520 0.041759
vt 0.375030 0.041779
vt 0.928819 0.860318
vt 0.961110 0.875770
vt 0.939788 0.849249
vt 0.948972 0.860249
vt 0.956567 0.851924
vt 0.948498 0.848630
vt 0.698480 0.843663
vt 0.817810 0.530600
vt 0.817820 0.537079
vt 0.962019 0.859038
vt 0.638840 0.046375
vt 0.635400 0.046358
vt 0.993430 0.536369
vt 0.989980 0.536392
vt 0.814034 0.525750
vt 0.814280 0.537080
vt 0.817800 0.525471
vt 0.968808 0.025952
vt 0.965400 0.038169
vt 0.968850 0.038170
vt 0.961918 0.025155
vt 0.694930 0.843651
vt 0.961650 0.013620
vt 0.371520 0.021652
vt 0.968850 0.010327
vt 0.613799 0.085343
vt 0.579870 0.071566
vt 0.584826 0.065204
vt 0.615058 0.072922
vt 0.961650 0.033116
vt 0.610550 0.066138
vt 0.601385 0.060676
vt 0.965410 0.010310
vt 0.631680 0.044361
vt 0.631730 0.047610
vt 0.581626 0.087100
vt 3.967657 1.042352
vt 3.930230 1.025980
vt 3.926984 1.224038
vt 3.937691 1.383548
vt -1.386470 0.891920
vt -1.373950 1.021600
vt -1.336469 1.144899
vt -1.218155 0.891414
vt -2.098917 -2.791931
vt -2.097827 -2.720427
vt -2.069891 -2.685864
vt -2.065536 -2.750501
vt -1.276064 1.261211
vt -1.088753 1.211151
vt -2.032231 -2.495396
vt -2.035565 -2.638397
vt -0.755739 0.783093
vt -2.019940 -2.517810
vt -0.671056 1.172711
vt -0.909841 1.373118
vt -0.879091 1.387330
vt -0.589103 1.387330
vt -0.554883 1.373278
vt -0.333813 0.959823
vt -2.019940 -2.175480
vt -2.032225 -2.199373
vt -2.035604 -2.054847
vt -0.193098 1.261212
vt -0.097946 1.024881
vt -0.245190 0.684874
vt -2.069824 -2.009504
vt -2.065615 -1.943150
vt -0.081905 0.891920
vt -2.097789 -1.975140
vt -2.098960 -1.902318
vt -0.131600 1.146290
vt 1.068318 -2.479818
vt 1.059029 -2.657905
vt 1.028125 -2.316090
vt 1.069470 -2.288420
vt -2.119333 -1.983878
vt -2.127255 -1.917801
vt 1.021770 -2.673770
vt 1.017529 -2.477666
vt -2.154171 -2.085723
vt 1.816069 0.605749
vt 1.931069 0.545272
vt 2.043224 0.322426
vt 1.690261 0.642306
vt -2.172560 -2.055923
vt 1.561672 0.427555
vt -2.192280 -2.299654
vt 1.561478 0.073191
vt -2.176007 -2.388537
vt 2.042930 -0.043774
vt 1.581522 -0.497249
vt -2.166220 -2.660744
vt -2.159488 -2.592494
vt 1.894241 -0.468131
vt -2.121535 -2.707750
vt -2.124627 -2.781818
vt 1.931070 -0.538110
vt 1.816070 -0.598390
vt 1.691290 -0.635510
vt 1.561520 -0.648030
vt 3.978880 1.409840
vt 3.977772 1.221764
vt 2.042770 -0.379658
vt 2.042860 -0.435090
vt 2.042860 0.443172
vt 1.060845 -2.808468
vt 1.027490 -2.808870
vt -0.294776 1.372910
vt -1.173883 1.372910
vt 3.967619 0.884718
vt 3.934240 0.884280
vt 3.926505 1.573726
vt 3.976905 1.575622
vt 3.559639 1.683837
vt 3.595740 1.683250
vt 3.593514 1.607202
vt 3.571950 1.616131
vt 3.929280 1.713060
vt 3.971829 1.713365
vt -1.373849 0.762230
vt 3.615982 1.648335
vt 3.626624 1.506725
vt -1.336162 0.637531
vt -1.052802 0.409710
vt -1.276024 0.522591
vt 3.643974 1.537890
vt 3.658941 1.298511
vt 3.642533 1.209332
vt -0.674263 0.439753
vt 3.625330 0.944704
vt 3.600133 0.937035
vt 3.578221 0.822803
vt -0.131731 0.637530
vt -0.193068 0.522592
vt -0.094440 0.762230
vt 3.565572 0.884870
vt 1.068799 -2.113210
vt 1.018380 -2.115345
vt 3.542120 0.823390
vt 3.544006 0.893796
vt 1.023450 -1.961870
vt 1.065973 -1.961542
vt 3.521880 0.858303
vt 1.561520 0.655620
vt 1.431760 0.643036
vt 3.510893 0.994267
vt 1.306989 0.605789
vt 1.079586 0.322497
vt 1.191999 0.545322
vt 3.493891 0.968739
vt 3.478923 1.208140
vt 3.494985 1.291662
vt 1.079697 -0.043692
vt 3.512533 1.561939
vt 3.537389 1.563970
vt 1.228566 -0.468085
vt 1.431760 -0.635458
vt 1.306990 -0.598350
vt 1.192000 -0.538060
vt 3.559100 1.807150
vt 3.600321 1.807686
vt 1.080240 -0.435020
vt 1.080150 -0.379588
vt 1.080240 0.443242
vt 3.540229 0.743174
vt 3.581450 0.743710
vt -0.294960 0.410870
vt -0.350557 0.410956
vt -1.173831 0.410870
vt 0.844225 0.576021
vt 0.846356 0.579450
vt 0.848220 0.576920
vt 0.849979 0.576354
vt 0.977587 0.836171
vt 0.976696 0.840465
vt 0.982380 0.841096
vt 0.017242 0.161747
vt 0.016657 0.140768
vt 0.012094 0.140188
vt 0.011602 0.162001
vt 0.015081 0.165294
vt 0.848230 0.579770
vt 0.850010 0.579190
vt 0.776690 0.045240
vt 0.767523 0.045230
vt 0.763853 0.048870
vt 0.773040 0.048890
vt 0.584050 0.527260
vt 0.584810 0.531682
vt 0.585900 0.525810
vt 0.854433 0.571236
vt 0.857234 0.554609
vt 0.854016 0.549727
vt 0.851232 0.553106
vt 0.841200 0.557470
vt 0.841350 0.567960
vt 0.844705 0.555202
vt 0.841040 0.546510
vt 0.838880 0.539105
vt 0.839070 0.550470
vt 0.902800 0.190180
vt 0.904912 0.202786
vt 0.904278 0.178720
vt 0.021929 0.137364
vt 0.021959 0.129314
vt 0.020070 0.153610
vt 0.932000 0.190180
vt 0.930157 0.178765
vt 0.929897 0.202631
vt 0.904051 0.169485
vt 0.977640 0.559790
vt 0.975920 0.540330
vt 0.975920 0.559790
vt 0.865560 0.012250
vt 0.867001 0.012700
vt 0.865838 0.007818
vt 0.981290 0.563430
vt 0.984852 0.563430
vt 0.981190 0.559780
vt 0.925720 0.014370
vt 0.929370 0.010720
vt 0.925818 0.010710
vt 0.922180 0.014360
vt 0.007551 0.134936
vt 0.004342 0.139808
vt 0.006842 0.156794
vt 0.932466 0.103498
vt 0.936490 0.099560
vt 0.932830 0.095919
vt 0.570500 0.248218
vt 0.569379 0.248229
vt 0.570500 0.271420
vt 0.936580 0.014640
vt 0.936570 0.032740
vt 0.938610 0.014320
vt 0.859260 0.550980
vt 0.857210 0.550160
vt 0.859347 0.555059
vt 0.918490 0.387900
vt 0.914830 0.391550
vt 0.915831 0.394180
vt 0.937960 0.387900
vt 0.985080 0.093570
vt 0.981417 0.089920
vt 0.976550 0.089910
vt 0.980200 0.093560
vt 0.004050 0.164290
vt 0.857560 0.578640
vt 0.001543 0.142007
vt 0.001471 0.192590
vt 0.860107 0.606451
vt 0.860661 0.557718
vt 0.857809 0.594948
vt 0.003702 0.181013
vt 0.005899 0.198366
vt 0.009149 0.252384
vt 0.005638 0.248349
vt 0.010226 0.245036
vt 0.855538 0.611961
vt 0.852249 0.665138
vt 0.849729 0.679629
vt 0.855673 0.660996
vt 0.850990 0.657627
vt 0.934743 0.200202
vt 0.932823 0.184198
vt 0.932000 0.191480
vt 0.011188 0.260984
vt 0.010315 0.267677
vt 0.849812 0.672756
vt 0.958047 0.199332
vt 0.960420 0.191480
vt 0.959498 0.184213
vt 0.920550 0.521233
vt 0.915236 0.509023
vt 0.917640 0.518830
vt 0.847669 0.674400
vt 0.847223 0.666521
vt 0.844848 0.668871
vt 0.844824 0.679277
vt 0.955151 0.202212
vt 0.952821 0.195269
vt 0.855662 0.013648
vt 0.859236 0.031405
vt 0.859234 0.011500
vt 0.936832 0.202021
vt 0.939648 0.195203
vt 0.935670 0.207130
vt 0.937050 0.208030
vt 0.012369 0.262801
vt 0.011640 0.268970
vt 0.015507 0.268408
vt 0.018480 0.250303
vt 0.014956 0.257916
vt 0.853739 0.013885
vt 0.853693 0.026330
vt 0.013140 0.257560
vt 0.675773 0.680802
vt 0.672768 0.684056
vt 0.673986 0.694099
vt 0.841849 0.661477
vt 0.838424 0.658832
vt 0.672470 0.681510
vt 0.560380 0.104350
vt 0.562610 0.105990
vt 0.562291 0.100236
vt 0.881300 0.235157
vt 0.879839 0.210939
vt 0.879043 0.236990
vt 0.021907 0.247583
vt 0.039598 0.238284
vt 0.033745 0.231016
vt 0.034096 0.242554
vt 0.214670 0.430600
vt 0.214370 0.435900
vt 0.217080 0.438050
vt 0.217080 0.431670
vt 0.280550 0.027580
vt 0.278530 0.025680
vt 0.277441 0.034709
vt 0.826673 0.642752
vt 0.826239 0.653988
vt 0.809492 0.621392
vt 0.821079 0.650374
vt 0.805492 0.630346
vt 0.054570 0.212250
vt 0.055039 0.205064
vt 0.050813 0.209969
vt 0.054820 0.218404
vt 0.765160 0.089510
vt 0.766277 0.095936
vt 0.767525 0.091441
vt 0.766940 0.086440
vt 0.055878 0.209279
vt 0.783470 0.118743
vt 0.786490 0.116210
vt 0.786492 0.102604
vt 0.784597 0.095810
vt 0.276320 0.052330
vt 0.274270 0.041900
vt 0.273340 0.049510
vt 0.961610 0.018530
vt 0.960210 0.014900
vt 0.952980 0.025472
vt 0.956810 0.023370
vt 0.058611 0.192842
vt 0.056268 0.213934
vt 0.058552 0.200550
vt 0.961610 0.037440
vt 0.805900 0.624520
vt 0.804874 0.616661
vt 0.804312 0.621170
vt 0.785590 0.089510
vt 0.783800 0.086440
vt 0.783200 0.091052
vt 0.801179 0.602797
vt 0.803804 0.625564
vt 0.772030 0.048890
vt 0.770801 0.050597
vt 0.778751 0.048876
vt 0.911418 0.088377
vt 0.911272 0.113628
vt 0.923459 0.113541
vt 0.910851 0.147870
vt 0.925571 0.157941
vt 0.016470 0.176566
vt 0.015515 0.180516
vt 0.017403 0.175121
vt 0.926320 0.156430
vt 0.930257 0.163440
vt 0.845044 0.593062
vt 0.843211 0.587840
vt 0.544212 0.040176
vt 0.546659 0.101367
vt 0.557126 0.039370
vt 0.923383 0.088370
vt 0.769074 0.069101
vt 0.793491 0.018932
vt 0.791675 0.038785
vt 0.804371 0.038938
vt 0.802568 0.018902
vt 0.794690 0.017080
vt 0.801360 0.017080
vt 0.780280 0.064494
vt 0.768031 0.075920
vt 0.779864 0.050806
vt 0.791262 0.049426
vt 0.804684 0.049366
vt 0.805152 0.614863
vt 0.809560 0.618250
vt 0.957163 0.037932
vt 0.294028 0.036254
vt 0.292250 0.060370
vt 0.295380 0.058060
vt 0.296370 0.044560
vt 0.276280 0.059440
vt 0.362370 0.020760
vt 0.361160 0.017220
vt 0.352041 0.026942
vt 0.357107 0.024702
vt 0.767010 0.111810
vt 0.763870 0.109170
vt 0.767370 0.118750
vt 0.356577 0.041581
vt 0.362307 0.041411
vt 0.292070 0.022278
vt 0.294650 0.019334
vt 0.281080 0.021640
vt 0.893320 0.235157
vt 0.895566 0.236990
vt 0.895050 0.212901
vt 0.892930 0.211116
vt 0.852140 0.026760
vt 0.852210 0.029290
vt 0.855169 0.028841
vt 0.892920 0.209500
vt 0.549150 0.106616
vt 0.547140 0.108545
vt 0.560470 0.105910
vt 0.845045 0.666799
vt 0.676240 0.694460
vt 0.935906 0.521243
vt 0.938820 0.518830
vt 0.941206 0.509875
vt 0.941402 0.442384
vt 0.914860 0.442269
vt 0.959541 0.118829
vt 0.933818 0.118244
vt 0.959935 0.103485
vt 0.940614 0.394209
vt 0.985080 0.113030
vt 0.980200 0.113020
vt 0.976550 0.116670
vt 0.981417 0.116680
vt 0.936580 0.037480
vt 0.938610 0.037150
vt 0.938600 0.032420
vt 0.941610 0.391550
vt 0.241930 0.308270
vt 0.240810 0.308250
vt 0.240810 0.331018
vt 0.241930 0.331045
vt 0.569380 0.271400
vt 0.959610 0.095919
vt 0.955960 0.099560
vt 0.976110 0.835550
vt 0.925720 0.033830
vt 0.922179 0.033820
vt 0.925818 0.037470
vt 0.929370 0.037480
vt 0.927440 0.033830
vt 0.927440 0.014370
vt 0.981190 0.540320
vt 0.984852 0.536670
vt 0.979555 0.536680
vt 0.930887 0.169556
vt 0.907670 0.208030
vt 0.927140 0.208030
vt 0.776690 0.025780
vt 0.773040 0.022130
vt 0.763853 0.022120
vt 0.767521 0.025770
vt 0.779940 0.045250
vt 0.779940 0.025790
vt 0.840950 0.542210
vt 0.870642 0.009102
vt 0.867093 0.031461
vt 0.870620 0.031622
vt 0.850490 0.549377
vt 0.844820 0.551210
vt 0.982380 0.818280
vt 0.977592 0.818070
vt 0.985133 0.116663
vt 0.987766 0.099957
vt 0.985081 0.099063
vt 0.987819 0.115683
vt 0.987426 0.093886
vt 0.985160 0.094400
vt 0.017201 0.168772
vt 0.843998 0.582528
vt 0.844260 0.589437
vt 0.908671 0.156821
vt 0.541126 0.027571
vt 0.558611 0.026498
vt 0.558656 0.017115
vt 0.562610 0.014470
vt 0.539577 0.017577
vt 0.535641 0.014085
vt 0.904514 0.163440
vt 0.927384 0.785334
vt 0.882077 0.788153
vt 0.882140 0.841021
vt 0.927450 0.841137
vt 0.193280 0.514465
vt 0.238202 0.514567
vt 0.191988 0.468184
vt 0.236859 0.465400
vt 0.238200 0.438510
vt 0.193280 0.438050
vt 0.907260 0.575300
vt 0.861970 0.575400
vt 0.861699 0.597283
vt 0.906962 0.600520
vt 0.861571 0.642402
vt 0.906845 0.640015
vt 0.907260 0.680199
vt 0.861970 0.679726
vt 0.899960 0.237054
vt 0.854650 0.237360
vt 0.899796 0.262992
vt 0.854479 0.292086
vt 0.899783 0.302707
vt 0.854650 0.342725
vt 0.899960 0.342947
vt 0.927450 0.745314
vt 0.882140 0.745609
vt 0.580092 0.531834
vt 0.580818 0.526522
vt 0.580209 0.524267
vt 0.579492 0.529581
vt 0.581690 0.524423
vt 0.581144 0.529657
vt 0.581838 0.531823
vt 0.582423 0.526794
vt 0.764149 0.402196
vt 0.783610 0.405150
vt 0.787299 0.393312
vt 0.764064 0.389168
vt 0.787409 0.367309
vt 0.767900 0.355631
vt 0.783600 0.355735
vt 0.620880 0.096960
vt 0.636580 0.096960
vt 0.617119 0.094006
vt 0.640328 0.094005
vt 0.617014 0.080958
vt 0.639257 0.073270
vt 0.620880 0.047442
vt 0.640327 0.050549
vt 0.636580 0.047610
vt 0.767910 0.405150
vt 0.749529 0.536800
vt 0.757295 0.536800
vt 0.749444 0.522520
vt 0.758457 0.005413
vt 0.758391 0.009343
vt 0.760381 0.009198
vt 0.609226 0.004645
vt 0.607272 0.008391
vt 0.612037 0.018312
vt 0.787360 0.402228
vt 0.612929 0.013844
vt 0.755252 0.021858
vt 0.756582 0.025177
vt 0.788920 0.388801
vt 0.764160 0.371758
vt 0.762600 0.374691
vt 0.762600 0.386244
vt 0.788920 0.372101
vt 0.764150 0.358718
vt 0.755253 0.038974
vt 0.759047 0.051870
vt 0.760468 0.050825
vt 0.756598 0.036329
vt 0.787360 0.358722
vt 0.608799 0.048399
vt 0.612930 0.039376
vt 0.612102 0.033935
vt 0.606580 0.041145
vt 0.763598 0.038962
vt 0.762280 0.036319
vt 0.617110 0.063558
vt 0.615560 0.066502
vt 0.615560 0.078044
vt 0.604905 0.024175
vt 0.617120 0.050538
vt 0.763597 0.021836
vt 0.762283 0.025118
vt 0.609470 0.022736
vt 0.610119 0.024980
vt 0.609505 0.030306
vt 0.608852 0.028062
vt 0.759455 0.027003
vt 0.758799 0.029198
vt 0.759419 0.034427
vt 0.760074 0.032232
vt 0.772434 0.522520
vt 0.772519 0.536800
vt 0.780285 0.536800
vt 0.757211 0.522520
vt 0.780201 0.522520
vt 0.757104 0.522520
vt 0.757189 0.536800
vt 0.764966 0.536800
vt 0.764859 0.536800
vt 0.772625 0.536800
vt 0.764774 0.522520
vt 0.764881 0.522520
vt 0.772541 0.522520
vt 2.583320 -2.796880
vt 2.615920 -2.887180
vt 1.148250 -3.030380
vt 1.116850 -3.128060
s 1
usemtl Grey_Plastic_Material
f 18/1/1 19/2/2 20/3/3
f 20/3/3 21/4/4 22/5/5
f 22/5/5 23/6/6 24/7/7
f 25/8/8 26/9/9 27/10/10
f 27/10/10 28/11/11 29/12/12
f 29/12/12 30/13/13 31/14/14
f 18/1/1 20/3/3 22/5/5
f 22/5/5 24/7/7 25/8/8
f 25/8/8 27/10/10 29/12/12
f 29/12/12 31/14/14 18/1/1
f 18/1/1 22/5/5 25/8/8
f 25/8/8 29/12/12 18/1/1
f 315/15/15 316/16/16 317/17/17
f 318/18/18 319/19/19 320/20/20
f 321/21/21 322/22/22 323/23/23
f 313/24/24 314/25/25 315/15/15
f 315/15/15 317/17/17 318/18/18
f 318/18/18 320/20/20 321/21/21
f 321/21/21 323/23/23 313/24/24
f 313/24/24 315/15/15 318/18/18
f 318/18/18 321/21/21 313/24/24
f 377/26/26 378/27/27 379/28/28
f 369/29/29 370/30/30 371/31/31
f 371/31/31 372/32/32 373/33/33
f 373/33/33 374/34/34 375/35/35
f 375/35/35 376/36/36 377/26/26
f 377/26/26 379/28/28 380/37/37
f 380/37/37 381/38/38 382/39/39
f 382/39/39 383/40/40 384/41/41
f 384/41/41 385/42/42 369/29/29
f 369/29/29 371/31/31 373/33/33
f 373/33/33 375/35/35 377/26/26
f 377/26/26 380/37/37 382/39/39
f 382/39/39 384/41/41 369/29/29
f 369/29/29 373/33/33 377/26/26
f 377/26/26 382/39/39 369/29/29
f 443/43/43 460/44/44 461/45/45
f 461/45/45 462/46/46 443/43/43
f 621/47/47 622/48/48 623/49/49
f 623/49/49 624/50/50 625/51/51
f 626/52/52 627/53/53 628/54/54
f 629/55/55 630/56/56 631/57/57
f 631/57/57 632/58/58 633/59/59
f 633/59/59 634/60/60 621/47/47
f 621/47/47 623/49/49 625/51/51
f 625/51/51 626/52/52 628/54/54
f 628/54/54 629/55/55 631/57/57
f 631/57/57 633/59/59 621/47/47
f 621/47/47 625/51/51 628/54/54
f 628/54/54 631/57/57 621/47/47
f 846/61/61 847/62/62 848/63/63
f 848/63/63 849/64/64 850/65/65
f 850/65/65 851/66/66 852/67/67
f 852/67/67 853/68/68 854/69/69
f 854/69/69 855/70/70 856/71/71
f 856/71/71 857/72/72 858/73/73
f 858/73/73 859/74/74 860/75/75
f 860/75/75 861/76/76 862/77/77
f 862/77/77 863/78/78 864/79/79
f 864/79/79 865/80/80 866/81/81
f 866/81/81 867/82/82 868/83/83
f 868/83/83 869/84/84 870/85/85
f 870/85/85 871/86/86 872/87/87
f 872/87/87 873/88/88 874/89/89
f 874/89/89 875/90/90 876/91/91
f 876/91/91 877/92/92 846/61/61
f 846/61/61 848/63/63 850/65/65
f 850/65/65 852/67/67 854/69/69
f 854/69/69 856/71/71 858/73/73
f 858/73/73 860/75/75 862/77/77
f 862/77/77 864/79/79 866/81/81
f 866/81/81 868/83/83 870/85/85
f 870/85/85 872/87/87 874/89/89
f 874/89/89 876/91/91 846/61/61
f 846/61/61 850/65/65 854/69/69
f 854/69/69 858/73/73 862/77/77
f 862/77/77 866/81/81 870/85/85
f 870/85/85 874/89/89 846/61/61
f 846/61/61 854/69/69 862/77/77
f 862/77/77 870/85/85 846/61/61
f 1438/93/93 1454/94/94 1435/95/95
f 1464/96/96 1438/93/93 1435/95/95
f 16/97/97 17/98/98 1/99/99
f 16/97/97 1/99/99 2/100/100
f 3/101/101 4/102/102 5/103/103
f 3/101/101 5/103/103 6/104/104
f 7/105/105 8/106/106 9/107/107
f 7/105/105 9/107/107 10/108/108
f 11/109/109 12/110/110 13/111/111
f 13/111/111 12/110/110 14/112/112
f 13/111/111 14/112/112 15/113/113
f 32/114/114 33/115/8 34/116/115
f 37/117/116 38/118/117 39/119/118
f 40/120/119 41/121/120 42/122/121
f 45/123/122 46/124/123 47/125/124
f 48/126/125 49/127/126 50/128/127
f 32/114/114 53/129/128 33/115/8
f 43/130/129 54/131/130 55/132/131
f 43/130/129 55/132/131 44/133/132
f 45/123/122 56/134/133 46/124/123
f 49/127/126 57/135/134 50/128/127
f 51/136/135 58/137/136 59/138/137
f 51/136/135 59/138/137 52/139/138
f 32/114/114 60/140/139 53/129/128
f 37/117/116 61/141/140 62/142/141
f 37/117/116 62/142/141 38/118/117
f 40/120/119 63/143/142 64/144/143
f 40/120/119 64/144/143 41/121/120
f 54/131/130 34/116/115 55/132/131
f 56/134/133 39/119/118 46/124/123
f 60/140/139 47/125/124 53/129/128
f 63/143/142 51/136/135 64/144/143
f 54/131/130 32/114/114 34/116/115
f 56/134/133 37/117/116 39/119/118
f 49/127/126 40/120/119 42/122/121
f 49/127/126 42/122/121 57/135/134
f 58/137/136 43/130/129 44/133/132
f 58/137/136 44/133/132 59/138/137
f 60/140/139 45/123/122 47/125/124
f 48/126/125 50/128/127 65/145/144
f 61/141/140 48/126/125 65/145/144
f 61/141/140 65/145/144 62/142/141
f 51/136/135 52/139/138 64/144/143
f 66/146/145 67/147/146 68/148/147
f 90/149/148 69/150/149 70/151/150
f 77/152/151 71/153/152 72/154/153
f 77/152/151 72/154/153 73/155/154
f 35/156/155 74/157/156 36/158/157
f 90/149/148 75/159/158 69/150/149
f 74/157/156 76/160/159 36/158/157
f 71/153/152 78/161/160 72/154/153
f 75/159/158 79/162/161 80/163/162
f 75/159/158 80/163/162 69/150/149
f 81/164/163 82/165/164 83/166/165
f 81/164/163 84/167/166 82/165/164
f 85/168/167 86/169/168 87/170/169
f 84/167/166 88/171/170 82/165/164
f 85/168/167 35/156/155 86/169/168
f 84/167/166 89/172/171 88/171/170
f 35/156/155 36/158/157 86/169/168
f 93/173/172 94/174/173 95/175/174
f 67/147/146 98/176/175 68/148/147
f 94/174/173 99/177/176 95/175/174
f 96/178/177 100/179/178 101/180/179
f 96/178/177 101/180/179 97/181/180
f 67/147/146 102/182/181 98/176/175
f 94/174/173 103/183/182 99/177/176
f 100/179/178 104/184/183 101/180/179
f 103/183/182 105/185/184 106/186/185
f 103/183/182 106/186/185 99/177/176
f 104/184/183 107/187/186 108/188/187
f 104/184/183 108/188/187 101/180/179
f 105/185/184 109/189/188 110/190/189
f 105/185/184 110/190/189 106/186/185
f 107/187/186 111/191/190 112/192/191
f 107/187/186 112/192/191 108/188/187
f 109/189/188 113/193/192 114/194/193
f 109/189/188 114/194/193 110/190/189
f 111/191/190 115/195/194 116/196/195
f 111/191/190 116/196/195 112/192/191
f 113/193/192 117/197/196 114/194/193
f 117/197/196 118/198/197 114/194/193
f 115/195/194 119/199/198 116/196/195
f 102/182/181 120/200/199 98/176/175
f 117/197/196 66/146/145 118/198/197
f 119/199/198 95/175/174 116/196/195
f 120/200/199 97/181/180 98/176/175
f 66/146/145 68/148/147 118/198/197
f 119/199/198 93/173/172 95/175/174
f 120/200/199 96/178/177 97/181/180
f 125/201/200 126/202/201 127/203/202
f 123/204/203 128/205/204 129/206/205
f 123/204/203 129/206/205 124/207/206
f 130/208/207 132/209/208 131/210/209
f 126/202/201 133/211/210 127/203/202
f 130/208/207 134/212/211 132/209/208
f 133/211/210 137/213/212 127/203/202
f 135/214/213 138/215/214 136/216/215
f 135/214/213 141/217/216 138/215/214
f 139/218/217 136/216/215 140/219/218
f 134/212/211 91/220/219 132/209/208
f 139/218/217 135/214/213 136/216/215
f 91/220/219 92/221/220 132/209/208
f 143/222/221 144/223/222 145/224/223
f 143/222/221 145/224/223 146/225/224
f 121/226/225 147/227/226 148/228/227
f 121/226/225 148/228/227 122/229/228
f 144/223/222 149/230/229 145/224/223
f 147/227/226 150/231/230 148/228/227
f 149/230/229 151/232/231 145/224/223
f 147/227/226 152/233/232 150/231/230
f 152/233/232 155/234/233 150/231/230
f 149/230/229 156/235/234 157/236/235
f 149/230/229 157/236/235 151/232/231
f 153/237/236 158/238/237 159/239/238
f 153/237/236 159/239/238 154/240/239
f 152/233/232 160/241/240 155/234/233
f 160/241/240 161/242/241 155/234/233
f 156/235/234 162/243/242 157/236/235
f 160/241/240 153/237/236 161/242/241
f 156/235/234 163/244/243 162/243/242
f 158/238/237 164/245/244 165/246/245
f 158/238/237 165/246/245 159/239/238
f 153/237/236 154/240/239 161/242/241
f 163/244/243 166/247/246 162/243/242
f 163/244/243 167/248/247 166/247/246
f 167/248/247 122/229/228 166/247/246
f 164/245/244 143/222/221 146/225/224
f 164/245/244 146/225/224 165/246/245
f 167/248/247 121/226/225 122/229/228
f 168/249/248 169/250/249 170/251/250
f 168/249/248 170/251/250 171/252/2
f 172/253/251 173/254/252 174/255/253
f 172/253/251 174/255/253 175/256/254
f 190/257/255 176/258/256 142/259/257
f 173/254/252 181/260/258 174/255/253
f 177/261/259 182/262/260 183/263/261
f 177/261/259 183/263/261 178/264/262
f 179/265/263 177/261/259 178/264/262
f 179/265/263 178/264/262 180/266/264
f 181/260/258 184/267/265 174/255/253
f 185/268/266 189/269/267 186/270/268
f 187/271/269 190/257/255 188/272/270
f 185/268/266 191/273/271 189/269/267
f 190/257/255 142/259/257 188/272/270
f 194/274/272 198/275/273 199/276/274
f 194/274/272 199/276/274 195/277/275
f 196/278/276 200/279/277 201/280/278
f 196/278/276 201/280/278 197/281/279
f 169/250/249 202/282/280 170/251/250
f 202/282/280 203/283/281 170/251/250
f 198/275/273 168/249/248 171/252/2
f 198/275/273 171/252/2 199/276/274
f 200/279/277 204/284/282 205/285/283
f 200/279/277 205/285/283 201/280/278
f 202/282/280 206/286/284 203/283/281
f 204/284/282 207/287/285 208/288/286
f 204/284/282 208/288/286 205/285/283
f 206/286/284 209/289/287 210/290/288
f 206/286/284 210/290/288 203/283/281
f 207/287/285 211/291/289 212/292/6
f 207/287/285 212/292/6 208/288/286
f 209/289/287 213/293/290 210/290/288
f 209/289/287 214/294/291 213/293/290
f 211/291/289 215/295/5 212/292/6
f 214/294/291 216/296/292 213/293/290
f 211/291/289 217/297/293 215/295/5
f 214/294/291 218/298/294 216/296/292
f 217/297/293 195/277/275 215/295/5
f 217/297/293 194/274/272 195/277/275
f 218/298/294 196/278/276 197/281/279
f 218/298/294 197/281/279 216/296/292
f 219/299/295 220/300/296 221/301/297
f 241/302/298 222/303/299 223/304/300
f 239/305/301 224/306/302 225/307/303
f 226/308/304 227/309/305 228/310/306
f 224/306/302 229/311/307 225/307/303
f 230/312/308 232/313/309 233/314/310
f 230/312/308 233/314/310 231/315/311
f 227/309/305 234/316/312 235/317/313
f 227/309/305 235/317/313 228/310/306
f 232/313/309 238/318/314 233/314/310
f 236/319/315 239/305/301 237/320/316
f 232/313/309 240/321/317 238/318/314
f 239/305/301 225/307/303 237/320/316
f 222/303/299 193/322/318 223/304/300
f 222/303/299 192/323/319 193/322/318
f 241/302/298 223/304/300 242/324/320
f 220/300/296 247/325/321 221/301/297
f 245/326/322 248/327/323 249/328/324
f 245/326/322 249/328/324 246/329/325
f 220/300/296 250/330/326 247/325/321
f 250/330/326 251/331/327 247/325/321
f 248/327/323 252/332/328 249/328/324
f 250/330/326 253/333/329 251/331/327
f 252/332/328 254/334/330 249/328/324
f 253/333/329 255/335/331 251/331/327
f 252/332/328 256/336/332 254/334/330
f 257/337/333 258/338/334 259/339/335
f 253/333/329 260/340/336 261/341/337
f 253/333/329 261/341/337 255/335/331
f 257/337/333 262/342/338 258/338/334
f 256/336/332 263/343/339 254/334/330
f 262/342/338 264/344/340 258/338/334
f 256/336/332 265/345/341 263/343/339
f 260/340/336 266/346/342 267/347/343
f 260/340/336 267/347/343 261/341/337
f 265/345/341 259/339/335 263/343/339
f 262/342/338 219/299/295 264/344/340
f 265/345/341 257/337/333 259/339/335
f 266/346/342 268/348/344 267/347/343
f 219/299/295 221/301/297 264/344/340
f 268/348/344 246/329/325 267/347/343
f 268/348/344 245/326/322 246/329/325
f 269/349/345 270/350/346 271/351/347
f 269/349/345 271/351/347 311/352/348
f 272/353/349 276/354/350 273/355/351
f 275/356/352 277/357/353 274/358/354
f 278/359/355 279/360/356 284/361/357
f 272/353/349 280/362/358 276/354/350
f 275/356/352 281/363/359 277/357/353
f 278/359/355 282/364/360 279/360/356
f 283/365/361 278/359/355 284/361/357
f 281/363/359 285/366/362 277/357/353
f 286/367/363 243/368/364 244/369/365
f 286/367/363 244/369/365 287/370/366
f 288/371/367 272/353/349 273/355/351
f 288/371/367 273/355/351 289/372/368
f 292/373/369 293/374/370 294/375/371
f 293/374/370 297/376/372 294/375/371
f 295/377/373 298/378/374 299/379/375
f 295/377/373 299/379/375 296/380/376
f 270/350/346 300/381/377 271/351/347
f 293/374/370 301/382/378 297/376/372
f 300/381/377 302/383/379 271/351/347
f 298/378/374 292/373/369 299/379/375
f 300/381/377 303/384/380 302/383/379
f 301/382/378 304/385/245 297/376/372
f 292/373/369 294/375/371 299/379/375
f 301/382/378 305/386/381 304/385/245
f 303/384/380 306/387/382 302/383/379
f 306/387/382 307/388/383 302/383/379
f 305/386/381 308/389/384 304/385/245
f 305/386/381 309/390/385 308/389/384
f 306/387/382 310/391/386 307/388/383
f 309/390/385 311/352/348 308/389/384
f 310/391/386 312/392/387 307/388/383
f 309/390/385 269/349/345 311/352/348
f 310/391/386 295/377/373 312/392/387
f 295/377/373 296/380/376 312/392/387
f 325/393/388 326/394/389 327/395/390
f 326/394/389 328/396/391 324/397/392
f 290/398/393 329/399/394 291/400/395
f 332/401/396 333/402/397 334/403/398
f 330/404/399 335/405/400 331/406/401
f 330/404/399 336/407/402 335/405/400
f 333/402/397 337/408/403 334/403/398
f 338/409/404 291/400/395 339/410/405
f 333/402/397 340/411/406 337/408/403
f 338/409/404 290/398/393 291/400/395
f 326/394/389 324/397/392 327/395/390
f 367/412/407 341/413/408 342/414/409
f 342/414/409 341/413/408 343/415/410
f 344/416/411 345/417/412 346/418/413
f 346/418/413 345/417/412 347/419/414
f 346/418/413 347/419/414 348/420/415
f 348/420/415 347/419/414 349/421/416
f 350/422/417 351/423/418 352/424/419
f 350/422/417 352/424/419 353/425/420
f 353/425/420 352/424/419 354/426/421
f 353/425/420 354/426/421 355/427/422
f 356/428/423 357/429/424 358/430/425
f 356/428/423 358/430/425 359/431/426
f 356/428/423 359/431/426 360/432/427
f 360/432/427 359/431/426 361/433/428
f 360/432/427 361/433/428 362/434/429
f 362/434/429 361/433/428 363/435/430
f 364/436/431 365/437/432 393/438/433
f 364/436/431 393/438/433 366/439/434
f 367/412/407 368/440/435 341/413/408
f 386/441/436 387/442/437 388/443/438
f 363/435/430 361/433/428 389/444/439
f 347/419/414 345/417/412 401/445/440
f 347/419/414 401/445/440 390/446/441
f 391/447/442 392/448/443 399/449/444
f 391/447/442 399/449/444 393/438/433
f 361/433/428 359/431/426 394/450/445
f 343/415/410 341/413/408 395/451/446
f 396/452/447 397/453/448 398/454/449
f 396/452/447 398/454/449 399/449/444
f 359/431/426 358/430/425 386/441/436
f 359/431/426 386/441/436 394/450/445
f 341/413/408 368/440/435 400/455/450
f 365/437/432 391/447/442 393/438/433
f 392/448/443 396/452/447 399/449/444
f 361/433/428 394/450/445 389/444/439
f 349/421/416 347/419/414 390/446/441
f 402/456/451 403/457/452 404/458/453
f 390/446/441 401/445/440 405/459/454
f 386/441/436 388/443/438 406/460/455
f 394/450/445 386/441/436 406/460/455
f 390/446/441 405/459/454 407/461/456
f 394/450/445 406/460/455 408/462/457
f 341/413/408 414/463/458 411/464/459
f 389/444/439 394/450/445 408/462/457
f 412/465/460 409/466/461 410/467/462
f 412/465/460 410/467/462 413/468/463
f 395/451/446 341/413/408 411/464/459
f 341/413/408 400/455/450 414/463/458
f 401/445/440 415/469/464 405/459/454
f 418/470/465 419/471/466 420/472/467
f 418/470/465 420/472/467 421/473/468
f 422/474/469 402/456/451 404/458/453
f 423/475/470 418/470/465 421/473/468
f 422/474/469 404/458/453 424/476/471
f 423/475/470 421/473/468 425/477/472
f 426/478/473 427/479/474 428/480/475
f 429/481/476 422/474/469 424/476/471
f 426/478/473 428/480/475 430/482/477
f 429/481/476 424/476/471 431/483/478
f 432/484/479 423/475/470 425/477/472
f 432/484/479 425/477/472 433/485/480
f 434/486/481 426/478/473 430/482/477
f 427/479/474 429/481/476 431/483/478
f 434/486/481 430/482/477 435/487/482
f 436/488/483 432/484/479 433/485/480
f 437/489/484 434/486/481 435/487/482
f 427/479/474 431/483/478 428/480/475
f 436/488/483 433/485/480 438/490/485
f 437/489/484 435/487/482 439/491/486
f 440/492/487 436/488/483 438/490/485
f 441/493/488 437/489/484 439/491/486
f 440/492/487 438/490/485 442/494/489
f 403/457/452 440/492/487 442/494/489
f 419/471/466 441/493/488 439/491/486
f 403/457/452 442/494/489 404/458/453
f 419/471/466 439/491/486 420/472/467
f 446/495/490 452/496/491 447/497/492
f 448/498/493 416/499/494 417/500/495
f 449/501/496 444/502/497 445/503/498
f 449/501/496 445/503/498 450/504/499
f 446/495/490 451/505/500 452/496/491
f 457/506/501 453/507/502 454/508/503
f 455/509/504 456/510/505 458/511/506
f 416/499/494 455/509/504 458/511/506
f 457/506/501 454/508/503 459/512/507
f 416/499/494 458/511/506 417/500/495
f 463/513/508 460/44/44 443/43/43
f 466/514/509 463/513/508 443/43/43
f 467/515/510 465/516/511 443/43/43
f 467/515/510 443/43/43 462/46/46
f 468/517/512 461/45/45 460/44/44
f 470/518/513 469/519/514 462/46/46
f 470/518/513 462/46/46 461/45/45
f 464/520/515 470/518/513 461/45/45
f 473/521/81 474/522/82 475/523/516
f 473/521/81 475/523/516 476/524/517
f 477/525/518 478/526/519 479/527/520
f 477/525/518 479/527/520 480/528/521
f 481/529/89 482/530/90 483/531/522
f 481/529/89 483/531/522 484/532/523
f 485/533/524 486/534/525 487/535/526
f 488/536/70 489/537/71 490/538/527
f 488/536/70 490/538/527 491/539/528
f 494/540/78 495/541/79 496/542/529
f 494/540/78 496/542/529 497/543/530
f 500/544/86 501/545/87 502/546/531
f 500/544/86 502/546/531 503/547/532
f 504/548/533 505/549/534 506/550/535
f 507/551/536 508/552/68 509/553/537
f 507/551/536 509/553/537 510/554/538
f 513/555/62 514/556/63 515/557/539
f 513/555/62 515/557/539 516/558/540
f 517/559/541 518/560/542 519/561/543
f 520/562/75 521/563/76 522/564/544
f 520/562/75 522/564/544 523/565/545
f 524/566/546 525/567/547 526/568/548
f 527/569/83 528/570/84 529/571/549
f 527/569/83 529/571/549 530/572/550
f 533/573/91 534/574/92 535/575/551
f 533/573/91 535/575/551 536/576/552
f 537/577/553 538/578/554 539/579/555
f 540/580/64 541/581/65 542/582/556
f 540/580/64 542/582/556 543/583/557
f 544/584/558 485/533/524 545/585/559
f 546/586/72 547/587/73 548/588/560
f 546/586/72 548/588/560 549/589/561
f 550/590/80 473/521/81 476/524/517
f 550/590/80 476/524/517 551/591/562
f 471/592/563 504/548/533 552/593/564
f 471/592/563 552/593/564 472/594/565
f 553/595/88 481/529/89 484/532/523
f 553/595/88 484/532/523 554/596/566
f 486/534/525 519/561/543 487/535/526
f 555/597/69 488/536/70 491/539/528
f 555/597/69 491/539/528 556/598/567
f 498/599/568 557/600/569 558/601/570
f 498/599/568 558/601/570 499/602/571
f 559/603/77 494/540/78 497/543/530
f 559/603/77 497/543/530 560/604/572
f 505/549/534 561/605/573 506/550/535
f 511/606/574 537/577/553 539/579/555
f 511/606/574 539/579/555 512/607/575
f 562/608/66 507/551/536 510/554/538
f 562/608/66 510/554/538 563/609/576
f 566/610/61 513/555/62 516/558/540
f 566/610/61 516/558/540 567/611/577
f 524/566/546 544/584/558 525/567/547
f 568/612/74 520/562/75 523/565/545
f 568/612/74 523/565/545 569/613/578
f 531/614/579 477/525/518 480/528/521
f 531/614/579 480/528/521 532/615/580
f 474/522/82 527/569/83 530/572/550
f 474/522/82 530/572/550 475/523/516
f 570/616/581 471/592/563 472/594/565
f 482/530/90 533/573/91 536/576/552
f 482/530/90 536/576/552 483/531/522
f 485/533/524 487/535/526 545/585/559
f 514/556/63 540/580/64 543/583/557
f 514/556/63 543/583/557 515/557/539
f 478/526/519 498/599/568 499/602/571
f 478/526/519 499/602/571 479/527/520
f 504/548/533 506/550/535 552/593/564
f 495/541/79 550/590/80 551/591/562
f 495/541/79 551/591/562 496/542/529
f 492/617/582 511/606/574 512/607/575
f 492/617/582 512/607/575 493/618/583
f 501/545/87 553/595/88 554/596/566
f 501/545/87 554/596/566 502/546/531
f 486/534/525 517/559/541 519/561/543
f 508/552/68 555/597/69 556/598/567
f 508/552/68 556/598/567 509/553/537
f 521/563/76 559/603/77 560/604/572
f 521/563/76 560/604/572 522/564/544
f 571/619/584 531/614/579 532/615/580
f 528/570/84 572/620/85 573/621/585
f 528/570/84 573/621/585 529/571/549
f 574/622/586 575/623/587 598/624/588
f 574/622/586 598/624/588 576/625/589
f 534/574/92 566/610/61 567/611/577
f 534/574/92 567/611/577 535/575/551
f 564/626/590 492/617/582 493/618/583
f 564/626/590 493/618/583 565/627/591
f 547/587/73 568/612/74 569/613/578
f 547/587/73 569/613/578 548/588/560
f 541/581/65 562/608/66 563/609/576
f 541/581/65 563/609/576 542/582/556
f 544/584/558 545/585/559 525/567/547
f 579/628/592 574/622/586 576/625/589
f 582/629/593 579/628/592 576/625/589
f 583/630/594 580/631/595 581/632/596
f 584/633/597 583/630/594 581/632/596
f 584/633/597 581/632/596 585/634/598
f 587/635/599 584/633/597 585/634/598
f 588/636/600 586/637/601 576/625/589
f 589/638/602 588/636/600 576/625/589
f 589/638/602 576/625/589 590/639/603
f 592/640/604 593/641/605 594/642/606
f 596/643/607 592/640/604 594/642/606
f 597/644/608 595/645/609 590/639/603
f 600/646/610 597/644/608 590/639/603
f 600/646/610 590/639/603 594/642/606
f 602/647/611 603/648/612 581/632/596
f 604/649/613 600/646/610 594/642/606
f 605/650/614 601/651/615 598/624/588
f 606/652/616 604/649/613 594/642/606
f 575/623/587 605/650/614 598/624/588
f 607/653/617 608/654/618 594/642/606
f 608/654/618 609/655/619 581/632/596
f 608/654/618 581/632/596 594/642/606
f 610/656/620 585/634/598 581/632/596
f 610/656/620 611/657/621 585/634/598
f 611/657/621 612/658/622 585/634/598
f 612/658/622 598/624/588 585/634/598
f 612/658/622 613/659/623 598/624/588
f 613/659/623 614/660/624 598/624/588
f 614/660/624 615/661/625 576/625/589
f 614/660/624 576/625/589 598/624/588
f 615/661/625 616/662/626 576/625/589
f 616/662/626 617/663/627 576/625/589
f 617/663/627 618/664/628 590/639/603
f 617/663/627 590/639/603 576/625/589
f 618/664/628 619/665/629 590/639/603
f 619/665/629 594/642/606 590/639/603
f 619/665/629 620/666/630 594/642/606
f 620/666/630 607/653/617 594/642/606
f 639/667/631 635/668/632 636/669/633
f 639/667/631 636/669/633 640/670/634
f 641/671/635 637/672/636 638/673/637
f 641/671/635 638/673/637 642/674/638
f 643/675/639 644/676/640 645/677/641
f 646/678/642 643/675/639 645/677/641
f 649/679/643 653/680/644 654/681/645
f 649/679/643 654/681/645 650/682/646
f 647/683/647 648/684/648 655/685/649
f 656/686/650 657/687/651 636/669/633
f 651/688/652 647/683/647 655/685/649
f 577/689/653 658/690/654 659/691/655
f 577/689/653 659/691/655 578/692/656
f 635/668/632 656/686/650 636/669/633
f 577/689/653 660/693/657 658/690/654
f 660/693/657 646/678/642 658/690/654
f 660/693/657 643/675/639 646/678/642
f 647/683/647 661/694/658 648/684/648
f 637/672/636 662/695/659 638/673/637
f 664/696/660 665/697/661 666/698/662
f 664/696/660 666/698/662 667/699/663
f 668/700/664 669/701/665 670/702/666
f 671/703/667 665/697/661 664/696/660
f 654/681/645 672/704/668 673/705/669
f 667/699/663 666/698/662 674/706/670
f 667/699/663 674/706/670 675/707/671
f 668/700/664 670/702/666 677/708/672
f 668/700/664 677/708/672 678/709/673
f 629/55/55 628/54/54 679/710/674
f 629/55/55 679/710/674 663/711/675
f 650/682/646 654/681/645 673/705/669
f 682/712/676 683/713/677 684/714/678
f 682/712/676 684/714/678 685/715/679
f 694/716/680 680/717/681 681/718/682
f 678/709/673 677/708/672 683/713/677
f 678/709/673 683/713/677 682/712/676
f 663/711/675 679/710/674 676/719/683
f 688/720/684 689/721/685 690/722/686
f 691/723/687 688/720/684 690/722/686
f 686/724/688 692/725/689 693/726/690
f 686/724/688 693/726/690 687/727/691
f 694/716/680 681/718/682 695/728/692
f 675/707/671 674/706/670 696/729/693
f 675/707/671 696/729/693 697/730/694
f 700/731/695 701/732/696 702/733/697
f 700/731/695 702/733/697 703/734/698
f 704/735/699 705/736/700 701/732/696
f 704/735/699 701/732/696 700/731/695
f 704/735/699 706/737/701 705/736/700
f 707/738/702 708/739/703 706/737/701
f 707/738/702 706/737/701 704/735/699
f 709/740/704 710/741/705 708/739/703
f 709/740/704 708/739/703 707/738/702
f 709/740/704 711/742/706 710/741/705
f 712/743/707 713/744/708 711/742/706
f 712/743/707 711/742/706 709/740/704
f 712/743/707 714/745/709 713/744/708
f 715/746/710 716/747/711 714/745/709
f 715/746/710 714/745/709 712/743/707
f 717/748/712 718/749/713 716/747/711
f 717/748/712 716/747/711 715/746/710
f 717/748/712 719/750/714 718/749/713
f 720/751/715 721/752/716 719/750/714
f 720/751/715 719/750/714 717/748/712
f 720/751/715 722/753/717 721/752/716
f 723/754/273 724/755/718 722/753/717
f 723/754/273 722/753/717 720/751/715
f 723/754/273 725/756/719 724/755/718
f 726/757/720 727/758/721 725/756/719
f 726/757/720 725/756/719 723/754/273
f 726/757/720 728/759/722 727/758/721
f 729/760/249 730/761/723 728/759/722
f 729/760/249 728/759/722 726/757/720
f 729/760/249 731/762/724 730/761/723
f 732/763/725 733/764/726 731/762/724
f 732/763/725 731/762/724 729/760/249
f 732/763/725 734/765/727 733/764/726
f 735/766/728 736/767/729 734/765/727
f 735/766/728 734/765/727 732/763/725
f 735/766/728 737/768/730 736/767/729
f 738/769/142 739/770/731 737/768/730
f 738/769/142 737/768/730 735/766/728
f 740/771/732 741/772/733 739/770/731
f 740/771/732 739/770/731 738/769/142
f 740/771/732 742/773/734 741/772/733
f 743/774/294 744/775/735 745/776/736
f 743/774/294 745/776/736 746/777/737
f 743/774/294 747/778/738 744/775/735
f 703/734/698 748/779/739 747/778/738
f 703/734/698 747/778/738 743/774/294
f 703/734/698 702/733/697 748/779/739
f 749/780/740 750/781/741 751/782/742
f 758/783/743 772/784/744 752/785/745
f 755/786/746 756/787/747 757/788/748
f 753/789/749 754/790/750 758/783/743
f 698/791/751 699/792/752 759/793/753
f 759/793/753 699/792/752 760/794/754
f 755/786/746 757/788/748 761/795/755
f 762/796/756 763/797/757 764/798/758
f 761/795/755 757/788/748 765/799/759
f 762/796/756 764/798/758 766/800/760
f 761/795/755 765/799/759 767/801/761
f 761/795/755 767/801/761 768/802/762
f 766/800/760 764/798/758 769/803/763
f 758/783/743 754/790/750 772/784/744
f 770/804/764 771/805/765 699/792/752
f 773/806/766 774/807/767 754/790/750
f 773/806/766 754/790/750 753/789/749
f 770/804/764 699/792/752 698/791/751
f 775/808/768 776/809/769 777/810/770
f 778/811/771 779/812/772 780/813/773
f 780/813/773 779/812/772 781/814/774
f 780/813/773 781/814/774 782/815/775
f 783/816/776 784/817/777 785/818/778
f 782/815/775 781/814/774 786/819/779
f 786/819/779 781/814/774 787/820/780
f 785/818/778 784/817/777 788/821/781
f 785/818/778 788/821/781 789/822/782
f 786/819/779 787/820/780 790/823/783
f 789/822/782 788/821/781 791/824/784
f 790/823/783 787/820/780 792/825/785
f 790/823/783 792/825/785 793/826/786
f 794/827/787 795/828/788 796/829/789
f 791/824/784 788/821/781 797/830/790
f 793/826/786 792/825/785 798/831/791
f 794/827/787 796/829/789 799/832/792
f 791/824/784 797/830/790 800/833/793
f 799/832/792 796/829/789 801/834/794
f 800/833/793 797/830/790 795/828/788
f 798/831/791 792/825/785 802/835/795
f 798/831/791 802/835/795 803/836/796
f 799/832/792 801/834/794 804/837/797
f 800/833/793 795/828/788 805/838/798
f 803/836/796 802/835/795 749/780/740
f 804/837/797 801/834/794 778/811/771
f 805/838/798 795/828/788 794/827/787
f 749/780/740 802/835/795 750/781/741
f 778/811/771 801/834/794 779/812/772
f 809/839/799 777/810/770 808/840/800
f 775/808/768 777/810/770 809/839/799
f 806/841/801 807/842/802 810/843/803
f 806/841/801 810/843/803 811/844/804
f 809/839/799 808/840/800 812/845/805
f 813/846/806 814/847/807 815/848/808
f 816/849/809 817/850/810 818/851/811
f 813/846/806 815/848/808 819/852/812
f 819/852/812 815/848/808 820/853/813
f 816/849/809 821/854/814 822/855/815
f 822/855/815 821/854/814 823/856/816
f 824/857/817 826/858/818 825/859/819
f 824/857/817 827/860/820 826/858/818
f 827/860/820 828/861/821 826/858/818
f 827/860/820 829/862/822 830/863/823
f 827/860/820 830/863/823 828/861/821
f 829/862/822 831/864/824 830/863/823
f 829/862/822 832/865/825 831/864/824
f 832/865/825 833/866/826 831/864/824
f 832/865/825 834/867/827 833/866/826
f 834/867/827 835/868/828 833/866/826
f 834/867/827 836/869/829 835/868/828
f 836/869/829 837/870/830 835/868/828
f 836/869/829 838/871/831 839/872/832
f 836/869/829 839/872/832 837/870/830
f 840/873/833 841/874/834 821/854/814
f 840/873/833 821/854/814 818/851/811
f 842/875/835 844/876/836 843/877/837
f 844/876/836 845/878/838 843/877/837
f 500/544/86 503/547/532 573/621/585
f 500/544/86 573/621/585 572/620/85
f 546/586/72 549/589/561 490/538/527
f 546/586/72 490/538/527 489/537/71
f 878/879/839 598/624/588 599/880/840
f 591/881/841 585/634/598 598/624/588
f 591/881/841 598/624/588 878/879/839
f 596/643/607 594/642/606 581/632/596
f 596/643/607 581/632/596 603/648/612
f 610/656/620 581/632/596 609/655/619
f 651/688/652 655/685/649 652/882/842
f 746/777/737 745/776/736 879/883/843
f 740/771/732 746/777/737 879/883/843
f 740/771/732 879/883/843 742/773/734
f 783/816/776 751/782/742 750/781/741
f 783/816/776 750/781/741 784/817/777
f 816/849/809 818/851/811 821/854/814
f 842/875/835 843/877/837 880/884/844
f 842/875/835 880/884/844 881/885/845
f 882/886/846 821/854/814 841/874/834
f 824/857/817 825/859/819 845/878/838
f 824/857/817 845/878/838 844/876/836
f 885/887/847 886/888/848 884/889/849
f 885/887/847 884/889/849 883/890/850
f 891/891/851 892/892/852 893/893/853
f 891/891/851 893/893/853 894/894/854
f 891/891/851 894/894/854 895/895/855
f 891/891/851 895/895/855 896/896/856
f 934/897/857 890/898/858 921/899/859
f 934/897/857 921/899/859 897/900/860
f 899/901/861 901/902/862 902/903/863
f 903/904/864 899/901/861 902/903/863
f 904/905/865 884/889/849 886/888/848
f 905/906/866 900/907/867 899/901/861
f 905/906/866 899/901/861 903/904/864
f 906/908/868 904/905/865 886/888/848
f 905/906/866 907/909/869 900/907/867
f 900/907/867 907/909/869 908/910/870
f 888/911/871 929/912/872 887/913/873
f 909/914/874 883/890/850 910/915/875
f 910/915/875 883/890/850 884/889/849
f 888/911/871 911/916/876 912/917/877
f 914/918/878 885/887/847 883/890/850
f 915/919/879 914/918/878 883/890/850
f 913/920/880 916/921/881 953/922/882
f 917/923/883 918/924/884 919/925/885
f 920/926/886 886/888/848 885/887/847
f 921/899/859 889/927/887 917/923/883
f 922/928/888 920/926/886 885/887/847
f 923/929/889 924/930/890 925/931/891
f 923/929/889 925/931/891 926/932/892
f 931/933/893 932/934/894 933/935/895
f 936/936/896 932/934/894 937/937/897
f 936/936/896 937/937/897 938/938/898
f 939/939/899 940/940/900 917/923/883
f 939/939/899 917/923/883 889/927/887
f 939/939/899 889/927/887 941/941/901
f 939/939/899 941/941/901 942/942/902
f 943/943/903 944/944/904 945/945/905
f 913/920/880 953/922/882 946/946/906
f 913/920/880 946/946/906 935/947/907
f 892/892/852 947/948/908 948/949/909
f 892/892/852 948/949/909 893/893/853
f 917/923/883 949/950/910 918/924/884
f 888/911/871 912/917/877 950/951/911
f 927/952/912 932/934/894 928/953/913
f 951/954/914 937/937/897 932/934/894
f 951/954/914 932/934/894 927/952/912
f 951/954/914 945/945/905 944/944/904
f 951/954/914 944/944/904 937/937/897
f 952/955/915 938/938/898 937/937/897
f 946/946/906 898/956/916 935/947/907
f 954/957/917 933/935/895 932/934/894
f 954/957/917 932/934/894 936/936/896
f 955/958/918 929/912/872 888/911/871
f 955/958/918 888/911/871 956/959/919
f 957/960/920 928/953/913 932/934/894
f 957/960/920 932/934/894 931/933/893
f 958/961/921 923/929/889 926/932/892
f 958/961/921 926/932/892 959/962/922
f 958/961/921 959/962/922 960/963/923
f 959/962/922 961/964/924 960/963/923
f 888/911/871 950/951/911 956/959/919
f 921/899/859 890/898/858 889/927/887
f 917/923/883 962/965/925 949/950/910
f 917/923/883 940/940/900 962/965/925
f 929/912/872 930/966/926 887/913/873
f 926/932/892 925/931/891 963/967/927
f 964/968/928 1026/969/929 969/970/930
f 964/968/928 969/970/930 970/971/931
f 971/972/932 972/973/933 973/974/934
f 974/975/935 975/976/936 976/977/937
f 974/975/935 976/977/937 978/978/938
f 979/979/939 980/980/940 981/981/941
f 976/977/937 977/982/942 982/983/943
f 978/978/938 976/977/937 982/983/943
f 978/978/938 982/983/943 983/984/944
f 981/981/941 980/980/940 984/985/945
f 981/981/941 984/985/945 985/986/946
f 983/984/944 982/983/943 986/987/947
f 983/984/944 986/987/947 987/988/948
f 985/986/946 984/985/945 988/989/949
f 989/990/950 990/991/951 991/992/952
f 989/990/950 991/992/952 992/993/953
f 986/987/947 982/983/943 993/994/954
f 986/987/947 993/994/954 994/995/955
f 995/996/956 996/997/957 997/998/958
f 995/996/956 997/998/958 998/999/959
f 999/1000/960 1000/1001/961 1001/1002/962
f 999/1000/960 1001/1002/962 1002/1003/963
f 1003/1004/964 1004/1005/965 1005/1006/966
f 1003/1004/964 1005/1006/966 1006/1007/967
f 1007/1008/968 1008/1009/969 1009/1010/970
f 1007/1008/968 1009/1010/970 1010/1011/971
f 1011/1012/972 1012/1013/973 1013/1014/974
f 1014/1015/975 1015/1016/976 1016/1017/977
f 1006/1007/967 1005/1006/966 1017/1018/978
f 1006/1007/967 1017/1018/978 1018/1019/979
f 992/993/953 991/992/952 1020/1020/980
f 1014/1015/975 1016/1017/977 1021/1021/981
f 1020/1020/980 991/992/952 1022/1022/982
f 1016/1017/977 1019/1023/983 1023/1024/984
f 1021/1021/981 1016/1017/977 1023/1024/984
f 1021/1021/981 1023/1024/984 1024/1025/985
f 1023/1024/984 1019/1023/983 1025/1026/986
f 1020/1020/980 1022/1022/982 1026/969/929
f 1020/1020/980 1026/969/929 1027/1027/987
f 1023/1024/984 1025/1026/986 1028/1028/988
f 1024/1025/985 1023/1024/984 1028/1028/988
f 1024/1025/985 1028/1028/988 1029/1029/989
f 1028/1028/988 1025/1026/986 1030/1030/990
f 1029/1029/989 1028/1028/988 1031/1031/991
f 1027/1027/987 1026/969/929 964/968/928
f 1031/1031/991 1028/1028/988 1032/1032/992
f 1033/1033/993 1034/1034/994 966/1035/995
f 1033/1033/993 966/1035/995 965/1036/996
f 1035/1037/997 968/1038/998 967/1039/999
f 1036/1040/1000 1037/1041/1001 1038/1042/1002
f 1039/1043/1003 1037/1041/1001 1036/1040/1000
f 1040/1044/1004 1041/1045/1005 1037/1041/1001
f 1040/1044/1004 1037/1041/1001 1039/1043/1003
f 1024/1025/985 1029/1029/989 1042/1046/1006
f 1043/1047/1007 1044/1048/1008 1045/1049/1009
f 1043/1047/1007 1045/1049/1009 1046/1050/1010
f 1043/1047/1007 1047/1051/1011 1044/1048/1008
f 1048/1052/1012 1047/1051/1011 1043/1047/1007
f 1048/1052/1012 1002/1003/963 1047/1051/1011
f 1049/1053/1013 1002/1003/963 1048/1052/1012
f 1049/1053/1013 999/1000/960 1002/1003/963
f 983/984/944 987/988/948 1050/1054/1014
f 1051/1055/1015 1052/1056/1016 1053/1057/1017
f 1051/1055/1015 1053/1057/1017 1054/1058/1018
f 1051/1055/1015 1038/1042/1002 1052/1056/1016
f 1036/1040/1000 1038/1042/1002 1051/1055/1015
f 1055/1059/1019 1056/1060/1020 1057/1061/1021
f 1058/1062/1022 1059/1063/1023 1060/1064/1024
f 1025/1026/986 1019/1023/983 1062/1065/1025
f 982/983/943 977/982/942 1092/1066/1026
f 1056/1060/1020 1063/1067/1027 1057/1061/1021
f 1025/1026/986 1062/1065/1025 1069/1068/1028
f 993/994/954 1070/1069/1029 1071/1070/1030
f 1072/1071/1031 1073/1072/1032 1074/1073/1033
f 1072/1071/1031 1074/1073/1033 1075/1074/1034
f 1019/1023/983 1076/1075/1035 1062/1065/1025
f 1067/1076/1036 1102/1077/1037 1068/1078/1038
f 1058/1062/1022 1077/1079/1039 1078/1080/1040
f 1058/1062/1022 1078/1080/1040 1059/1063/1023
f 1081/1081/1041 1080/1082/1042 1079/1083/1043
f 1082/1084/1044 1080/1082/1042 1081/1081/1041
f 1062/1065/1025 1084/1085/1045 1083/1086/1046
f 1062/1065/1025 1083/1086/1046 1069/1068/1028
f 1087/1087/1047 1088/1088/1048 1086/1089/1049
f 1087/1087/1047 1086/1089/1049 1085/1090/1050
f 1089/1091/1051 1090/1092/1052 1088/1088/1048
f 1089/1091/1051 1088/1088/1048 1087/1087/1047
f 1070/1069/1029 1092/1066/1026 1091/1093/1053
f 1066/1094/1054 1093/1095/1055 1092/1066/1026
f 1079/1083/1043 1080/1082/1042 1094/1096/1056
f 1079/1083/1043 1094/1096/1056 1095/1097/1057
f 977/982/942 1066/1094/1054 1092/1066/1026
f 993/994/954 982/983/943 1070/1069/1029
f 977/982/942 1061/1098/1058 1066/1094/1054
f 982/983/943 1092/1066/1026 1070/1069/1029
f 1102/1077/1037 1103/1099/1059 1068/1078/1038
f 1104/1100/1060 1105/1101/1061 1106/1102/1062
f 1107/1103/1063 1108/1104/1064 1109/1105/1065
f 1081/1081/1041 1110/1106/1066 1111/1107/1067
f 1082/1084/1044 1081/1081/1041 1111/1107/1067
f 1082/1084/1044 1111/1107/1067 1112/1108/1068
f 1025/1026/986 1069/1068/1028 1113/1109/1069
f 1025/1026/986 1113/1109/1069 1114/1110/1070
f 1115/1111/1033 1116/1112/1071 1117/1113/1072
f 1115/1111/1033 1117/1113/1072 1104/1100/1060
f 1120/1114/1073 1113/1109/1069 1119/1115/1074
f 1120/1114/1073 1146/1116/1075 1122/1117/1076
f 1111/1107/1067 1110/1106/1066 1123/1118/1077
f 1111/1107/1067 1123/1118/1077 1124/1119/1078
f 1113/1109/1069 1121/1120/1079 1119/1115/1074
f 1060/1064/1024 1059/1063/1023 1125/1121/1080
f 1060/1064/1024 1125/1121/1080 1126/1122/1081
f 1114/1110/1070 1113/1109/1069 1120/1114/1073
f 1127/1123/1082 1129/1124/1083 1130/1125/1084
f 1127/1123/1082 1130/1125/1084 1128/1126/1085
f 1104/1100/1060 1117/1113/1072 1105/1101/1061
f 1131/1127/1086 1132/1128/1087 1133/1129/1088
f 1131/1127/1086 1133/1129/1088 1134/1130/1089
f 1135/1131/1090 1136/1132/1091 1137/1133/1092
f 1135/1131/1090 1137/1133/1092 1138/1134/1093
f 1139/1135/1094 1140/1136/1095 1141/1137/1096
f 1139/1135/1094 1141/1137/1096 1142/1138/1097
f 1119/1115/1074 1118/1139/1098 1143/1140/1099
f 1106/1102/1062 1105/1101/1061 1144/1141/1100
f 1106/1102/1062 1144/1141/1100 1145/1142/1101
f 1119/1115/1074 1143/1140/1099 1146/1116/1075
f 1120/1114/1073 1119/1115/1074 1146/1116/1075
f 1128/1126/1085 1130/1125/1084 1108/1104/1064
f 1147/1143/1102 1148/1144/1103 1149/1145/1104
f 1147/1143/1102 1149/1145/1104 1150/1146/1105
f 1107/1103/1063 1109/1105/1065 1151/1147/1106
f 1107/1103/1063 1151/1147/1106 1152/1148/1107
f 1154/1149/1108 1157/1150/1109 1158/1151/1110
f 1154/1149/1108 1158/1151/1110 1159/1152/1111
f 1160/1153/1112 1161/1154/1113 1162/1155/1114
f 1160/1153/1112 1162/1155/1114 1163/1156/1115
f 1165/1157/1116 1166/1158/1117 1167/1159/1118
f 1168/1160/1119 1169/1161/1120 1170/1162/1121
f 1168/1160/1119 1170/1162/1121 1171/1163/1122
f 1155/1164/1123 1156/1165/1124 1172/1166/1125
f 1155/1164/1123 1172/1166/1125 1173/1167/1126
f 1167/1159/1118 1170/1162/1121 1169/1161/1120
f 1174/1168/1127 1159/1152/1111 1164/1169/1128
f 1175/1170/1129 1154/1149/1108 1159/1152/1111
f 1175/1170/1129 1159/1152/1111 1174/1168/1127
f 1176/1171/1130 1153/1172/1131 1154/1149/1108
f 1176/1171/1130 1154/1149/1108 1175/1170/1129
f 1173/1167/1126 1172/1166/1125 1177/1173/1132
f 1173/1167/1126 1177/1173/1132 1178/1174/1133
f 1181/1175/1134 1182/1176/1135 1183/1177/1136
f 1181/1175/1134 1183/1177/1136 1184/1178/1137
f 1167/1159/1118 1169/1161/1120 1185/1179/1138
f 1167/1159/1118 1185/1179/1138 1186/1180/1139
f 1179/1181/1140 1180/1182/1141 1187/1183/1142
f 1179/1181/1140 1187/1183/1142 1188/1184/1143
f 1189/1185/1144 1190/1186/1145 1191/1187/1146
f 1189/1185/1144 1191/1187/1146 1192/1188/1147
f 1193/1189/1148 1186/1180/1139 1185/1179/1138
f 1193/1189/1148 1185/1179/1138 1194/1190/1149
f 1195/1191/1150 1196/1192/1151 1197/1193/1152
f 1198/1194/1153 1199/1195/1154 1209/1196/1155
f 1196/1192/1151 1195/1191/1150 1201/1197/1156
f 1196/1192/1151 1201/1197/1156 1203/1198/1157
f 1197/1193/1152 1196/1192/1151 1202/1199/1158
f 1199/1195/1154 1208/1200/1159 1209/1196/1155
f 1210/1201/1160 1211/1202/1161 1218/1203/1162
f 1212/1204/1163 1213/1205/1164 1209/1196/1155
f 1212/1204/1163 1209/1196/1155 1208/1200/1159
f 1215/1206/1165 1207/1207/1166 1206/1208/1167
f 1215/1206/1165 1206/1208/1167 1216/1209/1168
f 1215/1206/1165 1216/1209/1168 1217/1210/1169
f 1214/1211/1170 1218/1203/1162 1211/1202/1161
f 1217/1210/1169 1216/1209/1168 1219/1212/1171
f 1213/1205/1164 1220/1213/1172 1221/1214/1173
f 1213/1205/1164 1221/1214/1173 1209/1196/1155
f 1224/1215/1174 1219/1212/1171 1216/1209/1168
f 1225/1216/1175 1226/1217/1176 1223/1218/1177
f 1227/1219/1178 1224/1215/1174 1216/1209/1168
f 1225/1216/1175 1229/1220/1179 1226/1217/1176
f 1226/1217/1176 1222/1221/1180 1223/1218/1177
f 1232/1222/1181 1234/1223/1182 1235/1224/1183
f 1236/1225/1184 1232/1222/1181 1235/1224/1183
f 1236/1225/1184 1235/1224/1183 1237/1226/1185
f 1239/1227/1186 1240/1228/1187 1232/1222/1181
f 1239/1227/1186 1232/1222/1181 1236/1225/1184
f 1241/1229/1188 1238/1230/1189 1228/1231/1190
f 1241/1229/1188 1205/1232/1191 1242/1233/1192
f 1241/1229/1188 1242/1233/1192 1243/1234/1193
f 1244/1235/1194 1245/1236/1195 1246/1237/1196
f 1244/1235/1194 1246/1237/1196 1200/1238/1197
f 1244/1235/1194 1231/1239/1198 1233/1240/1199
f 1231/1239/1198 1209/1196/1155 1221/1214/1173
f 1231/1239/1198 1221/1214/1173 1230/1241/1200
f 1244/1235/1194 1209/1196/1155 1231/1239/1198
f 1244/1235/1194 1200/1238/1197 1198/1194/1153
f 1244/1235/1194 1198/1194/1153 1209/1196/1155
f 1241/1229/1188 1216/1209/1168 1206/1208/1167
f 1241/1229/1188 1206/1208/1167 1204/1242/1201
f 1241/1229/1188 1204/1242/1201 1205/1232/1191
f 1228/1231/1190 1216/1209/1168 1241/1229/1188
f 1228/1231/1190 1227/1219/1178 1216/1209/1168
f 1247/1243/1202 1248/1244/1203 1249/1245/1204
f 1250/1246/1205 1251/1247/1206 1252/1248/1207
f 1250/1246/1205 1252/1248/1207 1283/1249/1208
f 1250/1246/1205 1283/1249/1208 1253/1250/1209
f 1249/1245/1204 1248/1244/1203 1256/1251/1210
f 1249/1245/1204 1256/1251/1210 1257/1252/1211
f 1259/1253/1212 1263/1254/1213 1260/1255/1214
f 1259/1253/1212 1260/1255/1214 1261/1256/1215
f 1262/1257/1216 1272/1258/1217 1251/1247/1206
f 1264/1259/1218 1255/1260/1219 1265/1261/1220
f 996/997/957 1266/1262/1221 1267/1263/1222
f 1268/1264/1223 997/998/958 1269/1265/1224
f 1261/1256/1215 1260/1255/1214 1270/1266/1225
f 1275/1267/1226 1272/1258/1217 1271/1268/1227
f 1273/1269/1228 1276/1270/1229 1277/1271/1230
f 1273/1269/1228 1277/1271/1230 1274/1272/1231
f 1282/1273/1232 1273/1269/1228 1278/1274/1233
f 1280/1275/1234 1281/1276/1235 1283/1249/1208
f 1280/1275/1234 1283/1249/1208 1285/1277/1236
f 1280/1275/1234 1285/1277/1236 1275/1267/1226
f 1283/1249/1208 1284/1278/1237 1285/1277/1236
f 1283/1249/1208 1252/1248/1207 1284/1278/1237
f 1294/1279/1238 1251/1247/1206 1272/1258/1217
f 1275/1267/1226 1295/1280/1239 1294/1279/1238
f 1275/1267/1226 1294/1279/1238 1272/1258/1217
f 1296/1281/1240 1297/1282/1241 1298/1283/1242
f 1299/1284/1243 1300/1285/1244 1301/1286/1245
f 1299/1284/1243 1301/1286/1245 1302/1287/1246
f 1303/1288/1247 1304/1289/1248 1305/1290/1249
f 1300/1285/1244 1306/1291/1250 1307/1292/1251
f 1300/1285/1244 1307/1292/1251 1301/1286/1245
f 997/998/958 996/997/957 1267/1263/1222
f 1265/1261/1220 997/998/958 1267/1263/1222
f 1254/1293/1252 997/998/958 1265/1261/1220
f 1279/1294/1253 997/998/958 1254/1293/1252
f 1308/1295/1254 1332/1296/1255 1309/1297/1256
f 1310/1298/8 1311/1299/1257 1312/1300/1258
f 1310/1298/8 1312/1300/1258 1313/1301/1259
f 1314/1302/1260 1315/1303/1261 1316/1304/1262
f 1319/1305/1263 1314/1302/1260 1316/1304/1262
f 1314/1302/1260 1317/1306/1264 1318/1307/1265
f 1314/1302/1260 1318/1307/1265 1315/1303/1261
f 1308/1295/1254 1309/1297/1256 1320/1308/1266
f 1321/1309/1267 1322/1310/1268 1323/1311/1269
f 1324/1312/1270 1308/1295/1254 1320/1308/1266
f 1327/1313/1271 1321/1309/1267 1323/1311/1269
f 1325/1314/1272 1326/1315/1273 1328/1316/1274
f 1327/1313/1271 1323/1311/1269 1329/1317/1275
f 1330/1318/1276 1325/1314/1272 1328/1316/1274
f 1331/1319/1277 1327/1313/1271 1329/1317/1275
f 1332/1296/1255 1333/1320/1278 1334/1321/1279
f 1330/1318/1276 1328/1316/1274 1335/1322/1280
f 1336/1323/1281 1330/1318/1276 1335/1322/1280
f 1336/1323/1281 1335/1322/1280 1337/1324/1282
f 1332/1296/1255 1334/1321/1279 1309/1297/1256
f 1338/1325/1283 1339/1326/1284 1340/1327/1285
f 1341/1328/1286 1342/1329/1287 1343/1330/1288
f 1341/1328/1286 1343/1330/1288 1344/1331/1289
f 1345/1332/1290 1310/1298/8 1313/1301/1259
f 1345/1332/1290 1313/1301/1259 1346/1333/1291
f 1347/1334/1292 1341/1328/1286 1344/1331/1289
f 1347/1334/1292 1344/1331/1289 1348/1335/1293
f 1349/1336/1294 1345/1332/1290 1346/1333/1291
f 1349/1336/1294 1346/1333/1291 1350/1337/1295
f 1351/1338/13 1347/1334/1292 1348/1335/1293
f 1351/1338/13 1348/1335/1293 1352/1339/1296
f 1353/1340/1297 1349/1336/1294 1350/1337/1295
f 1353/1340/1297 1350/1337/1295 1354/1341/1298
f 1355/1342/1299 1351/1338/13 1352/1339/1296
f 1355/1342/1299 1352/1339/1296 1356/1343/1300
f 1357/1344/1301 1353/1340/1297 1354/1341/1298
f 1357/1344/1301 1354/1341/1298 1358/1345/1302
f 1359/1346/1303 1355/1342/1299 1356/1343/1300
f 1359/1346/1303 1356/1343/1300 1360/1347/1304
f 1361/1348/1305 1357/1344/1301 1358/1345/1302
f 1361/1348/1305 1358/1345/1302 1362/1349/1306
f 1363/1350/1307 1359/1346/1303 1360/1347/1304
f 1363/1350/1307 1360/1347/1304 1364/1351/1308
f 1365/1352/1309 1363/1350/1307 1364/1351/1308
f 1365/1352/1309 1364/1351/1308 1366/1353/1310
f 1367/1354/1311 1368/1355/1312 1369/1356/1313
f 1367/1354/1311 1369/1356/1313 1370/1357/1314
f 1371/1358/1315 1365/1352/1309 1366/1353/1310
f 1371/1358/1315 1366/1353/1310 1372/1359/1316
f 1373/1360/1317 1367/1354/1311 1370/1357/1314
f 1373/1360/1317 1370/1357/1314 1374/1361/1318
f 1375/1362/1319 1371/1358/1315 1372/1359/1316
f 1375/1362/1319 1372/1359/1316 1376/1363/1320
f 1377/1364/1321 1378/1365/144 1379/1366/1322
f 1377/1364/1321 1379/1366/1322 1380/1367/1323
f 1381/1368/1324 1375/1362/1319 1376/1363/1320
f 1381/1368/1324 1376/1363/1320 1382/1369/1325
f 1383/1370/1326 1377/1364/1321 1380/1367/1323
f 1383/1370/1326 1380/1367/1323 1384/1371/1327
f 1385/1372/131 1381/1368/1324 1382/1369/1325
f 1385/1372/131 1382/1369/1325 1386/1373/1328
f 1387/1374/1329 1383/1370/1326 1384/1371/1327
f 1387/1374/1329 1384/1371/1327 1388/1375/1330
f 1389/1376/1331 1390/1377/1332 1391/1378/1333
f 1389/1376/1331 1391/1378/1333 1392/1379/1334
f 1393/1380/1335 1385/1372/131 1386/1373/1328
f 1393/1380/1335 1386/1373/1328 1394/1381/1336
f 1395/1382/1337 1387/1374/1329 1388/1375/1330
f 1395/1382/1337 1388/1375/1330 1396/1383/1338
f 1397/1384/1339 1389/1376/1331 1392/1379/1334
f 1397/1384/1339 1392/1379/1334 1398/1385/1340
f 1311/1299/1257 1393/1380/1335 1394/1381/1336
f 1311/1299/1257 1394/1381/1336 1312/1300/1258
f 1342/1329/1287 1395/1382/1337 1396/1383/1338
f 1342/1329/1287 1396/1383/1338 1343/1330/1288
f 1338/1325/1283 1340/1327/1285 1401/1386/1341
f 1402/1387/1342 1399/1388/1343 1400/1389/1344
f 1402/1387/1342 1400/1389/1344 1403/1390/1345
f 1404/1391/1346 1338/1325/1283 1401/1386/1341
f 1405/1392/1347 1402/1387/1342 1403/1390/1345
f 1405/1392/1347 1403/1390/1345 1406/1393/1348
f 1408/1394/1349 1409/1395/1350 1410/1396/1351
f 1411/1397/1352 1404/1391/1346 1407/1398/1353
f 1411/1397/1352 1407/1398/1353 1412/1399/1354
f 1408/1394/1349 1410/1396/1351 1413/1400/1355
f 1414/1401/1356 1415/1402/1357 1416/1403/1358
f 1417/1404/1359 1408/1394/1349 1413/1400/1355
f 1417/1404/1359 1413/1400/1355 1418/1405/1360
f 1419/1406/1361 1414/1401/1356 1416/1403/1358
f 1419/1406/1361 1416/1403/1358 1420/1407/1362
f 1421/1408/1363 1422/1409/1364 1423/1410/1365
f 1421/1408/1363 1423/1410/1365 1415/1402/1357
f 1424/1411/1366 1417/1404/1359 1418/1405/1360
f 1424/1411/1366 1418/1405/1360 1425/1412/1367
f 1426/1413/1368 1419/1406/1361 1420/1407/1362
f 1426/1413/1368 1420/1407/1362 1427/1414/1369
f 1428/1415/1370 1429/1416/1371 1430/1417/1372
f 1428/1415/1370 1430/1417/1372 1431/1418/1373
f 1432/1419/1374 1424/1411/1366 1425/1412/1367
f 1432/1419/1374 1425/1412/1367 1433/1420/1375
f 1339/1326/1284 1434/1421/1376 1340/1327/1285
f 1399/1388/1343 1428/1415/1370 1431/1418/1373
f 1399/1388/1343 1431/1418/1373 1400/1389/1344
f 1436/1422/1377 1437/1423/1378 1461/1424/1379
f 1436/1422/1377 1461/1424/1379 1438/93/93
f 1444/1425/1380 1442/1426/1381 1438/93/93
f 1445/1427/1382 1443/1428/1383 1435/95/95
f 1445/1427/1382 1435/95/95 1446/1429/1384
f 1454/94/94 1451/1430/1385 1446/1429/1384
f 1455/1431/1386 1453/1432/1387 1449/1433/1388
f 1457/1434/1389 1455/1431/1386 1449/1433/1388
f 1457/1434/1389 1449/1433/1388 1458/1435/1390
f 1459/1436/1391 1456/1437/1392 1454/94/94
f 1460/1438/1393 1459/1436/1391 1454/94/94
f 1460/1438/1393 1454/94/94 1461/1424/1379
f 1463/1439/1394 1460/1438/1393 1461/1424/1379
f 1447/1440/1395 1439/1441/1396 1464/96/96
f 1447/1440/1395 1464/96/96 1435/95/95
f 1449/1433/1388 1438/93/93 1464/96/96
f 1454/94/94 1446/1429/1384 1435/95/95
f 1458/1435/1390 1449/1433/1388 1464/96/96
f 1461/1424/1379 1454/94/94 1438/93/93
f 1142/1138/1097 1141/1137/1096 1466/1442/1397
f 1132/1128/1087 1469/1443/1398 1470/1444/1399
f 1132/1128/1087 1470/1444/1399 1133/1129/1088
f 1471/1445/1400 1470/1444/1399 1472/1446/1401
f 1471/1445/1400 1472/1446/1401 1473/1447/1402
f 1146/1116/1075 1465/1448/1403 1474/1449/1404
f 1146/1116/1075 1474/1449/1404 1479/1450/1405
f 1466/1442/1397 1475/1451/1406 1476/1452/1407
f 1133/1129/1088 1470/1444/1399 1471/1445/1400
f 1477/1453/1408 1467/1454/1409 1468/1455/1410
f 1477/1453/1408 1468/1455/1410 1478/1456/1411
f 1480/1457/1412 1481/1458/1413 1482/1459/1414
f 1480/1457/1412 1482/1459/1414 1483/1460/1415
f 1484/1461/1416 1473/1447/1402 1485/1462/1417
f 1484/1461/1416 1471/1445/1400 1473/1447/1402
f 1486/1463/1418 1254/1293/1252 1487/1464/1419
f 1488/1465/1420 1279/1294/1253 1254/1293/1252
f 1488/1465/1420 1254/1293/1252 1489/1466/1421
f 1488/1465/1420 1490/1467/1422 1279/1294/1253
f 1491/1468/1423 1279/1294/1253 1490/1467/1422
f 1491/1468/1423 1269/1265/1224 1279/1294/1253
f 1268/1264/1223 1269/1265/1224 1492/1469/1424
f 1493/1470/1425 1266/1262/1221 996/997/957
f 1264/1259/1218 1494/1471/1426 1255/1260/1219
f 1495/1472/1427 1254/1293/1252 1255/1260/1219
f 1495/1472/1427 1487/1464/1419 1254/1293/1252
f 1488/1465/1420 1509/1473/1428 1497/1474/1429
f 1281/1276/1235 1498/1475/1430 1496/1476/1431
f 1486/1463/1418 1487/1464/1419 1499/1477/1432
f 1250/1246/1205 1253/1250/1209 1289/1478/1433
f 1500/1479/1434 1501/1480/1435 1502/1481/1436
f 1500/1479/1434 1502/1481/1436 1503/1482/1437
f 1253/1250/1209 1293/1483/1438 1288/1484/1439
f 1280/1275/1234 1504/1485/1440 1498/1475/1430
f 1280/1275/1234 1498/1475/1430 1281/1276/1235
f 1505/1486/1441 1506/1487/1442 1507/1488/1443
f 1505/1486/1441 1507/1488/1443 1508/1489/1444
f 1509/1473/1428 1510/1490/1445 1499/1477/1432
f 1512/1491/1446 1511/1492/1447 1289/1478/1433
f 1512/1491/1446 1289/1478/1433 1496/1476/1431
f 1509/1473/1428 1499/1477/1432 1497/1474/1429
f 1496/1476/1431 1289/1478/1433 1513/1493/1448
f 1289/1478/1433 1288/1484/1439 1513/1493/1448
f 1514/1494/1449 1291/1495/1450 1515/1496/1451
f 1291/1495/1450 1292/1497/1452 1515/1496/1451
f 1497/1474/1429 1499/1477/1432 1516/1498/1453
f 1497/1474/1429 1516/1498/1453 1517/1499/1454
f 1518/1500/1455 1250/1246/1205 1519/1501/1456
f 1519/1501/1456 1250/1246/1205 1289/1478/1433
f 1278/1274/1233 1273/1269/1228 1274/1272/1231
f 1522/1502/1457 1248/1244/1203 1247/1243/1202
f 1523/1503/1458 1524/1504/1459 1525/1505/1460
f 1523/1503/1458 1526/1506/1461 1524/1504/1459
f 1527/1507/1462 1528/1508/1463 1525/1505/1460
f 1527/1507/1462 1525/1505/1460 1524/1504/1459
f 1529/1509/1464 1296/1281/1240 1298/1283/1242
f 1530/1510/1465 1531/1511/1466 1532/1512/1467
f 1533/1513/1468 1534/1514/1469 1535/1515/1470
f 1533/1513/1468 1535/1515/1470 1536/1516/1471
f 1303/1288/1247 1537/1517/1472 1295/1280/1239
f 1303/1288/1247 1295/1280/1239 1525/1505/1460
f 1537/1517/1472 1304/1289/1248 1295/1280/1239
f 1304/1289/1248 1294/1279/1238 1295/1280/1239
f 1304/1289/1248 1303/1288/1247 1525/1505/1460
f 1304/1289/1248 1525/1505/1460 1528/1508/1463
f 1304/1289/1248 1528/1508/1463 1294/1279/1238
f 1303/1288/1247 1305/1290/1249 1542/1518/1473
f 1539/1519/1474 1530/1510/1465 1532/1512/1467
f 1537/1517/1472 1303/1288/1247 1540/1520/1475
f 1540/1520/1475 1303/1288/1247 1542/1518/1473
f 1305/1290/1249 1541/1521/1476 1542/1518/1473
f 1532/1512/1467 1531/1511/1466 1543/1522/1477
f 1532/1512/1467 1543/1522/1477 1538/1523/1478
f 1546/1524/1479 1550/1525/1480 1551/1526/1481
f 1546/1524/1479 1551/1526/1481 1547/1527/1482
f 1552/1528/1483 1553/1529/1484 1554/1530/1485
f 1552/1528/1483 1556/1531/1486 1553/1529/1484
f 1544/1532/1487 1557/1533/1488 1558/1534/1489
f 1544/1532/1487 1558/1534/1489 1545/1535/1490
f 1559/1536/1491 1560/1537/1492 1561/1538/1493
f 1553/1529/1484 1562/1539/1494 1555/1540/1495
f 1556/1531/1486 1563/1541/1496 1562/1539/1494
f 1556/1531/1486 1562/1539/1494 1553/1529/1484
f 1560/1537/1492 1564/1542/1497 1561/1538/1493
f 1560/1537/1492 1565/1543/1498 1564/1542/1497
f 1563/1541/1496 1567/1544/1499 1566/1545/1500
f 1563/1541/1496 1566/1545/1500 1562/1539/1494
f 1566/1545/1500 1570/1546/1501 1571/1547/1502
f 1566/1545/1500 1571/1547/1502 1562/1539/1494
f 1572/1548/1503 1566/1545/1500 1567/1544/1499
f 1572/1548/1503 1567/1544/1499 1573/1549/1504
f 1568/1550/1505 1576/1551/1506 1577/1552/1507
f 1568/1550/1505 1577/1552/1507 1569/1553/1508
f 1578/1554/1509 1579/1555/1510 1580/1556/1511
f 1578/1554/1509 1580/1556/1511 1581/1557/1512
f 1582/1558/1513 1583/1559/1514 1584/1560/1515
f 1582/1558/1513 1584/1560/1515 1585/1561/1516
f 1586/1562/1517 1587/1563/1518 1588/1564/1519
f 1589/1565/1520 1590/1566/1521 1591/1567/1522
f 1579/1555/1510 1592/1568/1523 1593/1569/1524
f 1579/1555/1510 1593/1569/1524 1580/1556/1511
f 1576/1551/1506 1594/1570/1525 1595/1571/1526
f 1576/1551/1506 1595/1571/1526 1577/1552/1507
f 1589/1565/1520 1597/1572/1527 1590/1566/1521
f 1598/1573/1528 1599/1574/1529 1600/1575/1530
f 1590/1566/1521 1601/1576/1531 1596/1577/1532
f 1597/1572/1527 1602/1578/1533 1601/1576/1531
f 1597/1572/1527 1601/1576/1531 1590/1566/1521
f 1601/1576/1531 1603/1579/1534 1596/1577/1532
f 1599/1574/1529 1604/1580/1535 1605/1581/1536
f 1599/1574/1529 1605/1581/1536 1600/1575/1530
f 1601/1576/1531 1606/1582/1537 1603/1579/1534
f 1602/1578/1533 1607/1583/1538 1606/1582/1537
f 1602/1578/1533 1606/1582/1537 1601/1576/1531
f 1606/1582/1537 1610/1584/1539 1603/1579/1534
f 1608/1585/1540 1544/1532/1487 1545/1535/1490
f 1608/1585/1540 1545/1535/1490 1609/1586/1541
f 1607/1583/1538 1611/1587/1542 1606/1582/1537
f 1611/1587/1542 1612/1588/1543 1606/1582/1537
f 1613/1589/1544 1546/1524/1479 1547/1527/1482
f 1613/1589/1544 1547/1527/1482 1614/1590/1545
f 1615/1591/1546 1548/1592/1547 1549/1593/1548
f 1616/1594/1549 1617/1595/1550 1618/1596/1551
f 1619/1597/1552 1616/1594/1549 1618/1596/1551
f 1619/1597/1552 1618/1596/1551 1620/1598/1553
f 1619/1597/1552 1620/1598/1553 1621/1599/1554
f 1602/1578/1533 1622/1600/1555 1607/1583/1538
f 1623/1601/1556 1602/1578/1533 1597/1572/1527
f 1624/1602/1557 1625/1603/1558 1626/1604/1559
f 1627/1605/1560 1624/1602/1557 1626/1604/1559
f 1627/1605/1560 1626/1604/1559 1628/1606/1561
f 1629/1607/1562 1627/1605/1560 1628/1606/1561
f 1629/1607/1562 1628/1606/1561 1630/1608/1563
f 1629/1607/1562 1630/1608/1563 1631/1609/1564
f 1632/1610/1565 1629/1607/1562 1631/1609/1564
f 1634/1611/1566 1633/1612/1567 1567/1544/1499
f 1563/1541/1496 1634/1611/1566 1567/1544/1499
f 1635/1613/1568 1563/1541/1496 1556/1531/1486
f 1636/1614/1569 1637/1615/1570 1638/1616/1571
f 1636/1614/1569 1638/1616/1571 1617/1595/1550
f 1616/1594/1549 1636/1614/1569 1617/1595/1550
f 1639/1617/1572 1640/1618/1573 1641/1619/1574
f 1642/1620/1575 1643/1621/1576 1644/1622/1577
f 1603/1579/1534 1646/1623/1578 1596/1577/1532
f 1562/1539/1494 1676/1624/1579 1555/1540/1495
f 1641/1619/1574 1640/1618/1573 1647/1625/1580
f 1603/1579/1534 1654/1626/1581 1646/1623/1578
f 1571/1547/1502 1655/1627/1582 1656/1628/1583
f 1657/1629/1584 1658/1630/1585 1659/1631/1586
f 1657/1629/1584 1659/1631/1586 1660/1632/1587
f 1596/1577/1532 1650/1633/1588 1661/1634/1589
f 1652/1635/1590 1653/1636/1591 1687/1637/1592
f 1642/1620/1575 1644/1622/1577 1662/1638/1593
f 1642/1620/1575 1662/1638/1593 1663/1639/1594
f 1665/1640/1595 1664/1641/1596 1680/1642/1597
f 1666/1643/1598 1665/1640/1595 1680/1642/1597
f 1646/1623/1578 1654/1626/1581 1667/1644/1599
f 1650/1633/1588 1646/1623/1578 1668/1645/1600
f 1669/1646/1601 1670/1647/1602 1671/1648/1603
f 1669/1646/1601 1671/1648/1603 1672/1649/1604
f 1673/1650/1605 1669/1646/1601 1672/1649/1604
f 1673/1650/1605 1672/1649/1604 1674/1651/1606
f 1656/1628/1583 1675/1652/1607 1676/1624/1579
f 1651/1653/1608 1676/1624/1579 1677/1654/1609
f 1664/1641/1596 1678/1655/1610 1679/1656/1611
f 1664/1641/1596 1679/1656/1611 1680/1642/1597
f 1555/1540/1495 1651/1653/1608 1645/1657/1612
f 1555/1540/1495 1676/1624/1579 1651/1653/1608
f 1571/1547/1502 1656/1628/1583 1562/1539/1494
f 1562/1539/1494 1656/1628/1583 1676/1624/1579
f 1687/1637/1592 1653/1636/1591 1688/1658/1613
f 1596/1577/1532 1646/1623/1578 1650/1633/1588
f 1689/1659/1614 1690/1660/1615 1691/1661/1616
f 1665/1640/1595 1692/1662/1617 1693/1663/1618
f 1666/1643/1598 1692/1662/1617 1665/1640/1595
f 1666/1643/1598 1694/1664/1619 1692/1662/1617
f 1603/1579/1534 1695/1665/1620 1696/1666/1621
f 1603/1579/1534 1696/1666/1621 1654/1626/1581
f 1697/1667/1586 1689/1659/1614 1698/1668/1622
f 1697/1667/1586 1698/1668/1622 1699/1669/1587
f 1702/1670/1623 1701/1671/1624 1696/1666/1621
f 1692/1662/1617 1704/1672/1625 1705/1673/1626
f 1692/1662/1617 1705/1673/1626 1693/1663/1618
f 1696/1666/1621 1701/1671/1624 1703/1674/1627
f 1643/1621/1576 1706/1675/1628 1707/1676/1629
f 1643/1621/1576 1707/1676/1629 1644/1622/1577
f 1695/1665/1620 1702/1670/1623 1696/1666/1621
f 1708/1677/1630 1709/1678/1631 1710/1679/1632
f 1708/1677/1630 1710/1679/1632 1711/1680/1633
f 1689/1659/1614 1691/1661/1616 1698/1668/1622
f 1712/1681/1634 1713/1682/1635 1714/1683/1636
f 1715/1684/1637 1716/1685/1638 1717/1686/1639
f 1715/1684/1637 1717/1686/1639 1718/1687/1640
f 1713/1682/1635 1719/1688/1641 1720/1689/1642
f 1721/1690/1643 1722/1691/1644 1723/1692/1645
f 1721/1690/1643 1723/1692/1645 1724/1693/1646
f 1701/1671/1624 1122/1117/1076 1725/1694/1647
f 1701/1671/1624 1725/1694/1647 1700/1695/1648
f 1709/1678/1631 1109/1105/1065 1108/1104/1064
f 1690/1660/1615 1726/1696/1649 1727/1697/1650
f 1690/1660/1615 1727/1697/1650 1691/1661/1616
f 1702/1670/1623 1120/1114/1073 1122/1117/1076
f 1702/1670/1623 1122/1117/1076 1701/1671/1624
f 1709/1678/1631 1108/1104/1064 1130/1125/1084
f 1709/1678/1631 1130/1125/1084 1710/1679/1632
f 1728/1698/1651 1729/1282/1652 1730/1699/1653
f 1728/1698/1651 1730/1699/1653 1731/1700/1654
f 1732/1701/1655 1733/1702/1656 1734/1703/1657
f 1712/1681/1634 1732/1701/1655 1734/1703/1657
f 1712/1681/1634 1734/1703/1657 1713/1682/1635
f 1175/1170/1129 1737/1704/1658 1738/1705/1659
f 1175/1170/1129 1738/1705/1659 1739/1706/1660
f 1740/1707/1661 1741/1708/1662 1162/1155/1114
f 1740/1707/1661 1162/1155/1114 1161/1154/1113
f 1743/1709/1663 1167/1159/1118 1166/1158/1117
f 1744/1710/1664 1171/1163/1122 1170/1162/1121
f 1732/1701/1655 1745/1711/1665 1746/1712/1666
f 1732/1701/1655 1746/1712/1666 1733/1702/1656
f 1735/1713/1667 1747/1714/1668 1748/1715/1669
f 1735/1713/1667 1748/1715/1669 1736/1716/1670
f 1743/1709/1663 1170/1162/1121 1167/1159/1118
f 1743/1709/1663 1749/1717/1671 1170/1162/1121
f 1174/1168/1127 1742/1718/1672 1737/1704/1658
f 1175/1170/1129 1174/1168/1127 1737/1704/1658
f 1750/1719/1673 1751/1720/1674 1151/1147/1106
f 1750/1719/1673 1151/1147/1106 1109/1105/1065
f 1747/1714/1668 1753/1721/1675 1754/1722/1676
f 1747/1714/1668 1754/1722/1676 1748/1715/1669
f 1757/1177/1677 1758/1723/1678 1759/1724/1679
f 1757/1177/1677 1759/1724/1679 1760/1725/1680
f 1749/1717/1671 1761/1726/1681 1762/1727/1682
f 1749/1717/1671 1762/1727/1682 1170/1162/1121
f 1755/1728/1683 1763/1729/1684 1764/1730/1685
f 1755/1728/1683 1764/1730/1685 1756/1731/1686
f 1765/1732/1687 1766/1733/1688 1767/1734/1689
f 1765/1732/1687 1767/1734/1689 1768/1735/1690
f 1769/1736/1691 1770/1737/1692 1762/1727/1682
f 1769/1736/1691 1762/1727/1682 1761/1726/1681
f 1361/1348/1305 1362/1349/1306 1369/1356/1313
f 1361/1348/1305 1369/1356/1313 1368/1355/1312
f 1397/1384/1339 1398/1385/1340 1379/1366/1322
f 1397/1384/1339 1379/1366/1322 1378/1365/144
f 1772/1738/275 1773/1739/1693 1391/1378/1333
f 1772/1738/275 1391/1378/1333 1390/1377/1332
f 1373/1360/1317 1374/1361/1318 1773/1739/1693
f 1373/1360/1317 1773/1739/1693 1772/1738/275
f 1421/1408/1363 1415/1402/1357 1414/1401/1356
f 1411/1397/1352 1412/1399/1354 1774/1740/1694
f 1411/1397/1352 1774/1740/1694 1775/1741/1695
f 1404/1391/1346 1401/1386/1341 1407/1398/1353
f 1452/1742/1696 1447/1440/1395 1435/95/95
f 1444/1425/1380 1438/93/93 1449/1433/1388
f 1444/1425/1380 1449/1433/1388 1450/1743/1697
f 1776/1744/1698 1439/1441/1396 1447/1440/1395
f 1776/1744/1698 1447/1440/1395 1448/1745/1699
f 1441/1746/1700 1439/1441/1396 1776/1744/1698
f 1464/96/96 1439/1441/1396 1440/1747/1701
f 1462/1748/1702 1458/1435/1390 1464/96/96
f 1462/1748/1702 1464/96/96 1777/1749/1703
f 1146/1116/1075 1778/1750/1704 1752/1751/1705
f 1141/1137/1096 1779/1752/1706 1466/1442/1397
f 1718/1687/1640 1717/1686/1639 1782/1753/1707
f 1718/1687/1640 1782/1753/1707 1783/1754/1708
f 1122/1117/1076 1146/1116/1075 1752/1751/1705
f 1713/1682/1635 1720/1689/1642 1714/1683/1636
f 1784/1755/1709 1785/1756/1710 1786/1757/1711
f 1784/1755/1709 1786/1757/1711 1782/1753/1707
f 1146/1116/1075 1479/1450/1405 1778/1750/1704
f 1719/1688/1641 1787/1758/1712 1788/1759/1713
f 1779/1752/1706 1475/1451/1406 1466/1442/1397
f 1717/1686/1639 1784/1755/1709 1782/1753/1707
f 1789/1760/1714 1790/1761/1715 1781/1762/1716
f 1789/1760/1714 1781/1762/1716 1780/1763/1717
f 1719/1688/1641 1788/1759/1713 1791/1764/1718
f 1719/1688/1641 1791/1764/1718 1720/1689/1642
f 1792/1765/1719 1793/1766/1720 1785/1756/1710
f 1792/1765/1719 1785/1756/1710 1784/1755/1709
f 1486/1463/1418 1489/1466/1421 1254/1293/1252
f 1527/1507/1462 1524/1504/1459 1794/1767/1721
f 1497/1474/1429 1517/1499/1454 1521/1768/1722
f 1771/1769/1723 1281/1276/1235 1513/1493/1448
f 1490/1467/1422 1488/1465/1420 1497/1474/1429
f 1513/1493/1448 1281/1276/1235 1496/1476/1431
f 1279/1294/1253 1269/1265/1224 997/998/958
f 1285/1277/1236 1295/1280/1239 1275/1267/1226
f 1283/1249/1208 1281/1276/1235 1771/1769/1723
f 986/987/947 1795/1770/1724 1796/1771/1725
f 986/987/947 1796/1771/1725 987/988/948
f 1797/1772/1726 1798/1773/1727 1799/1774/1728
f 1499/1477/1432 1520/1775/1729 1516/1498/1453
f 1253/1250/1209 1288/1484/1439 1289/1478/1433
f 1510/1490/1445 1486/1463/1418 1499/1477/1432
f 1254/1293/1252 1265/1261/1220 1255/1260/1219
f 1252/1248/1207 1251/1247/1206 1294/1279/1238
f 1283/1249/1208 1293/1483/1438 1253/1250/1209
f 1267/1263/1222 1800/1776/1513 1801/1777/1730
f 1267/1263/1222 1801/1777/1730 1265/1261/1220
f 1262/1257/1216 1251/1247/1206 1258/1778/1731
f 1802/1779/1732 1632/1610/1565 1803/1780/1733
f 1803/1780/1733 1632/1610/1565 1631/1609/1564
usemtl Dark_Grey_Matrerial
f 2042/1781/1734 2043/1782/1735 2044/1783/1736
f 2045/1784/1737 2043/1782/1735 2033/1785/1738
f 2033/1785/1738 2043/1782/1735 2025/1786/1739
f 2025/1786/1739 2043/1782/1735 2041/1787/1740
f 2041/1787/1740 2043/1782/1735 2046/1788/1741
f 2046/1788/1741 2043/1782/1735 2047/1789/1742
f 2047/1789/1742 2043/1782/1735 2048/1790/1743
f 2048/1790/1743 2043/1782/1735 2042/1781/1734
f 2284/1791/1744 2286/1792/1745 2285/1793/1746
f 2287/1794/1747 2278/1795/1748 2285/1793/1746
f 2278/1795/1748 2269/1796/1749 2285/1793/1746
f 2269/1796/1749 2265/1797/1750 2285/1793/1746
f 2265/1797/1750 2288/1798/1751 2285/1793/1746
f 2288/1798/1751 2289/1799/1752 2285/1793/1746
f 2289/1799/1752 2284/1791/1744 2285/1793/1746
f 1813/1800/1753 1805/1801/1754 1815/1802/1755
f 1806/1803/1756 1808/1804/1757 1817/1805/1758
f 1808/1804/1757 1820/1806/1759 1817/1805/1758
f 1805/1801/1754 1821/1807/1760 1819/1808/1761
f 1808/1804/1757 1807/1809/1762 1816/1810/1763
f 1808/1804/1757 1816/1810/1763 1820/1806/1759
f 1805/1801/1754 1804/1811/1764 1821/1807/1760
f 1814/1812/1765 1813/1800/1753 1815/1802/1755
f 1818/1813/1766 1823/1814/1767 1824/1815/1768
f 1821/1807/1760 1826/1816/1769 1819/1808/1761
f 1816/1810/1763 1828/1817/1770 1825/1818/1771
f 1810/1819/1772 1822/1820/1773 1829/1821/1774
f 1815/1802/1755 1805/1801/1754 1827/1822/1775
f 1816/1810/1763 1830/1823/1776 1828/1817/1770
f 1805/1801/1754 1831/1824/1777 1827/1822/1775
f 1818/1813/1766 1824/1815/1768 1832/1825/1778
f 1817/1805/1758 1834/1826/1779 1833/1827/1780
f 1805/1801/1754 1835/1828/1781 1831/1824/1777
f 1805/1801/1754 1819/1808/1761 1835/1828/1781
f 1817/1805/1758 1836/1829/1782 1834/1826/1779
f 1817/1805/1758 1820/1806/1759 1836/1829/1782
f 1820/1806/1759 1816/1810/1763 1825/1818/1771
f 1837/1830/1783 1838/1831/1784 1839/1832/1785
f 1841/1833/1786 1842/1834/1787 1843/1835/1788
f 1841/1833/1786 1843/1835/1788 1844/1836/1789
f 1819/1808/1761 1826/1816/1769 1845/1837/1790
f 1828/1817/1770 1830/1823/1776 1849/1838/1791
f 1847/1839/1792 1851/1840/1793 1848/1841/1794
f 1830/1823/1776 1840/1842/1795 1849/1838/1791
f 1829/1843/1796 1852/1844/1797 1853/1845/1798
f 1829/1843/1796 1853/1845/1798 1850/1846/1799
f 1851/1840/1793 1854/1847/1800 1848/1841/1794
f 1835/1828/1781 1819/1808/1761 1857/1848/1801
f 1855/1849/1802 1859/1850/1803 1856/1851/1804
f 1855/1849/1802 1837/1830/1783 1859/1850/1803
f 1819/1808/1761 1877/1852/1805 1857/1848/1801
f 1837/1830/1783 1860/1853/1806 1859/1850/1803
f 1837/1830/1783 1839/1832/1785 1861/1854/1807
f 1837/1830/1783 1861/1854/1807 1860/1853/1806
f 1862/1855/1808 1849/1838/1791 1863/1856/1809
f 1819/1808/1761 1845/1837/1790 1877/1852/1805
f 1845/1837/1790 1864/1857/1810 1877/1852/1805
f 1840/1842/1795 1846/1858/1811 1865/1859/1812
f 1840/1842/1795 1865/1859/1812 1858/1860/1813
f 1846/1858/1811 1866/1861/1814 1867/1862/1815
f 1846/1858/1811 1867/1862/1815 1865/1859/1812
f 1849/1838/1791 1840/1842/1795 1858/1860/1813
f 1849/1838/1791 1858/1860/1813 1863/1856/1809
f 1845/1837/1790 1868/1863/1816 1864/1857/1810
f 1868/1863/1816 1870/1864/1817 1864/1857/1810
f 1854/1865/1818 1871/1866/1819 1869/1867/1820
f 1863/1856/1809 1858/1860/1813 1872/1868/1821
f 1864/1857/1810 1875/1869/1822 1876/1870/1823
f 1857/1848/1801 1877/1852/1805 1874/1871/1824
f 1860/1853/1806 1861/1854/1807 1878/1872/1825
f 1863/1856/1809 1872/1868/1821 1879/1873/1826
f 1880/1874/1827 1881/1875/1828 1882/1876/1829
f 1877/1852/1805 1864/1857/1810 1883/1877/1830
f 1884/1878/1831 1885/1879/1832 1886/1880/1833
f 1884/1878/1831 1886/1880/1833 1887/1881/1834
f 1864/1857/1810 1876/1870/1823 1883/1877/1830
f 1873/1882/1835 1889/1883/1836 1888/1884/1837
f 1889/1883/1836 1890/1885/1838 1888/1884/1837
f 1891/1886/1839 1893/1887/1840 1876/1870/1823
f 1894/1888/1841 1880/1874/1827 1882/1876/1829
f 1877/1852/1805 1883/1877/1830 1892/1889/1842
f 1876/1870/1823 1893/1887/1840 1895/1890/1843
f 1896/1891/1844 1897/1892/1845 1898/1893/1846
f 1893/1887/1840 1900/1894/1847 1895/1890/1843
f 1858/1860/1813 1865/1859/1812 1899/1895/1848
f 1865/1859/1812 1905/1896/1849 1899/1895/1848
f 1886/1897/1850 1902/1898/1851 1903/1899/1852
f 1883/1877/1830 1904/1900/1853 1901/1901/1854
f 1883/1877/1830 1876/1870/1823 1904/1900/1853
f 1906/1902/1855 1907/1903/1856 1905/1896/1849
f 1876/1870/1823 1895/1890/1843 1904/1900/1853
f 1901/1901/1854 1904/1900/1853 1909/1904/1857
f 1899/1895/1848 1905/1896/1849 1911/1905/1858
f 1904/1900/1853 1912/1906/1859 1910/1907/1860
f 1905/1896/1849 1907/1903/1856 1914/1908/1861
f 1905/1896/1849 1914/1908/1861 1911/1905/1858
f 1904/1900/1853 1895/1890/1843 1915/1909/1862
f 1904/1900/1853 1915/1909/1862 1912/1906/1859
f 1899/1895/1848 1916/1910/1863 1913/1911/1864
f 1908/1912/1865 1918/1913/1866 1917/1914/1867
f 1903/1899/1852 1902/1898/1851 1920/1915/1868
f 1909/1904/1857 1904/1900/1853 1919/1916/1869
f 1899/1895/1848 1911/1905/1858 1916/1910/1863
f 1904/1900/1853 1910/1907/1860 1919/1916/1869
f 1917/1914/1870 1921/1917/1871 1922/1918/1872
f 1916/1910/1863 1923/1919/1873 1924/1920/1874
f 1916/1910/1863 1911/1905/1858 1923/1919/1873
f 1921/1917/1871 1926/1921/1875 1922/1918/1872
f 1910/1907/1860 1912/1906/1859 1929/1922/1876
f 1910/1907/1860 1929/1922/1876 1927/1923/1877
f 1920/1915/1878 1930/1924/1879 1925/1925/1880
f 1911/1905/1858 1914/1908/1861 1931/1926/1881
f 1911/1905/1858 1931/1926/1881 1928/1927/1882
f 1912/1906/1859 1915/1909/1862 1932/1928/1883
f 1930/1924/1879 1933/1929/1884 1925/1925/1880
f 1917/1914/1870 1922/1918/1872 1934/1930/1885
f 1915/1909/1862 1935/1931/1886 1932/1928/1883
f 1936/1932/1887 1920/1915/1878 1925/1925/1880
f 1936/1932/1887 1925/1925/1880 1937/1933/1888
f 1934/1930/1885 1922/1918/1872 1938/1934/1889
f 1933/1929/1884 1940/1935/1890 1925/1925/1880
f 1926/1921/1875 1943/1936/1891 1950/1937/1892
f 1926/1921/1875 1950/1937/1892 1949/1938/1893
f 1942/1939/1894 1951/1940/1895 1948/1941/1896
f 1944/1942/1897 1952/1943/1898 1953/1944/1899
f 1942/1939/1894 1945/1945/1900 1951/1940/1895
f 1925/1925/1880 1954/1946/1901 1959/1947/1902
f 1944/1942/1897 1955/1948/1903 1952/1943/1898
f 1944/1942/1897 1946/1949/1904 1956/1950/1905
f 1944/1942/1897 1956/1950/1905 1955/1948/1903
f 1945/1945/1900 1957/1951/1906 1951/1940/1895
f 1946/1949/1904 1947/1952/1907 1956/1950/1905
f 1939/1953/1908 1959/1947/1902 1960/1954/1909
f 1938/1934/1889 1922/1918/1872 1961/1955/1910
f 1938/1934/1889 1961/1955/1910 1958/1956/1911
f 1925/1925/1880 1940/1935/1890 1954/1946/1901
f 1939/1953/1908 1937/1933/1888 1959/1947/1902
f 1941/1957/1912 1942/1939/1894 1962/1958/1913
f 1922/1918/1872 1949/1938/1893 1961/1955/1910
f 1937/1933/1888 1925/1925/1880 1959/1947/1902
f 1942/1939/1894 1948/1941/1896 1962/1958/1913
f 1922/1918/1872 1926/1921/1875 1949/1938/1893
f 1964/1959/1914 1965/1960/1915 1966/1961/1916
f 1964/1959/1914 1966/1961/1916 1967/1962/1917
f 1956/1950/1905 1969/1963/1918 1963/1964/1919
f 1954/1946/1901 1970/1965/1920 1968/1966/1921
f 1969/1963/1918 1971/1967/1922 1963/1964/1919
f 1961/1955/1910 1949/1938/1893 1974/1968/1923
f 1962/1958/1913 1948/1941/1896 1972/1969/1924
f 1959/1947/1902 1968/1966/1921 1973/1970/1925
f 1949/1938/1893 1950/1937/1892 1975/1971/1926
f 1950/1937/1892 1976/1972/1927 1975/1971/1926
f 1951/1940/1895 1977/1973/1928 1948/1941/1896
f 1959/1947/1902 1954/1946/1901 1968/1966/1921
f 1978/1974/1929 1964/1959/1914 1967/1962/1917
f 1979/1975/1930 1982/1976/1931 1966/1961/1916
f 1979/1975/1930 1984/1977/1932 1982/1976/1931
f 1948/1941/1896 1985/1978/1933 1983/1979/1934
f 1948/1941/1896 1977/1973/1928 1985/1978/1933
f 1986/1980/1935 1987/1981/1936 1988/1982/1937
f 1989/1983/1938 1967/1962/1917 1990/1984/1939
f 1955/1948/1903 1991/1985/1940 1992/1986/1941
f 1955/1948/1903 1956/1950/1905 1991/1985/1940
f 1956/1950/1905 1963/1964/1919 1991/1985/1940
f 1967/1962/1917 1966/1961/1916 1990/1984/1939
f 1987/1981/1936 1995/1987/1942 1988/1982/1937
f 1994/1988/1943 1986/1980/1935 1988/1982/1937
f 1994/1988/1943 1988/1982/1937 1993/1989/1944
f 1995/1987/1942 1980/1990/1945 1981/1991/1946
f 1995/1987/1942 1981/1991/1946 1988/1982/1937
f 1993/1989/1944 1988/1982/1937 1996/1992/1947
f 1997/1993/1948 2004/1994/1949 1981/1991/1946
f 1982/1976/1931 1999/1995/1950 1966/1961/1916
f 1982/1976/1931 2000/1996/1951 1999/1995/1950
f 2001/1997/1952 1991/1985/1953 2002/1998/1954
f 1990/1984/1939 1966/1961/1916 2007/1999/1955
f 1988/1982/1937 2004/1994/1949 2003/2000/1956
f 1966/1961/1916 2005/2001/1957 2007/1999/1955
f 1996/1992/1947 1988/1982/1937 2003/2000/1956
f 1988/1982/1937 1981/1991/1946 2004/1994/1949
f 1998/2002/1958 1985/1978/1959 2006/2003/1960
f 1966/1961/1916 1999/1995/1950 2005/2001/1957
f 1999/1995/1950 2008/2004/1961 2005/2001/1957
f 2005/2001/1957 2008/2004/1961 2009/2005/1962
f 2003/2000/1956 2004/1994/1949 2012/2006/1963
f 2003/2000/1956 2012/2006/1963 2011/2007/1964
f 2003/2000/1956 2011/2007/1964 2013/2008/1965
f 1998/2002/1958 2006/2003/1960 2015/2009/1966
f 2016/2010/1967 2014/2011/1968 2017/2012/1969
f 2005/2001/1957 2018/2013/1970 2019/2014/1971
f 2014/2011/1968 1998/2002/1958 2017/2012/1969
f 1998/2002/1958 2015/2009/1966 2017/2012/1969
f 2021/2015/1972 2022/2016/1973 2023/2017/1974
f 2021/2015/1972 2010/2018/1975 2022/2016/1973
f 2010/2018/1975 2024/2019/1976 2022/2016/1973
f 2007/1999/1955 2025/1786/1739 2020/2020/1977
f 2013/2008/1965 2026/2021/1978 2027/2022/1979
f 2007/1999/1955 2005/2001/1957 2025/1786/1739
f 2013/2008/1965 2011/2007/1964 2026/2021/1978
f 2005/2001/1957 2019/2014/1971 2025/1786/1739
f 2012/2006/1963 2028/2023/1980 2011/2007/1964
f 2026/2021/1978 2011/2007/1964 2032/2024/1981
f 2019/2014/1971 2033/1785/1738 2025/1786/1739
f 2030/2025/1982 2017/2012/1969 2031/2026/1983
f 2017/2012/1969 2034/2027/1984 2031/2026/1983
f 2035/2028/1985 2037/2029/1986 2038/2030/1987
f 2035/2028/1985 2038/2030/1987 2036/2031/1988
f 2017/2012/1969 2015/2009/1966 2034/2027/1984
f 2039/2032/1989 2023/2017/1974 2040/2033/1990
f 2023/2017/1974 2022/2016/1973 2040/2033/1990
f 2020/2020/1977 2025/1786/1739 2041/1787/1740
f 2011/2007/1964 2029/2034/1991 2032/2024/1981
f 2058/2035/1992 2060/2036/1993 2050/2037/1994
f 2051/2038/1995 2061/2039/1996 2053/2040/1997
f 2053/2040/1997 2061/2039/1996 2064/2041/1998
f 2050/2037/1994 2063/2042/1999 2065/2043/2000
f 2053/2040/1997 2064/2041/1998 2066/2044/2001
f 2053/2040/1997 2066/2044/2001 2052/2045/2002
f 2050/2037/1994 2065/2043/2000 2049/2046/2003
f 2059/2047/2004 2060/2036/1993 2058/2035/1992
f 2062/2048/2005 2068/2049/2006 2069/2050/2007
f 2065/2043/2000 2063/2042/1999 2071/2051/2008
f 2066/2044/2001 2070/2052/2009 2072/2053/2010
f 2055/2054/2011 2074/2055/2012 2067/2056/2013
f 2060/2036/1993 2073/2057/2014 2050/2037/1994
f 2066/2044/2001 2072/2053/2010 2075/2058/2015
f 2050/2037/1994 2073/2057/2014 2076/2059/2016
f 2062/2048/2005 2077/2060/2017 2068/2049/2006
f 2061/2039/1996 2078/2061/2018 2079/2062/2019
f 2050/2037/1994 2076/2059/2016 2080/2063/2020
f 2061/2039/1996 2079/2062/2019 2081/2064/2021
f 2050/2037/1994 2080/2063/2020 2063/2042/1999
f 2061/2039/1996 2081/2064/2021 2082/2065/2022
f 2061/2039/1996 2082/2065/2022 2064/2041/1998
f 2064/2041/1998 2070/2052/2009 2066/2044/2001
f 2063/2042/1999 2087/2066/2023 2071/2051/2008
f 2084/2067/2024 2086/2068/2025 2088/2069/2026
f 2084/2067/2024 2088/2069/2026 2089/2070/2027
f 2072/2053/2010 2091/2071/2028 2075/2058/2015
f 2092/2072/2029 2093/2073/2030 2095/2074/2031
f 2075/2058/2015 2091/2071/2028 2085/2075/2032
f 2074/2076/2033 2094/2077/2034 2096/2078/2035
f 2097/2079/2036 2098/2080/2037 2099/2081/2038
f 2096/2078/2035 2094/2077/2034 2100/2082/2039
f 2101/2083/2040 2102/2084/2041 2083/2085/2042
f 2118/2086/2043 2113/2087/2044 2103/2088/2045
f 2102/2084/2041 2106/2089/2046 2083/2085/2042
f 2063/2042/1999 2107/2090/2047 2108/2091/2048
f 2083/2085/2042 2106/2089/2046 2125/2092/2049
f 2083/2085/2042 2125/2092/2049 2084/2067/2024
f 2084/2067/2024 2125/2092/2049 2109/2093/2050
f 2084/2067/2024 2109/2093/2050 2110/2094/2051
f 2084/2067/2024 2110/2094/2051 2086/2068/2025
f 2063/2042/1999 2108/2091/2048 2087/2066/2023
f 2111/2095/2052 2112/2096/2053 2091/2071/2028
f 2087/2066/2023 2108/2091/2048 2113/2087/2044
f 2085/2075/2032 2134/2097/2054 2114/2098/2055
f 2085/2075/2032 2114/2098/2055 2090/2099/2056
f 2091/2071/2028 2112/2096/2053 2115/2100/2057
f 2090/2099/2056 2114/2098/2055 2116/2101/2058
f 2090/2099/2056 2116/2101/2058 2117/2102/2059
f 2087/2066/2023 2113/2087/2044 2118/2086/2043
f 2091/2071/2028 2115/2100/2057 2134/2097/2054
f 2091/2071/2028 2134/2097/2054 2085/2075/2032
f 2098/2080/2060 2119/2103/2061 2105/2104/2062
f 2098/2080/2060 2105/2104/2062 2104/2105/2063
f 2119/2106/2064 2120/2107/2065 2121/2108/2066
f 2122/2109/2067 2123/2110/2068 2107/2090/2047
f 2107/2090/2047 2123/2110/2068 2108/2091/2048
f 2125/2092/2049 2126/2111/2069 2109/2093/2050
f 2127/2112/2070 2128/2113/2071 2112/2096/2053
f 2112/2096/2053 2128/2113/2071 2115/2100/2057
f 2129/2114/2072 2130/2115/2073 2131/2116/2074
f 2129/2114/2072 2131/2116/2074 2132/2117/2075
f 2108/2091/2048 2133/2118/2076 2113/2087/2044
f 2113/2087/2044 2133/2118/2076 2148/2119/2077
f 2120/2107/2065 2135/2120/2078 2121/2108/2066
f 2113/2087/2044 2148/2119/2077 2124/2121/2079
f 2121/2108/2066 2135/2120/2078 2136/2122/2080
f 2124/2121/2079 2148/2119/2077 2137/2123/2081
f 2136/2122/2080 2135/2120/2078 2138/2124/2082
f 2124/2121/2079 2137/2123/2081 2139/2125/2083
f 2140/2126/2084 2141/2127/2085 2142/2128/2086
f 2134/2097/2054 2143/2129/2087 2114/2098/2055
f 2137/2123/2081 2144/2130/2088 2146/2131/2089
f 2114/2098/2055 2143/2129/2087 2147/2132/2090
f 2133/2118/2076 2145/2133/2091 2148/2119/2077
f 2151/2134/2092 2147/2132/2090 2152/2135/2093
f 2145/2133/2091 2154/2136/2094 2148/2119/2077
f 2143/2129/2087 2156/2137/2095 2147/2132/2090
f 2148/2119/2077 2155/2138/2096 2157/2139/2097
f 2148/2119/2077 2157/2139/2097 2137/2123/2081
f 2147/2132/2090 2156/2137/2095 2159/2140/2098
f 2147/2132/2090 2159/2140/2098 2152/2135/2093
f 2137/2123/2081 2157/2139/2097 2160/2141/2099
f 2137/2123/2081 2160/2141/2099 2144/2130/2088
f 2143/2129/2087 2158/2142/2100 2162/2143/2101
f 2153/2144/2102 2161/2145/2103 2163/2146/2104
f 2154/2136/2094 2164/2147/2105 2148/2119/2077
f 2143/2129/2087 2162/2143/2101 2156/2137/2095
f 2148/2119/2077 2164/2147/2105 2155/2138/2096
f 2161/2145/2106 2179/2148/2107 2166/2149/2108
f 2161/2145/2106 2166/2149/2108 2167/2150/2109
f 2165/2151/2110 2169/2152/2111 2170/2153/2112
f 2162/2143/2101 2168/2154/2113 2171/2155/2114
f 2162/2143/2101 2171/2155/2114 2156/2137/2095
f 2155/2138/2096 2172/2156/2115 2173/2157/2116
f 2155/2138/2096 2173/2157/2116 2157/2139/2097
f 2165/2151/2110 2170/2153/2112 2175/2158/2117
f 2156/2137/2095 2174/2159/2118 2176/2160/2119
f 2156/2137/2095 2176/2160/2119 2159/2140/2098
f 2157/2139/2097 2177/2161/2120 2160/2141/2099
f 2160/2141/2099 2177/2161/2120 2178/2162/2121
f 2175/2158/2117 2170/2153/2112 2180/2163/2122
f 2180/2163/2122 2183/2164/2123 2184/2165/2124
f 2185/2166/2125 2186/2167/2126 2187/2168/2127
f 2185/2166/2125 2187/2168/2127 2188/2169/2128
f 2188/2169/2128 2192/2170/2129 2193/2171/2130
f 2194/2172/2131 2195/2173/2132 2181/2174/2133
f 2194/2172/2131 2181/2174/2133 2179/2148/2107
f 2187/2168/2127 2197/2175/2134 2220/2176/2135
f 2187/2168/2127 2220/2176/2135 2188/2169/2128
f 2166/2149/2108 2198/2177/2136 2189/2178/2137
f 2190/2179/2138 2199/2180/2139 2200/2181/2140
f 2190/2179/2138 2200/2181/2140 2191/2182/2141
f 2188/2169/2128 2220/2176/2135 2201/2183/2142
f 2188/2169/2128 2201/2183/2142 2192/2170/2129
f 2170/2153/2112 2211/2184/2143 2202/2185/2144
f 2191/2182/2141 2200/2181/2140 2203/2186/2145
f 2191/2182/2141 2203/2186/2145 2204/2187/2146
f 2192/2170/2129 2201/2183/2142 2205/2188/2147
f 2192/2170/2129 2205/2188/2147 2206/2189/2148
f 2191/2182/2141 2204/2187/2146 2196/2190/2149
f 2181/2174/2133 2207/2191/2150 2208/2192/2151
f 2170/2153/2112 2202/2185/2144 2180/2163/2122
f 2196/2190/2149 2204/2187/2146 2182/2193/2152
f 2181/2174/2133 2208/2192/2151 2179/2148/2107
f 2180/2163/2122 2202/2185/2144 2183/2164/2123
f 2182/2193/2152 2204/2187/2146 2209/2194/2153
f 2183/2164/2123 2202/2185/2144 2210/2195/2154
f 2179/2148/2107 2208/2192/2151 2198/2177/2136
f 2179/2148/2107 2198/2177/2136 2166/2149/2108
f 2183/2164/2123 2210/2195/2154 2212/2196/2155
f 2169/2152/2111 2211/2184/2143 2170/2153/2112
f 2213/2197/2156 2225/2198/2157 2214/2199/2158
f 2213/2197/2156 2214/2199/2158 2215/2200/2159
f 2202/2185/2144 2216/2201/2160 2210/2195/2154
f 2208/2192/2151 2217/2202/2161 2198/2177/2136
f 2210/2195/2154 2216/2201/2160 2218/2203/2162
f 2198/2177/2136 2217/2202/2161 2219/2204/2163
f 2198/2177/2136 2219/2204/2163 2221/2205/2164
f 2200/2181/2140 2222/2206/2165 2203/2186/2145
f 2201/2183/2142 2220/2176/2135 2223/2207/2166
f 2224/2208/2167 2225/2198/2157 2213/2197/2156
f 2226/2209/2168 2214/2199/2158 2229/2210/2169
f 2220/2176/2135 2230/2211/2170 2231/2212/2171
f 2226/2209/2168 2229/2210/2169 2232/2213/2172
f 2220/2176/2135 2231/2212/2171 2223/2207/2166
f 2233/2214/2173 2234/2215/2174 2235/2216/2175
f 2236/2217/2176 2237/2218/2177 2225/2198/2157
f 2203/2186/2145 2238/2219/2178 2239/2220/2179
f 2203/2186/2145 2239/2220/2179 2204/2187/2146
f 2225/2198/2157 2237/2218/2177 2214/2199/2158
f 2235/2216/2175 2234/2215/2174 2242/2221/2180
f 2241/2222/2181 2240/2223/2182 2234/2215/2174
f 2241/2222/2181 2234/2215/2174 2233/2214/2173
f 2242/2221/2180 2234/2215/2174 2228/2224/2183
f 2242/2221/2180 2228/2224/2183 2227/2225/2184
f 2240/2223/2182 2248/2226/2185 2234/2215/2174
f 2228/2224/2183 2234/2215/2174 2243/2227/2186
f 2229/2210/2169 2214/2199/2158 2245/2228/2187
f 2229/2210/2169 2245/2228/2187 2246/2229/2188
f 2247/2230/2189 2249/2231/2190 2239/2220/2191
f 2237/2218/2177 2254/2232/2192 2214/2199/2158
f 2234/2215/2174 2250/2233/2193 2251/2234/2194
f 2214/2199/2158 2254/2232/2192 2252/2235/2195
f 2248/2226/2185 2250/2233/2193 2234/2215/2174
f 2234/2215/2174 2251/2234/2194 2243/2227/2186
f 2244/2236/2196 2253/2237/2197 2231/2212/2198
f 2214/2199/2158 2252/2235/2195 2245/2228/2187
f 2245/2228/2187 2252/2235/2195 2255/2238/2199
f 2252/2235/2195 2256/2239/2200 2255/2238/2199
f 2250/2233/2193 2258/2240/2201 2259/2241/2202
f 2250/2233/2193 2259/2241/2202 2251/2234/2194
f 2250/2233/2193 2260/2242/2203 2258/2240/2201
f 2252/2235/2195 2263/2243/2204 2264/2244/2205
f 2261/2245/2206 2262/2246/2207 2253/2237/2208
f 2266/2247/2209 2267/2248/2210 2268/2249/2211
f 2254/2232/2192 2265/1797/1750 2269/1796/1749
f 2266/2247/2209 2268/2249/2211 2270/2250/2212
f 2266/2247/2209 2270/2250/2212 2271/2251/2213
f 2260/2242/2203 2272/2252/2214 2273/2253/2215
f 2254/2232/2192 2269/1796/1749 2252/2235/2195
f 2259/2241/2202 2258/2240/2201 2274/2254/2216
f 2260/2242/2203 2273/2253/2215 2258/2240/2201
f 2252/2235/2195 2269/1796/1749 2263/2243/2204
f 2273/2253/2215 2277/2255/2217 2258/2240/2201
f 2263/2243/2204 2269/1796/1749 2278/1795/1748
f 2275/2256/2218 2276/2257/2219 2262/2246/2220
f 2262/2246/2220 2276/2257/2219 2279/2258/2221
f 2280/2259/2222 2281/2260/2223 2267/2248/2210
f 2267/2248/2210 2281/2260/2223 2268/2249/2211
f 2258/2240/2201 2277/2255/2217 2283/2261/2224
f 2272/2252/2214 2282/2262/2225 2273/2253/2215
f 2293/2263/2226 2294/2264/2227 2295/2265/2228
f 2290/2266/2229 2291/2267/2230 2296/2268/2231
f 2297/2269/2232 2298/2270/2233 2300/2271/2234
f 2299/2272/2235 2296/2268/2231 2301/2273/2236
f 2304/2274/2237 2305/2275/2238 2306/2276/2239
f 2304/2274/2237 2306/2276/2239 2309/2277/2240
f 2290/2266/2229 2307/2278/2241 2291/2267/2230
f 2296/2268/2231 2318/2279/2242 2290/2266/2229
f 2295/2265/2228 2312/2280/2243 2293/2263/2226
f 2292/2281/2244 2311/2282/2245 2308/2283/2246
f 2308/2283/2246 2311/2282/2245 2313/2284/2247
f 2308/2283/2246 2313/2284/2247 2295/2265/2228
f 2307/2278/2241 2290/2266/2229 2314/2285/2248
f 2307/2278/2241 2314/2285/2248 2303/2286/2249
f 2304/2287/2250 2315/2288/2251 2316/2289/2252
f 2295/2265/2228 2313/2284/2247 2312/2280/2243
f 2303/2286/2249 2314/2285/2248 2302/2290/2253
f 2300/2271/2234 2317/2291/2254 2310/2292/2255
f 2300/2271/2234 2310/2292/2255 2297/2269/2232
f 2299/2272/2235 2318/2279/2242 2296/2268/2231
f 2312/2280/2243 2313/2284/2247 2320/2293/2256
f 2317/2291/2254 2321/2294/2257 2310/2292/2255
f 2318/2279/2242 2322/2295/2258 2323/2296/2259
f 2310/2292/2255 2321/2294/2257 2324/2297/2260
f 2311/2282/2245 2325/2298/2261 2313/2284/2247
f 2318/2279/2242 2323/2296/2259 2290/2266/2229
f 2290/2266/2229 2323/2296/2259 2326/2299/2262
f 2312/2280/2243 2320/2293/2256 2327/2300/2263
f 2290/2266/2229 2326/2299/2262 2328/2301/2264
f 2290/2266/2229 2328/2301/2264 2314/2285/2248
f 2315/2288/2251 2329/2302/2265 2319/2303/2266
f 2315/2288/2251 2319/2303/2266 2316/2289/2252
f 2323/2296/2259 2330/2304/2267 2332/2305/2268
f 2325/2298/2261 2333/2306/2269 2334/2307/2270
f 2325/2298/2261 2334/2307/2270 2313/2284/2247
f 2323/2296/2259 2332/2305/2268 2335/2308/2271
f 2323/2296/2259 2335/2308/2271 2326/2299/2262
f 2313/2284/2247 2334/2307/2270 2336/2309/2272
f 2338/2310/2273 2339/2311/2274 2340/2312/2275
f 2338/2310/2273 2340/2312/2275 2329/2302/2265
f 2329/2302/2265 2340/2312/2275 2341/2313/2276
f 2329/2302/2265 2341/2313/2276 2319/2303/2266
f 2313/2284/2247 2336/2309/2272 2337/2314/2277
f 2319/2303/2266 2341/2313/2276 2342/2315/2278
f 2313/2284/2247 2337/2314/2277 2320/2293/2256
f 2321/2294/2257 2343/2316/2279 2344/2317/2280
f 2345/2318/2281 2346/2319/2282 2347/2320/2283
f 2321/2294/2257 2344/2317/2280 2331/2321/2284
f 2347/2320/2283 2346/2319/2282 2348/2322/2285
f 2321/2294/2257 2331/2321/2284 2324/2297/2260
f 2332/2305/2268 2349/2323/2286 2335/2308/2271
f 2334/2307/2270 2350/2324/2287 2336/2309/2272
f 2326/2299/2262 2335/2308/2271 2351/2325/2288
f 2337/2314/2277 2352/2326/2289 2353/2327/2290
f 2340/2312/2275 2355/2328/2291 2341/2313/2276
f 2336/2309/2272 2354/2329/2292 2337/2314/2277
f 2326/2299/2262 2351/2325/2288 2356/2330/2293
f 2337/2314/2277 2354/2329/2292 2352/2326/2289
f 2326/2299/2262 2356/2330/2293 2357/2331/2294
f 2344/2317/2280 2359/2332/2295 2331/2321/2284
f 2346/2319/2282 2358/2333/2296 2348/2322/2285
f 2348/2322/2285 2358/2333/2296 2360/2334/2297
f 2348/2322/2285 2360/2334/2297 2361/2335/2298
f 2362/2336/2299 2363/2337/2300 2364/2338/2301
f 2362/2336/2299 2364/2338/2301 2365/2339/2302
usemtl Purple_Material
f 2367/2340/2303 2368/2341/2304 2369/2342/2305
f 2371/2343/385 2372/2344/2306 2373/2345/2307
f 2373/2345/2307 2374/2346/2308 2375/2347/2309
f 2366/2348/2310 2367/2340/2303 2369/2342/2305
f 2369/2342/2305 2370/2349/2311 2371/2343/385
f 2371/2343/385 2373/2345/2307 2375/2347/2309
f 2375/2347/2309 2376/2350/2312 2366/2348/2310
f 2366/2348/2310 2369/2342/2305 2371/2343/385
f 2371/2343/385 2375/2347/2309 2366/2348/2310
f 2378/2351/2313 2379/2352/2314 2380/2353/2315
f 2377/2354/2316 2378/2351/2313 2380/2353/2315
f 2380/2353/2315 2381/2355/2317 2382/2356/2318
f 2384/2357/2319 2386/2358/2320 2387/2359/2321
f 2377/2354/2316 2380/2353/2315 2382/2356/2318
f 2382/2356/2318 2383/2360/2322 2384/2357/2319
f 2377/2354/2316 2382/2356/2318 2384/2357/2319
f 2384/2357/2319 2387/2359/2321 2377/2354/2316
f 2386/2358/2323 2385/2361/2324 2384/2357/2325
f 2390/2362/2326 2391/2363/2327 2392/2364/2328
f 2378/2351/2329 2388/2365/2330 2389/2366/2331
f 2379/2352/2332 2378/2351/2329 2389/2366/2331
f 2389/2366/2331 2390/2362/2326 2392/2364/2328
f 2392/2364/2328 2386/2358/2333 2384/2357/2325
f 2380/2353/2334 2379/2352/2332 2389/2366/2331
f 2389/2366/2331 2392/2364/2328 2384/2357/2325
f 2380/2353/2334 2389/2366/2331 2384/2357/2325
f 2384/2357/2325 2393/2367/2335 2380/2353/2334
f 2395/2368/2336 2396/2369/2337 2397/2370/2338
f 2398/2371/2339 2399/2372/2340 2400/2373/2341
f 2401/2374/2342 2402/2375/2343 2403/2376/2344
f 2394/2377/2345 2395/2368/2336 2397/2370/2338
f 2397/2370/2338 2398/2371/2339 2400/2373/2341
f 2400/2373/2341 2401/2374/2342 2403/2376/2344
f 2403/2376/2344 2404/2378/2346 2394/2377/2345
f 2394/2377/2345 2397/2370/2338 2400/2373/2341
f 2400/2373/2341 2403/2376/2344 2394/2377/2345
f 2405/2379/2347 2406/2380/2348 2407/2381/2349
f 2410/2382/2350 2409/2383/2351 2408/2384/2352
f 2405/2379/2347 2407/2381/2349 2411/2385/2353
f 2416/2386/2354 2410/2382/2350 2408/2384/2352
f 2411/2385/2353 2412/2387/2355 2413/2388/2356
f 2413/2388/2356 2414/2389/2357 2415/2390/2358
f 2416/2386/2354 2408/2384/2352 2405/2379/2347
f 2405/2379/2347 2411/2385/2353 2413/2388/2356
f 2413/2388/2356 2415/2390/2358 2416/2386/2354
f 2413/2388/2356 2416/2386/2354 2405/2379/2347
f 2409/2383/2359 2410/2382/2360 2416/2386/2361
f 2411/2385/2362 2407/2381/2363 2406/2380/2364
f 2406/2380/2364 2417/2391/2365 2418/2392/2366
f 2420/2393/2367 2421/2394/2368 2409/2383/2359
f 2420/2393/2367 2409/2383/2359 2416/2386/2361
f 2418/2392/2366 2419/2395/2369 2420/2393/2367
f 2411/2385/2362 2406/2380/2364 2418/2392/2366
f 2420/2393/2367 2416/2386/2361 2422/2396/2370
f 2411/2385/2362 2418/2392/2366 2420/2393/2367
f 2420/2393/2367 2422/2396/2370 2411/2385/2362
f 2425/2397/2371 2426/2398/2372 2427/2399/2373
f 2429/2400/2374 2430/2401/226 2431/2402/2375
f 2432/2403/2376 2433/2404/2377 2423/2405/2378
f 2423/2405/2378 2424/2406/2379 2425/2397/2371
f 2425/2397/2371 2427/2399/2373 2428/2407/2380
f 2428/2407/2380 2429/2400/2374 2431/2402/2375
f 2431/2402/2375 2432/2403/2376 2423/2405/2378
f 2423/2405/2378 2425/2397/2371 2428/2407/2380
f 2428/2407/2380 2431/2402/2375 2423/2405/2378
f 2434/2408/2381 2435/2409/2382 2436/2410/2383
f 2439/2411/2384 2438/2412/2385 2437/2413/2386
f 2434/2408/2381 2436/2410/2383 2440/2414/2387
f 2444/2415/2388 2439/2411/2384 2437/2413/2386
f 2441/2416/2389 2442/2417/2390 2443/2418/2391
f 2444/2415/2388 2437/2413/2386 2434/2408/2381
f 2434/2408/2381 2440/2414/2387 2441/2416/2389
f 2441/2416/2389 2443/2418/2391 2444/2415/2388
f 2441/2416/2389 2444/2415/2388 2434/2408/2381
f 2438/2412/2392 2439/2411/2393 2444/2415/2394
f 2435/2409/2395 2445/2419/2396 2446/2420/2397
f 2448/2421/2398 2449/2422/2399 2438/2412/2392
f 2448/2421/2398 2438/2412/2392 2444/2415/2394
f 2446/2420/2397 2447/2423/2400 2448/2421/2398
f 2440/2414/2401 2435/2409/2395 2446/2420/2397
f 2448/2421/2398 2444/2415/2394 2450/2424/2402
f 2440/2414/2401 2446/2420/2397 2448/2421/2398
f 2448/2421/2398 2450/2424/2402 2440/2414/2401
f 2453/2425/2403 2454/2426/2404 2455/2427/2405
f 2456/2428/2406 2457/2429/2407 2458/2430/221
f 2460/2431/2408 2461/2432/2308 2451/2433/2409
f 2451/2433/2409 2452/2434/2410 2453/2425/2403
f 2453/2425/2403 2455/2427/2405 2456/2428/2406
f 2456/2428/2406 2458/2430/221 2459/2435/2411
f 2459/2435/2411 2460/2431/2408 2451/2433/2409
f 2451/2433/2409 2453/2425/2403 2456/2428/2406
f 2456/2428/2406 2459/2435/2411 2451/2433/2409
f 2467/2436/2412 2468/2437/2413 2466/2438/2414
f 2470/2439/2415 2467/2436/2412 2466/2438/2414
f 2462/2440/2416 2463/2441/2417 2465/2442/2418
f 2469/2443/2419 2470/2439/2415 2466/2438/2414
f 2465/2442/2418 2471/2444/2420 2472/2445/2421
f 2473/2446/2422 2469/2443/2419 2466/2438/2414
f 2466/2438/2414 2462/2440/2416 2465/2442/2418
f 2465/2442/2418 2472/2445/2421 2473/2446/2422
f 2465/2442/2418 2473/2446/2422 2466/2438/2414
f 2468/2437/2423 2467/2436/2424 2470/2439/2425
f 2477/2447/2426 2478/2448/2427 2468/2437/2423
f 2463/2441/2428 2474/2449/2429 2475/2450/2430
f 2465/2442/2431 2464/2451/2432 2463/2441/2433
f 2463/2441/2428 2475/2450/2430 2476/2452/2434
f 2476/2452/2434 2477/2447/2426 2468/2437/2423
f 2476/2452/2434 2468/2437/2423 2470/2439/2425
f 2465/2442/2431 2463/2441/2428 2476/2452/2434
f 2476/2452/2434 2470/2439/2425 2479/2453/2435
f 2479/2453/2435 2465/2442/2431 2476/2452/2434
f 2481/2454/2436 2482/2455/2437 2483/2456/2438
f 2485/2457/2439 2486/2458/2440 2487/2459/2441
f 2480/2460/2410 2481/2454/2436 2483/2456/2438
f 2483/2456/2438 2484/2461/2442 2485/2457/2439
f 2485/2457/2439 2487/2459/2441 2488/2462/377
f 2488/2462/377 2489/2463/2443 2480/2460/2410
f 2480/2460/2410 2483/2456/2438 2485/2457/2439
f 2485/2457/2439 2488/2462/377 2480/2460/2410
f 2493/2464/2444 2494/2465/2445 2492/2466/2446
f 2496/2467/2447 2493/2464/2444 2492/2466/2446
f 2490/2468/2448 2491/2469/2449 2497/2470/2450
f 2495/2471/2451 2496/2467/2447 2492/2466/2446
f 2499/2472/2452 2495/2471/2451 2492/2466/2446
f 2492/2466/2446 2490/2468/2448 2497/2470/2450
f 2497/2470/2450 2498/2473/2453 2499/2472/2452
f 2497/2470/2450 2499/2472/2452 2492/2466/2446
f 2504/2474/2454 2505/2475/2455 2494/2465/2456
f 2502/2476/2457 2503/2477/2458 2504/2474/2454
f 2491/2469/2449 2500/2478/2459 2501/2479/2460
f 2491/2469/2449 2501/2479/2460 2502/2476/2457
f 2502/2476/2457 2504/2474/2454 2494/2465/2456
f 2502/2476/2457 2494/2465/2456 2496/2467/2461
f 2497/2470/2450 2491/2469/2449 2502/2476/2457
f 2497/2470/2450 2502/2476/2457 2496/2467/2461
f 2506/2480/381 2507/2481/2462 2508/2482/2463
f 2510/2483/2464 2511/2484/2465 2512/2485/2466
f 2514/2486/2467 2515/2487/2468 2516/2488/378
f 2506/2480/381 2508/2482/2463 2509/2489/2469
f 2509/2489/2469 2510/2483/2464 2512/2485/2466
f 2512/2485/2466 2513/2490/2375 2514/2486/2467
f 2514/2486/2467 2516/2488/378 2506/2480/381
f 2506/2480/381 2509/2489/2469 2512/2485/2466
f 2512/2485/2466 2514/2486/2467 2506/2480/381
f 2520/2491/2470 2521/2492/2471 2519/2493/2472
f 2523/2494/2473 2520/2491/2470 2519/2493/2472
f 2517/2495/2474 2518/2496/2475 2524/2497/2476
f 2522/2498/2477 2523/2494/2473 2519/2493/2472
f 2525/2499/2478 2526/2500/2479 2527/2501/2480
f 2527/2501/2480 2522/2498/2477 2519/2493/2472
f 2519/2493/2472 2517/2495/2474 2524/2497/2476
f 2524/2497/2476 2525/2499/2478 2527/2501/2480
f 2524/2497/2476 2527/2501/2480 2519/2493/2472
f 2532/2502/2481 2521/2492/2482 2520/2491/2483
f 2530/2503/2484 2531/2504/2485 2532/2502/2481
f 2533/2505/2486 2518/2496/2487 2528/2506/2488
f 2524/2507/2489 2533/2505/2486 2528/2506/2488
f 2528/2506/2488 2529/2508/2490 2530/2503/2484
f 2530/2503/2484 2532/2502/2481 2520/2491/2483
f 2530/2503/2484 2520/2491/2483 2523/2494/2491
f 2524/2507/2489 2528/2506/2488 2530/2503/2484
f 2524/2507/2489 2530/2503/2484 2523/2494/2491
f 2524/2507/2489 2523/2494/2491 2534/2509/2492
f 2541/2510/50 2542/2511/2493 2543/2512/2441
f 2535/2513/2494 2536/2514/2495 2537/2515/2496
f 2537/2515/2496 2538/2516/2497 2539/2517/2498
f 2539/2517/2498 2540/2518/2499 2541/2510/50
f 2541/2510/50 2543/2512/2441 2535/2513/2494
f 2535/2513/2494 2537/2515/2496 2539/2517/2498
f 2539/2517/2498 2541/2510/50 2535/2513/2494
f 2547/2519/2500 2548/2520/2501 2546/2521/2502
f 2550/2522/2503 2547/2519/2500 2546/2521/2502
f 2544/2523/2504 2545/2524/2505 2551/2525/2506
f 2549/2526/2507 2550/2522/2503 2546/2521/2502
f 2552/2527/2508 2553/2528/2509 2549/2526/2507
f 2546/2521/2502 2544/2523/2504 2551/2525/2506
f 2551/2525/2506 2552/2527/2508 2549/2526/2507
f 2551/2525/2506 2549/2526/2507 2546/2521/2502
f 2558/2529/2510 2548/2520/2511 2547/2519/2512
f 2555/2530/2513 2556/2531/2514 2557/2532/2515
f 2559/2533/2516 2545/2524/2517 2554/2534/2518
f 2551/2535/2519 2559/2533/2516 2554/2534/2518
f 2554/2534/2518 2555/2530/2513 2557/2532/2515
f 2557/2532/2515 2558/2529/2510 2547/2519/2512
f 2557/2532/2515 2547/2519/2512 2550/2522/2520
f 2551/2535/2519 2554/2534/2518 2557/2532/2515
f 2551/2535/2519 2557/2532/2515 2550/2522/2520
f 2551/2535/2519 2550/2522/2520 2560/2536/2521
f 2562/2537/2522 2563/2538/50 2564/2539/2523
f 2566/2540/18 2567/2541/2524 2568/2542/2525
f 2569/2543/2339 2570/2544/2526 2571/2545/2527
f 2561/2546/2528 2562/2537/2522 2564/2539/2523
f 2564/2539/2523 2565/2547/2529 2566/2540/18
f 2566/2540/18 2568/2542/2525 2569/2543/2339
f 2569/2543/2339 2571/2545/2527 2561/2546/2528
f 2561/2546/2528 2564/2539/2523 2566/2540/18
f 2566/2540/18 2569/2543/2339 2561/2546/2528
f 2575/2548/2530 2576/2549/2531 2574/2550/2532
f 2578/2551/2533 2575/2548/2530 2574/2550/2532
f 2572/2552/2534 2573/2553/2535 2579/2554/2536
f 2577/2555/2537 2578/2551/2533 2574/2550/2532
f 2580/2556/2538 2581/2557/2539 2577/2555/2537
f 2574/2550/2532 2572/2552/2534 2579/2554/2536
f 2579/2554/2536 2580/2556/2538 2577/2555/2537
f 2579/2554/2536 2577/2555/2537 2574/2550/2532
f 2586/2558/2540 2576/2549/2541 2575/2548/2542
f 2583/2559/2543 2584/2560/2544 2585/2561/2545
f 2587/2562/2546 2573/2553/2547 2582/2563/2548
f 2579/2564/2549 2587/2562/2546 2582/2563/2548
f 2582/2563/2548 2583/2559/2543 2585/2561/2545
f 2585/2561/2545 2586/2558/2540 2575/2548/2542
f 2585/2561/2545 2575/2548/2542 2578/2551/2550
f 2579/2564/2549 2582/2563/2548 2585/2561/2545
f 2579/2564/2549 2585/2561/2545 2578/2551/2550
f 2579/2564/2549 2578/2551/2550 2588/2565/2551
f 2589/2566/719 2590/2567/718 2591/2568/2552
f 2589/2566/719 2591/2568/2552 2592/2569/2307
f 2595/2570/2553 2596/2571/706 2597/2572/2554
f 2595/2570/2553 2597/2572/2554 2598/2573/2555
f 2599/2574/734 2600/2575/733 2601/2576/226
f 2599/2574/734 2601/2576/226 2602/2577/2436
f 2603/2578/723 2604/2579/722 2605/2580/19
f 2603/2578/723 2605/2580/19 2606/2581/2556
f 2607/2582/713 2608/2583/711 2609/2584/2493
f 2607/2582/713 2609/2584/2493 2610/2585/2557
f 2611/2586/700 2612/2587/696 2613/2588/2558
f 2611/2586/700 2613/2588/2558 2614/2589/2559
f 2615/2590/697 2616/2591/739 2617/2592/2560
f 2615/2590/697 2617/2592/2560 2618/2593/2561
f 2619/2594/735 2620/2595/736 2621/2596/2562
f 2619/2594/735 2621/2596/2562 2622/2597/60
f 2623/2598/727 2624/2599/726 2625/2600/2495
f 2623/2598/727 2625/2600/2495 2626/2601/2563
f 2627/2602/717 2628/2603/716 2629/2604/345
f 2627/2602/717 2629/2604/345 2630/2605/2372
f 2631/2606/705 2632/2607/703 2633/2608/2344
f 2631/2606/705 2633/2608/2344 2634/2609/2564
f 2635/2610/731 2636/2611/730 2637/2612/2565
f 2635/2610/731 2637/2612/2565 2638/2613/2566
f 2639/2614/721 2589/2566/719 2592/2569/2307
f 2639/2614/721 2592/2569/2307 2640/2615/2567
f 2641/2616/709 2595/2570/2553 2598/2573/2555
f 2641/2616/709 2598/2573/2555 2642/2617/2568
f 2643/2618/843 2599/2574/734 2602/2577/2436
f 2643/2618/843 2602/2577/2436 2644/2619/2569
f 2645/2620/724 2603/2578/723 2606/2581/2556
f 2645/2620/724 2606/2581/2556 2646/2621/2570
f 2647/2622/714 2607/2582/713 2610/2585/2557
f 2647/2622/714 2610/2585/2557 2648/2623/2571
f 2649/2624/701 2611/2586/700 2614/2589/2559
f 2649/2624/701 2614/2589/2559 2650/2625/237
f 2651/2626/738 2619/2594/735 2622/2597/60
f 2651/2626/738 2622/2597/60 2652/2627/2572
f 2653/2628/729 2623/2598/727 2626/2601/2563
f 2653/2628/729 2626/2601/2563 2654/2629/2573
f 2590/2567/718 2627/2602/717 2630/2605/2372
f 2590/2567/718 2630/2605/2372 2591/2568/2552
f 2596/2571/706 2631/2606/705 2634/2609/2564
f 2596/2571/706 2634/2609/2564 2597/2572/2554
f 2612/2587/696 2615/2590/697 2618/2593/2561
f 2612/2587/696 2618/2593/2561 2613/2588/2558
f 2600/2575/733 2635/2610/731 2638/2613/2566
f 2600/2575/733 2638/2613/2566 2601/2576/226
f 2604/2579/722 2639/2614/721 2640/2615/2567
f 2604/2579/722 2640/2615/2567 2605/2580/19
f 2608/2583/711 2641/2616/709 2642/2617/2568
f 2608/2583/711 2642/2617/2568 2609/2584/2493
f 2620/2595/736 2643/2618/843 2644/2619/2569
f 2620/2595/736 2644/2619/2569 2621/2596/2562
f 2624/2599/726 2645/2620/724 2646/2621/2570
f 2624/2599/726 2646/2621/2570 2625/2600/2495
f 2628/2603/716 2647/2622/714 2648/2623/2571
f 2628/2603/716 2648/2623/2571 2629/2604/345
f 2632/2607/703 2649/2624/701 2650/2625/237
f 2632/2607/703 2650/2625/237 2633/2608/2344
f 2616/2591/739 2651/2626/738 2652/2627/2572
f 2616/2591/739 2652/2627/2572 2617/2592/2560
f 2636/2611/730 2653/2628/729 2654/2629/2573
f 2636/2611/730 2654/2629/2573 2637/2612/2565
f 2655/2630/1332 2656/2631/275 2657/2632/2574
f 2655/2630/1332 2657/2632/2574 2658/2633/2575
f 2661/2634/2576 2662/2635/2577 2663/2636/2578
f 2664/2637/2579 2593/2638/2580 2594/2639/2581
f 2664/2637/2579 2594/2639/2581 2665/2640/2582
f 2666/2641/2583 2659/2642/2584 2660/2643/2585
f 2667/2644/2586 2661/2634/2576 2663/2636/2578
f 2668/2645/2587 2669/2646/2588 2594/2639/2581
f 2670/2647/2589 2664/2637/2579 2665/2640/2582
f 2670/2647/2589 2665/2640/2582 2671/2648/2590
f 2667/2644/2586 2663/2636/2578 2672/2649/2591
f 2673/2650/2592 2667/2644/2586 2672/2649/2591
f 2674/2651/2593 2675/2652/2594 2676/2653/2595
f 2677/2654/2596 2674/2651/2593 2676/2653/2595
f 2678/2655/2597 2679/2656/2598 2680/2657/2599
f 2681/2658/2600 2677/2654/2596 2676/2653/2595
f 2682/2659/2601 2678/2655/2597 2680/2657/2599
f 2684/2660/2602 2685/2661/2603 2686/2662/2604
f 2659/2642/2584 2682/2659/2601 2680/2657/2599
f 2684/2660/2602 2686/2662/2604 2662/2635/2577
f 2659/2642/2584 2680/2657/2599 2660/2643/2585
f 2661/2634/2576 2684/2660/2602 2662/2635/2577
f 2689/2663/131 2690/2664/2605 2691/2665/2606
f 2689/2663/131 2691/2665/2606 2692/2666/2607
f 2693/2667/1329 2694/2668/1326 2695/2669/2608
f 2693/2667/1329 2695/2669/2608 2696/2670/2609
f 2697/2671/1331 2655/2630/1332 2658/2633/2575
f 2697/2671/1331 2658/2633/2575 2698/2672/2610
f 2699/2673/1335 2689/2663/131 2692/2666/2607
f 2699/2673/1335 2692/2666/2607 2700/2674/2611
f 2701/2675/2612 2693/2667/1329 2696/2670/2609
f 2701/2675/2612 2696/2670/2609 2702/2676/2613
f 2703/2677/1257 2699/2673/1335 2700/2674/2611
f 2703/2677/1257 2700/2674/2611 2704/2678/2614
f 2705/2679/1287 2701/2675/2612 2702/2676/2613
f 2705/2679/1287 2702/2676/2613 2706/2680/2615
f 2707/2681/8 2703/2677/1257 2704/2678/2614
f 2707/2681/8 2704/2678/2614 2708/2682/2616
f 2709/2683/1286 2705/2679/1287 2706/2680/2615
f 2709/2683/1286 2706/2680/2615 2710/2684/2617
f 2711/2685/1290 2707/2681/8 2708/2682/2616
f 2711/2685/1290 2708/2682/2616 2712/2686/2618
f 2713/2687/1292 2709/2683/1286 2710/2684/2617
f 2713/2687/1292 2710/2684/2617 2714/2688/2619
f 2715/2689/13 2713/2687/1292 2714/2688/2619
f 2715/2689/13 2714/2688/2619 2716/2690/2620
f 2717/2691/1297 2718/2692/2621 2719/2693/2622
f 2717/2691/1297 2719/2693/2622 2720/2694/2623
f 2721/2695/1299 2715/2689/13 2716/2690/2620
f 2721/2695/1299 2716/2690/2620 2722/2696/2624
f 2723/2697/1301 2717/2691/1297 2720/2694/2623
f 2723/2697/1301 2720/2694/2623 2724/2698/2625
f 2725/2699/1303 2721/2695/1299 2722/2696/2624
f 2725/2699/1303 2722/2696/2624 2726/2700/2626
f 2727/2701/1307 2725/2699/1303 2726/2700/2626
f 2727/2701/1307 2726/2700/2626 2728/2702/2627
f 2729/2703/1312 2730/2704/1305 2731/2705/2628
f 2729/2703/1312 2731/2705/2628 2732/2706/2629
f 2733/2707/1309 2727/2701/1307 2728/2702/2627
f 2733/2707/1309 2728/2702/2627 2734/2708/2630
f 2735/2709/1311 2729/2703/1312 2732/2706/2629
f 2735/2709/1311 2732/2706/2629 2736/2710/2631
f 2737/2711/292 2733/2707/1309 2734/2708/2630
f 2737/2711/292 2734/2708/2630 2738/2712/2632
f 2739/2713/1317 2735/2709/1311 2736/2710/2631
f 2739/2713/1317 2736/2710/2631 2740/2714/2633
f 2741/2715/1319 2737/2711/292 2738/2712/2632
f 2741/2715/1319 2738/2712/2632 2742/2716/2634
f 2743/2717/1321 2744/2718/144 2745/2719/2635
f 2743/2717/1321 2745/2719/2635 2746/2720/2636
f 2690/2664/2605 2741/2715/1319 2742/2716/2634
f 2690/2664/2605 2742/2716/2634 2691/2665/2606
f 2694/2668/1326 2743/2717/1321 2746/2720/2636
f 2694/2668/1326 2746/2720/2636 2695/2669/2608
f 2747/2721/2637 2748/2722/2638 2749/2723/2639
f 2747/2721/2637 2749/2723/2639 2750/2724/2640
f 2755/2725/2641 2753/2726/2642 2754/2727/2643
f 2755/2725/2641 2754/2727/2643 2756/2728/2644
f 2757/2729/2645 2758/2730/2646 2759/2731/2647
f 2757/2729/2645 2759/2731/2647 2760/2732/2648
f 2757/2729/2645 2760/2732/2648 2761/2733/2649
f 2762/2734/2650 2755/2725/2641 2756/2728/2644
f 2762/2734/2650 2756/2728/2644 2763/2735/2651
f 2764/2736/2652 2757/2729/2645 2761/2733/2649
f 2767/2737/2653 2765/2738/2654 2766/2739/2655
f 2767/2737/2653 2766/2739/2655 2768/2740/2656
f 2769/2741/2657 2764/2736/2652 2770/2742/2658
f 2771/2743/2659 2687/2744/2660 2688/2745/2661
f 2771/2743/2659 2688/2745/2661 2772/2746/2662
f 2687/2744/2660 2773/2747/2663 2774/2748/2664
f 2687/2744/2660 2774/2748/2664 2688/2745/2661
f 2751/2749/2665 2767/2737/2653 2768/2740/2656
f 2751/2749/2665 2768/2740/2656 2752/2750/2666
f 2775/2751/2667 2776/2752/2668 2777/2753/2669
f 2778/2754/2670 2779/2755/2671 2780/2756/2672
f 2778/2754/2670 2780/2756/2672 2781/2757/2673
f 2782/2758/2674 2747/2721/2637 2750/2724/2640
f 2782/2758/2674 2750/2724/2640 2783/2759/2675
f 2784/2760/2676 2778/2754/2670 2781/2757/2673
f 2784/2760/2676 2781/2757/2673 2785/2761/2677
f 2786/2762/2678 2782/2758/2674 2783/2759/2675
f 2786/2762/2678 2783/2759/2675 2787/2763/2679
f 2788/2764/2680 2784/2760/2676 2785/2761/2677
f 2788/2764/2680 2785/2761/2677 2789/2765/2681
f 2790/2766/2682 2786/2762/2678 2787/2763/2679
f 2790/2766/2682 2787/2763/2679 2791/2767/2683
f 2792/2768/2684 2788/2764/2680 2789/2765/2681
f 2792/2768/2684 2789/2765/2681 2793/2769/2685
f 2794/2770/2686 2790/2766/2682 2791/2767/2683
f 2794/2770/2686 2791/2767/2683 2795/2771/2687
f 2796/2772/2688 2792/2768/2684 2793/2769/2685
f 2796/2772/2688 2793/2769/2685 2797/2773/2689
f 2798/2774/2690 2794/2770/2686 2795/2771/2687
f 2798/2774/2690 2795/2771/2687 2799/2775/2691
f 2800/2776/2692 2796/2772/2688 2797/2773/2689
f 2800/2776/2692 2797/2773/2689 2801/2777/2693
f 2802/2778/2694 2803/2779/2695 2804/2780/2696
f 2802/2778/2694 2804/2780/2696 2805/2781/2697
f 2806/2782/2698 2798/2774/2690 2799/2775/2691
f 2806/2782/2698 2799/2775/2691 2807/2783/2699
f 2808/2784/2700 2800/2776/2692 2801/2777/2693
f 2808/2784/2700 2801/2777/2693 2809/2785/2701
f 2810/2786/2702 2802/2778/2694 2805/2781/2697
f 2810/2786/2702 2805/2781/2697 2811/2787/2703
f 2812/2788/2704 2806/2782/2698 2807/2783/2699
f 2812/2788/2704 2807/2783/2699 2813/2789/2705
f 2814/2790/2706 2808/2784/2700 2809/2785/2701
f 2814/2790/2706 2809/2785/2701 2815/2791/2707
f 2816/2792/2708 2810/2786/2702 2811/2787/2703
f 2816/2792/2708 2811/2787/2703 2817/2793/2709
f 2818/2794/2710 2812/2788/2704 2813/2789/2705
f 2818/2794/2710 2813/2789/2705 2819/2795/2711
f 2820/2796/2712 2816/2792/2708 2817/2793/2709
f 2820/2796/2712 2817/2793/2709 2821/2797/2713
f 2822/2798/2714 2818/2794/2710 2819/2795/2711
f 2822/2798/2714 2819/2795/2711 2823/2799/2715
f 2824/2800/2716 2825/2801/2717 2826/2802/2718
f 2824/2800/2716 2826/2802/2718 2827/2803/2719
f 2828/2804/2720 2820/2796/2712 2821/2797/2713
f 2828/2804/2720 2821/2797/2713 2829/2805/2721
f 2803/2779/2695 2822/2798/2714 2823/2799/2715
f 2803/2779/2695 2823/2799/2715 2804/2780/2696
f 2830/2806/2722 2824/2800/2716 2827/2803/2719
f 2830/2806/2722 2827/2803/2719 2831/2807/2723
f 2832/2808/2724 2828/2804/2720 2829/2805/2721
f 2832/2808/2724 2829/2805/2721 2833/2809/2725
f 2834/2810/2726 2830/2806/2722 2831/2807/2723
f 2834/2810/2726 2831/2807/2723 2835/2811/2727
f 2836/2812/2728 2832/2808/2724 2833/2809/2725
f 2836/2812/2728 2833/2809/2725 2837/2813/2729
f 2748/2722/2638 2834/2810/2726 2835/2811/2727
f 2748/2722/2638 2835/2811/2727 2749/2723/2639
f 2779/2755/2671 2836/2812/2728 2837/2813/2729
f 2779/2755/2671 2837/2813/2729 2780/2756/2672
f 2850/2814/2730 2851/2815/2731 2852/2816/2732
f 2848/2817/2733 2849/2818/2734 2855/2819/2735
f 2840/2820/2736 2839/2821/2737 2858/2822/2738
f 2854/2823/2739 2853/2824/2740 2857/2825/2741
f 2775/2751/2667 2777/2753/2669 2861/2826/2742
f 2841/2827/2743 2775/2751/2667 2861/2826/2742
f 2838/2828/2744 2856/2829/2745 2863/2830/2746
f 2842/2831/2747 2840/2820/2736 2858/2822/2738
f 2843/2832/2748 2838/2828/2744 2863/2830/2746
f 2843/2832/2748 2863/2830/2746 2864/2833/2749
f 2844/2834/2750 2865/2835/2751 2856/2829/2745
f 2845/2836/2752 2843/2832/2748 2864/2833/2749
f 2838/2828/2744 2844/2834/2750 2856/2829/2745
f 2859/2837/2753 2845/2836/2752 2864/2833/2749
f 2847/2838/2754 2846/2839/2755 2866/2840/2756
f 2860/1312/2757 2847/2838/2754 2866/2840/2756
f 2848/2817/2733 2855/2819/2735 2867/2841/2758
f 2850/2814/2730 2852/2816/2732 2868/2842/2759
f 2853/2824/2740 2848/2817/2733 2867/2841/2758
f 2853/2824/2740 2867/2841/2758 2857/2825/2741
f 2841/2827/2743 2861/2826/2742 2869/2843/2760
f 2842/2831/2747 2858/2822/2738 2866/2840/2756
f 2854/2823/2739 2857/2825/2741 2870/1319/2761
f 2839/2821/2737 2862/2844/2762 2858/2822/2738
f 2871/2845/2763 2872/2846/2764 2873/2847/2765
f 2871/2845/2763 2873/2847/2765 2874/2848/2766
f 2875/2849/2767 2876/2850/2768 2877/2851/2769
f 2875/2849/2767 2877/2851/2769 2878/2852/2770
f 2872/2846/2764 2879/2853/2771 2880/2854/2772
f 2872/2846/2764 2880/2854/2772 2873/2847/2765
f 2876/2850/2768 2881/2855/2773 2882/2856/2774
f 2876/2850/2768 2882/2856/2774 2877/2851/2769
f 2879/2853/2771 2883/2857/2775 2884/2858/2776
f 2879/2853/2771 2884/2858/2776 2880/2854/2772
f 2883/2857/2775 2885/2859/2777 2886/2860/2778
f 2883/2857/2775 2886/2860/2778 2884/2858/2776
f 2885/2859/2777 2887/2861/2779 2888/2862/2780
f 2885/2859/2777 2888/2862/2780 2886/2860/2778
f 2887/2861/2779 2889/2863/2781 2890/2864/2782
f 2887/2861/2779 2890/2864/2782 2888/2862/2780
f 2891/2865/2783 2892/2866/2784 2893/2867/2785
f 2891/2865/2783 2893/2867/2785 2894/2868/2786
f 2889/2863/2781 2895/2869/2787 2896/2870/2788
f 2889/2863/2781 2896/2870/2788 2890/2864/2782
f 2892/2866/2784 2897/2871/2789 2898/2872/2790
f 2892/2866/2784 2898/2872/2790 2893/2867/2785
f 2895/2869/2787 2899/2873/2791 2900/2874/2792
f 2895/2869/2787 2900/2874/2792 2896/2870/2788
f 2897/2871/2789 2901/2875/2793 2902/2876/2794
f 2897/2871/2789 2902/2876/2794 2898/2872/2790
f 2899/2873/2791 2903/2877/2795 2904/2878/2796
f 2899/2873/2791 2904/2878/2796 2900/2874/2792
f 2903/2877/2795 2905/2879/2797 2906/2880/2798
f 2903/2877/2795 2906/2880/2798 2904/2878/2796
f 2907/2881/2799 2908/2882/2800 2909/2883/2801
f 2907/2881/2799 2909/2883/2801 2910/2884/2802
f 2911/2885/2803 2912/2886/2804 2913/2887/2805
f 2911/2885/2803 2913/2887/2805 2914/2888/2806
f 2905/2879/2797 2915/2889/2807 2916/2890/2808
f 2905/2879/2797 2916/2890/2808 2906/2880/2798
f 2908/2882/2800 2917/2891/2809 2918/2892/2810
f 2908/2882/2800 2918/2892/2810 2909/2883/2801
f 2912/2886/2804 2919/2893/2811 2920/2894/2812
f 2912/2886/2804 2920/2894/2812 2913/2887/2805
f 2915/2889/2807 2921/2895/2813 2922/2896/2814
f 2915/2889/2807 2922/2896/2814 2916/2890/2808
f 2919/2893/2811 2923/2897/2815 2924/2898/2816
f 2919/2893/2811 2924/2898/2816 2920/2894/2812
f 2921/2895/2813 2925/2899/2817 2926/2900/2818
f 2921/2895/2813 2926/2900/2818 2922/2896/2814
f 2927/2901/2819 2871/2845/2763 2874/2848/2766
f 2927/2901/2819 2874/2848/2766 2928/2902/2820
f 2925/2899/2817 2929/2903/2821 2930/2904/2822
f 2925/2899/2817 2930/2904/2822 2926/2900/2818
f 2683/2905/2823 2677/2654/2596 2681/2658/2600
f 2933/2906/2824 2934/2907/2825 2935/2908/2826
f 2936/2909/2827 2931/2910/2828 2932/2911/2829
f 2936/2909/2827 2932/2911/2829 2937/2912/2830
f 2938/2913/2831 2957/2914/2832 2939/2915/2833
f 2931/2910/2828 2940/2916/2834 2941/2917/2835
f 2943/2918/2836 2936/2909/2827 2937/2912/2830
f 2943/2918/2836 2937/2912/2830 2944/2919/2837
f 2945/2920/2838 2933/2906/2824 2942/2921/2839
f 2945/2920/2838 2942/2921/2839 2946/2922/2840
f 2931/2910/2828 2941/2917/2835 2932/2911/2829
f 2949/2923/2841 2947/2924/2842 2948/2925/2843
f 2949/2923/2841 2948/2925/2843 2950/2926/2844
f 2951/2927/2845 2952/2928/2846 2953/2929/2847
f 2949/2923/2841 2950/2926/2844 2954/2930/2848
f 2951/2927/2845 2953/2929/2847 2955/2931/2849
f 2956/2932/2850 2949/2923/2841 2954/2930/2848
f 2957/2914/2832 2951/2927/2845 2955/2931/2849
f 2957/2914/2832 2955/2931/2849 2958/2933/2851
f 2959/2934/2852 2960/2935/2853 2961/2936/2854
f 2934/2907/2825 2959/2934/2852 2961/2936/2854
f 2934/2907/2825 2961/2936/2854 2935/2908/2826
f 2962/2937/2855 2963/2938/2856 2964/2939/2857
f 2962/2937/2855 2964/2939/2857 2965/2940/2858
f 2966/2941/2859 2967/2942/2860 2968/2943/2861
f 2966/2941/2859 2968/2943/2861 2969/2944/2862
f 2970/2945/2863 2971/2946/2864 2972/2947/2865
f 2970/2945/2863 2972/2947/2865 2973/2948/2866
f 2974/2949/2867 2962/2937/2855 2965/2940/2858
f 2974/2949/2867 2965/2940/2858 2975/2950/2868
f 2976/2951/2869 2966/2941/2859 2969/2944/2862
f 2976/2951/2869 2969/2944/2862 2977/2952/2870
f 2978/2953/2871 2974/2949/2867 2975/2950/2868
f 2978/2953/2871 2975/2950/2868 2979/2954/2872
f 2980/2955/2873 2976/2951/2869 2977/2952/2870
f 2980/2955/2873 2977/2952/2870 2981/2956/2874
f 2982/2957/2875 2983/2958/2876 2984/2959/2877
f 2982/2957/2875 2984/2959/2877 2985/2960/2878
f 2986/2961/2879 2978/2953/2871 2979/2954/2872
f 2986/2961/2879 2979/2954/2872 2987/2962/2880
f 2988/2963/2881 2980/2955/2873 2981/2956/2874
f 2988/2963/2881 2981/2956/2874 2989/2964/2882
f 2990/2965/2883 2982/2957/2875 2985/2960/2878
f 2990/2965/2883 2985/2960/2878 2991/2966/2884
f 2992/2967/2885 2986/2961/2879 2987/2962/2880
f 2992/2967/2885 2987/2962/2880 2993/2968/2886
f 2994/2969/2887 2992/2967/2885 2993/2968/2886
f 2994/2969/2887 2993/2968/2886 2995/2970/2888
f 2996/2971/2889 2997/2972/2890 2998/2973/2891
f 2996/2971/2889 2998/2973/2891 2999/2974/2892
f 3000/2975/2893 2994/2969/2887 2995/2970/2888
f 3000/2975/2893 2995/2970/2888 3001/2976/2894
f 3002/2977/2895 2996/2971/2889 2999/2974/2892
f 3002/2977/2895 2999/2974/2892 3003/2978/2896
f 3004/2979/2897 3000/2975/2893 3001/2976/2894
f 3004/2979/2897 3001/2976/2894 3005/2980/2898
f 3006/2981/2899 3002/2977/2895 3003/2978/2896
f 3006/2981/2899 3003/2978/2896 3007/2982/2900
f 3008/2983/2901 3004/2979/2897 3005/2980/2898
f 3008/2983/2901 3005/2980/2898 3009/2984/2902
f 3010/2985/2903 3006/2981/2899 3007/2982/2900
f 3010/2985/2903 3007/2982/2900 3011/2986/2904
f 3012/2987/2905 3008/2983/2901 3009/2984/2902
f 3012/2987/2905 3009/2984/2902 3013/2988/2906
f 3014/2989/2907 3012/2987/2905 3013/2988/2906
f 3014/2989/2907 3013/2988/2906 3015/2990/2908
f 3016/2991/2909 3014/2989/2907 3015/2990/2908
f 3016/2991/2909 3015/2990/2908 3017/2992/2910
f 3018/2993/2911 3019/2994/2912 3020/2995/2913
f 3018/2993/2911 3020/2995/2913 3021/2996/2914
f 3022/2997/2915 3016/2991/2909 3017/2992/2910
f 3022/2997/2915 3017/2992/2910 3023/2998/2916
f 2967/2942/2860 3018/2993/2911 3021/2996/2914
f 2967/2942/2860 3021/2996/2914 2968/2943/2861
f 2971/2946/2864 3022/2997/2915 3023/2998/2916
f 2971/2946/2864 3023/2998/2916 2972/2947/2865
f 2668/2645/2587 2594/2639/2581 2593/2638/2580
f 3024/2999/2917 2679/2656/2598 2678/2655/2597
f 2739/2713/1317 2740/2714/2633 2657/2632/2574
f 2739/2713/1317 2657/2632/2574 2656/2631/275
f 2723/2697/1301 2724/2698/2625 2731/2705/2628
f 2723/2697/1301 2731/2705/2628 2730/2704/1305
f 2711/2685/1290 2712/2686/2618 2719/2693/2622
f 2711/2685/1290 2719/2693/2622 2718/2692/2621
f 3025/3000/1339 3026/3001/2918 2745/2719/2635
f 3025/3000/1339 2745/2719/2635 2744/2718/144
f 2697/2671/1331 2698/2672/2610 3026/3001/2918
f 2697/2671/1331 3026/3001/2918 3025/3000/1339
f 2764/2736/2652 2761/2733/2649 2770/2742/2658
f 2814/2790/2706 2815/2791/2707 2826/2802/2718
f 2814/2790/2706 2826/2802/2718 2825/2801/2717
f 2850/2814/2730 2868/2842/2759 2777/2753/2669
f 2850/2814/2730 2777/2753/2669 2776/2752/2668
f 2841/2827/2743 2869/2843/2760 3027/3002/2919
f 2842/2831/2747 2866/2840/2756 2846/2839/2755
f 2907/2881/2799 2910/2884/2802 2902/2876/2794
f 2907/2881/2799 2902/2876/2794 2901/2875/2793
f 2891/2865/2783 2894/2868/2786 3028/3003/2920
f 2891/2865/2783 3028/3003/2920 3029/3004/2921
f 3029/3004/2921 3028/3003/2920 3030/3005/2922
f 3029/3004/2921 3030/3005/2922 3031/3006/2923
f 3031/3006/2923 3030/3005/2922 2882/2856/2774
f 3031/3006/2923 2882/2856/2774 2881/2855/2773
f 2875/2849/2767 2878/2852/2770 2924/2898/2816
f 2875/2849/2767 2924/2898/2816 2923/2897/2815
f 2927/2901/2819 2928/2902/2820 2918/2892/2810
f 2927/2901/2819 2918/2892/2810 2917/2891/2809
f 2911/2885/2803 2914/2888/2806 2930/2904/2822
f 2911/2885/2803 2930/2904/2822 2929/2903/2821
f 2933/2906/2824 2935/2908/2826 2942/2921/2839
f 2957/2914/2832 2958/2933/2851 2939/2915/2833
f 2945/2920/2838 2946/2922/2840 3032/3007/2924
f 2988/2963/2881 2989/2964/2882 2964/2939/2857
f 2988/2963/2881 2964/2939/2857 2963/2938/2856
f 2970/2945/2863 2973/2948/2866 2984/2959/2877
f 2970/2945/2863 2984/2959/2877 2983/2958/2876
f 3033/3008/2925 3034/3009/2926 3020/2995/2913
f 3033/3008/2925 3020/2995/2913 3019/2994/2912
f 3010/2985/2903 3011/2986/2904 3034/3009/2926
f 3010/2985/2903 3034/3009/2926 3033/3008/2925
f 2990/2965/2883 2991/2966/2884 2998/2973/2891
f 2990/2965/2883 2998/2973/2891 2997/2972/2890
f 3037/3010/2927 3038/3011/2928 3117/3012/2929
f 3039/3013/2930 3040/3014/2931 3041/3015/2932
f 3039/3013/2930 3041/3015/2932 3042/3016/2933
f 3042/3016/2933 3041/3015/2932 3043/3017/2934
f 3044/3018/2935 3045/3019/2936 3046/3020/2937
f 3044/3018/2935 3046/3020/2937 3047/3021/2938
f 3047/3021/2938 3046/3020/2937 3048/3022/2939
f 3047/3021/2938 3048/3022/2939 3049/3023/2940
f 3049/3023/2940 3048/3022/2939 3050/3024/2941
f 3051/3025/2942 3059/3026/2943 3052/3027/2944
f 3051/3025/2942 3052/3027/2944 3053/3028/2945
f 3051/3025/2942 3053/3028/2945 3054/3029/2946
f 3055/3030/2947 3056/3031/2948 3057/3032/2949
f 3054/3029/2946 3053/3028/2945 3058/3033/2950
f 3056/3031/2948 3062/3034/2951 3063/3035/2952
f 3056/3031/2948 3063/3035/2952 3064/3036/2953
f 3062/3034/2954 3078/3037/2955 3065/3038/2956
f 3062/3034/2957 3065/3038/2958 3063/3035/2959
f 3068/3039/2960 3069/3040/2961 3070/3041/2962
f 3055/3030/2947 3057/3032/2949 3072/3042/2963
f 3066/3043/2964 3067/3044/2965 3073/3045/2966
f 3048/3022/2939 3046/3020/2937 3074/3046/2967
f 3053/3028/2945 3052/3027/2944 3071/3047/2968
f 3075/3048/2969 3060/3049/2970 3061/3050/2971
f 3075/3048/2969 3061/3050/2971 3076/3051/2972
f 3060/3049/2970 3066/3043/2964 3073/3045/2966
f 3066/3043/2964 3055/3030/2947 3072/3042/2963
f 3068/3039/2960 3075/3048/2973 3076/3051/2974
f 3068/3039/2960 3076/3051/2974 3069/3040/2961
f 3056/3031/2948 3064/3036/2953 3057/3032/2949
f 3060/3049/2970 3073/3045/2966 3061/3050/2971
f 3066/3043/2964 3072/3042/2963 3067/3044/2965
f 3071/3047/2968 3052/3027/2944 3059/3026/2943
f 3080/3052/2975 3099/3053/2976 3081/3054/2977
f 3082/3055/2978 3083/3056/2979 3084/3057/2980
f 3082/3055/2978 3084/3057/2980 3085/3058/2981
f 3129/3059/2982 3088/3060/2983 3089/3061/2984
f 3129/3059/2982 3089/3061/2984 3130/3062/2985
f 3090/3063/2986 3086/3064/2987 3087/3065/2988
f 3091/3066/2989 3071/3047/2968 3092/3067/2990
f 3090/3063/2986 3087/3065/2988 3093/3068/2991
f 3074/3046/2967 3094/3069/2992 3095/3070/2993
f 3096/3071/2994 3090/3063/2986 3093/3068/2991
f 3096/3071/2994 3093/3068/2991 3097/3072/2995
f 3080/3052/2975 3098/3073/2996 3099/3053/2976
f 3100/3074/2997 3101/3075/2998 2387/2359/2321
f 3100/3074/2997 2387/2359/2321 2386/2358/2320
f 3092/3067/2990 3071/3047/2968 3079/3076/2999
f 3103/3077/3000 3102/3078/3001 2377/2354/2316
f 3074/3046/2967 3095/3070/2993 3108/3079/3002
f 3109/3080/3003 3103/3077/3000 2377/2354/2316
f 3074/3046/2967 3108/3079/3002 3110/3081/3004
f 3048/3022/2939 3074/3046/2967 3110/3081/3004
f 3111/3082/3005 3109/3080/3003 2377/2354/2316
f 3111/3082/3005 2377/2354/2316 2387/2359/2321
f 3050/3024/2941 3048/3022/2939 3110/3081/3004
f 3102/3078/3001 3112/3083/3006 2378/2351/2313
f 3102/3078/3001 2378/2351/2313 2377/2354/2316
f 3071/3047/2968 3059/3026/2943 3079/3076/2999
f 3037/3010/2927 3117/3012/2929 3113/3084/3007
f 3037/3010/2927 3035/3085/3008 3036/3086/3009
f 3037/3010/2927 3036/3086/3009 3038/3011/2928
f 3038/3011/2928 3116/3087/3010 3117/3012/2929
f 3078/3037/3011 3119/3088/3012 3063/3035/3013
f 3078/3037/3011 3063/3035/3013 3062/3034/3014
f 3062/3034/3015 3065/3038/3016 3056/3031/3017
f 3060/3049/3018 3122/3089/3019 3069/3040/2961
f 3114/3090/3020 3124/3091/3021 3115/3092/3022
f 3077/3093/3023 3119/3088/3012 3078/3037/3011
f 3068/3039/3024 3125/3094/3025 3121/3095/3026
f 3068/3039/3024 3121/3095/3026 3120/3096/3027
f 3075/3048/3028 3076/3051/3029 3118/3097/3030
f 3075/3048/3028 3118/3097/3030 3068/3039/3024
f 3120/3096/3027 3121/3095/3026 3124/3091/3021
f 3120/3096/3027 3124/3091/3021 3114/3090/3020
f 3060/3049/3018 3069/3040/2961 3076/3051/2974
f 3060/3049/3018 3076/3051/2974 3075/3048/3031
f 3114/3090/3020 3115/3092/3022 3119/3088/3012
f 3114/3090/3020 3119/3088/3012 3077/3093/3023
f 3068/3039/3024 3118/3097/3030 3125/3094/3025
f 3056/3031/3017 3065/3038/3016 3126/3098/3032
f 3123/3099/3033 3116/3087/3010 3038/3011/2928
f 3131/3100/3034 3132/3101/3035 3116/3087/3010
f 3131/3100/3034 3116/3087/3010 3123/3099/3033
f 3127/3102/3036 3136/3103/3037 3135/3104/3038
f 3041/3015/2932 3138/3105/3039 3136/3103/3037
f 3041/3015/2932 3136/3103/3037 3127/3102/3036
f 3139/3106/3040 3137/3107/3041 3083/3056/2979
f 3040/3014/2931 3138/3105/3039 3041/3015/2932
f 3129/3059/2982 3141/3108/3042 3140/3109/3043
f 3117/3012/2929 3142/3110/3044 3113/3084/3007
f 3100/3074/3045 2386/2358/2333 2392/2364/2328
f 3100/3074/3045 2392/2364/2328 3143/3111/3046
f 3145/3112/3047 2380/2353/2334 2393/2367/2335
f 3145/3112/3047 2393/2367/2335 3128/3113/3048
f 3146/3114/3049 2385/2361/2324 2386/2358/2323
f 3146/3114/3049 2386/2358/2323 3100/3074/3050
f 3145/3112/3047 2379/2352/3051 2380/2353/2334
f 3146/3114/3049 2384/2357/2325 2385/2361/2324
f 3083/3056/2979 3137/3107/3041 3144/3115/3052
f 3083/3056/2979 3144/3115/3052 3084/3057/2980
f 3112/3083/3053 2378/2351/3054 2379/2352/3051
f 3112/3083/3053 2379/2352/3051 3145/3112/3047
f 3147/3116/3055 2393/2367/2335 2384/2357/2325
f 3147/3116/3055 2384/2357/2325 3146/3114/3049
f 3148/3117/3056 2393/2367/2335 3147/3116/3055
f 3149/3118/3057 2393/2367/2335 3148/3117/3056
f 3130/3062/2985 3150/3119/3058 3141/3108/3042
f 3130/3062/2985 3141/3108/3042 3129/3059/2982
f 3128/3113/3048 2393/2367/2335 3149/3118/3057
f 3151/3120/3059 2388/2365/2330 2378/2351/2329
f 3151/3120/3059 2378/2351/2329 3112/3083/3060
f 3152/3121/3061 3153/3122/3062 3154/3123/3063
f 3152/3121/3061 3154/3123/3063 3155/3124/3064
f 3155/3124/3064 3154/3123/3063 3156/3125/3065
f 3155/3124/3064 3156/3125/3065 3232/3126/3066
f 3155/3124/3064 3232/3126/3066 3157/3127/3067
f 3158/3128/3068 3159/3129/3069 3160/3130/3070
f 3158/3128/3068 3160/3130/3070 3161/3131/3071
f 3161/3131/3071 3160/3130/3070 3162/3132/3072
f 3161/3131/3071 3162/3132/3072 3163/3133/3073
f 3161/3131/3071 3163/3133/3073 3164/3134/3074
f 3165/3135/3075 3166/3136/3076 3167/3137/3077
f 3167/3137/3077 3166/3136/3076 3168/3138/3078
f 3167/3137/3077 3168/3138/3078 3169/3139/3079
f 3170/3140/3080 3169/3139/3079 3171/3141/3081
f 3172/3142/3082 3173/3143/3083 3174/3144/3084
f 3172/3142/3082 3174/3144/3084 3175/3145/3085
f 3172/3142/3082 3175/3145/3085 3176/3146/3086
f 3176/3146/3086 3175/3145/3085 3179/3147/3087
f 3183/3148/3088 3184/3149/3089 3185/3150/3090
f 3183/3148/3088 3185/3150/3090 3186/3151/3091
f 3184/3149/3092 3187/3152/3093 3188/3153/3094
f 3191/3154/3095 3192/3155/3096 3193/3156/3097
f 3175/3145/3085 3174/3144/3084 3194/3157/3098
f 3177/3158/3099 3178/3159/3100 3195/3160/3101
f 3196/3161/3102 3183/3148/3088 3186/3151/3091
f 3181/3162/3103 3189/3163/3104 3190/3164/3105
f 3181/3162/3103 3190/3164/3105 3197/3165/3106
f 3199/3166/3107 3181/3162/3103 3182/3167/3108
f 3199/3166/3107 3182/3167/3108 3200/3168/3109
f 3171/3141/3081 3169/3139/3079 3201/3169/3110
f 3169/3139/3079 3168/3138/3078 3202/3170/3111
f 3189/3163/3104 3177/3158/3099 3195/3160/3101
f 3189/3163/3104 3195/3160/3101 3190/3164/3105
f 3191/3154/3095 3199/3166/3112 3200/3168/3113
f 3191/3154/3095 3200/3168/3113 3192/3155/3096
f 3177/3158/3099 3196/3161/3102 3186/3151/3091
f 3177/3158/3099 3186/3151/3091 3178/3159/3100
f 3181/3162/3103 3197/3165/3106 3182/3167/3108
f 3187/3152/3093 3198/3171/3114 3188/3153/3094
f 3206/3172/3115 3207/3173/3116 3208/3174/3117
f 3194/3157/3098 3174/3144/3084 3180/3175/3118
f 3209/3176/3119 3204/3177/3120 3205/3178/3121
f 3209/3176/3119 3205/3178/3121 3210/3179/3122
f 3211/3180/3123 3194/3157/3098 3212/3181/3124
f 3206/3172/3115 3208/3174/3117 3213/3182/3125
f 3216/3183/3126 3206/3172/3115 3213/3182/3125
f 3202/3170/3111 3214/3184/3127 3215/3185/3128
f 3204/3177/3120 3217/3186/3129 3218/3187/3130
f 3204/3177/3120 3218/3187/3130 3205/3178/3121
f 3219/3188/3131 3220/3189/3132 2408/2384/2352
f 3219/3188/3131 2408/2384/2352 2409/2383/2351
f 3212/3181/3124 3194/3157/3098 3203/3190/3133
f 3222/3191/3134 3221/3192/3135 2405/2379/2347
f 3202/3170/3111 3215/3185/3128 3225/3193/3136
f 3226/3194/3137 3222/3191/3134 2405/2379/2347
f 3202/3170/3111 3225/3193/3136 3169/3139/3079
f 3227/3195/3138 3226/3194/3137 2405/2379/2347
f 3227/3195/3138 2405/2379/2347 2408/2384/2352
f 3201/3169/3110 3169/3139/3079 3228/3196/3139
f 3221/3192/3135 3229/3197/3140 2406/2380/2348
f 3221/3192/3135 2406/2380/2348 2405/2379/2347
f 3194/3157/3098 3180/3175/3118 3203/3190/3133
f 3170/3140/3080 3167/3137/3077 3169/3139/3079
f 3230/3198/3141 3231/3199/3142 3187/3152/3143
f 3187/3152/3143 3234/3200/3144 3185/3150/3145
f 3187/3152/3143 3185/3150/3145 3184/3149/3146
f 3184/3149/3147 3185/3150/3148 3188/3153/3149
f 3184/3149/3150 3188/3153/3151 3183/3148/3152
f 3181/3162/3153 3237/3201/3154 3192/3155/3096
f 3230/3198/3141 3239/3202/3155 3231/3199/3142
f 3235/3203/3156 3240/3204/3157 3236/3205/3158
f 3160/3130/3070 3241/3206/3159 3162/3132/3072
f 3154/3123/3063 3238/3207/3160 3156/3125/3065
f 3199/3166/3161 3200/3168/3162 3233/3208/3163
f 3199/3166/3161 3233/3208/3163 3191/3154/3164
f 3191/3154/3164 3240/3204/3157 3235/3203/3156
f 3235/3203/3156 3236/3205/3158 3239/3202/3155
f 3235/3203/3156 3239/3202/3155 3230/3198/3141
f 3181/3162/3153 3192/3155/3096 3200/3168/3113
f 3181/3162/3153 3200/3168/3113 3199/3166/3165
f 3187/3152/3143 3231/3199/3142 3234/3200/3144
f 3191/3154/3164 3233/3208/3163 3240/3204/3157
f 3243/3209/3166 3244/3210/3167 3245/3211/3168
f 3238/3207/3160 3232/3126/3066 3156/3125/3065
f 3207/3173/3116 3246/3212/3169 3208/3174/3117
f 3238/3207/3160 3247/3213/3170 3232/3126/3066
f 3243/3209/3166 3248/3214/3171 3244/3210/3167
f 3209/3176/3172 3210/3179/3173 3251/3215/3174
f 3209/3176/3172 3251/3215/3174 3252/3216/3175
f 3253/3217/3176 3247/3213/3170 3238/3207/3160
f 3241/3206/3159 3254/3218/3177 3210/3179/3178
f 3241/3206/3159 3210/3179/3178 3209/3176/3179
f 3255/3219/3180 3256/3220/3181 3250/3221/3182
f 3255/3219/3180 3250/3221/3182 3249/3222/3183
f 3241/3206/3159 3160/3130/3070 3254/3218/3177
f 3219/3188/3184 2409/2383/2359 2421/2394/2368
f 3219/3188/3184 2421/2394/2368 3260/3223/3185
f 3250/3221/3182 3256/3220/3181 3261/3224/3186
f 3262/3225/3187 2411/2385/2362 2422/2396/2370
f 3262/3225/3187 2422/2396/2370 3242/3226/3188
f 3263/3227/3189 2410/2382/3190 2409/2383/3191
f 3263/3227/3189 2409/2383/3191 3219/3188/3192
f 3262/3225/3187 2407/2381/3193 2411/2385/2362
f 3263/3227/3189 2416/2386/2361 2410/2382/3190
f 3229/3197/3194 2406/2380/3195 2407/2381/3193
f 3229/3197/3194 2407/2381/3193 3262/3225/3187
f 3265/3228/3196 2422/2396/2370 2416/2386/2361
f 3265/3228/3196 2416/2386/2361 3263/3227/3189
f 3255/3219/3180 3264/3229/3197 3256/3220/3181
f 3267/3230/3198 2422/2396/2370 3265/3228/3196
f 3245/3211/3168 3266/3231/3199 3259/3232/3200
f 3268/3233/3201 2422/2396/2370 3267/3230/3198
f 3244/3210/3167 3269/3234/3202 3266/3231/3199
f 3244/3210/3167 3266/3231/3199 3245/3211/3168
f 3242/3226/3188 2422/2396/2370 3268/3233/3201
f 3270/3235/3203 2417/2391/2365 2406/2380/2364
f 3270/3235/3203 2406/2380/2364 3229/3197/3204
f 3271/3236/3205 3272/3237/3206 3273/3238/3207
f 3271/3236/3205 3273/3238/3207 3274/3239/3208
f 3271/3236/3205 3274/3239/3208 3275/3240/3209
f 3276/3241/3210 3277/3242/3211 3279/3243/3212
f 3276/3241/3210 3279/3243/3212 3278/3244/3213
f 3278/3244/3213 3279/3243/3212 3280/3245/3214
f 3278/3244/3213 3280/3245/3214 3281/3246/3215
f 3281/3246/3215 3280/3245/3214 3282/3247/3216
f 3283/3248/3217 3284/3249/3218 3285/3250/3219
f 3285/3250/3219 3284/3249/3218 3286/3251/3220
f 3285/3250/3219 3286/3251/3220 3287/3252/3221
f 3285/3250/3219 3287/3252/3221 3288/3253/3222
f 3285/3250/3219 3288/3253/3222 3289/3254/3223
f 3285/3250/3219 3289/3254/3223 3290/3255/3224
f 3291/3256/3225 3292/3257/3226 3293/3258/3227
f 3291/3256/3225 3293/3258/3227 3294/3259/3228
f 3294/3259/3228 3293/3258/3227 3297/3260/3229
f 3295/3261/3230 3301/3262/3231 3302/3263/3232
f 3295/3261/3230 3302/3263/3232 3303/3264/3233
f 3301/3262/3234 3318/3265/3235 3304/3266/3236
f 3307/3267/3237 3308/3268/3238 3309/3269/3239
f 3295/3261/3230 3296/3270/3240 3310/3271/3241
f 3305/3272/3242 3306/3273/3243 3311/3274/3244
f 3314/3275/3245 3295/3261/3230 3310/3271/3241
f 3315/3276/3246 3299/3277/3247 3300/3278/3248
f 3315/3276/3246 3300/3278/3248 3316/3279/3249
f 3307/3267/3237 3315/3276/3250 3316/3279/3251
f 3307/3267/3237 3316/3279/3251 3308/3268/3238
f 3295/3261/3230 3303/3264/3233 3296/3270/3240
f 3299/3277/3247 3305/3272/3242 3311/3274/3244
f 3299/3277/3247 3311/3274/3244 3300/3278/3248
f 3287/3252/3221 3286/3251/3220 3312/3280/3252
f 3305/3272/3242 3314/3275/3245 3310/3271/3241
f 3305/3272/3242 3310/3271/3241 3306/3273/3243
f 3293/3258/3227 3292/3257/3226 3298/3281/3253
f 3293/3258/3227 3298/3281/3253 3313/3282/3254
f 3322/3283/3255 3323/3284/3256 3324/3285/3257
f 3360/3286/3258 3320/3287/3259 3321/3288/3260
f 3360/3286/3258 3321/3288/3260 3327/3289/3261
f 3328/3290/3262 3325/3291/3263 3326/3292/3264
f 3329/3293/3265 3313/3282/3254 3330/3294/3266
f 3312/3280/3252 3331/3295/3267 3332/3296/3268
f 3328/3290/3262 3326/3292/3264 3333/3297/3269
f 3320/3287/3259 3334/3298/3270 3335/3299/3271
f 3320/3287/3259 3335/3299/3271 3321/3288/3260
f 3336/3300/3272 3337/3301/3273 2437/2413/2386
f 3336/3300/3272 2437/2413/2386 2438/2412/2385
f 3330/3294/3266 3313/3282/3254 3319/3302/3274
f 3339/3303/3275 3338/3304/3276 2434/2408/2381
f 3312/3280/3252 3332/3296/3268 3342/3305/3277
f 3343/3306/3278 3339/3303/3275 2434/2408/2381
f 3312/3280/3252 3342/3305/3277 3287/3252/3221
f 3344/3307/3279 3343/3306/3278 2434/2408/2381
f 3344/3307/3279 2434/2408/2381 2437/2413/2386
f 3288/3253/3222 3287/3252/3221 3345/3308/3280
f 3313/3282/3254 3298/3281/3253 3346/3309/3281
f 3338/3304/3276 3347/3310/3282 2435/2409/2382
f 3338/3304/3276 2435/2409/2382 2434/2408/2381
f 3313/3282/3254 3346/3309/3281 3319/3302/3274
f 3349/3311/3283 3294/3259/3228 3297/3260/3229
f 3318/3265/3284 3352/3312/3285 3302/3263/3286
f 3318/3265/3284 3302/3263/3286 3301/3262/3287
f 3301/3262/3288 3302/3263/3289 3304/3266/3290
f 3301/3262/3291 3304/3266/3292 3295/3261/3293
f 3299/3277/3294 3355/3313/3295 3308/3268/3238
f 3273/3238/3207 3356/3314/3296 3274/3239/3208
f 3357/3315/3297 3358/3316/3298 3348/3317/3299
f 3357/3315/3297 3348/3317/3299 3317/3318/3300
f 3317/3318/3300 3352/3312/3285 3318/3265/3284
f 3353/3319/3301 3359/3320/3302 3354/3321/3303
f 3279/3243/3212 3360/3286/3304 3280/3245/3214
f 3315/3276/3305 3316/3279/3306 3351/3322/3307
f 3315/3276/3305 3351/3322/3307 3307/3267/3308
f 3299/3277/3294 3308/3268/3238 3316/3279/3251
f 3299/3277/3294 3316/3279/3251 3315/3276/3309
f 3317/3318/3300 3348/3317/3299 3352/3312/3285
f 3307/3267/3308 3351/3322/3307 3359/3320/3302
f 3307/3267/3308 3359/3320/3302 3353/3319/3301
f 3295/3261/3293 3304/3266/3292 3361/3323/3310
f 3353/3319/3301 3354/3321/3303 3358/3316/3298
f 3353/3319/3301 3358/3316/3298 3357/3315/3297
f 3274/3239/3208 3364/3324/3311 3350/3325/3312
f 3323/3284/3256 3366/3326/3313 3324/3285/3257
f 3356/3314/3296 3364/3324/3311 3274/3239/3208
f 3367/3327/3314 3368/3328/3315 3365/3329/3316
f 3367/3327/3314 3365/3329/3316 3363/3330/3317
f 3369/3331/3318 3364/3324/3311 3356/3314/3296
f 3370/3332/3319 3371/3333/3320 3323/3284/3256
f 3370/3332/3319 3374/3334/3321 3371/3333/3320
f 3360/3286/3304 3279/3243/3212 3327/3289/3322
f 3277/3242/3211 3376/3335/3323 3279/3243/3212
f 3336/3300/3324 2438/2412/2392 2449/2422/2399
f 3336/3300/3324 2449/2422/2399 3377/3336/3325
f 3323/3284/3256 3371/3333/3320 3378/3337/3326
f 3379/3338/3327 2440/2414/2401 3362/3339/3328
f 3380/3340/3329 2439/2411/3330 2438/2412/3331
f 3380/3340/3329 2438/2412/3331 3336/3300/3332
f 3379/3338/3327 2436/2410/3333 2440/2414/2401
f 3380/3340/3329 2444/2415/2394 2439/2411/3330
f 3347/3310/3334 2435/2409/3335 2436/2410/3333
f 3347/3310/3334 2436/2410/3333 3379/3338/3327
f 3381/3341/3336 2450/2424/2402 2444/2415/2394
f 3381/3341/3336 2444/2415/2394 3380/3340/3329
f 3383/3342/3337 2450/2424/2402 3381/3341/3336
f 3363/3330/3317 3382/3343/3338 3375/3344/3339
f 3384/3345/3340 2450/2424/2402 3383/3342/3337
f 3363/3330/3317 3385/3346/3341 3382/3343/3338
f 3362/3339/3328 2440/2414/2401 2450/2424/2402
f 3362/3339/3328 2450/2424/2402 3384/3345/3340
f 3365/3329/3316 3385/3346/3341 3363/3330/3317
f 3386/3347/3342 2445/2419/2396 2435/2409/2395
f 3386/3347/3342 2435/2409/2395 3347/3310/3343
f 3323/3284/3256 3378/3337/3326 3366/3326/3313
f 3387/3348/3344 3388/3349/3345 3389/3350/3346
f 3389/3350/3346 3388/3349/3345 3460/3351/3347
f 3390/3352/3348 3460/3351/3347 3391/3353/3349
f 3394/3354/3350 3395/3355/3351 3396/3356/3352
f 3397/3357/3353 3398/3358/3354 3399/3359/3355
f 3399/3359/3355 3398/3358/3354 3400/3360/3356
f 3399/3359/3355 3400/3360/3356 3401/3361/3357
f 3402/3362/3358 3403/3363/3359 3404/3364/3360
f 3402/3362/3358 3404/3364/3360 3405/3365/3361
f 3402/3362/3358 3405/3365/3361 3406/3366/3362
f 3406/3366/3362 3405/3365/3361 3409/3367/3363
f 3401/3361/3357 3400/3360/3356 3412/3368/3364
f 3413/3369/3365 3414/3370/3366 3415/3371/3367
f 3413/3369/3365 3415/3371/3367 3416/3372/3368
f 3414/3370/3369 3432/3373/3370 3417/3374/3371
f 3420/3375/3372 3421/3376/3373 3422/3377/3374
f 3407/3378/3375 3408/3379/3376 3424/3380/3377
f 3404/3364/3360 3403/3363/3359 3425/3381/3378
f 3426/3382/3379 3413/3369/3365 3416/3372/3368
f 3410/3383/3380 3418/3384/3381 3419/3385/3382
f 3410/3383/3380 3419/3385/3382 3427/3386/3383
f 3405/3365/3361 3404/3364/3360 3423/3387/3384
f 3428/3388/3385 3410/3383/3380 3411/3389/3386
f 3428/3388/3385 3411/3389/3386 3429/3390/3387
f 3418/3384/3381 3407/3378/3375 3424/3380/3377
f 3418/3384/3381 3424/3380/3377 3419/3385/3382
f 3420/3375/3372 3428/3388/3388 3429/3390/3389
f 3420/3375/3372 3429/3390/3389 3421/3376/3373
f 3407/3378/3375 3426/3382/3379 3416/3372/3368
f 3407/3378/3375 3416/3372/3368 3408/3379/3376
f 3410/3383/3380 3427/3386/3383 3411/3389/3386
f 3436/3391/3390 3466/3392/3391 3473/3393/3392
f 3436/3391/3390 3473/3393/3392 3437/3394/3393
f 3430/3395/3394 3439/3396/3395 3440/3397/3396
f 3430/3395/3394 3440/3397/3396 3441/3398/3397
f 3436/3391/3390 3437/3394/3393 3442/3399/3398
f 3400/3360/3356 3430/3395/3394 3441/3398/3397
f 3443/3400/3399 3436/3391/3390 3442/3399/3398
f 3412/3368/3364 3400/3360/3356 3441/3398/3397
f 3434/3401/3400 3444/3402/3401 3445/3403/3402
f 3434/3401/3400 3445/3403/3402 3435/3404/3403
f 3446/3405/3404 3447/3406/3405 2466/2438/2414
f 3446/3405/3404 2466/2438/2414 2468/2437/2413
f 3438/3407/3406 3423/3387/3384 3433/3408/3407
f 3449/3409/3408 3448/3410/3409 2462/2440/2416
f 3452/3411/3410 3449/3409/3408 2462/2440/2416
f 3453/3412/3411 3452/3411/3410 2462/2440/2416
f 3412/3368/3364 3441/3398/3397 3454/3413/3412
f 3453/3412/3411 2462/2440/2416 2466/2438/2414
f 3404/3364/3360 3425/3381/3378 3455/3414/3413
f 3423/3387/3384 3404/3364/3360 3455/3414/3413
f 3448/3410/3409 3456/3415/3414 2463/2441/2417
f 3448/3410/3409 2463/2441/2417 2462/2440/2416
f 3423/3387/3384 3455/3414/3413 3433/3408/3407
f 3394/3354/3350 3392/3416/3415 3395/3355/3351
f 3392/3416/3415 3393/3417/3416 3395/3355/3351
f 3390/3352/3348 3389/3350/3346 3460/3351/3347
f 3387/3348/3344 3459/3418/3417 3388/3349/3345
f 3432/3373/3418 3462/3419/3419 3415/3371/3420
f 3432/3373/3418 3415/3371/3420 3414/3370/3421
f 3414/3370/3422 3415/3371/3423 3417/3374/3424
f 3414/3370/3425 3417/3374/3426 3413/3369/3427
f 3410/3383/3428 3465/3420/3429 3421/3376/3373
f 3457/3421/3430 3467/3422/3431 3458/3423/3432
f 3431/3424/3433 3462/3419/3419 3432/3373/3418
f 3463/3425/3434 3468/3426/3435 3464/3427/3436
f 3388/3349/3345 3466/3392/3437 3460/3351/3347
f 3428/3388/3438 3429/3390/3439 3461/3428/3440
f 3428/3388/3438 3461/3428/3440 3420/3375/3441
f 3420/3375/3441 3468/3426/3435 3463/3425/3434
f 3463/3425/3434 3467/3422/3431 3457/3421/3430
f 3410/3383/3428 3421/3376/3373 3429/3390/3389
f 3410/3383/3428 3429/3390/3389 3428/3388/3442
f 3457/3421/3430 3458/3423/3432 3462/3419/3419
f 3457/3421/3430 3462/3419/3419 3431/3424/3433
f 3420/3375/3441 3461/3428/3440 3468/3426/3435
f 3393/3417/3416 3469/3429/3443 3395/3355/3351
f 3463/3425/3434 3464/3427/3436 3467/3422/3431
f 3466/3392/3437 3473/3393/3444 3460/3351/3347
f 3474/3430/3445 3475/3431/3446 3476/3432/3447
f 3474/3430/3445 3476/3432/3447 3477/3433/3448
f 3478/3434/3449 3472/3435/3450 3471/3436/3451
f 3434/3401/3400 3435/3404/3403 3479/3437/3452
f 3434/3401/3400 3479/3437/3452 3480/3438/3453
f 3474/3430/3445 3490/3439/3454 3475/3431/3446
f 3469/3429/3443 3484/3440/3455 3483/3441/3456
f 3393/3417/3416 3486/3442/3457 3484/3440/3455
f 3393/3417/3416 3484/3440/3455 3469/3429/3443
f 3460/3351/3347 3488/3443/3458 3391/3353/3349
f 3446/3405/3459 2468/2437/2423 2478/2448/2427
f 3446/3405/3459 2478/2448/2427 3489/3444/3460
f 3491/3445/3461 2465/2442/2431 2479/2453/2435
f 3491/3445/3461 2479/2453/2435 3470/3446/3462
f 3492/3447/3463 2467/2436/3464 2468/2437/3465
f 3492/3447/3463 2468/2437/3465 3446/3405/3466
f 3491/3445/3461 2464/2451/2432 2465/2442/2431
f 3492/3447/3463 2470/2439/2425 2467/2436/3464
f 3456/3415/3467 2463/2441/2433 2464/2451/2432
f 3456/3415/3467 2464/2451/2432 3491/3445/3461
f 3493/3448/3468 2479/2453/2435 2470/2439/2425
f 3493/3448/3468 2470/2439/2425 3492/3447/3463
f 3485/3449/3469 3494/3450/3470 3490/3439/3454
f 3485/3449/3469 3490/3439/3454 3474/3430/3445
f 3495/3451/3471 2479/2453/2435 3493/3448/3468
f 3471/3436/3451 3496/3452/3472 3487/3453/3473
f 3497/3454/3474 2479/2453/2435 3495/3451/3471
f 3471/3436/3451 3498/3455/3475 3496/3452/3472
f 3472/3435/3450 3498/3455/3475 3471/3436/3451
f 3470/3446/3462 2479/2453/2435 3497/3454/3474
f 3499/3456/3476 2474/2449/2429 2463/2441/2428
f 3499/3456/3476 2463/2441/2428 3456/3415/3477
f 3500/3457/3478 3520/3458/3479 3501/3459/3480
f 3500/3457/3478 3501/3459/3480 3502/3460/3481
f 3500/3457/3478 3502/3460/3481 3503/3461/3482
f 3504/3462/3483 3505/3463/3484 3506/3464/3485
f 3506/3464/3485 3505/3463/3484 3507/3465/3486
f 3506/3464/3485 3507/3465/3486 3508/3466/3487
f 3509/3467/3488 3510/3468/3489 3511/3469/3490
f 3511/3469/3490 3510/3468/3489 3512/3470/3491
f 3513/3471/3492 3514/3472/3493 3515/3473/3494
f 3513/3471/3492 3515/3473/3494 3516/3474/3495
f 3516/3474/3495 3515/3473/3494 3523/3475/3496
f 3516/3474/3495 3523/3475/3496 3517/3476/3497
f 3517/3476/3497 3523/3475/3496 3518/3477/3498
f 3519/3478/3499 3520/3458/3479 3500/3457/3478
f 3526/3479/3500 3527/3480/3501 3528/3481/3502
f 3526/3479/3500 3528/3481/3502 3529/3482/3503
f 3527/3480/3504 3530/3483/3505 3531/3484/3506
f 3534/3485/3507 3535/3486/3508 3536/3487/3509
f 3518/3477/3498 3523/3475/3496 3537/3488/3510
f 3521/3489/3511 3522/3490/3512 3538/3491/3513
f 3539/3492/3514 3526/3479/3500 3529/3482/3503
f 3532/3493/3515 3533/3494/3516 3540/3495/3517
f 3542/3496/3518 3524/3497/3519 3525/3498/3520
f 3542/3496/3518 3525/3498/3520 3543/3499/3521
f 3524/3497/3519 3532/3493/3515 3540/3495/3517
f 3515/3473/3494 3514/3472/3493 3544/3500/3522
f 3532/3493/3515 3521/3489/3511 3538/3491/3513
f 3532/3493/3515 3538/3491/3513 3533/3494/3516
f 3534/3485/3507 3542/3496/3523 3543/3499/3524
f 3534/3485/3507 3543/3499/3524 3535/3486/3508
f 3521/3489/3511 3539/3492/3514 3529/3482/3503
f 3521/3489/3511 3529/3482/3503 3522/3490/3512
f 3524/3497/3519 3540/3495/3517 3525/3498/3520
f 3530/3483/3505 3541/3501/3525 3531/3484/3506
f 3545/3502/3526 3546/3503/3527 3547/3504/3528
f 3553/3505/3529 3554/3506/3530 3555/3507/3531
f 3553/3505/3529 3555/3507/3531 3556/3508/3532
f 3537/3488/3510 3523/3475/3496 3550/3509/3533
f 3551/3510/3534 3552/3511/3535 3558/3512/3536
f 3599/3513/3537 3557/3514/3538 3545/3502/3526
f 3599/3513/3537 3545/3502/3526 3559/3515/3539
f 3562/3516/3540 3560/3517/3541 3561/3518/3542
f 3562/3516/3540 3561/3518/3542 3563/3519/3543
f 3544/3500/3522 3566/3520/3544 3515/3473/3494
f 3567/3521/3545 3564/3522/3546 3565/3523/3547
f 3567/3521/3545 3565/3523/3547 3568/3524/3548
f 3548/3525/3549 3567/3521/3545 3568/3524/3548
f 3548/3525/3549 3568/3524/3548 3549/3526/3550
f 3569/3527/3551 3570/3528/3552 2492/2466/2446
f 3569/3527/3551 2492/2466/2446 2494/2465/2445
f 3559/3515/3539 3545/3502/3526 3547/3504/3528
f 3572/3529/3553 3571/3530/3554 2490/2468/2448
f 3563/3519/3543 3561/3518/3542 3577/3531/3555
f 3578/3532/3556 3572/3529/3553 2490/2468/2448
f 3579/3533/3557 3563/3519/3543 3577/3531/3555
f 3579/3533/3557 3577/3531/3555 3580/3534/3558
f 3515/3473/3494 3581/3535/3559 3582/3536/3560
f 3583/3537/3561 3578/3532/3556 2490/2468/2448
f 3583/3537/3561 2490/2468/2448 2492/2466/2446
f 3523/3475/3496 3515/3473/3494 3582/3536/3560
f 3550/3509/3533 3523/3475/3496 3582/3536/3560
f 3571/3530/3554 3584/3538/3562 2491/2469/2449
f 3571/3530/3554 2491/2469/2449 2490/2468/2448
f 3550/3509/3533 3582/3536/3560 3585/3539/3563
f 3504/3462/3483 3586/3540/3564 3505/3463/3484
f 3587/3541/3565 3588/3542/3566 3530/3483/3567
f 3589/3543/3568 3590/3544/3569 3505/3463/3484
f 3530/3483/3567 3592/3545/3570 3528/3481/3571
f 3530/3483/3567 3528/3481/3571 3527/3480/3572
f 3527/3480/3573 3528/3481/3574 3531/3484/3575
f 3527/3480/3576 3531/3484/3577 3526/3479/3578
f 3524/3497/3579 3595/3546/3580 3535/3486/3508
f 3587/3541/3565 3597/3547/3581 3588/3542/3566
f 3593/3548/3582 3598/3549/3583 3594/3550/3584
f 3501/3459/3480 3599/3513/3537 3596/3551/3585
f 3501/3459/3480 3596/3551/3585 3502/3460/3481
f 3542/3496/3586 3543/3499/3587 3591/3552/3588
f 3542/3496/3586 3591/3552/3588 3534/3485/3589
f 3534/3485/3589 3598/3549/3583 3593/3548/3582
f 3593/3548/3582 3594/3550/3584 3597/3547/3581
f 3593/3548/3582 3597/3547/3581 3587/3541/3565
f 3524/3497/3579 3535/3486/3508 3543/3499/3524
f 3524/3497/3579 3543/3499/3524 3542/3496/3590
f 3530/3483/3567 3588/3542/3566 3592/3545/3570
f 3534/3485/3589 3591/3552/3588 3598/3549/3583
f 3586/3540/3564 3589/3543/3568 3505/3463/3484
f 3602/3553/3591 3603/3554/3592 3604/3555/3593
f 3602/3553/3591 3604/3555/3593 3621/3556/3594
f 3605/3557/3595 3558/3512/3536 3606/3558/3596
f 3599/3513/3537 3607/3559/3597 3596/3551/3585
f 3551/3510/3534 3558/3512/3536 3605/3557/3595
f 3554/3506/3530 3608/3560/3598 3555/3507/3531
f 3599/3513/3537 3559/3515/3539 3607/3559/3597
f 3611/3561/3599 3612/3562/3600 3613/3563/3601
f 3616/3564/3602 3617/3565/3603 3618/3566/3604
f 3616/3564/3602 3618/3566/3604 3619/3567/3605
f 3621/3556/3594 3612/3562/3600 3611/3561/3599
f 3507/3465/3486 3620/3568/3606 3600/3569/3607
f 3507/3465/3486 3505/3463/3484 3620/3568/3606
f 3569/3527/3608 2494/2465/2456 2505/2475/2455
f 3569/3527/3608 2505/2475/2455 3622/3570/3609
f 3608/3560/3598 3623/3571/3610 3555/3507/3531
f 3624/3572/3611 2497/2470/2450 3601/3573/3612
f 3625/3574/3613 2493/2464/3614 2494/2465/3615
f 3625/3574/3613 2494/2465/3615 3569/3527/3616
f 3608/3560/3598 3626/3575/3617 3623/3571/3610
f 3624/3572/3611 3627/3576/3618 2497/2470/2450
f 3625/3574/3613 2496/2467/2461 2493/2464/3614
f 3584/3538/3619 2491/2469/3620 3627/3576/3618
f 3584/3538/3619 3627/3576/3618 3624/3572/3611
f 3628/3577/3621 2496/2467/2461 3625/3574/3613
f 3621/3556/3594 3629/3578/3622 3612/3562/3600
f 3630/3579/3623 2496/2467/2461 3628/3577/3621
f 3631/3580/3624 2496/2467/2461 3630/3579/3623
f 3604/3555/3593 3632/3581/3625 3629/3578/3622
f 3604/3555/3593 3629/3578/3622 3621/3556/3594
f 3606/3558/3596 3633/3582/3626 3634/3583/3627
f 3606/3558/3596 3634/3583/3627 3635/3584/3628
f 3601/3573/3612 2497/2470/2450 2496/2467/2461
f 3601/3573/3612 2496/2467/2461 3631/3580/3624
f 3636/3585/3629 2500/2478/2459 2491/2469/2449
f 3636/3585/3629 2491/2469/2449 3584/3538/3630
f 3558/3512/3536 3633/3582/3626 3606/3558/3596
f 3639/3586/3631 3640/3587/3632 3641/3588/3633
f 3639/3586/3631 3641/3588/3633 3642/3589/3634
f 3642/3589/3634 3641/3588/3633 3643/3590/3635
f 3644/3591/3636 3645/3592/3637 3646/3593/3638
f 3644/3591/3636 3646/3593/3638 3647/3594/3639
f 3647/3594/3639 3646/3593/3638 3648/3595/3640
f 3648/3595/3640 3646/3593/3638 3649/3596/3641
f 3650/3597/3642 3651/3598/3643 3652/3599/3644
f 3650/3597/3642 3652/3599/3644 3660/3600/3645
f 3650/3597/3642 3660/3600/3645 3653/3601/3646
f 3653/3601/3646 3660/3600/3645 3654/3602/3647
f 3657/3603/3648 3658/3604/3649 3659/3605/3650
f 3658/3604/3649 3663/3606/3651 3664/3607/3652
f 3658/3604/3649 3664/3607/3652 3665/3608/3653
f 3663/3606/3654 3666/3609/3655 3667/3610/3656
f 3663/3606/3657 3667/3610/3658 3664/3607/3659
f 3670/3611/3660 3671/3612/3661 3672/3613/3662
f 3654/3602/3647 3660/3600/3645 3673/3614/3663
f 3657/3603/3648 3659/3605/3650 3674/3615/3664
f 3668/3616/3665 3669/3617/3666 3675/3618/3667
f 3646/3593/3638 3676/3619/3668 3677/3620/3669
f 3679/3621/3670 3661/3622/3671 3662/3623/3672
f 3679/3621/3670 3662/3623/3672 3680/3624/3673
f 3661/3622/3671 3668/3616/3665 3675/3618/3667
f 3649/3596/3641 3646/3593/3638 3677/3620/3669
f 3668/3616/3665 3657/3603/3648 3674/3615/3664
f 3670/3611/3660 3679/3621/3674 3680/3624/3675
f 3670/3611/3660 3680/3624/3675 3671/3612/3661
f 3658/3604/3649 3665/3608/3653 3659/3605/3650
f 3661/3622/3671 3675/3618/3667 3662/3623/3672
f 3651/3598/3643 3681/3625/3676 3652/3599/3644
f 3666/3609/3655 3678/3626/3677 3667/3610/3656
f 3668/3616/3665 3674/3615/3664 3669/3617/3666
f 3682/3627/3678 3673/3614/3663 3683/3628/3679
f 3686/3629/3680 3687/3630/3681 3688/3631/3682
f 3689/3632/3683 3684/3633/3684 3685/3634/3685
f 3690/3635/3686 3673/3614/3663 3682/3627/3678
f 3691/3636/3605 3692/3637/3602 3693/3638/3687
f 3691/3636/3605 3693/3638/3687 3694/3639/3688
f 3695/3640/3689 3696/3641/3690 3700/3642/3691
f 3677/3620/3669 3676/3619/3668 3701/3643/3692
f 3702/3644/3693 3695/3640/3689 3700/3642/3691
f 3652/3599/3644 3681/3625/3676 3703/3645/3694
f 3702/3644/3693 3700/3642/3691 3704/3646/3695
f 3705/3647/3696 3706/3648/3697 2519/2493/2472
f 3705/3647/3696 2519/2493/2472 2521/2492/2471
f 3694/3639/3688 3693/3638/3687 3708/3649/3698
f 3709/3650/3699 3707/3651/3700 2517/2495/2474
f 3676/3619/3668 3699/3652/3701 3713/3653/3702
f 3714/3654/3703 3709/3650/3699 2517/2495/2474
f 3701/3643/3692 3676/3619/3668 3713/3653/3702
f 3701/3643/3692 3713/3653/3702 3715/3655/3704
f 3717/3656/3705 3714/3654/3703 2517/2495/2474
f 3717/3656/3705 2517/2495/2474 2519/2493/2472
f 3660/3600/3645 3652/3599/3644 3716/3657/3706
f 3673/3614/3663 3660/3600/3645 3716/3657/3706
f 3673/3614/3663 3716/3657/3706 3683/3628/3679
f 3707/3651/3700 3718/3658/3707 2518/2496/2475
f 3707/3651/3700 2518/2496/2475 2517/2495/2474
f 3655/3659/3708 3656/3660/3709 3638/3661/3710
f 3637/3662/3711 3655/3659/3708 3638/3661/3710
f 3666/3609/3712 3721/3663/3713 3664/3607/3714
f 3666/3609/3712 3664/3607/3714 3663/3606/3715
f 3663/3606/3716 3667/3610/3717 3658/3604/3718
f 3661/3622/3719 3724/3664/3720 3671/3612/3661
f 3640/3587/3632 3725/3665/3721 3641/3588/3633
f 3666/3609/3712 3726/3666/3722 3719/3667/3723
f 3722/3668/3724 3727/3669/3725 3723/3670/3726
f 3729/3671/3727 3726/3666/3722 3666/3609/3712
f 3679/3621/3728 3680/3624/3729 3720/3672/3730
f 3679/3621/3728 3720/3672/3730 3670/3611/3731
f 3661/3622/3719 3671/3612/3661 3680/3624/3675
f 3661/3622/3719 3680/3624/3675 3679/3621/3732
f 3666/3609/3712 3719/3667/3723 3721/3663/3713
f 3670/3611/3731 3720/3672/3730 3727/3669/3725
f 3670/3611/3731 3727/3669/3725 3722/3668/3724
f 3658/3604/3718 3667/3610/3717 3728/3673/3733
f 3722/3668/3724 3723/3670/3726 3726/3666/3722
f 3722/3668/3724 3726/3666/3722 3729/3671/3727
f 3732/3674/3734 3733/3675/3735 3734/3676/3736
f 3689/3632/3683 3733/3675/3735 3732/3674/3734
f 3735/3677/3737 3687/3630/3681 3686/3629/3680
f 3725/3665/3721 3736/3678/3738 3641/3588/3633
f 3735/3677/3737 3737/3679/3739 3687/3630/3681
f 3689/3632/3683 3685/3634/3685 3733/3675/3735
f 3738/3680/3740 3739/3681/3741 3740/3682/3742
f 3738/3680/3740 3740/3682/3742 3741/3683/3743
f 3744/3684/3744 3745/3685/3745 3746/3686/3746
f 3744/3684/3744 3747/3687/3747 3745/3685/3745
f 3750/3688/3748 3751/3689/3749 3699/3652/3701
f 3750/3688/3748 3699/3652/3701 3676/3619/3668
f 3643/3590/3635 3752/3690/3750 3730/3691/3751
f 3643/3590/3635 3641/3588/3633 3752/3690/3750
f 3753/3692/3752 3747/3687/3747 3744/3684/3744
f 3705/3647/3753 2521/2492/2482 2532/2502/2481
f 3705/3647/3753 2532/2502/2481 3755/3693/3754
f 3757/3694/3755 2524/2507/2489 3731/3695/3756
f 3758/3696/3757 2520/2491/3758 2521/2492/3759
f 3758/3696/3757 2521/2492/3759 3705/3647/3760
f 3757/3694/3755 2533/2505/2486 2524/2507/2489
f 3758/3696/3757 2523/2494/2491 2520/2491/3758
f 3747/3687/3747 3759/3697/3761 3745/3685/3745
f 3718/3658/3762 2518/2496/2487 2533/2505/2486
f 3718/3658/3762 2533/2505/2486 3757/3694/3755
f 3760/3698/3763 2534/2509/2492 2523/2494/2491
f 3760/3698/3763 2523/2494/2491 3758/3696/3757
f 3753/3692/3752 3761/3699/3764 3747/3687/3747
f 3754/3700/3765 3761/3699/3764 3753/3692/3752
f 3733/3675/3735 3763/3701/3766 3734/3676/3736
f 3731/3695/3756 2524/2507/2489 2534/2509/2492
f 3731/3695/3756 2534/2509/2492 3762/3702/3767
f 3733/3675/3735 3764/3703/3768 3763/3701/3766
f 3765/3704/3769 2528/2506/2488 2518/2496/2487
f 3765/3704/3769 2518/2496/2487 3718/3658/3770
f 3737/3679/3739 3756/3705/3771 3766/3706/3772
f 3737/3679/3739 3766/3706/3772 3687/3630/3681
f 3767/3707/3773 3789/3708/3774 3768/3709/3775
f 3767/3707/3773 3768/3709/3775 3769/3710/3776
f 3770/3711/3777 3771/3712/3778 3772/3713/3779
f 3772/3713/3779 3771/3712/3778 3773/3714/3780
f 3772/3713/3779 3773/3714/3780 3774/3715/3781
f 3775/3716/3782 3774/3715/3781 3776/3717/3783
f 3779/3718/3784 3780/3719/3785 3781/3720/3786
f 3782/3721/3787 3783/3722/3788 3784/3723/3789
f 3782/3721/3787 3784/3723/3789 3785/3724/3790
f 3785/3724/3790 3784/3723/3789 3794/3725/3791
f 3785/3724/3790 3794/3725/3791 3786/3726/3792
f 3787/3727/3793 3788/3728/3794 3789/3708/3774
f 3787/3727/3793 3789/3708/3774 3767/3707/3773
f 3790/3729/3795 3791/3730/3796 3792/3731/3797
f 3793/3732/3798 3786/3726/3792 3794/3725/3791
f 3791/3730/3796 3797/3733/3799 3798/3734/3800
f 3791/3730/3796 3798/3734/3800 3799/3735/3801
f 3797/3733/3802 3815/3736/3803 3800/3737/3804
f 3803/3738/3805 3804/3739/3806 3805/3740/3807
f 3790/3729/3795 3792/3731/3797 3807/3741/3808
f 3801/3742/3809 3802/3743/3810 3808/3744/3811
f 3780/3719/3785 3809/3745/3812 3810/3746/3813
f 3789/3708/3774 3788/3728/3794 3806/3747/3814
f 3789/3708/3774 3806/3747/3814 3811/3748/3815
f 3812/3749/3816 3795/3750/3817 3796/3751/3818
f 3812/3749/3816 3796/3751/3818 3813/3752/3819
f 3795/3750/3817 3801/3742/3809 3808/3744/3811
f 3781/3720/3786 3780/3719/3785 3810/3746/3813
f 3801/3742/3809 3790/3729/3795 3807/3741/3808
f 3803/3738/3805 3812/3749/3820 3813/3752/3821
f 3803/3738/3805 3813/3752/3821 3804/3739/3806
f 3791/3730/3796 3799/3735/3801 3792/3731/3797
f 3795/3750/3817 3808/3744/3811 3796/3751/3818
f 3783/3722/3788 3816/3753/3822 3784/3723/3789
f 3801/3742/3809 3807/3741/3808 3802/3743/3810
f 3793/3732/3798 3794/3725/3791 3820/3754/3823
f 3823/3755/3824 3824/3756/3825 3825/3757/3826
f 3823/3755/3824 3825/3757/3826 3826/3758/3827
f 3806/3747/3814 3827/3759/3828 3811/3748/3815
f 3821/3760/3829 3822/3761/3830 3867/3762/3831
f 3831/3763/3832 3832/3764/3833 3833/3765/3834
f 3809/3745/3812 3829/3766/3835 3830/3767/3836
f 3810/3746/3813 3809/3745/3812 3834/3768/3837
f 3831/3763/3832 3833/3765/3834 3835/3769/3838
f 3784/3723/3789 3816/3753/3822 3836/3770/3839
f 3818/3771/3840 3831/3763/3832 3835/3769/3838
f 3818/3771/3840 3835/3769/3838 3819/3772/3841
f 3837/3773/3842 3838/3774/3843 2546/2521/2502
f 3837/3773/3842 2546/2521/2502 2548/2520/2501
f 3828/3775/3844 3811/3748/3815 3817/3776/3845
f 3840/3777/3846 3839/3778/3847 2544/2523/2504
f 3809/3745/3812 3830/3767/3836 3845/3779/3848
f 3846/3780/3849 3840/3777/3846 2544/2523/2504
f 3834/3768/3837 3809/3745/3812 3845/3779/3848
f 3834/3768/3837 3845/3779/3848 3847/3781/3850
f 3848/3782/3851 3846/3780/3849 2544/2523/2504
f 3848/3782/3851 2544/2523/2504 2546/2521/2502
f 3820/3754/3823 3794/3725/3791 3849/3783/3852
f 3839/3778/3847 3850/3784/3853 2545/2524/2505
f 3839/3778/3847 2545/2524/2505 2544/2523/2504
f 3811/3748/3815 3827/3759/3828 3851/3785/3854
f 3811/3748/3815 3851/3785/3854 3817/3776/3845
f 3779/3718/3784 3777/3786/3855 3780/3719/3785
f 3777/3786/3855 3778/3787/3856 3780/3719/3785
f 3775/3716/3782 3772/3713/3779 3774/3715/3781
f 3771/3712/3778 3854/3788/3857 3773/3714/3780
f 3815/3736/3858 3856/3789/3859 3798/3734/3860
f 3815/3736/3858 3798/3734/3860 3797/3733/3861
f 3797/3733/3862 3798/3734/3863 3800/3737/3864
f 3797/3733/3865 3800/3737/3866 3791/3730/3867
f 3795/3750/3868 3859/3790/3869 3804/3739/3806
f 3852/3791/3870 3861/3792/3871 3853/3793/3872
f 3814/3794/3873 3856/3789/3859 3815/3736/3858
f 3803/3738/3874 3862/3795/3875 3858/3796/3876
f 3803/3738/3874 3858/3796/3876 3857/3797/3877
f 3812/3749/3878 3813/3752/3879 3855/3798/3880
f 3812/3749/3878 3855/3798/3880 3803/3738/3874
f 3857/3797/3877 3861/3792/3871 3852/3791/3870
f 3795/3750/3868 3804/3739/3806 3813/3752/3821
f 3795/3750/3868 3813/3752/3821 3812/3749/3881
f 3852/3791/3870 3853/3793/3872 3856/3789/3859
f 3852/3791/3870 3856/3789/3859 3814/3794/3873
f 3803/3738/3874 3855/3798/3880 3862/3795/3875
f 3791/3730/3867 3800/3737/3866 3863/3799/3882
f 3857/3797/3877 3858/3796/3876 3861/3792/3871
f 3866/3800/3883 3867/3762/3831 3868/3801/3884
f 3860/3802/3885 3854/3788/3857 3771/3712/3778
f 3821/3760/3829 3867/3762/3831 3866/3800/3883
f 3824/3756/3825 3871/3803/3886 3825/3757/3826
f 3811/3748/3815 3828/3775/3844 3870/3804/3887
f 3811/3748/3815 3870/3804/3887 3869/3805/3888
f 3874/3806/3889 3871/3803/3886 3824/3756/3825
f 3874/3806/3889 3875/3807/3890 3871/3803/3886
f 3878/3808/3891 3879/3809/3892 3880/3810/3893
f 3878/3808/3891 3880/3810/3893 3881/3811/3894
f 3774/3715/3781 3884/3812/3895 3864/3813/3896
f 3774/3715/3781 3773/3714/3780 3884/3812/3895
f 3837/3773/3897 2548/2520/2511 2558/2529/2510
f 3837/3773/3897 2558/2529/2510 3887/3814/3898
f 3871/3803/3886 3888/3815/3899 3825/3757/3826
f 3889/3816/3900 2551/2535/2519 3865/3817/3901
f 3890/3818/3902 2547/2519/3903 2548/2520/3904
f 3890/3818/3902 2548/2520/3904 3837/3773/3905
f 3871/3803/3886 3891/3819/3906 3888/3815/3899
f 3889/3816/3900 2559/2533/2516 2551/2535/2519
f 3890/3818/3902 2550/2522/2520 2547/2519/3903
f 3883/3820/3907 3892/3821/3908 3893/3822/3909
f 3850/3784/3910 2545/2524/2517 2559/2533/2516
f 3850/3784/3910 2559/2533/2516 3889/3816/3900
f 3894/3823/3911 2560/2536/2521 2550/2522/2520
f 3894/3823/3911 2550/2522/2520 3890/3818/3902
f 3882/3824/3912 3892/3821/3908 3883/3820/3907
f 3882/3824/3912 3895/3825/3913 3892/3821/3908
f 3885/3826/3914 3895/3825/3913 3882/3824/3912
f 3886/3827/3915 3895/3825/3913 3885/3826/3914
f 3867/3762/3831 3897/3828/3916 3868/3801/3884
f 3865/3817/3901 2551/2535/2519 2560/2536/2521
f 3865/3817/3901 2560/2536/2521 3896/3829/3917
f 3867/3762/3831 3898/3830/3918 3897/3828/3916
f 3899/3831/3919 2554/2534/2518 2545/2524/2517
f 3899/3831/3919 2545/2524/2517 3850/3784/3920
f 3900/3832/3921 3901/3833/3922 3902/3834/3923
f 3903/3835/3924 3904/3836/3925 3905/3837/3926
f 3903/3835/3924 3905/3837/3926 3906/3838/3927
f 3903/3835/3924 3906/3838/3927 3907/3839/3928
f 3908/3840/3929 3909/3841/3930 3910/3842/3931
f 3908/3840/3929 3910/3842/3931 3911/3843/3932
f 3911/3843/3932 3910/3842/3931 3912/3844/3933
f 3913/3845/3934 3914/3846/3935 3915/3847/3936
f 3913/3845/3934 3915/3847/3936 3982/3848/3937
f 3982/3848/3937 3915/3847/3936 3933/3849/3938
f 3916/3850/3939 3917/3851/3940 3901/3833/3922
f 3916/3850/3939 3901/3833/3922 3900/3832/3921
f 3922/3852/3941 3923/3853/3942 3924/3854/3943
f 3922/3852/3941 3924/3854/3943 3925/3855/3944
f 3923/3853/3945 3926/3856/3946 3927/3857/3947
f 3930/3858/3948 3931/3859/3949 3932/3860/3950
f 3935/3861/3951 3918/3862/3952 3919/3863/3953
f 3935/3861/3951 3919/3863/3953 3936/3864/3954
f 3918/3862/3952 3922/3852/3941 3925/3855/3944
f 3928/3865/3955 3929/3866/3956 3937/3867/3957
f 3939/3868/3958 3920/3869/3959 3921/3870/3960
f 3939/3868/3958 3921/3870/3960 3940/3871/3961
f 3935/3861/3951 3936/3864/3954 3929/3866/3956
f 3930/3858/3948 3939/3868/3962 3940/3871/3963
f 3930/3858/3948 3940/3871/3963 3931/3859/3949
f 3918/3862/3952 3925/3855/3944 3919/3863/3953
f 3920/3869/3959 3928/3865/3955 3937/3867/3957
f 3920/3869/3959 3937/3867/3957 3921/3870/3960
f 3926/3856/3946 3938/3872/3964 3927/3857/3947
f 3928/3865/3955 3935/3861/3951 3929/3866/3956
f 3942/3873/3965 3934/3874/3966 3943/3875/3967
f 3944/3876/3968 3945/3877/3969 3946/3878/3970
f 3933/3849/3938 3915/3847/3936 3934/3874/3966
f 3949/3879/3971 3934/3874/3966 3942/3873/3965
f 3944/3876/3968 3946/3878/3970 4002/3880/3972
f 3950/3881/3973 3947/3882/3974 3948/3883/3975
f 3950/3881/3973 3948/3883/3975 3951/3884/3976
f 3952/3885/3894 3953/3886/3891 3954/3887/3977
f 3952/3885/3894 3954/3887/3977 3955/3888/3978
f 3959/3889/3979 3997/3890/3980 3958/3891/3981
f 3959/3889/3979 3958/3891/3981 3960/3892/3982
f 3961/3893/3983 3962/3894/3984 3963/3895/3985
f 3914/3846/3935 3941/3896/3986 3964/3897/3987
f 3965/3898/3988 3961/3893/3983 3963/3895/3985
f 3914/3846/3935 3964/3897/3987 3915/3847/3936
f 3966/3899/3989 3967/3900/3990 2574/2550/2532
f 3966/3899/3989 2574/2550/2532 2576/2549/2531
f 3969/3901/3991 3942/3873/3965 3943/3875/3967
f 3970/3902/3992 3968/3903/3993 2572/2552/2534
f 3960/3892/3982 3958/3891/3981 3975/3904/3994
f 3976/3905/3995 3970/3902/3992 2572/2552/2534
f 3960/3892/3982 3975/3904/3994 3977/3906/3996
f 3964/3897/3987 3978/3907/3997 3979/3908/3998
f 3980/3909/3999 3976/3905/3995 2572/2552/2534
f 3915/3847/3936 3964/3897/3987 3979/3908/3998
f 3980/3909/3999 2572/2552/2534 2574/2550/2532
f 3934/3874/3966 3915/3847/3936 3979/3908/3998
f 3968/3903/3993 3981/3910/4000 2573/2553/2535
f 3968/3903/3993 2573/2553/2535 2572/2552/2534
f 3934/3874/3966 3979/3908/3998 3943/3875/3967
f 3983/3911/4001 3984/3912/4002 3926/3856/4003
f 3985/3913/4004 3986/3914/4005 3905/3837/3926
f 3985/3913/4004 3905/3837/3926 3904/3836/3925
f 3926/3856/4003 3989/3915/4006 3924/3854/4007
f 3926/3856/4003 3924/3854/4007 3923/3853/4008
f 3923/3853/4009 3924/3854/4010 3927/3857/4011
f 3923/3853/4012 3927/3857/4013 3922/3852/4014
f 3920/3869/4015 3992/3916/4016 3931/3859/3949
f 3983/3911/4001 3994/3917/4017 3984/3912/4002
f 3990/3918/4018 3995/3919/4019 3991/3920/4020
f 3909/3841/3930 3996/3921/4021 3997/3890/3980
f 3909/3841/3930 3997/3890/3980 3910/3842/3931
f 3901/3833/3922 3998/3922/4022 3993/3923/4023
f 3901/3833/3922 3993/3923/4023 3902/3834/3923
f 3939/3868/4024 3940/3871/4025 3987/3924/4026
f 3939/3868/4024 3987/3924/4026 3930/3858/4027
f 3930/3858/4027 3995/3919/4019 3990/3918/4018
f 3990/3918/4018 3991/3920/4020 3994/3917/4017
f 3990/3918/4018 3994/3917/4017 3983/3911/4001
f 3920/3869/4015 3931/3859/3949 3940/3871/3963
f 3920/3869/4015 3940/3871/3963 3939/3868/4028
f 3926/3856/4003 3984/3912/4002 3989/3915/4006
f 3930/3858/4027 3987/3924/4026 3995/3919/4019
f 4000/3925/4029 4002/3880/3972 4001/3926/4030
f 4003/3927/4031 4004/3928/4032 3948/3883/3975
f 4003/3927/4031 3948/3883/3975 3947/3882/3974
f 3993/3923/4023 4005/3929/4033 4006/3930/4034
f 3944/3876/3968 4002/3880/3972 4000/3925/4029
f 3998/3922/4022 4005/3929/4033 3993/3923/4023
f 4007/3931/4035 4005/3929/4033 3998/3922/4022
f 4010/3932/4036 4011/3933/4037 4012/3934/4038
f 4010/3932/4036 4013/3935/4039 4011/3933/4037
f 3996/3921/4021 4016/3936/4040 3958/3891/3981
f 3996/3921/4021 3958/3891/3981 3997/3890/3980
f 4010/3932/4036 4017/3937/4041 4013/3935/4039
f 3906/3838/3927 3905/3837/3926 3988/3938/4042
f 4018/3939/4043 4017/3937/4041 4010/3932/4036
f 3966/3899/4044 2576/2549/2541 2586/2558/2540
f 3966/3899/4044 2586/2558/2540 4020/3940/4045
f 4022/3941/4046 2579/2564/2549 3999/3942/4047
f 4023/3943/4048 2575/2548/4049 2576/2549/4050
f 4023/3943/4048 2576/2549/4050 3966/3899/4051
f 4022/3941/4046 2587/2562/2546 2579/2564/2549
f 4023/3943/4048 2578/2551/2550 2575/2548/4049
f 4013/3935/4039 4024/3944/4052 4011/3933/4037
f 3981/3910/4053 2573/2553/2547 2587/2562/2546
f 3981/3910/4053 2587/2562/2546 4022/3941/4046
f 4025/3945/4054 2588/2565/2551 2578/2551/2550
f 4025/3945/4054 2578/2551/2550 4023/3943/4048
f 4026/3946/4055 2588/2565/2551 4025/3945/4054
f 4019/3947/4056 4017/3937/4041 4018/3939/4043
f 4001/3926/4030 4027/3948/4057 4028/3949/4058
f 3999/3942/4047 2579/2564/2549 2588/2565/2551
f 4002/3880/3972 4027/3948/4057 4001/3926/4030
f 4021/3950/4059 2582/2563/2548 2573/2553/2547
f 4021/3950/4059 2573/2553/2547 3981/3910/4060
usemtl Light_Grey_Material
f 4033/3951/4061 4034/3952/4062 4030/3953/4063
f 4029/3954/4064 4033/3951/4061 4030/3953/4063
f 4037/3955/4065 4035/3956/4066 4036/3957/4067
f 4037/3955/4065 4036/3957/4067 4038/3958/4068
f 4031/3959/4069 4032/3960/4070 4039/3961/4071
f 4031/3959/4069 4039/3961/4071 4040/3962/4072
f 4036/3957/4067 4041/3963/4073 4042/3964/4074
f 4036/3957/4067 4042/3964/4074 4038/3958/4068
f 4040/3962/4072 4039/3961/4071 4043/3965/4075
f 4040/3962/4072 4043/3965/4075 4044/3966/4076
f 4038/3958/4068 4042/3964/4074 4045/3967/4077
f 4044/3966/4076 4043/3965/4075 4046/3968/4078
f 4045/3967/4077 4042/3964/4074 4049/3969/4079
f 4047/3970/4080 4048/3971/4081 4050/3972/4082
f 4047/3970/4080 4050/3972/4082 4051/3973/4083
f 4045/3967/4077 4049/3969/4079 4052/3974/4084
f 4049/3969/4079 4051/3973/4083 4052/3974/4084
f 4053/3975/4085 4054/3976/4086 4055/3977/4087
f 4052/3974/4084 4051/3973/4083 4056/3978/4088
f 4052/3974/4084 4056/3978/4088 4057/3979/4089
f 4124/3980/4090 4052/3974/4084 4057/3979/4089
f 4055/3977/4087 4054/3976/4086 4058/3981/4091
f 4055/3977/4087 4058/3981/4091 4059/3982/4092
f 4124/3980/4090 4057/3979/4089 4060/3983/4093
f 4059/3982/4092 4058/3981/4091 4062/3984/4094
f 4059/3982/4092 4062/3984/4094 4063/3985/4095
f 4057/3979/4089 4056/3978/4088 4061/3986/4096
f 4064/3987/4097 4065/3988/4098 4066/3989/4099
f 4067/3990/4100 4064/3987/4097 4066/3989/4099
f 4063/3985/4095 4062/3984/4094 4069/3991/4101
f 4063/3985/4095 4069/3991/4101 4070/3992/4102
f 4065/3988/4098 4071/3993/4103 4068/3994/4104
f 4066/3989/4099 4065/3988/4098 4068/3994/4104
f 4070/3992/4102 4069/3991/4101 4076/3995/4105
f 4072/3996/4106 4073/3997/4107 4077/3998/4108
f 4074/3999/4109 4072/3996/4106 4077/3998/4108
f 4070/3992/4102 4076/3995/4105 4078/4000/4110
f 4074/3999/4109 4077/3998/4108 4079/4001/4111
f 4078/4000/4110 4076/3995/4105 4080/4002/4112
f 4079/4001/4111 4077/3998/4108 4081/4003/4113
f 4080/4002/4112 4076/3995/4105 4082/4004/4114
f 4081/4003/4113 4077/3998/4108 4083/4005/4115
f 4081/4003/4113 4083/4005/4115 4084/4006/4116
f 4080/4002/4112 4082/4004/4114 4085/4007/4117
f 4085/4007/4117 4082/4004/4114 4086/4008/4118
f 4084/4006/4116 4083/4005/4115 4087/4009/4119
f 4085/4007/4117 4086/4008/4118 4088/4010/4120
f 4085/4007/4117 4088/4010/4120 4089/4011/4121
f 4087/4009/4119 4090/4012/4122 4091/4013/4123
f 4084/4006/4116 4087/4009/4119 4091/4013/4123
f 4084/4006/4116 4091/4013/4123 4092/4014/4124
f 4084/4006/4116 4092/4014/4124 4093/4015/4125
f 4094/4016/4126 4095/4017/4127 4029/3954/4064
f 4089/4011/4121 4088/4010/4120 4032/3960/4070
f 4089/4011/4121 4032/3960/4070 4031/3959/4069
f 4095/4017/4127 4033/3951/4061 4029/3954/4064
f 4087/4009/4119 4097/4018/4128 4098/4019/4129
f 4087/4009/4119 4098/4019/4129 4090/4012/4122
f 4083/4005/4115 4097/4018/4128 4087/4009/4119
f 4073/3997/4107 4099/4020/4130 4077/3998/4108
f 4065/3988/4098 4100/4021/4131 4101/4022/4132
f 4065/3988/4098 4101/4022/4132 4071/3993/4103
f 4051/3973/4083 4102/4023/4133 4056/3978/4088
f 4049/3969/4079 4047/3970/4080 4051/3973/4083
f 4042/3964/4074 4047/3970/4080 4049/3969/4079
f 4042/3964/4074 4103/4024/4134 4047/3970/4080
f 4041/3963/4073 4103/4024/4134 4042/3964/4074
f 4033/3951/4061 4096/4025/4135 4104/4026/4136
f 4033/3951/4061 4104/4026/4136 4034/3952/4062
f 4029/3954/4064 4105/4027/4137 4106/4028/4138
f 4150/4029/4139 4107/4030/4140 4108/4031/4141
f 4150/4029/4139 4108/4031/4141 4109/4032/4142
f 4106/4028/4138 4105/4027/4137 4110/4033/4143
f 4106/4028/4138 4110/4033/4143 4111/4034/4144
f 4037/3955/4065 4038/3958/4068 4112/4035/4145
f 4107/4030/4140 4114/4036/4146 4108/4031/4141
f 4114/4036/4146 4116/4037/4147 4108/4031/4141
f 4113/4038/4148 4117/4039/4149 4115/4040/4150
f 4112/4035/4145 4038/3958/4068 4113/4038/4148
f 4114/4036/4146 4118/4041/4151 4116/4037/4147
f 4113/4038/4148 4038/3958/4068 4117/4039/4149
f 4118/4041/4151 4119/4042/4152 4116/4037/4147
f 4038/3958/4068 4045/3967/4077 4117/4039/4149
f 4119/4042/4152 4120/4043/4153 4116/4037/4147
f 4045/3967/4077 4121/4044/4154 4117/4039/4149
f 4119/4042/4152 4122/4045/4155 4120/4043/4153
f 4045/3967/4077 4052/3974/4084 4121/4044/4154
f 4122/4045/4155 4123/4046/4156 4120/4043/4153
f 4052/3974/4084 4124/3980/4090 4121/4044/4154
f 4122/4045/4155 4126/4047/4157 4123/4046/4156
f 4124/3980/4090 4127/4048/4158 4125/4049/4159
f 4124/3980/4090 4128/4050/4160 4127/4048/4158
f 4060/3983/4093 4128/4050/4160 4124/3980/4090
f 4126/4047/4157 4129/4051/4161 4123/4046/4156
f 4067/3990/4100 4066/3989/4099 4130/4052/4162
f 4066/3989/4099 4132/4053/4163 4130/4052/4162
f 4126/4047/4157 4133/4054/4164 4134/4055/4165
f 4126/4047/4157 4134/4055/4165 4129/4051/4161
f 4130/4052/4162 4132/4053/4163 4135/4056/4166
f 4130/4052/4162 4135/4056/4166 4131/4057/4167
f 4133/4054/4164 4136/4058/4168 4134/4055/4165
f 4075/4059/4169 4074/3999/4109 4139/4060/4170
f 4136/4058/4168 4140/4061/4171 4134/4055/4165
f 4137/4062/4172 4141/4063/4173 4138/4064/4174
f 4139/4060/4170 4141/4063/4173 4137/4062/4172
f 4136/4058/4168 4142/4065/4175 4140/4061/4171
f 4139/4060/4170 4079/4001/4111 4141/4063/4173
f 4074/3999/4109 4079/4001/4111 4139/4060/4170
f 4142/4065/4175 4143/4066/4176 4140/4061/4171
f 4079/4001/4111 4081/4003/4113 4141/4063/4173
f 4143/4066/4176 4144/4067/4177 4140/4061/4171
f 4081/4003/4113 4145/4068/4178 4141/4063/4173
f 4081/4003/4113 4084/4006/4116 4145/4068/4178
f 4143/4066/4176 4146/4069/4179 4144/4067/4177
f 4146/4069/4179 4147/4070/4180 4144/4067/4177
f 4084/4006/4116 4148/4071/4181 4145/4068/4178
f 4146/4069/4179 4150/4029/4139 4147/4070/4180
f 4084/4006/4116 4149/4072/4182 4148/4071/4181
f 4150/4029/4139 4109/4032/4142 4147/4070/4180
f 4148/4071/4181 4151/4073/4183 4152/4074/4184
f 4149/4072/4182 4151/4073/4183 4148/4071/4181
f 4084/4006/4116 4093/4015/4125 4149/4072/4182
f 4094/4016/4126 4029/3954/4064 4106/4028/4138
f 4153/4075/4185 4154/4076/4186 4150/4029/4139
f 4148/4071/4181 4152/4074/4184 4155/4077/4187
f 4148/4071/4181 4155/4077/4187 4156/4078/4188
f 4145/4068/4178 4148/4071/4181 4156/4078/4188
f 4138/4064/4174 4141/4063/4173 4157/4079/4189
f 4158/4080/4190 4133/4054/4164 4126/4047/4157
f 4159/4081/4191 4158/4080/4190 4126/4047/4157
f 4125/4049/4159 4160/4082/4192 4161/4083/4193
f 4124/3980/4090 4125/4049/4159 4161/4083/4193
f 4121/4044/4154 4124/3980/4090 4161/4083/4193
f 4115/4040/4150 4117/4039/4149 4162/4084/4194
f 4154/4076/4186 4107/4030/4140 4150/4029/4139
f 4195/4085/4195 4163/4086/4196 4164/4087/4197
f 4195/4085/4195 4164/4087/4197 4165/4088/4198
f 4167/4089/4199 4168/4090/4200 4169/4091/4201
f 4170/4092/4202 4205/4093/4203 4171/4094/4204
f 4170/4092/4202 4172/4095/4205 4173/4096/4206
f 4176/4097/4207 4177/4098/4208 4165/4088/4198
f 4176/4097/4207 4165/4088/4198 4164/4087/4197
f 4180/4099/4209 4181/4100/4210 4182/4101/4211
f 4180/4099/4209 4182/4101/4211 4183/4102/4212
f 4184/4103/4213 4185/4104/4214 4186/4105/4215
f 4195/4085/4195 4165/4088/4198 4188/4106/4216
f 4195/4085/4195 4188/4106/4216 4239/4107/4217
f 4195/4085/4195 4239/4107/4217 4189/4108/4218
f 4195/4085/4195 4189/4108/4218 4166/4109/4219
f 4193/4110/4220 4194/4111/4221 4195/4085/4195
f 4193/4110/4220 4195/4085/4195 4196/4112/4222
f 4193/4110/4220 4196/4112/4222 4197/4113/4223
f 4193/4110/4220 4197/4113/4223 4198/4114/4224
f 4193/4110/4220 4198/4114/4224 4199/4115/4225
f 4200/4116/4226 4201/4117/4227 4202/4118/4228
f 4203/4119/4229 4204/4120/4230 4205/4093/4203
f 4203/4119/4229 4205/4093/4203 4170/4092/4202
f 4203/4119/4229 4170/4092/4202 4206/4121/4231
f 4207/4122/4232 4192/4123/4233 4190/4124/4234
f 4202/4118/4228 4192/4123/4233 4208/4125/4235
f 4212/4126/4236 4213/4127/4237 4214/4128/4238
f 4215/4129/4239 4216/4130/4240 4217/4131/4241
f 4212/4126/4236 4218/4132/4242 4219/4133/4243
f 4212/4126/4236 4219/4133/4243 4220/4134/4244
f 4221/4135/4245 4224/4136/4246 4225/4137/4247
f 4221/4135/4245 4225/4137/4247 4226/4138/4248
f 4170/4092/4202 4171/4094/4204 4211/4139/4249
f 4170/4092/4202 4211/4139/4249 4209/4140/4250
f 4170/4092/4202 4209/4140/4250 4210/4141/4251
f 4170/4092/4202 4210/4141/4251 4172/4095/4205
f 4227/4142/4252 4228/4143/4253 4229/4144/4254
f 4230/4145/4255 4231/4146/4256 4452/4147/4257
f 4235/4148/4258 4440/4149/4259 4236/4150/4260
f 4237/4151/4261 4238/4152/4262 4239/4107/4217
f 4237/4151/4261 4239/4107/4217 4240/4153/4263
f 4241/4154/4264 4242/4155/4265 4243/4156/4266
f 4241/4154/4264 4243/4156/4266 4444/4157/4267
f 4244/4158/4268 4245/4159/4269 4246/4160/4270
f 4244/4158/4268 4246/4160/4270 4247/4161/4271
f 4209/4140/4250 4248/4162/4272 4210/4141/4251
f 4239/4107/4217 4188/4106/4216 4249/4163/4273
f 4251/4164/4274 4252/4165/4275 4248/4162/4272
f 4251/4164/4274 4248/4162/4272 4209/4140/4250
f 4240/4153/4263 4239/4107/4217 4249/4163/4273
f 4240/4153/4263 4249/4163/4273 4253/4166/4276
f 4240/4153/4263 4253/4166/4276 4254/4167/4277
f 4253/4166/4276 4249/4163/4273 4255/4168/4278
f 4252/4165/4275 4257/4169/4279 4248/4162/4272
f 4252/4165/4275 4258/4170/4280 4257/4169/4279
f 4271/4171/4281 4258/4170/4280 4252/4165/4275
f 4271/4171/4281 4252/4165/4275 4259/4172/4282
f 4271/4171/4281 4260/4173/4283 4258/4170/4280
f 4253/4166/4276 4255/4168/4278 4261/4174/4284
f 4262/4175/4285 4265/4176/4286 4263/4177/4287
f 4262/4175/4285 4253/4166/4276 4261/4174/4284
f 4262/4175/4285 4261/4174/4284 4264/4178/4288
f 4262/4175/4285 4263/4177/4287 4253/4166/4276
f 4267/4179/4289 4268/4180/4290 4269/4181/4291
f 4270/4182/4292 4271/4171/4281 4272/4183/4293
f 4271/4171/4281 4259/4172/4282 4272/4183/4293
f 4274/4184/4294 4265/4176/4286 4262/4175/4285
f 4275/4185/4295 4276/4186/4296 4277/4187/4297
f 4278/4188/4298 4266/4189/4299 4279/4190/4300
f 4280/4191/4301 4281/4192/4302 4282/4193/4303
f 4280/4191/4301 4282/4193/4303 4299/4194/4304
f 4280/4191/4301 4265/4176/4286 4274/4184/4294
f 4283/4195/4305 4275/4185/4295 4277/4187/4297
f 4283/4195/4305 4277/4187/4297 4284/4196/4306
f 4280/4191/4301 4299/4194/4304 4265/4176/4286
f 4285/4197/4307 4428/4198/4308 4286/4199/4309
f 4287/4200/4310 4273/4201/4311 4268/4180/4290
f 4287/4200/4310 4268/4180/4290 4267/4179/4289
f 4287/4200/4310 4267/4179/4289 4288/4202/4312
f 4287/4200/4310 4288/4202/4312 4289/4203/4313
f 4290/4204/4314 4291/4205/4315 4292/4206/4316
f 4292/4206/4316 4294/4207/4317 4293/4208/4318
f 4285/4197/4307 4295/4209/4319 4422/4210/4320
f 4290/4204/4314 4293/4208/4318 4296/4211/4321
f 4290/4204/4314 4292/4206/4316 4293/4208/4318
f 4297/4212/4322 4298/4213/4323 4426/4214/4324
f 4299/4194/4304 4300/4215/4325 4301/4216/4326
f 4298/4213/4323 4297/4212/4322 4304/4217/4327
f 4302/4218/4328 4305/4219/4329 4306/4220/4330
f 4299/4194/4304 4282/4193/4303 4300/4215/4325
f 4309/4221/4331 4307/4222/4332 4310/4223/4333
f 4292/4206/4316 4311/4224/4334 4294/4207/4317
f 4312/4225/4335 4313/4226/4336 4314/4227/4337
f 4313/4226/4336 4311/4224/4334 4292/4206/4316
f 4313/4226/4336 4292/4206/4316 4314/4227/4337
f 4317/4228/4338 4318/4229/4339 4319/4230/4340
f 4317/4228/4338 4319/4230/4340 4320/4231/4341
f 4315/4232/4342 4321/4233/4343 4322/4234/4344
f 4323/4235/4345 4324/4236/4346 4299/4194/4304
f 4323/4235/4345 4299/4194/4304 4301/4216/4326
f 4325/4237/4347 4326/4238/4348 4323/4235/4345
f 4325/4237/4347 4327/4239/4349 4326/4238/4348
f 4326/4238/4348 4324/4236/4346 4323/4235/4345
f 4331/4240/4350 4332/4241/4351 4333/4242/4352
f 4331/4240/4350 4333/4242/4352 4334/4243/4353
f 4335/4244/4354 4336/4245/4355 4337/4246/4356
f 4335/4244/4354 4337/4246/4356 4338/4247/4357
f 4331/4240/4350 4339/4248/4358 4332/4241/4351
f 4340/4249/4359 4341/4250/4360 4342/4251/4361
f 4340/4249/4359 4342/4251/4361 4360/4252/4362
f 4340/4249/4359 4360/4252/4362 4336/4245/4355
f 4333/4242/4352 4313/4226/4336 4312/4225/4335
f 4333/4242/4352 4312/4225/4335 4334/4243/4353
f 4343/4253/4363 4322/4234/4344 4328/4254/4364
f 4343/4253/4363 4328/4254/4364 4344/4255/4365
f 4345/4256/4366 4346/4257/4367 4347/4258/4368
f 4345/4256/4366 4347/4258/4368 4348/4259/4369
f 4339/4248/4358 4350/4260/4370 4332/4241/4351
f 4339/4248/4358 4351/4261/4371 4352/4262/4372
f 4339/4248/4358 4352/4262/4372 4350/4260/4370
f 4347/4258/4368 4353/4263/4373 4348/4259/4369
f 4354/4264/4374 4327/4239/4349 4325/4237/4347
f 4354/4264/4374 4325/4237/4347 4355/4265/4375
f 4354/4264/4374 4355/4265/4375 4356/4266/4376
f 4357/4267/4377 4358/4268/4378 4359/4269/4379
f 4357/4267/4377 4359/4269/4379 4360/4252/4362
f 4356/4266/4376 4355/4265/4375 4361/4270/4380
f 4356/4266/4376 4361/4270/4380 4365/4271/4381
f 4373/4272/4382 4374/4273/4383 4375/4274/4384
f 4379/4275/4385 4380/4276/4386 4381/4277/4387
f 4381/4277/4387 4377/4278/4388 4386/4279/4389
f 4382/4280/4390 4383/4281/4391 4384/4282/4392
f 4385/4283/4393 4386/4279/4389 4387/4284/4394
f 4381/4277/4387 4380/4276/4386 4377/4278/4388
f 4311/4224/4334 4383/4281/4391 4294/4207/4317
f 4311/4224/4334 4384/4282/4392 4383/4281/4391
f 4301/4216/4326 4300/4215/4325 4393/4285/4395
f 4301/4216/4326 4393/4285/4395 4392/4286/4396
f 4390/4287/4397 4391/4288/4398 4306/4220/4330
f 4390/4287/4397 4306/4220/4330 4389/4289/4399
f 4394/4290/4400 4379/4275/4385 4381/4277/4387
f 4375/4274/4384 4374/4273/4383 4369/4291/4401
f 4395/4292/4402 4396/4293/4403 4363/4294/4404
f 4395/4292/4402 4363/4294/4404 4372/4295/4405
f 4397/4296/4406 4395/4292/4402 4372/4295/4405
f 4397/4296/4406 4372/4295/4405 4371/4297/4407
f 4366/4298/4408 4369/4291/4401 4370/4299/4409
f 4366/4298/4408 4368/4300/4410 4375/4274/4384
f 4366/4298/4408 4375/4274/4384 4369/4291/4401
f 4337/4246/4356 4359/4269/4379 4366/4298/4408
f 4337/4246/4356 4366/4298/4408 4370/4299/4409
f 4363/4294/4404 4396/4293/4403 4398/4301/4411
f 4363/4294/4404 4398/4301/4411 4364/4302/4412
f 4336/4245/4355 4360/4252/4362 4359/4269/4379
f 4336/4245/4355 4359/4269/4379 4337/4246/4356
f 4399/4303/4413 4355/4265/4375 4325/4237/4347
f 4399/4303/4413 4325/4237/4347 4400/4304/4414
f 4347/4258/4368 4401/4305/4415 4353/4263/4373
f 4402/4306/4416 4404/4307/4417 4405/4308/4418
f 4402/4306/4416 4405/4308/4418 4403/4309/4419
f 4343/4253/4363 4402/4306/4416 4322/4234/4344
f 4343/4253/4363 4349/4310/4420 4404/4307/4417
f 4343/4253/4363 4404/4307/4417 4402/4306/4416
f 4406/4311/4421 4407/4312/4422 4408/4313/4423
f 4406/4311/4421 4408/4313/4423 4409/4314/4424
f 4410/4315/4425 4336/4245/4355 4412/4316/4426
f 4340/4249/4359 4410/4315/4425 4411/4317/4427
f 4340/4249/4359 4336/4245/4355 4410/4315/4425
f 4409/4314/4424 4408/4313/4423 4329/4318/4428
f 4409/4314/4424 4329/4318/4428 4330/4319/4429
f 4413/4320/4430 4402/4306/4416 4414/4321/4431
f 4315/4232/4342 4413/4320/4430 4316/4322/4432
f 4315/4232/4342 4322/4234/4344 4402/4306/4416
f 4315/4232/4342 4402/4306/4416 4413/4320/4430
f 4417/4323/4433 4418/4324/4434 4416/4325/4435
f 4417/4323/4433 4416/4325/4435 4415/4326/4436
f 4309/4221/4331 4417/4323/4433 4415/4326/4436
f 4309/4221/4331 4415/4326/4436 4307/4222/4332
f 4419/4327/4437 4420/4328/4438 4421/4329/4439
f 4419/4327/4437 4421/4329/4439 4422/4210/4320
f 4307/4222/4332 4415/4326/4436 4308/4330/4440
f 4423/4331/4441 4391/4288/4398 4424/4332/4442
f 4423/4331/4441 4303/4333/4443 4302/4218/4328
f 4423/4331/4441 4302/4218/4328 4306/4220/4330
f 4423/4331/4441 4306/4220/4330 4391/4288/4398
f 4425/4334/4444 4282/4193/4303 4281/4192/4302
f 4297/4212/4322 4426/4214/4324 4427/4335/4445
f 4422/4210/4320 4421/4329/4439 4428/4198/4308
f 4422/4210/4320 4428/4198/4308 4285/4197/4307
f 4429/4336/4446 4430/4337/4447 4431/4338/4448
f 4278/4188/4298 4429/4336/4446 4431/4338/4448
f 4278/4188/4298 4431/4338/4448 4266/4189/4299
f 4284/4196/4306 4277/4187/4297 4273/4201/4311
f 4273/4201/4311 4277/4187/4297 4268/4180/4290
f 4266/4189/4299 4431/4338/4448 4432/4339/4449
f 4266/4189/4299 4432/4339/4449 4250/4340/4450
f 4433/4341/4451 4268/4180/4290 4277/4187/4297
f 4433/4341/4451 4256/4342/4452 4268/4180/4290
f 4433/4341/4451 4434/4343/4453 4227/4142/4252
f 4433/4341/4451 4227/4142/4252 4256/4342/4452
f 4435/4344/4454 4243/4156/4266 4250/4340/4450
f 4435/4344/4454 4250/4340/4450 4432/4339/4449
f 4436/4345/4455 4438/4346/4456 4439/4347/4457
f 4436/4345/4455 4439/4347/4457 4437/4348/4458
f 4244/4158/4268 4247/4161/4271 4438/4346/4456
f 4244/4158/4268 4438/4346/4456 4436/4345/4455
f 4440/4149/4259 4441/4349/4459 4442/4350/4460
f 4440/4149/4259 4442/4350/4460 4443/4351/4461
f 4444/4157/4267 4435/4344/4454 4445/4352/4462
f 4440/4149/4259 4443/4351/4461 4236/4150/4260
f 4444/4157/4267 4243/4156/4266 4435/4344/4454
f 4233/4353/4463 4234/4354/4464 4449/4355/4465
f 4233/4353/4463 4449/4355/4465 4448/4356/4466
f 4452/4147/4257 4231/4146/4256 4453/4357/4467
f 4434/4343/4453 4455/4358/4468 4456/4359/4469
f 4434/4343/4453 4456/4359/4469 4228/4143/4253
f 4434/4343/4453 4228/4143/4253 4227/4142/4252
f 4457/4360/4470 4168/4090/4200 4167/4089/4199
f 4458/4361/4471 4446/4362/4472 4447/4363/4473
f 4458/4361/4471 4447/4363/4473 4460/4364/4474
f 4458/4361/4471 4459/4365/4475 4222/4366/4476
f 4458/4361/4471 4222/4366/4476 4221/4135/4245
f 4458/4361/4471 4221/4135/4245 4226/4138/4248
f 4458/4361/4471 4226/4138/4248 4446/4362/4472
f 4213/4127/4237 4450/4367/4477 4451/4368/4478
f 4213/4127/4237 4451/4368/4478 4461/4369/4479
f 4213/4127/4237 4212/4126/4236 4220/4134/4244
f 4213/4127/4237 4220/4134/4244 4450/4367/4477
f 4192/4123/4233 4462/4370/4480 4208/4125/4235
f 4190/4124/4234 4201/4117/4227 4463/4371/4481
f 4190/4124/4234 4463/4371/4481 4191/4372/4482
f 4190/4124/4234 4192/4123/4233 4202/4118/4228
f 4190/4124/4234 4202/4118/4228 4201/4117/4227
f 4464/4373/4483 4465/4374/4484 4466/4375/4485
f 4464/4373/4483 4466/4375/4485 4467/4376/4486
f 4464/4373/4483 4187/4377/4487 4468/4378/4488
f 4469/4379/4489 4198/4114/4224 4197/4113/4223
f 4464/4373/4483 4467/4376/4486 4181/4100/4210
f 4464/4373/4483 4181/4100/4210 4180/4099/4209
f 4464/4373/4483 4180/4099/4209 4187/4377/4487
f 4216/4130/4240 4470/4380/4490 4217/4131/4241
f 4470/4380/4490 4216/4130/4240 4174/4381/4491
f 4470/4380/4490 4174/4381/4491 4175/4382/4492
f 4223/4383/4493 4471/4384/4494 4166/4109/4219
f 4473/4385/4495 4472/4386/4496 4167/4089/4199
f 4471/4384/4494 4196/4112/4222 4166/4109/4219
f 4474/4387/4497 4476/4388/4498 4477/4389/4499
f 4474/4387/4497 4475/4390/4500 4476/4388/4498
f 4476/4388/4498 4482/4391/4501 4483/4392/4502
f 4476/4388/4498 4483/4392/4502 4477/4389/4499
f 4170/4092/4202 4173/4096/4206 4484/4393/4503
f 4169/4091/4201 4473/4385/4495 4167/4089/4199
f 4195/4085/4195 4485/4394/4504 4163/4086/4196
f 4195/4085/4195 4166/4109/4219 4196/4112/4222
f 4486/4395/4505 4392/4286/4396 4393/4285/4395
f 4386/4279/4389 4377/4278/4388 4376/4396/4506
f 4487/4397/4507 4390/4287/4397 4389/4289/4399
f 4487/4397/4507 4389/4289/4399 4388/4398/4508
f 4484/4393/4503 4173/4096/4206 4383/4281/4391
f 4484/4393/4503 4383/4281/4391 4382/4280/4390
f 4485/4394/4504 4486/4395/4505 4393/4285/4395
f 4485/4394/4504 4393/4285/4395 4163/4086/4196
f 4488/4399/4509 4388/4398/4508 4489/4400/4510
f 4488/4399/4509 4487/4397/4507 4388/4398/4508
f 4178/4401/4511 4179/4402/4512 4487/4397/4507
f 4178/4401/4511 4487/4397/4507 4488/4399/4509
f 4386/4279/4389 4462/4370/4480 4387/4284/4394
f 4386/4279/4389 4376/4396/4506 4208/4125/4235
f 4386/4279/4389 4208/4125/4235 4462/4370/4480
f 4208/4125/4235 4376/4396/4506 4378/4403/4513
usemtl Glass_Material
f 4490/4404/4514 4491/4405/4515 4492/4406/4516
f 4490/4404/4514 4492/4406/4516 4493/4407/4517
f 4494/4408/4518 4495/4409/4519 4496/4410/4520
f 4496/4410/4520 4495/4409/4519 4497/4411/4521
f 4496/4410/4520 4497/4411/4521 4498/4412/4522
f 4496/4410/4520 4498/4412/4522 4499/4413/4523
f 4500/4414/4524 4501/4415/4525 4502/4416/4526
f 4500/4414/4524 4502/4416/4526 4503/4417/4527
f 4503/4417/4527 4502/4416/4526 4504/4418/4528
f 4503/4417/4527 4504/4418/4528 4505/4419/4529
f 4505/4419/4529 4504/4418/4528 4506/4420/4530
f 4506/4420/4530 4504/4418/4528 4507/4421/4531
f 4508/4422/4532 4509/4423/4533 4510/4424/4534
f 4510/4424/4534 4509/4423/4533 4511/4425/4535
f 4510/4424/4534 4511/4425/4535 4512/4426/4536
f 4512/4426/4536 4511/4425/4535 4513/4427/4537
f 4512/4426/4536 4513/4427/4537 4514/4428/4538
f 4515/4429/4539 4516/4430/4540 4490/4404/4514
f 4490/4404/4514 4516/4430/4540 4491/4405/4515
usemtl Black_Plastic_Material
f 4586/4431/4541 4587/4432/4542 4588/4433/4543
f 4588/4433/4543 4589/4434/4544 4586/4431/4541
f 4590/4435/4545 4591/4436/4546 4592/4437/4547
f 4592/4437/4547 4593/4438/4548 4590/4435/4545
f 4519/4439/4549 4520/4440/4550 4521/4441/4551
f 4519/4439/4549 4521/4441/4551 4522/4442/4552
f 4522/4442/4552 4521/4441/4551 4523/4443/4553
f 4522/4442/4552 4523/4443/4553 4524/4444/4554
f 4524/4444/4554 4523/4443/4553 4525/4445/4555
f 4528/4446/4556 4529/4447/4557 4530/4448/4558
f 4530/4448/4558 4529/4447/4557 4564/4449/4559
f 4530/4448/4558 4564/4449/4559 4531/4450/4560
f 4531/4450/4560 4564/4449/4559 4532/4451/4561
f 4531/4450/4560 4532/4451/4561 4533/4452/4562
f 4533/4452/4562 4532/4451/4561 4534/4453/4563
f 4533/4452/4562 4534/4453/4563 4535/4454/4564
f 4536/4455/4565 4520/4440/4550 4519/4439/4549
f 4611/4456/4566 4537/4457/4567 4612/4458/4568
f 4538/4459/4569 4539/4460/4570 4575/4461/4571
f 4541/4462/4572 4571/4463/4573 4542/4464/4574
f 4521/4441/4551 4520/4440/4550 4544/4465/4575
f 4545/4466/4576 4541/4462/4572 4542/4464/4574
f 4539/4460/4570 4546/4467/4577 4543/4468/4578
f 4523/4443/4553 4521/4441/4551 4547/4469/4579
f 4522/4442/4552 4549/4470/4580 4550/4471/4581
f 4522/4442/4552 4550/4471/4581 4548/4472/4582
f 4522/4442/4552 4524/4444/4554 4549/4470/4580
f 4523/4443/4553 4547/4469/4579 4551/4473/4583
f 4524/4444/4554 4556/4474/4584 4549/4470/4580
f 4552/4475/4585 4557/4476/4586 4563/4477/4587
f 4552/4475/4585 4563/4477/4587 4553/4478/4588
f 4525/4445/4555 4523/4443/4553 4558/4479/4589
f 4559/4480/4590 4554/4481/4591 4555/4482/4592
f 4559/4480/4590 4555/4482/4592 4562/4483/4593
f 4565/4484/4594 4566/4485/4595 4563/4477/4587
f 4531/4450/4560 4569/4486/4596 4570/4487/4597
f 4531/4450/4560 4570/4487/4597 4567/4488/4598
f 4531/4450/4560 4533/4452/4562 4569/4486/4596
f 4568/4489/4599 4562/4483/4593 4571/4463/4573
f 4533/4452/4562 4574/4490/4600 4569/4486/4596
f 4572/4491/4601 4575/4461/4571 4539/4460/4570
f 4572/4491/4601 4539/4460/4570 4573/4492/4602
f 4581/4493/4603 4542/4464/4574 4571/4463/4573
f 4581/4493/4603 4578/4494/4604 4542/4464/4574
f 4578/4494/4604 4555/4482/4592 4542/4464/4574
f 4578/4494/4604 4579/4495/4605 4555/4482/4592
f 4579/4495/4605 4562/4483/4593 4555/4482/4592
f 4579/4495/4605 4580/4496/4606 4562/4483/4593
f 4580/4496/4606 4571/4463/4573 4562/4483/4593
f 4580/4496/4606 4581/4493/4603 4571/4463/4573
f 4585/4497/4607 4539/4460/4570 4543/4468/4578
f 4582/4498/4608 4585/4497/4607 4543/4468/4578
f 4582/4498/4608 4543/4468/4578 4553/4478/4588
f 4583/4499/4609 4582/4498/4608 4553/4478/4588
f 4583/4499/4609 4553/4478/4588 4563/4477/4587
f 4584/4500/4610 4583/4499/4609 4563/4477/4587
f 4584/4500/4610 4563/4477/4587 4566/4485/4595
f 4584/4500/4610 4566/4485/4595 4573/4492/4602
f 4585/4497/4607 4584/4500/4610 4573/4492/4602
f 4585/4497/4607 4573/4492/4602 4539/4460/4570
f 4594/4501/4611 4595/4502/4612 4596/4503/4613
f 4537/4457/4567 4597/4504/4614 4612/4458/4568
f 4598/4505/4615 4594/4501/4611 4596/4503/4613
f 4603/4506/4616 4604/4507/4617 4607/4508/4618
f 4605/4509/4619 4608/4510/4620 4606/4511/4621
f 4609/4512/4622 4603/4506/4616 4607/4508/4618
f 4608/4510/4620 4610/4513/4623 4606/4511/4621
f 4615/1184/4624 4616/1183/4625 4617/4514/1149
f 4615/1184/4624 4617/4514/1149 4618/4515/4626
f 4619/1729/4627 4620/4516/4628 4621/4517/4629
f 4619/1729/4627 4621/4517/4629 4622/1730/4630
l 1098 1099
l 1286 1287
l 1574 1575
l 1287 1290
l 1681 1682
l 1064 1065
l 1096 1097
l 1100 1101
l 1685 1686
l 1648 1649
l 1683 1684
l 1809 1810
l 1812 1818
l 1869 1873
l 2057 2062
l 2149 2150
l 2150 2165
l 2054 2055
l 1811 1812
l 2002 2010
l 1897 1908
l 2056 2057
l 2142 2153
l 2249 2257
l 3133 3134
l 3481 3482
l 3573 3574
l 3575 3576
l 3748 3749
l 3876 3877
l 3609 3610
l 3614 3615
l 3697 3698
l 3711 3712
l 3971 3972
l 3973 3974
l 4014 4015
l 3257 3258
l 3340 3341
l 3372 3373
l 3742 3743
l 3872 3873
l 3104 3105
l 3106 3107
l 3223 3224
l 3450 3451
l 3698 3710
l 3841 3842
l 3843 3844
l 3956 3957
l 4008 4009
l 4478 4479
l 4480 4481
l 4189 4232
l 4361 4362
l 4367 4350
l 4188 4454
l 4517 4518
l 4526 4527
l 4518 4540
l 4526 4560
l 4527 4561
l 4576 4577
l 4599 4600
l 4601 4602
l 4613 4614
