# Blender 4.5.13 LTS
# www.blender.org
mtllib henry.mtl
o Object_4
v -0.056205 -0.068055 0.341274
v -0.054409 -0.068695 0.330905
v -0.055649 -0.069194 0.327056
v -0.041342 -0.069190 0.327011
v -0.038587 -0.069621 0.323085
v -0.052463 -0.069209 0.327010
v -0.048467 -0.069425 0.326087
v -0.037601 -0.068054 0.341274
v -0.038155 -0.069191 0.327056
v -0.075316 -0.069960 0.321870
v -0.032091 -0.069135 0.323953
v -0.059519 -0.068684 0.331189
v -0.037658 -0.068859 0.338030
v -0.078802 -0.068954 0.336146
v -0.056151 -0.068863 0.338028
v -0.077338 -0.067927 0.341855
v -0.076951 -0.069513 0.325039
v -0.015049 -0.068831 0.338812
v -0.024245 -0.069216 0.323785
v -0.016891 -0.069683 0.325007
v -0.018488 -0.069944 0.321866
v -0.069651 -0.069102 0.323950
v -0.058470 -0.068870 0.325394
v -0.039688 -0.068872 0.330739
v -0.061633 -0.069116 0.323780
v -0.035334 -0.068870 0.325394
v -0.073177 -0.068877 0.325558
v -0.020352 -0.068582 0.330963
v -0.073741 -0.068725 0.331055
v -0.056369 -0.067927 0.341855
v -0.056369 -0.067927 0.341855
v -0.040847 -0.067927 0.341855
v -0.040847 -0.067927 0.341855
v -0.049172 -0.068882 0.328817
v -0.046902 -0.068935 0.328564
v -0.050536 -0.067927 0.341855
v -0.050536 -0.067927 0.341855
v -0.046902 -0.067927 0.341855
v -0.046902 -0.067927 0.341855
v -0.039627 -0.068537 0.337313
v -0.055217 -0.069617 0.323085
v -0.044633 -0.068882 0.328817
v -0.043269 -0.067927 0.341855
v -0.043269 -0.067927 0.341855
v -0.052958 -0.067927 0.341855
v -0.052958 -0.067927 0.341855
v -0.054182 -0.068651 0.337261
v -0.032245 -0.069442 0.323622
v -0.037435 -0.067927 0.341855
v -0.037435 -0.067927 0.341855
v -0.030897 -0.067927 0.341855
v -0.030897 -0.067927 0.341855
v -0.020143 -0.070168 0.321405
v -0.069427 -0.069442 0.323622
v -0.071283 -0.067927 0.341855
v -0.071283 -0.067927 0.341855
v -0.062908 -0.067927 0.341855
v -0.062908 -0.067927 0.341855
v -0.073661 -0.070168 0.321405
v -0.077338 -0.067927 0.341855
v -0.022522 -0.067927 0.341855
v -0.022522 -0.067927 0.341855
v -0.079196 -0.068094 0.342068
v -0.016467 -0.067927 0.341855
v -0.016467 -0.067927 0.341855
v -0.015015 -0.068974 0.336057
v -0.042066 -0.068782 0.330046
v -0.039115 -0.068388 0.336004
v -0.039243 -0.068479 0.331863
v -0.026633 -0.067927 0.341855
v -0.026633 -0.067927 0.341855
v -0.059104 -0.067927 0.341855
v -0.059104 -0.067927 0.341855
v -0.054416 -0.067927 0.341855
v -0.054416 -0.067927 0.341855
v -0.042058 -0.067927 0.341855
v -0.042058 -0.067927 0.341855
v -0.039388 -0.067927 0.341855
v -0.039388 -0.067927 0.341855
v -0.051747 -0.067927 0.341855
v -0.051747 -0.067927 0.341855
v -0.049022 -0.067927 0.341855
v -0.049022 -0.067927 0.341855
v -0.044783 -0.067927 0.341855
v -0.044783 -0.067927 0.341855
v -0.034701 -0.067927 0.341855
v -0.034701 -0.067927 0.341855
v -0.067171 -0.067927 0.341855
v -0.067171 -0.067927 0.341855
v -0.074815 -0.067927 0.341855
v -0.074815 -0.067927 0.341855
v -0.018990 -0.067927 0.341855
v -0.018990 -0.067927 0.341855
v -0.079369 -0.067992 0.342119
v -0.014435 -0.067992 0.342119
v -0.039161 -0.068732 0.337820
v -0.054674 -0.068596 0.337874
v -0.044526 -0.069349 0.326214
v -0.051737 -0.068776 0.330046
v -0.054690 -0.068388 0.336004
v -0.057154 -0.066401 0.342698
v -0.057154 -0.066401 0.342698
v -0.040345 -0.066401 0.342698
v -0.040345 -0.066401 0.342698
v -0.050837 -0.066401 0.342698
v -0.050837 -0.066401 0.342698
v -0.046902 -0.066401 0.342698
v -0.046902 -0.066401 0.342698
v -0.042968 -0.066401 0.342698
v -0.042968 -0.066401 0.342698
v -0.053460 -0.066401 0.342698
v -0.053460 -0.066401 0.342698
v -0.036651 -0.066401 0.342698
v -0.036651 -0.066401 0.342698
v -0.029570 -0.066401 0.342698
v -0.029570 -0.066401 0.342698
v -0.073304 -0.066401 0.342698
v -0.073304 -0.066401 0.342698
v -0.064235 -0.066401 0.342698
v -0.064235 -0.066401 0.342698
v -0.079861 -0.066401 0.342698
v -0.079861 -0.066401 0.342698
v -0.020501 -0.066401 0.342698
v -0.020501 -0.066401 0.342698
v -0.013944 -0.066401 0.342698
v -0.013944 -0.066401 0.342698
v -0.024953 -0.066401 0.342698
v -0.024953 -0.066401 0.342698
v -0.060116 -0.066401 0.342698
v -0.060116 -0.066401 0.342698
v -0.055039 -0.066401 0.342698
v -0.055039 -0.066401 0.342698
v -0.041656 -0.066401 0.342698
v -0.041656 -0.066401 0.342698
v -0.038765 -0.066401 0.342698
v -0.038765 -0.066401 0.342698
v -0.052149 -0.066401 0.342698
v -0.052149 -0.066401 0.342698
v -0.049198 -0.066401 0.342698
v -0.049198 -0.066401 0.342698
v -0.044607 -0.066401 0.342698
v -0.044607 -0.066401 0.342698
v -0.033689 -0.066401 0.342698
v -0.033689 -0.066401 0.342698
v -0.068851 -0.066401 0.342698
v -0.068851 -0.066401 0.342698
v -0.077129 -0.066401 0.342698
v -0.077129 -0.066401 0.342698
v -0.016676 -0.066401 0.342698
v -0.016676 -0.066401 0.342698
v -0.082061 -0.066471 0.342984
v -0.011744 -0.066471 0.342984
v -0.056196 -0.068651 0.338033
v -0.037608 -0.068651 0.338033
v -0.039088 -0.068532 0.337833
v -0.054741 -0.068418 0.337893
v -0.056196 -0.068179 0.341272
v -0.037606 -0.068145 0.341273
v 0.014581 0.021754 0.017772
v 0.014779 0.023518 0.018081
v 0.014757 0.031393 0.020395
v 0.027064 0.012899 0.019299
v 0.033461 0.022499 0.022816
v 0.041156 0.012899 0.027018
v 0.045738 0.022499 0.032741
v 0.043892 0.031440 0.034176
v 0.051304 0.012898 0.039716
v 0.051482 0.031559 0.046978
v 0.053106 0.031573 0.062112
v 0.050258 0.022502 0.077738
v 0.045902 0.012892 0.085431
v 0.040165 0.022505 0.089935
v 0.029182 0.031443 0.093594
v 0.026306 0.022514 0.097272
v 0.014244 0.013076 0.100089
v 0.003183 0.022517 0.097310
v 0.000180 0.031443 0.093594
v -0.010722 0.022507 0.090001
v -0.008891 0.031412 0.088395
v -0.020856 0.022503 0.077810
v -0.016911 0.012900 0.085060
v -0.023670 0.031572 0.062774
v -0.026307 0.012897 0.054283
v -0.022340 0.031558 0.047725
v -0.014731 0.031441 0.034416
v -0.016411 0.022499 0.032785
v -0.021334 0.012896 0.038572
v -0.004148 0.022499 0.022843
v 0.003655 0.012897 0.018906
v 0.014561 0.031457 0.020195
v 0.014681 0.012898 0.017571
v 0.014681 0.012898 0.017571
v 0.032213 0.031436 0.024815
v 0.055745 0.012897 0.055320
v 0.053829 0.012896 0.071383
v 0.048068 0.031443 0.076887
v 0.038395 0.031429 0.088331
v 0.033326 0.012884 0.095273
v 0.022074 0.031443 0.095750
v 0.022683 0.012898 0.098812
v 0.014681 0.031443 0.096478
v 0.007289 0.031443 0.095750
v 0.006680 0.012898 0.098812
v -0.004316 0.012895 0.095138
v -0.018587 0.031431 0.077033
v -0.024727 0.012899 0.070675
v -0.010691 0.012896 0.026136
v -0.003148 0.031439 0.024960
v -0.013889 -0.026775 0.024058
v 0.043252 -0.026775 0.024058
v -0.013889 -0.029883 0.014686
v 0.043252 -0.028995 0.016317
v 0.043252 -0.035722 0.010682
v -0.013889 -0.037573 0.010194
v -0.013460 -0.054074 0.010422
v 0.042894 -0.053811 0.010227
v -0.013473 -0.053833 0.037864
v 0.042757 -0.054089 0.037672
v -0.013900 -0.027653 0.028533
v -0.013889 -0.046722 0.029326
v -0.013889 -0.045247 0.028534
v -0.013889 -0.047308 0.038184
v -0.013889 -0.047308 0.031459
v 0.022774 -0.028393 0.017827
v 0.006589 -0.028393 0.017827
v -0.001233 -0.027447 0.020195
v 0.043263 -0.027653 0.028533
v 0.043252 -0.047308 0.038184
v 0.043252 -0.047308 0.031459
v 0.043252 -0.046722 0.029326
v 0.043252 -0.045247 0.028534
v 0.030596 -0.027447 0.020195
v 0.037769 -0.026898 0.024035
v -0.008406 -0.026898 0.024035
v 0.014681 -0.028828 0.017031
v -0.032168 -0.069289 0.323787
v -0.024164 -0.069135 0.323953
v -0.024378 -0.069442 0.323622
v -0.069640 -0.069135 0.323953
v -0.069427 -0.069442 0.323622
v -0.061714 -0.069135 0.323953
v -0.061560 -0.069442 0.323622
v -0.055062 -0.070168 0.321405
v -0.057326 -0.070168 0.321405
v -0.055739 -0.068828 0.320553
v -0.058190 -0.068828 0.320553
v -0.055062 -0.070168 0.321405
v -0.054035 -0.068828 0.320553
v -0.055739 -0.068828 0.320553
v -0.053489 -0.070168 0.321405
v -0.041553 -0.070168 0.321405
v -0.042623 -0.070168 0.321405
v -0.041110 -0.068828 0.320553
v -0.042268 -0.068828 0.320553
v -0.041553 -0.070168 0.321405
v -0.039770 -0.068828 0.320553
v -0.041110 -0.068828 0.320553
v -0.040316 -0.070168 0.321405
v -0.050112 -0.070168 0.321405
v -0.051182 -0.070168 0.321405
v -0.050378 -0.068828 0.320553
v -0.051536 -0.068828 0.320553
v -0.050112 -0.070168 0.321405
v -0.048930 -0.068828 0.320553
v -0.050378 -0.068828 0.320553
v -0.048775 -0.070168 0.321405
v -0.046902 -0.070168 0.321405
v -0.048775 -0.070168 0.321405
v -0.046902 -0.068828 0.320553
v -0.048930 -0.068828 0.320553
v -0.046902 -0.070168 0.321405
v -0.044875 -0.068828 0.320553
v -0.046902 -0.068828 0.320553
v -0.045030 -0.070168 0.321405
v -0.043693 -0.070168 0.321405
v -0.045030 -0.070168 0.321405
v -0.043427 -0.068828 0.320553
v -0.044875 -0.068828 0.320553
v -0.043693 -0.070168 0.321405
v -0.042268 -0.068828 0.320553
v -0.043427 -0.068828 0.320553
v -0.042623 -0.070168 0.321405
v -0.052252 -0.070168 0.321405
v -0.053489 -0.070168 0.321405
v -0.052695 -0.068828 0.320553
v -0.054035 -0.068828 0.320553
v -0.052252 -0.070168 0.321405
v -0.051536 -0.068828 0.320553
v -0.052695 -0.068828 0.320553
v -0.051182 -0.070168 0.321405
v -0.038742 -0.070168 0.321405
v -0.040316 -0.070168 0.321405
v -0.038066 -0.068828 0.320553
v -0.039770 -0.068828 0.320553
v -0.038742 -0.070168 0.321405
v -0.035615 -0.068828 0.320553
v -0.038066 -0.068828 0.320553
v -0.036479 -0.070168 0.321405
v -0.033169 -0.070168 0.321405
v -0.036479 -0.070168 0.321405
v -0.032031 -0.068828 0.320553
v -0.035615 -0.068828 0.320553
v -0.033169 -0.070168 0.321405
v -0.027923 -0.068828 0.320553
v -0.032031 -0.068828 0.320553
v -0.029376 -0.070168 0.321405
v -0.068145 -0.070168 0.321405
v -0.071363 -0.070168 0.321405
v -0.069906 -0.068828 0.320553
v -0.073391 -0.068828 0.320553
v -0.068145 -0.070168 0.321405
v -0.065882 -0.068828 0.320553
v -0.069906 -0.068828 0.320553
v -0.064429 -0.070168 0.321405
v -0.060635 -0.070168 0.321405
v -0.064429 -0.070168 0.321405
v -0.061774 -0.068828 0.320553
v -0.065882 -0.068828 0.320553
v -0.060635 -0.070168 0.321405
v -0.058190 -0.068828 0.320553
v -0.061774 -0.068828 0.320553
v -0.057326 -0.070168 0.321405
v -0.073661 -0.070168 0.321405
v -0.074888 -0.070246 0.321728
v -0.075880 -0.068828 0.320553
v -0.077208 -0.068912 0.320903
v -0.073661 -0.070168 0.321405
v -0.073391 -0.068828 0.320553
v -0.075880 -0.068828 0.320553
v -0.071363 -0.070168 0.321405
v -0.025659 -0.070168 0.321405
v -0.029376 -0.070168 0.321405
v -0.023898 -0.068828 0.320553
v -0.027923 -0.068828 0.320553
v -0.025659 -0.070168 0.321405
v -0.020414 -0.068828 0.320553
v -0.023898 -0.068828 0.320553
v -0.022442 -0.070168 0.321405
v -0.075823 -0.069932 0.322540
v -0.076767 -0.069620 0.324580
v -0.078220 -0.068573 0.321782
v -0.079242 -0.068234 0.323991
v -0.075823 -0.069932 0.322540
v -0.077208 -0.068912 0.320903
v -0.078220 -0.068573 0.321782
v -0.074888 -0.070246 0.321728
v -0.077513 -0.069312 0.327673
v -0.078021 -0.069085 0.330571
v -0.080050 -0.067900 0.327340
v -0.080600 -0.067655 0.330479
v -0.077513 -0.069312 0.327673
v -0.079242 -0.068234 0.323991
v -0.080050 -0.067900 0.327340
v -0.076767 -0.069620 0.324580
v -0.078250 -0.069016 0.332025
v -0.078340 -0.069027 0.332756
v -0.080848 -0.067581 0.332053
v -0.080946 -0.067592 0.332845
v -0.078250 -0.069016 0.332025
v -0.080600 -0.067655 0.330479
v -0.080848 -0.067581 0.332053
v -0.078021 -0.069085 0.330571
v -0.078884 -0.068531 0.339853
v -0.079369 -0.067992 0.342119
v -0.081535 -0.067055 0.340530
v -0.082061 -0.066471 0.342984
v -0.078884 -0.068531 0.339853
v -0.081507 -0.067509 0.338135
v -0.081535 -0.067055 0.340530
v -0.078858 -0.068950 0.337641
v -0.078610 -0.069060 0.334952
v -0.078700 -0.069071 0.335684
v -0.081238 -0.067628 0.335223
v -0.081336 -0.067640 0.336015
v -0.078610 -0.069060 0.334952
v -0.081141 -0.067616 0.334430
v -0.081238 -0.067628 0.335223
v -0.078520 -0.069049 0.334220
v -0.078790 -0.069082 0.336415
v -0.078858 -0.068950 0.337641
v -0.081433 -0.067652 0.336808
v -0.081507 -0.067509 0.338135
v -0.078790 -0.069082 0.336415
v -0.081336 -0.067640 0.336015
v -0.081433 -0.067652 0.336808
v -0.078700 -0.069071 0.335684
v -0.078430 -0.069038 0.333488
v -0.078520 -0.069049 0.334220
v -0.081043 -0.067604 0.333638
v -0.081141 -0.067616 0.334430
v -0.078430 -0.069038 0.333488
v -0.080946 -0.067592 0.332845
v -0.081043 -0.067604 0.333638
v -0.078340 -0.069027 0.332756
v -0.020143 -0.070168 0.321405
v -0.022442 -0.070168 0.321405
v -0.017925 -0.068828 0.320553
v -0.020414 -0.068828 0.320553
v -0.020143 -0.070168 0.321405
v -0.016597 -0.068912 0.320903
v -0.017925 -0.068828 0.320553
v -0.018916 -0.070246 0.321728
v -0.015375 -0.069038 0.333488
v -0.012664 -0.067616 0.334430
v -0.012761 -0.067604 0.333638
v -0.015285 -0.069049 0.334220
v -0.015375 -0.069038 0.333488
v -0.015465 -0.069027 0.332756
v -0.012761 -0.067604 0.333638
v -0.012859 -0.067592 0.332845
v -0.015015 -0.069082 0.336415
v -0.012297 -0.067509 0.338135
v -0.012371 -0.067652 0.336808
v -0.014946 -0.068950 0.337641
v -0.015015 -0.069082 0.336415
v -0.015105 -0.069071 0.335684
v -0.012371 -0.067652 0.336808
v -0.012469 -0.067640 0.336015
v -0.015195 -0.069060 0.334952
v -0.012469 -0.067640 0.336015
v -0.012566 -0.067628 0.335223
v -0.015105 -0.069071 0.335684
v -0.015195 -0.069060 0.334952
v -0.015285 -0.069049 0.334220
v -0.012566 -0.067628 0.335223
v -0.012664 -0.067616 0.334430
v -0.014921 -0.068531 0.339853
v -0.011744 -0.066471 0.342984
v -0.012270 -0.067055 0.340530
v -0.014435 -0.067992 0.342119
v -0.014921 -0.068531 0.339853
v -0.014946 -0.068950 0.337641
v -0.012270 -0.067055 0.340530
v -0.012297 -0.067509 0.338135
v -0.015555 -0.069016 0.332025
v -0.012859 -0.067592 0.332845
v -0.012956 -0.067581 0.332053
v -0.015465 -0.069027 0.332756
v -0.015555 -0.069016 0.332025
v -0.015784 -0.069085 0.330571
v -0.012956 -0.067581 0.332053
v -0.013205 -0.067655 0.330479
v -0.016292 -0.069312 0.327673
v -0.013205 -0.067655 0.330479
v -0.013755 -0.067900 0.327340
v -0.015784 -0.069085 0.330571
v -0.016292 -0.069312 0.327673
v -0.017038 -0.069620 0.324580
v -0.013755 -0.067900 0.327340
v -0.014563 -0.068234 0.323991
v -0.017982 -0.069932 0.322540
v -0.014563 -0.068234 0.323991
v -0.015585 -0.068573 0.321782
v -0.017038 -0.069620 0.324580
v -0.017982 -0.069932 0.322540
v -0.018916 -0.070246 0.321728
v -0.015585 -0.068573 0.321782
v -0.016597 -0.068912 0.320903
v -0.044617 -0.012742 0.116689
v -0.045328 -0.018217 0.145906
v -0.044617 -0.018590 0.145831
v -0.045328 -0.012369 0.116763
v -0.044617 -0.012742 0.116689
v -0.044617 -0.018590 0.145831
v -0.043993 -0.013244 0.116588
v -0.043993 -0.019091 0.145731
v -0.043993 -0.013244 0.116588
v -0.043993 -0.019091 0.145731
v -0.043481 -0.013855 0.116465
v -0.043481 -0.019703 0.145608
v -0.043101 -0.014552 0.116325
v -0.043481 -0.019703 0.145608
v -0.043101 -0.020400 0.145468
v -0.043481 -0.013855 0.116465
v -0.043101 -0.014552 0.116325
v -0.043101 -0.020400 0.145468
v -0.042867 -0.015309 0.116174
v -0.042867 -0.021157 0.145316
v -0.042788 -0.016096 0.116016
v -0.042867 -0.021157 0.145316
v -0.042788 -0.021944 0.145158
v -0.042867 -0.015309 0.116174
v -0.042788 -0.016096 0.116016
v -0.042788 -0.021944 0.145158
v -0.042867 -0.016883 0.115858
v -0.042867 -0.022731 0.145000
v -0.045328 -0.019823 0.115268
v -0.045328 -0.025671 0.144410
v -0.046100 -0.020052 0.115222
v -0.046100 -0.025900 0.144364
v -0.045328 -0.019823 0.115268
v -0.044617 -0.025298 0.144485
v -0.045328 -0.025671 0.144410
v -0.044617 -0.019450 0.115343
v -0.046100 -0.020052 0.115222
v -0.046100 -0.025900 0.144364
v -0.046902 -0.020130 0.115206
v -0.046902 -0.025978 0.144349
v -0.046902 -0.020130 0.115206
v -0.046902 -0.025978 0.144349
v -0.047705 -0.020052 0.115222
v -0.047705 -0.025900 0.144364
v -0.048477 -0.019823 0.115268
v -0.048477 -0.025671 0.144410
v -0.049188 -0.019450 0.115343
v -0.049188 -0.025298 0.144485
v -0.048477 -0.019823 0.115268
v -0.047705 -0.025900 0.144364
v -0.048477 -0.025671 0.144410
v -0.047705 -0.020052 0.115222
v -0.049812 -0.018948 0.115443
v -0.049812 -0.024796 0.144586
v -0.050323 -0.018337 0.115566
v -0.050323 -0.024185 0.144708
v -0.049812 -0.018948 0.115443
v -0.049188 -0.025298 0.144485
v -0.049812 -0.024796 0.144586
v -0.049188 -0.019450 0.115343
v -0.050323 -0.018337 0.115566
v -0.050323 -0.024185 0.144708
v -0.050704 -0.017640 0.115706
v -0.050704 -0.023487 0.144848
v -0.050938 -0.016883 0.115858
v -0.050938 -0.022731 0.145000
v -0.051017 -0.016096 0.116016
v -0.051017 -0.021944 0.145158
v -0.050938 -0.016883 0.115858
v -0.050704 -0.023487 0.144848
v -0.050938 -0.022731 0.145000
v -0.050704 -0.017640 0.115706
v -0.051017 -0.016096 0.116016
v -0.051017 -0.021944 0.145158
v -0.050938 -0.015309 0.116174
v -0.050938 -0.021157 0.145316
v -0.050938 -0.015309 0.116174
v -0.050938 -0.021157 0.145316
v -0.050704 -0.014552 0.116325
v -0.050704 -0.020400 0.145468
v -0.050704 -0.014552 0.116325
v -0.050704 -0.020400 0.145468
v -0.050323 -0.013855 0.116465
v -0.050323 -0.019703 0.145608
v -0.049812 -0.013244 0.116588
v -0.050323 -0.019703 0.145608
v -0.049812 -0.019091 0.145731
v -0.050323 -0.013855 0.116465
v -0.049812 -0.013244 0.116588
v -0.049812 -0.019091 0.145731
v -0.049188 -0.012742 0.116689
v -0.049188 -0.018590 0.145831
v -0.046902 -0.011343 0.112271
v -0.047668 -0.011417 0.112256
v -0.046902 -0.008796 0.099361
v -0.047668 -0.008871 0.099358
v -0.046902 -0.011343 0.112271
v -0.046137 -0.008871 0.099358
v -0.046137 -0.011417 0.112256
v -0.046902 -0.008796 0.099361
v -0.045401 -0.011635 0.112212
v -0.046137 -0.011417 0.112256
v -0.045401 -0.009094 0.099346
v -0.046137 -0.008871 0.099358
v -0.045401 -0.011635 0.112212
v -0.044723 -0.009456 0.099328
v -0.044723 -0.011991 0.112141
v -0.045401 -0.009094 0.099346
v -0.044128 -0.012469 0.112045
v -0.044723 -0.011991 0.112141
v -0.044128 -0.009944 0.099303
v -0.044723 -0.009456 0.099328
v -0.044128 -0.012469 0.112045
v -0.043640 -0.010537 0.099273
v -0.043640 -0.013052 0.111928
v -0.044128 -0.009944 0.099303
v -0.043640 -0.013052 0.111928
v -0.043277 -0.011215 0.099239
v -0.043277 -0.013717 0.111794
v -0.043640 -0.010537 0.099273
v -0.042979 -0.015190 0.111499
v -0.043054 -0.013479 0.099125
v -0.043054 -0.015940 0.111348
v -0.042979 -0.012714 0.099164
v -0.042979 -0.015190 0.111499
v -0.043054 -0.014439 0.111649
v -0.042979 -0.012714 0.099164
v -0.043054 -0.011950 0.099202
v -0.046902 -0.019037 0.110727
v -0.047668 -0.016558 0.098970
v -0.047668 -0.018963 0.110742
v -0.046902 -0.016633 0.098966
v -0.046902 -0.019037 0.110727
v -0.046137 -0.018963 0.110742
v -0.046902 -0.016633 0.098966
v -0.046137 -0.016558 0.098970
v -0.047668 -0.018963 0.110742
v -0.048404 -0.016335 0.098981
v -0.048404 -0.018744 0.110786
v -0.047668 -0.016558 0.098970
v -0.048404 -0.018744 0.110786
v -0.049082 -0.015973 0.098999
v -0.049082 -0.018388 0.110857
v -0.048404 -0.016335 0.098981
v -0.049082 -0.018388 0.110857
v -0.049677 -0.015485 0.099024
v -0.049677 -0.017910 0.110953
v -0.049082 -0.015973 0.098999
v -0.050165 -0.017327 0.111070
v -0.050527 -0.014214 0.099088
v -0.050527 -0.016662 0.111203
v -0.050165 -0.014892 0.099054
v -0.050165 -0.017327 0.111070
v -0.049677 -0.017910 0.110953
v -0.050165 -0.014892 0.099054
v -0.049677 -0.015485 0.099024
v -0.050751 -0.015940 0.111348
v -0.050826 -0.012714 0.099164
v -0.050826 -0.015190 0.111499
v -0.050751 -0.013479 0.099125
v -0.050751 -0.015940 0.111348
v -0.050527 -0.016662 0.111203
v -0.050751 -0.013479 0.099125
v -0.050527 -0.014214 0.099088
v -0.050751 -0.014439 0.111649
v -0.050826 -0.015190 0.111499
v -0.050751 -0.011950 0.099202
v -0.050826 -0.012714 0.099164
v -0.050751 -0.014439 0.111649
v -0.050527 -0.011215 0.099239
v -0.050527 -0.013717 0.111794
v -0.050751 -0.011950 0.099202
v -0.050527 -0.013717 0.111794
v -0.050165 -0.010537 0.099273
v -0.050165 -0.013052 0.111928
v -0.050527 -0.011215 0.099239
v -0.049082 -0.011991 0.112141
v -0.049677 -0.012469 0.112045
v -0.049082 -0.009456 0.099328
v -0.049677 -0.009944 0.099303
v -0.049082 -0.011991 0.112141
v -0.048404 -0.009094 0.099346
v -0.048404 -0.011635 0.112212
v -0.049082 -0.009456 0.099328
v -0.046902 -0.026193 0.062517
v -0.047668 -0.017860 0.070561
v -0.046902 -0.017808 0.070507
v -0.047668 -0.026245 0.062571
v -0.046902 -0.026193 0.062517
v -0.046902 -0.017808 0.070507
v -0.046137 -0.026245 0.062571
v -0.046137 -0.017860 0.070561
v -0.042979 -0.028900 0.065357
v -0.042979 -0.020515 0.073347
v -0.043054 -0.029428 0.065911
v -0.043054 -0.021043 0.073901
v -0.042979 -0.028900 0.065357
v -0.043054 -0.019987 0.072793
v -0.042979 -0.020515 0.073347
v -0.043054 -0.028372 0.064803
v -0.044128 -0.030814 0.067366
v -0.044128 -0.022429 0.075356
v -0.044722 -0.031151 0.067719
v -0.044723 -0.022765 0.075709
v -0.044128 -0.030814 0.067366
v -0.043640 -0.022019 0.074925
v -0.044128 -0.022429 0.075356
v -0.043640 -0.030404 0.066935
v -0.045401 -0.031401 0.067982
v -0.045401 -0.023016 0.075972
v -0.046137 -0.031555 0.068143
v -0.046137 -0.023170 0.076133
v -0.045401 -0.031401 0.067982
v -0.044723 -0.022765 0.075709
v -0.045401 -0.023016 0.075972
v -0.044722 -0.031151 0.067719
v -0.046137 -0.031555 0.068143
v -0.046137 -0.023170 0.076133
v -0.046902 -0.031607 0.068198
v -0.046902 -0.023222 0.076188
v -0.046902 -0.031607 0.068198
v -0.046902 -0.023222 0.076188
v -0.047668 -0.031555 0.068143
v -0.047668 -0.023170 0.076133
v -0.047668 -0.031555 0.068143
v -0.047668 -0.023170 0.076133
v -0.048404 -0.031401 0.067982
v -0.048404 -0.023016 0.075972
v -0.050165 -0.030404 0.066935
v -0.050165 -0.022019 0.074925
v -0.050527 -0.029936 0.066444
v -0.050527 -0.021551 0.074434
v -0.050165 -0.030404 0.066935
v -0.049677 -0.022429 0.075356
v -0.050165 -0.022019 0.074925
v -0.049677 -0.030814 0.067366
v -0.050527 -0.029936 0.066444
v -0.050527 -0.021551 0.074434
v -0.050751 -0.029428 0.065911
v -0.050751 -0.021043 0.073901
v -0.050826 -0.028900 0.065357
v -0.050826 -0.020515 0.073347
v -0.050751 -0.028372 0.064803
v -0.050751 -0.019987 0.072793
v -0.050826 -0.028900 0.065357
v -0.050751 -0.021043 0.073901
v -0.050826 -0.020515 0.073347
v -0.050751 -0.029428 0.065911
v -0.050751 -0.028372 0.064803
v -0.050751 -0.019987 0.072793
v -0.050527 -0.027864 0.064270
v -0.050527 -0.019479 0.072260
v -0.050165 -0.027396 0.063779
v -0.050527 -0.019479 0.072260
v -0.050165 -0.019011 0.071769
v -0.050527 -0.027864 0.064270
v -0.050165 -0.027396 0.063779
v -0.050165 -0.019011 0.071769
v -0.049677 -0.026986 0.063349
v -0.049677 -0.018601 0.071339
v -0.049677 -0.026986 0.063349
v -0.049677 -0.018601 0.071339
v -0.049082 -0.026650 0.062995
v -0.049082 -0.018264 0.070985
v -0.049082 -0.026650 0.062995
v -0.049082 -0.018264 0.070985
v -0.048404 -0.026399 0.062733
v -0.048404 -0.018014 0.070723
v -0.046902 -0.032889 0.056400
v -0.047530 -0.032932 0.056445
v -0.046902 -0.046061 0.043849
v -0.047530 -0.046104 0.043894
v -0.046902 -0.032889 0.056400
v -0.046275 -0.046104 0.043894
v -0.046275 -0.032932 0.056445
v -0.046902 -0.046061 0.043849
v -0.045654 -0.033062 0.056581
v -0.046275 -0.032932 0.056445
v -0.045654 -0.046234 0.044030
v -0.046275 -0.046104 0.043894
v -0.045654 -0.033062 0.056581
v -0.045056 -0.046454 0.044262
v -0.045056 -0.033282 0.056813
v -0.045654 -0.046234 0.044030
v -0.045056 -0.033282 0.056813
v -0.044510 -0.046764 0.044586
v -0.044510 -0.033592 0.057138
v -0.045056 -0.046454 0.044262
v -0.044510 -0.033592 0.057138
v -0.044046 -0.047154 0.044996
v -0.044046 -0.033982 0.057547
v -0.044510 -0.046764 0.044586
v -0.044046 -0.033982 0.057547
v -0.043693 -0.047609 0.045474
v -0.043693 -0.034437 0.058025
v -0.044046 -0.047154 0.044996
v -0.043693 -0.034437 0.058025
v -0.043472 -0.048111 0.046000
v -0.043472 -0.034939 0.058551
v -0.043693 -0.047609 0.045474
v -0.043397 -0.035464 0.059103
v -0.043472 -0.049162 0.047103
v -0.043472 -0.035989 0.059654
v -0.043397 -0.048636 0.046552
v -0.043397 -0.035464 0.059103
v -0.043472 -0.034939 0.058551
v -0.043397 -0.048636 0.046552
v -0.043472 -0.048111 0.046000
v -0.043693 -0.036491 0.060180
v -0.044046 -0.050119 0.048107
v -0.044046 -0.036947 0.060659
v -0.043693 -0.049663 0.047629
v -0.043693 -0.036491 0.060180
v -0.043472 -0.035989 0.059654
v -0.043693 -0.049663 0.047629
v -0.043472 -0.049162 0.047103
v -0.044046 -0.036947 0.060659
v -0.044510 -0.050509 0.048517
v -0.044510 -0.037337 0.061068
v -0.044046 -0.050119 0.048107
v -0.045056 -0.037646 0.061393
v -0.045654 -0.051039 0.049073
v -0.045654 -0.037867 0.061624
v -0.045056 -0.050818 0.048842
v -0.045056 -0.037646 0.061393
v -0.044510 -0.037337 0.061068
v -0.045056 -0.050818 0.048842
v -0.044510 -0.050509 0.048517
v -0.046902 -0.038039 0.061805
v -0.047530 -0.051169 0.049209
v -0.047530 -0.037997 0.061760
v -0.046902 -0.051211 0.049254
v -0.046902 -0.038039 0.061805
v -0.046275 -0.037997 0.061760
v -0.046902 -0.051211 0.049254
v -0.046275 -0.051169 0.049209
v -0.048151 -0.037867 0.061624
v -0.048748 -0.050818 0.048842
v -0.048748 -0.037646 0.061393
v -0.048151 -0.051039 0.049073
v -0.048151 -0.037867 0.061624
v -0.047530 -0.037997 0.061760
v -0.048151 -0.051039 0.049073
v -0.047530 -0.051169 0.049209
v -0.048748 -0.037646 0.061393
v -0.049295 -0.050509 0.048517
v -0.049295 -0.037337 0.061068
v -0.048748 -0.050818 0.048842
v -0.049295 -0.037337 0.061068
v -0.049759 -0.050119 0.048107
v -0.049759 -0.036947 0.060659
v -0.049295 -0.050509 0.048517
v -0.049759 -0.036947 0.060659
v -0.050112 -0.049663 0.047629
v -0.050112 -0.036491 0.060180
v -0.049759 -0.050119 0.048107
v -0.050333 -0.035989 0.059654
v -0.050408 -0.048636 0.046552
v -0.050408 -0.035464 0.059103
v -0.050333 -0.049162 0.047103
v -0.050333 -0.035989 0.059654
v -0.050112 -0.036491 0.060180
v -0.050333 -0.049162 0.047103
v -0.050112 -0.049663 0.047629
v -0.050408 -0.035464 0.059103
v -0.050333 -0.048111 0.046000
v -0.050333 -0.034939 0.058551
v -0.050408 -0.048636 0.046552
v -0.050333 -0.034939 0.058551
v -0.050112 -0.047609 0.045474
v -0.050112 -0.034437 0.058025
v -0.050333 -0.048111 0.046000
v -0.050112 -0.034437 0.058025
v -0.049759 -0.047154 0.044996
v -0.049759 -0.033982 0.057547
v -0.050112 -0.047609 0.045474
v -0.049759 -0.033982 0.057547
v -0.049295 -0.046764 0.044586
v -0.049295 -0.033592 0.057138
v -0.049759 -0.047154 0.044996
v -0.049295 -0.033592 0.057138
v -0.048748 -0.046454 0.044262
v -0.048748 -0.033282 0.056813
v -0.049295 -0.046764 0.044586
v -0.048748 -0.033282 0.056813
v -0.048151 -0.046234 0.044030
v -0.048151 -0.033062 0.056581
v -0.048748 -0.046454 0.044262
v -0.046902 -0.030488 0.209844
v -0.047751 -0.049172 0.302531
v -0.046902 -0.049090 0.302548
v -0.047751 -0.030570 0.209827
v -0.046902 -0.030488 0.209844
v -0.046902 -0.049090 0.302548
v -0.046054 -0.030570 0.209827
v -0.046054 -0.049172 0.302531
v -0.045238 -0.030813 0.209779
v -0.046054 -0.049172 0.302531
v -0.045238 -0.049415 0.302483
v -0.046054 -0.030570 0.209827
v -0.045238 -0.030813 0.209779
v -0.045238 -0.049415 0.302483
v -0.044487 -0.031207 0.209700
v -0.044486 -0.049809 0.302404
v -0.044487 -0.031207 0.209700
v -0.044486 -0.049809 0.302404
v -0.043828 -0.031737 0.209593
v -0.043828 -0.050339 0.302297
v -0.042638 -0.033920 0.209155
v -0.042885 -0.051722 0.302020
v -0.042637 -0.052522 0.301859
v -0.042885 -0.033120 0.209316
v -0.042638 -0.033920 0.209155
v -0.042637 -0.052522 0.301859
v -0.042554 -0.034752 0.208988
v -0.042554 -0.053354 0.301692
v -0.042554 -0.034752 0.208988
v -0.042554 -0.053354 0.301692
v -0.042638 -0.035584 0.208821
v -0.042637 -0.054186 0.301525
v -0.042885 -0.036383 0.208661
v -0.042885 -0.054985 0.301365
v -0.043287 -0.037120 0.208513
v -0.043287 -0.055722 0.301217
v -0.042885 -0.036383 0.208661
v -0.042637 -0.054186 0.301525
v -0.042885 -0.054985 0.301365
v -0.042638 -0.035584 0.208821
v -0.049318 -0.038297 0.208277
v -0.049318 -0.056899 0.300981
v -0.049977 -0.037767 0.208383
v -0.049977 -0.056368 0.301087
v -0.049318 -0.038297 0.208277
v -0.048566 -0.057293 0.300902
v -0.049318 -0.056899 0.300981
v -0.048566 -0.038691 0.208198
v -0.049977 -0.037767 0.208383
v -0.049977 -0.056368 0.301087
v -0.050518 -0.037120 0.208513
v -0.050518 -0.055722 0.301217
v -0.050920 -0.036383 0.208661
v -0.050920 -0.054985 0.301365
v -0.051167 -0.035584 0.208821
v -0.051167 -0.054186 0.301525
v -0.050920 -0.036383 0.208661
v -0.050518 -0.055722 0.301217
v -0.050920 -0.054985 0.301365
v -0.050518 -0.037120 0.208513
v -0.051167 -0.035584 0.208821
v -0.051167 -0.054186 0.301525
v -0.051251 -0.034752 0.208988
v -0.051251 -0.053354 0.301692
v -0.051167 -0.033920 0.209155
v -0.051251 -0.053354 0.301692
v -0.051167 -0.052522 0.301859
v -0.051251 -0.034752 0.208988
v -0.051167 -0.033920 0.209155
v -0.051167 -0.052522 0.301859
v -0.050920 -0.033120 0.209316
v -0.050920 -0.051722 0.302020
v -0.050920 -0.033120 0.209316
v -0.050920 -0.051722 0.302020
v -0.050518 -0.032383 0.209464
v -0.050518 -0.050985 0.302168
v -0.049318 -0.031207 0.209700
v -0.049977 -0.050339 0.302297
v -0.049318 -0.049809 0.302404
v -0.049977 -0.031737 0.209593
v -0.049318 -0.031207 0.209700
v -0.049318 -0.049809 0.302404
v -0.048566 -0.030813 0.209779
v -0.048566 -0.049415 0.302483
v -0.048566 -0.030813 0.209779
v -0.048566 -0.049415 0.302483
v -0.047751 -0.030570 0.209827
v -0.047751 -0.049172 0.302531
v -0.045328 -0.029917 0.204214
v -0.046100 -0.029687 0.204260
v -0.045328 -0.018217 0.145906
v -0.046100 -0.017987 0.145952
v -0.045328 -0.029917 0.204214
v -0.044617 -0.018590 0.145831
v -0.044617 -0.030290 0.204139
v -0.045328 -0.018217 0.145906
v -0.044617 -0.030290 0.204139
v -0.043993 -0.019091 0.145731
v -0.043993 -0.030791 0.204039
v -0.044617 -0.018590 0.145831
v -0.042867 -0.032857 0.203624
v -0.043101 -0.032100 0.203776
v -0.042867 -0.021157 0.145316
v -0.043101 -0.020400 0.145468
v -0.042867 -0.032857 0.203624
v -0.042788 -0.021944 0.145158
v -0.042788 -0.033644 0.203466
v -0.042867 -0.021157 0.145316
v -0.043481 -0.035885 0.203016
v -0.043993 -0.024796 0.144586
v -0.043993 -0.036496 0.202894
v -0.043481 -0.024185 0.144708
v -0.043481 -0.035885 0.203016
v -0.043101 -0.035187 0.203156
v -0.043481 -0.024185 0.144708
v -0.043101 -0.023487 0.144848
v -0.045328 -0.037371 0.202718
v -0.046100 -0.025900 0.144364
v -0.046100 -0.037600 0.202672
v -0.045328 -0.025671 0.144410
v -0.045328 -0.037371 0.202718
v -0.044617 -0.036998 0.202793
v -0.045328 -0.025671 0.144410
v -0.044617 -0.025298 0.144485
v -0.046100 -0.037600 0.202672
v -0.046902 -0.025978 0.144349
v -0.046902 -0.037678 0.202657
v -0.046100 -0.025900 0.144364
v -0.046902 -0.037678 0.202657
v -0.047705 -0.025900 0.144364
v -0.047705 -0.037600 0.202672
v -0.046902 -0.025978 0.144349
v -0.049188 -0.036998 0.202793
v -0.049812 -0.024796 0.144586
v -0.049812 -0.036496 0.202894
v -0.049188 -0.025298 0.144485
v -0.049188 -0.036998 0.202793
v -0.048477 -0.037371 0.202718
v -0.049188 -0.025298 0.144485
v -0.048477 -0.025671 0.144410
v -0.049812 -0.036496 0.202894
v -0.050323 -0.024185 0.144708
v -0.050323 -0.035885 0.203016
v -0.049812 -0.024796 0.144586
v -0.050938 -0.034431 0.203308
v -0.051017 -0.021944 0.145158
v -0.051017 -0.033644 0.203466
v -0.050938 -0.022731 0.145000
v -0.050938 -0.034431 0.203308
v -0.050704 -0.035187 0.203156
v -0.050938 -0.022731 0.145000
v -0.050704 -0.023487 0.144848
v -0.051017 -0.033644 0.203466
v -0.050938 -0.021157 0.145316
v -0.050938 -0.032857 0.203624
v -0.051017 -0.021944 0.145158
v -0.050938 -0.032857 0.203624
v -0.050704 -0.020400 0.145468
v -0.050704 -0.032100 0.203776
v -0.050938 -0.021157 0.145316
v -0.043828 -0.050339 0.302297
v -0.043287 -0.032383 0.209464
v -0.043287 -0.050985 0.302168
v -0.043828 -0.031737 0.209593
v -0.042885 -0.051722 0.302020
v -0.043287 -0.050985 0.302168
v -0.042885 -0.033120 0.209316
v -0.043287 -0.032383 0.209464
v -0.043287 -0.055722 0.301217
v -0.043828 -0.037767 0.208383
v -0.043828 -0.056368 0.301087
v -0.043287 -0.037120 0.208513
v -0.043828 -0.056368 0.301087
v -0.044487 -0.038297 0.208277
v -0.044486 -0.056899 0.300981
v -0.043828 -0.037767 0.208383
v -0.044486 -0.056899 0.300981
v -0.045238 -0.038691 0.208198
v -0.045238 -0.057293 0.300902
v -0.044487 -0.038297 0.208277
v -0.047751 -0.057535 0.300853
v -0.048566 -0.038691 0.208198
v -0.048566 -0.057293 0.300902
v -0.047751 -0.038933 0.208149
v -0.047751 -0.057535 0.300853
v -0.046902 -0.057617 0.300837
v -0.047751 -0.038933 0.208149
v -0.046902 -0.039015 0.208133
v -0.049977 -0.050339 0.302297
v -0.050518 -0.050985 0.302168
v -0.049977 -0.031737 0.209593
v -0.050518 -0.032383 0.209464
v -0.045238 -0.038691 0.208198
v -0.045238 -0.057293 0.300902
v -0.046054 -0.038933 0.208149
v -0.046054 -0.057535 0.300853
v -0.046054 -0.038933 0.208149
v -0.046054 -0.057535 0.300853
v -0.046902 -0.039015 0.208133
v -0.046902 -0.057617 0.300837
v -0.046902 -0.029610 0.204276
v -0.047705 -0.029687 0.204260
v -0.046902 -0.017910 0.145968
v -0.047705 -0.017987 0.145952
v -0.046902 -0.029610 0.204276
v -0.046100 -0.017987 0.145952
v -0.046100 -0.029687 0.204260
v -0.046902 -0.017910 0.145968
v -0.043993 -0.030791 0.204039
v -0.043481 -0.019703 0.145608
v -0.043481 -0.031403 0.203916
v -0.043993 -0.019091 0.145731
v -0.043481 -0.031403 0.203916
v -0.043101 -0.020400 0.145468
v -0.043101 -0.032100 0.203776
v -0.043481 -0.019703 0.145608
v -0.042788 -0.033644 0.203466
v -0.042867 -0.022731 0.145000
v -0.042867 -0.034431 0.203308
v -0.042788 -0.021944 0.145158
v -0.042867 -0.034431 0.203308
v -0.043101 -0.023487 0.144848
v -0.043101 -0.035187 0.203156
v -0.042867 -0.022731 0.145000
v -0.043993 -0.036496 0.202894
v -0.044617 -0.025298 0.144485
v -0.044617 -0.036998 0.202793
v -0.043993 -0.024796 0.144586
v -0.047705 -0.037600 0.202672
v -0.048477 -0.025671 0.144410
v -0.048477 -0.037371 0.202718
v -0.047705 -0.025900 0.144364
v -0.050323 -0.035885 0.203016
v -0.050704 -0.023487 0.144848
v -0.050704 -0.035187 0.203156
v -0.050323 -0.024185 0.144708
v -0.050704 -0.032100 0.203776
v -0.050323 -0.019703 0.145608
v -0.050323 -0.031403 0.203916
v -0.050704 -0.020400 0.145468
v -0.050323 -0.031403 0.203916
v -0.049812 -0.019091 0.145731
v -0.049812 -0.030791 0.204039
v -0.050323 -0.019703 0.145608
v -0.049812 -0.030791 0.204039
v -0.049188 -0.018590 0.145831
v -0.049188 -0.030290 0.204139
v -0.049812 -0.019091 0.145731
v -0.049188 -0.030290 0.204139
v -0.048477 -0.018217 0.145906
v -0.048477 -0.029917 0.204214
v -0.049188 -0.018590 0.145831
v -0.048477 -0.029917 0.204214
v -0.047705 -0.017987 0.145952
v -0.047705 -0.029687 0.204260
v -0.048477 -0.018217 0.145906
v -0.046902 -0.017910 0.145968
v -0.047705 -0.017987 0.145952
v -0.046902 -0.012062 0.116825
v -0.047705 -0.012140 0.116810
v -0.046902 -0.017910 0.145968
v -0.046100 -0.012140 0.116810
v -0.046100 -0.017987 0.145952
v -0.046902 -0.012062 0.116825
v -0.046100 -0.017987 0.145952
v -0.045328 -0.012369 0.116763
v -0.045328 -0.018217 0.145906
v -0.046100 -0.012140 0.116810
v -0.042867 -0.022731 0.145000
v -0.043101 -0.017640 0.115706
v -0.043101 -0.023487 0.144848
v -0.042867 -0.016883 0.115858
v -0.043101 -0.023487 0.144848
v -0.043481 -0.018337 0.115566
v -0.043481 -0.024185 0.144708
v -0.043101 -0.017640 0.115706
v -0.043481 -0.024185 0.144708
v -0.043993 -0.018948 0.115443
v -0.043993 -0.024796 0.144586
v -0.043481 -0.018337 0.115566
v -0.043993 -0.024796 0.144586
v -0.044617 -0.019450 0.115343
v -0.044617 -0.025298 0.144485
v -0.043993 -0.018948 0.115443
v -0.049188 -0.018590 0.145831
v -0.048477 -0.012369 0.116763
v -0.048477 -0.018217 0.145906
v -0.049188 -0.012742 0.116689
v -0.048477 -0.018217 0.145906
v -0.047705 -0.012140 0.116810
v -0.047705 -0.017987 0.145952
v -0.048477 -0.012369 0.116763
v -0.043277 -0.013717 0.111794
v -0.043054 -0.011950 0.099202
v -0.043054 -0.014439 0.111649
v -0.043277 -0.011215 0.099239
v -0.043054 -0.015940 0.111348
v -0.043277 -0.014214 0.099088
v -0.043277 -0.016662 0.111203
v -0.043054 -0.013479 0.099125
v -0.043277 -0.016662 0.111203
v -0.043640 -0.014892 0.099054
v -0.043640 -0.017327 0.111070
v -0.043277 -0.014214 0.099088
v -0.043640 -0.017327 0.111070
v -0.044128 -0.015485 0.099024
v -0.044128 -0.017910 0.110953
v -0.043640 -0.014892 0.099054
v -0.044128 -0.017910 0.110953
v -0.044723 -0.015973 0.098999
v -0.044723 -0.018388 0.110857
v -0.044128 -0.015485 0.099024
v -0.044723 -0.018388 0.110857
v -0.045401 -0.016335 0.098981
v -0.045401 -0.018744 0.110786
v -0.044723 -0.015973 0.098999
v -0.045401 -0.018744 0.110786
v -0.046137 -0.016558 0.098970
v -0.046137 -0.018963 0.110742
v -0.045401 -0.016335 0.098981
v -0.050165 -0.013052 0.111928
v -0.049677 -0.009944 0.099303
v -0.049677 -0.012469 0.112045
v -0.050165 -0.010537 0.099273
v -0.048404 -0.011635 0.112212
v -0.047668 -0.008871 0.099358
v -0.047668 -0.011417 0.112256
v -0.048404 -0.009094 0.099346
v -0.046902 -0.008796 0.099361
v -0.047668 -0.008871 0.099358
v -0.046902 -0.008378 0.089726
v -0.047668 -0.008453 0.089736
v -0.046902 -0.008796 0.099361
v -0.046137 -0.008453 0.089736
v -0.046137 -0.008871 0.099358
v -0.046902 -0.008378 0.089726
v -0.046137 -0.008871 0.099358
v -0.045401 -0.008674 0.089766
v -0.045401 -0.009094 0.099346
v -0.046137 -0.008453 0.089736
v -0.045401 -0.009094 0.099346
v -0.044723 -0.009033 0.089816
v -0.044723 -0.009456 0.099328
v -0.045401 -0.008674 0.089766
v -0.044723 -0.009456 0.099328
v -0.044128 -0.009517 0.089882
v -0.044128 -0.009944 0.099303
v -0.044723 -0.009033 0.089816
v -0.044128 -0.009944 0.099303
v -0.043640 -0.010106 0.089963
v -0.043640 -0.010537 0.099273
v -0.044128 -0.009517 0.089882
v -0.043640 -0.010537 0.099273
v -0.043277 -0.010778 0.090056
v -0.043277 -0.011215 0.099239
v -0.043640 -0.010106 0.089963
v -0.043277 -0.011215 0.099239
v -0.043054 -0.011507 0.090156
v -0.043054 -0.011950 0.099202
v -0.043277 -0.010778 0.090056
v -0.043054 -0.011950 0.099202
v -0.042979 -0.012265 0.090261
v -0.042979 -0.012714 0.099164
v -0.043054 -0.011507 0.090156
v -0.042979 -0.012714 0.099164
v -0.043054 -0.013023 0.090365
v -0.043054 -0.013479 0.099125
v -0.042979 -0.012265 0.090261
v -0.043054 -0.013479 0.099125
v -0.043277 -0.013753 0.090465
v -0.043277 -0.014214 0.099088
v -0.043054 -0.013023 0.090365
v -0.043277 -0.014214 0.099088
v -0.043640 -0.014425 0.090558
v -0.043640 -0.014892 0.099054
v -0.043277 -0.013753 0.090465
v -0.043640 -0.014892 0.099054
v -0.044128 -0.015014 0.090639
v -0.044128 -0.015485 0.099024
v -0.043640 -0.014425 0.090558
v -0.044128 -0.015485 0.099024
v -0.044723 -0.015497 0.090705
v -0.044723 -0.015973 0.098999
v -0.044128 -0.015014 0.090639
v -0.044723 -0.015973 0.098999
v -0.045401 -0.015856 0.090755
v -0.045401 -0.016335 0.098981
v -0.044723 -0.015497 0.090705
v -0.045401 -0.016335 0.098981
v -0.046137 -0.016078 0.090785
v -0.046137 -0.016558 0.098970
v -0.045401 -0.015856 0.090755
v -0.046137 -0.016558 0.098970
v -0.046902 -0.016152 0.090795
v -0.046902 -0.016633 0.098966
v -0.046137 -0.016078 0.090785
v -0.046902 -0.016633 0.098966
v -0.047668 -0.016078 0.090785
v -0.047668 -0.016558 0.098970
v -0.046902 -0.016152 0.090795
v -0.047668 -0.016558 0.098970
v -0.048404 -0.015856 0.090755
v -0.048404 -0.016335 0.098981
v -0.047668 -0.016078 0.090785
v -0.048404 -0.016335 0.098981
v -0.049082 -0.015497 0.090705
v -0.049082 -0.015973 0.098999
v -0.048404 -0.015856 0.090755
v -0.049082 -0.015973 0.098999
v -0.049677 -0.015014 0.090639
v -0.049677 -0.015485 0.099024
v -0.049082 -0.015497 0.090705
v -0.049677 -0.015485 0.099024
v -0.050165 -0.014425 0.090558
v -0.050165 -0.014892 0.099054
v -0.049677 -0.015014 0.090639
v -0.050165 -0.014892 0.099054
v -0.050527 -0.013753 0.090465
v -0.050527 -0.014214 0.099088
v -0.050165 -0.014425 0.090558
v -0.050527 -0.014214 0.099088
v -0.050751 -0.013023 0.090365
v -0.050751 -0.013479 0.099125
v -0.050527 -0.013753 0.090465
v -0.050751 -0.013479 0.099125
v -0.050826 -0.012265 0.090261
v -0.050826 -0.012714 0.099164
v -0.050751 -0.013023 0.090365
v -0.050826 -0.012714 0.099164
v -0.050751 -0.011507 0.090156
v -0.050751 -0.011950 0.099202
v -0.050826 -0.012265 0.090261
v -0.050751 -0.011950 0.099202
v -0.050527 -0.010778 0.090056
v -0.050527 -0.011215 0.099239
v -0.050751 -0.011507 0.090156
v -0.050527 -0.011215 0.099239
v -0.050165 -0.010106 0.089963
v -0.050165 -0.010537 0.099273
v -0.050527 -0.010778 0.090056
v -0.050165 -0.010537 0.099273
v -0.049677 -0.009517 0.089882
v -0.049677 -0.009944 0.099303
v -0.050165 -0.010106 0.089963
v -0.049677 -0.009944 0.099303
v -0.049082 -0.009033 0.089816
v -0.049082 -0.009456 0.099328
v -0.049677 -0.009517 0.089882
v -0.049082 -0.009456 0.099328
v -0.048404 -0.008674 0.089766
v -0.048404 -0.009094 0.099346
v -0.049082 -0.009033 0.089816
v -0.048404 -0.009094 0.099346
v -0.047668 -0.008453 0.089736
v -0.047668 -0.008871 0.099358
v -0.048404 -0.008674 0.089766
v -0.046902 -0.008378 0.089726
v -0.047668 -0.008453 0.089736
v -0.046902 -0.009640 0.081576
v -0.047668 -0.009709 0.081605
v -0.046902 -0.008378 0.089726
v -0.046137 -0.009709 0.081605
v -0.046137 -0.008453 0.089736
v -0.046902 -0.009640 0.081576
v -0.046137 -0.008453 0.089736
v -0.045401 -0.009914 0.081693
v -0.045401 -0.008674 0.089766
v -0.046137 -0.009709 0.081605
v -0.045401 -0.008674 0.089766
v -0.044723 -0.010248 0.081835
v -0.044723 -0.009033 0.089816
v -0.045401 -0.009914 0.081693
v -0.044723 -0.009033 0.089816
v -0.044128 -0.010697 0.082027
v -0.044128 -0.009517 0.089882
v -0.044723 -0.010248 0.081835
v -0.044128 -0.009517 0.089882
v -0.043640 -0.011243 0.082260
v -0.043640 -0.010106 0.089963
v -0.044128 -0.010697 0.082027
v -0.043640 -0.010106 0.089963
v -0.043277 -0.011867 0.082527
v -0.043277 -0.010778 0.090056
v -0.043640 -0.011243 0.082260
v -0.043277 -0.010778 0.090056
v -0.043054 -0.012544 0.082816
v -0.043054 -0.011507 0.090156
v -0.043277 -0.011867 0.082527
v -0.043054 -0.011507 0.090156
v -0.042979 -0.013248 0.083116
v -0.042979 -0.012265 0.090261
v -0.043054 -0.012544 0.082816
v -0.042979 -0.012265 0.090261
v -0.043054 -0.013952 0.083417
v -0.043054 -0.013023 0.090365
v -0.042979 -0.013248 0.083116
v -0.043054 -0.013023 0.090365
v -0.043277 -0.014629 0.083706
v -0.043277 -0.013753 0.090465
v -0.043054 -0.013952 0.083417
v -0.043277 -0.013753 0.090465
v -0.043640 -0.015253 0.083972
v -0.043640 -0.014425 0.090558
v -0.043277 -0.014629 0.083706
v -0.043640 -0.014425 0.090558
v -0.044128 -0.015800 0.084205
v -0.044128 -0.015014 0.090639
v -0.043640 -0.015253 0.083972
v -0.044128 -0.015014 0.090639
v -0.044723 -0.016249 0.084397
v -0.044723 -0.015497 0.090705
v -0.044128 -0.015800 0.084205
v -0.044723 -0.015497 0.090705
v -0.045401 -0.016582 0.084539
v -0.045401 -0.015856 0.090755
v -0.044723 -0.016249 0.084397
v -0.045401 -0.015856 0.090755
v -0.046137 -0.016788 0.084627
v -0.046137 -0.016078 0.090785
v -0.045401 -0.016582 0.084539
v -0.046137 -0.016078 0.090785
v -0.046902 -0.016857 0.084657
v -0.046902 -0.016152 0.090795
v -0.046137 -0.016788 0.084627
v -0.046902 -0.016152 0.090795
v -0.047668 -0.016788 0.084627
v -0.047668 -0.016078 0.090785
v -0.046902 -0.016857 0.084657
v -0.047668 -0.016078 0.090785
v -0.048404 -0.016582 0.084539
v -0.048404 -0.015856 0.090755
v -0.047668 -0.016788 0.084627
v -0.048404 -0.015856 0.090755
v -0.049082 -0.016249 0.084397
v -0.049082 -0.015497 0.090705
v -0.048404 -0.016582 0.084539
v -0.049082 -0.015497 0.090705
v -0.049677 -0.015800 0.084205
v -0.049677 -0.015014 0.090639
v -0.049082 -0.016249 0.084397
v -0.049677 -0.015014 0.090639
v -0.050165 -0.015253 0.083972
v -0.050165 -0.014425 0.090558
v -0.049677 -0.015800 0.084205
v -0.050165 -0.014425 0.090558
v -0.050527 -0.014629 0.083706
v -0.050527 -0.013753 0.090465
v -0.050165 -0.015253 0.083972
v -0.050527 -0.013753 0.090465
v -0.050751 -0.013952 0.083417
v -0.050751 -0.013023 0.090365
v -0.050527 -0.014629 0.083706
v -0.050751 -0.013023 0.090365
v -0.050826 -0.013248 0.083116
v -0.050826 -0.012265 0.090261
v -0.050751 -0.013952 0.083417
v -0.050826 -0.012265 0.090261
v -0.050751 -0.012544 0.082816
v -0.050751 -0.011507 0.090156
v -0.050826 -0.013248 0.083116
v -0.050751 -0.011507 0.090156
v -0.050527 -0.011867 0.082527
v -0.050527 -0.010778 0.090056
v -0.050751 -0.012544 0.082816
v -0.050527 -0.010778 0.090056
v -0.050165 -0.011243 0.082260
v -0.050165 -0.010106 0.089963
v -0.050527 -0.011867 0.082527
v -0.050165 -0.010106 0.089963
v -0.049677 -0.010697 0.082027
v -0.049677 -0.009517 0.089882
v -0.050165 -0.011243 0.082260
v -0.049677 -0.009517 0.089882
v -0.049082 -0.010248 0.081835
v -0.049082 -0.009033 0.089816
v -0.049677 -0.010697 0.082027
v -0.049082 -0.009033 0.089816
v -0.048404 -0.009914 0.081693
v -0.048404 -0.008674 0.089766
v -0.049082 -0.010248 0.081835
v -0.048404 -0.008674 0.089766
v -0.047668 -0.009709 0.081605
v -0.047668 -0.008453 0.089736
v -0.048404 -0.009914 0.081693
v -0.046902 -0.009640 0.081576
v -0.047668 -0.009709 0.081605
v -0.046902 -0.012589 0.075480
v -0.047668 -0.012641 0.075535
v -0.046902 -0.009640 0.081576
v -0.046137 -0.012641 0.075535
v -0.046137 -0.009709 0.081605
v -0.046902 -0.012589 0.075480
v -0.046137 -0.009709 0.081605
v -0.045401 -0.012795 0.075696
v -0.045401 -0.009914 0.081693
v -0.046137 -0.012641 0.075535
v -0.045401 -0.009914 0.081693
v -0.044723 -0.013045 0.075959
v -0.044723 -0.010248 0.081835
v -0.045401 -0.012795 0.075696
v -0.044723 -0.010248 0.081835
v -0.044128 -0.013382 0.076312
v -0.044128 -0.010697 0.082027
v -0.044723 -0.013045 0.075959
v -0.044128 -0.010697 0.082027
v -0.043640 -0.013792 0.076742
v -0.043640 -0.011243 0.082260
v -0.044128 -0.013382 0.076312
v -0.043640 -0.011243 0.082260
v -0.043277 -0.014260 0.077233
v -0.043277 -0.011867 0.082527
v -0.043640 -0.013792 0.076742
v -0.043277 -0.011867 0.082527
v -0.043054 -0.014767 0.077766
v -0.043054 -0.012544 0.082816
v -0.043277 -0.014260 0.077233
v -0.043054 -0.012544 0.082816
v -0.042979 -0.015296 0.078321
v -0.042979 -0.013248 0.083116
v -0.043054 -0.014767 0.077766
v -0.042979 -0.013248 0.083116
v -0.043054 -0.015824 0.078875
v -0.043054 -0.013952 0.083417
v -0.042979 -0.015296 0.078321
v -0.043054 -0.013952 0.083417
v -0.043277 -0.016331 0.079408
v -0.043277 -0.014629 0.083706
v -0.043054 -0.015824 0.078875
v -0.043277 -0.014629 0.083706
v -0.043640 -0.016799 0.079899
v -0.043640 -0.015253 0.083972
v -0.043277 -0.016331 0.079408
v -0.043640 -0.015253 0.083972
v -0.044128 -0.017209 0.080329
v -0.044128 -0.015800 0.084205
v -0.043640 -0.016799 0.079899
v -0.044128 -0.015800 0.084205
v -0.044723 -0.017546 0.080682
v -0.044723 -0.016249 0.084397
v -0.044128 -0.017209 0.080329
v -0.044723 -0.016249 0.084397
v -0.045401 -0.017796 0.080945
v -0.045401 -0.016582 0.084539
v -0.044723 -0.017546 0.080682
v -0.045401 -0.016582 0.084539
v -0.046137 -0.017950 0.081107
v -0.046137 -0.016788 0.084627
v -0.045401 -0.017796 0.080945
v -0.046137 -0.016788 0.084627
v -0.046902 -0.018002 0.081161
v -0.046902 -0.016857 0.084657
v -0.046137 -0.017950 0.081107
v -0.046902 -0.016857 0.084657
v -0.047668 -0.017950 0.081107
v -0.047668 -0.016788 0.084627
v -0.046902 -0.018002 0.081161
v -0.047668 -0.016788 0.084627
v -0.048404 -0.017796 0.080945
v -0.048404 -0.016582 0.084539
v -0.047668 -0.017950 0.081107
v -0.048404 -0.016582 0.084539
v -0.049082 -0.017546 0.080682
v -0.049082 -0.016249 0.084397
v -0.048404 -0.017796 0.080945
v -0.049082 -0.016249 0.084397
v -0.049677 -0.017209 0.080329
v -0.049677 -0.015800 0.084205
v -0.049082 -0.017546 0.080682
v -0.049677 -0.015800 0.084205
v -0.050165 -0.016799 0.079899
v -0.050165 -0.015253 0.083972
v -0.049677 -0.017209 0.080329
v -0.050165 -0.015253 0.083972
v -0.050527 -0.016331 0.079408
v -0.050527 -0.014629 0.083706
v -0.050165 -0.016799 0.079899
v -0.050527 -0.014629 0.083706
v -0.050751 -0.015824 0.078875
v -0.050751 -0.013952 0.083417
v -0.050527 -0.016331 0.079408
v -0.050751 -0.013952 0.083417
v -0.050826 -0.015295 0.078321
v -0.050826 -0.013248 0.083116
v -0.050751 -0.015824 0.078875
v -0.050826 -0.013248 0.083116
v -0.050751 -0.014767 0.077766
v -0.050751 -0.012544 0.082816
v -0.050826 -0.015295 0.078321
v -0.050751 -0.012544 0.082816
v -0.050527 -0.014260 0.077233
v -0.050527 -0.011867 0.082527
v -0.050751 -0.014767 0.077766
v -0.050527 -0.011867 0.082527
v -0.050165 -0.013792 0.076742
v -0.050165 -0.011243 0.082260
v -0.050527 -0.014260 0.077233
v -0.050165 -0.011243 0.082260
v -0.049677 -0.013382 0.076312
v -0.049677 -0.010697 0.082027
v -0.050165 -0.013792 0.076742
v -0.049677 -0.010697 0.082027
v -0.049082 -0.013045 0.075959
v -0.049082 -0.010248 0.081835
v -0.049677 -0.013382 0.076312
v -0.049082 -0.010248 0.081835
v -0.048404 -0.012795 0.075696
v -0.048404 -0.009914 0.081693
v -0.049082 -0.013045 0.075959
v -0.048404 -0.009914 0.081693
v -0.047668 -0.012641 0.075535
v -0.047668 -0.009709 0.081605
v -0.048404 -0.012795 0.075696
v -0.046902 -0.012589 0.075480
v -0.047668 -0.012641 0.075535
v -0.046902 -0.017808 0.070507
v -0.047668 -0.017860 0.070561
v -0.046902 -0.012589 0.075480
v -0.046137 -0.017860 0.070561
v -0.046137 -0.012641 0.075535
v -0.046902 -0.017808 0.070507
v -0.046137 -0.012641 0.075535
v -0.045401 -0.018014 0.070723
v -0.045401 -0.012795 0.075696
v -0.046137 -0.017860 0.070561
v -0.045401 -0.012795 0.075696
v -0.044723 -0.018264 0.070985
v -0.044723 -0.013045 0.075959
v -0.045401 -0.018014 0.070723
v -0.044723 -0.013045 0.075959
v -0.044128 -0.018601 0.071339
v -0.044128 -0.013382 0.076312
v -0.044723 -0.018264 0.070985
v -0.044128 -0.013382 0.076312
v -0.043640 -0.019011 0.071769
v -0.043640 -0.013792 0.076742
v -0.044128 -0.018601 0.071339
v -0.043640 -0.013792 0.076742
v -0.043277 -0.019479 0.072260
v -0.043277 -0.014260 0.077233
v -0.043640 -0.019011 0.071769
v -0.043277 -0.014260 0.077233
v -0.043054 -0.019987 0.072793
v -0.043054 -0.014767 0.077766
v -0.043277 -0.019479 0.072260
v -0.043054 -0.014767 0.077766
v -0.042979 -0.020515 0.073347
v -0.042979 -0.015296 0.078321
v -0.043054 -0.019987 0.072793
v -0.042979 -0.015296 0.078321
v -0.043054 -0.021043 0.073901
v -0.043054 -0.015824 0.078875
v -0.042979 -0.020515 0.073347
v -0.043054 -0.015824 0.078875
v -0.043277 -0.021551 0.074434
v -0.043277 -0.016331 0.079408
v -0.043054 -0.021043 0.073901
v -0.043277 -0.016331 0.079408
v -0.043640 -0.022019 0.074925
v -0.043640 -0.016799 0.079899
v -0.043277 -0.021551 0.074434
v -0.043640 -0.016799 0.079899
v -0.044128 -0.022429 0.075356
v -0.044128 -0.017209 0.080329
v -0.043640 -0.022019 0.074925
v -0.044128 -0.017209 0.080329
v -0.044723 -0.022765 0.075709
v -0.044723 -0.017546 0.080682
v -0.044128 -0.022429 0.075356
v -0.044723 -0.017546 0.080682
v -0.045401 -0.023016 0.075972
v -0.045401 -0.017796 0.080945
v -0.044723 -0.022765 0.075709
v -0.045401 -0.017796 0.080945
v -0.046137 -0.023170 0.076133
v -0.046137 -0.017950 0.081107
v -0.045401 -0.023016 0.075972
v -0.046137 -0.017950 0.081107
v -0.046902 -0.023222 0.076188
v -0.046902 -0.018002 0.081161
v -0.046137 -0.023170 0.076133
v -0.046902 -0.018002 0.081161
v -0.047668 -0.023170 0.076133
v -0.047668 -0.017950 0.081107
v -0.046902 -0.023222 0.076188
v -0.047668 -0.017950 0.081107
v -0.048404 -0.023016 0.075972
v -0.048404 -0.017796 0.080945
v -0.047668 -0.023170 0.076133
v -0.048404 -0.017796 0.080945
v -0.049082 -0.022765 0.075709
v -0.049082 -0.017546 0.080682
v -0.048404 -0.023016 0.075972
v -0.049082 -0.017546 0.080682
v -0.049677 -0.022429 0.075356
v -0.049677 -0.017209 0.080329
v -0.049082 -0.022765 0.075709
v -0.049677 -0.017209 0.080329
v -0.050165 -0.022019 0.074925
v -0.050165 -0.016799 0.079899
v -0.049677 -0.022429 0.075356
v -0.050165 -0.016799 0.079899
v -0.050527 -0.021551 0.074434
v -0.050527 -0.016331 0.079408
v -0.050165 -0.022019 0.074925
v -0.050527 -0.016331 0.079408
v -0.050751 -0.021043 0.073901
v -0.050751 -0.015824 0.078875
v -0.050527 -0.021551 0.074434
v -0.050751 -0.015824 0.078875
v -0.050826 -0.020515 0.073347
v -0.050826 -0.015295 0.078321
v -0.050751 -0.021043 0.073901
v -0.050826 -0.015295 0.078321
v -0.050751 -0.019987 0.072793
v -0.050751 -0.014767 0.077766
v -0.050826 -0.020515 0.073347
v -0.050751 -0.014767 0.077766
v -0.050527 -0.019479 0.072260
v -0.050527 -0.014260 0.077233
v -0.050751 -0.019987 0.072793
v -0.050527 -0.014260 0.077233
v -0.050165 -0.019011 0.071769
v -0.050165 -0.013792 0.076742
v -0.050527 -0.019479 0.072260
v -0.050165 -0.013792 0.076742
v -0.049677 -0.018601 0.071339
v -0.049677 -0.013382 0.076312
v -0.050165 -0.019011 0.071769
v -0.049677 -0.013382 0.076312
v -0.049082 -0.018264 0.070985
v -0.049082 -0.013045 0.075959
v -0.049677 -0.018601 0.071339
v -0.049082 -0.013045 0.075959
v -0.048404 -0.018014 0.070723
v -0.048404 -0.012795 0.075696
v -0.049082 -0.018264 0.070985
v -0.048404 -0.012795 0.075696
v -0.047668 -0.017860 0.070561
v -0.047668 -0.012641 0.075535
v -0.048404 -0.018014 0.070723
v -0.046137 -0.017860 0.070561
v -0.045401 -0.026399 0.062733
v -0.045401 -0.018014 0.070723
v -0.046137 -0.026245 0.062571
v -0.045401 -0.018014 0.070723
v -0.044722 -0.026650 0.062995
v -0.044723 -0.018264 0.070985
v -0.045401 -0.026399 0.062733
v -0.044723 -0.018264 0.070985
v -0.044128 -0.026986 0.063349
v -0.044128 -0.018601 0.071339
v -0.044722 -0.026650 0.062995
v -0.044128 -0.018601 0.071339
v -0.043640 -0.027396 0.063779
v -0.043640 -0.019011 0.071769
v -0.044128 -0.026986 0.063349
v -0.043640 -0.019011 0.071769
v -0.043277 -0.027864 0.064270
v -0.043277 -0.019479 0.072260
v -0.043640 -0.027396 0.063779
v -0.043277 -0.019479 0.072260
v -0.043054 -0.028372 0.064803
v -0.043054 -0.019987 0.072793
v -0.043277 -0.027864 0.064270
v -0.043054 -0.021043 0.073901
v -0.043277 -0.029936 0.066444
v -0.043277 -0.021551 0.074434
v -0.043054 -0.029428 0.065911
v -0.043277 -0.021551 0.074434
v -0.043640 -0.030404 0.066935
v -0.043640 -0.022019 0.074925
v -0.043277 -0.029936 0.066444
v -0.048404 -0.023016 0.075972
v -0.049082 -0.031151 0.067719
v -0.049082 -0.022765 0.075709
v -0.048404 -0.031401 0.067982
v -0.049082 -0.022765 0.075709
v -0.049677 -0.030814 0.067366
v -0.049677 -0.022429 0.075356
v -0.049082 -0.031151 0.067719
v -0.048404 -0.018014 0.070723
v -0.047668 -0.026245 0.062571
v -0.047668 -0.017860 0.070561
v -0.048404 -0.026399 0.062733
v -0.045654 -0.037867 0.061624
v -0.046275 -0.051169 0.049209
v -0.046275 -0.037997 0.061760
v -0.045654 -0.051039 0.049073
v -0.048151 -0.033062 0.056581
v -0.047530 -0.046104 0.043894
v -0.047530 -0.032932 0.056445
v -0.048151 -0.046234 0.044030
v -0.045240 -0.020032 0.115226
v -0.046880 -0.020635 0.115105
v -0.046882 -0.020178 0.115197
v -0.051164 -0.016927 0.115849
v -0.051477 -0.015654 0.116104
v -0.051016 -0.015699 0.116095
v -0.050916 -0.014466 0.116343
v -0.046902 -0.011610 0.116916
v -0.047795 -0.011696 0.116898
v -0.046902 -0.010704 0.112399
v -0.047795 -0.010790 0.112382
v -0.046902 -0.011610 0.116916
v -0.046010 -0.010790 0.112382
v -0.046010 -0.011696 0.116898
v -0.046902 -0.010704 0.112399
v -0.046010 -0.011696 0.116898
v -0.045152 -0.011045 0.112330
v -0.045152 -0.011952 0.116847
v -0.046010 -0.010790 0.112382
v -0.045152 -0.011952 0.116847
v -0.044361 -0.011460 0.112247
v -0.044361 -0.012366 0.116764
v -0.045152 -0.011045 0.112330
v -0.044361 -0.012366 0.116764
v -0.043667 -0.012018 0.112135
v -0.043667 -0.012924 0.116652
v -0.044361 -0.011460 0.112247
v -0.043667 -0.012924 0.116652
v -0.043098 -0.012697 0.111999
v -0.043098 -0.013604 0.116516
v -0.043667 -0.012018 0.112135
v -0.043098 -0.013604 0.116516
v -0.042675 -0.013473 0.111843
v -0.042675 -0.014379 0.116360
v -0.043098 -0.012697 0.111999
v -0.042675 -0.014379 0.116360
v -0.042415 -0.014314 0.111674
v -0.042415 -0.015221 0.116191
v -0.042675 -0.013473 0.111843
v -0.042415 -0.015221 0.116191
v -0.042327 -0.015190 0.111499
v -0.042327 -0.016096 0.116016
v -0.042415 -0.014314 0.111674
v -0.042327 -0.016096 0.116016
v -0.042415 -0.016065 0.111323
v -0.042415 -0.016971 0.115840
v -0.042327 -0.015190 0.111499
v -0.042415 -0.016971 0.115840
v -0.042675 -0.016906 0.111154
v -0.042675 -0.017813 0.115671
v -0.042415 -0.016065 0.111323
v -0.042675 -0.017813 0.115671
v -0.043098 -0.017682 0.110999
v -0.043098 -0.018588 0.115516
v -0.042675 -0.016906 0.111154
v -0.043098 -0.018588 0.115516
v -0.043667 -0.018362 0.110862
v -0.043667 -0.019268 0.115379
v -0.043098 -0.017682 0.110999
v -0.043667 -0.019268 0.115379
v -0.044361 -0.018919 0.110750
v -0.044361 -0.019826 0.115267
v -0.043667 -0.018362 0.110862
v -0.044361 -0.019826 0.115267
v -0.045152 -0.019334 0.110667
v -0.045152 -0.020240 0.115184
v -0.044361 -0.018919 0.110750
v -0.045152 -0.020240 0.115184
v -0.046010 -0.019589 0.110616
v -0.046010 -0.020496 0.115133
v -0.045152 -0.019334 0.110667
v -0.046010 -0.020496 0.115133
v -0.046902 -0.019675 0.110599
v -0.046902 -0.020582 0.115116
v -0.046010 -0.019589 0.110616
v -0.046902 -0.020582 0.115116
v -0.047795 -0.019589 0.110616
v -0.047795 -0.020496 0.115133
v -0.046902 -0.019675 0.110599
v -0.047795 -0.020496 0.115133
v -0.048653 -0.019334 0.110667
v -0.048653 -0.020240 0.115184
v -0.047795 -0.019589 0.110616
v -0.048653 -0.020240 0.115184
v -0.049444 -0.018919 0.110750
v -0.049444 -0.019826 0.115267
v -0.048653 -0.019334 0.110667
v -0.049444 -0.019826 0.115267
v -0.050138 -0.018362 0.110862
v -0.050138 -0.019268 0.115379
v -0.049444 -0.018919 0.110750
v -0.050138 -0.019268 0.115379
v -0.050707 -0.017682 0.110999
v -0.050707 -0.018588 0.115516
v -0.050138 -0.018362 0.110862
v -0.050707 -0.018588 0.115516
v -0.051129 -0.016906 0.111154
v -0.051129 -0.017813 0.115671
v -0.050707 -0.017682 0.110999
v -0.051129 -0.017813 0.115671
v -0.051390 -0.016065 0.111323
v -0.051390 -0.016971 0.115840
v -0.051129 -0.016906 0.111154
v -0.051390 -0.016971 0.115840
v -0.051478 -0.015190 0.111499
v -0.051478 -0.016096 0.116016
v -0.051390 -0.016065 0.111323
v -0.051478 -0.016096 0.116016
v -0.051390 -0.014314 0.111674
v -0.051390 -0.015221 0.116191
v -0.051478 -0.015190 0.111499
v -0.051390 -0.015221 0.116191
v -0.051129 -0.013473 0.111843
v -0.051129 -0.014379 0.116360
v -0.051390 -0.014314 0.111674
v -0.051129 -0.014379 0.116360
v -0.050707 -0.012697 0.111999
v -0.050707 -0.013604 0.116516
v -0.051129 -0.013473 0.111843
v -0.050707 -0.013604 0.116516
v -0.050138 -0.012018 0.112135
v -0.050138 -0.012924 0.116652
v -0.050707 -0.012697 0.111999
v -0.050138 -0.012924 0.116652
v -0.049444 -0.011460 0.112247
v -0.049444 -0.012366 0.116764
v -0.050138 -0.012018 0.112135
v -0.049444 -0.012366 0.116764
v -0.048653 -0.011045 0.112330
v -0.048653 -0.011952 0.116847
v -0.049444 -0.011460 0.112247
v -0.048653 -0.011952 0.116847
v -0.047795 -0.010790 0.112382
v -0.047795 -0.011696 0.116898
v -0.048653 -0.011045 0.112330
v -0.047677 -0.011369 0.112266
v -0.046452 -0.010704 0.112399
v -0.049110 -0.011140 0.112311
v -0.050707 -0.012697 0.111999
v -0.050202 -0.012896 0.111959
v -0.044749 -0.011833 0.112172
v -0.044349 -0.011403 0.112259
v -0.044680 -0.011964 0.112146
v -0.044361 -0.011460 0.112247
v -0.043066 -0.012649 0.112009
v -0.043640 -0.013052 0.111928
v -0.043640 -0.013052 0.111928
v -0.043098 -0.012697 0.111999
v -0.042503 -0.013881 0.111761
v -0.043005 -0.014430 0.111651
v -0.042358 -0.016076 0.111321
v -0.043360 -0.017046 0.111126
v -0.043931 -0.018739 0.110787
v -0.045382 -0.018789 0.110777
v -0.047361 -0.019759 0.110582
v -0.047289 -0.019036 0.110727
v -0.049110 -0.018429 0.110849
v -0.050178 -0.018402 0.110854
v -0.051446 -0.016076 0.111321
v -0.050746 -0.016333 0.111269
v -0.050326 -0.013078 0.111923
v -0.051301 -0.013881 0.111761
v -0.050707 -0.012697 0.111999
v -0.046902 -0.025850 0.062156
v -0.047765 -0.025908 0.062218
v -0.046902 -0.032414 0.055901
v -0.047765 -0.032472 0.055963
v -0.046902 -0.025850 0.062156
v -0.046040 -0.032472 0.055963
v -0.046040 -0.025908 0.062218
v -0.046902 -0.032414 0.055901
v -0.046040 -0.025908 0.062218
v -0.045210 -0.032646 0.056145
v -0.045210 -0.026082 0.062400
v -0.046040 -0.032472 0.055963
v -0.045210 -0.026082 0.062400
v -0.044446 -0.032928 0.056441
v -0.044446 -0.026364 0.062696
v -0.045210 -0.032646 0.056145
v -0.044446 -0.026364 0.062696
v -0.043776 -0.033307 0.056839
v -0.043776 -0.026743 0.063094
v -0.044446 -0.032928 0.056441
v -0.043776 -0.026743 0.063094
v -0.043226 -0.033770 0.057324
v -0.043226 -0.027205 0.063579
v -0.043776 -0.033307 0.056839
v -0.043226 -0.027205 0.063579
v -0.042817 -0.034297 0.057878
v -0.042817 -0.027733 0.064132
v -0.043226 -0.033770 0.057324
v -0.042817 -0.027733 0.064132
v -0.042565 -0.034869 0.058478
v -0.042565 -0.028305 0.064733
v -0.042817 -0.034297 0.057878
v -0.042565 -0.028305 0.064733
v -0.042480 -0.035464 0.059103
v -0.042481 -0.028900 0.065357
v -0.042565 -0.034869 0.058478
v -0.042481 -0.028900 0.065357
v -0.042565 -0.036059 0.059727
v -0.042565 -0.029495 0.065982
v -0.042480 -0.035464 0.059103
v -0.042565 -0.029495 0.065982
v -0.042817 -0.036631 0.060328
v -0.042817 -0.030067 0.066582
v -0.042565 -0.036059 0.059727
v -0.042817 -0.030067 0.066582
v -0.043226 -0.037159 0.060881
v -0.043226 -0.030595 0.067136
v -0.042817 -0.036631 0.060328
v -0.043226 -0.030595 0.067136
v -0.043776 -0.037621 0.061366
v -0.043776 -0.031057 0.067621
v -0.043226 -0.037159 0.060881
v -0.043776 -0.031057 0.067621
v -0.044446 -0.038000 0.061764
v -0.044446 -0.031436 0.068019
v -0.043776 -0.037621 0.061366
v -0.044446 -0.031436 0.068019
v -0.045210 -0.038282 0.062060
v -0.045210 -0.031718 0.068315
v -0.044446 -0.038000 0.061764
v -0.045210 -0.031718 0.068315
v -0.046040 -0.038456 0.062242
v -0.046040 -0.031892 0.068497
v -0.045210 -0.038282 0.062060
v -0.046040 -0.031892 0.068497
v -0.046902 -0.038515 0.062304
v -0.046902 -0.031950 0.068559
v -0.046040 -0.038456 0.062242
v -0.046902 -0.031950 0.068559
v -0.047765 -0.038456 0.062242
v -0.047765 -0.031892 0.068497
v -0.046902 -0.038515 0.062304
v -0.047765 -0.031892 0.068497
v -0.048595 -0.038282 0.062060
v -0.048595 -0.031718 0.068315
v -0.047765 -0.038456 0.062242
v -0.048595 -0.031718 0.068315
v -0.049359 -0.038000 0.061764
v -0.049359 -0.031436 0.068019
v -0.048595 -0.038282 0.062060
v -0.049359 -0.031436 0.068019
v -0.050029 -0.037621 0.061366
v -0.050029 -0.031057 0.067621
v -0.049359 -0.038000 0.061764
v -0.050029 -0.031057 0.067621
v -0.050579 -0.037159 0.060881
v -0.050579 -0.030595 0.067136
v -0.050029 -0.037621 0.061366
v -0.050579 -0.030595 0.067136
v -0.050988 -0.036631 0.060328
v -0.050988 -0.030067 0.066582
v -0.050579 -0.037159 0.060881
v -0.050988 -0.030067 0.066582
v -0.051239 -0.036059 0.059727
v -0.051239 -0.029495 0.065982
v -0.050988 -0.036631 0.060328
v -0.051239 -0.029495 0.065982
v -0.051324 -0.035464 0.059103
v -0.051324 -0.028900 0.065357
v -0.051239 -0.036059 0.059727
v -0.051324 -0.028900 0.065357
v -0.051239 -0.034869 0.058478
v -0.051239 -0.028305 0.064733
v -0.051324 -0.035464 0.059103
v -0.051239 -0.028305 0.064733
v -0.050988 -0.034297 0.057878
v -0.050988 -0.027733 0.064132
v -0.051239 -0.034869 0.058478
v -0.050988 -0.027733 0.064132
v -0.050579 -0.033770 0.057324
v -0.050579 -0.027205 0.063579
v -0.050988 -0.034297 0.057878
v -0.050579 -0.027205 0.063579
v -0.050029 -0.033307 0.056839
v -0.050029 -0.026743 0.063094
v -0.050579 -0.033770 0.057324
v -0.050029 -0.026743 0.063094
v -0.049359 -0.032928 0.056441
v -0.049359 -0.026364 0.062696
v -0.050029 -0.033307 0.056839
v -0.049359 -0.026364 0.062696
v -0.048594 -0.032646 0.056145
v -0.048595 -0.026082 0.062400
v -0.049359 -0.032928 0.056441
v -0.048595 -0.026082 0.062400
v -0.047765 -0.032472 0.055963
v -0.047765 -0.025908 0.062218
v -0.048594 -0.032646 0.056145
v -0.046466 -0.030409 0.209860
v -0.046902 -0.029960 0.209950
v -0.048658 -0.030597 0.209822
v -0.044187 -0.030768 0.209788
v -0.044131 -0.031441 0.209653
v -0.042626 -0.032511 0.209438
v -0.042643 -0.033485 0.209242
v -0.042015 -0.034752 0.208988
v -0.042626 -0.036993 0.208539
v -0.042721 -0.035995 0.208739
v -0.043789 -0.037805 0.208376
v -0.044187 -0.038736 0.208189
v -0.046043 -0.038986 0.208139
v -0.046427 -0.039483 0.208039
v -0.048772 -0.039178 0.208100
v -0.048587 -0.038740 0.208188
v -0.051259 -0.037035 0.208530
v -0.050828 -0.036809 0.208575
v -0.051630 -0.033346 0.209270
v -0.051221 -0.033910 0.209157
v -0.050280 -0.032034 0.209534
v -0.049978 -0.031077 0.209726
v -0.048630 -0.030666 0.209808
v -0.046902 -0.030020 0.209938
v -0.047844 -0.030111 0.209919
v -0.046902 -0.028912 0.204416
v -0.047844 -0.029003 0.204397
v -0.046902 -0.030020 0.209938
v -0.045961 -0.029003 0.204397
v -0.045961 -0.030111 0.209919
v -0.046902 -0.028912 0.204416
v -0.045961 -0.030111 0.209919
v -0.045056 -0.029272 0.204343
v -0.045056 -0.030380 0.209865
v -0.045961 -0.029003 0.204397
v -0.045056 -0.030380 0.209865
v -0.044221 -0.029710 0.204256
v -0.044221 -0.030818 0.209778
v -0.045056 -0.029272 0.204343
v -0.044221 -0.030818 0.209778
v -0.043490 -0.030298 0.204138
v -0.043490 -0.031406 0.209660
v -0.044221 -0.029710 0.204256
v -0.043490 -0.031406 0.209660
v -0.042890 -0.031015 0.203994
v -0.042890 -0.032123 0.209516
v -0.043490 -0.030298 0.204138
v -0.042890 -0.032123 0.209516
v -0.042444 -0.031833 0.203830
v -0.042444 -0.032941 0.209352
v -0.042890 -0.031015 0.203994
v -0.042444 -0.032941 0.209352
v -0.042169 -0.032721 0.203651
v -0.042169 -0.033829 0.209173
v -0.042444 -0.031833 0.203830
v -0.042169 -0.033829 0.209173
v -0.042076 -0.033644 0.203466
v -0.042076 -0.034752 0.208988
v -0.042169 -0.032721 0.203651
v -0.042076 -0.034752 0.208988
v -0.042169 -0.034567 0.203281
v -0.042169 -0.035675 0.208803
v -0.042076 -0.033644 0.203466
v -0.042169 -0.035675 0.208803
v -0.042444 -0.035454 0.203103
v -0.042444 -0.036563 0.208625
v -0.042169 -0.034567 0.203281
v -0.042444 -0.036563 0.208625
v -0.042890 -0.036272 0.202939
v -0.042890 -0.037381 0.208461
v -0.042444 -0.035454 0.203103
v -0.042890 -0.037381 0.208461
v -0.043490 -0.036990 0.202795
v -0.043490 -0.038098 0.208317
v -0.042890 -0.036272 0.202939
v -0.043490 -0.038098 0.208317
v -0.044221 -0.037578 0.202677
v -0.044221 -0.038686 0.208199
v -0.043490 -0.036990 0.202795
v -0.044221 -0.038686 0.208199
v -0.045056 -0.038015 0.202589
v -0.045056 -0.039123 0.208111
v -0.044221 -0.037578 0.202677
v -0.045056 -0.039123 0.208111
v -0.045961 -0.038284 0.202535
v -0.045961 -0.039393 0.208057
v -0.045056 -0.038015 0.202589
v -0.045961 -0.039393 0.208057
v -0.046902 -0.038375 0.202517
v -0.046902 -0.039483 0.208039
v -0.045961 -0.038284 0.202535
v -0.046902 -0.039483 0.208039
v -0.047844 -0.038284 0.202535
v -0.047844 -0.039393 0.208057
v -0.046902 -0.038375 0.202517
v -0.047844 -0.039393 0.208057
v -0.048749 -0.038015 0.202589
v -0.048749 -0.039123 0.208111
v -0.047844 -0.038284 0.202535
v -0.048749 -0.039123 0.208111
v -0.049584 -0.037578 0.202677
v -0.049584 -0.038686 0.208199
v -0.048749 -0.038015 0.202589
v -0.049584 -0.038686 0.208199
v -0.050315 -0.036990 0.202795
v -0.050315 -0.038098 0.208317
v -0.049584 -0.037578 0.202677
v -0.050315 -0.038098 0.208317
v -0.050915 -0.036272 0.202939
v -0.050915 -0.037381 0.208461
v -0.050315 -0.036990 0.202795
v -0.050915 -0.037381 0.208461
v -0.051361 -0.035454 0.203103
v -0.051361 -0.036563 0.208625
v -0.050915 -0.036272 0.202939
v -0.051361 -0.036563 0.208625
v -0.051636 -0.034567 0.203281
v -0.051636 -0.035675 0.208803
v -0.051361 -0.035454 0.203103
v -0.051636 -0.035675 0.208803
v -0.051728 -0.033644 0.203466
v -0.051728 -0.034752 0.208988
v -0.051636 -0.034567 0.203281
v -0.051728 -0.034752 0.208988
v -0.051636 -0.032721 0.203651
v -0.051636 -0.033829 0.209173
v -0.051728 -0.033644 0.203466
v -0.051636 -0.033829 0.209173
v -0.051361 -0.031833 0.203830
v -0.051361 -0.032941 0.209352
v -0.051636 -0.032721 0.203651
v -0.051361 -0.032941 0.209352
v -0.050915 -0.031015 0.203994
v -0.050915 -0.032123 0.209516
v -0.051361 -0.031833 0.203830
v -0.050915 -0.032123 0.209516
v -0.050315 -0.030298 0.204138
v -0.050315 -0.031406 0.209660
v -0.050915 -0.031015 0.203994
v -0.050315 -0.031406 0.209660
v -0.049583 -0.029710 0.204256
v -0.049583 -0.030818 0.209778
v -0.050315 -0.030298 0.204138
v -0.049583 -0.030818 0.209778
v -0.048749 -0.029272 0.204343
v -0.048749 -0.030380 0.209865
v -0.049583 -0.029710 0.204256
v -0.048749 -0.030380 0.209865
v -0.047844 -0.029003 0.204397
v -0.047844 -0.030111 0.209919
v -0.048749 -0.029272 0.204343
v -0.044644 -0.030124 0.204172
v -0.044221 -0.029710 0.204256
v -0.046418 -0.028824 0.204433
v -0.048125 -0.029692 0.204259
v -0.049188 -0.029451 0.204307
v -0.050367 -0.031374 0.203922
v -0.051259 -0.031361 0.203924
v -0.051016 -0.033246 0.203546
v -0.051695 -0.034579 0.203279
v -0.050752 -0.035207 0.203152
v -0.050358 -0.037032 0.202786
v -0.048888 -0.037285 0.202735
v -0.048310 -0.038193 0.202553
v -0.045949 -0.038343 0.202523
v -0.046090 -0.037650 0.202662
v -0.043956 -0.036532 0.202887
v -0.043084 -0.036716 0.202850
v -0.042015 -0.033644 0.203466
v -0.042711 -0.034049 0.203385
v -0.042626 -0.031403 0.203916
v -0.043257 -0.031733 0.203850
v -0.044572 -0.030261 0.204145
v -0.044169 -0.029676 0.204262
v -0.047339 -0.049011 0.302564
v -0.046902 -0.048427 0.302681
v -0.044079 -0.049980 0.302369
v -0.044110 -0.049257 0.302514
v -0.042505 -0.051049 0.302155
v -0.042584 -0.052512 0.301861
v -0.041847 -0.053842 0.301594
v -0.042834 -0.055006 0.301361
v -0.043680 -0.057204 0.300920
v -0.044804 -0.057203 0.300920
v -0.046414 -0.058219 0.300716
v -0.047331 -0.057617 0.300837
v -0.048825 -0.057906 0.300779
v -0.049726 -0.056727 0.301015
v -0.051382 -0.055702 0.301221
v -0.051083 -0.054597 0.301443
v -0.051221 -0.052512 0.301861
v -0.051831 -0.052393 0.301885
v -0.050518 -0.050985 0.302168
v -0.051028 -0.050651 0.302235
v -0.049694 -0.049257 0.302514
v -0.051028 -0.050651 0.302235
v -0.050560 -0.050812 0.302202
v -0.044510 -0.046764 0.044586
v -0.044046 -0.043200 0.048844
v -0.044046 -0.047154 0.044996
v -0.044510 -0.042260 0.048993
v -0.044510 -0.046764 0.044586
v -0.045056 -0.046297 0.044421
v -0.044510 -0.042260 0.048993
v -0.045056 -0.041418 0.049207
v -0.044046 -0.047154 0.044996
v -0.043693 -0.044219 0.048751
v -0.043693 -0.047609 0.045474
v -0.044046 -0.043200 0.048844
v -0.043693 -0.047609 0.045474
v -0.043472 -0.045292 0.048698
v -0.043472 -0.048111 0.046000
v -0.043693 -0.044219 0.048751
v -0.043472 -0.048111 0.046000
v -0.043397 -0.046017 0.049047
v -0.043397 -0.048636 0.046552
v -0.043472 -0.045292 0.048698
v -0.043397 -0.048636 0.046552
v -0.043472 -0.046542 0.049599
v -0.043472 -0.049162 0.047103
v -0.043397 -0.046017 0.049047
v -0.043472 -0.049162 0.047103
v -0.043693 -0.047044 0.050125
v -0.043693 -0.049663 0.047629
v -0.043472 -0.046542 0.049599
v -0.044046 -0.050119 0.048107
v -0.043693 -0.049663 0.047629
v -0.044046 -0.047500 0.050603
v -0.043693 -0.047044 0.050125
v -0.044046 -0.050119 0.048107
v -0.044510 -0.047890 0.051013
v -0.044510 -0.050509 0.048517
v -0.044046 -0.047500 0.050603
v -0.045056 -0.050818 0.048842
v -0.044510 -0.050509 0.048517
v -0.045056 -0.048199 0.051337
v -0.044510 -0.047890 0.051013
v -0.045056 -0.050818 0.048842
v -0.045654 -0.048420 0.051569
v -0.045654 -0.051039 0.049073
v -0.045056 -0.048199 0.051337
v -0.046275 -0.051169 0.049209
v -0.045654 -0.051039 0.049073
v -0.046275 -0.048550 0.051705
v -0.045654 -0.048420 0.051569
v -0.046275 -0.051169 0.049209
v -0.046902 -0.048592 0.051750
v -0.046902 -0.051211 0.049254
v -0.046275 -0.048550 0.051705
v -0.046902 -0.051211 0.049254
v -0.047530 -0.048550 0.051705
v -0.047530 -0.051169 0.049209
v -0.046902 -0.048592 0.051750
v -0.047530 -0.051169 0.049209
v -0.048151 -0.048420 0.051569
v -0.048151 -0.051039 0.049073
v -0.047530 -0.048550 0.051705
v -0.048151 -0.051039 0.049073
v -0.048748 -0.048199 0.051337
v -0.048748 -0.050818 0.048842
v -0.048151 -0.048420 0.051569
v -0.048748 -0.050818 0.048842
v -0.049295 -0.047890 0.051013
v -0.049295 -0.050509 0.048517
v -0.048748 -0.048199 0.051337
v -0.049295 -0.050509 0.048517
v -0.049759 -0.047500 0.050603
v -0.049759 -0.050119 0.048107
v -0.049295 -0.047890 0.051013
v -0.049759 -0.050119 0.048107
v -0.050112 -0.047044 0.050125
v -0.050112 -0.049663 0.047629
v -0.049759 -0.047500 0.050603
v -0.050112 -0.049663 0.047629
v -0.050333 -0.046542 0.049599
v -0.050333 -0.049162 0.047103
v -0.050112 -0.047044 0.050125
v -0.050333 -0.049162 0.047103
v -0.050408 -0.046017 0.049047
v -0.050408 -0.048636 0.046552
v -0.050333 -0.046542 0.049599
v -0.050333 -0.048111 0.046000
v -0.050112 -0.044219 0.048751
v -0.050112 -0.047609 0.045474
v -0.050333 -0.045292 0.048698
v -0.050333 -0.048111 0.046000
v -0.050408 -0.048636 0.046552
v -0.050333 -0.045292 0.048698
v -0.050408 -0.046017 0.049047
v -0.050112 -0.047609 0.045474
v -0.049759 -0.043200 0.048844
v -0.049759 -0.047154 0.044996
v -0.050112 -0.044219 0.048751
v -0.049759 -0.047154 0.044996
v -0.049295 -0.042260 0.048993
v -0.049295 -0.046764 0.044586
v -0.049759 -0.043200 0.048844
v -0.049295 -0.046764 0.044586
v -0.048748 -0.041418 0.049207
v -0.048748 -0.046297 0.044421
v -0.049295 -0.042260 0.048993
v -0.046902 -0.052146 0.318414
v -0.047775 -0.052230 0.318397
v -0.046902 -0.053359 0.324460
v -0.047775 -0.053443 0.324443
v -0.045107 -0.050730 0.318698
v -0.044743 -0.052572 0.318328
v -0.048118 -0.050539 0.318736
v -0.047786 -0.052176 0.318408
v -0.050825 -0.051846 0.318474
v -0.050106 -0.053391 0.318164
v -0.051204 -0.055253 0.317790
v -0.052356 -0.053674 0.318107
v -0.053057 -0.055938 0.317653
v -0.051347 -0.057377 0.317364
v -0.052939 -0.057710 0.317297
v -0.042495 -0.052212 0.318401
v -0.042520 -0.055229 0.317795
v -0.040985 -0.054772 0.317887
v -0.040788 -0.057694 0.317301
v -0.042514 -0.057388 0.317362
v -0.046902 -0.052146 0.318414
v -0.046029 -0.053443 0.324443
v -0.046902 -0.053359 0.324460
v -0.046029 -0.052230 0.318397
v -0.047351 -0.053277 0.324477
v -0.044783 -0.053859 0.324360
v -0.043135 -0.055278 0.324075
v -0.050106 -0.054605 0.324210
v -0.042429 -0.057314 0.323667
v -0.051460 -0.057306 0.323668
v -0.042863 -0.059863 0.323155
v -0.050669 -0.060214 0.323085
v -0.045573 -0.062043 0.322717
v -0.048636 -0.061850 0.322756
v -0.046029 -0.052230 0.318397
v -0.045190 -0.053693 0.324393
v -0.046029 -0.053443 0.324443
v -0.045190 -0.052480 0.318347
v -0.045190 -0.052480 0.318347
v -0.044417 -0.054098 0.324312
v -0.045190 -0.053693 0.324393
v -0.044417 -0.052885 0.318266
v -0.044417 -0.052885 0.318266
v -0.043739 -0.054644 0.324202
v -0.044417 -0.054098 0.324312
v -0.043739 -0.053431 0.318156
v -0.043739 -0.053431 0.318156
v -0.043182 -0.055309 0.324069
v -0.043739 -0.054644 0.324202
v -0.043182 -0.054095 0.318023
v -0.043182 -0.054095 0.318023
v -0.042769 -0.056067 0.323917
v -0.043182 -0.055309 0.324069
v -0.042769 -0.054854 0.317871
v -0.042769 -0.054854 0.317871
v -0.042514 -0.056890 0.323752
v -0.042769 -0.056067 0.323917
v -0.042514 -0.055677 0.317705
v -0.042514 -0.055677 0.317705
v -0.042428 -0.057746 0.323580
v -0.042514 -0.056890 0.323752
v -0.042428 -0.056533 0.317534
v -0.042428 -0.056533 0.317534
v -0.042514 -0.058602 0.323408
v -0.042428 -0.057746 0.323580
v -0.042514 -0.057388 0.317362
v -0.042514 -0.057388 0.317362
v -0.041216 -0.058842 0.317070
v -0.042769 -0.058211 0.317197
v -0.040866 -0.057710 0.317297
v -0.042514 -0.057388 0.317362
v -0.042769 -0.059424 0.323243
v -0.042514 -0.058602 0.323408
v -0.042769 -0.058211 0.317197
v -0.042769 -0.058211 0.317197
v -0.041785 -0.059885 0.316861
v -0.043182 -0.058970 0.317045
v -0.041216 -0.058842 0.317070
v -0.042769 -0.058211 0.317197
v -0.043182 -0.060183 0.323091
v -0.042769 -0.059424 0.323243
v -0.043182 -0.058970 0.317045
v -0.043151 -0.059017 0.317035
v -0.042979 -0.061219 0.316593
v -0.041785 -0.059885 0.316861
v -0.045573 -0.060830 0.316671
v -0.045107 -0.062335 0.316369
v -0.047508 -0.062566 0.316323
v -0.048636 -0.060637 0.316710
v -0.049817 -0.061880 0.316461
v -0.052063 -0.059950 0.316848
v -0.050654 -0.059017 0.317035
v -0.043182 -0.058970 0.317045
v -0.043739 -0.060848 0.322957
v -0.043182 -0.060183 0.323091
v -0.043739 -0.059634 0.316911
v -0.043739 -0.059634 0.316911
v -0.044417 -0.061393 0.322848
v -0.043739 -0.060848 0.322957
v -0.044417 -0.060180 0.316802
v -0.044417 -0.060180 0.316802
v -0.045190 -0.061799 0.322767
v -0.044417 -0.061393 0.322848
v -0.045190 -0.060585 0.316720
v -0.045190 -0.060585 0.316720
v -0.046029 -0.062048 0.322717
v -0.045190 -0.061799 0.322767
v -0.046029 -0.060835 0.316670
v -0.046029 -0.060835 0.316670
v -0.046902 -0.062132 0.322700
v -0.046029 -0.062048 0.322717
v -0.046902 -0.060919 0.316653
v -0.046902 -0.060919 0.316653
v -0.047775 -0.062048 0.322717
v -0.046902 -0.062132 0.322700
v -0.047775 -0.060835 0.316670
v -0.047775 -0.060835 0.316670
v -0.048615 -0.061799 0.322767
v -0.047775 -0.062048 0.322717
v -0.048615 -0.060585 0.316720
v -0.048615 -0.060585 0.316720
v -0.049388 -0.061393 0.322848
v -0.048615 -0.061799 0.322767
v -0.049388 -0.060180 0.316802
v -0.049388 -0.060180 0.316802
v -0.050066 -0.060848 0.322957
v -0.049388 -0.061393 0.322848
v -0.050066 -0.059634 0.316911
v -0.050066 -0.059634 0.316911
v -0.050622 -0.060183 0.323091
v -0.050066 -0.060848 0.322957
v -0.050622 -0.058970 0.317045
v -0.050622 -0.058970 0.317045
v -0.051036 -0.059424 0.323243
v -0.050622 -0.060183 0.323091
v -0.051036 -0.058211 0.317197
v -0.050622 -0.058970 0.317045
v -0.052589 -0.058842 0.317070
v -0.051036 -0.058211 0.317197
v -0.052020 -0.059885 0.316861
v -0.051036 -0.058211 0.317197
v -0.051291 -0.058602 0.323408
v -0.051036 -0.059424 0.323243
v -0.051291 -0.057388 0.317362
v -0.051036 -0.058211 0.317197
v -0.052939 -0.057710 0.317297
v -0.051291 -0.057388 0.317362
v -0.052589 -0.058842 0.317070
v -0.051291 -0.057388 0.317362
v -0.051377 -0.057746 0.323580
v -0.051291 -0.058602 0.323408
v -0.051377 -0.056533 0.317534
v -0.051377 -0.056533 0.317534
v -0.051291 -0.056890 0.323752
v -0.051377 -0.057746 0.323580
v -0.051291 -0.055677 0.317705
v -0.051291 -0.055677 0.317705
v -0.051036 -0.056067 0.323917
v -0.051291 -0.056890 0.323752
v -0.051036 -0.054854 0.317871
v -0.051036 -0.054854 0.317871
v -0.050622 -0.055309 0.324069
v -0.051036 -0.056067 0.323917
v -0.050622 -0.054095 0.318023
v -0.050622 -0.054095 0.318023
v -0.050066 -0.054644 0.324202
v -0.050622 -0.055309 0.324069
v -0.050066 -0.053431 0.318156
v -0.050066 -0.053431 0.318156
v -0.049388 -0.054098 0.324312
v -0.050066 -0.054644 0.324202
v -0.049388 -0.052885 0.318266
v -0.049388 -0.052885 0.318266
v -0.048615 -0.053693 0.324393
v -0.049388 -0.054098 0.324312
v -0.048615 -0.052480 0.318347
v -0.048615 -0.052480 0.318347
v -0.047775 -0.053443 0.324443
v -0.048615 -0.053693 0.324393
v -0.047775 -0.052230 0.318397
v -0.046902 -0.050498 0.318745
v -0.048103 -0.050614 0.318721
v -0.046902 -0.050248 0.317500
v -0.048103 -0.050364 0.317477
v -0.046902 -0.050498 0.318745
v -0.045702 -0.050364 0.317477
v -0.045702 -0.050614 0.318721
v -0.046902 -0.050248 0.317500
v -0.045702 -0.050614 0.318721
v -0.044547 -0.050708 0.317408
v -0.044547 -0.050957 0.318652
v -0.045702 -0.050364 0.317477
v -0.044547 -0.050957 0.318652
v -0.043483 -0.051265 0.317296
v -0.043483 -0.051515 0.318541
v -0.044547 -0.050708 0.317408
v -0.043483 -0.051515 0.318541
v -0.042550 -0.052016 0.317146
v -0.042550 -0.052265 0.318390
v -0.043483 -0.051265 0.317296
v -0.042550 -0.052265 0.318390
v -0.041785 -0.052930 0.316962
v -0.041785 -0.053180 0.318206
v -0.042550 -0.052016 0.317146
v -0.041785 -0.053180 0.318206
v -0.041216 -0.053974 0.316753
v -0.041216 -0.054223 0.317997
v -0.041785 -0.052930 0.316962
v -0.041216 -0.054223 0.317997
v -0.040866 -0.055106 0.316526
v -0.040866 -0.055355 0.317770
v -0.041216 -0.053974 0.316753
v -0.040866 -0.055355 0.317770
v -0.040748 -0.056283 0.316290
v -0.040748 -0.056533 0.317534
v -0.040866 -0.055106 0.316526
v -0.040748 -0.056533 0.317534
v -0.040866 -0.057460 0.316053
v -0.040866 -0.057710 0.317297
v -0.040748 -0.056283 0.316290
v -0.040866 -0.057710 0.317297
v -0.041216 -0.058592 0.315826
v -0.041216 -0.058842 0.317070
v -0.040866 -0.057460 0.316053
v -0.041216 -0.058842 0.317070
v -0.041785 -0.059635 0.315617
v -0.041785 -0.059885 0.316861
v -0.041216 -0.058592 0.315826
v -0.041785 -0.059885 0.316861
v -0.042550 -0.060550 0.315433
v -0.042550 -0.060800 0.316677
v -0.041785 -0.059635 0.315617
v -0.042550 -0.060800 0.316677
v -0.043483 -0.061300 0.315283
v -0.043483 -0.061550 0.316527
v -0.042550 -0.060550 0.315433
v -0.043483 -0.061550 0.316527
v -0.044547 -0.061858 0.315171
v -0.044547 -0.062108 0.316415
v -0.043483 -0.061300 0.315283
v -0.044547 -0.062108 0.316415
v -0.045702 -0.062201 0.315102
v -0.045702 -0.062451 0.316346
v -0.044547 -0.061858 0.315171
v -0.045702 -0.062451 0.316346
v -0.046902 -0.062317 0.315079
v -0.046902 -0.062567 0.316323
v -0.045702 -0.062201 0.315102
v -0.046902 -0.062567 0.316323
v -0.048103 -0.062201 0.315102
v -0.048103 -0.062451 0.316346
v -0.046902 -0.062317 0.315079
v -0.048103 -0.062451 0.316346
v -0.049258 -0.061858 0.315171
v -0.049258 -0.062108 0.316415
v -0.048103 -0.062201 0.315102
v -0.049258 -0.062108 0.316415
v -0.050322 -0.061300 0.315283
v -0.050322 -0.061550 0.316527
v -0.049258 -0.061858 0.315171
v -0.050322 -0.061550 0.316527
v -0.051254 -0.060550 0.315433
v -0.051254 -0.060800 0.316677
v -0.050322 -0.061300 0.315283
v -0.051254 -0.060800 0.316677
v -0.052020 -0.059635 0.315617
v -0.052020 -0.059885 0.316861
v -0.051254 -0.060550 0.315433
v -0.052020 -0.059885 0.316861
v -0.052589 -0.058592 0.315826
v -0.052589 -0.058842 0.317070
v -0.052020 -0.059635 0.315617
v -0.052589 -0.058842 0.317070
v -0.052939 -0.057460 0.316053
v -0.052939 -0.057710 0.317297
v -0.052589 -0.058592 0.315826
v -0.052939 -0.057710 0.317297
v -0.053057 -0.056283 0.316290
v -0.053057 -0.056533 0.317534
v -0.052939 -0.057460 0.316053
v -0.053057 -0.056533 0.317534
v -0.052939 -0.055106 0.316526
v -0.052939 -0.055355 0.317770
v -0.053057 -0.056283 0.316290
v -0.052939 -0.055355 0.317770
v -0.052589 -0.053974 0.316753
v -0.052589 -0.054223 0.317997
v -0.052939 -0.055106 0.316526
v -0.052589 -0.054223 0.317997
v -0.052020 -0.052930 0.316962
v -0.052020 -0.053180 0.318206
v -0.052589 -0.053974 0.316753
v -0.052020 -0.053180 0.318206
v -0.051254 -0.052016 0.317146
v -0.051254 -0.052265 0.318390
v -0.052020 -0.052930 0.316962
v -0.051254 -0.052265 0.318390
v -0.050322 -0.051265 0.317296
v -0.050322 -0.051515 0.318541
v -0.051254 -0.052016 0.317146
v -0.050322 -0.051515 0.318541
v -0.049258 -0.050708 0.317408
v -0.049258 -0.050957 0.318652
v -0.050322 -0.051265 0.317296
v -0.049258 -0.050957 0.318652
v -0.048103 -0.050364 0.317477
v -0.048103 -0.050614 0.318721
v -0.049258 -0.050708 0.317408
v -0.046902 -0.051417 0.317266
v -0.047870 -0.051511 0.317247
v -0.046902 -0.048488 0.302669
v -0.047870 -0.048582 0.302650
v -0.045922 -0.051451 0.317259
v -0.048118 -0.050289 0.317492
v -0.048350 -0.051605 0.317228
v -0.050825 -0.051596 0.317230
v -0.050456 -0.052799 0.316989
v -0.052356 -0.053425 0.316863
v -0.053057 -0.055689 0.316409
v -0.051831 -0.055322 0.316482
v -0.052820 -0.058043 0.315936
v -0.051545 -0.058168 0.315911
v -0.051683 -0.060129 0.315518
v -0.049817 -0.061630 0.315217
v -0.049694 -0.060380 0.315467
v -0.047508 -0.062317 0.315079
v -0.047391 -0.061148 0.315313
v -0.044517 -0.061928 0.315157
v -0.044508 -0.060675 0.315408
v -0.042122 -0.060129 0.315518
v -0.040789 -0.057475 0.316050
v -0.042041 -0.057729 0.315999
v -0.040985 -0.054523 0.316643
v -0.042131 -0.054864 0.316574
v -0.043349 -0.052799 0.316989
v -0.042495 -0.051962 0.317157
v -0.045107 -0.050481 0.317454
v -0.046902 -0.051417 0.317266
v -0.045934 -0.048582 0.302650
v -0.045934 -0.051511 0.317247
v -0.046902 -0.048488 0.302669
v -0.045934 -0.051511 0.317247
v -0.045003 -0.048859 0.302594
v -0.045003 -0.051788 0.317192
v -0.045934 -0.048582 0.302650
v -0.045003 -0.051788 0.317192
v -0.044145 -0.049308 0.302504
v -0.044145 -0.052237 0.317101
v -0.045003 -0.048859 0.302594
v -0.044145 -0.052237 0.317101
v -0.043393 -0.049913 0.302383
v -0.043393 -0.052842 0.316980
v -0.044145 -0.049308 0.302504
v -0.043393 -0.052842 0.316980
v -0.042776 -0.050651 0.302235
v -0.042776 -0.053580 0.316832
v -0.043393 -0.049913 0.302383
v -0.042776 -0.053580 0.316832
v -0.042318 -0.051492 0.302066
v -0.042318 -0.054421 0.316663
v -0.042776 -0.050651 0.302235
v -0.042318 -0.054421 0.316663
v -0.042035 -0.052405 0.301883
v -0.042035 -0.055334 0.316480
v -0.042318 -0.051492 0.302066
v -0.042035 -0.055334 0.316480
v -0.041940 -0.053354 0.301692
v -0.041940 -0.056283 0.316290
v -0.042035 -0.052405 0.301883
v -0.041940 -0.056283 0.316290
v -0.042035 -0.054303 0.301502
v -0.042035 -0.057232 0.316099
v -0.041940 -0.053354 0.301692
v -0.042035 -0.057232 0.316099
v -0.042318 -0.055216 0.301319
v -0.042318 -0.058145 0.315916
v -0.042035 -0.054303 0.301502
v -0.042318 -0.058145 0.315916
v -0.042776 -0.056057 0.301150
v -0.042776 -0.058986 0.315747
v -0.042318 -0.055216 0.301319
v -0.042776 -0.058986 0.315747
v -0.043393 -0.056794 0.301002
v -0.043393 -0.059723 0.315599
v -0.042776 -0.056057 0.301150
v -0.043393 -0.059723 0.315599
v -0.044145 -0.057399 0.300881
v -0.044145 -0.060328 0.315478
v -0.043393 -0.056794 0.301002
v -0.044145 -0.060328 0.315478
v -0.045003 -0.057849 0.300790
v -0.045003 -0.060778 0.315388
v -0.044145 -0.057399 0.300881
v -0.045003 -0.060778 0.315388
v -0.045934 -0.058126 0.300735
v -0.045934 -0.061055 0.315332
v -0.045003 -0.057849 0.300790
v -0.045934 -0.061055 0.315332
v -0.046902 -0.058219 0.300716
v -0.046902 -0.061148 0.315313
v -0.045934 -0.058126 0.300735
v -0.046902 -0.061148 0.315313
v -0.047870 -0.058126 0.300735
v -0.047870 -0.061055 0.315332
v -0.046902 -0.058219 0.300716
v -0.047870 -0.061055 0.315332
v -0.048801 -0.057849 0.300790
v -0.048801 -0.060778 0.315388
v -0.047870 -0.058126 0.300735
v -0.048801 -0.060778 0.315388
v -0.049659 -0.057399 0.300881
v -0.049659 -0.060328 0.315478
v -0.048801 -0.057849 0.300790
v -0.049659 -0.060328 0.315478
v -0.050411 -0.056794 0.301002
v -0.050411 -0.059723 0.315599
v -0.049659 -0.057399 0.300881
v -0.050411 -0.059723 0.315599
v -0.051028 -0.056057 0.301150
v -0.051028 -0.058986 0.315747
v -0.050411 -0.056794 0.301002
v -0.051028 -0.058986 0.315747
v -0.051487 -0.055216 0.301319
v -0.051487 -0.058145 0.315916
v -0.051028 -0.056057 0.301150
v -0.051487 -0.058145 0.315916
v -0.051769 -0.054303 0.301502
v -0.051769 -0.057232 0.316099
v -0.051487 -0.055216 0.301319
v -0.051769 -0.057232 0.316099
v -0.051865 -0.053354 0.301692
v -0.051865 -0.056283 0.316290
v -0.051769 -0.054303 0.301502
v -0.051865 -0.056283 0.316290
v -0.051769 -0.052405 0.301883
v -0.051769 -0.055334 0.316480
v -0.051865 -0.053354 0.301692
v -0.051769 -0.055334 0.316480
v -0.051487 -0.051492 0.302066
v -0.051487 -0.054421 0.316663
v -0.051769 -0.052405 0.301883
v -0.051487 -0.054421 0.316663
v -0.051028 -0.050651 0.302235
v -0.051028 -0.053580 0.316832
v -0.051487 -0.051492 0.302066
v -0.051028 -0.053580 0.316832
v -0.050411 -0.049913 0.302383
v -0.050411 -0.052842 0.316980
v -0.051028 -0.050651 0.302235
v -0.050411 -0.052842 0.316980
v -0.049659 -0.049308 0.302504
v -0.049659 -0.052237 0.317101
v -0.050411 -0.049913 0.302383
v -0.049659 -0.052237 0.317101
v -0.048801 -0.048859 0.302594
v -0.048801 -0.051788 0.317192
v -0.049659 -0.049308 0.302504
v -0.048801 -0.051788 0.317192
v -0.047870 -0.048582 0.302650
v -0.047870 -0.051511 0.317247
v -0.048801 -0.048859 0.302594
v -0.082638 -0.068716 0.337354
v -0.079441 -0.068161 0.324502
v -0.079803 -0.069616 0.322727
v -0.077448 -0.069978 0.320526
v -0.077502 -0.068813 0.320720
v -0.081499 -0.067596 0.337128
v -0.082708 -0.067855 0.342654
v -0.081841 -0.066549 0.343009
v -0.014358 -0.068794 0.319445
v -0.012817 -0.068938 0.320819
v -0.014805 -0.069466 0.319513
v -0.016340 -0.069976 0.320530
v -0.016571 -0.068877 0.318940
v -0.018652 -0.069898 0.320179
v -0.075153 -0.069898 0.320179
v -0.077464 -0.069976 0.320530
v -0.077238 -0.068883 0.318937
v -0.079001 -0.069475 0.319509
v -0.079447 -0.068794 0.319445
v -0.082793 -0.069593 0.321294
v -0.084172 -0.068752 0.324655
v -0.085665 -0.068158 0.331875
v -0.086354 -0.068232 0.336928
v -0.085818 -0.068761 0.337046
v -0.082888 -0.067815 0.342250
v -0.084278 -0.067835 0.342979
v -0.085854 -0.067067 0.340530
v -0.085081 -0.066520 0.342545
v -0.082547 -0.068923 0.337293
v -0.081591 -0.068763 0.329832
v -0.079595 -0.069645 0.322423
v -0.011519 -0.069829 0.322002
v -0.014569 -0.069732 0.322023
v -0.010183 -0.069321 0.324742
v -0.008147 -0.068917 0.335430
v -0.011287 -0.068776 0.336661
v -0.008126 -0.067809 0.342235
v -0.009527 -0.067835 0.342979
v -0.011115 -0.067071 0.340529
v -0.010332 -0.066520 0.342545
v -0.013324 -0.069334 0.324731
v -0.014829 -0.069374 0.319565
v -0.016454 -0.068947 0.318863
v -0.017958 -0.063164 0.317644
v -0.014358 -0.068794 0.319445
v -0.077328 -0.068912 0.318889
v -0.079447 -0.068794 0.319445
v -0.078975 -0.069374 0.319565
v -0.081330 -0.069233 0.320469
v -0.075810 -0.063167 0.317631
v -0.079222 -0.062971 0.318201
v -0.081342 -0.062869 0.319061
v -0.077560 -0.062838 0.318207
v -0.015754 -0.063014 0.318307
v -0.011013 -0.062967 0.320617
v -0.011612 -0.062562 0.320548
v -0.012475 -0.063273 0.319230
v -0.012475 -0.069233 0.320469
v -0.011722 -0.067634 0.340651
v -0.011174 -0.068214 0.340771
v -0.011171 -0.067178 0.342848
v -0.011964 -0.066549 0.343009
v -0.011185 -0.068731 0.337352
v -0.015077 -0.069152 0.321902
v -0.013992 -0.069619 0.322797
v -0.015814 -0.069470 0.320292
v -0.015067 -0.068382 0.321731
v -0.012294 -0.067585 0.337129
v -0.010296 -0.065764 0.344868
v -0.008543 -0.065525 0.344838
v -0.010178 -0.064833 0.345987
v -0.008318 -0.063882 0.346617
v -0.085490 -0.063867 0.346633
v -0.083626 -0.064833 0.345987
v -0.085598 -0.062430 0.346702
v -0.008204 -0.062430 0.346706
v -0.085261 -0.065525 0.344838
v -0.083509 -0.065763 0.344868
v -0.083434 -0.066448 0.344594
v -0.085838 -0.066167 0.344199
v -0.086082 -0.065691 0.344260
v -0.007723 -0.065691 0.344260
v -0.007967 -0.066167 0.344199
v -0.010369 -0.066434 0.344584
v -0.016235 -0.062817 0.318204
v -0.012967 -0.062769 0.319120
v -0.014829 -0.063007 0.318242
v -0.017746 -0.063160 0.317769
v -0.040950 -0.061647 0.321562
v -0.052804 -0.061797 0.321592
v -0.077565 -0.062834 0.318207
v -0.076059 -0.063160 0.317769
v -0.078975 -0.063007 0.318242
v -0.081634 -0.062481 0.319620
v -0.058321 -0.062205 0.320863
v -0.059364 -0.061506 0.329461
v -0.065487 -0.062604 0.321155
v -0.059512 -0.061926 0.329620
v -0.059878 -0.061956 0.333328
v -0.059714 -0.062034 0.334330
v -0.060053 -0.061046 0.333812
v -0.061050 -0.061238 0.334463
v -0.067261 -0.059802 0.333700
v -0.066895 -0.061383 0.334551
v -0.068269 -0.061046 0.333812
v -0.067053 -0.058397 0.331067
v -0.061659 -0.057952 0.330986
v -0.066904 -0.059175 0.329168
v -0.059526 -0.060281 0.329405
v -0.060018 -0.060127 0.331338
v -0.060843 -0.062031 0.334820
v -0.064227 -0.062076 0.334994
v -0.067612 -0.061980 0.334805
v -0.068784 -0.062412 0.334309
v -0.068408 -0.062119 0.334094
v -0.068243 -0.061855 0.329621
v -0.067066 -0.061920 0.329045
v -0.068366 -0.061296 0.329396
v -0.068827 -0.062044 0.334290
v -0.067736 -0.062237 0.334896
v -0.061177 -0.062221 0.335052
v -0.059521 -0.062098 0.334295
v -0.055163 -0.060971 0.334805
v -0.054407 -0.061722 0.322350
v -0.053975 -0.060031 0.333640
v -0.053613 -0.060138 0.334141
v -0.052975 -0.055659 0.330706
v -0.046937 -0.053772 0.330293
v -0.085748 -0.060246 0.343225
v -0.008300 -0.061036 0.346049
v -0.085502 -0.061923 0.346662
v -0.044356 -0.051632 0.327909
v -0.049712 -0.051593 0.327624
v -0.049562 -0.051262 0.322949
v -0.049546 -0.052314 0.319636
v -0.046737 -0.050581 0.323067
v -0.044173 -0.052294 0.319618
v -0.043948 -0.051449 0.323140
v -0.042088 -0.054344 0.320307
v -0.041762 -0.053439 0.325795
v -0.040787 -0.055091 0.326829
v -0.040527 -0.055384 0.330156
v -0.040447 -0.057007 0.330960
v -0.040672 -0.056966 0.331609
v -0.039680 -0.059883 0.333756
v -0.040531 -0.058577 0.332235
v -0.038494 -0.061460 0.336754
v -0.040248 -0.059778 0.328846
v -0.040252 -0.060158 0.322402
v -0.039456 -0.061639 0.322273
v -0.035833 -0.062201 0.320932
v -0.028044 -0.062537 0.320946
v -0.011519 -0.062293 0.320447
v -0.010308 -0.062673 0.320547
v -0.007801 -0.061177 0.330222
v -0.007406 -0.062254 0.336020
v -0.007349 -0.061368 0.341108
v -0.007207 -0.060260 0.343565
v -0.007675 -0.061489 0.344335
v -0.024982 -0.062024 0.334291
v -0.032627 -0.062258 0.335059
v -0.026068 -0.062237 0.334896
v -0.008116 -0.061654 0.336056
v -0.025475 -0.061412 0.329435
v -0.025649 -0.061926 0.329620
v -0.026739 -0.061920 0.329045
v -0.030026 -0.061825 0.328852
v -0.033286 -0.061918 0.329046
v -0.034293 -0.061926 0.329620
v -0.034245 -0.062412 0.334309
v -0.033881 -0.062066 0.334118
v -0.032997 -0.061989 0.334802
v -0.029578 -0.062076 0.334994
v -0.026220 -0.062027 0.334823
v -0.025130 -0.062329 0.334371
v -0.025536 -0.061046 0.333812
v -0.026334 -0.061100 0.334580
v -0.032258 -0.061377 0.334562
v -0.032725 -0.059978 0.333590
v -0.032864 -0.058404 0.331092
v -0.026716 -0.058095 0.331120
v -0.026882 -0.059047 0.329854
v -0.032992 -0.059450 0.329228
v -0.027566 -0.059116 0.329159
v -0.025928 -0.060517 0.329449
v -0.025862 -0.060340 0.330121
v -0.025844 -0.060147 0.331480
v -0.033752 -0.061046 0.333812
v -0.034485 -0.061486 0.329442
v -0.034280 -0.062087 0.334292
v -0.010178 -0.062429 0.346751
v -0.008471 -0.062430 0.346235
v -0.051678 -0.054506 0.328930
v -0.083626 -0.062429 0.346751
v -0.086130 -0.060814 0.343721
v -0.083617 -0.061990 0.323164
v -0.063778 -0.061825 0.328852
v -0.060518 -0.061918 0.329046
v -0.085874 -0.061662 0.336039
v -0.085078 -0.060963 0.330001
v -0.054418 -0.061347 0.337300
v -0.085355 -0.060439 0.344832
v -0.010536 -0.062844 0.321205
v -0.012475 -0.063273 0.319230
v -0.012893 -0.069557 0.320732
v -0.011273 -0.069957 0.321955
v -0.009943 -0.069541 0.324685
v -0.008687 -0.068737 0.331963
v -0.007673 -0.069125 0.336834
v -0.007369 -0.062277 0.336256
v -0.007497 -0.066209 0.343212
v -0.007891 -0.067961 0.342561
v -0.008589 -0.065462 0.345040
v -0.007607 -0.061478 0.344337
v -0.009146 -0.063102 0.346135
v -0.008471 -0.061281 0.345720
v -0.007574 -0.060809 0.343731
v -0.008168 -0.061577 0.330159
v -0.085121 -0.061104 0.330336
v -0.085854 -0.061758 0.335892
v -0.085540 -0.060626 0.343196
v -0.085333 -0.060600 0.344750
v -0.086296 -0.060691 0.343766
v -0.084788 -0.062310 0.346040
v -0.085333 -0.063717 0.346226
v -0.085215 -0.065462 0.345040
v -0.086308 -0.066209 0.343212
v -0.085922 -0.067178 0.342848
v -0.085267 -0.067398 0.340758
v -0.085839 -0.068857 0.337048
v -0.086368 -0.068232 0.336927
v -0.085662 -0.068157 0.331869
v -0.081499 -0.069301 0.320385
v -0.081496 -0.062568 0.318957
v -0.083829 -0.061782 0.322796
v -0.086199 -0.061995 0.334193
v -0.084168 -0.068734 0.324690
v -0.010294 -0.065770 0.344873
v -0.083511 -0.065771 0.344874
v -0.083626 -0.064833 0.345987
v -0.010178 -0.064833 0.345987
v -0.053274 -0.060258 0.322419
v -0.054304 -0.061691 0.322273
v -0.052366 -0.060377 0.321423
v -0.050644 -0.052991 0.319854
v -0.051978 -0.054870 0.319410
v -0.050519 -0.054274 0.319341
v -0.049499 -0.051401 0.322785
v -0.049512 -0.052401 0.319655
v -0.049603 -0.051805 0.327581
v -0.052192 -0.053818 0.328994
v -0.051999 -0.054073 0.329515
v -0.055147 -0.061207 0.334899
v -0.054032 -0.059972 0.333647
v -0.053694 -0.060097 0.334188
v -0.055007 -0.060580 0.329775
v -0.053210 -0.057521 0.331815
v -0.053176 -0.055554 0.330744
v -0.041779 -0.053505 0.325817
v -0.040780 -0.055090 0.326830
v -0.040686 -0.055485 0.330076
v -0.039963 -0.059474 0.328940
v -0.040895 -0.060484 0.321354
v -0.041504 -0.057478 0.320175
v -0.042686 -0.054762 0.319711
v -0.040507 -0.058553 0.332305
v -0.040682 -0.057057 0.331157
v -0.039830 -0.060031 0.333640
v -0.051631 -0.055100 0.319430
v -0.050552 -0.053147 0.319874
v -0.050532 -0.054299 0.319298
v -0.048856 -0.052122 0.319625
v -0.045255 -0.051947 0.319559
v -0.042230 -0.054839 0.319320
v -0.042088 -0.054344 0.320307
v -0.052343 -0.060375 0.321496
v -0.055382 -0.061599 0.321829
v -0.053318 -0.060269 0.322414
v -0.041459 -0.060380 0.321514
v -0.040487 -0.060269 0.322414
v -0.038374 -0.061600 0.321809
v -0.083417 -0.066451 0.344609
v -0.085466 -0.066443 0.343758
v -0.079861 -0.066401 0.342698
v -0.081927 -0.066233 0.343468
v -0.011876 -0.066240 0.343463
v -0.010408 -0.066400 0.344622
v -0.008319 -0.066532 0.343776
v -0.013944 -0.066401 0.342698
v -0.011744 -0.066471 0.342984
v -0.009716 -0.066226 0.343468
v -0.007638 -0.066211 0.343182
v -0.009572 -0.066442 0.343471
v -0.008211 -0.065521 0.344220
v -0.008101 -0.066128 0.344341
v -0.082061 -0.066471 0.342984
v -0.084201 -0.066467 0.343382
v -0.086167 -0.066211 0.343182
v -0.085594 -0.065521 0.344220
v -0.085807 -0.066680 0.344251
v -0.034552 -0.062313 0.334602
v -0.026870 -0.062512 0.335046
v -0.024544 -0.062277 0.334724
v -0.034246 -0.062412 0.334309
v -0.034316 -0.062163 0.334288
v -0.034539 -0.061734 0.329478
v -0.059281 -0.061787 0.329495
v -0.059559 -0.062412 0.334309
v -0.059489 -0.062163 0.334288
v -0.059803 -0.060517 0.329449
v -0.061206 -0.059097 0.329092
v -0.066744 -0.059204 0.328966
v -0.067877 -0.060517 0.329449
v -0.068227 -0.061914 0.329490
v -0.059542 -0.061936 0.329602
v -0.067267 -0.059956 0.333593
v -0.067418 -0.059088 0.329132
v -0.066872 -0.058606 0.331033
v -0.068426 -0.062532 0.334192
v -0.068228 -0.061895 0.329671
v -0.068269 -0.061046 0.333812
v -0.068343 -0.062117 0.334065
v -0.066672 -0.061509 0.334374
v -0.066812 -0.062342 0.334668
v -0.061062 -0.062234 0.334629
v -0.061114 -0.061311 0.334399
v -0.066935 -0.062512 0.335046
v -0.069260 -0.062277 0.334724
v -0.059253 -0.062313 0.334602
v -0.025427 -0.061788 0.329495
v -0.025021 -0.062412 0.334309
v -0.024947 -0.062163 0.334288
v -0.068784 -0.062412 0.334309
v -0.068858 -0.062163 0.334288
v -0.068389 -0.061754 0.329484
v -0.025577 -0.061914 0.329490
v -0.025928 -0.060517 0.329449
v -0.027061 -0.059204 0.328966
v -0.032599 -0.059097 0.329092
v -0.034001 -0.060517 0.329449
v -0.034263 -0.061936 0.329602
v -0.034363 -0.061834 0.329670
v -0.033535 -0.059070 0.329172
v -0.032702 -0.058605 0.331036
v -0.033960 -0.062518 0.334198
v -0.032666 -0.060043 0.333545
v -0.025378 -0.062532 0.334192
v -0.025536 -0.061046 0.333812
v -0.025733 -0.060050 0.331495
v -0.026750 -0.058553 0.331168
v -0.025861 -0.060340 0.330122
v -0.026900 -0.059006 0.329868
v -0.025928 -0.060517 0.329449
v -0.025653 -0.061929 0.329643
v -0.033752 -0.061046 0.333812
v -0.033823 -0.062117 0.334065
v -0.032056 -0.061502 0.334388
v -0.032182 -0.062339 0.334676
v -0.026461 -0.062234 0.334629
v -0.026517 -0.061311 0.334399
v -0.059803 -0.060517 0.329449
v -0.059521 -0.061926 0.329647
v -0.059477 -0.062217 0.333490
v -0.060053 -0.061046 0.333812
v -0.059982 -0.062117 0.334065
v -0.059960 -0.060040 0.331451
v -0.016574 -0.068837 0.320570
v -0.016645 -0.069810 0.321121
v -0.014494 -0.068301 0.321206
v -0.018534 -0.069892 0.320144
v -0.077594 -0.069908 0.320205
v -0.077388 -0.068830 0.320566
v -0.081929 -0.067343 0.343533
v -0.084220 -0.066449 0.343502
v -0.085179 -0.067093 0.342006
v -0.084278 -0.067757 0.342968
v -0.083059 -0.067726 0.342367
v -0.011876 -0.067343 0.343533
v -0.009585 -0.066449 0.343502
v -0.008626 -0.067093 0.342006
v -0.009527 -0.067757 0.342968
v -0.010746 -0.067726 0.342367
v -0.046902 -0.045368 0.044552
v -0.046275 -0.040070 0.049851
v -0.046275 -0.045411 0.044596
v -0.046902 -0.040027 0.049807
v -0.046902 -0.045368 0.044552
v -0.047530 -0.045411 0.044596
v -0.046902 -0.040027 0.049807
v -0.047530 -0.040070 0.049851
v -0.046275 -0.045411 0.044596
v -0.045654 -0.040688 0.049493
v -0.045654 -0.045584 0.044689
v -0.046275 -0.040070 0.049851
v -0.045654 -0.045584 0.044689
v -0.045056 -0.041418 0.049207
v -0.045056 -0.046297 0.044421
v -0.045654 -0.040688 0.049493
v -0.048748 -0.046297 0.044421
v -0.048151 -0.040688 0.049493
v -0.048151 -0.045584 0.044689
v -0.048748 -0.041418 0.049207
v -0.048151 -0.045584 0.044689
v -0.047530 -0.040070 0.049851
v -0.047530 -0.045411 0.044596
v -0.048151 -0.040688 0.049493
v -0.046902 -0.044957 0.044120
v -0.047630 -0.045006 0.044172
v -0.046902 -0.049198 0.040058
v -0.047630 -0.049248 0.040109
v -0.046902 -0.044957 0.044120
v -0.047630 -0.039666 0.049427
v -0.047630 -0.045006 0.044172
v -0.046902 -0.039616 0.049375
v -0.046902 -0.044957 0.044120
v -0.046175 -0.045006 0.044172
v -0.046902 -0.039616 0.049375
v -0.046175 -0.039666 0.049427
v -0.046902 -0.044957 0.044120
v -0.046175 -0.049248 0.040109
v -0.046175 -0.045006 0.044172
v -0.046902 -0.049198 0.040058
v -0.046175 -0.045006 0.044172
v -0.045455 -0.045215 0.044271
v -0.046175 -0.039666 0.049427
v -0.045455 -0.040382 0.049011
v -0.046175 -0.045006 0.044172
v -0.045455 -0.049428 0.040238
v -0.045455 -0.045215 0.044271
v -0.046175 -0.049248 0.040109
v -0.045455 -0.045215 0.044271
v -0.044762 -0.049969 0.040217
v -0.044762 -0.046042 0.043960
v -0.045455 -0.049428 0.040238
v -0.045455 -0.045215 0.044271
v -0.044762 -0.046042 0.043960
v -0.045455 -0.040382 0.049011
v -0.044762 -0.041229 0.048680
v -0.044762 -0.046042 0.043960
v -0.044128 -0.046465 0.044273
v -0.044762 -0.041229 0.048680
v -0.044128 -0.042128 0.048510
v -0.044762 -0.046042 0.043960
v -0.044128 -0.050360 0.040561
v -0.044128 -0.046465 0.044273
v -0.044762 -0.049969 0.040217
v -0.044128 -0.046465 0.044273
v -0.043590 -0.046917 0.044747
v -0.044128 -0.042128 0.048510
v -0.043590 -0.043125 0.048432
v -0.044128 -0.046465 0.044273
v -0.043590 -0.050812 0.041036
v -0.043590 -0.046917 0.044747
v -0.044128 -0.050360 0.040561
v -0.043590 -0.046917 0.044747
v -0.043180 -0.047445 0.045302
v -0.043590 -0.043125 0.048432
v -0.043180 -0.044216 0.048416
v -0.043590 -0.046917 0.044747
v -0.043180 -0.051340 0.041590
v -0.043180 -0.047445 0.045302
v -0.043590 -0.050812 0.041036
v -0.043180 -0.047445 0.045302
v -0.042924 -0.048027 0.045912
v -0.043180 -0.044216 0.048416
v -0.042924 -0.045373 0.048444
v -0.043180 -0.047445 0.045302
v -0.042924 -0.051922 0.042201
v -0.042924 -0.048027 0.045912
v -0.043180 -0.051340 0.041590
v -0.042924 -0.048027 0.045912
v -0.042837 -0.048636 0.046552
v -0.042924 -0.045373 0.048444
v -0.042837 -0.046017 0.049047
v -0.042924 -0.048027 0.045912
v -0.042837 -0.052531 0.042840
v -0.042837 -0.048636 0.046552
v -0.042924 -0.051922 0.042201
v -0.042837 -0.048636 0.046552
v -0.042924 -0.053140 0.043480
v -0.042924 -0.049246 0.047191
v -0.042837 -0.052531 0.042840
v -0.042837 -0.048636 0.046552
v -0.042924 -0.049246 0.047191
v -0.042837 -0.046017 0.049047
v -0.042924 -0.046626 0.049687
v -0.042924 -0.049246 0.047191
v -0.043180 -0.053722 0.044090
v -0.043180 -0.049827 0.047801
v -0.042924 -0.053140 0.043480
v -0.042924 -0.049246 0.047191
v -0.043180 -0.049827 0.047801
v -0.042924 -0.046626 0.049687
v -0.043180 -0.047208 0.050297
v -0.043180 -0.049827 0.047801
v -0.043590 -0.054251 0.044645
v -0.043590 -0.050356 0.048356
v -0.043180 -0.053722 0.044090
v -0.043180 -0.049827 0.047801
v -0.043590 -0.050356 0.048356
v -0.043180 -0.047208 0.050297
v -0.043590 -0.047736 0.050852
v -0.043590 -0.050356 0.048356
v -0.044128 -0.054703 0.045119
v -0.044128 -0.050808 0.048831
v -0.043590 -0.054251 0.044645
v -0.043590 -0.050356 0.048356
v -0.044128 -0.050808 0.048831
v -0.043590 -0.047736 0.050852
v -0.044128 -0.048189 0.051326
v -0.044128 -0.050808 0.048831
v -0.044762 -0.055062 0.045496
v -0.044762 -0.051167 0.049207
v -0.044128 -0.054703 0.045119
v -0.044128 -0.050808 0.048831
v -0.044762 -0.051167 0.049207
v -0.044128 -0.048189 0.051326
v -0.044762 -0.048548 0.051703
v -0.044762 -0.051167 0.049207
v -0.045455 -0.055317 0.045764
v -0.045455 -0.051422 0.049476
v -0.044762 -0.055062 0.045496
v -0.044762 -0.051167 0.049207
v -0.045455 -0.051422 0.049476
v -0.044762 -0.048548 0.051703
v -0.045455 -0.048803 0.051971
v -0.045455 -0.051422 0.049476
v -0.046175 -0.051573 0.049634
v -0.045455 -0.048803 0.051971
v -0.046175 -0.048954 0.052129
v -0.045455 -0.051422 0.049476
v -0.046175 -0.055468 0.045922
v -0.046175 -0.051573 0.049634
v -0.045455 -0.055317 0.045764
v -0.046175 -0.051573 0.049634
v -0.046902 -0.055518 0.045974
v -0.046902 -0.051623 0.049686
v -0.046175 -0.055468 0.045922
v -0.046175 -0.051573 0.049634
v -0.046902 -0.051623 0.049686
v -0.046175 -0.048954 0.052129
v -0.046902 -0.049003 0.052181
v -0.046902 -0.051623 0.049686
v -0.047630 -0.055468 0.045922
v -0.047630 -0.051573 0.049634
v -0.046902 -0.055518 0.045974
v -0.046902 -0.051623 0.049686
v -0.047630 -0.051573 0.049634
v -0.046902 -0.049003 0.052181
v -0.047630 -0.048954 0.052129
v -0.047630 -0.051573 0.049634
v -0.048350 -0.055317 0.045764
v -0.048350 -0.051422 0.049476
v -0.047630 -0.055468 0.045922
v -0.047630 -0.051573 0.049634
v -0.048350 -0.051422 0.049476
v -0.047630 -0.048954 0.052129
v -0.048350 -0.048803 0.051971
v -0.048350 -0.051422 0.049476
v -0.049043 -0.055062 0.045496
v -0.049043 -0.051167 0.049207
v -0.048350 -0.055317 0.045764
v -0.048350 -0.051422 0.049476
v -0.049043 -0.051167 0.049207
v -0.048350 -0.048803 0.051971
v -0.049043 -0.048548 0.051703
v -0.049043 -0.051167 0.049207
v -0.049677 -0.054703 0.045119
v -0.049677 -0.050808 0.048831
v -0.049043 -0.055062 0.045496
v -0.049043 -0.051167 0.049207
v -0.049677 -0.050808 0.048831
v -0.049043 -0.048548 0.051703
v -0.049677 -0.048189 0.051326
v -0.049677 -0.050808 0.048831
v -0.050215 -0.054251 0.044645
v -0.050215 -0.050356 0.048356
v -0.049677 -0.054703 0.045119
v -0.049677 -0.050808 0.048831
v -0.050215 -0.050356 0.048356
v -0.049677 -0.048189 0.051326
v -0.050215 -0.047736 0.050852
v -0.050215 -0.050356 0.048356
v -0.050625 -0.053722 0.044090
v -0.050625 -0.049827 0.047801
v -0.050215 -0.054251 0.044645
v -0.050215 -0.050356 0.048356
v -0.050625 -0.049827 0.047801
v -0.050215 -0.047736 0.050852
v -0.050625 -0.047208 0.050297
v -0.050625 -0.049827 0.047801
v -0.050880 -0.053140 0.043480
v -0.050880 -0.049246 0.047191
v -0.050625 -0.053722 0.044090
v -0.050625 -0.049827 0.047801
v -0.050880 -0.049246 0.047191
v -0.050625 -0.047208 0.050297
v -0.050880 -0.046626 0.049687
v -0.050880 -0.049246 0.047191
v -0.050967 -0.048636 0.046552
v -0.050880 -0.046626 0.049687
v -0.050967 -0.046017 0.049047
v -0.050880 -0.049246 0.047191
v -0.050967 -0.052531 0.042840
v -0.050967 -0.048636 0.046552
v -0.050880 -0.053140 0.043480
v -0.050967 -0.048636 0.046552
v -0.050880 -0.051922 0.042201
v -0.050880 -0.048027 0.045912
v -0.050967 -0.052531 0.042840
v -0.050967 -0.048636 0.046552
v -0.050880 -0.048027 0.045912
v -0.050967 -0.046017 0.049047
v -0.050880 -0.045373 0.048444
v -0.050880 -0.048027 0.045912
v -0.050625 -0.051340 0.041590
v -0.050625 -0.047445 0.045302
v -0.050880 -0.051922 0.042201
v -0.050880 -0.048027 0.045912
v -0.050625 -0.047445 0.045302
v -0.050880 -0.045373 0.048444
v -0.050625 -0.044216 0.048416
v -0.050625 -0.047445 0.045302
v -0.050215 -0.050812 0.041036
v -0.050215 -0.046917 0.044747
v -0.050625 -0.051340 0.041590
v -0.050625 -0.047445 0.045302
v -0.050215 -0.046917 0.044747
v -0.050625 -0.044216 0.048416
v -0.050215 -0.043125 0.048432
v -0.050215 -0.046917 0.044747
v -0.049677 -0.050360 0.040561
v -0.049677 -0.046465 0.044273
v -0.050215 -0.050812 0.041036
v -0.050215 -0.046917 0.044747
v -0.049677 -0.046465 0.044273
v -0.050215 -0.043125 0.048432
v -0.049677 -0.042128 0.048510
v -0.049677 -0.046465 0.044273
v -0.049043 -0.049969 0.040217
v -0.049043 -0.046042 0.043960
v -0.049677 -0.050360 0.040561
v -0.049677 -0.046465 0.044273
v -0.049043 -0.046042 0.043960
v -0.049677 -0.042128 0.048510
v -0.049043 -0.041229 0.048680
v -0.049043 -0.046042 0.043960
v -0.048350 -0.045215 0.044271
v -0.049043 -0.041229 0.048680
v -0.048350 -0.040382 0.049011
v -0.049043 -0.046042 0.043960
v -0.048350 -0.049428 0.040238
v -0.048350 -0.045215 0.044271
v -0.049043 -0.049969 0.040217
v -0.048350 -0.045215 0.044271
v -0.047630 -0.049248 0.040109
v -0.047630 -0.045006 0.044172
v -0.048350 -0.049428 0.040238
v -0.048350 -0.045215 0.044271
v -0.047630 -0.045006 0.044172
v -0.048350 -0.040382 0.049011
v -0.047630 -0.039666 0.049427
v -0.046902 -0.053440 0.035995
v -0.046175 -0.053489 0.036047
v -0.046902 -0.052915 0.033392
v -0.045797 -0.052990 0.033470
v -0.046902 -0.053409 0.035962
v -0.046179 -0.059396 0.042246
v -0.044413 -0.053988 0.036570
v -0.042751 -0.056106 0.038792
v -0.043798 -0.058455 0.041258
v -0.047986 -0.059315 0.042160
v -0.050007 -0.058455 0.041258
v -0.049392 -0.053988 0.036570
v -0.051054 -0.056106 0.038792
v -0.046902 -0.053440 0.035995
v -0.048007 -0.052990 0.033470
v -0.047630 -0.053489 0.036047
v -0.046902 -0.052915 0.033392
v -0.046175 -0.053489 0.036047
v -0.045455 -0.053640 0.036205
v -0.045797 -0.052990 0.033470
v -0.044704 -0.053219 0.033711
v -0.045455 -0.053640 0.036205
v -0.044762 -0.053896 0.036473
v -0.044704 -0.053219 0.033711
v -0.043651 -0.053607 0.034118
v -0.044762 -0.053896 0.036473
v -0.044128 -0.054255 0.036850
v -0.043651 -0.053607 0.034118
v -0.042688 -0.054152 0.034690
v -0.044128 -0.054255 0.036850
v -0.043590 -0.054707 0.037325
v -0.042688 -0.054152 0.034690
v -0.041870 -0.054839 0.035411
v -0.043590 -0.054707 0.037325
v -0.043180 -0.055235 0.037879
v -0.041870 -0.054839 0.035411
v -0.041249 -0.055642 0.036253
v -0.043180 -0.055235 0.037879
v -0.042924 -0.055817 0.038490
v -0.041249 -0.055642 0.036253
v -0.040860 -0.056526 0.037181
v -0.042924 -0.055817 0.038490
v -0.042837 -0.056426 0.039129
v -0.040860 -0.056526 0.037181
v -0.040728 -0.057451 0.038152
v -0.042837 -0.056426 0.039129
v -0.042924 -0.057035 0.039768
v -0.040728 -0.057451 0.038152
v -0.040860 -0.058376 0.039123
v -0.042924 -0.057035 0.039768
v -0.043180 -0.057617 0.040379
v -0.040860 -0.058376 0.039123
v -0.041249 -0.059260 0.040050
v -0.043180 -0.057617 0.040379
v -0.043590 -0.058145 0.040933
v -0.041249 -0.059260 0.040050
v -0.041870 -0.060062 0.040892
v -0.043590 -0.058145 0.040933
v -0.044128 -0.058598 0.041408
v -0.041870 -0.060062 0.040892
v -0.042688 -0.060749 0.041613
v -0.044128 -0.058598 0.041408
v -0.044762 -0.058957 0.041785
v -0.042688 -0.060749 0.041613
v -0.043651 -0.061294 0.042186
v -0.044762 -0.058957 0.041785
v -0.045455 -0.059212 0.042053
v -0.043651 -0.061294 0.042186
v -0.044704 -0.061683 0.042593
v -0.045455 -0.059212 0.042053
v -0.046175 -0.059363 0.042211
v -0.044704 -0.061683 0.042593
v -0.045797 -0.061912 0.042833
v -0.046175 -0.059363 0.042211
v -0.046902 -0.059412 0.042263
v -0.045797 -0.061912 0.042833
v -0.046902 -0.061987 0.042912
v -0.046902 -0.059412 0.042263
v -0.047630 -0.059363 0.042211
v -0.046902 -0.061987 0.042912
v -0.048007 -0.061912 0.042833
v -0.047630 -0.059363 0.042211
v -0.048350 -0.059212 0.042053
v -0.048007 -0.061912 0.042833
v -0.049101 -0.061683 0.042593
v -0.048350 -0.059212 0.042053
v -0.049043 -0.058957 0.041785
v -0.049101 -0.061683 0.042593
v -0.050154 -0.061294 0.042186
v -0.049043 -0.058957 0.041785
v -0.049677 -0.058598 0.041408
v -0.050154 -0.061294 0.042186
v -0.051117 -0.060749 0.041613
v -0.049677 -0.058598 0.041408
v -0.050215 -0.058145 0.040933
v -0.051117 -0.060749 0.041613
v -0.051934 -0.060062 0.040892
v -0.050215 -0.058145 0.040933
v -0.050625 -0.057617 0.040379
v -0.051934 -0.060062 0.040892
v -0.052556 -0.059260 0.040050
v -0.050625 -0.057617 0.040379
v -0.050880 -0.057035 0.039768
v -0.052556 -0.059260 0.040050
v -0.052945 -0.058376 0.039123
v -0.050880 -0.057035 0.039768
v -0.050967 -0.056426 0.039129
v -0.052945 -0.058376 0.039123
v -0.053077 -0.057451 0.038152
v -0.050967 -0.056426 0.039129
v -0.050880 -0.055817 0.038490
v -0.053077 -0.057451 0.038152
v -0.052945 -0.056526 0.037181
v -0.050880 -0.055817 0.038490
v -0.050625 -0.055235 0.037879
v -0.052945 -0.056526 0.037181
v -0.052556 -0.055642 0.036253
v -0.050625 -0.055235 0.037879
v -0.050215 -0.054707 0.037325
v -0.052556 -0.055642 0.036253
v -0.051934 -0.054839 0.035411
v -0.050215 -0.054707 0.037325
v -0.049677 -0.054255 0.036850
v -0.051934 -0.054839 0.035411
v -0.051117 -0.054152 0.034690
v -0.049677 -0.054255 0.036850
v -0.049043 -0.053896 0.036473
v -0.051117 -0.054152 0.034690
v -0.050154 -0.053607 0.034118
v -0.049043 -0.053896 0.036473
v -0.048350 -0.053640 0.036205
v -0.050154 -0.053607 0.034118
v -0.049101 -0.053219 0.033711
v -0.048350 -0.053640 0.036205
v -0.047630 -0.053489 0.036047
v -0.049101 -0.053219 0.033711
v -0.048007 -0.052990 0.033470
v -0.047630 -0.055468 0.045922
v -0.046902 -0.055518 0.045974
v -0.048007 -0.055996 0.048470
v -0.046902 -0.056071 0.048549
v -0.047630 -0.055468 0.045922
v -0.049101 -0.055767 0.048230
v -0.048350 -0.055317 0.045764
v -0.048007 -0.055996 0.048470
v -0.046902 -0.055518 0.045974
v -0.046175 -0.055468 0.045922
v -0.046902 -0.056071 0.048549
v -0.045797 -0.055996 0.048470
v -0.044128 -0.050360 0.040561
v -0.041870 -0.048923 0.041048
v -0.043590 -0.050812 0.041036
v -0.042688 -0.048236 0.040327
v -0.044128 -0.050360 0.040561
v -0.044762 -0.049969 0.040217
v -0.042688 -0.048236 0.040327
v -0.043651 -0.047643 0.039804
v -0.044762 -0.049969 0.040217
v -0.045455 -0.049428 0.040238
v -0.043651 -0.047643 0.039804
v -0.044704 -0.046821 0.039837
v -0.047630 -0.049248 0.040109
v -0.046902 -0.046473 0.039562
v -0.046902 -0.049198 0.040058
v -0.048007 -0.046548 0.039641
v -0.047630 -0.049248 0.040109
v -0.048350 -0.049428 0.040238
v -0.048007 -0.046548 0.039641
v -0.049101 -0.046821 0.039837
v -0.048350 -0.049428 0.040238
v -0.049043 -0.049969 0.040217
v -0.049101 -0.046821 0.039837
v -0.050154 -0.047643 0.039804
v -0.048350 -0.055317 0.045764
v -0.050154 -0.055378 0.047823
v -0.049043 -0.055062 0.045496
v -0.049101 -0.055767 0.048230
v -0.043590 -0.050812 0.041036
v -0.041249 -0.049726 0.041891
v -0.043180 -0.051340 0.041590
v -0.041870 -0.048923 0.041048
v -0.046902 -0.049198 0.040058
v -0.045797 -0.046548 0.039641
v -0.046175 -0.049248 0.040109
v -0.046902 -0.046473 0.039562
v -0.049043 -0.055062 0.045496
v -0.051117 -0.054833 0.047251
v -0.049677 -0.054703 0.045119
v -0.050154 -0.055378 0.047823
v -0.043180 -0.051340 0.041590
v -0.040860 -0.050610 0.042818
v -0.042924 -0.051922 0.042201
v -0.041249 -0.049726 0.041891
v -0.049677 -0.054703 0.045119
v -0.051934 -0.054146 0.046530
v -0.050215 -0.054251 0.044645
v -0.051117 -0.054833 0.047251
v -0.042924 -0.051922 0.042201
v -0.040728 -0.051535 0.043789
v -0.042837 -0.052531 0.042840
v -0.040860 -0.050610 0.042818
v -0.050215 -0.054251 0.044645
v -0.052556 -0.053344 0.045687
v -0.050625 -0.053722 0.044090
v -0.051934 -0.054146 0.046530
v -0.042837 -0.052531 0.042840
v -0.040860 -0.052460 0.044760
v -0.042924 -0.053140 0.043480
v -0.040728 -0.051535 0.043789
v -0.050625 -0.053722 0.044090
v -0.052945 -0.052460 0.044760
v -0.050880 -0.053140 0.043480
v -0.052556 -0.053344 0.045687
v -0.042924 -0.053140 0.043480
v -0.041249 -0.053344 0.045687
v -0.043180 -0.053722 0.044090
v -0.040860 -0.052460 0.044760
v -0.050880 -0.053140 0.043480
v -0.053077 -0.051535 0.043789
v -0.050967 -0.052531 0.042840
v -0.052945 -0.052460 0.044760
v -0.043180 -0.053722 0.044090
v -0.041870 -0.054146 0.046530
v -0.043590 -0.054251 0.044645
v -0.041249 -0.053344 0.045687
v -0.050967 -0.052531 0.042840
v -0.052945 -0.050610 0.042818
v -0.050880 -0.051922 0.042201
v -0.053077 -0.051535 0.043789
v -0.043590 -0.054251 0.044645
v -0.042688 -0.054833 0.047251
v -0.044128 -0.054703 0.045119
v -0.041870 -0.054146 0.046530
v -0.050880 -0.051922 0.042201
v -0.052556 -0.049726 0.041891
v -0.050625 -0.051340 0.041590
v -0.052945 -0.050610 0.042818
v -0.044128 -0.054703 0.045119
v -0.043651 -0.055378 0.047823
v -0.044762 -0.055062 0.045496
v -0.042688 -0.054833 0.047251
v -0.050625 -0.051340 0.041590
v -0.051934 -0.048923 0.041048
v -0.050215 -0.050812 0.041036
v -0.052556 -0.049726 0.041891
v -0.044762 -0.055062 0.045496
v -0.044704 -0.055767 0.048230
v -0.045455 -0.055317 0.045764
v -0.043651 -0.055378 0.047823
v -0.050215 -0.050812 0.041036
v -0.051117 -0.048236 0.040327
v -0.049677 -0.050360 0.040561
v -0.051934 -0.048923 0.041048
v -0.045455 -0.055317 0.045764
v -0.045797 -0.055996 0.048470
v -0.046175 -0.055468 0.045922
v -0.044704 -0.055767 0.048230
v -0.046175 -0.049248 0.040109
v -0.044704 -0.046821 0.039837
v -0.045455 -0.049428 0.040238
v -0.045797 -0.046548 0.039641
v -0.049677 -0.050360 0.040561
v -0.050154 -0.047643 0.039804
v -0.049043 -0.049969 0.040217
v -0.051117 -0.048236 0.040327
v -0.046902 -0.052915 0.033392
v -0.048007 -0.046548 0.039641
v -0.046902 -0.046473 0.039562
v -0.048007 -0.052990 0.033470
v -0.046902 -0.052915 0.033392
v -0.046902 -0.046473 0.039562
v -0.045797 -0.052990 0.033470
v -0.045797 -0.046548 0.039641
v -0.045797 -0.052990 0.033470
v -0.045797 -0.046548 0.039641
v -0.044704 -0.053219 0.033711
v -0.044704 -0.046821 0.039837
v -0.044704 -0.053219 0.033711
v -0.044704 -0.046821 0.039837
v -0.043651 -0.053607 0.034118
v -0.043651 -0.047643 0.039804
v -0.043651 -0.053607 0.034118
v -0.043651 -0.047643 0.039804
v -0.042688 -0.054152 0.034690
v -0.042688 -0.048236 0.040327
v -0.042688 -0.054152 0.034690
v -0.042688 -0.048236 0.040327
v -0.041870 -0.054839 0.035411
v -0.041870 -0.048923 0.041048
v -0.041870 -0.054839 0.035411
v -0.041870 -0.048923 0.041048
v -0.041249 -0.055642 0.036253
v -0.041249 -0.049726 0.041891
v -0.041249 -0.055642 0.036253
v -0.041249 -0.049726 0.041891
v -0.040860 -0.056526 0.037181
v -0.040860 -0.050610 0.042818
v -0.040860 -0.056526 0.037181
v -0.040860 -0.050610 0.042818
v -0.040728 -0.057451 0.038152
v -0.040728 -0.051535 0.043789
v -0.040728 -0.057451 0.038152
v -0.040728 -0.051535 0.043789
v -0.040860 -0.058376 0.039123
v -0.040860 -0.052460 0.044760
v -0.040860 -0.058376 0.039123
v -0.040860 -0.052460 0.044760
v -0.041249 -0.059260 0.040050
v -0.041249 -0.053344 0.045687
v -0.041249 -0.059260 0.040050
v -0.041249 -0.053344 0.045687
v -0.041870 -0.060062 0.040892
v -0.041870 -0.054146 0.046530
v -0.041870 -0.060062 0.040892
v -0.041870 -0.054146 0.046530
v -0.042688 -0.060749 0.041613
v -0.042688 -0.054833 0.047251
v -0.042688 -0.060749 0.041613
v -0.042688 -0.054833 0.047251
v -0.043651 -0.061294 0.042186
v -0.043651 -0.055378 0.047823
v -0.043651 -0.061294 0.042186
v -0.043651 -0.055378 0.047823
v -0.044704 -0.061683 0.042593
v -0.044704 -0.055767 0.048230
v -0.044704 -0.061683 0.042593
v -0.044704 -0.055767 0.048230
v -0.045797 -0.061912 0.042833
v -0.045797 -0.055996 0.048470
v -0.045797 -0.061912 0.042833
v -0.045797 -0.055996 0.048470
v -0.046902 -0.061987 0.042912
v -0.046902 -0.056071 0.048549
v -0.046902 -0.061987 0.042912
v -0.046902 -0.056071 0.048549
v -0.048007 -0.061912 0.042833
v -0.048007 -0.055996 0.048470
v -0.048007 -0.061912 0.042833
v -0.048007 -0.055996 0.048470
v -0.049101 -0.061683 0.042593
v -0.049101 -0.055767 0.048230
v -0.049101 -0.061683 0.042593
v -0.049101 -0.055767 0.048230
v -0.050154 -0.061294 0.042186
v -0.050154 -0.055378 0.047823
v -0.050154 -0.061294 0.042186
v -0.050154 -0.055378 0.047823
v -0.051117 -0.060749 0.041613
v -0.051117 -0.054833 0.047251
v -0.051117 -0.060749 0.041613
v -0.051117 -0.054833 0.047251
v -0.051934 -0.060062 0.040892
v -0.051934 -0.054146 0.046530
v -0.051934 -0.060062 0.040892
v -0.051934 -0.054146 0.046530
v -0.052556 -0.059260 0.040050
v -0.052556 -0.053344 0.045687
v -0.052556 -0.059260 0.040050
v -0.052556 -0.053344 0.045687
v -0.052945 -0.058376 0.039123
v -0.052945 -0.052460 0.044760
v -0.052945 -0.058376 0.039123
v -0.052945 -0.052460 0.044760
v -0.053077 -0.057451 0.038152
v -0.053077 -0.051535 0.043789
v -0.053077 -0.057451 0.038152
v -0.053077 -0.051535 0.043789
v -0.052945 -0.056526 0.037181
v -0.052945 -0.050610 0.042818
v -0.052945 -0.056526 0.037181
v -0.052945 -0.050610 0.042818
v -0.052556 -0.055642 0.036253
v -0.052556 -0.049726 0.041891
v -0.052556 -0.055642 0.036253
v -0.052556 -0.049726 0.041891
v -0.051934 -0.054839 0.035411
v -0.051934 -0.048923 0.041048
v -0.051934 -0.054839 0.035411
v -0.051934 -0.048923 0.041048
v -0.051117 -0.054152 0.034690
v -0.051117 -0.048236 0.040327
v -0.051117 -0.054152 0.034690
v -0.051117 -0.048236 0.040327
v -0.050154 -0.053607 0.034118
v -0.050154 -0.047643 0.039804
v -0.050154 -0.053607 0.034118
v -0.050154 -0.047643 0.039804
v -0.049101 -0.053219 0.033711
v -0.049101 -0.046821 0.039837
v -0.049101 -0.053219 0.033711
v -0.049101 -0.046821 0.039837
v -0.048007 -0.052990 0.033470
v -0.048007 -0.046548 0.039641
v -0.040577 -0.064890 0.333544
v -0.041581 -0.063168 0.332064
v -0.043388 -0.061603 0.330365
v -0.044551 -0.059019 0.325914
v -0.044853 -0.058327 0.324234
v -0.044877 -0.060251 0.323662
v -0.039934 -0.067114 0.330954
v -0.042671 -0.064261 0.328889
v -0.044671 -0.060893 0.324268
v -0.039475 -0.068606 0.330661
v -0.039368 -0.068436 0.337041
v -0.051634 -0.067626 0.330700
v -0.048567 -0.068981 0.328669
v -0.048020 -0.068038 0.329122
v -0.044830 -0.067889 0.329220
v -0.042160 -0.067608 0.330663
v -0.042161 -0.068612 0.330031
v -0.044655 -0.068906 0.328848
v -0.039688 -0.068697 0.330816
v -0.040533 -0.066223 0.330479
v -0.042479 -0.066297 0.330130
v -0.051643 -0.068612 0.330031
v -0.053695 -0.067537 0.331130
v -0.054136 -0.068666 0.330734
v -0.054374 -0.068426 0.337258
v -0.040372 -0.064489 0.333871
v -0.049144 -0.058353 0.324238
v -0.049449 -0.058950 0.326297
v -0.053398 -0.064520 0.333860
v -0.044664 -0.058360 0.324239
v -0.044350 -0.058945 0.326314
v -0.043324 -0.061694 0.330301
v -0.039691 -0.064230 0.333596
v -0.050549 -0.061348 0.330556
v -0.039439 -0.068466 0.337227
v -0.054330 -0.068606 0.330661
v -0.053868 -0.067114 0.330955
v -0.051240 -0.064380 0.329011
v -0.049297 -0.060990 0.324563
v -0.053900 -0.064825 0.334120
v -0.051024 -0.061701 0.331135
v -0.049307 -0.058964 0.325847
v -0.048952 -0.058327 0.324234
v -0.048930 -0.060243 0.323664
v -0.054520 -0.068400 0.337267
v -0.053762 -0.067702 0.330895
v -0.051326 -0.066297 0.330130
v -0.053261 -0.066182 0.330493
v -0.049348 -0.063646 0.327690
v -0.050304 -0.063426 0.327941
v -0.048580 -0.060905 0.323978
v -0.049216 -0.060541 0.324377
v -0.048485 -0.059960 0.323788
v -0.047224 -0.061083 0.322557
v -0.046205 -0.061182 0.322677
v -0.045825 -0.063965 0.326214
v -0.044724 -0.067761 0.329316
v -0.048315 -0.067821 0.329120
v -0.050220 -0.066449 0.329401
v -0.049049 -0.064020 0.326834
v -0.042095 -0.067613 0.330613
v -0.044830 -0.067889 0.329220
v -0.042539 -0.066131 0.330041
v -0.045066 -0.066229 0.328525
v -0.046224 -0.061248 0.322726
v -0.045306 -0.060311 0.323490
v -0.046197 -0.060421 0.322815
v -0.044813 -0.063033 0.326885
v -0.045708 -0.060211 0.323689
v -0.048101 -0.060024 0.323670
v -0.044884 -0.060185 0.323632
v -0.044853 -0.058327 0.324234
v -0.048952 -0.058327 0.324234
v -0.048919 -0.060240 0.323662
v -0.048081 -0.060416 0.323514
v -0.045388 -0.059964 0.323809
v -0.044603 -0.061090 0.324270
v -0.044665 -0.063343 0.327388
v -0.043287 -0.063625 0.328173
v -0.040516 -0.066252 0.330462
v -0.042479 -0.066297 0.330130
v -0.048092 -0.059975 0.322891
v -0.048123 -0.059839 0.323578
v -0.046545 -0.060659 0.322749
v -0.045693 -0.060345 0.323180
v -0.045696 -0.059765 0.323520
v -0.048526 -0.060278 0.323539
v -0.048606 -0.060920 0.323945
v -0.046540 -0.060737 0.323522
v -0.049978 -0.066259 0.329619
v -0.051528 -0.066357 0.330092
v -0.049364 -0.063662 0.327674
v -0.048749 -0.063813 0.326944
v 0.032832 -0.052710 0.133672
v 0.017946 -0.038338 0.133422
v 0.037629 -0.058566 0.129351
v 0.048496 -0.058199 0.130862
v 0.062381 -0.061645 0.112720
v 0.073764 -0.063194 0.085869
v 0.078083 -0.062644 0.069759
v 0.077016 -0.062867 0.044522
v 0.065719 -0.062696 0.021902
v 0.055717 -0.062381 0.011504
v 0.040506 -0.062649 0.003177
v -0.017705 -0.060910 0.003572
v 0.020779 -0.061123 0.000506
v 0.001600 -0.057465 0.000064
v -0.035592 -0.057898 0.016440
v -0.043094 -0.052394 0.037169
v -0.046369 -0.052900 0.034319
v -0.041509 -0.056632 0.028799
v -0.042389 -0.052823 0.015223
v -0.046564 -0.055364 0.028337
v -0.050240 -0.053163 0.037440
v -0.052692 -0.059494 0.037540
v 0.080506 -0.058288 0.084095
v 0.038617 -0.047867 0.136612
v 0.038551 -0.053568 0.135063
v 0.031805 -0.043257 0.137689
v 0.049077 -0.052551 0.131753
v 0.063197 -0.054957 0.114164
v -0.025717 -0.057815 -0.006150
v -0.047841 -0.055965 0.012655
v -0.051548 -0.058032 0.029387
v -0.024866 -0.052193 -0.003280
v -0.002960 -0.053533 -0.010163
v 0.040044 -0.056902 -0.006878
v 0.082331 -0.055019 0.031103
v 0.085195 -0.053283 0.045620
v 0.080259 -0.052644 0.072419
v 0.033376 -0.041682 0.136349
v 0.025313 -0.035618 0.131905
v 0.020922 -0.029586 0.128592
v 0.020362 -0.023020 0.114011
v 0.018904 -0.024153 0.107553
v 0.009943 -0.024089 0.107553
v 0.010506 -0.023936 0.111669
v 0.018701 -0.030277 0.118581
v 0.022238 -0.039330 0.121238
v 0.016273 -0.025293 0.111643
v 0.021623 -0.031210 0.123510
v 0.036420 -0.044379 0.130557
v 0.046628 -0.047938 0.128706
v 0.060101 -0.050525 0.112597
v 0.078900 -0.051529 0.083984
v 0.083282 -0.050781 0.064414
v 0.071083 -0.053795 0.015690
v 0.018580 -0.055887 -0.010009
v 0.055594 -0.053714 0.002321
v 0.077930 -0.051257 0.030462
v 0.074856 -0.048986 0.075208
v 0.044486 -0.048467 0.123697
v 0.053583 -0.050643 0.109864
v 0.070462 -0.050542 0.083186
v 0.067618 -0.053936 0.082067
v 0.069736 -0.051091 0.075020
v 0.077532 -0.049694 0.061447
v 0.079237 -0.049488 0.045292
v 0.073468 -0.053025 0.047929
v 0.072625 -0.051902 0.032400
v 0.065928 -0.050278 0.018022
v 0.053499 -0.051489 0.009195
v 0.037213 -0.052638 -0.003306
v 0.038788 -0.053490 0.002451
v 0.000577 -0.050949 -0.005852
v -0.000014 -0.052226 -0.001653
v -0.021996 -0.050970 0.000872
v -0.018467 -0.054936 0.004784
v 0.019355 -0.055199 0.000630
v 0.039440 -0.058132 0.004690
v 0.069562 -0.060155 0.032682
v 0.042360 -0.059836 0.123593
v 0.031758 -0.054856 0.128926
v 0.045520 -0.061211 0.125677
v 0.052796 -0.060542 0.109599
v 0.069486 -0.061799 0.082818
v 0.015372 -0.032833 0.132481
v 0.010338 -0.025545 0.128212
v 0.015310 -0.016397 0.122156
v 0.015148 -0.011955 0.111689
v 0.016986 -0.011836 0.107553
v 0.019782 -0.014276 0.111657
v 0.009696 -0.014008 0.111624
v 0.021430 -0.017342 0.107596
v 0.008349 -0.015604 0.107553
v 0.008035 -0.020415 0.114949
v 0.010472 -0.027516 0.117001
v 0.020677 -0.041975 0.121415
v 0.015057 -0.029436 0.116909
v 0.034509 -0.050651 0.125116
v 0.034660 -0.055209 0.125292
v 0.051328 -0.054831 0.108775
v 0.041250 -0.052037 0.121605
v 0.035220 -0.047194 0.126636
v 0.027594 -0.040227 0.126917
v 0.073782 -0.053228 0.061324
v 0.069716 -0.056071 0.034012
v 0.054154 -0.055782 0.013259
v 0.073359 -0.058684 0.049321
v 0.073850 -0.058340 0.062506
v 0.068781 -0.056955 0.074980
v 0.061018 -0.058146 0.092030
v 0.040890 -0.055286 0.121486
v 0.012179 -0.037571 0.123192
v 0.009882 -0.017891 0.121063
v 0.007748 -0.027701 0.122496
v 0.011856 -0.036542 0.129198
v 0.019874 -0.018479 0.120934
v 0.019600 -0.031910 0.132212
v 0.015158 -0.024983 0.129684
v 0.080960 -0.059569 0.072650
v 0.086368 -0.056679 0.066516
v 0.085470 -0.059023 0.046800
v 0.082410 -0.060268 0.032061
v 0.071504 -0.060299 0.015751
v 0.057506 -0.062500 0.001574
v 0.019623 -0.062443 -0.010874
v -0.002644 -0.059525 -0.011944
v -0.046638 -0.062413 0.011643
v -0.048285 -0.066892 0.031083
v -0.047449 -0.058989 0.043352
v -0.045095 -0.064192 0.041153
v -0.043262 -0.057827 0.042943
v -0.050464 -0.056671 0.041448
v -0.042290 -0.066473 0.031152
v -0.036770 -0.062947 0.015305
v -0.041012 -0.064885 0.012972
v -0.023044 -0.063137 -0.004110
v 0.020464 -0.065149 -0.008541
v 0.041276 -0.064092 -0.007005
v 0.083039 -0.061865 0.065615
v 0.078816 -0.063805 0.033623
v 0.063280 -0.063995 0.011679
v 0.040311 -0.065728 -0.001945
v -0.000262 -0.064061 -0.008729
v 0.001696 -0.062361 -0.002799
v -0.019646 -0.063905 -0.000106
v -0.039397 -0.060851 0.038993
v -0.040659 -0.055018 0.039524
v -0.038698 -0.061937 0.029513
v -0.052148 -0.063038 0.030166
v -0.050112 -0.063164 0.040217
v 0.037221 -0.053884 0.071300
v 0.037464 -0.056634 0.071141
v 0.037457 -0.051441 0.072711
v 0.037185 -0.049449 0.074863
v 0.037439 -0.048721 0.077735
v 0.037194 -0.048844 0.080704
v 0.037185 -0.062584 0.082197
v 0.037439 -0.063313 0.079325
v 0.037194 -0.063189 0.076356
v 0.037164 -0.061744 0.073646
v 0.037448 -0.059355 0.071941
v 0.037164 -0.050289 0.083414
v 0.037448 -0.052678 0.085119
v 0.037464 -0.055399 0.085919
v 0.037221 -0.058150 0.085761
v 0.037457 -0.060593 0.084349
v 0.037407 -0.057402 0.071098
v 0.041422 -0.056465 0.070722
v 0.037413 -0.051728 0.072071
v 0.041422 -0.051712 0.072110
v 0.041422 -0.060269 0.072167
v 0.037411 -0.060075 0.072315
v 0.049101 -0.053868 0.071317
v 0.048882 -0.056630 0.071141
v 0.049134 -0.059459 0.071849
v 0.048892 -0.051438 0.072713
v 0.049136 -0.049453 0.074890
v 0.048908 -0.048720 0.077737
v 0.049132 -0.048862 0.080713
v 0.048906 -0.050410 0.083285
v 0.048892 -0.060595 0.084348
v 0.049101 -0.058165 0.085743
v 0.049134 -0.052574 0.085212
v 0.048882 -0.055403 0.085919
v 0.049136 -0.062580 0.082170
v 0.048908 -0.063313 0.079323
v 0.049132 -0.063171 0.076347
v 0.048906 -0.061624 0.073775
v 0.048936 -0.056571 0.070918
v 0.044925 -0.060717 0.071753
v 0.048948 -0.060109 0.072285
v 0.044925 -0.051534 0.071914
v 0.048937 -0.051857 0.072222
v 0.037399 -0.060111 0.072286
v 0.041422 -0.060473 0.072038
v 0.037421 -0.062549 0.074768
v 0.041517 -0.062717 0.075708
v 0.037404 -0.063393 0.080472
v 0.041493 -0.062682 0.081418
v 0.037373 -0.060296 0.084878
v 0.041422 -0.060536 0.085046
v 0.041729 -0.063355 0.077834
v 0.048973 -0.060272 0.072185
v 0.044925 -0.060269 0.072167
v 0.044911 -0.062625 0.075723
v 0.048943 -0.062819 0.075439
v 0.048917 -0.063465 0.079405
v 0.044554 -0.063423 0.077837
v 0.044856 -0.062678 0.081419
v 0.044925 -0.060474 0.085011
v 0.048999 -0.060529 0.085003
v 0.037413 -0.060305 0.084989
v 0.041422 -0.060321 0.084950
v 0.041453 -0.057474 0.085659
v 0.041436 -0.056041 0.085843
v 0.037407 -0.054631 0.085963
v 0.041422 -0.051765 0.084894
v 0.037411 -0.051959 0.084745
v 0.048937 -0.060176 0.084838
v 0.044925 -0.060269 0.084894
v 0.044909 -0.057479 0.085672
v 0.048936 -0.055462 0.086143
v 0.044894 -0.056058 0.085798
v 0.044925 -0.051550 0.085087
v 0.048948 -0.051924 0.084776
v 0.037399 -0.051922 0.084774
v 0.041422 -0.051560 0.085022
v 0.037421 -0.049485 0.082293
v 0.041422 -0.047951 0.077862
v 0.037404 -0.048641 0.076588
v 0.037373 -0.051738 0.072182
v 0.041422 -0.051665 0.072109
v 0.048973 -0.051762 0.084875
v 0.044925 -0.051667 0.084956
v 0.044925 -0.048462 0.080613
v 0.048943 -0.049214 0.081621
v 0.048917 -0.048569 0.077655
v 0.044926 -0.049256 0.074360
v 0.048889 -0.051836 0.072241
v 0.044925 -0.051765 0.072167
v -0.019763 -0.053884 0.071300
v -0.019520 -0.056634 0.071141
v -0.019528 -0.051441 0.072711
v -0.019799 -0.049449 0.074863
v -0.019545 -0.048721 0.077735
v -0.019790 -0.048844 0.080704
v -0.019799 -0.062584 0.082197
v -0.019545 -0.063313 0.079325
v -0.019790 -0.063189 0.076356
v -0.019820 -0.061744 0.073646
v -0.019536 -0.059355 0.071941
v -0.019820 -0.050289 0.083414
v -0.019536 -0.052678 0.085119
v -0.019520 -0.055399 0.085919
v -0.019763 -0.058150 0.085761
v -0.019528 -0.060593 0.084349
v -0.019578 -0.057402 0.071098
v -0.015562 -0.056465 0.070722
v -0.015562 -0.060269 0.072167
v -0.019573 -0.060075 0.072315
v -0.019572 -0.051728 0.072071
v -0.015562 -0.051712 0.072110
v -0.007883 -0.053868 0.071317
v -0.008102 -0.056630 0.071141
v -0.007850 -0.059459 0.071849
v -0.008093 -0.051438 0.072713
v -0.007849 -0.049453 0.074890
v -0.008076 -0.048720 0.077737
v -0.007852 -0.048862 0.080713
v -0.008078 -0.050410 0.083285
v -0.007850 -0.052574 0.085212
v -0.008093 -0.060595 0.084348
v -0.007883 -0.058165 0.085743
v -0.008102 -0.055403 0.085919
v -0.007849 -0.062580 0.082170
v -0.008076 -0.063313 0.079323
v -0.007852 -0.063171 0.076347
v -0.008078 -0.061624 0.073775
v -0.008049 -0.056571 0.070918
v -0.012059 -0.060717 0.071753
v -0.008036 -0.060109 0.072285
v -0.012059 -0.051534 0.071914
v -0.008048 -0.051857 0.072222
v -0.019585 -0.060111 0.072286
v -0.015562 -0.060473 0.072038
v -0.019563 -0.062549 0.074768
v -0.015468 -0.062717 0.075708
v -0.019581 -0.063393 0.080472
v -0.015491 -0.062682 0.081418
v -0.019612 -0.060296 0.084878
v -0.015562 -0.060536 0.085046
v -0.015255 -0.063355 0.077834
v -0.008012 -0.060272 0.072185
v -0.012059 -0.060269 0.072167
v -0.012074 -0.062625 0.075724
v -0.008041 -0.062819 0.075439
v -0.008068 -0.063465 0.079405
v -0.012430 -0.063423 0.077837
v -0.012128 -0.062678 0.081419
v -0.012059 -0.060474 0.085011
v -0.007986 -0.060529 0.085003
v -0.019572 -0.060305 0.084989
v -0.015562 -0.060321 0.084950
v -0.015531 -0.057474 0.085659
v -0.015548 -0.056041 0.085843
v -0.019577 -0.054631 0.085963
v -0.015562 -0.051765 0.084894
v -0.019573 -0.051959 0.084745
v -0.008048 -0.060176 0.084838
v -0.012059 -0.060269 0.084894
v -0.012075 -0.057479 0.085672
v -0.008049 -0.055462 0.086143
v -0.012090 -0.056058 0.085798
v -0.012059 -0.051550 0.085087
v -0.008036 -0.051924 0.084776
v -0.019585 -0.051922 0.084774
v -0.015562 -0.051560 0.085022
v -0.019563 -0.049485 0.082293
v -0.015562 -0.047951 0.077862
v -0.019581 -0.048641 0.076588
v -0.019612 -0.051738 0.072182
v -0.015562 -0.051665 0.072109
v -0.008012 -0.051762 0.084875
v -0.012059 -0.051667 0.084956
v -0.012059 -0.048462 0.080613
v -0.008041 -0.049214 0.081621
v -0.008068 -0.048569 0.077655
v -0.012058 -0.049256 0.074360
v -0.008095 -0.051836 0.072241
v -0.012059 -0.051765 0.072167
v 0.041735 -0.054374 0.071581
v 0.041735 -0.045177 0.071461
v 0.041735 -0.051757 0.072907
v 0.041735 -0.050015 0.075005
v 0.041735 -0.045412 0.085599
v 0.041735 -0.052981 0.084846
v 0.041735 -0.049182 0.077713
v 0.041735 -0.049460 0.080569
v 0.041735 -0.050814 0.083087
v 0.041735 -0.055200 0.085548
v 0.041735 -0.055899 0.071461
v 0.041735 -0.054634 0.071586
v 0.044612 -0.055899 0.071461
v 0.044612 -0.054634 0.071586
v 0.041735 -0.055899 0.071461
v 0.044612 -0.055899 0.071461
v 0.041735 -0.045177 0.071461
v 0.044612 -0.045177 0.071461
v 0.041735 -0.055899 0.071461
v 0.044612 -0.057189 0.071588
v 0.044612 -0.055899 0.071461
v 0.041735 -0.057189 0.071588
v 0.041735 -0.056515 0.071459
v 0.041735 -0.054021 0.071708
v 0.041508 -0.053764 0.071119
v 0.041475 -0.056743 0.070840
v 0.041480 -0.059629 0.071690
v 0.041483 -0.061988 0.073599
v 0.041188 -0.062822 0.075692
v 0.041735 -0.062573 0.076491
v 0.041735 -0.063360 0.077831
v 0.041735 -0.062852 0.079348
v 0.041735 -0.062018 0.082055
v 0.041735 -0.060276 0.084153
v 0.041735 -0.058013 0.085352
v 0.041735 -0.055518 0.085601
v 0.041735 -0.052981 0.084846
v 0.041735 -0.050814 0.083087
v 0.041735 -0.049460 0.080569
v 0.041735 -0.049182 0.077713
v 0.041735 -0.050015 0.075005
v 0.041501 -0.051119 0.072527
v 0.041412 -0.049265 0.074867
v 0.041525 -0.048270 0.077729
v 0.041519 -0.048766 0.081527
v 0.041482 -0.051131 0.084534
v 0.041478 -0.053811 0.085939
v 0.041184 -0.056088 0.085982
v 0.041735 -0.051757 0.072907
v 0.041184 -0.057440 0.085849
v 0.041475 -0.059631 0.085357
v 0.041480 -0.061972 0.083467
v 0.041277 -0.062898 0.081419
v 0.041735 -0.061219 0.073973
v 0.041735 -0.059052 0.072214
v 0.044612 -0.056515 0.071459
v 0.044612 -0.054021 0.071708
v 0.044612 -0.051757 0.072907
v 0.044612 -0.050015 0.075005
v 0.044612 -0.049182 0.077713
v 0.044612 -0.049460 0.080569
v 0.044612 -0.050814 0.083087
v 0.044935 -0.051181 0.084498
v 0.044846 -0.053789 0.085951
v 0.045094 -0.056073 0.086002
v 0.044612 -0.052981 0.084846
v 0.044612 -0.055518 0.085601
v 0.045164 -0.057440 0.085849
v 0.044872 -0.059631 0.085357
v 0.044612 -0.058013 0.085352
v 0.044612 -0.060276 0.084153
v 0.044867 -0.061972 0.083467
v 0.045071 -0.062898 0.081419
v 0.044612 -0.062018 0.082055
v 0.044612 -0.063360 0.077831
v 0.044612 -0.062852 0.079348
v 0.044612 -0.062573 0.076491
v 0.044897 -0.061464 0.072981
v 0.044612 -0.061219 0.073973
v 0.044612 -0.059052 0.072214
v 0.044857 -0.057479 0.070871
v 0.044875 -0.053787 0.071138
v 0.044869 -0.051143 0.072530
v 0.044865 -0.049206 0.074853
v 0.044828 -0.048171 0.078536
v 0.044823 -0.049166 0.082235
v 0.045160 -0.062822 0.075692
v 0.044612 -0.054374 0.071581
v 0.044612 -0.045177 0.071461
v 0.044612 -0.045412 0.085599
v 0.044612 -0.051757 0.072907
v 0.044612 -0.050015 0.075005
v 0.044612 -0.049182 0.077713
v 0.044612 -0.049460 0.080569
v 0.044612 -0.050814 0.083087
v 0.044612 -0.052981 0.084846
v 0.044612 -0.055200 0.085548
v 0.044612 -0.057189 0.071588
v 0.041735 -0.057189 0.071588
v 0.044612 -0.058463 0.071974
v 0.041735 -0.058463 0.071974
v 0.041735 -0.054634 0.071586
v 0.041735 -0.053418 0.071955
v 0.044612 -0.054634 0.071586
v 0.044612 -0.053418 0.071955
v 0.044612 -0.058463 0.071974
v 0.041735 -0.058463 0.071974
v 0.044612 -0.059666 0.072618
v 0.041735 -0.059666 0.072618
v 0.044612 -0.059666 0.072618
v 0.041735 -0.059666 0.072618
v 0.044612 -0.060741 0.073499
v 0.041735 -0.060741 0.073499
v 0.044612 -0.060741 0.073499
v 0.041735 -0.060741 0.073499
v 0.044612 -0.061633 0.074587
v 0.041735 -0.061633 0.074587
v 0.044612 -0.061633 0.074587
v 0.041735 -0.061633 0.074587
v 0.044612 -0.062302 0.075837
v 0.041735 -0.062302 0.075837
v 0.044612 -0.062302 0.075837
v 0.041735 -0.062302 0.075837
v 0.044612 -0.062715 0.077199
v 0.041735 -0.062715 0.077199
v 0.044612 -0.062715 0.077199
v 0.041735 -0.062715 0.077199
v 0.044612 -0.062854 0.078614
v 0.041735 -0.062854 0.078614
v 0.044612 -0.062854 0.078614
v 0.041735 -0.062854 0.078614
v 0.044612 -0.062715 0.080025
v 0.041735 -0.062715 0.080025
v 0.044612 -0.062715 0.080025
v 0.041735 -0.062715 0.080025
v 0.044612 -0.062307 0.081371
v 0.041735 -0.062307 0.081371
v 0.044612 -0.062307 0.081371
v 0.041735 -0.062307 0.081371
v 0.044612 -0.061652 0.082597
v 0.041735 -0.061652 0.082597
v 0.044612 -0.061652 0.082597
v 0.041735 -0.061652 0.082597
v 0.044612 -0.060786 0.083651
v 0.041735 -0.060786 0.083651
v 0.044612 -0.060786 0.083651
v 0.041735 -0.060786 0.083651
v 0.044612 -0.059758 0.084495
v 0.041735 -0.059758 0.084495
v 0.044612 -0.059758 0.084495
v 0.041735 -0.059758 0.084495
v 0.044612 -0.058616 0.085106
v 0.041735 -0.058615 0.085106
v 0.044612 -0.058616 0.085106
v 0.041735 -0.058615 0.085106
v 0.044612 -0.057399 0.085475
v 0.041735 -0.057399 0.085475
v 0.044612 -0.057399 0.085475
v 0.041735 -0.057399 0.085475
v 0.044612 -0.056134 0.085599
v 0.041735 -0.056134 0.085599
v 0.044612 -0.056134 0.085599
v 0.041735 -0.045412 0.085599
v 0.044612 -0.045412 0.085599
v 0.041735 -0.056134 0.085599
v 0.044612 -0.056134 0.085599
v 0.041735 -0.056134 0.085599
v 0.044612 -0.054844 0.085472
v 0.041735 -0.054844 0.085472
v 0.044612 -0.054844 0.085472
v 0.041735 -0.054844 0.085472
v 0.044612 -0.053571 0.085086
v 0.041735 -0.053571 0.085086
v 0.044612 -0.053571 0.085086
v 0.041735 -0.053571 0.085086
v 0.044612 -0.052367 0.084443
v 0.041735 -0.052367 0.084443
v 0.044612 -0.052367 0.084443
v 0.041735 -0.052367 0.084443
v 0.044612 -0.051293 0.083561
v 0.041735 -0.051293 0.083561
v 0.044612 -0.051293 0.083561
v 0.041735 -0.051293 0.083561
v 0.044612 -0.050400 0.082473
v 0.041735 -0.050400 0.082473
v 0.044612 -0.050400 0.082473
v 0.041735 -0.050400 0.082473
v 0.044612 -0.049732 0.081223
v 0.041735 -0.049732 0.081223
v 0.044612 -0.049732 0.081223
v 0.041735 -0.049732 0.081223
v 0.044612 -0.049319 0.079862
v 0.041735 -0.049319 0.079862
v 0.044612 -0.049319 0.079862
v 0.041735 -0.049319 0.079862
v 0.044612 -0.049179 0.078446
v 0.041735 -0.049179 0.078446
v 0.044612 -0.049179 0.078446
v 0.041735 -0.049179 0.078446
v 0.044612 -0.049318 0.077036
v 0.041735 -0.049318 0.077036
v 0.044612 -0.049318 0.077036
v 0.041735 -0.049318 0.077036
v 0.044612 -0.049727 0.075689
v 0.041735 -0.049727 0.075689
v 0.044612 -0.049727 0.075689
v 0.041735 -0.049727 0.075689
v 0.044612 -0.050382 0.074464
v 0.041735 -0.050382 0.074464
v 0.044612 -0.050382 0.074464
v 0.041735 -0.050382 0.074464
v 0.044612 -0.051247 0.073409
v 0.041735 -0.051247 0.073409
v 0.044612 -0.051247 0.073409
v 0.041735 -0.051247 0.073409
v 0.044612 -0.052276 0.072565
v 0.041735 -0.052276 0.072565
v 0.044612 -0.052276 0.072565
v 0.041735 -0.052276 0.072565
v 0.044612 -0.053418 0.071955
v 0.041735 -0.053418 0.071955
v -0.015249 -0.054374 0.071581
v -0.015249 -0.045177 0.071461
v -0.015249 -0.051757 0.072907
v -0.015249 -0.050015 0.075005
v -0.015249 -0.045412 0.085599
v -0.015249 -0.049182 0.077713
v -0.015249 -0.049460 0.080569
v -0.015249 -0.050814 0.083087
v -0.015249 -0.052981 0.084846
v -0.015249 -0.055200 0.085548
v -0.015249 -0.055899 0.071461
v -0.012372 -0.057189 0.071588
v -0.012372 -0.055899 0.071461
v -0.015249 -0.057189 0.071588
v -0.015249 -0.055899 0.071461
v -0.015249 -0.054634 0.071586
v -0.012372 -0.055899 0.071461
v -0.012372 -0.054634 0.071586
v -0.015249 -0.055899 0.071461
v -0.012372 -0.055899 0.071461
v -0.015249 -0.045177 0.071461
v -0.012372 -0.045177 0.071461
v -0.015249 -0.056515 0.071459
v -0.015249 -0.054021 0.071708
v -0.015477 -0.053764 0.071119
v -0.015510 -0.056743 0.070840
v -0.015504 -0.059629 0.071690
v -0.015501 -0.061988 0.073599
v -0.015797 -0.062822 0.075692
v -0.015249 -0.062573 0.076491
v -0.015249 -0.063360 0.077831
v -0.015249 -0.062852 0.079348
v -0.015249 -0.062018 0.082055
v -0.015708 -0.062898 0.081419
v -0.015504 -0.061972 0.083467
v -0.015510 -0.059631 0.085357
v -0.015801 -0.057440 0.085849
v -0.015249 -0.058013 0.085352
v -0.015249 -0.055518 0.085601
v -0.015506 -0.053811 0.085939
v -0.015800 -0.056088 0.085982
v -0.015502 -0.051131 0.084534
v -0.015466 -0.048766 0.081527
v -0.015460 -0.048270 0.077729
v -0.015572 -0.049265 0.074867
v -0.015483 -0.051119 0.072527
v -0.015249 -0.051757 0.072907
v -0.015249 -0.050015 0.075005
v -0.015249 -0.049182 0.077713
v -0.015249 -0.049460 0.080569
v -0.015249 -0.050814 0.083087
v -0.015249 -0.052981 0.084846
v -0.015249 -0.060276 0.084153
v -0.015249 -0.061219 0.073973
v -0.015249 -0.059052 0.072214
v -0.012372 -0.056515 0.071459
v -0.012372 -0.054021 0.071708
v -0.012372 -0.051757 0.072907
v -0.012372 -0.050015 0.075005
v -0.012372 -0.049182 0.077713
v -0.012372 -0.049460 0.080569
v -0.012372 -0.050814 0.083087
v -0.012372 -0.052981 0.084846
v -0.012049 -0.051181 0.084498
v -0.012138 -0.053789 0.085951
v -0.011890 -0.056073 0.086002
v -0.012372 -0.055518 0.085601
v -0.012372 -0.058013 0.085352
v -0.012372 -0.060276 0.084153
v -0.012117 -0.061972 0.083467
v -0.011914 -0.062898 0.081419
v -0.012372 -0.062018 0.082055
v -0.012372 -0.063360 0.077831
v -0.012372 -0.062852 0.079348
v -0.011825 -0.062822 0.075692
v -0.012372 -0.062573 0.076491
v -0.012372 -0.061219 0.073973
v -0.012372 -0.059052 0.072214
v -0.012128 -0.057479 0.070871
v -0.012109 -0.053787 0.071138
v -0.012115 -0.051143 0.072530
v -0.012119 -0.049206 0.074853
v -0.012156 -0.048171 0.078536
v -0.012162 -0.049166 0.082235
v -0.012088 -0.061464 0.072981
v -0.012112 -0.059631 0.085357
v -0.011821 -0.057440 0.085849
v -0.012372 -0.054374 0.071581
v -0.012372 -0.045177 0.071461
v -0.012372 -0.045412 0.085599
v -0.012372 -0.051757 0.072907
v -0.012372 -0.050015 0.075005
v -0.012372 -0.049182 0.077713
v -0.012372 -0.049460 0.080569
v -0.012372 -0.050814 0.083087
v -0.012372 -0.052981 0.084846
v -0.012372 -0.055200 0.085548
v -0.012372 -0.057189 0.071588
v -0.015249 -0.057189 0.071588
v -0.012372 -0.058463 0.071974
v -0.015249 -0.058463 0.071974
v -0.015249 -0.054634 0.071586
v -0.015249 -0.053418 0.071955
v -0.012372 -0.054634 0.071586
v -0.012372 -0.053418 0.071955
v -0.012372 -0.058463 0.071974
v -0.015249 -0.058463 0.071974
v -0.012372 -0.059666 0.072618
v -0.015249 -0.059666 0.072618
v -0.012372 -0.059666 0.072618
v -0.015249 -0.059666 0.072618
v -0.012372 -0.060741 0.073499
v -0.015249 -0.060741 0.073499
v -0.012372 -0.060741 0.073499
v -0.015249 -0.060741 0.073499
v -0.012372 -0.061633 0.074587
v -0.015249 -0.061633 0.074587
v -0.012372 -0.061633 0.074587
v -0.015249 -0.061633 0.074587
v -0.012372 -0.062302 0.075837
v -0.015249 -0.062302 0.075837
v -0.012372 -0.062302 0.075837
v -0.015249 -0.062302 0.075837
v -0.012372 -0.062715 0.077199
v -0.015249 -0.062715 0.077199
v -0.012372 -0.062715 0.077199
v -0.015249 -0.062715 0.077199
v -0.012372 -0.062854 0.078614
v -0.015249 -0.062854 0.078614
v -0.012372 -0.062854 0.078614
v -0.015249 -0.062854 0.078614
v -0.012372 -0.062715 0.080025
v -0.015249 -0.062715 0.080025
v -0.012372 -0.062715 0.080025
v -0.015249 -0.062715 0.080025
v -0.012372 -0.062307 0.081371
v -0.015249 -0.062307 0.081371
v -0.012372 -0.062307 0.081371
v -0.015249 -0.062307 0.081371
v -0.012372 -0.061652 0.082597
v -0.015249 -0.061652 0.082597
v -0.012372 -0.061652 0.082597
v -0.015249 -0.061652 0.082597
v -0.012372 -0.060786 0.083651
v -0.015249 -0.060786 0.083651
v -0.012372 -0.060786 0.083651
v -0.015249 -0.060786 0.083651
v -0.012372 -0.059758 0.084495
v -0.015249 -0.059758 0.084495
v -0.012372 -0.059758 0.084495
v -0.015249 -0.059758 0.084495
v -0.012372 -0.058615 0.085106
v -0.015249 -0.058615 0.085106
v -0.012372 -0.058615 0.085106
v -0.015249 -0.058615 0.085106
v -0.012372 -0.057399 0.085475
v -0.015249 -0.057399 0.085475
v -0.012372 -0.057399 0.085475
v -0.015249 -0.057399 0.085475
v -0.012372 -0.056134 0.085599
v -0.015249 -0.056134 0.085599
v -0.012372 -0.056134 0.085599
v -0.015249 -0.056134 0.085599
v -0.012372 -0.054844 0.085472
v -0.015249 -0.054844 0.085472
v -0.012372 -0.056134 0.085599
v -0.015249 -0.045412 0.085599
v -0.012372 -0.045412 0.085599
v -0.015249 -0.056134 0.085599
v -0.012372 -0.054844 0.085472
v -0.015249 -0.054844 0.085472
v -0.012372 -0.053571 0.085086
v -0.015249 -0.053571 0.085086
v -0.015249 -0.053571 0.085086
v -0.012372 -0.052367 0.084443
v -0.012372 -0.053571 0.085086
v -0.015249 -0.052367 0.084443
v -0.012372 -0.052367 0.084443
v -0.015249 -0.052367 0.084443
v -0.012372 -0.051293 0.083561
v -0.015249 -0.051293 0.083561
v -0.012372 -0.051293 0.083561
v -0.015249 -0.051293 0.083561
v -0.012372 -0.050400 0.082473
v -0.015249 -0.050400 0.082473
v -0.015249 -0.050400 0.082473
v -0.012372 -0.049732 0.081223
v -0.012372 -0.050400 0.082473
v -0.015249 -0.049732 0.081223
v -0.012372 -0.049732 0.081223
v -0.015249 -0.049732 0.081223
v -0.012372 -0.049319 0.079862
v -0.015249 -0.049319 0.079862
v -0.015249 -0.049319 0.079862
v -0.012372 -0.049179 0.078446
v -0.012372 -0.049319 0.079862
v -0.015249 -0.049179 0.078446
v -0.012372 -0.049179 0.078446
v -0.015249 -0.049179 0.078446
v -0.012372 -0.049318 0.077036
v -0.015249 -0.049318 0.077036
v -0.015249 -0.049318 0.077036
v -0.012372 -0.049727 0.075689
v -0.012372 -0.049318 0.077036
v -0.015249 -0.049727 0.075689
v -0.012372 -0.049727 0.075689
v -0.015249 -0.049727 0.075689
v -0.012372 -0.050382 0.074464
v -0.015249 -0.050382 0.074464
v -0.012372 -0.050382 0.074464
v -0.015249 -0.050382 0.074464
v -0.012372 -0.051247 0.073409
v -0.015249 -0.051247 0.073409
v -0.015249 -0.051247 0.073409
v -0.012372 -0.052276 0.072565
v -0.012372 -0.051247 0.073409
v -0.015249 -0.052276 0.072565
v -0.012372 -0.052276 0.072565
v -0.015249 -0.052276 0.072565
v -0.012372 -0.053418 0.071955
v -0.015249 -0.053418 0.071955
v -0.055649 -0.069191 0.327056
v -0.052462 -0.069192 0.327011
v -0.049279 -0.069349 0.326214
v -0.045337 -0.069358 0.326092
v -0.041342 -0.069192 0.327011
v -0.038155 -0.069191 0.327056
v -0.038587 -0.069649 0.323084
v -0.055218 -0.069637 0.323085
v 0.022074 0.031443 0.021421
v 0.014681 0.031443 0.020693
v 0.030482 0.039398 0.028232
v 0.029182 0.031443 0.023577
v 0.038556 0.031428 0.028958
v 0.040919 0.039391 0.036607
v 0.048188 0.031441 0.040506
v 0.047362 0.039387 0.048403
v 0.052579 0.031440 0.054951
v 0.047937 0.039664 0.068476
v 0.050996 0.031431 0.069955
v 0.046188 0.031443 0.079638
v 0.036455 0.039390 0.084994
v 0.026279 0.044440 0.085489
v 0.021606 0.039504 0.092292
v 0.010322 0.045408 0.086113
v 0.005030 0.039401 0.091414
v -0.003538 0.044490 0.081853
v -0.006791 0.039396 0.085235
v -0.005345 0.046822 0.069610
v -0.000396 0.048368 0.063210
v 0.002558 0.048354 0.068666
v 0.007352 0.048329 0.072537
v 0.011619 0.048372 0.073980
v 0.014681 0.048372 0.074281
v 0.017744 0.048372 0.073980
v 0.022012 0.048331 0.072537
v 0.034429 0.045212 0.078750
v 0.026805 0.048356 0.068665
v 0.029759 0.048369 0.063209
v 0.030376 0.048372 0.057024
v 0.043464 0.044981 0.060911
v 0.028553 0.048364 0.051083
v 0.024592 0.048344 0.046322
v 0.037533 0.045265 0.042270
v 0.019173 0.048315 0.043473
v 0.027464 0.044809 0.032401
v 0.014682 0.044962 0.030284
v 0.014727 0.039828 0.024442
v 0.014681 0.048372 0.042890
v -0.014695 0.044481 0.061969
v -0.001013 0.048372 0.057024
v -0.011538 0.045255 0.048467
v 0.000810 0.048365 0.051083
v 0.000808 0.044963 0.033224
v 0.004770 0.048345 0.046323
v 0.010189 0.048316 0.043473
v 0.014681 0.048372 0.042890
v 0.014682 0.044762 0.030016
v 0.014628 0.039278 0.024016
v 0.014681 0.031443 0.020693
v 0.007289 0.031443 0.021421
v 0.000180 0.031443 0.023577
v -0.001474 0.039391 0.028415
v -0.009109 0.031419 0.028910
v -0.011780 0.039386 0.036873
v -0.018778 0.031438 0.040432
v -0.018094 0.039386 0.048708
v -0.023215 0.031443 0.054870
v -0.021674 0.031440 0.069887
v -0.016825 0.031443 0.079638
v -0.018407 0.039662 0.069041
v -0.012113 0.031443 0.085380
v -0.006371 0.031443 0.090092
v 0.000180 0.031443 0.093594
v 0.007289 0.031443 0.095750
v 0.014681 0.031443 0.096478
v 0.022074 0.031443 0.095750
v 0.029182 0.031443 0.093594
v 0.035734 0.031443 0.090092
v 0.041476 0.031443 0.085380
v 0.022683 0.012898 0.018359
v 0.022683 0.012898 0.098812
v 0.014681 0.012898 0.017571
v 0.030377 0.012898 0.096478
v 0.030377 0.012898 0.020693
v 0.037468 0.012898 0.024483
v 0.037468 0.012898 0.092688
v 0.043683 0.012898 0.087588
v 0.043683 0.012898 0.029584
v 0.048784 0.012898 0.035799
v 0.048784 0.012898 0.081372
v 0.052574 0.012898 0.042890
v 0.052574 0.012898 0.074281
v 0.054908 0.012898 0.066587
v 0.054908 0.012898 0.050584
v 0.055696 0.012898 0.058586
v 0.014681 0.012898 0.099601
v 0.006680 0.012898 0.018359
v 0.006680 0.012898 0.098812
v -0.001014 0.012898 0.020693
v -0.001014 0.012898 0.096478
v -0.008105 0.012898 0.024483
v -0.008105 0.012898 0.092688
v -0.014320 0.012898 0.029584
v -0.019421 0.012898 0.035799
v -0.014320 0.012898 0.087588
v -0.019421 0.012898 0.081372
v -0.023211 0.012898 0.074281
v -0.023211 0.012898 0.042890
v -0.025545 0.012898 0.050584
v -0.026333 0.012898 0.058586
v -0.025545 0.012898 0.066587
v 0.014681 0.006450 0.017031
v 0.006575 0.006450 0.017829
v 0.014681 0.006450 0.100140
v 0.022788 0.006450 0.099342
v 0.022788 0.006450 0.017829
v 0.030584 0.006450 0.096977
v 0.030584 0.006450 0.020194
v 0.037768 0.006450 0.093137
v 0.037768 0.006450 0.024034
v 0.044065 0.006450 0.087969
v 0.044065 0.006450 0.029202
v 0.049233 0.006450 0.035499
v 0.049233 0.006450 0.081672
v 0.053073 0.006450 0.074488
v 0.053073 0.006450 0.042683
v 0.055438 0.006450 0.066693
v 0.055438 0.006450 0.050479
v 0.056236 0.006450 0.058586
v 0.006574 0.006450 0.099342
v -0.001221 0.006450 0.020194
v -0.001221 0.006450 0.096977
v -0.008405 0.006450 0.024034
v -0.008405 0.006450 0.093137
v -0.014702 0.006450 0.029202
v -0.014702 0.006450 0.087969
v -0.019870 0.006450 0.035499
v -0.019870 0.006450 0.081672
v -0.023710 0.006450 0.042683
v -0.023710 0.006450 0.074488
v -0.026075 0.006450 0.050479
v -0.026075 0.006450 0.066693
v -0.026873 0.006450 0.058586
v 0.012834 -0.011150 0.089328
v 0.014681 -0.011003 0.089333
v 0.014667 -0.011661 0.108279
v 0.016383 -0.011824 0.108284
v 0.018051 -0.012281 0.108311
v 0.018305 -0.011678 0.089328
v 0.018023 -0.012295 0.108300
v 0.019531 -0.013127 0.108283
v 0.020874 -0.014225 0.108278
v 0.021410 -0.013687 0.089330
v 0.012966 -0.011853 0.108263
v 0.014687 -0.011570 0.108341
v 0.011342 -0.012320 0.108284
v 0.012963 -0.011725 0.108351
v 0.009445 -0.012592 0.089333
v 0.009848 -0.013203 0.108228
v 0.008016 -0.013764 0.089333
v 0.008548 -0.014303 0.108212
v 0.009770 -0.013032 0.108360
v 0.013754 -0.011004 0.089333
v 0.016520 -0.011184 0.089333
v 0.010220 -0.012075 0.089333
v 0.019143 -0.012075 0.089333
v 0.007363 -0.014418 0.089333
v 0.022000 -0.014418 0.089333
v 0.005619 -0.017678 0.089333
v 0.023744 -0.017678 0.089333
v 0.005256 -0.021358 0.089333
v 0.024107 -0.021358 0.089333
v 0.006330 -0.024896 0.089333
v 0.023032 -0.024896 0.089333
v 0.008676 -0.027753 0.089333
v 0.020687 -0.027753 0.089333
v 0.011934 -0.029493 0.089333
v 0.017429 -0.029493 0.089333
v 0.014681 -0.029855 0.089333
v 0.008016 -0.013764 0.089333
v 0.006844 -0.015192 0.089333
v 0.007486 -0.015632 0.108200
v 0.008425 -0.014131 0.108361
v 0.005934 -0.016807 0.089333
v 0.007321 -0.015472 0.108360
v 0.006700 -0.017138 0.108191
v 0.006109 -0.018700 0.108275
v 0.006498 -0.017005 0.108359
v 0.006060 -0.020454 0.108184
v 0.005255 -0.020429 0.089333
v 0.005437 -0.022268 0.089333
v 0.006230 -0.022140 0.108185
v 0.005815 -0.020403 0.108357
v 0.005973 -0.024036 0.089333
v 0.005981 -0.022138 0.108355
v 0.006723 -0.023762 0.108187
v 0.006844 -0.025666 0.089333
v 0.007520 -0.025257 0.108192
v 0.006484 -0.023806 0.108353
v 0.008016 -0.027094 0.089333
v 0.008591 -0.026569 0.108197
v 0.007305 -0.025343 0.108349
v 0.008016 -0.027094 0.089333
v 0.009445 -0.028267 0.089333
v 0.009896 -0.027650 0.108205
v 0.008412 -0.026687 0.108343
v 0.011057 -0.029180 0.089338
v 0.011386 -0.028458 0.108215
v 0.009760 -0.027785 0.108334
v 0.012980 -0.028998 0.108256
v 0.011296 -0.028592 0.108322
v 0.014698 -0.029149 0.108242
v 0.014688 -0.030010 0.089346
v 0.016383 -0.028998 0.108256
v 0.014673 -0.029229 0.108295
v 0.018021 -0.028501 0.108257
v 0.019565 -0.027724 0.108287
v 0.019918 -0.028267 0.089333
v 0.021347 -0.027094 0.089333
v 0.020904 -0.026638 0.108298
v 0.019524 -0.027710 0.108259
v 0.021347 -0.027094 0.089333
v 0.022551 -0.025687 0.089334
v 0.020841 -0.026616 0.108251
v 0.022003 -0.025306 0.108305
v 0.021921 -0.025289 0.108246
v 0.022755 -0.023767 0.108267
v 0.023926 -0.022268 0.089333
v 0.023317 -0.022125 0.108312
v 0.024319 -0.020426 0.089324
v 0.023481 -0.020403 0.108312
v 0.023220 -0.022141 0.108241
v 0.023254 -0.018699 0.108275
v 0.023390 -0.020437 0.108242
v 0.022755 -0.017054 0.108278
v 0.022519 -0.015192 0.089333
v 0.021979 -0.015512 0.108310
v 0.021347 -0.013764 0.089333
v 0.021948 -0.015566 0.108264
v 0.020881 -0.014183 0.108308
v 0.005783 0.045906 0.060255
v 0.005415 0.045906 0.056563
v 0.006385 0.045906 0.058325
v 0.004060 0.045905 0.061147
v 0.003580 0.045906 0.056024
v 0.002224 0.045905 0.060608
v 0.001857 0.045905 0.056916
v 0.001254 0.045905 0.058846
v 0.004114 0.054636 0.060779
v 0.005359 0.045900 0.060831
v 0.002355 0.045901 0.060745
v 0.002636 0.054544 0.060409
v 0.005104 0.054699 0.060491
v 0.030725 0.048370 0.059853
v 0.030725 0.046253 0.057318
v 0.024176 0.048363 0.045090
v 0.023913 0.046240 0.045236
v 0.024176 0.046260 0.072082
v 0.023913 0.048383 0.071935
v 0.006468 0.053614 0.058769
v 0.005136 0.054672 0.060495
v 0.005620 0.054494 0.059632
v 0.005826 0.054504 0.057967
v 0.005697 0.045886 0.056245
v 0.005043 0.054559 0.056756
v 0.005342 0.045907 0.060750
v 0.005187 0.048380 0.072082
v 0.005450 0.046263 0.071935
v -0.001362 0.048374 0.057318
v -0.001362 0.046249 0.059853
v 0.005187 0.046243 0.045090
v 0.005450 0.048360 0.045236
v 0.005285 0.045910 0.056426
v 0.004993 0.054547 0.056803
v 0.003857 0.054525 0.056430
v 0.002281 0.045911 0.056340
v 0.002555 0.054614 0.056721
v 0.017777 0.046658 0.043212
v 0.014681 0.046251 0.042890
v 0.011619 0.046251 0.043192
v 0.008675 0.046251 0.044085
v 0.004765 0.046235 0.046324
v 0.000808 0.046247 0.051085
v -0.001013 0.046252 0.060147
v -0.000758 0.046654 0.055528
v 0.000808 0.046247 0.066085
v 0.004764 0.046235 0.070844
v 0.008675 0.046251 0.073087
v 0.011619 0.046251 0.073980
v 0.014681 0.046251 0.074281
v 0.017744 0.046251 0.073980
v 0.020688 0.046251 0.073087
v 0.013345 0.047630 0.063651
v 0.024598 0.046234 0.070844
v 0.028555 0.046246 0.066085
v 0.030376 0.046252 0.057024
v 0.030122 0.046653 0.061721
v 0.028555 0.046247 0.051086
v 0.024598 0.046236 0.046324
v 0.020688 0.046251 0.044085
v 0.011997 0.046257 0.042961
v 0.017366 0.048377 0.042961
v 0.023817 0.046278 0.045119
v 0.023402 0.048372 0.045535
v 0.005961 0.046251 0.045535
v 0.005546 0.048398 0.045119
v 0.001632 0.054576 0.058043
v 0.002572 0.054574 0.056743
v 0.002297 0.045904 0.056422
v 0.002742 0.054298 0.060163
v 0.002308 0.053692 0.060748
v 0.001942 0.045925 0.060926
v 0.023817 0.048345 0.072052
v 0.023402 0.046251 0.071636
v 0.017366 0.046246 0.074210
v 0.011996 0.048366 0.074210
v 0.005546 0.046225 0.072052
v 0.005961 0.048372 0.071636
v 0.003820 0.055110 0.058571
v 0.003819 0.054266 0.056537
v 0.005490 0.054623 0.057216
v 0.005908 0.054503 0.058801
v 0.004983 0.054579 0.060411
v 0.003274 0.054390 0.060554
v 0.002170 0.054639 0.059946
v 0.001732 0.054502 0.058802
v 0.002148 0.054645 0.057201
v 0.045617 -0.049270 0.017668
v 0.045622 -0.044198 0.018178
v 0.045608 -0.039663 0.020572
v 0.045593 -0.036331 0.024573
v 0.045585 -0.034784 0.029581
v 0.045584 -0.035293 0.034806
v 0.045589 -0.037781 0.039426
v 0.045600 -0.041845 0.042717
v 0.045617 -0.046804 0.044184
v 0.045622 -0.051876 0.043675
v 0.045608 -0.056411 0.041280
v 0.045593 -0.059743 0.037280
v 0.046309 -0.061822 0.038393
v 0.046307 -0.063654 0.032504
v 0.045585 -0.061289 0.032272
v 0.045584 -0.060780 0.027047
v 0.045589 -0.058292 0.022426
v 0.046307 -0.060127 0.020928
v 0.046312 -0.055333 0.017064
v 0.045600 -0.054229 0.019135
v 0.046328 -0.049487 0.015353
v 0.046335 -0.043530 0.015956
v 0.046320 -0.038191 0.018760
v 0.046309 -0.034252 0.023460
v 0.046307 -0.032420 0.029349
v 0.046307 -0.033015 0.035493
v 0.046307 -0.035947 0.040924
v 0.046312 -0.040741 0.044789
v 0.046328 -0.046586 0.046499
v 0.046335 -0.052543 0.045896
v 0.046320 -0.057883 0.043093
v 0.046307 -0.063058 0.026360
v 0.046421 -0.051313 0.015560
v 0.057937 -0.048946 0.015084
v 0.057937 -0.056663 0.018016
v 0.046421 -0.056663 0.018016
v 0.046421 -0.038942 0.017503
v 0.057937 -0.039303 0.017902
v 0.058742 -0.049270 0.017668
v 0.058736 -0.044198 0.018178
v 0.058750 -0.039663 0.020572
v 0.058030 -0.040737 0.017094
v 0.058023 -0.046470 0.015371
v 0.058039 -0.052477 0.015918
v 0.058049 -0.057916 0.018753
v 0.058051 -0.061861 0.023493
v 0.058052 -0.063662 0.029397
v 0.058051 -0.063033 0.035537
v 0.058046 -0.060082 0.040942
v 0.058030 -0.055337 0.044758
v 0.058023 -0.049603 0.046481
v 0.058039 -0.043596 0.045935
v 0.058049 -0.038158 0.043100
v 0.058051 -0.034212 0.038359
v 0.058051 -0.032411 0.032455
v 0.058051 -0.033041 0.026316
v 0.058046 -0.035992 0.020911
v 0.058764 -0.036331 0.024573
v 0.058773 -0.034784 0.029581
v 0.058774 -0.035293 0.034806
v 0.058770 -0.037781 0.039426
v 0.058759 -0.041845 0.042717
v 0.058742 -0.046804 0.044184
v 0.058736 -0.051876 0.043675
v 0.058750 -0.056411 0.041280
v 0.058764 -0.059743 0.037280
v 0.058773 -0.061289 0.032272
v 0.058774 -0.060780 0.027047
v 0.058770 -0.058293 0.022427
v 0.058759 -0.054229 0.019135
v 0.046421 -0.056862 0.017890
v 0.057937 -0.057079 0.017755
v 0.046421 -0.063364 0.026700
v 0.057937 -0.063815 0.028967
v 0.046421 -0.061696 0.039045
v 0.057937 -0.061873 0.038125
v 0.057937 -0.056866 0.043954
v 0.046421 -0.056663 0.043836
v 0.046421 -0.057132 0.044350
v 0.057937 -0.056770 0.043951
v 0.057937 -0.047128 0.046768
v 0.046421 -0.044760 0.046292
v 0.057937 -0.039411 0.043836
v 0.046421 -0.039411 0.043836
v 0.046421 -0.039212 0.043963
v 0.057937 -0.038995 0.044098
v 0.046421 -0.032709 0.035153
v 0.057937 -0.032259 0.032886
v 0.046421 -0.034378 0.022807
v 0.057937 -0.034201 0.023728
v 0.057937 -0.039208 0.017899
v 0.046421 -0.039411 0.018016
v -0.017058 -0.051313 0.015560
v -0.028575 -0.048946 0.015084
v -0.028575 -0.056663 0.018016
v -0.017058 -0.056663 0.018016
v -0.017058 -0.038942 0.017503
v -0.028575 -0.039303 0.017902
v -0.016972 -0.046470 0.015371
v -0.016957 -0.052477 0.015918
v -0.016259 -0.044198 0.018178
v -0.016965 -0.040737 0.017094
v -0.016246 -0.039663 0.020572
v -0.016231 -0.036331 0.024573
v -0.016949 -0.035992 0.020911
v -0.016223 -0.034784 0.029581
v -0.016944 -0.033041 0.026316
v -0.016221 -0.035293 0.034806
v -0.016944 -0.032411 0.032455
v -0.016944 -0.034212 0.038359
v -0.016225 -0.037781 0.039426
v -0.016236 -0.041845 0.042717
v -0.016946 -0.038158 0.043100
v -0.016957 -0.043596 0.045935
v -0.016253 -0.046804 0.044184
v -0.016259 -0.051876 0.043675
v -0.016972 -0.049603 0.046481
v -0.016965 -0.055337 0.044758
v -0.016949 -0.060082 0.040942
v -0.016231 -0.059743 0.037280
v -0.016223 -0.061289 0.032272
v -0.016944 -0.063033 0.035537
v -0.016944 -0.063662 0.029397
v -0.016221 -0.060780 0.027047
v -0.016225 -0.058293 0.022427
v -0.016944 -0.061861 0.023493
v -0.016946 -0.057916 0.018753
v -0.016253 -0.049270 0.017668
v -0.016236 -0.054229 0.019135
v -0.016246 -0.056411 0.041280
v -0.029379 -0.049270 0.017668
v -0.029374 -0.044198 0.018178
v -0.028676 -0.038191 0.018760
v -0.029388 -0.039663 0.020572
v -0.029402 -0.036331 0.024573
v -0.029410 -0.034784 0.029581
v -0.028688 -0.032420 0.029349
v -0.029411 -0.035293 0.034806
v -0.029407 -0.037781 0.039426
v -0.029395 -0.041845 0.042717
v -0.028683 -0.040741 0.044789
v -0.028667 -0.046586 0.046499
v -0.029379 -0.046804 0.044184
v -0.028660 -0.052543 0.045896
v -0.028676 -0.057883 0.043093
v -0.028686 -0.061822 0.038393
v -0.029402 -0.059743 0.037280
v -0.028688 -0.063653 0.032504
v -0.029410 -0.061289 0.032272
v -0.028689 -0.063058 0.026360
v -0.029411 -0.060780 0.027047
v -0.029407 -0.058292 0.022426
v -0.029395 -0.054229 0.019135
v -0.028667 -0.049487 0.015353
v -0.028660 -0.043530 0.015956
v -0.028683 -0.055333 0.017064
v -0.028688 -0.060127 0.020928
v -0.029388 -0.056411 0.041280
v -0.029374 -0.051876 0.043675
v -0.028688 -0.035947 0.040924
v -0.028689 -0.033015 0.035493
v -0.028686 -0.034252 0.023460
v -0.017058 -0.056862 0.017890
v -0.028575 -0.057079 0.017755
v -0.017058 -0.063364 0.026700
v -0.028575 -0.063815 0.028967
v -0.017058 -0.061696 0.039045
v -0.028575 -0.061873 0.038125
v -0.028575 -0.056866 0.043954
v -0.017058 -0.056663 0.043836
v -0.017058 -0.057132 0.044350
v -0.028575 -0.056770 0.043951
v -0.028575 -0.047128 0.046768
v -0.017058 -0.044760 0.046292
v -0.028575 -0.039411 0.043836
v -0.017058 -0.039411 0.043836
v -0.017058 -0.039212 0.043963
v -0.028575 -0.038995 0.044098
v -0.017058 -0.032709 0.035153
v -0.028575 -0.032259 0.032886
v -0.017058 -0.034378 0.022807
v -0.028575 -0.034201 0.023728
v -0.028575 -0.039208 0.017899
v -0.017058 -0.039411 0.018016
v 0.012178 -0.012136 0.108186
v 0.015527 -0.011807 0.108184
v 0.009204 -0.013724 0.108185
v 0.018749 -0.012784 0.108184
v 0.021359 -0.014924 0.108184
v 0.007059 -0.016336 0.108185
v 0.006076 -0.019578 0.108185
v 0.022955 -0.017908 0.108185
v 0.006408 -0.022951 0.108185
v 0.023287 -0.021281 0.108185
v 0.008004 -0.025935 0.108185
v 0.022303 -0.024522 0.108185
v 0.010614 -0.028075 0.108185
v 0.020158 -0.027134 0.108184
v 0.013836 -0.029052 0.108185
v 0.017185 -0.028722 0.108184
v 0.023563 0.002588 0.013933
v 0.014681 0.002588 0.013059
v 0.023282 0.001583 0.014626
v 0.031579 0.001583 0.017144
v 0.032104 0.002588 0.016524
v 0.039264 0.001583 0.021251
v 0.039975 0.002588 0.020731
v 0.046031 0.001583 0.026805
v 0.046874 0.002588 0.026393
v 0.051604 0.001583 0.033596
v 0.052536 0.002588 0.033292
v 0.055756 0.001583 0.041362
v 0.056743 0.002588 0.041163
v 0.058316 0.001583 0.049802
v 0.059334 0.002588 0.049704
v 0.059181 0.001583 0.058586
v 0.060208 0.002588 0.058586
v 0.058316 0.001583 0.067369
v 0.059334 0.002588 0.067468
v 0.055756 0.001583 0.075809
v 0.056743 0.002588 0.076008
v 0.051604 0.001583 0.083576
v 0.052536 0.002588 0.083879
v 0.046031 0.001583 0.090367
v 0.046874 0.002588 0.090778
v 0.039264 0.001583 0.095920
v 0.039975 0.002588 0.096440
v 0.031579 0.001583 0.100028
v 0.032104 0.002588 0.100647
v 0.023282 0.001583 0.102545
v 0.023563 0.002588 0.103238
v 0.014681 0.001583 0.103392
v 0.014681 0.002588 0.104113
v 0.006081 0.001583 0.102545
v 0.005800 0.002588 0.103238
v -0.002216 0.001583 0.100028
v -0.002741 0.002588 0.100647
v -0.009901 0.001583 0.095920
v -0.010612 0.002588 0.096440
v -0.016668 0.001583 0.090367
v -0.017511 0.002588 0.090778
v -0.022241 0.001583 0.083576
v -0.023173 0.002588 0.083879
v -0.026393 0.001583 0.075809
v -0.027380 0.002588 0.076008
v -0.028953 0.001583 0.067369
v -0.029971 0.002588 0.067467
v -0.029818 0.001583 0.058586
v -0.030846 0.002588 0.058586
v -0.028953 0.001583 0.049802
v -0.029971 0.002588 0.049704
v -0.026393 0.001583 0.041362
v -0.027380 0.002588 0.041163
v -0.022241 0.001583 0.033596
v -0.023173 0.002588 0.033292
v -0.016668 0.001583 0.026805
v -0.017511 0.002588 0.026393
v -0.009901 0.001583 0.021251
v -0.010612 0.002588 0.020731
v -0.002216 0.001583 0.017144
v -0.002741 0.002588 0.016524
v 0.006081 0.001583 0.014626
v 0.005800 0.002588 0.013933
v 0.014681 0.002588 0.013059
v 0.014681 0.001583 0.013779
v 0.014681 0.001583 0.013779
v 0.014818 0.002573 0.012454
v 0.014650 0.014169 0.013698
v 0.023268 0.014255 0.014487
v 0.031611 0.014258 0.017003
v 0.042807 0.013086 0.022544
v 0.039264 0.014086 0.021251
v 0.046031 0.014086 0.026805
v 0.054515 0.013083 0.036140
v 0.051604 0.014086 0.033596
v 0.055756 0.014086 0.041362
v 0.060096 0.013082 0.053255
v 0.058316 0.014086 0.049802
v 0.059181 0.014086 0.058586
v 0.058634 0.013082 0.071207
v 0.058316 0.014086 0.067369
v 0.055756 0.014086 0.075809
v 0.050368 0.013084 0.087178
v 0.051604 0.014086 0.083576
v 0.046031 0.014086 0.090367
v 0.039464 0.014297 0.096006
v 0.042732 0.002586 0.094675
v 0.031741 0.014300 0.100148
v 0.023390 0.014302 0.102692
v 0.014728 0.014302 0.103555
v 0.006066 0.014302 0.102710
v -0.002284 0.014300 0.100186
v -0.013470 0.013086 0.094608
v -0.009901 0.014086 0.095920
v -0.016668 0.014086 0.090367
v -0.025168 0.013083 0.081005
v -0.022241 0.014086 0.083576
v -0.026393 0.014086 0.075809
v -0.030737 0.013082 0.063886
v -0.028953 0.014086 0.067369
v -0.029818 0.014086 0.058586
v -0.029262 0.013082 0.045934
v -0.028953 0.014086 0.049802
v -0.026393 0.014086 0.041362
v -0.022241 0.014086 0.033596
v -0.016668 0.014086 0.026805
v -0.020985 0.013084 0.029967
v -0.013369 0.002591 0.022496
v -0.025081 0.002588 0.036016
v -0.030736 0.002587 0.053231
v -0.029208 0.002587 0.071476
v -0.020636 0.002588 0.087667
v -0.006649 0.002588 0.099048
v 0.010039 0.002583 0.104057
v 0.027082 0.002581 0.102567
v -0.010090 0.014262 0.021191
v -0.002373 0.014258 0.017054
v 0.002281 0.002595 0.014604
v 0.005968 0.014255 0.014512
v 0.014697 0.014263 0.013626
v 0.014681 0.002588 0.013059
v 0.054444 0.002588 0.081155
v 0.060099 0.002589 0.063940
v 0.058571 0.002589 0.045696
v 0.049999 0.002588 0.029504
v 0.036011 0.002588 0.018124
v 0.023282 0.001583 0.014626
v 0.023282 0.001583 0.102545
v 0.014681 0.001583 0.013779
v 0.031579 0.001583 0.100028
v 0.031579 0.001583 0.017144
v 0.039264 0.001583 0.021251
v 0.039264 0.001583 0.095920
v 0.046031 0.001583 0.026805
v 0.046031 0.001583 0.090367
v 0.051604 0.001583 0.033596
v 0.051604 0.001583 0.083576
v 0.055756 0.001583 0.041362
v 0.058316 0.001583 0.049802
v 0.055756 0.001583 0.075809
v 0.058316 0.001583 0.067369
v 0.059181 0.001583 0.058586
v 0.014681 0.001583 0.103392
v 0.006081 0.001583 0.014626
v 0.006081 0.001583 0.102545
v -0.002216 0.001583 0.017144
v -0.009901 0.001583 0.021251
v -0.002216 0.001583 0.100028
v -0.009901 0.001583 0.095920
v -0.016668 0.001583 0.090367
v -0.016668 0.001583 0.026805
v -0.022241 0.001583 0.033596
v -0.022241 0.001583 0.083576
v -0.026393 0.001583 0.041362
v -0.026393 0.001583 0.075809
v -0.028953 0.001583 0.049802
v -0.029818 0.001583 0.058586
v -0.028953 0.001583 0.067369
v 0.031579 0.014086 0.017144
v 0.023282 0.014086 0.014627
v 0.031579 0.014086 0.100028
v 0.039264 0.014086 0.021251
v 0.046031 0.014086 0.090367
v 0.046031 0.014086 0.026805
v 0.039264 0.014086 0.095920
v 0.051604 0.014086 0.033596
v 0.051604 0.014086 0.083576
v 0.055756 0.014086 0.041362
v 0.055756 0.014086 0.075809
v 0.058316 0.014086 0.049802
v 0.059181 0.014086 0.058586
v 0.058316 0.014086 0.067369
v 0.023282 0.014086 0.102545
v 0.014681 0.014086 0.013779
v 0.014681 0.014086 0.103392
v 0.006081 0.014086 0.014626
v 0.006081 0.014086 0.102545
v -0.002216 0.014086 0.017144
v -0.002216 0.014086 0.100028
v -0.009901 0.014086 0.021251
v -0.009901 0.014086 0.095920
v -0.016668 0.014086 0.026805
v -0.016668 0.014086 0.090367
v -0.022241 0.014086 0.033596
v -0.022241 0.014086 0.083576
v -0.026393 0.014086 0.041362
v -0.026393 0.014086 0.075809
v -0.028953 0.014086 0.067369
v -0.028953 0.014086 0.049802
v -0.029818 0.014086 0.058586
v 0.044135 -0.032205 0.029559
v 0.043967 -0.031919 0.032463
v 0.046742 -0.031919 0.032463
v 0.043967 -0.032311 0.029128
v 0.043967 -0.031919 0.032463
v 0.043967 -0.045274 0.029124
v 0.043967 -0.046704 0.030034
v 0.043967 -0.047308 0.032331
v 0.043967 -0.032489 0.036769
v 0.043967 -0.035249 0.041897
v 0.043967 -0.039757 0.045551
v 0.043967 -0.043763 0.046895
v 0.043967 -0.047276 0.047154
v 0.014681 0.006450 0.017031
v 0.014681 -0.028828 0.017031
v 0.002690 0.006443 0.018559
v 0.005277 -0.028210 0.018140
v -0.003221 -0.027231 0.021062
v -0.008442 -0.026898 0.024060
v -0.010962 0.006470 0.025884
v -0.013872 -0.027562 0.028521
v -0.013889 -0.045247 0.028534
v -0.014607 -0.032324 0.029129
v -0.018891 -0.031926 0.034264
v -0.021197 0.006451 0.037339
v -0.021998 -0.033619 0.039481
v -0.023775 -0.036217 0.042855
v -0.026075 -0.045247 0.050479
v -0.024581 -0.039763 0.045554
v -0.025235 -0.044086 0.046929
v -0.024443 -0.046701 0.047175
v -0.025480 -0.046704 0.050597
v -0.026873 -0.045247 0.058586
v -0.025480 -0.046704 0.050597
v -0.026267 -0.046704 0.058586
v -0.026932 0.006448 0.054115
v -0.025602 -0.046743 0.066607
v -0.026267 -0.046704 0.058586
v -0.026075 0.006450 0.066693
v -0.023211 -0.046711 0.074313
v -0.023710 0.006450 0.074488
v -0.025572 -0.046739 0.066595
v -0.019870 -0.045247 0.081672
v -0.023177 -0.046712 0.074290
v -0.019366 -0.046704 0.081335
v -0.014702 -0.045247 0.087969
v -0.016857 0.006449 0.085907
v -0.008405 -0.045247 0.093137
v -0.001062 -0.046759 0.096498
v -0.004078 0.006445 0.095844
v 0.006655 -0.046758 0.098835
v 0.011098 0.006443 0.100141
v 0.014681 -0.046757 0.099624
v 0.022788 -0.045247 0.099342
v 0.030704 0.006402 0.097136
v 0.030417 -0.046798 0.096576
v 0.037768 -0.045247 0.093137
v 0.030256 -0.046652 0.096451
v 0.037431 -0.046705 0.092633
v 0.044065 -0.045247 0.087969
v 0.041011 0.006450 0.090995
v 0.049233 -0.045247 0.081672
v 0.053073 -0.045247 0.074488
v 0.051571 0.006449 0.078149
v 0.055438 -0.045247 0.066693
v 0.056282 0.006448 0.062080
v 0.056236 -0.045247 0.058586
v 0.055438 -0.045247 0.050479
v 0.054143 0.006448 0.045021
v 0.053138 -0.036217 0.042855
v 0.053943 -0.039762 0.045554
v 0.054598 -0.044086 0.046929
v 0.053806 -0.046701 0.047175
v 0.054843 -0.046704 0.050597
v 0.051361 -0.033619 0.039481
v 0.048254 -0.031926 0.034264
v 0.045636 0.006455 0.030694
v 0.043970 -0.032324 0.029129
v 0.043252 -0.045247 0.028534
v 0.044026 -0.045390 0.029150
v 0.043462 -0.046744 0.029509
v 0.043235 -0.027562 0.028521
v 0.037805 -0.026898 0.024060
v 0.033588 0.006469 0.021517
v 0.032584 -0.027231 0.021062
v 0.024026 -0.028225 0.018090
v 0.014840 0.006404 0.016317
v 0.014681 -0.028828 0.017031
v 0.055630 -0.046704 0.058586
v 0.054843 -0.046704 0.050597
v 0.054843 -0.046704 0.066574
v 0.055630 -0.046704 0.058586
v 0.052513 -0.046704 0.074256
v 0.054843 -0.046704 0.066574
v 0.048729 -0.046705 0.081335
v 0.052513 -0.046704 0.074256
v 0.043636 -0.046704 0.087540
v 0.048729 -0.046705 0.081335
v 0.037431 -0.046705 0.092633
v 0.043636 -0.046704 0.087540
v 0.022670 -0.046704 0.098747
v 0.022670 -0.046704 0.098747
v -0.008068 -0.046704 0.092633
v -0.014273 -0.046704 0.087540
v -0.008068 -0.046704 0.092633
v -0.019366 -0.046704 0.081335
v -0.014273 -0.046704 0.087540
v -0.014663 -0.045390 0.029150
v -0.014099 -0.046744 0.029509
v 0.043749 -0.046681 0.029679
v 0.043252 -0.046929 0.030016
v 0.043252 -0.047308 0.031459
v 0.043967 -0.047308 0.032331
v 0.053407 -0.047308 0.066289
v 0.051160 -0.047308 0.073695
v 0.052262 -0.047308 0.047111
v 0.053407 -0.047308 0.050883
v 0.054165 -0.047308 0.058586
v 0.047511 -0.047308 0.080522
v 0.043967 -0.047308 0.047111
v 0.042601 -0.047308 0.086505
v 0.043252 -0.047308 0.038184
v 0.043967 -0.047308 0.032331
v 0.043252 -0.047308 0.031459
v -0.013238 -0.047308 0.086505
v -0.013889 -0.047308 0.038184
v -0.007255 -0.047308 0.091415
v -0.000428 -0.047308 0.095064
v 0.006979 -0.047308 0.097311
v 0.014681 -0.047308 0.098069
v 0.022384 -0.047308 0.097311
v 0.029791 -0.047308 0.095064
v 0.036617 -0.047308 0.091415
v -0.014604 -0.047308 0.047111
v -0.013889 -0.047308 0.031459
v -0.014604 -0.047308 0.032331
v -0.021797 -0.047308 0.073695
v -0.022900 -0.047308 0.047111
v -0.018148 -0.047308 0.080522
v -0.024044 -0.047308 0.050883
v -0.024802 -0.047308 0.058586
v -0.024044 -0.047308 0.066289
v 0.053407 -0.047308 0.066289
v 0.054843 -0.046704 0.066574
v 0.051160 -0.047308 0.073695
v 0.052513 -0.046704 0.074256
v 0.053407 -0.047308 0.066289
v 0.055630 -0.046704 0.058586
v 0.054843 -0.046704 0.066574
v 0.054165 -0.047308 0.058586
v 0.051160 -0.047308 0.073695
v 0.052513 -0.046704 0.074256
v 0.047511 -0.047308 0.080522
v 0.048729 -0.046705 0.081335
v 0.042601 -0.047308 0.086505
v 0.043636 -0.046704 0.087540
v 0.036617 -0.047308 0.091415
v 0.037431 -0.046705 0.092633
v 0.042601 -0.047308 0.086505
v 0.048729 -0.046705 0.081335
v 0.043636 -0.046704 0.087540
v 0.047511 -0.047308 0.080522
v 0.036617 -0.047308 0.091415
v 0.037431 -0.046705 0.092633
v 0.029791 -0.047308 0.095064
v 0.030352 -0.046704 0.096417
v 0.022384 -0.047308 0.097311
v 0.022670 -0.046704 0.098747
v 0.014681 -0.047308 0.098069
v 0.014681 -0.046704 0.099534
v 0.022384 -0.047308 0.097311
v 0.030352 -0.046704 0.096417
v 0.022670 -0.046704 0.098747
v 0.029791 -0.047308 0.095064
v 0.014681 -0.047308 0.098069
v 0.014681 -0.046704 0.099534
v 0.006979 -0.047308 0.097311
v 0.006693 -0.046704 0.098747
v -0.007255 -0.047308 0.091415
v -0.008068 -0.046704 0.092633
v -0.013238 -0.047308 0.086505
v -0.014273 -0.046704 0.087540
v -0.007255 -0.047308 0.091415
v -0.000989 -0.046704 0.096417
v -0.008068 -0.046704 0.092633
v -0.000428 -0.047308 0.095064
v -0.018148 -0.047308 0.080522
v -0.019366 -0.046704 0.081335
v -0.021797 -0.047308 0.073695
v -0.023150 -0.046704 0.074256
v -0.018148 -0.047308 0.080522
v -0.014273 -0.046704 0.087540
v -0.019366 -0.046704 0.081335
v -0.013238 -0.047308 0.086505
v -0.024802 -0.047308 0.058586
v -0.025480 -0.046704 0.066574
v -0.026267 -0.046704 0.058586
v -0.024044 -0.047308 0.066289
v -0.024802 -0.047308 0.058586
v -0.026267 -0.046704 0.058586
v -0.024044 -0.047308 0.050883
v -0.025480 -0.046704 0.050597
v -0.024044 -0.047308 0.050883
v -0.025480 -0.046704 0.050597
v -0.022900 -0.047308 0.047111
v -0.024441 -0.046704 0.047171
v 0.053407 -0.047308 0.050883
v 0.052262 -0.047308 0.047111
v 0.054843 -0.046704 0.050597
v 0.053803 -0.046704 0.047171
v 0.053407 -0.047308 0.050883
v 0.054843 -0.046704 0.050597
v 0.054165 -0.047308 0.058586
v 0.055630 -0.046704 0.058586
v 0.006979 -0.047308 0.097311
v 0.006693 -0.046704 0.098747
v -0.000428 -0.047308 0.095064
v -0.000989 -0.046704 0.096417
v -0.021797 -0.047308 0.073695
v -0.023150 -0.046704 0.074256
v -0.024044 -0.047308 0.066289
v -0.025480 -0.046704 0.066574
v -0.014386 -0.046681 0.029679
v -0.013889 -0.047308 0.031459
v -0.013889 -0.046929 0.030015
v -0.014604 -0.047308 0.032331
v -0.024734 -0.041003 0.046057
v -0.014604 -0.041003 0.046057
v -0.024321 -0.038459 0.044698
v -0.014604 -0.038459 0.044698
v -0.024734 -0.041003 0.046057
v -0.014604 -0.043763 0.046895
v -0.024988 -0.043763 0.046895
v -0.014604 -0.041003 0.046057
v -0.023779 -0.036227 0.042866
v -0.014604 -0.036229 0.042868
v -0.022617 -0.034399 0.040638
v -0.014604 -0.034399 0.040638
v -0.023766 -0.036229 0.042868
v -0.014604 -0.038459 0.044698
v -0.024321 -0.038459 0.044698
v -0.014604 -0.036229 0.042868
v -0.021257 -0.033039 0.038094
v -0.014604 -0.033039 0.038094
v -0.019754 -0.032203 0.035337
v -0.014604 -0.032202 0.035334
v -0.021257 -0.033039 0.038094
v -0.014604 -0.034399 0.040638
v -0.022617 -0.034399 0.040638
v -0.014604 -0.033039 0.038094
v -0.017379 -0.031919 0.032463
v -0.014604 -0.032202 0.035334
v -0.019735 -0.032202 0.035334
v -0.014604 -0.031919 0.032463
v -0.017379 -0.031919 0.032463
v -0.014604 -0.031919 0.032463
v -0.014772 -0.032205 0.029559
v -0.014604 -0.032311 0.029128
v -0.014604 -0.045274 0.029124
v -0.014604 -0.031919 0.032463
v -0.014604 -0.046704 0.030034
v -0.014604 -0.047308 0.032331
v -0.014604 -0.032489 0.036769
v -0.014604 -0.035249 0.041897
v -0.014604 -0.039757 0.045551
v -0.014604 -0.043763 0.046895
v -0.014604 -0.047276 0.047154
v -0.022900 -0.047308 0.047111
v -0.024469 -0.046658 0.047175
v -0.014604 -0.047308 0.047111
v -0.014604 -0.046634 0.047178
v -0.024988 -0.043763 0.046895
v -0.014604 -0.046634 0.047178
v -0.014604 -0.043763 0.046895
v -0.025032 -0.045247 0.047041
v -0.024473 -0.046634 0.047178
v 0.053129 -0.036229 0.042868
v 0.043967 -0.038459 0.044698
v 0.043967 -0.036229 0.042868
v 0.053684 -0.038459 0.044698
v 0.053142 -0.036227 0.042866
v 0.043967 -0.036229 0.042868
v 0.051980 -0.034399 0.040638
v 0.043967 -0.034399 0.040638
v 0.051980 -0.034399 0.040638
v 0.043967 -0.034399 0.040638
v 0.050620 -0.033039 0.038094
v 0.043967 -0.033039 0.038094
v 0.050620 -0.033039 0.038094
v 0.043967 -0.033039 0.038094
v 0.049117 -0.032203 0.035337
v 0.043967 -0.032202 0.035334
v 0.049098 -0.032202 0.035334
v 0.043967 -0.032202 0.035334
v 0.046742 -0.031919 0.032463
v 0.043967 -0.031919 0.032463
v 0.053836 -0.046634 0.047178
v 0.043967 -0.046634 0.047178
v 0.054395 -0.045247 0.047041
v 0.054351 -0.043763 0.046895
v 0.043967 -0.043763 0.046895
v 0.053832 -0.046658 0.047175
v 0.043967 -0.046634 0.047178
v 0.043967 -0.047308 0.047111
v 0.052262 -0.047308 0.047111
v 0.054351 -0.043763 0.046895
v 0.043967 -0.043763 0.046895
v 0.054097 -0.041003 0.046057
v 0.043967 -0.041003 0.046057
v 0.054097 -0.041003 0.046057
v 0.043967 -0.041003 0.046057
v 0.053684 -0.038459 0.044698
v 0.043967 -0.038459 0.044698
v 0.045584 -0.049272 0.017666
v 0.045584 -0.044196 0.018175
v 0.045584 -0.039659 0.020572
v 0.045584 -0.054232 0.019135
v 0.045584 -0.036329 0.024574
v 0.045584 -0.058294 0.022427
v 0.045584 -0.034784 0.029582
v 0.045584 -0.060780 0.027047
v 0.045584 -0.035293 0.034806
v 0.045584 -0.061290 0.032271
v 0.045584 -0.037780 0.039425
v 0.045584 -0.059745 0.037279
v 0.045584 -0.041842 0.042717
v 0.045584 -0.056414 0.041280
v 0.045584 -0.046802 0.044187
v 0.045584 -0.051878 0.043677
v 0.058774 -0.049272 0.017666
v 0.058774 -0.044196 0.018175
v 0.058774 -0.039659 0.020572
v 0.058774 -0.054232 0.019135
v 0.058774 -0.036329 0.024574
v 0.058774 -0.058294 0.022427
v 0.058774 -0.034784 0.029582
v 0.058774 -0.060780 0.027047
v 0.058774 -0.035293 0.034806
v 0.058774 -0.061290 0.032271
v 0.058774 -0.037780 0.039425
v 0.058774 -0.059745 0.037279
v 0.058774 -0.041842 0.042717
v 0.058774 -0.056414 0.041280
v 0.058774 -0.046802 0.044187
v 0.058774 -0.051878 0.043677
v -0.029411 -0.049272 0.017666
v -0.029411 -0.044196 0.018175
v -0.029411 -0.039659 0.020572
v -0.029411 -0.036329 0.024574
v -0.029411 -0.054232 0.019135
v -0.029411 -0.058294 0.022427
v -0.029411 -0.034784 0.029582
v -0.029411 -0.060780 0.027047
v -0.029411 -0.035293 0.034806
v -0.029411 -0.061290 0.032271
v -0.029411 -0.037780 0.039425
v -0.029411 -0.041842 0.042717
v -0.029411 -0.059745 0.037279
v -0.029411 -0.056414 0.041280
v -0.029411 -0.046802 0.044187
v -0.029411 -0.051878 0.043677
v -0.016221 -0.049272 0.017666
v -0.016221 -0.039659 0.020572
v -0.016221 -0.054232 0.019135
v -0.016221 -0.036329 0.024574
v -0.016221 -0.058294 0.022427
v -0.016221 -0.034784 0.029582
v -0.016221 -0.060780 0.027047
v -0.016221 -0.035293 0.034806
v -0.016221 -0.061290 0.032271
v -0.016221 -0.037780 0.039425
v -0.016221 -0.059745 0.037279
v -0.016221 -0.041842 0.042717
v -0.016221 -0.056414 0.041280
v -0.016221 -0.046802 0.044187
v -0.016222 -0.051878 0.043677
v -0.016221 -0.044196 0.018175
vn 0.0044 -0.9754 0.2205
vn 0.0026 -0.7595 0.6505
vn -0.0000 -0.7595 0.6505
vn -0.0896 -0.9933 0.0730
vn -0.0090 -0.9932 0.1162
vn -0.0223 -0.9987 0.0458
vn -0.0655 -0.9897 0.1272
vn -0.0325 -0.9600 0.2783
vn 0.1060 -0.9489 -0.2974
vn 0.0248 -0.9619 0.2724
vn 0.0021 -0.9843 0.1763
vn 0.0392 -0.9781 0.2046
vn -0.0030 -0.9879 0.1552
vn -0.0140 -0.9894 0.1449
vn 0.0003 -0.9810 0.1942
vn -0.1294 -0.9220 0.3650
vn -0.0203 -0.9949 0.0989
vn -0.0022 -0.9751 0.2217
vn -0.0000 -0.7606 0.6492
vn -0.0026 -0.7607 0.6491
vn -0.0022 -0.7303 0.6831
vn -0.0469 -0.9981 0.0412
vn -0.0856 -0.9934 -0.0767
vn -0.9364 0.2521 0.2443
vn 0.1463 -0.9804 0.1321
vn 0.0660 -0.9873 0.1444
vn 0.1042 -0.9365 0.3347
vn -0.0222 -0.9752 0.2203
vn 0.0425 -0.9585 0.2818
vn 0.0591 -0.8416 0.5369
vn 0.0832 -0.9862 0.1428
vn 0.0180 -0.8728 0.4878
vn -0.1010 -0.9481 -0.3014
vn 0.0350 -0.8771 0.4790
vn 0.0001 -0.7584 0.6518
vn 0.0894 -0.9913 0.0965
vn -0.0162 -0.9703 0.2413
vn 0.1798 -0.9836 -0.0137
vn 0.3085 -0.9512 0.0067
vn 0.0378 -0.9992 -0.0089
vn -0.0482 -0.9609 -0.2728
vn -0.2755 -0.9612 -0.0174
vn -0.0034 -0.9997 -0.0245
vn 0.0033 -0.9991 -0.0417
vn 0.0064 -0.9995 -0.0293
vn 0.3998 -0.9114 0.0974
vn 0.0471 -0.9858 0.1613
vn -0.0866 -0.9056 0.4152
vn 0.1434 -0.9818 0.1243
vn 0.0892 -0.9954 0.0341
vn 0.1162 -0.9913 0.0611
vn 0.0024 -0.9994 -0.0334
vn -0.0178 -0.9619 0.2727
vn -0.0000 -0.7241 0.6897
vn -0.0071 -0.9705 0.2410
vn -0.0843 -0.9939 0.0708
vn -0.1319 -0.9893 0.0629
vn -0.1203 -0.9915 0.0498
vn -0.0580 -0.9725 0.2255
vn -0.1072 -0.9853 0.1334
vn -0.0348 -0.7236 0.6893
vn 0.0739 -0.7035 0.7068
vn 0.1335 -0.8144 0.5647
vn 0.0073 -0.9910 0.1336
vn 0.0142 -0.9903 0.1384
vn 0.1353 -0.9729 0.1874
vn 0.0001 -0.7601 0.6498
vn -0.0340 -0.9388 -0.3428
vn -0.0000 -0.7648 0.6442
vn -0.0000 -0.7637 0.6456
vn -0.0000 -0.7648 0.6443
vn 0.0794 -0.6700 0.7381
vn 0.0378 -0.7578 0.6514
vn 0.0377 -0.7579 0.6513
vn 0.1850 -0.7630 0.6194
vn -0.0665 -0.7263 0.6842
vn 0.0664 -0.7262 0.6842
vn -0.1849 -0.7630 0.6194
vn -0.0794 -0.6701 0.7380
vn -0.0377 -0.7579 0.6513
vn -0.0377 -0.7578 0.6514
vn -0.0794 -0.6700 0.7381
vn -0.0026 -0.7649 0.6441
vn 0.0027 -0.7649 0.6441
vn 0.0026 -0.7649 0.6441
vn 0.0405 -0.9969 0.0673
vn 0.0621 -0.9963 0.0591
vn 0.0716 -0.9935 0.0881
vn -0.0320 -0.9932 0.1119
vn -0.0366 -0.9873 0.1545
vn 0.0102 -0.9972 0.0735
vn 0.0300 -0.5347 -0.8445
vn 0.2145 0.1862 -0.9588
vn 0.2512 -0.5171 -0.8182
vn 0.1693 0.3336 -0.9274
vn 0.4048 0.3530 -0.8435
vn 0.4372 0.1729 -0.8826
vn 0.5072 -0.6053 -0.6135
vn 0.6983 0.3476 -0.6257
vn 0.7499 0.1622 -0.6414
vn 0.6932 -0.6370 -0.3372
vn 0.9455 0.1693 -0.2780
vn 0.7598 -0.6480 -0.0533
vn 0.9836 0.1609 0.0817
vn 0.7166 -0.6596 0.2267
vn 0.8154 0.3449 0.4649
vn 0.8603 0.1604 0.4839
vn 0.5756 -0.6386 0.5108
vn 0.6000 0.3462 0.7212
vn 0.6138 0.1607 0.7730
vn 0.3704 -0.5793 0.7261
vn 0.3848 0.3334 0.8607
vn 0.2729 0.1671 0.9474
vn 0.1585 0.3279 0.9313
vn 0.1767 -0.5268 0.8314
vn -0.0037 0.2812 0.9596
vn 0.1191 0.1126 0.9865
vn -0.1537 0.3198 0.9349
vn -0.2699 0.1714 0.9475
vn -0.1850 -0.5303 0.8274
vn -0.3741 -0.5791 0.7244
vn -0.4026 0.3127 0.8603
vn -0.5859 0.3430 0.7342
vn -0.6072 0.1670 0.7768
vn -0.5812 -0.6381 0.5050
vn -0.8099 0.3518 0.4693
vn -0.8602 0.1602 0.4841
vn -0.7182 -0.6617 0.2150
vn -0.9826 0.1748 0.0623
vn -0.7557 -0.6511 -0.0711
vn -0.9410 0.1609 -0.2976
vn -0.6813 -0.6401 -0.3551
vn -0.7081 0.3463 -0.6153
vn -0.7498 0.1619 -0.6416
vn -0.4876 -0.6094 -0.6252
vn -0.4142 0.3478 -0.8411
vn -0.4343 0.1725 -0.8841
vn -0.2369 -0.5128 -0.8252
vn -0.1957 0.1336 -0.9715
vn -0.1811 0.2981 -0.9372
vn -0.0116 -0.5658 -0.8245
vn -0.6633 0.7477 -0.0320
vn -0.7617 0.0121 -0.6478
vn -0.4155 0.6272 -0.6587
vn -0.5653 0.6080 -0.5575
vn 0.5982 0.6536 -0.4637
vn 0.4953 0.2891 -0.8192
vn -0.5063 0.2097 -0.8365
vn -0.4523 -0.5408 0.7092
vn 0.4533 -0.5572 0.6957
vn 0.4956 -0.5783 0.6480
vn -0.5074 -0.5597 0.6552
vn 0.5231 -0.4808 -0.7037
vn -0.5265 -0.5043 -0.6844
vn 0.4157 0.6273 -0.6585
vn 0.7617 0.0121 -0.6478
vn 0.6654 0.7463 -0.0194
vn -0.2740 0.4810 -0.8328
vn -0.1247 0.4694 -0.8742
vn -0.0020 0.4953 -0.8687
vn 0.1232 0.4781 -0.8696
vn -0.8153 -0.4124 -0.4064
vn -0.8807 -0.0867 -0.4657
vn -0.7225 -0.6747 -0.1509
vn 0.2696 0.4949 -0.8261
vn 0.8147 -0.4153 -0.4047
vn 0.8807 -0.0867 -0.4657
vn 0.7155 -0.6818 -0.1523
vn 0.1846 -0.7229 0.6659
vn 0.0999 -0.8400 0.5334
vn -0.1276 -0.7944 0.5939
vn 0.0605 -0.8633 0.5010
vn -0.1024 -0.8386 0.5350
vn -0.0750 -0.8469 0.5265
vn -0.0337 -0.9044 0.4254
vn -0.0000 -0.9379 -0.3469
vn 0.0001 -0.9681 0.2504
vn -0.0000 -0.9379 -0.3470
vn -0.0000 -0.9681 0.2505
vn -0.0001 -0.9379 -0.3469
vn -0.0001 -0.9681 0.2505
vn -0.0001 -0.9681 0.2504
vn -0.0000 -0.9681 0.2504
vn 0.0001 -0.9681 0.2505
vn -0.0933 -0.9905 -0.1012
vn 0.0674 -0.9074 0.4149
vn -0.0060 -0.9302 -0.3670
vn 0.1632 -0.8280 0.5364
vn -0.0060 -0.9303 -0.3669
vn -0.0002 -0.9681 0.2505
vn 0.0674 -0.9074 0.4147
vn -0.1963 -0.9792 0.0519
vn 0.2112 -0.8798 0.4259
vn -0.2005 -0.9773 0.0686
vn 0.2167 -0.9525 0.2141
vn -0.2005 -0.9773 0.0685
vn 0.1633 -0.8279 0.5365
vn -0.0935 -0.9905 -0.1012
vn 0.2112 -0.8798 0.4260
vn -0.1905 -0.9813 0.0287
vn 0.1867 -0.9737 0.1309
vn -0.1919 -0.9803 0.0463
vn 0.1744 -0.9802 0.0934
vn 0.2168 -0.9525 0.2140
vn 0.1867 -0.9737 0.1308
vn -0.1907 -0.9809 -0.0384
vn 0.1727 -0.9839 0.0453
vn -0.1932 -0.9811 -0.0130
vn 0.1662 -0.9861 0.0060
vn -0.1932 -0.9811 -0.0129
vn 0.1744 -0.9802 0.0933
vn -0.1905 -0.9813 0.0286
vn -0.0662 -0.7261 0.6844
vn 0.1481 -0.9662 0.2108
vn -0.1686 -0.9683 0.1844
vn 0.1851 -0.7629 0.6195
vn 0.1798 -0.9716 0.1537
vn -0.1783 -0.9745 0.1361
vn 0.1481 -0.9662 0.2109
vn -0.1912 -0.9808 -0.0384
vn 0.1647 -0.9863 0.0057
vn -0.1911 -0.9808 -0.0384
vn 0.1641 -0.9864 0.0057
vn -0.1910 -0.9808 -0.0384
vn 0.1652 -0.9862 0.0059
vn -0.1909 -0.9809 -0.0383
vn 0.1646 -0.9863 0.0058
vn 0.1779 -0.9819 0.0649
vn -0.1895 -0.9815 0.0267
vn 0.1799 -0.9716 0.1538
vn -0.1895 -0.9815 0.0266
vn 0.1641 -0.9864 0.0056
vn 0.1779 -0.9819 0.0650
vn 0.1657 -0.9862 0.0059
vn -0.1908 -0.9809 -0.0383
vn 0.1651 -0.9863 0.0059
vn 0.1663 -0.9861 0.0060
vn -0.1906 -0.9809 -0.0383
vn -0.0674 -0.9075 0.4147
vn 0.0059 -0.9303 -0.3669
vn 0.0060 -0.9302 -0.3670
vn -0.1632 -0.8280 0.5364
vn 0.0933 -0.9905 -0.1012
vn -0.0675 -0.9074 0.4148
vn 0.1909 -0.9809 -0.0383
vn -0.1651 -0.9863 0.0059
vn 0.1910 -0.9808 -0.0384
vn -0.1657 -0.9862 0.0059
vn 0.1906 -0.9809 -0.0383
vn 0.1908 -0.9809 -0.0383
vn -0.1663 -0.9861 0.0060
vn 0.1895 -0.9815 0.0267
vn -0.1798 -0.9716 0.1538
vn 0.1783 -0.9745 0.1361
vn -0.1779 -0.9819 0.0651
vn 0.1912 -0.9808 -0.0384
vn -0.1779 -0.9819 0.0650
vn 0.1896 -0.9815 0.0266
vn -0.1641 -0.9864 0.0057
vn 0.1911 -0.9808 -0.0384
vn -0.1641 -0.9864 0.0056
vn -0.1646 -0.9863 0.0058
vn 0.1910 -0.9808 -0.0383
vn 0.1911 -0.9808 -0.0383
vn -0.1652 -0.9862 0.0059
vn 0.1685 -0.9683 0.1844
vn -0.1851 -0.7629 0.6195
vn 0.0662 -0.7261 0.6843
vn -0.1481 -0.9662 0.2111
vn -0.1481 -0.9662 0.2109
vn -0.1798 -0.9716 0.1540
vn 0.1932 -0.9811 -0.0130
vn 0.1907 -0.9809 -0.0383
vn -0.1727 -0.9839 0.0452
vn 0.1905 -0.9813 0.0287
vn 0.1932 -0.9811 -0.0129
vn -0.1744 -0.9802 0.0933
vn 0.1919 -0.9803 0.0463
vn -0.1746 -0.9804 0.0916
vn 0.1906 -0.9813 0.0287
vn -0.1867 -0.9737 0.1308
vn 0.1963 -0.9792 0.0520
vn -0.2168 -0.9525 0.2140
vn 0.2005 -0.9773 0.0686
vn 0.1963 -0.9792 0.0519
vn -0.2112 -0.8798 0.4259
vn 0.0936 -0.9905 -0.1012
vn -0.2112 -0.8797 0.4260
vn -0.1632 -0.8279 0.5366
vn 0.4714 0.8647 0.1735
vn 0.6344 0.7579 0.1521
vn 0.7730 0.6220 0.1248
vn 0.8819 0.4622 0.0927
vn 0.9569 0.2846 0.0571
vn 0.9952 0.0961 0.0193
vn 0.9952 -0.0961 -0.0193
vn 0.2903 -0.9382 -0.1883
vn 0.4714 -0.8647 -0.1735
vn 0.0980 -0.9757 -0.1958
vn -0.0980 -0.9757 -0.1958
vn -0.4714 -0.8647 -0.1735
vn -0.2903 -0.9382 -0.1883
vn -0.7730 -0.6220 -0.1248
vn -0.6344 -0.7579 -0.1521
vn -0.8819 -0.4622 -0.0927
vn -0.9952 -0.0961 -0.0193
vn -0.9569 -0.2846 -0.0571
vn -0.9952 0.0961 0.0193
vn -0.9569 0.2846 0.0571
vn -0.8819 0.4622 0.0927
vn -0.7730 0.6220 0.1248
vn -0.6344 0.7579 0.1521
vn -0.0980 0.9764 0.1926
vn -0.0973 0.9764 0.1927
vn 0.0976 0.9764 0.1927
vn 0.0975 0.9764 0.1927
vn 0.0977 0.9764 0.1927
vn 0.0980 0.9764 0.1927
vn 0.2890 0.9392 0.1854
vn 0.2889 0.9392 0.1854
vn 0.2887 0.9393 0.1854
vn 0.4695 0.8662 0.1712
vn 0.4695 0.8661 0.1712
vn 0.6324 0.7599 0.1505
vn 0.6323 0.7600 0.1505
vn 0.7714 0.6242 0.1239
vn 0.7712 0.6244 0.1239
vn 0.7713 0.6243 0.1239
vn 0.8809 0.4641 0.0924
vn 0.8808 0.4643 0.0924
vn 0.8809 0.4643 0.0924
vn 0.9951 -0.0971 -0.0195
vn 0.9951 -0.0968 -0.0194
vn 0.9952 -0.0961 -0.0194
vn 0.9951 0.0972 0.0194
vn 0.9951 0.0968 0.0194
vn -0.0974 -0.9751 -0.1992
vn -0.0969 -0.9751 -0.1993
vn -0.0980 -0.9750 -0.1992
vn 0.0980 -0.9750 -0.1993
vn 0.0974 -0.9751 -0.1992
vn 0.0972 -0.9751 -0.1992
vn -0.2889 -0.9380 -0.1915
vn -0.2888 -0.9380 -0.1915
vn -0.2890 -0.9380 -0.1915
vn -0.4693 -0.8652 -0.1764
vn -0.4692 -0.8653 -0.1764
vn -0.4695 -0.8652 -0.1764
vn -0.6323 -0.7592 -0.1545
vn -0.6322 -0.7592 -0.1545
vn -0.8809 -0.4640 -0.0939
vn -0.8808 -0.4641 -0.0939
vn -0.8808 -0.4642 -0.0939
vn -0.8808 -0.4640 -0.0939
vn -0.7713 -0.6238 -0.1266
vn -0.7712 -0.6239 -0.1266
vn -0.7712 -0.6238 -0.1266
vn -0.9951 -0.0971 -0.0196
vn -0.9951 -0.0967 -0.0194
vn -0.9565 -0.2860 -0.0577
vn -0.9565 -0.2861 -0.0577
vn -0.9951 0.0967 0.0194
vn -0.9951 0.0971 0.0195
vn -0.9566 0.2859 0.0571
vn -0.9565 0.2860 0.0571
vn -0.9566 0.2858 0.0570
vn -0.8809 0.4643 0.0924
vn -0.8808 0.4644 0.0924
vn -0.8808 0.4643 0.0924
vn -0.8809 0.4642 0.0924
vn -0.6325 0.7598 0.1505
vn -0.6324 0.7599 0.1505
vn -0.6323 0.7600 0.1505
vn -0.4695 0.8662 0.1712
vn -0.4694 0.8662 0.1712
vn -0.0980 0.6865 -0.7205
vn 0.0980 0.6865 -0.7205
vn 0.9952 -0.0676 0.0710
vn 0.9952 0.0676 -0.0710
vn 0.6344 -0.5332 0.5596
vn 0.7730 -0.4376 0.4593
vn 0.2903 -0.6601 0.6928
vn 0.4714 -0.6084 0.6385
vn 0.0980 -0.6865 0.7205
vn -0.0980 -0.6865 0.7205
vn -0.2903 -0.6601 0.6928
vn -0.8819 -0.3252 0.3413
vn -0.7730 -0.4376 0.4593
vn -0.9569 -0.2002 0.2101
vn -0.9569 -0.2003 0.2101
vn -0.9952 0.0676 -0.0710
vn -0.9952 -0.0676 0.0710
vn -0.9569 0.2002 -0.2102
vn -0.8819 0.3252 -0.3413
vn -0.7730 0.4376 -0.4593
vn -0.6344 0.5332 -0.5596
vn -0.4714 0.6084 -0.6385
vn 0.0979 0.6865 -0.7205
vn 0.2903 0.6601 -0.6928
vn 0.2904 0.6601 -0.6928
vn 0.4713 0.6084 -0.6385
vn 0.4714 0.6084 -0.6385
vn 0.6344 0.5332 -0.5596
vn 0.7730 0.4377 -0.4593
vn 0.7730 0.4376 -0.4593
vn 0.8819 0.3252 -0.3412
vn 0.8819 0.3252 -0.3413
vn 0.9569 0.2003 -0.2102
vn 0.9569 0.2002 -0.2102
vn 0.8819 -0.3252 0.3413
vn 0.9569 -0.2002 0.2102
vn 0.4715 -0.6084 0.6385
vn 0.6344 -0.5333 0.5597
vn -0.4715 -0.6084 0.6385
vn -0.4714 -0.6084 0.6385
vn -0.2902 -0.6601 0.6928
vn -0.6344 -0.5333 0.5596
vn -0.6344 -0.5332 0.5596
vn -0.9569 -0.2002 0.2102
vn -0.9569 0.2003 -0.2102
vn -0.4713 0.6084 -0.6385
vn -0.0980 0.9757 0.1958
vn 0.0980 0.9757 0.1958
vn 0.2903 0.9382 0.1883
vn 0.8819 -0.4622 -0.0927
vn 0.9569 -0.2846 -0.0571
vn -0.4714 0.8647 0.1735
vn -0.2903 0.9382 0.1883
vn 0.7730 -0.6220 -0.1248
vn 0.6344 -0.7579 -0.1521
vn 0.9565 0.2861 0.0571
vn 0.9565 0.2860 0.0571
vn 0.9565 0.2862 0.0571
vn 0.9565 -0.2860 -0.0577
vn 0.9565 -0.2859 -0.0577
vn 0.8809 -0.4639 -0.0939
vn 0.8808 -0.4641 -0.0939
vn 0.8808 -0.4640 -0.0939
vn 0.7713 -0.6238 -0.1266
vn 0.7712 -0.6239 -0.1266
vn 0.6323 -0.7592 -0.1545
vn 0.6322 -0.7592 -0.1545
vn 0.4693 -0.8652 -0.1764
vn 0.4692 -0.8653 -0.1764
vn 0.4694 -0.8652 -0.1764
vn 0.2890 -0.9380 -0.1915
vn 0.2887 -0.9381 -0.1915
vn 0.2888 -0.9380 -0.1915
vn -0.7713 0.6242 0.1239
vn -0.7713 0.6243 0.1239
vn -0.2891 0.9392 0.1854
vn -0.2888 0.9393 0.1855
vn -0.2887 0.9393 0.1855
vn -0.2890 0.9392 0.1854
vn -0.0971 0.9943 0.0432
vn -0.0975 0.9943 0.0431
vn -0.0972 0.9943 0.0432
vn -0.0964 0.9944 0.0432
vn 0.0976 0.9943 0.0432
vn 0.0972 0.9943 0.0432
vn 0.0973 0.9943 0.0432
vn 0.2881 0.9567 0.0418
vn 0.2880 0.9567 0.0418
vn 0.2883 0.9566 0.0418
vn 0.4685 0.8826 0.0390
vn 0.4683 0.8827 0.0390
vn 0.4684 0.8827 0.0390
vn 0.4684 0.8826 0.0390
vn 0.6313 0.7748 0.0348
vn 0.6312 0.7748 0.0348
vn 0.7704 0.6369 0.0292
vn 0.8803 0.4739 0.0223
vn 0.8802 0.4740 0.0223
vn 0.8803 0.4740 0.0223
vn 0.9563 0.2921 0.0141
vn 0.9562 0.2923 0.0141
vn 0.9562 0.2922 0.0141
vn 0.9951 0.0989 0.0049
vn 0.9951 0.0992 0.0049
vn 0.9951 0.0987 0.0049
vn 0.9952 0.0979 0.0049
vn 0.9951 -0.0987 -0.0051
vn 0.9951 -0.0988 -0.0051
vn 0.9951 -0.0989 -0.0051
vn 0.9562 -0.2922 -0.0154
vn 0.9562 -0.2923 -0.0154
vn 0.9563 -0.2921 -0.0154
vn 0.8801 -0.4740 -0.0257
vn 0.8801 -0.4741 -0.0257
vn 0.7702 -0.6369 -0.0354
vn 0.7701 -0.6370 -0.0354
vn 0.7701 -0.6369 -0.0354
vn 0.6308 -0.7747 -0.0439
vn 0.6308 -0.7747 -0.0440
vn 0.6309 -0.7747 -0.0440
vn 0.4679 -0.8823 -0.0510
vn 0.4679 -0.8823 -0.0509
vn 0.2878 -0.9561 -0.0559
vn 0.2876 -0.9561 -0.0558
vn 0.0973 -0.9935 -0.0584
vn 0.0967 -0.9936 -0.0584
vn 0.0971 -0.9936 -0.0584
vn 0.0974 -0.9935 -0.0584
vn -0.0975 -0.9935 -0.0584
vn -0.0966 -0.9936 -0.0584
vn -0.0972 -0.9936 -0.0584
vn -0.0977 -0.9935 -0.0583
vn -0.2877 -0.9561 -0.0559
vn -0.2878 -0.9561 -0.0559
vn -0.2878 -0.9561 -0.0558
vn -0.4679 -0.8823 -0.0510
vn -0.4680 -0.8823 -0.0509
vn -0.6308 -0.7747 -0.0440
vn -0.6309 -0.7746 -0.0440
vn -0.7701 -0.6369 -0.0354
vn -0.8801 -0.4740 -0.0257
vn -0.8801 -0.4741 -0.0257
vn -0.9562 -0.2923 -0.0154
vn -0.9562 -0.2922 -0.0154
vn -0.9562 -0.2924 -0.0154
vn -0.9951 -0.0986 -0.0050
vn -0.9951 -0.0989 -0.0051
vn -0.9951 -0.0987 -0.0051
vn -0.9951 0.0984 0.0049
vn -0.9951 0.0987 0.0049
vn -0.9950 0.0996 0.0050
vn -0.9952 0.0979 0.0048
vn -0.9562 0.2922 0.0141
vn -0.9562 0.2923 0.0141
vn -0.9563 0.2922 0.0141
vn -0.8803 0.4740 0.0223
vn -0.8802 0.4740 0.0223
vn -0.7704 0.6369 0.0292
vn -0.7703 0.6370 0.0292
vn -0.6313 0.7748 0.0348
vn -0.6312 0.7749 0.0348
vn -0.6312 0.7748 0.0348
vn -0.4685 0.8826 0.0390
vn -0.4684 0.8827 0.0390
vn -0.4683 0.8827 0.0390
vn -0.2881 0.9567 0.0418
vn -0.2880 0.9567 0.0418
vn -0.2882 0.9567 0.0418
vn -0.0965 0.9836 -0.1521
vn -0.0967 0.9836 -0.1521
vn -0.0961 0.9837 -0.1521
vn 0.0964 0.9836 -0.1521
vn 0.0965 0.9836 -0.1521
vn 0.0966 0.9836 -0.1521
vn 0.2861 0.9470 -0.1459
vn 0.4656 0.8748 -0.1338
vn 0.4655 0.8749 -0.1338
vn 0.6283 0.7692 -0.1163
vn 0.6283 0.7693 -0.1163
vn 0.7679 0.6336 -0.0944
vn 0.8786 0.4725 -0.0691
vn 0.8786 0.4726 -0.0691
vn 0.9556 0.2919 -0.0417
vn 0.9555 0.2920 -0.0418
vn 0.9555 0.2919 -0.0418
vn 0.9950 0.0988 -0.0138
vn 0.9950 0.0987 -0.0138
vn 0.9950 -0.0988 0.0134
vn 0.9950 -0.0991 0.0135
vn 0.9950 -0.0989 0.0134
vn 0.9950 -0.0987 0.0134
vn 0.9554 -0.2927 0.0385
vn 0.9554 -0.2927 0.0386
vn 0.8781 -0.4746 0.0606
vn 0.7668 -0.6370 0.0790
vn 0.6267 -0.7736 0.0934
vn 0.6267 -0.7737 0.0934
vn 0.4639 -0.8798 0.1038
vn 0.4638 -0.8798 0.1038
vn 0.2848 -0.9522 0.1104
vn 0.2848 -0.9522 0.1105
vn 0.0960 -0.9889 0.1137
vn 0.0961 -0.9889 0.1137
vn -0.0960 -0.9889 0.1138
vn -0.0959 -0.9889 0.1137
vn -0.0961 -0.9889 0.1138
vn -0.2848 -0.9522 0.1105
vn -0.2847 -0.9522 0.1105
vn -0.4639 -0.8798 0.1038
vn -0.4638 -0.8798 0.1038
vn -0.6267 -0.7736 0.0934
vn -0.7669 -0.6369 0.0790
vn -0.7668 -0.6370 0.0790
vn -0.8781 -0.4746 0.0606
vn -0.9554 -0.2927 0.0386
vn -0.9554 -0.2928 0.0386
vn -0.9950 -0.0989 0.0134
vn -0.9950 0.0988 -0.0138
vn -0.9950 0.0987 -0.0138
vn -0.9556 0.2918 -0.0417
vn -0.9555 0.2919 -0.0418
vn -0.8786 0.4725 -0.0691
vn -0.7679 0.6336 -0.0944
vn -0.7678 0.6337 -0.0944
vn -0.6283 0.7692 -0.1163
vn -0.4655 0.8749 -0.1338
vn -0.4656 0.8748 -0.1338
vn -0.2861 0.9470 -0.1459
vn -0.0949 0.8963 -0.4332
vn -0.0948 0.8963 -0.4332
vn 0.0949 0.8963 -0.4332
vn 0.0948 0.8963 -0.4332
vn 0.2816 0.8645 -0.4164
vn 0.2815 0.8645 -0.4164
vn 0.4591 0.8015 -0.3832
vn 0.4591 0.8015 -0.3833
vn 0.6213 0.7083 -0.3350
vn 0.7618 0.5872 -0.2736
vn 0.7619 0.5872 -0.2736
vn 0.8746 0.4411 -0.2016
vn 0.8746 0.4410 -0.2016
vn 0.8745 0.4411 -0.2016
vn 0.9537 0.2745 -0.1225
vn 0.9538 0.2745 -0.1225
vn 0.9948 0.0936 -0.0406
vn 0.9948 0.0935 -0.0406
vn 0.9948 -0.0943 0.0396
vn 0.9531 -0.2806 0.1134
vn 0.8720 -0.4563 0.1771
vn 0.8720 -0.4564 0.1771
vn 0.7563 -0.6132 0.2280
vn 0.7564 -0.6131 0.2280
vn 0.6131 -0.7441 0.2654
vn 0.6131 -0.7441 0.2653
vn 0.4499 -0.8446 0.2902
vn 0.2743 -0.9121 0.3047
vn 0.0921 -0.9459 0.3112
vn -0.0921 -0.9459 0.3112
vn -0.0920 -0.9459 0.3112
vn -0.2743 -0.9121 0.3047
vn -0.4499 -0.8446 0.2902
vn -0.6131 -0.7441 0.2654
vn -0.6130 -0.7442 0.2653
vn -0.7564 -0.6131 0.2280
vn -0.7563 -0.6132 0.2280
vn -0.8720 -0.4563 0.1771
vn -0.9531 -0.2806 0.1134
vn -0.9948 -0.0942 0.0396
vn -0.9948 -0.0943 0.0396
vn -0.9947 -0.0944 0.0396
vn -0.9948 0.0935 -0.0406
vn -0.9948 0.0936 -0.0406
vn -0.9538 0.2745 -0.1225
vn -0.9537 0.2746 -0.1225
vn -0.9537 0.2745 -0.1225
vn -0.8746 0.4410 -0.2016
vn -0.8746 0.4411 -0.2016
vn -0.7618 0.5872 -0.2736
vn -0.7619 0.5871 -0.2736
vn -0.6213 0.7083 -0.3350
vn -0.6214 0.7083 -0.3350
vn -0.4591 0.8015 -0.3833
vn -0.4591 0.8014 -0.3833
vn -0.2816 0.8645 -0.4164
vn -0.2903 0.6601 -0.6928
vn 0.2902 -0.6601 0.6928
vn -0.0000 -0.1967 0.9805
vn 0.0001 -0.1967 0.9805
vn -0.0000 0.1967 -0.9805
vn 0.9569 -0.2003 0.2102
vn 0.6344 -0.5333 0.5596
vn -0.9569 -0.2003 0.2102
vn -0.7730 0.4377 -0.4593
vn -0.0001 -0.1967 0.9805
vn 0.0001 0.1967 -0.9805
vn -0.0001 0.1967 -0.9805
vn -0.7688 -0.4467 0.4576
vn -0.7688 -0.4466 0.4576
vn -0.6272 -0.5450 0.5563
vn -0.6273 -0.5450 0.5563
vn -0.6272 -0.5451 0.5563
vn -0.8793 -0.3316 0.3418
vn -0.8793 -0.3317 0.3418
vn -0.8793 -0.3317 0.3419
vn -0.9558 -0.2039 0.2119
vn -0.9557 -0.2041 0.2120
vn -0.9557 -0.2040 0.2120
vn -0.9951 -0.0682 0.0713
vn -0.6344 0.5333 -0.5596
vn -0.4715 0.6084 -0.6385
vn -0.2902 0.6602 -0.6928
vn 0.2902 0.6601 -0.6928
vn 0.6344 0.5333 -0.5596
vn 0.9558 -0.2039 0.2119
vn 0.9557 -0.2040 0.2120
vn 0.9557 -0.2041 0.2121
vn 0.9952 -0.0678 0.0708
vn 0.9951 -0.0684 0.0718
vn 0.8793 -0.3317 0.3418
vn 0.7689 -0.4466 0.4576
vn 0.7688 -0.4467 0.4576
vn 0.7688 -0.4466 0.4576
vn 0.6273 -0.5450 0.5563
vn 0.6272 -0.5450 0.5563
vn 0.6272 -0.5451 0.5563
vn -0.0000 -0.1968 0.9804
vn -0.0000 -0.1968 0.9805
vn 0.7330 -0.6747 0.0863
vn 0.6525 -0.7355 -0.1822
vn 0.7696 -0.5505 0.3235
vn 0.5266 0.0911 0.8452
vn 0.2784 -0.6020 0.7484
vn 0.3532 -0.8401 0.4116
vn 0.8042 -0.5772 0.1414
vn 0.4220 -0.7320 -0.5349
vn 0.5390 -0.2918 -0.7901
vn 0.2933 -0.7533 -0.5887
vn 0.3272 -0.8272 -0.4568
vn -0.1893 -0.8924 0.4096
vn -0.0635 -0.7928 0.6062
vn -0.1748 -0.7657 -0.6190
vn 0.0370 -0.5629 -0.8257
vn -0.0368 -0.5609 -0.8271
vn 0.0610 -0.7821 0.6201
vn 0.2350 -0.8732 0.4269
vn -0.1219 -0.9911 -0.0528
vn -0.3592 -0.1880 -0.9141
vn -0.8713 -0.4508 -0.1940
vn -0.3619 -0.9244 -0.1205
vn -0.9254 -0.3515 -0.1414
vn -0.8480 -0.4962 0.1860
vn -0.4338 -0.8349 0.3389
vn -0.0026 -0.9742 0.2257
vn 0.3962 -0.8276 0.3976
vn -0.8695 -0.2774 0.4086
vn -0.7672 -0.5220 0.3728
vn 0.6651 -0.7413 0.0904
vn 0.2746 -0.9245 0.2644
vn 0.0470 -0.9954 -0.0838
vn -0.4620 -0.8688 0.1779
vn -0.3346 -0.8842 0.3259
vn 0.7189 -0.6749 -0.1662
vn 0.1277 -0.9579 0.2572
vn -0.4303 -0.8456 0.3158
vn 0.3813 -0.8612 0.3360
vn -0.8683 -0.2758 0.4124
vn -0.7646 -0.5176 0.3841
vn -0.4192 -0.8943 0.1567
vn 0.3666 -0.1773 -0.9133
vn 0.2800 -0.6640 -0.6933
vn 0.2591 -0.1493 -0.9543
vn 0.2997 -0.0673 -0.9517
vn 0.2933 -0.1235 -0.9480
vn -0.3554 -0.2432 -0.9025
vn -0.2490 -0.2393 -0.9385
vn -0.2620 -0.6514 -0.7121
vn -0.5083 -0.2943 -0.8094
vn -0.2010 -0.0880 -0.9756
vn -0.1697 -0.0527 -0.9841
vn -0.4618 -0.1000 -0.8813
vn -0.0032 0.9640 -0.2659
vn 0.0002 -0.2139 -0.9769
vn 0.6890 0.4331 -0.5812
vn 0.3762 0.3377 -0.8628
vn 0.3931 0.9041 -0.1675
vn 0.4703 -0.2217 -0.8542
vn -0.0005 -0.2063 -0.9785
vn -0.7887 -0.5921 0.1655
vn -0.6179 -0.7118 0.3341
vn -0.4417 -0.8673 0.2297
vn -0.3581 -0.6205 0.6977
vn -0.8790 -0.2935 -0.3757
vn -0.1755 -0.9771 0.1202
vn -0.7890 -0.1940 0.5829
vn -0.5649 -0.7992 0.2053
vn -0.6542 -0.2801 0.7025
vn -0.1917 -0.8981 -0.3959
vn -0.0314 -0.4058 0.9134
vn 0.0479 -0.5068 0.8608
vn -0.0752 -0.4894 0.8688
vn 0.0039 -0.7019 0.7123
vn 0.2224 -0.5143 0.8283
vn 0.1016 -0.2661 0.9586
vn -0.0599 -0.4010 0.9141
vn -0.0140 -0.6979 0.7161
vn -0.3163 -0.6561 0.6852
vn 0.1508 0.0809 0.9853
vn -0.1509 0.0952 0.9839
vn -0.3797 -0.8384 0.3911
vn -0.6897 -0.4047 0.6004
vn 0.3767 -0.8407 0.3891
vn 0.6897 -0.4047 0.6004
vn 0.0632 -0.4040 0.9126
vn -0.0253 0.9521 -0.3049
vn 0.3341 0.5581 -0.7596
vn 0.2307 0.4395 -0.8681
vn 0.0756 0.4377 -0.8959
vn -0.0628 0.9499 -0.3063
vn 0.0469 0.9832 -0.1763
vn 0.1068 0.4253 -0.8987
vn 0.3154 0.9384 -0.1416
vn -0.0416 0.9855 -0.1644
vn 0.0564 0.7571 -0.6509
vn -0.0761 0.4559 -0.8868
vn -0.2317 0.4190 -0.8779
vn -0.0073 0.9986 -0.0530
vn -0.0160 0.9880 0.1539
vn -0.5115 0.8401 0.1804
vn -0.3400 0.9351 -0.0998
vn -0.2180 0.9751 -0.0411
vn 0.5563 0.8286 0.0622
vn -0.1155 0.8615 -0.4944
vn 0.6677 0.5595 0.4910
vn 0.4459 0.5279 0.7228
vn 0.2336 0.5374 0.8104
vn 0.2851 0.5567 0.7803
vn 0.3344 0.9344 -0.1226
vn -0.0883 0.4508 0.8882
vn -0.1359 0.5839 0.8003
vn -0.8403 0.2076 0.5009
vn -0.4838 0.8749 0.0210
vn -0.1410 0.7413 -0.6562
vn 0.4799 0.7527 -0.4506
vn 0.9132 0.3649 0.1812
vn -0.8775 0.4790 0.0255
vn -0.0297 0.9717 -0.2343
vn -0.8013 0.4706 -0.3694
vn -0.5364 0.5894 0.6040
vn 0.3162 0.9215 0.2254
vn 0.4626 0.5379 0.7047
vn 0.3091 0.9490 0.0618
vn -0.1285 0.9453 -0.2999
vn -0.1180 -0.8669 0.4843
vn 0.0193 0.9884 -0.1507
vn -0.1926 0.9803 0.0435
vn -0.1866 0.9392 0.2884
vn -0.3285 0.8981 -0.2923
vn -0.5271 0.8072 0.2657
vn -0.0621 0.9981 0.0016
vn -0.1017 0.8639 0.4933
vn 0.0789 0.9969 -0.0003
vn 0.2567 0.9662 0.0217
vn -0.0232 -0.0162 0.9996
vn 0.2727 0.6946 0.6658
vn -0.0021 0.6850 0.7286
vn 0.4707 0.7955 0.3816
vn 0.0221 0.5843 0.8112
vn 0.0113 0.6214 0.7834
vn 0.1853 0.5277 0.8290
vn -0.2381 0.9709 -0.0257
vn -0.1310 0.8752 0.4657
vn 0.0279 0.9913 -0.1289
vn -0.3136 0.6459 -0.6961
vn 0.3030 0.6083 -0.7336
vn 0.5425 0.8321 -0.1153
vn 0.6665 0.7398 0.0918
vn 0.7758 0.4703 -0.4207
vn 0.3878 0.6935 0.6071
vn 0.9339 0.3174 -0.1644
vn 0.9998 0.0130 0.0149
vn 0.3681 0.9296 0.0179
vn 0.9247 0.3311 0.1878
vn 0.4958 0.8679 0.0315
vn 0.1691 0.9853 -0.0258
vn 0.0147 0.9996 -0.0225
vn -0.0031 0.9933 -0.1153
vn -0.2354 0.9705 0.0521
vn -0.3274 0.9375 0.1181
vn 0.0947 0.9766 -0.1931
vn 0.4733 0.7026 -0.5314
vn 0.0122 0.9929 -0.1185
vn 0.8964 0.4415 -0.0387
vn 0.6449 0.7581 0.0969
vn 0.4122 0.9081 -0.0734
vn 0.9892 -0.1421 -0.0370
vn 0.9410 -0.2586 0.2181
vn -0.0172 0.9868 -0.1613
vn 0.0851 0.4168 -0.9050
vn 0.1240 -0.8746 0.4687
vn -0.0352 0.9911 0.1285
vn -0.0169 0.9966 0.0807
vn -0.4189 0.8681 0.2662
vn 0.3755 0.9080 0.1860
vn -0.0872 0.9871 -0.1344
vn -0.8879 0.4221 0.1830
vn -0.8536 0.4681 -0.2284
vn -0.7933 0.3962 -0.4623
vn 0.8381 0.4414 0.3207
vn 0.6089 0.4039 0.6827
vn 0.7376 0.2031 0.6439
vn 0.4226 0.5228 0.7403
vn 0.1873 0.9667 0.1742
vn 0.9542 0.1556 -0.2554
vn -0.2535 0.7469 0.6148
vn -0.1162 0.5439 0.8310
vn -0.4346 0.8985 0.0617
vn 0.1998 0.6332 -0.7477
vn -0.3543 0.6023 -0.7154
vn 0.6648 0.5412 -0.5150
vn 0.6805 0.1731 -0.7120
vn 0.9267 0.3084 -0.2149
vn -0.7671 0.3141 0.5594
vn 0.2663 0.9425 -0.2018
vn 0.0832 0.1391 0.9868
vn 0.5532 -0.1190 0.8245
vn 0.3157 0.8630 0.3943
vn -0.2069 0.6598 0.7224
vn -0.8347 0.3448 -0.4295
vn -0.9613 0.1995 0.1899
vn -0.1088 0.8752 0.4713
vn -0.1474 0.9890 0.0125
vn 0.0118 0.9900 -0.1408
vn -0.3771 0.8792 -0.2910
vn 0.0027 0.9920 -0.1261
vn 0.0380 0.9873 0.1546
vn 0.0048 0.9903 -0.1386
vn 0.0240 0.9927 0.1181
vn 0.8282 -0.1460 -0.5411
vn 0.5094 -0.2475 -0.8242
vn 0.6204 -0.1027 -0.7776
vn 0.7739 -0.1451 -0.6165
vn 0.9541 -0.0903 -0.2857
vn 0.9949 -0.0778 -0.0648
vn -0.9698 0.1615 0.1826
vn 0.9962 -0.0427 -0.0758
vn 0.9992 0.0090 0.0391
vn 0.9792 -0.0765 0.1881
vn 0.9789 -0.0745 -0.1901
vn 0.9751 -0.2098 0.0722
vn 0.8147 -0.0863 0.5735
vn 0.9386 -0.0763 0.3364
vn 0.4723 -0.1354 0.8710
vn 0.5989 0.1731 0.7819
vn -0.9134 -0.0610 -0.4026
vn -0.9042 0.4208 -0.0733
vn -0.7609 0.6326 -0.1446
vn 0.2372 0.9653 -0.1091
vn -0.9368 0.3017 0.1770
vn 0.1085 0.9940 0.0150
vn -0.3032 0.4106 0.8599
vn -0.5165 0.5122 0.6862
vn -0.5871 -0.1682 0.7919
vn -0.9301 -0.0979 0.3539
vn -0.4415 -0.8919 0.0981
vn -0.8417 -0.4704 0.2650
vn -0.9914 -0.0575 0.1175
vn -0.9386 -0.3256 0.1144
vn -0.6020 -0.7938 0.0864
vn -0.9860 -0.1667 0.0084
vn -0.8547 -0.1017 -0.5091
vn -0.9435 -0.0437 -0.3284
vn -0.8592 -0.1058 -0.5007
vn -0.0865 -0.6961 0.7127
vn -0.0000 -0.7649 0.6442
vn -0.0000 -0.7653 0.6437
vn 0.0865 -0.6965 0.7123
vn -0.9324 0.2840 -0.2237
vn -0.3860 0.8512 -0.3556
vn -0.1573 0.9871 -0.0310
vn -0.7142 0.6505 0.2584
vn -0.9522 0.2916 -0.0914
vn -0.5041 -0.4950 -0.7076
vn -0.8722 0.4010 -0.2800
vn -0.9804 0.1569 -0.1192
vn -0.6759 0.6352 -0.3738
vn -0.0760 0.0735 -0.9944
vn -0.6922 0.6863 -0.2233
vn -0.2702 0.6497 -0.7106
vn -0.8184 0.5731 -0.0425
vn -0.4953 0.8562 0.1468
vn -0.1333 0.7455 0.6530
vn -0.6024 0.7588 -0.2476
vn -0.3323 0.7761 0.5359
vn 0.9518 0.2607 -0.1618
vn 0.9247 0.3807 -0.0089
vn 0.9530 0.2933 -0.0764
vn 0.9971 0.0308 -0.0700
vn 0.9858 -0.0030 -0.1678
vn 0.8423 0.4295 -0.3258
vn 0.8542 0.4969 -0.1530
vn 0.9788 0.1788 0.0999
vn 0.8106 0.5154 -0.2780
vn 0.2850 0.9476 -0.1444
vn -0.0625 0.0294 -0.9976
vn -0.5991 0.6319 -0.4917
vn -0.1546 0.5015 -0.8512
vn 0.2546 0.0740 -0.9642
vn 0.1638 0.4224 -0.8915
vn 0.7065 0.6505 -0.2788
vn 0.0987 -0.1643 -0.9815
vn -0.0578 -0.1079 -0.9925
vn -0.0020 -0.3066 -0.9518
vn 0.2795 0.5404 -0.7936
vn -0.6194 0.6826 -0.3878
vn -0.0595 -0.1287 -0.9899
vn 0.6095 0.6892 -0.3918
vn -0.4074 -0.9101 -0.0759
vn 0.2572 -0.9378 0.2330
vn 0.0001 -0.9599 -0.2804
vn 0.0048 -0.8566 0.5159
vn -0.0184 -0.5841 0.8115
vn 0.0296 -0.9693 -0.2440
vn 0.0459 -0.7209 0.6916
vn -0.0505 -0.7085 0.7039
vn 0.0625 -0.9609 -0.2698
vn -0.0299 -0.9679 0.2494
vn 0.4567 -0.5515 0.6980
vn -0.2359 -0.7307 0.6406
vn 0.8506 0.0668 0.5216
vn 0.0069 -0.4998 0.8661
vn 0.5315 -0.4333 0.7278
vn 0.2361 -0.7270 0.6448
vn 0.1444 -0.8924 0.4276
vn -0.8355 0.0320 0.5485
vn -0.4812 -0.4888 0.7277
vn 0.6560 -0.5750 -0.4889
vn -0.0287 -0.2648 -0.9639
vn 0.6772 -0.6441 -0.3557
vn 0.7905 0.5045 0.3474
vn 0.7092 0.5283 -0.4668
vn 0.8056 0.1266 0.5787
vn -0.7904 0.5058 0.3457
vn -0.8049 0.1296 0.5791
vn -0.7092 0.5272 -0.4681
vn -0.0243 -0.1875 -0.9820
vn 0.0577 -0.1493 -0.9871
vn -0.0890 -0.1373 -0.9865
vn 0.0709 -0.2012 -0.9770
vn -0.7547 0.2948 -0.5860
vn 0.4837 0.1122 -0.8680
vn -0.6789 0.6048 0.4163
vn -0.9326 0.3544 0.0684
vn -0.9204 0.3842 0.0730
vn -0.6191 0.7714 0.1474
vn -0.9606 0.2777 0.0094
vn -0.6310 0.4210 0.6516
vn -0.1091 0.4861 0.8671
vn -0.0972 0.4144 0.9049
vn -0.6289 0.4413 0.6401
vn 0.1356 0.4177 0.8984
vn 0.1644 0.3289 0.9300
vn -0.6560 -0.5751 -0.4887
vn -0.6772 -0.6442 -0.3557
vn 0.0287 -0.2648 -0.9639
vn -0.6641 0.5437 0.5132
vn -0.7431 0.1506 0.6520
vn -0.7539 0.5556 -0.3506
vn 0.6633 0.5429 0.5150
vn 0.7540 0.5558 -0.3500
vn 0.7440 0.1486 0.6515
vn 0.7547 0.2949 -0.5861
vn 0.0903 -0.1365 -0.9865
vn 0.0343 -0.1894 -0.9813
vn -0.4836 0.1122 -0.8681
vn -0.0709 -0.2012 -0.9770
vn -0.0577 -0.1493 -0.9871
vn -0.9013 0.3774 0.2127
vn -0.9407 0.3095 0.1391
vn -0.8655 0.4462 0.2278
vn -0.5910 0.6263 0.5085
vn -0.6355 0.7261 0.2626
vn 0.7443 0.4128 0.5250
vn 0.9937 0.0969 -0.0568
vn 0.9153 0.4013 0.0344
vn 0.9463 0.3011 -0.1174
vn 0.4991 0.8645 -0.0602
vn 0.9856 0.1557 -0.0660
vn 0.4619 0.6160 -0.6382
vn 0.6741 0.2969 -0.6763
vn -0.5952 0.4102 0.6910
vn -0.1067 0.4770 0.8724
vn -0.0978 0.4058 0.9087
vn -0.5872 0.4342 0.6831
vn 0.1470 0.4225 0.8944
vn 0.1792 0.3315 0.9263
vn 0.7200 0.3273 -0.6120
vn 0.8482 0.5286 0.0328
vn 0.9766 0.2139 0.0229
vn 0.4242 0.5215 0.7403
vn 0.8792 0.3214 0.3517
vn 0.3139 0.4767 0.8211
vn -0.0499 -0.2515 0.9666
vn -0.3978 0.6496 0.6479
vn -0.2197 -0.1898 0.9569
vn -0.4422 0.3245 0.8361
vn -0.0001 -0.3185 0.9479
vn 0.4674 -0.7510 0.4665
vn -0.2188 -0.6235 0.7506
vn 0.0351 -0.8138 0.5801
vn -0.3004 -0.6279 0.7180
vn -0.9454 -0.1191 0.3034
vn -0.1653 -0.5527 0.8168
vn 0.2610 -0.6403 0.7224
vn 0.1654 -0.5527 0.8168
vn 0.9454 -0.1191 0.3034
vn -0.0351 -0.8138 0.5801
vn 0.3004 -0.6279 0.7180
vn -0.0979 -0.6980 0.7094
vn -0.0980 -0.6980 0.7094
vn 0.0979 -0.6980 0.7094
vn -0.2820 -0.6724 0.6844
vn -0.2819 -0.6724 0.6844
vn -0.4575 -0.6227 0.6347
vn -0.4580 -0.6225 0.6346
vn 0.4575 -0.6227 0.6348
vn 0.4580 -0.6226 0.6345
vn 0.2820 -0.6724 0.6844
vn -0.0979 0.6884 -0.7187
vn -0.0979 0.6980 -0.7094
vn 0.0979 0.6980 -0.7094
vn 0.0979 0.6884 -0.7187
vn 0.2818 0.6724 -0.6845
vn 0.2881 0.6623 -0.6916
vn 0.2885 0.6623 -0.6915
vn 0.2882 0.6623 -0.6916
vn 0.4532 0.6158 -0.6445
vn 0.4579 0.6225 -0.6347
vn 0.4573 0.6226 -0.6350
vn 0.6289 0.5439 -0.5556
vn 0.6290 0.5438 -0.5556
vn 0.6325 0.5343 -0.5608
vn 0.6330 0.5341 -0.5604
vn 0.6328 0.5342 -0.5606
vn 0.6329 0.5342 -0.5604
vn 0.7693 0.4459 -0.4576
vn 0.7693 0.4459 -0.4575
vn 0.8796 0.3310 -0.3418
vn 0.9558 0.2035 -0.2121
vn 0.9558 0.2035 -0.2120
vn 0.9952 0.0676 -0.0709
vn 0.9952 0.0677 -0.0711
vn -0.6344 -0.5333 0.5597
vn -0.9952 0.0678 -0.0711
vn -0.9559 0.2034 -0.2120
vn -0.9558 0.2034 -0.2120
vn -0.9558 0.2035 -0.2120
vn -0.9558 0.2035 -0.2121
vn -0.8796 0.3310 -0.3418
vn -0.8795 0.3310 -0.3418
vn -0.8795 0.3310 -0.3419
vn -0.7693 0.4459 -0.4576
vn -0.7692 0.4459 -0.4576
vn -0.6325 0.5344 -0.5606
vn -0.6329 0.5342 -0.5604
vn -0.6329 0.5341 -0.5604
vn -0.6328 0.5342 -0.5605
vn -0.6289 0.5438 -0.5556
vn -0.6289 0.5439 -0.5556
vn -0.4575 0.6226 -0.6349
vn -0.4578 0.6225 -0.6348
vn -0.4574 0.6227 -0.6349
vn -0.4532 0.6158 -0.6445
vn -0.2882 0.6623 -0.6916
vn -0.2883 0.6623 -0.6916
vn -0.2818 0.6724 -0.6845
vn -0.0525 -0.9789 -0.1974
vn -0.0000 -0.7240 -0.6898
vn -0.0001 -0.7239 -0.6899
vn -0.0007 -0.7239 -0.6899
vn 0.0001 -0.7239 -0.6899
vn 0.0002 -0.7239 -0.6899
vn 0.0525 -0.9789 -0.1974
vn -0.1559 -0.9652 -0.2099
vn -0.2549 -0.9379 -0.2351
vn -0.2549 -0.9380 -0.2351
vn -0.3459 -0.8977 -0.2731
vn -0.4252 -0.8453 -0.3235
vn -0.4888 -0.7828 -0.3850
vn -0.5335 -0.7127 -0.4555
vn -0.5565 -0.6380 -0.5322
vn -0.5565 -0.5624 -0.6116
vn -0.5335 -0.4894 -0.6898
vn -0.4889 -0.4222 -0.7633
vn -0.4253 -0.3638 -0.8287
vn -0.4253 -0.3637 -0.8287
vn -0.3460 -0.3159 -0.8834
vn -0.2550 -0.2799 -0.9255
vn -0.1559 -0.2560 -0.9540
vn -0.0524 -0.2441 -0.9683
vn 0.0524 -0.2441 -0.9683
vn 0.1559 -0.2560 -0.9540
vn 0.2550 -0.2799 -0.9255
vn 0.3460 -0.3159 -0.8834
vn 0.4253 -0.3638 -0.8287
vn 0.4889 -0.4222 -0.7633
vn 0.5335 -0.4894 -0.6898
vn 0.5565 -0.5624 -0.6116
vn 0.5565 -0.6380 -0.5322
vn 0.5335 -0.7127 -0.4555
vn 0.4888 -0.7828 -0.3850
vn 0.4252 -0.8453 -0.3235
vn 0.3459 -0.8977 -0.2731
vn 0.2549 -0.9379 -0.2351
vn 0.2549 -0.9380 -0.2351
vn 0.1559 -0.9652 -0.2099
vn 0.0514 0.9764 0.2098
vn 0.0514 0.9764 0.2097
vn 0.1528 0.9630 0.2220
vn -0.0514 0.9764 0.2097
vn -0.4166 0.3738 0.8287
vn -0.3029 0.3049 0.9029
vn 0.1217 0.1168 0.9857
vn 0.0578 0.1785 0.9822
vn 0.1274 0.1868 0.9741
vn -0.1217 0.1168 0.9857
vn 0.2498 0.9363 0.2467
vn -0.4792 0.4312 0.7645
vn -0.0578 0.1785 0.9822
vn 0.3390 0.8969 0.2839
vn -0.5229 0.4969 0.6926
vn 0.4168 0.8457 0.3333
vn -0.5455 0.5685 0.6158
vn -0.5455 0.5685 0.6159
vn 0.4792 0.7845 0.3937
vn -0.5455 0.6426 0.5381
vn 0.5230 0.7157 0.4628
vn -0.5230 0.7157 0.4628
vn 0.5455 0.6426 0.5381
vn -0.4792 0.7845 0.3937
vn 0.5455 0.5685 0.6159
vn -0.4168 0.8457 0.3333
vn 0.5229 0.4969 0.6926
vn -0.3390 0.8969 0.2839
vn 0.4792 0.4312 0.7645
vn -0.2498 0.9363 0.2467
vn 0.4166 0.3738 0.8287
vn -0.1528 0.9630 0.2220
vn -0.1274 0.1868 0.9741
vn 0.3029 0.3049 0.9029
vn -0.0980 0.6884 -0.7187
vn 0.0980 0.6884 -0.7187
vn 0.2894 0.6620 -0.6914
vn 0.2902 0.6619 -0.6911
vn 0.2897 0.6620 -0.6913
vn 0.2893 0.6620 -0.6914
vn 0.4654 0.6115 -0.6400
vn 0.4654 0.6115 -0.6399
vn 0.6339 0.5336 -0.5599
vn 0.6340 0.5336 -0.5598
vn 0.6339 0.5336 -0.5598
vn -0.6339 0.5336 -0.5599
vn -0.6343 0.5333 -0.5597
vn -0.6341 0.5335 -0.5598
vn -0.6338 0.5337 -0.5599
vn -0.4654 0.6115 -0.6400
vn -0.4654 0.6114 -0.6400
vn -0.2895 0.6620 -0.6913
vn -0.2897 0.6620 -0.6913
vn -0.2894 0.6621 -0.6913
vn -0.9762 -0.1036 0.1907
vn -0.9699 -0.1395 0.1996
vn -0.8726 -0.3815 0.3050
vn -0.6213 0.0478 0.7821
vn -0.6956 -0.5308 0.4842
vn -0.8370 -0.4429 0.3214
vn -0.8651 -0.4003 0.3024
vn -0.9171 -0.3677 0.1543
vn -0.9351 -0.3493 0.0600
vn -0.9538 -0.2984 0.0357
vn -0.9565 -0.2917 -0.0015
vn 0.2789 -0.2217 0.9344
vn 0.2382 -0.5121 0.8252
vn 0.1597 -0.5105 0.8449
vn 0.1332 -0.1378 0.9815
vn -0.1905 -0.3849 0.9031
vn -0.2519 -0.0568 0.9661
vn -0.3092 0.0937 0.9464
vn -0.3021 -0.5053 0.8083
vn -0.1525 -0.0526 0.9869
vn -0.1387 0.1237 0.9826
vn -0.2016 0.2273 0.9527
vn 0.0122 -0.1627 0.9866
vn 0.5359 -0.3976 0.7448
vn 0.0004 -0.6531 -0.7572
vn 0.0022 -0.6830 -0.7304
vn 0.0032 -0.7237 -0.6901
vn -0.0322 -0.7974 -0.6026
vn 0.4013 -0.8057 0.4357
vn 0.0003 -0.8981 -0.4399
vn -0.0151 -0.9062 -0.4225
vn -0.4015 -0.8034 0.4398
vn -0.1479 -0.7373 -0.6591
vn -0.0477 -0.8411 -0.5388
vn -0.0033 -0.6454 -0.7638
vn 0.6115 0.0477 0.7898
vn 0.9613 -0.1369 0.2390
vn 0.9542 -0.1642 0.2501
vn 0.8836 -0.3271 0.3350
vn 0.8914 -0.3362 0.3038
vn 0.9524 -0.2359 0.1931
vn 0.9057 -0.3701 0.2067
vn 0.9882 -0.1443 0.0512
vn 0.9521 -0.3018 0.0486
vn 0.6768 -0.5335 0.5072
vn -0.0524 -0.1476 0.9877
vn 0.3207 0.2513 0.9132
vn 0.1951 0.2915 0.9365
vn 0.3319 0.5785 0.7451
vn 0.6288 0.3768 0.6802
vn 0.6584 0.3804 0.6495
vn 0.6800 0.3624 0.6374
vn 0.2509 -0.2689 0.9299
vn 0.2262 0.7400 0.6335
vn 0.5960 0.4210 0.6837
vn -0.1465 0.6995 0.6995
vn -0.1815 0.6153 0.7671
vn -0.1637 0.7019 0.6932
vn 0.3673 0.4264 0.8266
vn 0.5382 0.5287 0.6564
vn -0.1965 0.0332 0.9799
vn -0.5055 0.2099 0.8369
vn -0.3318 0.4510 0.8285
vn -0.3031 -0.0812 0.9495
vn -0.6419 0.1810 0.7451
vn -0.8950 0.2636 0.3599
vn -0.9626 0.2605 0.0740
vn -0.3806 -0.4096 0.8291
vn -0.0286 -0.2656 0.9637
vn 0.0774 -0.3084 0.9481
vn 0.0504 -0.2894 0.9559
vn 0.0760 -0.3087 0.9481
vn -0.0000 -0.3155 0.9489
vn 0.0663 -0.2848 0.9563
vn 0.5812 -0.3022 0.7555
vn -0.0545 -0.2021 0.9779
vn 0.0875 -0.3660 0.9265
vn 0.5723 0.6541 0.4947
vn -0.4131 0.6235 0.6638
vn -0.3161 0.5456 0.7761
vn 0.5320 0.8327 0.1537
vn -0.3450 0.4207 0.8390
vn -0.0952 0.4852 0.8692
vn -0.1469 -0.3293 0.9327
vn -0.3158 -0.7983 0.5129
vn 0.0717 -0.8178 0.5711
vn 0.0202 -0.5605 0.8279
vn -0.5498 -0.1019 0.8291
vn 0.3197 0.0647 0.9453
vn 0.2667 0.6951 0.6676
vn -0.2797 0.5002 0.8195
vn 0.2138 0.6107 0.7625
vn 0.4920 0.5586 0.6678
vn -0.0547 0.4003 0.9147
vn 0.6741 0.4730 0.5674
vn -0.4648 -0.2383 0.8528
vn -0.4107 -0.6059 0.6813
vn -0.0566 -0.0066 0.9984
vn -0.0241 -0.4789 0.8776
vn -0.3510 -0.8911 0.2878
vn 0.3888 -0.5347 0.7503
vn 0.2337 -0.9624 0.1387
vn -0.6075 -0.7568 -0.2413
vn -0.0254 -0.9996 0.0145
vn -0.3530 -0.9275 0.1232
vn -0.8303 -0.3427 0.4396
vn -0.3167 -0.9176 0.2403
vn -0.1171 -0.4157 0.9019
vn 0.0784 -0.1002 0.9919
vn 0.0216 -0.7891 0.6139
vn 0.3468 0.3580 0.8669
vn 0.3354 -0.5149 0.7889
vn 0.7655 0.2619 0.5877
vn -0.1244 0.9883 0.0882
vn 0.6260 0.7779 0.0552
vn -0.0646 0.9448 -0.3213
vn 0.3495 0.9266 0.1386
vn -0.1788 0.9761 -0.1232
vn -0.5628 0.8042 0.1911
vn -0.9760 -0.0377 0.2145
vn -0.5577 0.3583 0.7487
vn -0.7337 0.4988 -0.4614
vn -0.6315 -0.4895 -0.6014
vn -0.9051 -0.4017 -0.1392
vn -0.4180 0.0438 -0.9074
vn 0.6406 0.4782 -0.6008
vn 0.7476 -0.3586 -0.5589
vn 0.5309 -0.3623 -0.7661
vn 0.8512 0.3469 -0.3938
vn 0.8515 -0.4014 -0.3375
vn 0.8611 0.4909 -0.1323
vn 0.9109 -0.4088 -0.0561
vn 0.9259 0.0037 0.3779
vn 0.8446 0.4820 0.2332
vn 0.8717 -0.3944 0.2908
vn 0.9005 -0.3195 0.2951
vn 0.8050 0.1911 0.5616
vn 0.5541 -0.7128 0.4300
vn 0.6114 0.1482 0.7773
vn 0.2774 0.0392 0.9600
vn 0.4374 0.7016 0.5625
vn 0.1943 0.5317 0.8243
vn 0.7510 0.6162 0.2374
vn 0.4174 0.5844 -0.6959
vn 0.3201 -0.4198 -0.8493
vn 0.2737 0.3647 -0.8900
vn 0.0671 -0.2240 -0.9723
vn 0.0944 0.4651 -0.8802
vn -0.1114 -0.1089 -0.9878
vn -0.0746 0.5589 -0.8259
vn -0.8387 0.4992 -0.2179
vn -0.3130 0.7296 -0.6080
vn 0.0461 0.9836 -0.1746
vn 0.3408 0.9224 -0.1815
vn 0.6183 0.7859 0.0123
vn 0.4380 0.8643 0.2473
vn 0.4605 0.8690 0.1812
vn 0.6486 0.7609 0.0208
vn 0.3754 0.8437 -0.3837
vn 0.9344 0.2171 -0.2823
vn 0.6757 0.5610 -0.4782
vn 0.8042 0.5166 0.2939
vn 0.3920 -0.7668 -0.5083
vn 0.6404 0.1340 -0.7562
vn -0.4620 -0.5095 -0.7260
vn 0.2054 -0.9327 -0.2965
vn -0.6012 -0.7892 -0.1252
vn 0.0193 -0.5603 -0.8281
vn 0.4004 -0.5166 -0.7568
vn 0.6176 -0.3025 -0.7260
vn 0.1422 0.5678 -0.8108
vn -0.0920 0.8985 -0.4293
vn 0.1135 0.9915 -0.0629
vn 0.0444 0.9970 -0.0630
vn 0.1114 0.9829 -0.1467
vn 0.1102 0.9112 -0.3969
vn -0.2095 0.9442 0.2543
vn -0.2688 0.9610 -0.0650
vn -0.6538 0.7227 -0.2240
vn -0.5385 0.4052 -0.7388
vn -0.8046 0.2217 -0.5509
vn -0.9159 0.2622 -0.3040
vn -0.7666 0.6156 -0.1825
vn -0.8422 0.5327 0.0833
vn -0.4194 0.8930 0.1634
vn -0.2301 0.7636 0.6033
vn 0.1164 0.7421 0.6601
vn 0.0024 0.9868 0.1619
vn -0.1019 0.2921 0.9509
vn -0.3483 -0.0349 0.9367
vn -0.4313 -0.6907 0.5804
vn -0.6713 0.0743 0.7375
vn -0.2700 -0.6389 0.7203
vn -0.9382 -0.2323 -0.2567
vn -0.8839 -0.4512 -0.1233
vn -0.6590 -0.6327 -0.4067
vn -0.8288 -0.2306 -0.5098
vn -0.4718 -0.8055 -0.3585
vn -0.6578 -0.1904 -0.7288
vn -0.4843 -0.5312 -0.6951
vn -0.6135 -0.7868 0.0677
vn -0.0340 -0.9690 0.2448
vn -0.7855 -0.3620 0.5020
vn -0.3666 0.1184 0.9228
vn 0.0488 0.5739 0.8175
vn -0.6897 0.2925 0.6624
vn 0.0765 0.7974 0.5986
vn 0.1603 0.6453 -0.7469
vn -0.6696 0.7325 0.1229
vn 0.0070 0.9799 0.1995
vn -0.5708 0.3296 -0.7520
vn 0.7289 0.6606 0.1795
vn -0.9996 -0.0281 -0.0093
vn -0.6148 -0.5691 -0.5460
vn -0.9894 -0.1407 -0.0371
vn -0.1522 -0.4608 -0.8743
vn -0.7382 -0.6159 -0.2752
vn 0.4991 0.0212 -0.8663
vn 0.0166 0.2056 -0.9785
vn -0.8068 0.1332 -0.5757
vn -0.9135 0.3861 -0.1281
vn -0.9023 0.2606 0.3435
vn -0.9232 -0.3668 0.1149
vn -0.6740 0.5908 0.4435
vn 0.7583 0.5290 0.3810
vn 0.5594 -0.8214 0.1113
vn 0.3125 -0.9422 -0.1212
vn 0.2194 -0.9663 -0.1349
vn 0.0083 -0.9124 -0.4091
vn -0.0716 -0.9157 -0.3955
vn -0.2757 -0.7721 -0.5725
vn -0.0309 -0.9948 -0.0968
vn -0.3294 -0.9414 0.0726
vn 0.4485 -0.8856 0.1205
vn 0.1372 -0.6779 0.7222
vn 0.3234 0.1481 0.9346
vn -0.1815 -0.0242 0.9831
vn 0.8374 -0.3012 0.4561
vn 0.6759 0.5534 0.4868
vn 0.9847 -0.1363 0.1088
vn 0.6149 -0.7178 0.3267
vn 0.0911 -0.9805 0.1740
vn 0.0156 -0.9947 0.1021
vn -0.5679 -0.5808 0.5833
vn -0.6048 0.4921 -0.6261
vn -0.9954 0.0166 -0.0941
vn -0.9983 0.0469 -0.0335
vn -0.6280 0.7740 -0.0807
vn -0.9997 0.0227 -0.0058
vn -0.9995 0.0095 0.0306
vn -0.9997 -0.0227 0.0058
vn -0.9983 -0.0469 0.0335
vn -0.6280 -0.7740 0.0807
vn -0.9995 -0.0095 -0.0306
vn -0.7521 -0.1027 -0.6510
vn -0.7782 -0.2338 -0.5829
vn -0.7520 0.1027 0.6512
vn -0.7781 0.2339 0.5830
vn -0.9954 -0.0166 0.0942
vn -0.6049 -0.4920 0.6261
vn -0.0525 0.2322 -0.9712
vn 0.2574 -0.0103 -0.9662
vn -0.0774 -0.1363 -0.9876
vn 0.1904 0.4473 -0.8739
vn 0.2945 -0.4423 -0.8471
vn -0.1056 -0.4656 -0.8787
vn 0.6220 -0.0658 -0.7802
vn 0.9956 0.0246 -0.0907
vn 0.9982 -0.0210 -0.0567
vn 0.9987 0.0412 -0.0293
vn 0.6438 0.4741 -0.6007
vn 0.6690 0.7393 -0.0765
vn 0.9993 0.0349 0.0112
vn 0.6647 0.5742 0.4780
vn 0.9982 0.0210 0.0567
vn 0.6438 -0.4741 0.6006
vn 0.9987 -0.0412 0.0293
vn 0.9956 -0.0246 0.0907
vn 0.6220 0.0659 0.7803
vn 0.6690 -0.7394 0.0765
vn 0.9993 -0.0350 -0.0112
vn 0.6649 -0.5741 -0.4779
vn -0.2300 0.3514 -0.9075
vn -0.0636 -0.0086 -0.9979
vn -0.2500 -0.4109 -0.8767
vn 0.2285 -0.4026 -0.8864
vn 0.0952 0.2655 -0.9594
vn -0.1595 -0.6520 -0.7413
vn 0.2077 -0.5210 -0.8279
vn 0.0037 -0.9009 -0.4339
vn -0.0004 -0.9734 -0.2292
vn 0.0646 -0.9725 0.2239
vn 0.0783 -0.9299 0.3593
vn 0.1693 -0.6479 0.7426
vn -0.0722 -0.8163 0.5731
vn -0.7669 -0.6415 -0.0202
vn -0.3527 -0.7115 -0.6078
vn -0.0300 -0.8161 -0.5772
vn -0.3339 -0.8892 -0.3127
vn -0.0448 -0.8897 -0.4543
vn -0.0311 -0.9961 -0.0825
vn 0.0064 -0.9843 0.1762
vn -0.0058 -0.9342 0.3568
vn 0.0180 -0.8665 0.4989
vn -0.2115 -0.6664 0.7150
vn -0.0202 -0.1930 0.9810
vn -0.0057 -0.0897 0.9960
vn 0.1288 -0.1154 0.9849
vn 0.0076 0.1053 0.9944
vn 0.3604 0.3650 0.8584
vn -0.1056 0.4656 0.8787
vn 0.1879 -0.4105 0.8923
vn -0.2502 -0.3407 0.9063
vn 0.0204 -0.2675 0.9634
vn -0.2080 -0.1341 0.9689
vn -0.0089 0.0165 0.9998
vn -0.1308 -0.0595 0.9896
vn -0.2220 0.4917 0.8420
vn 0.1573 0.4077 0.8995
vn -0.1596 0.6520 0.7413
vn 0.2391 0.5359 0.8097
vn 0.0309 0.8829 0.4685
vn 0.3579 0.9289 -0.0947
vn -0.0463 0.9322 -0.3589
vn -0.0062 0.8341 -0.5516
vn 0.1782 0.6607 -0.7292
vn -0.1971 0.5622 0.8032
vn 0.0188 0.7991 0.6009
vn -0.3685 0.8936 0.2561
vn 0.0487 0.8836 0.4658
vn 0.1273 0.9458 -0.2988
vn -0.0824 0.9243 -0.3726
vn 0.2706 0.6223 -0.7345
vn -0.2636 0.5565 -0.7879
vn -0.6048 0.4920 -0.6262
vn -0.6281 -0.7740 0.0807
vn -0.7520 0.1028 0.6511
vn 0.2575 -0.0103 -0.9662
vn 0.1904 0.4474 -0.8738
vn 0.6439 0.4740 -0.6006
vn 0.6648 0.5741 0.4779
vn 0.6438 -0.4740 0.6006
vn 0.6220 0.0658 0.7803
vn 0.6689 -0.7394 0.0765
vn 0.9993 -0.0349 -0.0112
vn 0.0952 0.2656 -0.9594
vn 0.2078 -0.5210 -0.8279
vn 0.1693 -0.6480 0.7426
vn -0.2116 -0.6664 0.7150
vn -0.1055 0.4655 0.8787
vn 0.1878 -0.4105 0.8923
vn -0.2501 -0.3407 0.9063
vn -0.2221 0.4917 0.8420
vn -0.0061 0.8341 -0.5516
vn -0.1970 0.5623 0.8031
vn -0.3685 0.8937 0.2561
vn -0.2635 0.5565 -0.7879
vn -1.0000 -0.0000 -0.0000
vn -0.0000 0.0980 -0.9952
vn -0.0000 -0.0000 -1.0000
vn -0.0000 -0.0980 -0.9952
vn -0.0780 0.2841 -0.9556
vn 0.3212 -0.0797 -0.9437
vn 0.9277 -0.0329 -0.3719
vn 0.9412 0.0915 -0.3253
vn 0.4428 -0.7158 -0.5399
vn 0.7234 -0.5230 -0.4507
vn 0.9591 -0.2564 -0.1201
vn 0.1298 -0.9152 -0.3816
vn 0.8696 -0.4921 -0.0398
vn 0.2767 -0.9446 0.1765
vn 0.6866 -0.6006 0.4098
vn 0.2380 -0.8763 0.4189
vn 0.9405 -0.2712 0.2046
vn 0.3768 -0.5748 0.7264
vn 0.9015 -0.1652 0.4001
vn 0.1131 -0.2262 0.9675
vn 0.5752 -0.1816 0.7976
vn 0.5858 0.0233 0.8101
vn -0.1704 0.0523 0.9840
vn 0.9136 0.0767 0.3994
vn -0.1773 0.4470 0.8768
vn 0.9563 0.1821 0.2288
vn -0.2174 0.7460 0.6295
vn 0.9755 0.2006 0.0902
vn -0.1812 0.9408 0.2863
vn -0.1542 0.9824 -0.1051
vn 0.9712 0.2361 -0.0313
vn -0.5186 0.7468 -0.4164
vn 0.9450 0.2106 -0.2501
vn 0.8119 0.5083 -0.2871
vn -0.1128 0.6161 -0.7795
vn 0.4244 -0.4108 -0.8069
vn 0.9435 -0.1496 -0.2956
vn -0.2711 -0.0669 -0.9602
vn -0.9180 0.1119 -0.3806
vn -0.9417 -0.0651 -0.3301
vn 0.1135 0.2837 -0.9522
vn -0.9341 0.2203 -0.2809
vn 0.1402 0.6139 -0.7768
vn -0.9509 0.2695 -0.1520
vn 0.1795 0.8593 -0.4790
vn -0.9756 0.2194 0.0007
vn 0.1785 0.9781 -0.1067
vn 0.1969 0.9375 0.2870
vn -0.9738 0.1944 0.1183
vn 0.3405 0.7156 0.6098
vn 0.3567 0.4253 0.8318
vn -0.9852 -0.0483 0.1643
vn -0.8121 0.3596 0.4595
vn -0.7287 -0.0169 0.6846
vn 0.4098 0.1053 0.9061
vn -0.1111 -0.2266 0.9676
vn -0.5865 -0.1861 0.7883
vn -0.9015 -0.1652 0.4001
vn -0.3784 -0.5745 0.7258
vn -0.9405 -0.2712 0.2046
vn -0.2392 -0.8761 0.4186
vn -0.5948 -0.7030 0.3898
vn -0.2772 -0.9445 0.1764
vn -0.8697 -0.4921 -0.0397
vn -0.1408 -0.9172 -0.3727
vn -0.6651 -0.6023 -0.4414
vn -0.3988 -0.7152 -0.5740
vn -0.9504 -0.2017 -0.2367
vn 0.3927 -0.5253 -0.7549
vn 1.0000 -0.0000 -0.0000
vn -0.0000 -0.2903 -0.9569
vn -0.0000 0.2903 -0.9569
vn -0.0000 -0.4714 -0.8819
vn -0.0000 -0.6344 -0.7730
vn -0.0000 -0.7730 -0.6344
vn -0.0000 -0.8819 -0.4714
vn -0.0000 -0.9569 -0.2903
vn -0.0000 -0.9952 -0.0980
vn -0.0000 -0.9952 0.0980
vn -0.0000 -0.9569 0.2903
vn -0.0000 -0.8819 0.4714
vn -0.0000 -0.7730 0.6344
vn -0.0000 -0.6344 0.7730
vn -0.0000 -0.4714 0.8819
vn -0.0000 -0.2903 0.9569
vn -0.0000 -0.0980 0.9952
vn -0.0000 -0.0000 1.0000
vn -0.0000 0.0980 0.9952
vn -0.0000 0.2903 0.9569
vn -0.0000 0.4714 0.8819
vn -0.0000 0.6344 0.7730
vn -0.0000 0.7730 0.6344
vn -0.0000 0.8819 0.4714
vn -0.0000 0.9569 0.2903
vn -0.0000 0.9952 0.0980
vn -0.0000 0.9952 -0.0980
vn -0.0000 0.9569 -0.2903
vn -0.0000 0.8819 -0.4714
vn -0.0000 0.7730 -0.6344
vn -0.0000 0.6344 -0.7730
vn -0.0000 0.4714 -0.8819
vn -0.0779 0.2842 -0.9556
vn 0.4429 -0.7158 -0.5399
vn 0.1299 -0.9152 -0.3816
vn 0.6866 -0.6005 0.4098
vn -0.1704 0.0524 0.9840
vn 0.9450 0.2105 -0.2501
vn 0.3769 -0.5748 0.7264
vn -0.9179 0.1119 -0.3806
vn -0.9417 -0.0651 -0.3302
vn 0.1786 0.9781 -0.1067
vn 0.3406 0.7156 0.6098
vn -0.9852 -0.0484 0.1643
vn 0.4097 0.1053 0.9061
vn 0.3928 -0.5252 -0.7549
vn 1.0000 -0.0001 0.0001
vn 1.0000 -0.0000 -0.0001
vn -0.0031 -0.9944 0.1060
vn 0.0014 -0.9938 0.1114
vn -0.0000 -0.9936 0.1128
vn 0.0020 -0.9936 0.1129
vn -0.1330 -0.9119 -0.3882
vn -0.0001 -0.9944 0.1059
vn 0.0047 -0.9928 0.1199
vn -0.0014 -0.9935 0.1142
vn 0.0012 0.3142 -0.9494
vn 0.1522 0.5895 -0.7933
vn 0.1948 0.3642 -0.9107
vn 0.3658 0.5599 -0.7435
vn 0.3487 0.3427 -0.8724
vn 0.5905 0.3397 -0.7320
vn 0.6191 0.5736 -0.5364
vn 0.8233 0.3398 -0.4546
vn 0.4167 0.8633 -0.2847
vn 0.7667 0.5984 -0.2323
vn 0.5368 0.8435 0.0198
vn 0.9210 0.3822 -0.0760
vn 0.7665 0.5965 0.2383
vn 0.9150 0.2834 0.2872
vn 0.3731 0.8591 0.3504
vn 0.7635 0.3947 0.5112
vn 0.5231 0.5728 0.6311
vn 0.2112 0.8385 0.5023
vn -0.0685 0.8633 0.5001
vn 0.1591 0.5732 0.8038
vn -0.2207 0.5720 0.7900
vn -0.3597 0.8330 0.4204
vn -0.5308 0.5612 0.6351
vn -0.2812 0.9449 0.1678
vn 0.5092 0.7584 -0.4069
vn 0.5664 0.8019 -0.1902
vn 0.3071 0.7369 -0.6023
vn 0.1489 0.6790 -0.7189
vn 0.0021 0.6749 -0.7379
vn -0.1405 0.7005 -0.6997
vn -0.3313 0.7230 -0.6062
vn -0.4773 0.7707 -0.4221
vn -0.5615 0.8122 -0.1581
vn -0.5697 0.8199 0.0568
vn -0.5182 0.7974 0.3091
vn -0.3976 0.7577 0.5174
vn 0.2417 0.8287 -0.5047
vn -0.1954 0.7293 0.6557
vn 0.0560 0.8567 -0.5128
vn -0.0009 0.7232 0.6906
vn -0.5573 0.8295 0.0360
vn 0.5604 0.8246 0.0769
vn -0.4591 0.8662 -0.1975
vn 0.5281 0.7962 0.2952
vn 0.3877 0.7603 0.5212
vn -0.2598 0.8370 -0.4815
vn 0.1991 0.7281 0.6559
vn -0.0005 0.7301 0.6834
vn -0.0689 0.8420 -0.5351
vn -0.1658 0.5459 -0.8213
vn -0.2104 0.3787 -0.9013
vn -0.0021 0.2965 -0.9550
vn -0.3331 0.3615 -0.8708
vn -0.5906 0.3395 -0.7321
vn -0.3644 0.5631 -0.7418
vn -0.6175 0.5922 -0.5177
vn -0.8225 0.3403 -0.4558
vn -0.7862 0.5732 -0.2308
vn -0.9201 0.3847 -0.0737
vn -0.7572 0.6003 0.2574
vn -0.9179 0.2839 0.2774
vn -0.7279 0.4402 0.5257
vn -0.6864 0.3653 0.6288
vn -0.5056 0.3474 0.7897
vn -0.3731 0.3403 0.8631
vn -0.1683 0.3415 0.9247
vn -0.0145 0.3566 0.9341
vn 0.1836 0.3007 0.9359
vn 0.3826 0.3692 0.8469
vn 0.4907 0.3669 0.7903
vn 0.6779 0.3415 0.6510
vn 0.1619 -0.5234 0.8366
vn 0.1686 -0.5001 -0.8494
vn 0.3137 -0.5449 0.7776
vn -0.0000 -0.4902 -0.8716
vn 0.3253 -0.5262 -0.7857
vn 0.4605 -0.5606 -0.6882
vn 0.4470 -0.5741 0.6860
vn 0.5563 -0.6042 0.5706
vn 0.5693 -0.5954 -0.5670
vn 0.6399 -0.6305 0.4393
vn 0.6506 -0.6251 -0.4313
vn 0.7059 -0.6472 -0.2878
vn 0.6984 -0.6503 0.2990
vn 0.7372 -0.6608 -0.1409
vn 0.7334 -0.6622 0.1540
vn 0.7462 -0.6657 0.0068
vn -0.0000 -0.5154 0.8569
vn -0.1686 -0.5001 -0.8494
vn -0.1620 -0.5234 0.8366
vn -0.3252 -0.5262 -0.7857
vn -0.3138 -0.5450 0.7775
vn -0.4604 -0.5606 -0.6883
vn -0.4470 -0.5741 0.6860
vn -0.5693 -0.5953 -0.5670
vn -0.5564 -0.6042 0.5705
vn -0.6506 -0.6251 -0.4313
vn -0.6399 -0.6305 0.4392
vn -0.6984 -0.6503 0.2990
vn -0.7059 -0.6472 -0.2880
vn -0.7372 -0.6608 -0.1411
vn -0.7334 -0.6622 0.1539
vn -0.7462 -0.6657 0.0067
vn -0.0000 1.0000 -0.0000
vn -0.1075 0.6025 -0.7908
vn -0.1083 0.9873 0.1162
vn 0.0117 0.6132 -0.7898
vn -0.2234 0.9689 0.1067
vn 0.0471 0.6081 -0.7925
vn 0.1820 0.9827 0.0342
vn 0.5493 0.5789 -0.6026
vn 0.0398 0.9930 0.1116
vn 0.3240 0.9408 0.1000
vn 0.2742 0.5444 -0.7928
vn 0.5628 0.8257 0.0376
vn 0.7324 0.3348 -0.5928
vn 0.4430 0.8878 0.1247
vn 0.6860 0.7215 0.0946
vn 0.1472 0.7781 -0.6107
vn -0.4283 0.9030 0.0345
vn -0.3006 0.9468 0.1149
vn -0.2955 0.5353 -0.7913
vn -0.5673 0.8178 0.0971
vn -0.4304 0.4329 -0.7921
vn -0.6909 0.7099 0.1365
vn -0.3380 0.5103 -0.7908
vn -0.7714 0.6299 0.0905
vn -0.0000 0.0001 -1.0000
vn -0.5062 0.3408 -0.7922
vn -0.8241 0.5483 0.1425
vn -0.4305 0.4350 -0.7909
vn -0.8862 0.4552 0.0870
vn -0.5586 0.2479 -0.7915
vn -0.9180 0.3673 0.1495
vn -0.5001 0.3545 -0.7901
vn -0.9605 0.2646 0.0863
vn -0.5536 0.5628 -0.6138
vn -0.9918 0.1225 0.0370
vn -0.9608 0.2402 0.1387
vn -0.6125 0.0555 -0.7885
vn -0.9946 -0.0606 0.0843
vn -0.6019 -0.1172 -0.7899
vn -0.9644 -0.2142 0.1548
vn -0.6138 0.0046 -0.7894
vn -0.9443 -0.3189 0.0810
vn -0.5690 -0.2332 -0.7886
vn -0.9055 -0.3951 0.1548
vn -0.6041 -0.1157 -0.7884
vn -0.8658 -0.4936 0.0823
vn -0.5138 -0.3412 -0.7871
vn -0.8150 -0.5587 0.1535
vn -0.5714 -0.2322 -0.7872
vn -0.7570 -0.6478 0.0850
vn -0.4385 -0.4367 -0.7855
vn -0.6981 -0.6999 0.1509
vn -0.5163 -0.3407 -0.7857
vn -0.6239 -0.7764 0.0889
vn -0.3455 -0.5159 -0.7839
vn -0.5609 -0.8147 0.1469
vn -0.4408 -0.4368 -0.7841
vn -0.4730 -0.8760 0.0943
vn -0.2515 -0.5705 -0.7818
vn -0.4107 -0.9003 0.1439
vn -0.3598 -0.5087 -0.7822
vn -0.3113 -0.9447 0.1032
vn -0.5647 -0.5911 -0.5760
vn -0.1638 -0.9857 0.0390
vn -0.2702 -0.9542 0.1288
vn -0.0779 -0.6218 -0.7793
vn -0.0302 -0.9917 0.1252
vn -0.1737 -0.8048 -0.5676
vn 0.2142 -0.9762 0.0331
vn 0.0791 -0.9893 0.1223
vn 0.3669 -0.9298 0.0290
vn 0.2516 -0.5580 -0.7908
vn 0.4761 -0.8690 0.1345
vn 0.4429 -0.4404 -0.7809
vn 0.5505 -0.8298 0.0913
vn 0.3513 -0.5182 -0.7798
vn 0.6299 -0.7642 0.1385
vn 0.5119 -0.3540 -0.7827
vn 0.6903 -0.7183 0.0867
vn 0.4354 -0.4467 -0.7816
vn 0.7556 -0.6390 0.1438
vn 0.5047 -0.6553 -0.5621
vn 0.9123 -0.4080 0.0361
vn 0.8307 -0.5496 0.0881
vn 0.5870 -0.1651 -0.7926
vn 0.9421 -0.3025 0.1444
vn 0.6092 -0.0635 -0.7905
vn 0.9678 -0.2366 0.0858
vn 0.5868 -0.1832 -0.7888
vn 0.9791 -0.1310 0.1553
vn 0.7915 -0.1866 -0.5820
vn 0.9828 0.1807 0.0388
vn 0.9957 -0.0082 0.0924
vn 0.9311 0.3636 0.0294
vn 0.5390 0.2606 -0.8010
vn 0.8733 0.4676 0.1366
vn 0.4337 0.4369 -0.7880
vn 0.8342 0.5453 0.0824
vn 0.5085 0.3463 -0.7883
vn 0.7665 0.6283 0.1327
vn -0.0000 -1.0000 -0.0000
vn 0.0001 -1.0000 -0.0000
vn 0.3819 -0.3825 0.8413
vn 0.2761 0.0451 0.9601
vn 0.0257 0.0421 0.9988
vn -0.4366 -0.3878 0.8118
vn -0.3089 0.0731 0.9483
vn -0.4301 0.8886 -0.1595
vn -0.6382 0.5971 -0.4859
vn -0.8713 0.4516 0.1920
vn -0.3023 0.5205 0.7986
vn -0.3495 0.3788 -0.8570
vn -0.7985 0.4817 0.3612
vn 0.5829 -0.4484 -0.6776
vn 0.9697 0.2414 0.0370
vn 0.4586 -0.4835 0.7456
vn 0.8165 0.1006 0.5685
vn 0.6870 0.6783 0.2608
vn 0.7854 0.4788 -0.3923
vn 0.8335 0.0994 -0.5434
vn 0.3920 0.9033 0.1746
vn 0.6853 0.5780 0.4430
vn 0.8745 0.4437 -0.1961
vn 0.2522 0.5286 -0.8105
vn 0.4063 0.3331 0.8509
vn 0.7590 0.5000 -0.4171
vn 0.4212 -0.3629 -0.8312
vn 0.0404 0.0472 -0.9981
vn 0.3512 0.0969 -0.9313
vn -0.3568 -0.3468 -0.8674
vn -0.2146 0.0495 -0.9754
vn 0.1364 0.6582 0.7404
vn 0.0183 0.9925 -0.1205
vn -0.0584 0.8754 0.4799
vn 0.3103 0.6020 0.7357
vn 0.4950 0.6406 0.5870
vn -0.0729 0.9969 -0.0288
vn -0.0106 0.9992 0.0394
vn 0.5534 0.7871 0.2724
vn 0.6248 0.6998 -0.3463
vn 0.5951 0.8024 -0.0456
vn 0.4768 0.6533 -0.5881
vn 0.3075 0.6105 -0.7299
vn 0.1550 0.5870 -0.7946
vn 0.0002 0.5775 -0.8164
vn -0.1549 0.5843 -0.7966
vn -0.3085 0.6048 -0.7342
vn -0.4827 0.6471 -0.5902
vn 0.0768 0.9970 0.0134
vn -0.5648 0.7696 -0.2979
vn -0.6390 0.6896 0.3407
vn -0.5845 0.8109 0.0301
vn -0.4639 0.6733 0.5758
vn -0.1382 0.8709 0.4717
vn -0.0897 0.8851 0.4567
vn 0.1406 0.2205 0.9652
vn -0.7285 0.3264 0.6023
vn -0.3958 0.4425 0.8047
vn -0.1745 0.5177 0.8376
vn 0.2395 0.8738 0.4233
vn -0.5881 -0.4670 0.6603
vn -0.9203 0.2405 0.3086
vn -0.9694 0.0821 -0.2313
vn -0.5837 -0.4281 -0.6899
vn -0.8096 0.0473 -0.5851
vn -0.3347 0.8321 0.4423
vn 0.1988 0.5041 -0.8404
vn -0.2711 0.8437 -0.4633
vn -0.1251 0.3294 -0.9359
vn 0.0957 0.8387 -0.5361
vn 0.7180 0.3764 -0.5855
vn 0.4014 0.4979 -0.7688
vn 0.1121 0.9673 -0.2274
vn 0.0792 0.9671 0.2416
vn 0.3835 0.9216 0.0603
vn -0.1324 0.9660 0.2221
vn -0.1155 0.7105 0.6942
vn -0.1045 0.9633 -0.2472
vn -0.5349 0.8448 0.0147
vn 0.0265 0.9996 -0.0092
vn 0.0114 0.6955 -0.7184
vn -0.9558 0.0812 -0.2825
vn -0.9562 -0.0170 -0.2921
vn -0.9740 -0.0246 -0.2252
vn -0.9738 0.0664 -0.2176
vn -0.9563 0.1723 -0.2362
vn -0.9748 0.1448 -0.1695
vn -0.9567 0.2477 -0.1526
vn -0.9755 0.1974 -0.0975
vn -0.9568 0.2882 -0.0382
vn -0.9756 0.2190 -0.0169
vn -0.9568 0.2772 0.0873
vn -0.9755 0.2108 0.0623
vn -0.9569 0.2152 0.1952
vn -0.9754 0.1741 0.1349
vn -0.9568 0.1203 0.2648
vn -0.9750 0.1098 0.1933
vn -0.9562 0.0170 0.2921
vn -0.9740 0.0246 0.2252
vn -0.9558 -0.0812 0.2825
vn -0.9738 -0.0664 0.2176
vn -0.9563 -0.1723 0.2362
vn -0.9748 -0.1448 0.1695
vn -0.9567 -0.2477 0.1526
vn -0.9755 -0.1974 0.0975
vn -0.9568 -0.2882 0.0382
vn -0.9756 -0.2190 0.0169
vn -0.9568 -0.2772 -0.0873
vn -0.9755 -0.2108 -0.0623
vn -0.9569 -0.2152 -0.1952
vn -0.9754 -0.1741 -0.1349
vn -0.9568 -0.1203 -0.2648
vn -0.9750 -0.1098 -0.1933
vn -0.2595 0.4375 -0.8610
vn 0.3962 -0.0112 -0.9181
vn -0.4161 -0.1231 -0.9009
vn 0.3962 -0.4158 -0.8186
vn -0.3743 -0.4566 -0.8071
vn 0.2833 0.4869 -0.8262
vn 0.9553 -0.0732 -0.2863
vn 0.9541 0.0330 -0.2978
vn 0.9738 -0.0204 -0.2263
vn 0.9742 0.0647 -0.2163
vn 0.9547 0.1318 -0.2669
vn 0.9742 0.1415 -0.1759
vn 0.9564 0.2171 -0.1952
vn 0.9580 0.2719 -0.0909
vn 0.9733 0.2018 -0.1095
vn 0.9723 0.2324 -0.0234
vn 0.9587 0.2832 0.0263
vn 0.9720 0.2248 0.0686
vn 0.9584 0.2494 0.1387
vn 0.9724 0.1797 0.1490
vn 0.9572 0.1750 0.2307
vn 0.9732 0.1066 0.2036
vn 0.9553 0.0732 0.2863
vn 0.9739 0.0204 0.2263
vn 0.9541 -0.0330 0.2977
vn 0.9742 -0.0647 0.2163
vn 0.9547 -0.1318 0.2669
vn 0.9742 -0.1415 0.1759
vn 0.9564 -0.2171 0.1952
vn 0.9733 -0.2018 0.1095
vn 0.9580 -0.2719 0.0909
vn 0.9723 -0.2324 0.0234
vn 0.9587 -0.2832 -0.0263
vn 0.9720 -0.2248 -0.0686
vn 0.9584 -0.2494 -0.1387
vn 0.9724 -0.1797 -0.1490
vn 0.9572 -0.1750 -0.2307
vn 0.9732 -0.1067 -0.2037
vn -0.2651 -0.5147 -0.8153
vn 0.2601 -0.5431 -0.7984
vn -0.4489 -0.8565 -0.2547
vn 0.4464 -0.8882 -0.1089
vn -0.4257 -0.7827 0.4540
vn 0.4330 -0.8045 0.4066
vn 0.3235 -0.5325 0.7821
vn -0.3846 -0.5576 0.7356
vn -0.2595 -0.4375 0.8610
vn 0.2833 -0.4869 0.8262
vn 0.3962 0.0112 0.9181
vn -0.4161 0.1230 0.9009
vn 0.3962 0.4158 0.8186
vn -0.3743 0.4566 0.8071
vn -0.2653 0.5148 0.8152
vn 0.2601 0.5431 0.7984
vn -0.4489 0.8565 0.2548
vn 0.4464 0.8882 0.1089
vn -0.4257 0.7827 -0.4540
vn 0.4330 0.8045 -0.4065
vn 0.3235 0.5325 -0.7821
vn -0.3846 0.5576 -0.7356
vn 0.2595 0.4375 -0.8610
vn 0.4161 -0.1231 -0.9009
vn -0.3962 -0.0112 -0.9181
vn -0.3962 -0.4158 -0.8186
vn 0.3743 -0.4566 -0.8071
vn -0.2833 0.4869 -0.8262
vn 0.9541 0.0330 -0.2977
vn 0.9541 -0.0330 0.2978
vn 0.9732 -0.1066 -0.2037
vn -0.9748 0.1447 -0.1695
vn -0.9567 0.2477 -0.1525
vn -0.9567 -0.2477 0.1525
vn -0.9748 -0.1447 0.1695
vn 0.2652 -0.5148 -0.8153
vn 0.4489 -0.8565 -0.2547
vn -0.2601 -0.5431 -0.7984
vn -0.4464 -0.8882 -0.1089
vn 0.4257 -0.7827 0.4541
vn -0.4330 -0.8045 0.4065
vn -0.3236 -0.5326 0.7821
vn 0.3846 -0.5576 0.7356
vn 0.2596 -0.4375 0.8610
vn -0.3962 0.0112 0.9181
vn -0.2833 -0.4869 0.8262
vn 0.4161 0.1231 0.9009
vn -0.3962 0.4159 0.8186
vn 0.3743 0.4566 0.8071
vn 0.2653 0.5148 0.8152
vn 0.4489 0.8565 0.2546
vn -0.2601 0.5431 0.7984
vn -0.4464 0.8882 0.1089
vn 0.4257 0.7827 -0.4541
vn -0.4330 0.8045 -0.4065
vn -0.3236 0.5326 -0.7821
vn 0.3846 0.5576 -0.7356
vn 0.0005 0.0024 1.0000
vn 0.0001 -0.0010 1.0000
vn -0.0000 -0.0001 1.0000
vn -0.0000 0.0001 1.0000
vn 0.0001 -0.0004 1.0000
vn 0.0002 0.0010 1.0000
vn -0.0000 -0.2620 -0.9651
vn 0.1871 -0.2676 -0.9452
vn 0.0999 -0.8590 -0.5022
vn 0.1881 -0.8710 -0.4538
vn 0.3659 -0.2827 -0.8867
vn 0.2584 -0.8856 -0.3859
vn 0.5284 -0.3039 -0.7928
vn 0.3104 -0.8989 -0.3091
vn 0.6678 -0.3270 -0.6686
vn 0.3469 -0.9093 -0.2301
vn 0.7795 -0.3485 -0.5206
vn 0.3709 -0.9162 -0.1517
vn 0.8602 -0.3658 -0.3552
vn 0.3851 -0.9199 -0.0743
vn 0.9085 -0.3776 -0.1788
vn 0.3906 -0.9205 0.0027
vn 0.9237 -0.3830 0.0027
vn 0.3881 -0.9181 0.0803
vn 0.9058 -0.3818 0.1838
vn 0.3767 -0.9125 0.1598
vn 0.8551 -0.3742 0.3588
vn 0.3547 -0.9032 0.2416
vn 0.7727 -0.3610 0.5221
vn 0.3192 -0.8902 0.3251
vn 0.6604 -0.3438 0.6677
vn 0.2667 -0.8738 0.4066
vn 0.5213 -0.3245 0.7893
vn 0.1945 -0.8562 0.4787
vn 0.3603 -0.3069 0.8809
vn 0.1032 -0.8418 0.5298
vn 0.1841 -0.2942 0.9379
vn -0.0000 -0.8361 0.5485
vn -0.0000 -0.2896 0.9572
vn -0.1033 -0.8418 0.5298
vn -0.1841 -0.2942 0.9378
vn -0.1945 -0.8562 0.4787
vn -0.3604 -0.3068 0.8809
vn -0.2667 -0.8738 0.4066
vn -0.5213 -0.3246 0.7892
vn -0.3192 -0.8902 0.3251
vn -0.6604 -0.3438 0.6676
vn -0.3547 -0.9032 0.2416
vn -0.7727 -0.3610 0.5221
vn -0.3767 -0.9125 0.1597
vn -0.8551 -0.3742 0.3587
vn -0.3881 -0.9181 0.0803
vn -0.9058 -0.3818 0.1837
vn -0.3907 -0.9205 0.0026
vn -0.9237 -0.3830 0.0027
vn -0.3850 -0.9199 -0.0743
vn -0.9085 -0.3776 -0.1788
vn -0.3709 -0.9162 -0.1517
vn -0.8602 -0.3658 -0.3552
vn -0.3469 -0.9092 -0.2301
vn -0.7794 -0.3484 -0.5206
vn -0.3104 -0.8989 -0.3092
vn -0.6678 -0.3270 -0.6687
vn -0.2584 -0.8856 -0.3859
vn -0.5283 -0.3039 -0.7928
vn -0.1881 -0.8710 -0.4538
vn -0.3659 -0.2827 -0.8867
vn -0.0998 -0.8590 -0.5022
vn -0.1871 -0.2676 -0.9452
vn -0.0001 -0.8541 -0.5200
vn -0.0000 -0.8541 -0.5201
vn 0.0382 -0.1651 -0.9855
vn 0.4025 0.0576 -0.9136
vn 0.4085 -0.2938 -0.8642
vn 0.2275 0.0049 -0.9738
vn 0.0323 0.1625 -0.9862
vn 0.5685 0.3719 -0.7338
vn 0.2823 0.8191 -0.4993
vn 0.5723 0.6601 -0.4866
vn 0.7956 0.4064 -0.4494
vn 0.4362 0.8212 -0.3678
vn 0.6482 0.7339 -0.2033
vn 0.9008 0.4219 -0.1026
vn 0.5047 0.8479 -0.1624
vn 0.6489 0.7584 0.0619
vn 0.8745 0.4110 0.2574
vn 0.5271 0.8487 0.0423
vn 0.5955 0.7375 0.3185
vn 0.7180 0.3745 0.5868
vn 0.5058 0.8228 0.2592
vn 0.4342 0.7475 0.5027
vn 0.5417 0.0619 0.8383
vn 0.5578 -0.3192 0.7661
vn 0.4010 0.0384 0.9153
vn 0.2509 -0.2860 0.9248
vn 0.1784 0.0457 0.9829
vn -0.5815 0.3445 0.7370
vn -0.4129 0.0837 0.9069
vn -0.2626 0.8479 0.4605
vn -0.5634 0.6735 0.4785
vn -0.8058 0.3903 0.4453
vn -0.4202 0.8329 0.3600
vn -0.6420 0.7393 0.2032
vn -0.9038 0.4175 0.0941
vn -0.4966 0.8524 0.1639
vn -0.6511 0.7567 -0.0589
vn -0.8688 0.4181 -0.2651
vn -0.5294 0.8475 -0.0394
vn -0.6059 0.7288 -0.3190
vn -0.7057 0.3938 -0.5890
vn -0.5173 0.8143 -0.2633
vn -0.4570 0.7163 -0.5273
vn -0.5315 0.0605 -0.8449
vn -0.8122 -0.3638 -0.4560
vn -0.5660 -0.2970 -0.7690
vn -0.9180 -0.3837 -0.1001
vn -0.8837 -0.3818 0.2706
vn -0.7122 -0.3599 0.6028
vn -0.4132 -0.3124 0.8554
vn -0.0947 -0.2789 0.9556
vn -0.2159 0.0389 0.9756
vn 0.0200 0.0391 0.9990
vn -0.3943 0.0434 -0.9179
vn -0.2680 -0.2407 -0.9328
vn -0.1754 0.0477 -0.9833
vn -0.0547 0.0947 -0.9940
vn -0.0276 -0.2076 -0.9778
vn 0.8057 -0.3759 0.4577
vn 0.9164 -0.3868 0.1031
vn 0.8872 -0.3750 -0.2687
vn 0.7192 -0.3435 -0.6039
vn -0.0166 0.4386 -0.8985
vn -0.2309 0.5931 -0.7713
vn -0.0225 0.5528 -0.8330
vn -0.1424 0.4720 -0.8700
vn -0.2987 0.5595 -0.7731
vn -0.4453 0.6200 -0.6460
vn -0.4615 0.6402 -0.6141
vn -0.8966 0.2766 -0.3458
vn -0.8562 -0.0486 -0.5144
vn -0.9026 -0.4192 -0.0974
vn -0.6165 0.6883 -0.3822
vn -0.5761 -0.6475 -0.4989
vn -0.5465 -0.5664 -0.6168
vn -0.5678 -0.4641 -0.6799
vn -0.6997 0.7075 -0.0996
vn -0.9613 -0.1969 -0.1928
vn -0.5296 -0.3172 -0.7867
vn -0.5319 -0.1566 -0.8322
vn -0.4091 -0.5286 -0.7438
vn -0.7012 -0.6998 -0.1365
vn -0.9826 -0.1845 0.0211
vn -0.7012 -0.6998 -0.1361
vn -0.7131 -0.7010 0.0037
vn -0.9732 -0.0659 0.2202
vn -0.7127 -0.7014 -0.0110
vn -0.7192 0.6853 0.1147
vn -0.9266 -0.0516 0.3725
vn -0.7160 0.6845 0.1375
vn -0.9644 -0.0647 0.2564
vn -0.6854 0.6728 0.2786
vn -0.8201 -0.1916 0.5392
vn -0.6635 0.6872 0.2959
vn -0.9142 -0.2528 0.3169
vn -0.5611 0.6656 0.4921
vn -0.5969 -0.6902 0.4091
vn -0.6859 -0.1953 0.7010
vn -0.5285 -0.1852 0.8285
vn -0.3543 0.6079 0.7106
vn -0.3516 -0.0285 0.9357
vn -0.1943 -0.0101 0.9809
vn -0.0551 0.5783 0.8140
vn 0.0729 -0.0751 0.9945
vn 0.1804 -0.1753 0.9679
vn 0.5281 0.4087 0.7444
vn 0.3814 -0.1125 0.9175
vn 0.5193 -0.1891 0.8334
vn 0.3333 0.5820 0.7418
vn 0.2948 -0.2317 0.9271
vn 0.5014 0.6379 0.5846
vn 0.4043 -0.6720 0.6204
vn 0.6897 -0.1955 0.6972
vn 0.8096 -0.1944 0.5538
vn 0.6416 0.6911 0.3327
vn 0.9052 -0.1957 0.3773
vn 0.9608 -0.1942 0.1977
vn 0.7005 0.7123 0.0448
vn 0.9808 -0.1950 -0.0022
vn 0.9627 -0.1938 -0.1888
vn 0.6668 0.7031 -0.2471
vn 0.5486 -0.4734 -0.6892
vn 0.5283 -0.3181 -0.7872
vn 0.5319 -0.1566 -0.8322
vn 0.4092 -0.5280 -0.7442
vn 0.7012 -0.6998 -0.1364
vn 0.5551 -0.5551 -0.6194
vn 0.5976 -0.6315 -0.4940
vn 0.5447 0.6668 -0.5087
vn 0.9075 -0.3982 -0.1336
vn 0.9154 0.2961 -0.2727
vn 0.8562 -0.0486 -0.5144
vn 0.8206 -0.2292 -0.5235
vn 0.5266 -0.0844 -0.8459
vn 0.4542 0.6181 -0.6417
vn 0.3324 0.6161 -0.7141
vn 0.2876 0.5503 -0.7838
vn -0.0828 0.4569 -0.8857
vn 0.1555 0.4909 -0.8572
vn 0.0140 0.4181 -0.9083
vn 0.7131 -0.7010 0.0037
vn 0.7012 -0.6998 -0.1361
vn 0.6997 -0.6999 0.1434
vn 0.7131 -0.7010 0.0038
vn 0.6613 -0.6964 0.2787
vn 0.6996 -0.6999 0.1435
vn 0.5990 -0.6905 0.4054
vn 0.6612 -0.6964 0.2788
vn 0.5142 -0.6823 0.5197
vn 0.5990 -0.6905 0.4055
vn 0.4086 -0.6724 0.6172
vn 0.5142 -0.6823 0.5198
vn 0.1238 -0.6534 0.7468
vn 0.1591 -0.6548 0.7388
vn -0.4206 -0.6737 0.6077
vn -0.5141 -0.6823 0.5198
vn -0.4086 -0.6724 0.6172
vn -0.5990 -0.6905 0.4055
vn -0.5142 -0.6823 0.5197
vn -0.8206 -0.2293 -0.5235
vn -0.5266 -0.0844 -0.8459
vn 0.2957 -0.9239 -0.2428
vn 0.2958 -0.9239 -0.2428
vn 0.3662 -0.9239 0.1111
vn 0.3808 -0.9239 0.0375
vn 0.3375 -0.9239 0.1804
vn 0.2428 -0.9239 0.2958
vn 0.2958 -0.9239 0.2428
vn 0.1804 -0.9239 0.3375
vn 0.0375 -0.9239 0.3808
vn 0.1111 -0.9239 0.3662
vn -0.0375 -0.9239 0.3808
vn -0.2428 -0.9239 0.2958
vn -0.1804 -0.9239 0.3375
vn -0.3375 -0.9239 0.1804
vn -0.2958 -0.9239 0.2428
vn -0.3808 -0.9239 0.0375
vn -0.3808 -0.9239 -0.0375
vn -0.3662 -0.9239 -0.1111
vn 0.3662 -0.9239 -0.1111
vn 0.3808 -0.9239 -0.0375
vn -0.1111 -0.9239 0.3662
vn -0.3662 -0.9239 0.1111
vn -0.2958 -0.9239 -0.2428
vn -0.0000 0.0981 -0.9952
vn -0.0000 0.0977 -0.9952
vn 1.0000 -0.0001 0.0002
vt 0.690379 0.834569
vt 0.680729 0.845340
vt 0.680729 0.880935
vt 0.931941 0.827634
vt 0.866581 0.817132
vt 0.872350 0.891940
vt 0.959187 0.877477
vt 0.998900 0.821850
vt 1.026362 0.373458
vt 0.998902 0.621754
vt 0.946711 0.740647
vt 0.901929 0.751046
vt 0.881657 0.784742
vt 0.933092 0.789188
vt 0.906726 0.721911
vt 0.901929 0.692791
vt 0.881599 0.658838
vt 0.690378 0.609640
vt 0.680729 0.563302
vt 0.680729 0.598897
vt 0.680729 0.513789
vt 0.680729 0.458301
vt 0.870187 0.627790
vt 0.744445 0.609631
vt 0.851252 0.622306
vt 0.931941 0.616122
vt 0.959187 0.566268
vt 0.990368 0.531044
vt 0.987784 0.427166
vt 1.016346 1.089859
vt 0.990368 1.014999
vt 0.957605 1.063208
vt 0.987396 0.913872
vt 1.026362 1.070046
vt 0.985602 0.529063
vt 0.680729 1.039457
vt 0.680729 1.085426
vt 0.680729 0.985936
vt 0.680729 0.930448
vt 0.775836 1.136333
vt 0.744477 0.834465
vt 0.780199 0.823458
vt 0.759612 0.816964
vt 0.759543 0.627555
vt 0.780199 0.620597
vt 0.870693 1.070066
vt 0.680729 1.118261
vt 0.677125 1.144509
vt 0.965450 1.111982
vt 0.729102 0.312333
vt 0.870104 0.381979
vt 0.680729 0.404781
vt 0.680729 0.358811
vt 0.777476 0.307774
vt 1.016416 0.353700
vt 0.965437 0.331891
vt 0.680729 0.325975
vt 0.675987 0.299530
vt 0.985585 1.017805
vt 0.933132 0.654631
vt 0.945977 0.693129
vt 0.680729 0.819922
vt 0.680729 0.643297
vt 0.680729 0.659062
vt 0.680729 0.624315
vt 0.749400 0.816003
vt 0.680729 0.769411
vt 0.680729 0.785175
vt 0.680729 0.749706
vt 0.680729 0.722118
vt 0.680729 0.694531
vt 0.680729 0.674826
vt 0.749397 0.628083
vt 0.680729 0.800940
vt 0.680729 1.118261
vt 0.675987 1.144703
vt 0.999694 0.000241
vt 0.568491 0.000420
vt 0.532868 0.080132
vt 0.999753 0.999798
vt 0.532797 0.920092
vt 0.568491 0.999580
vt 1.186112 0.780332
vt 1.186003 0.563448
vt 1.111781 0.780332
vt 1.186009 0.357316
vt 1.068658 0.357316
vt 1.068474 0.563448
vt 1.017306 0.780332
vt 0.973805 0.357316
vt 0.974736 0.563448
vt 0.924572 0.780332
vt 0.882058 0.356403
vt 0.835908 0.780332
vt 0.794567 0.355728
vt 0.751305 0.780333
vt 0.711141 0.357316
vt 0.713968 0.563448
vt 0.670081 0.780332
vt 0.631251 0.357316
vt 0.633974 0.563448
vt 0.591997 0.780333
vt 0.576601 0.357317
vt 0.556813 0.563449
vt 0.538238 0.357317
vt 0.538556 0.780333
vt 0.500000 0.357317
vt 0.500000 0.780308
vt 0.461762 0.357317
vt 0.443832 0.563448
vt 0.461444 0.780333
vt 0.406266 0.780333
vt 0.423399 0.357317
vt 0.369470 0.357317
vt 0.366545 0.563448
vt 0.327414 0.780333
vt 0.289818 0.357317
vt 0.286451 0.563449
vt 0.244879 0.780333
vt 0.206698 0.357516
vt 0.158551 0.780333
vt 0.119580 0.357541
vt 0.068213 0.780333
vt 0.028131 0.357317
vt 0.025595 0.563449
vt -0.025465 0.780333
vt -0.066559 0.357317
vt -0.068130 0.563449
vt -0.120176 0.780334
vt -0.186144 0.563448
vt -0.185993 0.357316
vt -0.186112 0.780332
vt 0.000000 1.000000
vt 0.557480 -0.014099
vt 0.554953 0.087292
vt 0.560006 0.090072
vt 0.410320 0.090088
vt 0.415373 0.087309
vt 0.410320 -0.013080
vt 0.415373 -0.015085
vt 1.175930 0.675864
vt 1.026362 0.827959
vt 1.026362 0.857424
vt 1.175632 0.705327
vt 1.026362 0.807485
vt 1.175425 0.725801
vt 1.173997 0.867227
vt 1.026362 0.652128
vt 1.026362 0.666052
vt 1.173856 0.881151
vt 1.026362 0.636019
vt 1.173693 0.897258
vt 1.175122 0.755832
vt 1.026362 0.763527
vt 1.026362 0.777452
vt 1.174981 0.769757
vt 1.026362 0.746121
vt 1.174806 0.787162
vt 1.026362 0.721752
vt 1.174559 0.811530
vt 1.026362 0.697383
vt 1.174313 0.835897
vt 1.026362 0.679977
vt 1.174137 0.853302
vt 1.026362 0.791376
vt 1.175263 0.741908
vt 1.026362 0.615545
vt 1.173487 0.917732
vt 1.026362 0.586080
vt 1.173189 0.947195
vt 1.026362 0.543004
vt 1.172754 0.990270
vt 1.026362 0.493625
vt 1.172255 1.039646
vt 1.177775 0.493165
vt 1.026362 0.998248
vt 1.026362 1.040130
vt 1.177352 0.535046
vt 1.026362 0.949879
vt 1.176864 0.583413
vt 1.026362 0.900500
vt 1.176365 0.632789
vt 1.178952 0.447293
vt 1.020556 1.086011
vt 1.178077 0.463251
vt 1.026362 0.445256
vt 1.171767 1.088013
vt 1.026362 0.403374
vt 1.171344 1.129894
vt 1.065207 0.193388
vt 1.007520 1.098204
vt 0.973314 1.110533
vt 1.065346 0.230711
vt 1.064555 0.245100
vt 1.064077 0.082705
vt 0.920941 1.120297
vt 0.871687 1.126953
vt 1.064756 0.136322
vt 1.062364 0.042080
vt 0.846838 1.129958
vt 0.834191 1.131136
vt 1.063256 0.055731
vt 1.065346 -0.130916
vt 0.713394 1.138321
vt 1.061772 -0.089546
vt 0.750242 1.137941
vt 1.058424 -0.048846
vt 1.058795 -0.012527
vt 0.796250 1.134672
vt 0.783603 1.135851
vt 1.059687 0.001124
vt 0.808897 1.133493
vt 1.060579 0.014776
vt 0.770956 1.137029
vt 1.057902 -0.026179
vt 0.821544 1.132315
vt 1.061472 0.028428
vt 1.026362 0.373458
vt 1.171041 1.159808
vt 1.020556 0.357489
vt 1.171593 1.175783
vt 0.644563 0.089527
vt 0.808897 0.310431
vt 0.821544 0.311596
vt 0.643605 0.103195
vt 0.645520 0.075859
vt 0.834191 0.312760
vt 0.640734 0.144201
vt 0.750242 0.306067
vt 0.770956 0.306936
vt 0.640895 0.166925
vt 0.641691 0.130532
vt 0.783603 0.308101
vt 0.642648 0.116864
vt 0.796250 0.309266
vt 0.643293 0.207761
vt 0.713394 0.305792
vt 0.647551 0.249540
vt 0.646477 0.062190
vt 0.846838 0.313925
vt 0.647224 0.035119
vt 0.871687 0.316890
vt 0.647551 -0.018759
vt 0.920941 0.323455
vt 0.646886 -0.076231
vt 0.973315 0.333112
vt 0.644660 -0.114086
vt 1.007520 0.345356
vt 1.178952 1.188033
vt 0.495536 0.741310
vt 0.546047 0.681876
vt 0.527417 0.668933
vt 0.819178 0.626943
vt 0.863359 0.668608
vt 0.880272 0.654179
vt 0.912198 0.706299
vt 0.697262 0.594846
vt 0.697260 0.566629
vt 0.348633 0.566629
vt 0.348631 0.594846
vt 0.348631 0.533450
vt 0.697262 0.533450
vt 0.348631 0.496583
vt 0.697262 0.496583
vt 0.348631 0.457446
vt 0.697260 0.457446
vt 0.348633 0.417542
vt 0.697260 0.417542
vt 0.348631 0.378405
vt 0.697260 0.378404
vt 0.348631 0.341538
vt 0.697260 0.341538
vt 0.348631 0.308359
vt 0.697260 0.308359
vt 0.348633 0.280142
vt 0.697262 0.280142
vt 0.999999 0.000000
vt 0.961108 0.297421
vt 0.999999 0.297421
vt 0.961108 0.000000
vt 0.917894 0.297423
vt 0.917894 0.000000
vt 0.872018 0.297423
vt 0.872018 0.000000
vt 0.825243 0.297423
vt 0.825243 0.000000
vt 0.779368 0.297421
vt 0.779368 0.000000
vt 0.736153 0.297423
vt 0.736153 0.000000
vt 0.697262 0.297423
vt 0.697262 0.000000
vt 0.000002 0.280142
vt 0.348631 0.308358
vt 0.348631 0.280142
vt 0.000002 0.308358
vt 0.348631 0.341537
vt 0.000002 0.341538
vt 0.348631 0.378404
vt 0.000002 0.378404
vt 0.348631 0.417541
vt 0.000000 0.417541
vt 0.348631 0.457446
vt 0.000002 0.457446
vt 0.348631 0.496583
vt 0.000002 0.496583
vt 0.348631 0.533450
vt 0.000002 0.533450
vt 0.348631 0.566629
vt 0.000000 0.566629
vt 0.348629 0.594845
vt 0.000000 0.594846
vt 0.697262 0.594846
vt 0.736154 0.297424
vt 0.697263 0.297423
vt 0.736153 0.594846
vt 0.779368 0.297424
vt 0.779368 0.594844
vt 0.825244 0.297424
vt 0.825244 0.594846
vt 0.872019 0.297424
vt 0.872018 0.594846
vt 0.917894 0.297423
vt 0.917894 0.594846
vt 0.961109 0.297424
vt 0.961108 0.594846
vt 1.000000 0.297424
vt 1.000000 0.594846
vt 0.419501 0.719104
vt 0.430730 0.847549
vt 0.474910 0.797423
vt 0.431098 0.907806
vt 0.337818 0.948825
vt 0.349933 0.976944
vt 0.448233 0.702184
vt 0.417485 0.714578
vt 0.447885 0.701467
vt 0.389467 0.640620
vt 0.367268 0.662479
vt 0.296214 0.632537
vt 0.388824 0.640071
vt 0.328324 0.610265
vt 0.214512 0.597424
vt 0.161023 0.640002
vt 0.072775 0.656932
vt 0.059358 0.716090
vt 0.004563 0.797423
vt 0.033815 0.797425
vt 0.059242 0.878570
vt 0.055278 0.924810
vt 0.161024 0.954844
vt 0.168938 0.989688
vt 0.329258 0.952729
vt 0.283781 0.996107
vt 0.135066 0.438504
vt 0.168075 0.437029
vt 0.168075 0.021890
vt 0.135066 0.023366
vt 0.198181 0.023365
vt 0.198181 0.438505
vt 0.224227 0.027740
vt 0.224227 0.442879
vt 0.656073 0.584861
vt 0.633538 0.992901
vt 0.656074 1.000000
vt 0.633540 0.577764
vt 0.604355 0.983344
vt 0.604355 0.568204
vt 0.569648 0.971702
vt 0.569648 0.556562
vt 0.530749 0.958415
vt 0.530749 0.543277
vt 0.489155 0.944002
vt 0.489155 0.528862
vt 0.446462 0.929010
vt 0.446463 0.513872
vt 0.404312 0.914020
vt 0.404314 0.498882
vt 0.364327 0.899606
vt 0.364326 0.484466
vt 0.328038 0.886320
vt 0.328038 0.471182
vt 0.671964 0.437035
vt 0.703530 0.033538
vt 0.671964 0.021895
vt 0.703529 0.448677
vt 0.737437 0.043094
vt 0.737437 0.458234
vt 0.772385 0.050195
vt 0.772385 0.465334
vt 0.807029 0.054568
vt 0.807029 0.469707
vt 0.840039 0.056044
vt 0.840039 0.471182
vt 0.870146 0.054568
vt 0.870146 0.469707
vt 0.896192 0.050196
vt 0.896192 0.465335
vt 0.000002 1.000000
vt 0.022537 0.577762
vt 0.000000 0.584863
vt 0.022537 0.992902
vt 0.051719 0.568205
vt 0.051721 0.983344
vt 0.086426 0.556561
vt 0.086427 0.971701
vt 0.125325 0.543277
vt 0.125327 0.958416
vt 0.166919 0.528862
vt 0.166922 0.943999
vt 0.209612 0.513871
vt 0.209613 0.929011
vt 0.251763 0.498880
vt 0.251763 0.914020
vt 0.291748 0.484466
vt 0.291750 0.899605
vt 0.328038 0.471179
vt 0.328038 0.886320
vt 0.000000 0.471179
vt 0.031565 0.044397
vt 0.000000 0.056039
vt 0.031565 0.459536
vt 0.065474 0.034839
vt 0.065474 0.449977
vt 0.100422 0.027739
vt 0.100421 0.442879
vt 0.381562 0.892313
vt 0.308791 0.948053
vt 0.337540 0.954247
vt 0.227372 0.997483
vt 0.207108 0.980618
vt 0.127851 0.985090
vt 0.105422 0.948053
vt 0.048213 0.927296
vt 0.034699 0.871663
vt 0.003979 0.842334
vt 0.022891 0.786851
vt 0.010543 0.747598
vt 0.063935 0.693132
vt 0.060659 0.665612
vt 0.147591 0.618141
vt 0.153259 0.636606
vt 0.284840 0.626627
vt 0.277148 0.644190
vt 0.394772 0.730599
vt 0.370421 0.721682
vt 0.393720 0.804119
vt 0.410234 0.842333
vt 0.377450 0.889671
vt 0.971152 0.333334
vt 0.937232 0.333334
vt 0.937232 0.666666
vt 0.971152 0.666666
vt 0.899541 0.666666
vt 0.899541 0.333335
vt 0.859528 0.666666
vt 0.859528 0.333335
vt 0.818732 0.666667
vt 0.818731 0.333334
vt 0.778719 0.666667
vt 0.778719 0.333335
vt 0.741028 0.666666
vt 0.741028 0.333335
vt 0.707107 0.666666
vt 0.707107 0.333334
vt 0.678260 0.666666
vt 0.678260 0.333334
vt 0.644338 0.666665
vt 0.644339 0.333334
vt 0.606648 0.666666
vt 0.606648 0.333335
vt 0.566635 0.666666
vt 0.566635 0.333335
vt 0.525839 0.666666
vt 0.525839 0.333334
vt 0.485826 0.666667
vt 0.485826 0.333334
vt 0.448135 0.666666
vt 0.448135 0.333334
vt 0.414214 0.666666
vt 0.414214 0.333334
vt 0.735954 0.666667
vt 0.707107 0.999999
vt 0.735954 0.999999
vt 0.707107 0.666667
vt 0.673186 0.999999
vt 0.673186 0.666668
vt 0.635495 0.999999
vt 0.635495 0.666667
vt 0.595482 0.999999
vt 0.595482 0.666667
vt 0.554686 0.999999
vt 0.554686 0.666667
vt 0.514673 1.000000
vt 0.514673 0.666667
vt 0.476982 0.999999
vt 0.476982 0.666667
vt 0.443061 0.999999
vt 0.443061 0.666668
vt 0.414214 0.999999
vt 0.414214 0.666668
vt 0.678259 0.000000
vt 0.644338 0.333333
vt 0.678259 0.333334
vt 0.644338 0.000000
vt 0.606647 0.333333
vt 0.606647 0.000001
vt 0.566635 0.333334
vt 0.566635 0.000000
vt 0.525838 0.333333
vt 0.525838 0.000000
vt 0.485826 0.000000
vt 0.448135 0.333333
vt 0.448135 0.000001
vt 0.414214 0.333333
vt 0.414214 0.000000
vt 1.000000 0.333335
vt 1.000000 0.666666
vt 0.030816 0.424781
vt 0.019441 0.338839
vt 0.000000 0.431651
vt 0.084652 0.296542
vt 0.092044 0.249490
vt 0.207107 0.220242
vt 0.190047 0.247486
vt 0.274677 0.258072
vt 0.337342 0.262078
vt 0.342434 0.307185
vt 0.403670 0.355838
vt 0.380283 0.412359
vt 0.410234 0.450573
vt 0.365839 0.535722
vt 0.342572 0.517372
vt 0.246735 0.600784
vt 0.258055 0.570856
vt 0.140835 0.563680
vt 0.110372 0.583782
vt 0.034903 0.521183
vt 0.060295 0.505138
vt 0.000155 0.432387
vt 0.030670 0.429434
vt 0.917585 -0.025653
vt 0.902607 -0.064716
vt 0.894999 -0.058505
vt 0.908093 -0.024294
vt 0.930975 -0.005328
vt 0.948645 -0.009114
vt 0.965133 -0.002881
vt 0.978101 -0.015422
vt 1.002273 -0.029690
vt 1.000994 -0.043575
vt 1.013252 -0.064716
vt 1.004887 -0.075705
vt 1.005823 -0.094741
vt 0.989908 -0.103780
vt 0.976081 -0.122963
vt 0.963919 -0.119960
vt 0.938701 -0.118175
vt 0.936576 -0.125725
vt 0.920508 -0.108468
vt 0.915814 -0.114647
vt 0.901705 -0.094810
vt 0.919678 -0.107445
vt 1.025796 0.250076
vt 1.015939 0.133571
vt 1.015939 0.250040
vt 1.025796 0.133607
vt 0.440569 0.186341
vt 0.419327 0.154086
vt 0.421644 0.192646
vt 0.442871 0.147943
vt 0.457555 0.214142
vt 0.439333 0.226054
vt 0.463047 0.243390
vt 0.480654 0.226618
vt 0.491020 0.249523
vt 0.506320 0.225608
vt 0.512342 0.246510
vt 0.434939 0.119546
vt 0.471076 0.117249
vt 0.463047 0.096091
vt 0.497939 0.090105
vt 0.496254 0.111868
vt 1.005520 0.133554
vt 1.005520 0.250023
vt -0.004886 -0.094245
vt -0.012830 -0.062110
vt -0.001471 -0.025617
vt 0.014419 -0.112776
vt 0.029129 -0.006385
vt 0.039296 -0.120103
vt 0.068250 -0.109479
vt 0.064115 -0.011496
vt 0.085768 -0.035132
vt 0.090411 -0.073361
vt 0.994939 0.133556
vt 0.994939 0.250025
vt 0.984603 0.133577
vt 0.984603 0.250046
vt 0.974909 0.133616
vt 0.974909 0.250085
vt 0.966229 0.133672
vt 0.966229 0.250141
vt 0.267377 -0.020916
vt 0.259314 -0.137298
vt 0.259314 -0.020832
vt 0.267377 -0.137382
vt 0.250068 -0.137235
vt 0.250068 -0.020770
vt 0.239995 -0.137196
vt 0.239995 -0.020730
vt 0.229483 -0.137181
vt 0.229483 -0.020715
vt 0.512342 0.093202
vt 0.498219 0.090105
vt 0.506520 0.114119
vt 0.218934 -0.137191
vt 0.218934 -0.020726
vt 0.525644 0.099242
vt 0.516190 0.118510
vt 0.208755 -0.137227
vt 0.208755 -0.020761
vt 0.516359 0.118634
vt 0.542707 0.113558
vt 0.539169 0.148168
vt 0.558553 0.139457
vt 0.564117 0.169977
vt 0.541452 0.186645
vt 0.558553 0.200471
vt 0.537815 0.231620
vt 0.525037 0.214741
vt 0.199336 -0.137285
vt 0.199336 -0.020820
vt 0.191040 -0.137365
vt 0.191040 -0.020900
vt 0.966229 0.016918
vt 0.975536 0.133149
vt 0.975536 0.016739
vt 0.966229 0.133328
vt 0.985647 0.133038
vt 0.985647 0.016628
vt 0.996173 0.132999
vt 0.996173 0.016589
vt 1.006711 0.133034
vt 1.006711 0.016624
vt 1.016855 0.133141
vt 1.016855 0.016732
vt 1.026215 0.133317
vt 1.026215 0.016907
vt 1.034431 0.133554
vt 1.034431 0.017144
vt 0.189197 -0.006940
vt 0.181603 -0.123466
vt 0.181603 -0.006996
vt 0.189197 -0.123410
vt 0.172717 -0.123510
vt 0.172717 -0.007040
vt 0.524893 0.214898
vt 0.525644 0.240532
vt 0.537617 0.231835
vt 0.516190 0.221219
vt 0.162880 -0.123540
vt 0.162880 -0.007069
vt 0.506520 0.225565
vt 0.152471 -0.123554
vt 0.152471 -0.007084
vt 0.141889 -0.123553
vt 0.141889 -0.007083
vt 0.131541 -0.123536
vt 0.131541 -0.007066
vt 0.121824 -0.123504
vt 0.121824 -0.007034
vt 0.113113 -0.123458
vt 0.113113 -0.006988
vt 0.105742 -0.123401
vt 0.105742 -0.006930
vt 1.042345 0.250196
vt 1.034713 0.133659
vt 1.034713 0.250128
vt 1.042345 0.133727
vt 0.564166 -0.128982
vt 0.564129 -0.114355
vt 0.586347 -0.114372
vt 0.586383 -0.128999
vt 0.586335 -0.098910
vt 0.564117 -0.098894
vt 0.586347 -0.083209
vt 0.564129 -0.083193
vt 0.586383 -0.067871
vt 0.564166 -0.067855
vt 0.586442 -0.053485
vt 0.564225 -0.053469
vt 0.586521 -0.040606
vt 0.564304 -0.040589
vt 0.876785 -0.031466
vt 0.854464 -0.043436
vt 0.854568 -0.031471
vt 0.876681 -0.043432
vt 0.854386 -0.057156
vt 0.876603 -0.057152
vt 0.854339 -0.072103
vt 0.876556 -0.072098
vt 0.854323 -0.087703
vt 0.876540 -0.087698
vt 0.854339 -0.103356
vt 0.876556 -0.103352
vt 0.854386 -0.118462
vt 0.876603 -0.118457
vt 0.854464 -0.132438
vt 0.876681 -0.132434
vt 0.854568 -0.144749
vt 0.876785 -0.144744
vt 0.609274 -0.040663
vt 0.586800 -0.054399
vt 0.587067 -0.040589
vt 0.609006 -0.054473
vt 0.586615 -0.069402
vt 0.608822 -0.069476
vt 0.586521 -0.085023
vt 0.608728 -0.085096
vt 0.586521 -0.100660
vt 0.608728 -0.100733
vt 0.586615 -0.115713
vt 0.608822 -0.115786
vt 0.586800 -0.129603
vt 0.609006 -0.129676
vt 0.587067 -0.141797
vt 0.609274 -0.141870
vt 0.711185 -0.155051
vt 0.733330 -0.143780
vt 0.733403 -0.155049
vt 0.711112 -0.143783
vt 0.733273 -0.130594
vt 0.711055 -0.130596
vt 0.733234 -0.115997
vt 0.711016 -0.115999
vt 0.733214 -0.100550
vt 0.710996 -0.100553
vt 0.733214 -0.084847
vt 0.710996 -0.084850
vt 0.733234 -0.069492
vt 0.711016 -0.069494
vt 0.733273 -0.055073
vt 0.711055 -0.055076
vt 0.733330 -0.042147
vt 0.711112 -0.042149
vt 0.733403 -0.031208
vt 0.711185 -0.031211
vt 0.564304 -0.153539
vt 0.586442 -0.142229
vt 0.586521 -0.153555
vt 0.564225 -0.142213
vt 0.800241 -0.031127
vt 0.789308 -0.031167
vt 0.789308 0.250023
vt 0.800241 0.250063
vt 0.400597 0.151266
vt 0.402483 0.182355
vt 0.416975 0.177615
vt 0.389773 0.210236
vt 0.405485 0.214108
vt 0.385123 0.236104
vt 0.361291 0.230823
vt 0.358518 0.248008
vt 0.329722 0.248008
vt 0.327020 0.230846
vt 0.303117 0.236104
vt 0.298513 0.210298
vt 0.282755 0.214108
vt 0.271735 0.185368
vt 0.285758 0.182355
vt 0.274048 0.146904
vt 0.290200 0.145688
vt 0.291934 0.113440
vt 0.321786 0.111567
vt 0.322824 0.094147
vt 0.358518 0.091620
vt 0.355729 0.106768
vt 0.390600 0.108710
vt 0.381596 0.120547
vt 0.412305 0.139305
vt 0.777752 0.250004
vt 0.777752 -0.031186
vt 0.766016 0.250006
vt 0.766016 -0.031183
vt 0.754551 0.250030
vt 0.754551 -0.031160
vt 0.743799 0.250073
vt 0.743799 -0.031117
vt 0.734172 0.250135
vt 0.734172 -0.031054
vt 0.734172 -0.031208
vt 0.725229 0.250066
vt 0.734172 0.249974
vt 0.725229 -0.031116
vt 0.714974 0.250136
vt 0.714974 -0.031046
vt 0.703802 0.250180
vt 0.703802 -0.031002
vt 0.692142 0.250196
vt 0.692142 -0.030986
vt 0.680442 0.250185
vt 0.680442 -0.030998
vt 0.669152 0.250145
vt 0.669152 -0.031036
vt 0.658706 0.250080
vt 0.658706 -0.031102
vt 0.649504 0.249992
vt 0.649504 -0.031190
vt 0.894241 -0.031216
vt 0.883919 0.250030
vt 0.894241 0.249831
vt 0.883919 -0.031018
vt 0.872704 0.250153
vt 0.872704 -0.030894
vt 0.861029 0.250196
vt 0.861029 -0.030851
vt 0.849341 0.250157
vt 0.849341 -0.030890
vt 0.838090 0.250038
vt 0.838090 -0.031009
vt 0.827709 0.249844
vt 0.827709 -0.031204
vt 0.818595 0.249581
vt 0.818595 -0.031466
vt 0.198305 -0.006771
vt 0.189882 0.274360
vt 0.198305 0.274422
vt 0.189882 -0.006833
vt 0.180026 0.274312
vt 0.180026 -0.006881
vt 0.169116 0.274279
vt 0.169116 -0.006914
vt 0.157571 0.274262
vt 0.157571 -0.006930
vt 0.145834 0.274264
vt 0.145834 -0.006929
vt 0.134356 0.274283
vt 0.134356 -0.006910
vt 0.123580 0.274318
vt 0.123580 -0.006875
vt 0.113918 0.274369
vt 0.113918 -0.006824
vt 0.105742 0.274433
vt 0.105742 -0.006761
vt 0.818595 -0.030993
vt 0.810130 0.250121
vt 0.818595 0.250196
vt 0.810130 -0.031069
vt 1.065151 0.184497
vt 1.042511 -0.036686
vt 1.049920 0.212488
vt 1.052431 0.250197
vt 1.064554 0.245125
vt 1.058067 -0.031611
vt 1.051208 -0.123942
vt 1.065346 -0.130926
vt 0.641806 0.327083
vt 0.623784 0.305259
vt 0.638262 0.332483
vt 0.621207 0.350849
vt 0.627003 0.378636
vt 0.638262 1.103979
vt 0.647879 0.353927
vt 0.647873 1.082615
vt 0.627003 1.057747
vt 0.621207 1.085532
vt 0.605861 1.144439
vt 0.641806 1.109426
vt 0.558785 1.165091
vt 0.361706 1.186030
vt 0.445711 1.184185
vt 0.365119 1.192651
vt 0.270219 1.167780
vt 0.356509 1.147506
vt 0.282047 1.152681
vt 0.276105 1.185681
vt 0.307892 1.194701
vt 0.476204 1.134222
vt 0.591385 1.109346
vt 0.598273 0.292825
vt 0.555987 0.315545
vt 0.598131 0.329584
vt 0.555806 0.277877
vt 0.386443 0.254066
vt 0.270219 0.269313
vt 0.282283 0.254187
vt 0.276100 0.287225
vt 0.307894 0.296311
vt 0.367827 0.291099
vt 1.032586 0.389192
vt 1.026362 0.394886
vt 1.031809 0.414838
vt 1.096205 0.406139
vt 1.093923 0.430615
vt 1.037480 1.171517
vt 1.036346 1.145686
vt 1.031185 1.165875
vt 1.034141 1.194074
vt 1.099088 1.166476
vt 1.098422 1.129542
vt 1.101143 1.190891
vt 1.101650 1.148574
vt 1.098472 0.348485
vt 1.093313 0.366219
vt 1.103913 0.354502
vt 1.028964 0.366488
vt 0.637104 0.210434
vt 0.628436 0.154680
vt 0.630916 0.213107
vt 0.640247 0.247921
vt 0.647552 0.249550
vt 0.640834 0.149660
vt 0.644706 -0.113176
vt 0.632924 -0.094656
vt 0.638435 -0.111418
vt 0.632984 -0.133373
vt 1.155783 1.162366
vt 1.146794 0.283518
vt 1.146791 1.162775
vt 1.132182 0.281734
vt 1.145258 0.262197
vt 1.120311 0.262064
vt 1.120305 1.184175
vt 1.132182 1.164559
vt 1.145258 1.184095
vt 1.106201 0.261477
vt 1.106201 1.184817
vt 1.154208 1.190784
vt 1.148846 1.194075
vt 1.154208 0.255508
vt 1.148847 0.252218
vt 1.155787 0.283898
vt -0.181446 0.363646
vt -0.167192 0.326572
vt -0.180389 0.346832
vt -0.187425 0.379799
vt -0.181437 1.073195
vt -0.130012 0.595889
vt -0.131890 0.655395
vt -0.120416 0.638909
vt -0.134174 0.853246
vt -0.131901 0.793123
vt -0.187425 1.054484
vt -0.180389 1.089002
vt -0.158056 1.119958
vt -0.129907 0.932079
vt -0.003126 0.874089
vt -0.006998 0.871667
vt -0.012569 0.886012
vt 0.055800 0.880951
vt 0.070540 0.878574
vt 0.060688 0.885678
vt 0.079015 0.892655
vt 0.070859 0.897440
vt 0.012243 0.912534
vt 0.071257 0.964132
vt 0.053879 0.972119
vt 0.060688 0.980742
vt 0.009433 0.972514
vt -0.016997 0.966859
vt -0.010339 0.882216
vt 0.018701 0.885487
vt 0.068390 0.978463
vt 0.072791 0.982629
vt 0.078864 0.967685
vt -0.003784 0.974955
vt -0.007504 0.978848
vt -0.012515 0.960937
vt 0.082019 0.895702
vt 0.081560 0.971417
vt 0.071637 0.984168
vt 0.071645 0.875874
vt 0.076343 0.828990
vt -0.119171 0.810430
vt 0.054838 0.818503
vt 0.114074 0.822916
vt 0.063047 0.815272
vt 0.098976 0.641020
vt 0.216615 0.287568
vt 0.270317 1.161756
vt 0.250220 0.295857
vt 0.261946 1.180650
vt 0.055331 0.655152
vt 0.027663 0.666247
vt -0.008875 0.753748
vt 0.010576 0.674001
vt -0.141163 0.788178
vt -0.065591 0.790986
vt -0.138287 0.754985
vt -0.190678 0.782888
vt -0.189322 0.722399
vt -0.136348 0.723226
vt -0.089794 0.693697
vt -0.174325 0.691182
vt -0.015670 0.676916
vt -0.068514 0.677660
vt 0.002966 0.670065
vt -0.021585 0.655757
vt -0.122591 0.654952
vt -0.007358 0.586793
vt -0.012569 0.570136
vt -0.130241 0.508323
vt -0.015609 0.532781
vt -0.012515 0.495216
vt -0.007040 0.479735
vt -0.146228 0.311729
vt -0.141346 0.303802
vt 0.008023 0.283814
vt 0.099367 0.274460
vt 0.097767 0.284630
vt 0.177431 0.279780
vt 0.229068 0.284558
vt 0.071637 0.476292
vt 0.082023 0.565021
vt 0.081560 0.489316
vt -0.003125 0.482293
vt -0.003127 0.582309
vt 0.072791 0.583014
vt 0.068199 0.578985
vt 0.078805 0.567237
vt 0.072259 0.477105
vt 0.060688 0.486315
vt 0.079113 0.492147
vt 0.071180 0.496735
vt 0.010534 0.507530
vt 0.020862 0.490176
vt 0.053874 0.572782
vt 0.071294 0.563378
vt 0.009828 0.577117
vt -0.017495 0.512833
vt -0.016995 0.574950
vt -0.008128 0.505754
vt -0.010181 0.489930
vt -0.000063 0.490144
vt 0.060688 0.581380
vt 0.071686 0.584618
vt 0.270317 0.311960
vt 0.262135 0.291899
vt -0.061931 0.730381
vt -0.004841 0.817064
vt -0.036093 0.813212
vt 0.217240 1.194075
vt 0.232947 1.186032
vt 0.207876 1.188596
vt 0.004799 1.170087
vt -0.105211 1.147970
vt -0.015609 0.923293
vt 0.097586 1.183133
vt -0.095540 -0.156821
vt -0.015563 -0.164000
vt -0.089501 -0.191893
vt -0.016250 -0.138307
vt -0.020042 -0.090745
vt -0.017220 0.120727
vt -0.019883 0.033081
vt -0.090055 0.102331
vt -0.094284 0.229399
vt -0.035014 0.224680
vt -0.102072 -0.003465
vt -0.019521 0.213455
vt -0.039568 0.255075
vt -0.086021 0.240410
vt -0.063761 0.273998
vt -0.084482 0.263771
vt -0.106061 -0.128287
vt -0.116099 0.064467
vt -0.103132 -0.003178
vt -0.113318 0.093483
vt -0.107818 0.227048
vt -0.102686 0.217741
vt -0.124626 0.270886
vt -0.105628 0.244772
vt -0.141635 0.274433
vt -0.160166 0.255905
vt -0.188251 0.185632
vt -0.179193 0.220736
vt -0.168852 0.225435
vt -0.187976 0.119965
vt -0.194073 0.122935
vt -0.183694 0.032691
vt -0.184888 -0.162106
vt -0.184549 -0.090066
vt -0.112389 -0.193510
vt 1.178952 1.194075
vt 1.193997 1.192229
vt 1.194002 0.312971
vt 1.178952 0.311262
vt 0.088460 0.212840
vt 0.105742 0.212929
vt 0.097420 0.085171
vt 0.090965 0.019256
vt 0.062022 0.057757
vt 0.087960 0.228205
vt 0.025150 0.268773
vt 0.037880 0.077309
vt 0.004760 0.267329
vt 0.017676 0.274433
vt -0.012738 0.219138
vt -0.004224 0.271774
vt 0.018779 0.108781
vt -0.008682 0.134632
vt 0.020560 0.099255
vt 0.105742 -0.004191
vt 0.091657 0.009647
vt 0.934006 0.026539
vt 0.950594 0.224936
vt 0.966198 0.041663
vt 0.933184 0.203636
vt 0.909580 0.125697
vt 0.905168 0.000996
vt 0.894242 0.105758
vt 0.915725 0.182249
vt 0.966229 0.250196
vt 0.957851 0.168314
vt 0.297127 -0.042798
vt 0.283890 -0.043083
vt 0.273458 -0.022571
vt 0.302700 0.054367
vt 0.273243 0.019763
vt 0.296566 0.058715
vt 0.361427 0.067574
vt 0.361259 -0.065440
vt 0.305364 -0.054165
vt 0.375173 -0.092708
vt 0.359367 -0.075994
vt 0.375166 0.095232
vt 0.359367 0.078231
vt 0.663064 1.185596
vt 0.662629 0.258820
vt 0.655731 1.188026
vt 0.649860 1.161077
vt 0.669014 0.301137
vt 0.669015 1.143124
vt 0.680729 0.325975
vt 0.668984 0.275134
vt 0.649535 0.283431
vt 0.655859 0.254874
vt 0.673566 0.250196
vt 0.668316 0.273432
vt 0.657873 0.251705
vt 0.668363 1.170704
vt 0.673566 1.194075
vt 0.657872 1.192645
vt 0.268814 0.162574
vt 0.270106 0.138631
vt 0.268730 0.050036
vt 0.417883 0.004789
vt 0.415376 0.003748
vt 0.416315 0.088753
vt 0.267377 -0.036100
vt 0.269695 0.047397
vt 0.270158 -0.037173
vt 0.654302 -0.117751
vt 0.680219 -0.031676
vt 0.680200 -0.134450
vt 0.652840 -0.051864
vt 0.664875 -0.131791
vt 0.664872 -0.034750
vt 0.787210 -0.107733
vt 0.787128 -0.030609
vt 0.814843 -0.125633
vt 0.775757 -0.059797
vt 0.815199 -0.045063
vt 0.876785 -0.032528
vt 0.885561 -0.049933
vt 0.877172 -0.051708
vt 0.886695 -0.031466
vt 0.886695 -0.118994
vt 0.878189 -0.118519
vt 0.268814 0.161063
vt 0.268729 0.273610
vt 0.270106 0.185136
vt 0.562800 0.089023
vt 0.560472 0.005526
vt 0.560008 0.090072
vt 0.415404 0.002653
vt 0.417883 0.003749
vt 0.417141 -0.081115
vt 0.695622 -0.034600
vt 0.710946 -0.031872
vt 0.685048 -0.048716
vt 0.695618 -0.131640
vt 0.683586 -0.114600
vt 0.710965 -0.134646
vt 0.746595 -0.030546
vt 0.774192 -0.044690
vt 0.774561 -0.125502
vt 0.746607 -0.107673
vt 0.735162 -0.060133
vt 0.839863 -0.042532
vt 0.854060 -0.031806
vt 0.832795 -0.085177
vt 0.837056 -0.107955
vt 0.818595 -0.094707
vt 0.854338 -0.112381
vt 0.825828 -0.115558
vt 0.839880 -0.119063
vt 0.092434 -0.005213
vt 0.101224 -0.023987
vt 0.092835 -0.025597
vt 0.102345 -0.004191
vt 0.102345 -0.092691
vt 0.093838 -0.092167
vt 1.033325 0.264509
vt 1.027079 0.297653
vt 1.047589 0.271513
vt 1.033335 0.341035
vt 1.047293 0.338637
vt 1.044380 0.348485
vt 1.159023 1.151697
vt 1.163025 1.178092
vt 1.171531 1.173997
vt 1.177562 1.189557
vt 1.166307 0.444005
vt 1.178750 0.447291
vt 0.447831 -0.093672
vt 0.465985 -0.107719
vt 0.455429 -0.115315
vt 0.464169 -0.077635
vt 0.463598 -0.093072
vt 0.468152 -0.098003
vt 0.483918 -0.098603
vt 0.484490 -0.114040
vt 0.486305 -0.083956
vt 0.475749 -0.076360
vt 0.610126 -0.008156
vt 0.577396 -0.018544
vt 0.626508 0.084361
vt 0.578492 -0.033855
vt 0.601958 -0.040589
vt 0.626785 0.124252
vt 0.586846 0.081764
vt 0.579136 0.138982
vt 0.626762 0.161862
vt 0.563734 0.146813
vt 0.622354 0.245185
vt 0.405771 -0.064500
vt 0.391088 -0.065452
vt 0.379085 -0.026000
vt 0.391154 -0.018321
vt 0.376176 0.024361
vt 0.389095 0.023198
vt 0.397185 0.058517
vt 0.382604 0.057377
vt 0.383312 0.090055
vt 0.410322 0.080955
vt 0.409202 0.055499
vt 0.410317 -0.091088
vt 0.396162 -0.097708
vt 0.759765 0.818045
vt 0.829944 0.806942
vt 0.830153 0.637708
vt 0.896319 0.769553
vt 1.012902 0.749578
vt 0.976607 0.688993
vt 0.976838 0.756073
vt 1.012860 0.695595
vt 0.835403 0.634213
vt 0.899339 0.673759
vt 0.759766 0.625932
vt 0.205281 0.264896
vt 0.237129 0.243617
vt 0.207664 0.243936
vt 0.265119 0.138155
vt 0.221065 0.144134
vt 0.263735 0.057635
vt 0.213479 0.084407
vt 0.268006 -0.021576
vt 0.197905 0.073648
vt 0.227169 0.274433
vt 0.418170 0.089805
vt 0.446463 0.075056
vt 0.422711 0.075108
vt 0.460143 0.025262
vt 0.473960 0.025712
vt 0.493721 -0.049973
vt 0.483155 -0.047505
vt 0.493752 -0.059946
vt 0.516209 -0.069661
vt 0.483808 0.016041
vt 0.521448 0.011516
vt 0.527717 -0.064671
vt 0.527672 0.084843
vt 0.488238 0.073710
vt 0.462711 0.065992
vt 0.536241 -0.093849
vt 0.529464 -0.071613
vt 0.547803 -0.049516
vt 0.554953 -0.074979
vt 0.554885 0.084357
vt 0.532017 0.004480
vt 0.537618 0.080711
vt 0.546691 0.090072
vt 0.438741 -0.112190
vt 0.417923 -0.123719
vt 0.438706 -0.081176
vt 0.442142 -0.123137
vt 0.417923 -0.070367
vt 0.442126 -0.070805
vt 0.444240 -0.078463
vt 1.033330 -0.148810
vt 1.014834 -0.086911
vt 1.022257 -0.065643
vt 1.034200 -0.165902
vt 1.018103 -0.016236
vt 1.035612 -0.000330
vt 0.487324 -0.081479
vt 0.501055 -0.101762
vt 0.491809 -0.099073
vt 0.501037 -0.070718
vt 0.494383 -0.070379
vt 0.555730 -0.023950
vt 0.563827 -0.015255
vt 0.556939 -0.037328
vt 0.618466 -0.051520
vt 0.610939 -0.104710
vt 0.612109 -0.039524
vt 0.618448 -0.115138
vt -0.025515 -0.391066
vt -0.044371 -0.397548
vt -0.009322 -0.374074
vt 0.002294 -0.348599
vt 0.006183 -0.319212
vt 0.001854 -0.289776
vt -0.093738 -0.326919
vt -0.078237 -0.272058
vt -0.089846 -0.297535
vt -0.089414 -0.356354
vt -0.062397 -0.393788
vt -0.078563 -0.379412
vt -0.025153 -0.252346
vt -0.008985 -0.266725
vt -0.043186 -0.248582
vt -0.062036 -0.255067
vt 0.585864 -0.450874
vt 0.558429 -0.420114
vt 0.585819 -0.414118
vt 0.558429 -0.452396
vt 0.558429 -0.392182
vt 0.585870 -0.393975
vt -0.125301 -0.393798
vt -0.143416 -0.397556
vt -0.109320 -0.379245
vt -0.178413 -0.373891
vt -0.162180 -0.391054
vt -0.189979 -0.348579
vt -0.193747 -0.319082
vt -0.189930 -0.290149
vt -0.178479 -0.266886
vt -0.125627 -0.255078
vt -0.109384 -0.272240
vt -0.144386 -0.248574
vt -0.162506 -0.252335
vt -0.097828 -0.297555
vt -0.094052 -0.327047
vt -0.097877 -0.355983
vt 0.530979 -0.392060
vt 0.558342 -0.425716
vt 0.530979 -0.452543
vt 0.558418 -0.450609
vt 0.558416 -0.393793
vt 0.035904 -0.249730
vt 0.063342 -0.248058
vt 0.036204 -0.278294
vt 0.065324 -0.286177
vt 0.038039 -0.335952
vt 0.065506 -0.343742
vt 0.063342 -0.375956
vt 0.035909 -0.373914
vt 0.065497 -0.308391
vt 1.145592 0.669890
vt 1.118154 0.671568
vt 1.147678 0.708028
vt 1.120486 0.704114
vt 1.147526 0.730496
vt 1.119611 0.744729
vt 1.147514 0.765640
vt 1.118145 0.795830
vt 1.145592 0.797727
vt 0.496423 -0.451132
vt 0.466998 -0.433620
vt 0.466871 -0.423679
vt 0.496378 -0.414807
vt 0.468988 -0.392182
vt 0.496429 -0.393860
vt 0.468988 -0.452776
vt 1.161203 0.669890
vt 1.188641 0.668160
vt 1.159185 0.650718
vt 1.188566 0.636700
vt 1.159213 0.640775
vt 1.161203 0.609261
vt 1.188642 0.610968
vt 1.400795 -0.318147
vt 1.428234 -0.316474
vt 1.401096 -0.346711
vt 1.428233 -0.390601
vt 1.402930 -0.404366
vt 1.400800 -0.442331
vt 1.428234 -0.444303
vt 1.400784 -0.188677
vt 1.428222 -0.190352
vt 1.400784 -0.235750
vt 1.425889 -0.222896
vt 1.426764 -0.263510
vt 1.400954 -0.294357
vt 1.428218 -0.314552
vt 1.400784 -0.316491
vt -0.225771 -0.391066
vt -0.244627 -0.397548
vt -0.209577 -0.374073
vt -0.197961 -0.348599
vt -0.194073 -0.319213
vt -0.198401 -0.289777
vt -0.293994 -0.326919
vt -0.278492 -0.272058
vt -0.290102 -0.297535
vt -0.289670 -0.356354
vt -0.262652 -0.393788
vt -0.278819 -0.379412
vt -0.225408 -0.252346
vt -0.209241 -0.266724
vt -0.243441 -0.248582
vt -0.262292 -0.255067
vt 0.585895 -0.393709
vt 0.613329 -0.424470
vt 0.585940 -0.430465
vt 0.613329 -0.452402
vt 0.585888 -0.450609
vt 0.613329 -0.392187
vt 1.383092 0.754648
vt 1.401206 0.758406
vt 1.367109 0.740095
vt 1.436204 0.734739
vt 1.419971 0.751904
vt 1.447769 0.709429
vt 1.451537 0.679932
vt 1.447720 0.651000
vt 1.436270 0.627736
vt 1.383416 0.615929
vt 1.367174 0.633090
vt 1.402176 0.609424
vt 1.420296 0.613185
vt 1.355618 0.658406
vt 1.351842 0.687898
vt 1.355667 0.716834
vt -0.266645 -0.458400
vt -0.294008 -0.424744
vt -0.266645 -0.397918
vt -0.294084 -0.399851
vt -0.294082 -0.456668
vt 0.035881 -0.374234
vt 0.008443 -0.375907
vt 0.035581 -0.345670
vt 0.006461 -0.337788
vt 0.033746 -0.288013
vt 0.006279 -0.280223
vt 0.008443 -0.248008
vt 0.035876 -0.250050
vt 0.006288 -0.315574
vt 1.175196 0.669890
vt 1.147758 0.671568
vt 1.177283 0.708028
vt 1.150091 0.704113
vt 1.177130 0.730496
vt 1.149215 0.744729
vt 1.177119 0.765640
vt 1.147750 0.795830
vt 1.175196 0.797727
vt 0.466819 -0.451132
vt 0.437394 -0.433620
vt 0.437267 -0.423679
vt 0.466774 -0.414807
vt 0.439384 -0.392182
vt 0.466825 -0.393860
vt 0.439384 -0.452776
vt 0.409780 -0.392182
vt 0.437217 -0.393912
vt 0.407761 -0.411354
vt 0.437142 -0.425371
vt 0.407789 -0.421297
vt 0.409780 -0.452811
vt 0.437218 -0.451103
vt 1.061561 -0.364731
vt 1.088999 -0.363059
vt 1.061861 -0.393295
vt 1.088999 -0.437186
vt 1.063696 -0.450951
vt 1.061565 -0.488915
vt 1.088999 -0.490887
vt 1.428234 -0.188677
vt 1.455672 -0.190352
vt 1.428234 -0.235750
vt 1.453339 -0.222896
vt 1.454214 -0.263512
vt 1.428404 -0.294357
vt 1.455668 -0.314552
vt 1.428234 -0.316491
vt 0.248505 -0.437964
vt 0.268291 -0.446900
vt 0.248505 -0.446900
vt 0.268291 -0.437964
vt 0.248505 -0.370971
vt 0.268291 -0.370971
vt 0.268291 -0.456055
vt 0.248505 -0.456055
vt 0.554066 -0.385462
vt 0.571020 -0.384241
vt 0.572750 -0.389685
vt 0.552779 -0.390929
vt 0.601389 -0.352337
vt 0.613371 -0.333405
vt 0.606429 -0.354767
vt 0.609015 -0.325215
vt 0.613515 -0.310672
vt 0.609048 -0.296305
vt 0.609564 -0.274961
vt 0.601565 -0.270588
vt 0.599926 -0.256902
vt 0.588330 -0.252390
vt 0.582943 -0.241819
vt 0.572269 -0.243938
vt 0.568416 -0.237432
vt 0.558123 -0.238198
vt 0.555315 -0.245159
vt 0.543683 -0.244666
vt 0.538598 -0.256357
vt 0.526455 -0.262440
vt 0.524946 -0.277063
vt 0.513574 -0.296025
vt 0.517321 -0.304184
vt 0.517287 -0.333095
vt 0.511702 -0.334224
vt 0.524770 -0.358811
vt 0.534178 -0.381314
vt 0.519619 -0.361356
vt 0.538006 -0.377010
vt 0.587736 -0.373043
vt 0.591637 -0.377125
vt -0.336605 -0.256015
vt -0.354755 -0.249168
vt -0.330408 -0.253060
vt -0.353559 -0.254794
vt -0.373348 -0.258870
vt -0.369619 -0.263245
vt -0.387976 -0.278878
vt -0.382855 -0.281445
vt -0.396135 -0.313933
vt -0.390338 -0.307161
vt -0.390305 -0.336071
vt -0.392760 -0.352029
vt -0.382679 -0.363192
vt -0.369027 -0.383898
vt -0.364050 -0.395533
vt -0.381204 -0.377798
vt -0.349486 -0.401984
vt -0.352311 -0.395096
vt -0.335356 -0.396318
vt -0.339209 -0.402824
vt -0.324701 -0.398434
vt -0.319296 -0.387866
vt -0.307718 -0.383361
vt -0.306061 -0.369668
vt -0.298062 -0.365295
vt -0.298577 -0.343951
vt -0.294110 -0.329584
vt -0.298611 -0.315041
vt -0.294254 -0.306851
vt -0.306236 -0.287919
vt -0.304996 -0.278929
vt -0.319889 -0.267212
vt 0.268291 -0.465141
vt 0.248505 -0.465141
vt 0.248505 -0.429412
vt 0.268291 -0.429412
vt 0.268291 -0.473773
vt 0.248505 -0.473773
vt 0.397354 -0.489511
vt 0.377568 -0.489511
vt 0.377568 -0.479481
vt 0.397354 -0.479481
vt 0.377568 -0.467580
vt 0.397354 -0.467580
vt 0.377568 -0.454294
vt 0.397354 -0.454294
vt 0.377568 -0.440172
vt 0.397354 -0.440172
vt 0.377568 -0.425803
vt 0.397354 -0.425803
vt 0.377568 -0.411789
vt 0.397354 -0.411789
vt 0.377568 -0.398714
vt 0.397354 -0.398714
vt 0.377568 -0.387121
vt 0.397354 -0.387122
vt 0.377568 -0.377480
vt 0.397354 -0.377478
vt 0.377568 -0.370125
vt 0.397354 -0.370126
vt 0.006288 -0.375890
vt 0.026074 -0.375891
vt 0.026074 -0.383529
vt 0.006288 -0.383529
vt 0.026074 -0.391894
vt 0.006288 -0.391894
vt 0.026074 -0.400806
vt 0.006288 -0.400806
vt 0.006288 -0.477214
vt 0.026074 -0.477214
vt 0.026074 -0.410101
vt 0.006288 -0.410101
vt 0.026074 -0.419496
vt 0.006288 -0.419496
vt 0.026074 -0.428600
vt 0.006288 -0.428600
vt 0.357782 -0.370125
vt 0.377568 -0.370125
vt 0.377568 -0.380155
vt 0.357782 -0.380155
vt 0.377568 -0.392055
vt 0.357783 -0.392055
vt 0.377568 -0.405341
vt 0.357783 -0.405341
vt 0.377568 -0.419463
vt 0.357783 -0.419463
vt 0.377568 -0.433831
vt 0.357783 -0.433831
vt 0.377568 -0.447846
vt 0.357783 -0.447846
vt 0.377568 -0.460921
vt 0.357783 -0.460921
vt 0.377568 -0.472514
vt 0.357783 -0.472514
vt 0.377568 -0.482156
vt 0.357783 -0.482156
vt 0.377568 -0.489511
vt 0.357783 -0.489511
vt 0.248505 -0.421428
vt 0.268291 -0.421428
vt 0.228719 -0.446900
vt 0.248505 -0.456055
vt 0.228719 -0.456055
vt 0.248505 -0.446900
vt 0.228719 -0.437963
vt 0.248505 -0.437964
vt 0.228719 -0.370971
vt 0.248505 -0.370971
vt -0.456512 -0.396282
vt -0.439557 -0.395061
vt -0.437827 -0.400504
vt -0.457799 -0.401749
vt -0.409189 -0.363157
vt -0.397207 -0.344225
vt -0.404149 -0.365587
vt -0.401563 -0.336035
vt -0.397063 -0.321492
vt -0.401529 -0.307124
vt -0.401014 -0.285781
vt -0.409013 -0.281408
vt -0.410652 -0.267721
vt -0.438308 -0.254758
vt -0.452455 -0.249018
vt -0.442162 -0.248252
vt -0.427634 -0.252639
vt -0.455263 -0.255979
vt -0.466895 -0.255486
vt -0.498875 -0.345044
vt -0.476399 -0.392134
vt -0.490959 -0.372177
vt -0.472571 -0.387830
vt -0.485808 -0.369630
vt -0.493291 -0.343915
vt -0.497004 -0.306845
vt -0.493257 -0.315005
vt -0.485631 -0.287883
vt -0.484123 -0.273260
vt -0.471979 -0.267177
vt -0.422249 -0.263209
vt -0.422841 -0.383863
vt -0.418941 -0.387945
vt 0.468068 -0.245195
vt 0.449918 -0.238348
vt 0.474265 -0.242240
vt 0.451114 -0.243974
vt 0.431325 -0.248050
vt 0.435054 -0.252426
vt 0.416697 -0.268058
vt 0.421818 -0.270625
vt 0.408538 -0.303113
vt 0.414335 -0.296341
vt 0.414368 -0.325251
vt 0.411913 -0.341209
vt 0.421994 -0.352372
vt 0.435646 -0.373079
vt 0.440623 -0.384714
vt 0.423469 -0.366978
vt 0.455187 -0.391164
vt 0.452362 -0.384277
vt 0.465463 -0.392004
vt 0.469317 -0.385498
vt 0.479972 -0.387614
vt 0.485377 -0.377046
vt 0.496955 -0.372541
vt 0.498612 -0.358848
vt 0.506611 -0.354475
vt 0.506096 -0.333131
vt 0.510563 -0.318764
vt 0.506062 -0.304221
vt 0.510419 -0.296031
vt 0.499677 -0.268109
vt 0.498437 -0.277099
vt 0.484784 -0.256393
vt 0.248505 -0.465141
vt 0.228719 -0.465141
vt 0.228719 -0.429412
vt 0.248505 -0.429412
vt 0.248505 -0.473773
vt 0.228719 -0.473773
vt 1.448020 -0.435876
vt 1.428234 -0.435876
vt 1.428234 -0.425846
vt 1.448020 -0.425846
vt 1.428234 -0.413945
vt 1.448019 -0.413945
vt 1.428234 -0.400659
vt 1.448019 -0.400659
vt 1.428234 -0.386537
vt 1.448019 -0.386537
vt 1.428234 -0.372169
vt 1.448019 -0.372169
vt 1.428234 -0.358154
vt 1.448020 -0.358154
vt 1.428234 -0.345079
vt 1.448020 -0.345079
vt 1.428234 -0.333487
vt 1.448020 -0.333487
vt 1.428234 -0.323845
vt 1.448020 -0.323845
vt 1.448020 -0.316491
vt 0.045711 -0.375891
vt 0.065497 -0.375891
vt 0.065497 -0.383528
vt 0.045711 -0.383528
vt 0.065497 -0.391894
vt 0.045711 -0.391894
vt 0.065497 -0.400806
vt 0.045711 -0.400806
vt 0.065497 -0.410101
vt 0.045711 -0.410101
vt 0.045711 -0.477214
vt 0.065497 -0.477214
vt 0.065497 -0.419495
vt 0.045711 -0.419495
vt 0.065497 -0.428600
vt 0.045711 -0.428600
vt 1.434005 -0.052713
vt 1.453791 -0.052713
vt 1.453791 -0.062742
vt 1.434005 -0.062742
vt 1.453791 -0.074643
vt 1.434005 -0.074643
vt 1.453791 -0.087928
vt 1.434005 -0.087928
vt 1.453791 -0.102050
vt 1.434005 -0.102050
vt 1.453791 -0.116418
vt 1.434005 -0.116418
vt 1.453791 -0.130433
vt 1.434005 -0.130433
vt 1.453791 -0.143509
vt 1.434005 -0.143509
vt 1.453791 -0.155101
vt 1.434005 -0.155100
vt 1.453791 -0.164743
vt 1.434005 -0.164744
vt 1.453791 -0.172099
vt 1.434005 -0.172099
vt 0.228719 -0.421428
vt 0.248505 -0.421428
vt 0.009455 0.828796
vt 0.000000 1.000000
vt 0.530220 0.974621
vt 0.530275 0.085063
vt 0.112115 0.657562
vt 0.118182 0.446177
vt 0.009455 0.230867
vt 0.000001 0.059662
vt 0.988060 0.273635
vt 0.987923 -0.003361
vt 0.953354 0.273635
vt 0.903082 -0.003361
vt 0.918880 0.273635
vt 0.870211 0.273635
vt 0.835333 -0.003361
vt 0.803739 0.273635
vt 0.810658 -0.211570
vt 0.770459 -0.003361
vt 0.707160 -0.190142
vt 0.740041 0.273635
vt 0.679426 -0.003361
vt 0.679367 0.273635
vt 0.611740 -0.205033
vt 0.637797 0.273635
vt 0.594640 -0.003361
vt 0.553877 -0.180832
vt 0.485622 -0.201548
vt 0.527333 -0.003361
vt 0.461113 -0.003361
vt 0.412242 -0.180832
vt 0.406935 -0.003361
vt 0.359513 -0.261100
vt 0.393321 -0.320502
vt 0.341696 -0.320502
vt 0.442050 -0.320502
vt 0.476421 -0.320501
vt 0.500000 -0.320502
vt 0.523579 -0.320501
vt 0.557956 -0.320502
vt 0.606684 -0.320502
vt 0.658308 -0.320502
vt 0.714128 -0.320502
vt 0.776217 -0.320501
vt 0.846774 -0.320501
vt 0.907951 -0.185816
vt 0.925788 -0.320501
vt 0.988060 -0.190214
vt 0.988060 -0.320501
vt 0.297592 -0.180832
vt 0.285875 -0.320502
vt 0.219228 -0.212980
vt 0.223787 -0.320501
vt 0.153234 -0.320502
vt 0.095241 -0.197514
vt 0.074220 -0.320502
vt 0.011940 -0.320501
vt 0.011940 -0.186639
vt 0.011732 -0.003361
vt 0.046646 0.273637
vt 0.011940 0.273635
vt 0.081120 0.273637
vt 0.129393 0.273637
vt 0.098970 -0.003360
vt 0.166375 -0.003360
vt 0.195892 0.273636
vt 0.231028 -0.003360
vt 0.259624 0.273636
vt 0.323140 -0.003360
vt 0.320340 0.273636
vt 0.362203 0.273636
vt 0.390303 0.273636
vt 0.418041 0.273636
vt 0.445510 0.273637
vt 0.472800 0.273637
vt 0.500000 0.273636
vt 0.527200 0.273637
vt 0.554489 0.273637
vt 0.581959 0.273636
vt 0.609697 0.273634
vt 0.433829 -0.225530
vt 0.379455 0.580577
vt 0.485049 -0.198463
vt 0.324015 0.584646
vt 0.433829 0.560873
vt 0.485048 0.526290
vt 0.531145 -0.157095
vt 0.570346 -0.103014
vt 0.531144 0.478156
vt 0.601146 -0.038300
vt 0.570346 0.418323
vt 0.601146 0.349088
vt 0.622362 0.034561
vt 0.622362 0.273113
vt 0.633178 0.112769
vt 0.633178 0.193318
vt 0.379456 -0.237254
vt 0.269642 0.572920
vt 0.324016 -0.233186
vt 0.218423 0.545854
vt 0.269642 -0.213481
vt 0.172327 0.504486
vt 0.218423 -0.178898
vt 0.133125 0.450406
vt 0.172327 -0.130764
vt 0.102325 0.385692
vt 0.133125 -0.070931
vt 0.102325 -0.001696
vt 0.081109 0.312831
vt 0.070294 0.234623
vt 0.081109 0.074278
vt 0.070294 0.154074
vt -0.186769 0.580524
vt -0.186769 -0.248074
vt -0.242938 0.584646
vt -0.242938 -0.243952
vt -0.298027 0.572767
vt -0.298028 -0.223988
vt -0.349921 0.545344
vt -0.349921 -0.188949
vt -0.396624 0.503432
vt -0.396624 -0.140182
vt -0.436341 0.448639
vt -0.436341 -0.079561
vt -0.467547 0.383073
vt -0.467547 -0.009414
vt -0.489042 0.309253
vt -0.489042 0.067560
vt -0.500000 0.230016
vt -0.500000 0.148406
vt -0.131679 -0.236195
vt -0.131679 0.560560
vt -0.079786 -0.208772
vt -0.079786 0.525522
vt -0.033083 -0.166860
vt -0.033083 0.476754
vt 0.006635 -0.112067
vt 0.006635 0.416132
vt 0.037840 -0.046501
vt 0.037840 0.345987
vt 0.059335 0.027319
vt 0.059335 0.269012
vt 0.070294 0.106557
vt 0.070294 0.188166
vt 1.084947 0.797508
vt 1.072854 0.608425
vt 1.072299 0.797706
vt 1.084391 0.608232
vt 1.059911 0.608219
vt 1.047470 0.796921
vt 1.071742 0.608411
vt 1.048018 0.607679
vt 1.047488 0.796922
vt 1.036518 0.606696
vt 1.026470 0.794691
vt 1.047000 0.607592
vt 1.026874 0.605478
vt 1.084927 0.797509
vt 1.097318 0.607613
vt 1.085479 0.608208
vt 1.108317 0.795970
vt 1.107833 0.606726
vt 1.118142 0.794689
vt 1.108740 0.606638
vt 1.117722 0.605458
vt 0.330517 -0.238513
vt 0.349453 -0.237285
vt 0.367761 -0.242374
vt 0.307275 -0.248355
vt 0.289466 -0.266622
vt 0.388699 -0.256810
vt 0.279814 -0.290552
vt 0.402705 -0.278401
vt 0.279811 -0.316497
vt 0.407625 -0.303859
vt 0.289462 -0.340484
vt 0.402701 -0.329287
vt 0.307279 -0.358848
vt 0.388698 -0.350798
vt 0.330530 -0.368806
vt 0.367771 -0.365124
vt 0.349453 -0.370125
vt 0.759817 0.806983
vt 0.750049 0.619167
vt 0.749616 0.808512
vt 0.759386 0.617758
vt 0.771344 0.805256
vt 0.760301 0.617631
vt 0.770862 0.616039
vt 0.771318 0.805260
vt 0.783989 0.614086
vt 0.771860 0.615902
vt 0.796567 0.801487
vt 0.796037 0.612275
vt 0.809294 0.799588
vt 0.797092 0.612137
vt 0.808767 0.610375
vt 0.821446 0.797776
vt 0.809797 0.610245
vt 0.820939 0.608561
vt 0.832554 0.796122
vt 0.821908 0.608444
vt 0.832086 0.606902
vt 0.842192 0.794690
vt 0.832959 0.606804
vt 0.841782 0.605463
vt 1.016631 0.606638
vt 1.026038 0.794664
vt 1.026455 0.605357
vt 1.017054 0.795866
vt 1.005422 0.607591
vt 1.016149 0.795929
vt 1.005910 0.796828
vt 1.005440 0.607590
vt 0.993019 0.797447
vt 1.004894 0.796864
vt 0.980612 0.608376
vt 0.981167 0.797638
vt 0.980710 0.608378
vt 0.967742 0.797435
vt 0.980059 0.797615
vt 0.955604 0.796843
vt 0.944593 0.606639
vt 0.945076 0.795946
vt 0.934768 0.605357
vt 0.944172 0.795840
vt 0.935187 0.794679
vt 0.925130 0.617746
vt 0.934360 0.808380
vt 0.934768 0.619179
vt 0.925536 0.807080
vt 0.925153 0.617750
vt 0.913787 0.805341
vt 0.924665 0.806941
vt 0.901871 0.614281
vt 0.902374 0.803637
vt 0.889144 0.612382
vt 0.901346 0.803470
vt 0.889670 0.801745
vt 0.889286 0.612403
vt 0.876102 0.799722
vt 0.888616 0.801571
vt 0.863712 0.797870
vt 0.852394 0.606886
vt 0.852879 0.796250
vt 0.842192 0.605357
vt 0.851964 0.796090
vt 0.842627 0.794713
vt 0.513866 -0.392752
vt 0.502183 -0.436292
vt 0.502141 -0.400271
vt 0.496780 -0.418778
vt 0.513552 -0.442048
vt 0.525235 -0.398509
vt 0.525277 -0.434529
vt 0.530638 -0.416022
vt 0.613502 -0.420806
vt 0.615230 -0.359531
vt 0.620964 -0.359805
vt 0.632760 -0.420807
vt 0.630516 -0.359327
vt 1.061656 -0.241935
vt 1.063239 -0.098138
vt 1.076379 -0.219338
vt 1.077951 -0.100846
vt 1.077962 -0.363680
vt 1.063228 -0.360968
vt 1.117384 0.609147
vt 1.140199 0.660299
vt 1.159143 0.602904
vt 1.155498 0.664452
vt 1.148614 0.665763
vt 1.132700 0.668093
vt 1.121774 0.669632
vt 1.384490 -0.334608
vt 1.386073 -0.190266
vt 1.399214 -0.307615
vt 1.400786 -0.188582
vt 1.400797 -0.451412
vt 1.386062 -0.453100
vt 0.045706 -0.436780
vt 0.036211 -0.376106
vt 0.043958 -0.376061
vt 0.026448 -0.436781
vt 0.028164 -0.376294
vt 0.772296 -0.103226
vt 0.730276 -0.100371
vt 0.751489 -0.098739
vt 0.791897 -0.113584
vt 0.816230 -0.138647
vt 0.848527 -0.232692
vt 0.745140 -0.299471
vt 0.840093 -0.187811
vt 0.830008 -0.337325
vt 0.846483 -0.279012
vt 0.799768 -0.382717
vt 0.772297 -0.404170
vt 0.751489 -0.411710
vt 0.730273 -0.413267
vt 0.709465 -0.408780
vt 0.689865 -0.398422
vt 0.665533 -0.373360
vt 0.633219 -0.279314
vt 0.641669 -0.324195
vt 0.651752 -0.174684
vt 0.635278 -0.232997
vt 0.681994 -0.129289
vt 0.709465 -0.107837
vt 0.613851 -0.316238
vt 0.628711 -0.280224
vt 0.630526 -0.359175
vt 0.615667 -0.359207
vt 0.615665 -0.237286
vt 0.630527 -0.237254
vt 1.393295 0.868341
vt 1.392583 0.813437
vt 1.366408 0.803549
vt 1.351536 0.862115
vt 1.355220 0.801588
vt 1.388220 0.806173
vt 1.192562 0.675786
vt 1.177794 0.675753
vt 1.177417 0.718723
vt 1.192185 0.754737
vt 1.177794 0.797674
vt 1.192562 0.797706
vt 1.354800 0.793236
vt 1.359872 0.763427
vt 1.352195 0.777658
vt 1.377199 0.768396
vt 1.370561 0.761581
vt 1.374801 0.794725
vt 1.379485 0.779551
vt 1.365668 0.781464
vt 1.364315 0.800542
vt 0.849530 0.156786
vt 0.869290 0.152589
vt 0.866494 0.141718
vt 0.849576 0.145329
vt 0.829581 0.149681
vt 0.832492 0.139242
vt 0.812143 0.131664
vt 0.817604 0.123836
vt 0.800307 0.105214
vt 0.807521 0.101248
vt 0.796136 0.074521
vt 0.803982 0.075055
vt 0.800320 0.044475
vt 0.807569 0.049425
vt 0.812130 0.019880
vt 0.817648 0.028450
vt 0.829398 0.004592
vt 0.832384 0.015388
vt 0.849159 0.000395
vt 0.849303 0.011778
vt 0.869109 0.007500
vt 0.866387 0.017864
vt 0.886548 0.025516
vt 0.881274 0.033271
vt 0.898384 0.051967
vt 0.891357 0.055858
vt 0.902555 0.082660
vt 0.894896 0.082051
vt 0.898369 0.112706
vt 0.891310 0.107680
vt 0.886558 0.137301
vt 0.881230 0.128656
vt 0.428891 0.005245
vt 0.389285 0.038121
vt 0.428891 0.046659
vt 0.389285 0.066455
vt 0.428891 0.066455
vt 0.389285 0.005374
vt 0.756556 0.055877
vt 0.737730 0.046062
vt 0.744684 0.060431
vt 0.727766 0.056820
vt 0.717598 0.047472
vt 0.710682 0.062906
vt 0.698464 0.060213
vt 0.683497 0.082933
vt 0.695794 0.078312
vt 0.685710 0.100900
vt 0.675360 0.112117
vt 0.682171 0.127093
vt 0.675415 0.143106
vt 0.685758 0.152722
vt 0.683627 0.170960
vt 0.695836 0.173697
vt 0.698512 0.191239
vt 0.710573 0.186760
vt 0.717337 0.201054
vt 0.727491 0.190371
vt 0.737469 0.199643
vt 0.744575 0.184285
vt 0.756603 0.186903
vt 0.759463 0.168878
vt 0.771570 0.164183
vt 0.769546 0.146291
vt 0.779709 0.134999
vt 0.773085 0.120098
vt 0.779654 0.104011
vt 0.769499 0.094469
vt 0.771442 0.076156
vt 0.759420 0.073493
vt 0.942192 0.027527
vt 0.902585 0.027508
vt 0.942192 0.075280
vt 0.902585 0.086609
vt 0.942192 0.134708
vt 0.902585 0.131135
vt 0.902585 0.157177
vt 0.942192 0.157181
vt 0.887790 0.225281
vt 0.927396 0.225157
vt 0.927396 0.192934
vt 0.887790 0.184293
vt 0.927396 0.163690
vt 0.887790 0.163690
vt 0.846602 0.685634
vt 0.886208 0.685654
vt 0.846602 0.637883
vt 0.886208 0.626554
vt 0.846602 0.578455
vt 0.886209 0.582029
vt 0.886208 0.555984
vt 0.846602 0.555980
vt 0.364359 0.066156
vt 0.364360 0.024743
vt 0.324753 0.033280
vt 0.324753 0.004946
vt 0.364359 0.004946
vt 0.324753 0.066027
vt 0.900076 0.854671
vt 0.910040 0.843913
vt 0.889908 0.845324
vt 0.882992 0.860757
vt 0.870774 0.858064
vt 0.868104 0.876164
vt 0.855807 0.880784
vt 0.858021 0.898751
vt 0.847670 0.909969
vt 0.854481 0.924944
vt 0.847725 0.940957
vt 0.858068 0.950574
vt 0.855937 0.968812
vt 0.868146 0.971549
vt 0.870822 0.989090
vt 0.899801 0.988222
vt 0.882883 0.984612
vt 0.889647 0.998906
vt 0.909779 0.997495
vt 0.931773 0.966730
vt 0.928913 0.984755
vt 0.943880 0.962034
vt 0.941856 0.944143
vt 0.945395 0.917949
vt 0.952019 0.932851
vt 0.941809 0.892321
vt 0.951965 0.901862
vt 0.931730 0.871345
vt 0.943752 0.874008
vt 0.916994 0.858282
vt 0.928866 0.853729
vt 0.916885 0.982136
vt 0.916993 0.827356
vt 0.900030 0.842423
vt 0.919790 0.838226
vt 0.900075 0.830966
vt 0.882991 0.824879
vt 0.880080 0.835318
vt 0.862642 0.817302
vt 0.868103 0.809473
vt 0.858020 0.786886
vt 0.850806 0.790851
vt 0.846635 0.760158
vt 0.854481 0.760692
vt 0.850819 0.730112
vt 0.858068 0.735063
vt 0.862629 0.705517
vt 0.868147 0.714087
vt 0.879898 0.690230
vt 0.882884 0.701025
vt 0.899658 0.686032
vt 0.899802 0.697415
vt 0.931773 0.718908
vt 0.948883 0.737604
vt 0.937047 0.711153
vt 0.941857 0.741495
vt 0.953054 0.768297
vt 0.945395 0.767689
vt 0.948868 0.798344
vt 0.941809 0.793318
vt 0.937057 0.822939
vt 0.931730 0.814293
vt 0.916886 0.703502
vt 0.919609 0.693137
vt 0.886209 0.555983
vt 0.886208 0.603737
vt 0.925815 0.555964
vt 0.925815 0.615065
vt 0.886208 0.663164
vt 0.925815 0.659591
vt 0.925815 0.685633
vt 0.886208 0.685637
vt 0.967003 0.225281
vt 0.927396 0.192934
vt 0.927396 0.225157
vt 0.967003 0.184293
vt 0.967003 0.163690
vt 0.324753 0.132888
vt 0.324753 0.085136
vt 0.285147 0.132908
vt 0.285147 0.073808
vt 0.324753 0.025709
vt 0.285147 0.029282
vt 0.285147 0.003238
vt 0.324753 0.003234
vt 0.202549 -0.244094
vt 0.225471 -0.244178
vt 0.181357 -0.253100
vt 0.246689 -0.253350
vt 0.165089 -0.269872
vt 0.262982 -0.270271
vt 0.156255 -0.291905
vt 0.271823 -0.292394
vt 0.156253 -0.315831
vt 0.271821 -0.316320
vt 0.165093 -0.337954
vt 0.262987 -0.338353
vt 0.181386 -0.354875
vt 0.246719 -0.355125
vt 0.202605 -0.364047
vt 0.225527 -0.364131
vt 0.682069 -0.064381
vt 0.665906 -0.064381
vt 0.666135 -0.029117
vt 0.650219 -0.029117
vt 0.649828 -0.064381
vt 0.634364 -0.029117
vt 0.633910 -0.064381
vt 0.618638 -0.029117
vt 0.618217 -0.064381
vt 0.603108 -0.029117
vt 0.602792 -0.064381
vt 0.587828 -0.029117
vt 0.587661 -0.064381
vt 0.572832 -0.029117
vt 0.572835 -0.064381
vt 0.558134 -0.029117
vt 0.558305 -0.064381
vt 0.543732 -0.029117
vt 0.544057 -0.064381
vt 0.529615 -0.029117
vt 0.530063 -0.064381
vt 0.515762 -0.029117
vt 0.516293 -0.064381
vt 0.502151 -0.029117
vt 0.502712 -0.064381
vt 0.488758 -0.029118
vt 0.489283 -0.064381
vt 0.475554 -0.029117
vt 0.475969 -0.064381
vt 0.462499 -0.029118
vt 0.462731 -0.064382
vt 0.449531 -0.029118
vt 0.449531 -0.064382
vt 0.436563 -0.029118
vt 0.436332 -0.064382
vt 0.423508 -0.029117
vt 0.423094 -0.064382
vt 0.410304 -0.029118
vt 0.409779 -0.064381
vt 0.396911 -0.029118
vt 0.396351 -0.064382
vt 0.383300 -0.029118
vt 0.382769 -0.064382
vt 0.369447 -0.029118
vt 0.368999 -0.064382
vt 0.355330 -0.029118
vt 0.355005 -0.064382
vt 0.340929 -0.029118
vt 0.340757 -0.064382
vt 0.326230 -0.029118
vt 0.326228 -0.064382
vt 0.311234 -0.029118
vt 0.311401 -0.064382
vt 0.295955 -0.029118
vt 0.296271 -0.064382
vt 0.280425 -0.029118
vt 0.280846 -0.064381
vt 0.264698 -0.029118
vt 0.265152 -0.064382
vt 0.248843 -0.029117
vt 0.249235 -0.064381
vt 0.232927 -0.029117
vt 0.233156 -0.064381
vt 0.216993 -0.029117
vt 0.216993 -0.064381
vt 0.682069 -0.029117
vt 0.914234 0.108549
vt 0.857533 -0.294814
vt 0.843984 0.108549
vt 0.885889 -0.294731
vt 0.914279 -0.294424
vt 0.818473 -0.259653
vt 0.829290 -0.294982
vt 0.801272 -0.294982
vt 0.762934 -0.259653
vt 0.773605 -0.294982
vt 0.746383 -0.294983
vt 0.709265 -0.259653
vt 0.719667 -0.294982
vt 0.693481 -0.294982
vt 0.657665 -0.259653
vt 0.667824 -0.294982
vt 0.642673 -0.294982
vt 0.607940 -0.259653
vt 0.617994 -0.294982
vt 0.593746 -0.294982
vt 0.569887 -0.294886
vt 0.579157 0.108549
vt 0.546364 -0.294827
vt 0.532655 0.108549
vt 0.523106 -0.294778
vt 0.420529 -0.259653
vt 0.453633 -0.294707
vt 0.430115 -0.294983
vt 0.406254 -0.294983
vt 0.371774 -0.259653
vt 0.382006 -0.294983
vt 0.357327 -0.294983
vt 0.321305 -0.259653
vt 0.332176 -0.294983
vt 0.306519 -0.294983
vt 0.268857 -0.259653
vt 0.280333 -0.294983
vt 0.253617 -0.294983
vt 0.214358 -0.259653
vt 0.226395 -0.294983
vt 0.198728 -0.294983
vt 0.170719 -0.294594
vt 0.236639 0.108548
vt 0.181261 0.108549
vt 0.290667 0.108548
vt 0.343112 0.108548
vt 0.393743 0.108548
vt 0.442147 0.108548
vt 0.487921 0.108549
vt 0.476893 -0.294721
vt 0.500000 -0.294742
vt 0.142471 -0.294609
vt 0.125617 0.108549
vt 0.114112 -0.294628
vt 0.085722 -0.294281
vt 0.085722 0.108549
vt 0.627751 0.108549
vt 0.678542 0.108549
vt 0.731872 0.108549
vt 0.787446 0.108549
vt 0.698002 -0.029117
vt 0.713919 -0.029117
vt 0.888584 -0.029117
vt 0.729774 -0.029118
vt 0.875380 -0.029118
vt 0.861986 -0.029118
vt 0.745500 -0.029118
vt 0.761030 -0.029118
vt 0.848376 -0.029118
vt 0.776310 -0.029118
vt 0.834523 -0.029118
vt 0.791306 -0.029118
vt 0.820406 -0.029118
vt 0.806004 -0.029118
vt -0.216901 1.485369
vt -0.331557 0.633658
vt -0.275540 1.464120
vt -0.331048 1.426641
vt -0.381512 0.678491
vt -0.424194 0.737372
vt -0.381235 1.374235
vt -0.424069 1.308857
vt -0.457848 0.808082
vt -0.457805 1.233024
vt -0.481086 0.887888
vt -0.481077 1.149684
vt -0.492950 0.973676
vt -0.492950 1.062094
vt -0.276320 0.604469
vt -0.157314 1.489742
vt -0.217878 0.591868
vt -0.098872 1.477141
vt -0.158291 0.596240
vt -0.043636 1.447951
vt -0.099652 0.617491
vt 0.006320 1.403120
vt -0.044144 0.654970
vt 0.049001 1.344239
vt 0.006043 0.707376
vt 0.082655 1.273529
vt 0.048877 0.772754
vt 0.105893 1.193723
vt 0.082613 0.848587
vt 0.117757 1.107934
vt 0.105885 0.931926
vt 0.117757 1.019517
vt 0.338170 0.081787
vt 0.336779 0.000000
vt 0.315177 0.081787
vt 0.240555 0.443862
vt 0.132369 0.402961
vt 0.128826 0.503544
vt 0.252599 0.475997
vt 0.134750 0.636368
vt 0.257652 0.548139
vt 0.257389 0.999995
vt 0.157801 0.800964
vt 0.195384 0.925768
vt 0.227974 0.982183
vt -0.063222 0.669661
vt -0.011749 0.067950
vt -0.063222 0.067950
vt -0.022516 0.658910
vt 0.015991 0.641902
vt 0.042154 0.636738
vt 0.055211 0.067950
vt 0.072292 0.649988
vt 0.072495 0.949703
vt 0.076522 0.729603
vt 0.121448 0.067950
vt 0.105157 0.725426
vt 0.131308 0.753731
vt 0.147925 0.795720
vt 0.198040 0.067950
vt 0.182211 0.949703
vt 0.159620 0.858118
vt 0.166238 0.930029
vt 0.166547 0.984773
vt 0.181955 0.984857
vt 0.217272 0.949703
vt 0.182467 0.984857
vt 0.217017 0.984857
vt 0.252080 0.984672
vt 0.217528 0.984857
vt 0.252334 0.067950
vt 0.287144 0.984363
vt 0.252590 0.984831
vt 0.287396 0.067950
vt 0.322458 0.949703
vt 0.287651 0.984729
vt 0.345265 0.067950
vt 0.322202 0.984857
vt 0.357520 0.949703
vt 0.392582 0.949703
vt 0.415036 0.067950
vt 0.427532 0.984686
vt 0.462596 0.984672
vt 0.482574 0.067950
vt 0.497658 0.984673
vt 0.532830 0.949703
vt 0.567960 0.067950
vt 0.567638 0.984611
vt 0.602954 0.949703
vt 0.567892 0.067950
vt 0.568140 0.983755
vt 0.618959 0.067950
vt 0.602698 0.984857
vt 0.638016 0.949703
vt 0.673077 0.949703
vt 0.690777 0.067950
vt 0.708139 0.949703
vt 0.743201 0.949704
vt 0.763230 0.067950
vt 0.778263 0.949704
vt 0.813325 0.949703
vt 0.837644 0.067950
vt 0.847611 0.795720
vt 0.835916 0.858118
vt 0.829298 0.930028
vt 0.828989 0.984774
vt 0.813581 0.984857
vt 0.864228 0.753731
vt 0.890379 0.725426
vt 0.909629 0.067950
vt 0.919014 0.729603
vt 0.923244 0.649988
vt 0.923041 0.949703
vt 0.918899 0.952331
vt 0.919634 0.984857
vt 0.953382 0.636738
vt 0.974937 0.067950
vt 0.979545 0.641902
vt 1.058696 0.067950
vt 1.018395 0.659121
vt 1.058758 0.669661
vt 0.778519 0.984857
vt 0.813069 0.984857
vt 0.743457 0.984857
vt 0.778007 0.984857
vt 0.708395 0.984857
vt 0.742945 0.984857
vt 0.673333 0.984857
vt 0.707883 0.984857
vt 0.638271 0.984857
vt 0.672822 0.984857
vt 0.603210 0.984857
vt 0.637760 0.984857
vt 0.533086 0.984857
vt 0.532574 0.984857
vt 0.392838 0.984857
vt 0.357776 0.984857
vt 0.392326 0.984857
vt 0.322714 0.984857
vt 0.357264 0.984857
vt 0.076637 0.952330
vt 0.075901 0.984857
vt 0.185116 0.180743
vt 0.185116 0.396365
vt 0.210795 0.387585
vt 0.210795 0.180743
vt 0.159279 0.180743
vt 0.159279 0.401772
vt 0.338170 0.573807
vt 0.262254 0.573832
vt 0.271774 0.655764
vt 0.338170 0.655764
vt 0.338170 0.500000
vt 0.262252 0.573807
vt 0.257652 0.500000
vt 0.295603 0.831084
vt 0.338170 0.742723
vt 0.283041 0.742723
vt 0.338170 0.831339
vt 0.315177 0.918213
vt 0.338170 0.918213
vt 0.295657 0.831339
vt 0.336779 0.999999
vt 0.003543 0.999755
vt 0.111729 0.958853
vt 0.000000 0.899171
vt 0.123773 0.926716
vt 0.005924 0.766348
vt 0.128826 0.854575
vt 0.128563 0.402718
vt 0.028975 0.601751
vt 0.066557 0.476947
vt 0.099148 0.420531
vt 0.134101 0.390607
vt 0.128826 0.180743
vt 0.128826 0.357323
vt 0.134279 0.180743
vt 0.146354 0.402716
vt 0.134279 0.390824
vt 0.338170 0.500000
vt 0.262252 0.426194
vt 0.338169 0.426193
vt 0.271774 0.344236
vt 0.262254 0.426169
vt 0.338169 0.344236
vt 0.283040 0.257277
vt 0.338170 0.257277
vt 0.295603 0.168915
vt 0.338170 0.168659
vt 0.295657 0.168660
vt 0.005453 0.402713
vt 0.017527 0.180740
vt 0.005453 0.192633
vt 0.030453 0.402714
vt 0.030453 0.181685
vt 0.005275 0.192849
vt 0.000000 0.402713
vt 0.000000 0.226133
vt 0.056289 0.187091
vt 0.056289 0.402714
vt 0.081969 0.195871
vt 0.081969 0.402713
s 1
usemtl Metal_Material
f 1/1/1 30/2/2 73/3/3
f 3/4/4 2/5/5 12/6/6
f 3/4/4 12/6/6 23/7/7
f 3/4/4 23/7/7 41/8/8
f 41/8/8 53/9/9 5/10/10
f 7/11/11 34/12/12 99/13/13
f 7/11/11 99/13/13 6/14/14
f 7/11/11 35/15/15 34/12/12
f 7/11/11 42/16/16 35/15/15
f 7/11/11 67/17/17 42/16/16
f 6/14/14 99/13/13 2/5/5
f 6/14/14 2/5/5 3/4/4
f 8/18/18 86/19/19 49/20/20
f 8/18/18 51/21/19 86/19/19
f 8/18/18 70/22/21 51/21/19
f 24/23/22 13/24/23 69/25/24
f 9/26/25 24/23/22 67/17/17
f 9/26/25 5/10/10 26/27/26
f 9/26/25 26/27/26 24/23/22
f 5/10/10 48/28/27 26/27/26
f 5/10/10 53/9/9 19/29/28
f 5/10/10 19/29/28 48/28/27
f 10/30/29 54/31/30 27/32/31
f 41/8/8 25/33/32 54/31/30
f 41/8/8 54/31/30 10/30/29
f 41/8/8 10/30/29 59/34/33
f 41/8/8 59/34/33 53/9/9
f 41/8/8 23/7/7 25/33/32
f 11/35/34 26/27/26 48/28/27
f 1/1/1 55/36/3 90/37/35
f 1/1/1 88/38/3 55/36/3
f 1/1/1 57/39/3 88/38/3
f 1/1/1 14/40/36 15/41/37
f 1/1/1 73/3/3 57/39/3
f 15/41/38 100/42/39 47/43/40
f 13/24/23 40/44/41 68/45/42
s 0
f 15/41/43 12/6/43 2/5/43
f 14/40/44 29/46/44 12/6/44
f 14/40/45 12/6/45 15/41/45
s 1
f 13/24/23 68/45/42 69/25/24
f 15/41/38 2/5/46 100/42/39
f 16/47/47 63/48/48 14/40/36
f 16/47/47 14/40/36 1/1/1
f 16/47/47 1/1/1 90/37/35
f 17/49/49 27/32/31 29/46/50
f 17/49/49 29/46/50 14/40/51
f 10/30/29 27/32/31 17/49/49
s 0
f 18/50/52 13/24/52 28/51/52
s 1
f 18/50/53 61/52/54 70/22/21
f 18/50/53 70/22/21 8/18/18
f 18/50/53 8/18/18 13/24/55
f 18/50/53 93/53/54 61/52/54
f 28/51/56 13/24/23 24/23/22
f 28/51/56 66/54/57 18/50/58
f 19/29/28 26/27/26 11/35/34
f 19/29/28 53/9/9 21/55/59
f 19/29/28 21/55/59 20/56/60
f 18/50/53 65/57/61 93/53/54
f 18/50/53 95/58/62 65/57/61
f 20/56/60 66/54/57 28/51/56
f 26/27/26 28/51/56 24/23/22
f 27/32/31 22/59/63 23/7/7
f 27/32/31 12/6/6 29/46/50
f 23/7/7 12/6/6 27/32/31
f 28/51/56 26/27/26 19/29/28
f 28/51/56 19/29/28 20/56/60
f 22/59/63 27/32/31 54/31/30
f 25/33/32 23/7/7 22/59/63
f 4/60/64 9/26/25 67/17/17
f 98/61/65 4/60/64 7/11/11
f 4/60/64 67/17/17 7/11/11
f 1/1/1 74/62/3 30/2/2
f 8/18/18 32/63/19 76/64/19
f 8/18/18 78/65/19 32/63/19
f 97/66/66 15/41/38 47/43/40
f 1/1/1 36/67/3 80/68/3
f 1/1/1 82/69/3 36/67/3
f 1/1/1 8/18/18 38/70/67
f 1/1/1 38/70/67 82/69/3
f 8/18/18 84/71/19 38/70/67
f 97/66/66 47/43/40 40/44/41
f 8/18/18 43/72/19 84/71/19
f 8/18/18 76/64/19 43/72/19
f 96/73/68 97/66/66 40/44/41
f 1/1/1 45/74/3 74/62/3
f 1/1/1 80/68/3 45/74/3
f 8/18/18 49/20/20 78/65/19
f 13/24/23 96/73/68 40/44/41
f 73/3/69 129/39/70 120/39/70
f 73/3/69 120/39/70 58/3/69
f 57/39/71 119/38/70 146/38/70
f 57/39/71 146/38/70 89/39/69
f 88/38/69 145/36/70 118/36/70
f 88/38/69 118/36/70 56/38/69
f 55/36/71 117/37/70 148/37/70
f 55/36/71 148/37/70 91/36/69
f 90/37/69 147/75/70 122/75/72
f 90/37/69 122/75/72 60/37/73
f 16/47/74 121/76/72 151/76/75
f 16/47/74 151/76/75 94/75/76
f 95/58/77 152/57/78 125/57/79
f 95/58/77 125/57/79 64/58/80
f 65/57/81 126/53/82 150/53/70
f 65/57/81 150/53/70 92/57/69
f 93/53/69 149/52/70 124/52/70
f 93/53/69 124/52/70 62/53/71
f 61/52/71 123/22/70 128/22/70
f 61/52/71 128/22/70 71/52/69
f 70/22/69 127/21/70 116/21/70
f 70/22/69 116/21/70 52/22/69
f 51/21/69 115/19/70 144/19/70
f 51/21/69 144/19/70 87/21/69
f 86/19/69 143/20/70 114/20/70
f 86/19/69 114/20/70 50/19/83
f 49/20/83 113/65/70 136/65/70
f 49/20/83 136/65/70 79/20/69
f 78/65/69 135/63/70 104/63/70
f 78/65/69 104/63/70 33/65/69
f 32/63/69 103/64/70 134/64/70
f 32/63/69 134/64/70 77/63/69
f 76/64/69 133/72/70 110/72/70
f 76/64/69 110/72/70 44/64/69
f 43/72/71 109/71/70 142/71/70
f 43/72/71 142/71/70 85/72/69
f 84/71/69 141/70/70 108/70/70
f 84/71/69 108/70/70 39/71/71
f 38/70/69 107/69/70 140/69/70
f 38/70/69 140/69/70 83/70/69
f 82/69/69 139/67/70 106/67/70
f 82/69/69 106/67/70 37/69/69
f 36/67/71 105/68/70 138/68/70
f 36/67/71 138/68/70 81/67/71
f 80/68/69 137/74/70 112/74/70
f 80/68/69 112/74/70 46/68/69
f 45/74/71 111/62/70 132/62/70
f 45/74/71 132/62/70 75/74/71
f 74/62/69 131/2/70 101/2/70
f 74/62/69 101/2/70 31/62/84
f 30/2/85 102/3/70 130/3/70
f 30/2/85 130/3/70 72/2/69
f 236/134/169 238/135/170 237/136/171
f 239/137/172 240/138/173 241/139/174
f 241/139/174 240/138/173 242/140/175
f 244/141/176 245/142/177 243/143/178
f 244/141/176 246/144/179 245/142/177
f 247/144/176 248/145/177 250/142/178
f 247/144/176 249/146/179 248/145/177
f 252/147/180 253/148/181 251/149/176
f 252/147/180 254/150/179 253/148/181
f 255/150/176 256/151/182 258/148/176
f 255/150/176 257/152/183 256/151/182
f 260/153/176 261/154/177 259/155/176
f 260/153/176 262/156/179 261/154/177
f 263/156/176 264/157/183 266/154/176
f 263/156/176 265/158/183 264/157/183
f 268/158/176 269/159/179 267/157/176
f 268/158/176 270/160/179 269/159/179
f 271/160/176 272/161/183 274/159/178
f 271/160/176 273/162/179 272/161/183
f 276/162/176 277/163/183 275/161/176
f 276/162/176 278/164/183 277/163/183
f 279/164/176 280/149/183 282/163/176
f 279/164/176 281/147/183 280/149/183
f 284/146/176 285/165/184 283/145/176
f 284/146/176 286/166/179 285/165/184
f 287/166/176 288/155/177 290/165/176
f 287/166/176 289/153/177 288/155/177
f 292/152/176 293/167/182 291/151/176
f 292/152/176 294/168/183 293/167/182
f 295/168/180 296/169/183 298/167/178
f 295/168/180 297/170/179 296/169/183
f 300/170/176 301/171/179 299/169/176
f 300/170/176 302/172/179 301/171/179
f 303/172/176 304/173/183 306/171/176
f 303/172/176 305/174/183 304/173/183
f 308/175/176 309/176/182 307/177/176
f 308/175/176 310/178/183 309/176/182
f 311/178/176 312/179/183 314/176/176
f 311/178/176 313/180/183 312/179/183
f 316/180/176 317/181/183 315/179/176
f 316/180/176 318/182/183 317/181/183
f 319/182/176 320/143/183 322/181/176
f 319/182/176 321/141/183 320/143/183
f 324/183/185 325/34/186 323/184/187
f 324/183/185 326/185/188 325/34/186
f 327/185/189 328/177/190 330/34/176
f 327/185/189 329/175/191 328/177/190
f 332/174/176 333/186/183 331/173/176
f 332/174/176 334/187/183 333/186/183
f 335/187/176 336/188/179 338/186/176
f 335/187/176 337/189/183 336/188/179
f 340/190/192 341/191/193 339/192/194
f 340/190/192 342/193/195 341/191/193
f 343/193/196 344/184/197 346/191/198
f 343/193/196 345/194/199 344/184/197
f 348/195/200 349/196/201 347/197/202
f 348/195/200 350/198/203 349/196/201
f 351/198/202 352/192/204 354/196/192
f 351/198/202 353/190/205 352/192/204
f 356/199/206 357/200/207 355/201/208
f 356/199/206 358/202/209 357/200/207
f 359/202/210 360/197/211 362/200/212
f 359/202/210 361/195/207 360/197/211
f 364/203/213 365/204/214 363/76/215
f 364/203/213 366/205/216 365/204/214
f 367/205/215 368/206/217 370/204/218
f 367/205/215 369/207/219 368/206/217
f 372/208/220 373/209/221 371/210/222
f 372/208/220 374/211/223 373/209/221
f 375/211/224 376/212/225 378/209/226
f 375/211/224 377/213/227 376/212/225
f 380/207/218 381/214/228 379/206/229
f 380/207/218 382/215/230 381/214/228
f 383/215/231 384/210/232 386/214/220
f 383/215/231 385/208/233 384/210/232
f 388/213/224 389/216/234 387/212/235
f 388/213/224 390/217/236 389/216/234
f 391/217/235 392/201/237 394/216/238
f 391/217/235 393/199/234 392/201/237
f 396/189/176 397/218/239 395/188/240
f 396/189/176 398/219/179 397/218/239
f 399/219/241 400/220/242 402/218/243
f 399/219/241 401/221/244 400/220/242
f 403/222/245 404/223/246 406/224/247
f 403/222/245 405/225/248 404/223/246
f 408/226/249 409/224/248 407/227/250
f 408/226/249 410/222/251 409/224/248
f 411/228/252 412/229/253 414/230/254
f 411/228/252 413/231/255 412/229/253
f 416/232/256 417/230/257 415/233/258
f 416/232/256 418/228/259 417/230/257
f 419/234/260 420/233/261 422/235/256
f 419/234/260 421/232/262 420/233/261
f 424/225/263 425/235/262 423/223/264
f 424/225/263 426/234/265 425/235/262
f 427/236/266 428/58/267 430/237/268
f 427/236/266 429/238/269 428/58/267
f 432/231/254 433/237/270 431/229/266
f 432/231/254 434/236/271 433/237/270
f 435/239/272 436/227/251 438/240/273
f 435/239/272 437/226/274 436/227/251
f 440/241/275 441/240/274 439/242/276
f 440/241/275 442/239/277 441/240/274
f 443/243/278 444/242/279 446/244/280
f 443/243/278 445/241/281 444/242/279
f 448/245/282 449/244/281 447/246/278
f 448/245/282 450/243/283 449/244/281
f 451/247/284 452/246/283 454/248/285
f 451/247/284 453/245/286 452/246/283
f 456/221/287 457/248/288 455/220/284
f 456/221/287 458/249/289 457/248/288
s 0
f 460/133/290 459/133/290 462/133/290
f 460/133/290 461/133/290 459/133/290
f 464/133/291 465/133/291 463/133/291
f 464/133/291 466/133/291 465/133/291
f 468/133/292 469/133/292 467/133/292
f 468/133/292 470/133/292 469/133/292
f 472/133/293 471/133/293 474/133/293
f 472/133/293 473/133/293 471/133/293
f 476/133/294 477/133/294 475/133/294
f 476/133/294 478/133/294 477/133/294
f 480/133/295 479/133/295 482/133/295
f 480/133/295 481/133/295 479/133/295
f 484/133/296 485/133/296 483/133/296
f 484/133/296 486/133/296 485/133/296
f 488/133/297 489/133/297 487/133/297
f 488/133/297 490/133/297 489/133/297
f 492/133/298 491/133/298 494/133/298
f 492/133/298 493/133/298 491/133/298
f 496/133/299 497/133/299 495/133/299
f 496/133/299 498/133/299 497/133/299
f 500/133/300 501/133/300 499/133/300
f 500/133/300 502/133/300 501/133/300
f 504/133/301 505/133/301 503/133/301
f 504/133/301 506/133/301 505/133/301
f 508/133/302 507/133/302 510/133/302
f 508/133/302 509/133/302 507/133/302
f 512/133/303 513/133/303 511/133/303
f 512/133/303 514/133/303 513/133/303
f 516/133/304 515/133/304 518/133/304
f 516/133/304 517/133/304 515/133/304
f 520/133/305 521/133/305 519/133/305
f 520/133/305 522/133/305 521/133/305
f 524/133/306 525/133/306 523/133/306
f 524/133/306 526/133/306 525/133/306
f 528/133/307 527/133/307 530/133/307
f 528/133/307 529/133/307 527/133/307
f 532/133/308 533/133/308 531/133/308
f 532/133/308 534/133/308 533/133/308
f 536/133/309 537/133/309 535/133/309
f 536/133/309 538/133/309 537/133/309
f 540/133/310 541/133/310 539/133/310
f 540/133/310 542/133/310 541/133/310
f 544/133/311 543/133/311 546/133/311
f 544/133/311 545/133/311 543/133/311
f 548/133/312 549/133/312 547/133/312
s 1
f 548/133/312 550/133/312 549/133/312
s 0
f 552/133/313 551/133/313 553/133/313
f 552/133/314 553/133/314 554/133/314
f 555/133/315 556/133/316 558/133/316
f 555/133/317 557/133/317 556/133/318
s 1
f 560/133/319 559/133/320 561/133/321
f 560/133/319 561/133/321 562/133/320
f 563/133/322 564/133/322 566/133/322
f 563/133/322 565/133/323 564/133/322
f 568/133/324 567/133/324 569/133/325
f 568/133/324 569/133/325 570/133/324
f 571/133/326 572/133/327 574/133/328
f 571/133/326 573/133/326 572/133/327
f 575/133/329 576/133/330 578/133/331
f 575/133/329 577/133/329 576/133/330
s 0
f 579/133/332 580/133/333 582/133/332
f 579/133/334 581/133/334 580/133/334
f 584/133/295 583/133/295 585/133/295
s 1
f 584/133/335 585/133/336 586/133/335
f 587/133/337 588/133/338 590/133/338
f 587/133/337 589/133/339 588/133/338
s 0
f 592/133/340 591/133/340 593/133/340
f 592/133/341 593/133/342 594/133/341
s 1
f 595/133/343 596/133/343 598/133/344
f 595/133/343 597/133/345 596/133/343
f 599/133/346 600/133/346 602/133/347
f 599/133/346 601/133/348 600/133/346
f 603/133/349 604/133/350 606/133/350
f 603/133/349 605/133/350 604/133/350
f 607/133/351 608/133/352 610/133/353
f 607/133/351 609/133/354 608/133/352
f 612/133/355 611/133/355 613/133/356
f 612/133/355 613/133/356 614/133/357
f 615/133/306 616/133/358 618/133/359
f 615/133/306 617/133/306 616/133/358
f 620/133/360 619/133/361 621/133/360
f 620/133/360 621/133/360 622/133/361
f 624/133/362 623/133/362 625/133/362
s 0
f 624/133/363 625/133/363 626/133/363
s 1
f 627/133/364 628/133/365 630/133/365
f 627/133/364 629/133/366 628/133/365
f 631/133/367 632/133/368 634/133/369
f 631/133/367 633/133/370 632/133/368
f 636/133/371 635/133/372 637/133/373
f 636/133/371 637/133/373 638/133/372
f 639/133/374 640/133/374 642/133/375
f 639/133/374 641/133/374 640/133/374
s 0
f 644/133/376 643/133/376 646/133/376
f 644/133/376 645/133/376 643/133/376
f 648/133/377 649/133/377 647/133/377
f 648/133/377 650/133/377 649/133/377
f 652/133/378 653/133/378 651/133/378
f 652/133/378 654/133/378 653/133/378
f 656/133/379 655/133/379 658/133/379
f 656/133/379 657/133/379 655/133/379
f 660/133/380 661/133/380 659/133/380
f 660/133/380 662/133/380 661/133/380
f 664/133/381 663/133/381 666/133/381
f 664/133/381 665/133/381 663/133/381
f 668/133/382 669/133/382 667/133/382
f 668/133/382 670/133/382 669/133/382
f 672/133/383 671/133/383 674/133/383
f 672/133/383 673/133/383 671/133/383
f 676/133/384 677/133/384 675/133/384
f 676/133/384 678/133/384 677/133/384
f 680/133/385 681/133/385 679/133/385
f 680/133/385 682/133/385 681/133/385
f 684/133/386 685/133/386 683/133/386
f 684/133/386 686/133/386 685/133/386
f 688/133/387 689/133/387 687/133/387
f 688/133/387 690/133/387 689/133/387
f 692/133/388 691/133/388 694/133/388
f 692/133/388 693/133/388 691/133/388
f 696/133/389 697/133/389 695/133/389
f 696/133/390 698/133/390 697/133/390
f 700/133/391 701/133/391 699/133/391
f 700/133/391 702/133/391 701/133/391
f 704/133/392 703/133/392 706/133/392
f 704/133/392 705/133/392 703/133/392
f 708/133/393 709/133/393 707/133/393
f 708/133/393 710/133/393 709/133/393
f 712/133/394 711/133/394 714/133/394
f 712/133/394 713/133/394 711/133/394
f 716/133/395 717/133/395 715/133/395
f 716/133/395 718/133/395 717/133/395
f 720/133/396 721/133/396 719/133/396
f 720/133/396 722/133/396 721/133/396
s 1
f 724/133/397 725/133/397 723/133/397
s 0
f 724/133/397 726/133/397 725/133/397
f 728/133/376 727/133/376 729/133/376
f 728/133/376 729/133/376 730/133/376
f 731/133/398 732/133/398 734/133/398
f 731/133/377 733/133/377 732/133/377
f 736/133/399 735/133/399 737/133/399
f 736/133/400 737/133/400 738/133/400
f 739/133/401 740/133/401 742/133/401
f 739/133/402 741/133/402 740/133/402
f 743/133/403 744/133/403 746/133/403
f 743/133/403 745/133/403 744/133/403
f 747/133/404 748/133/404 750/133/404
f 747/133/405 749/133/405 748/133/405
f 751/133/406 752/133/406 754/133/406
f 751/133/407 753/133/407 752/133/407
f 755/133/408 756/133/408 758/133/408
f 755/133/409 757/133/409 756/133/409
f 759/133/378 760/133/378 762/133/378
f 759/133/378 761/133/378 760/133/378
f 764/133/379 763/133/379 765/133/379
f 764/133/379 765/133/379 766/133/379
s 1
f 767/133/410 768/133/410 770/133/410
s 0
f 767/133/410 769/133/410 768/133/410
f 772/133/411 771/133/411 773/133/411
f 772/133/411 773/133/411 774/133/411
f 775/133/381 776/133/381 778/133/381
f 775/133/381 777/133/381 776/133/381
f 779/133/412 780/133/412 782/133/412
f 779/133/383 781/133/383 780/133/383
f 784/133/380 783/133/380 785/133/380
f 784/133/413 785/133/413 786/133/413
f 787/133/385 788/133/385 790/133/385
f 787/133/385 789/133/385 788/133/385
f 792/133/384 791/133/384 793/133/384
f 792/133/384 793/133/384 794/133/384
f 795/133/414 796/133/414 798/133/414
f 795/133/415 797/133/415 796/133/415
f 800/133/386 799/133/386 801/133/386
f 800/133/416 801/133/416 802/133/416
f 803/133/417 804/133/417 806/133/417
f 803/133/418 805/133/418 804/133/418
f 807/133/388 808/133/388 810/133/388
f 807/133/388 809/133/388 808/133/388
f 811/133/387 812/133/387 814/133/387
f 811/133/387 813/133/387 812/133/387
f 815/133/392 816/133/392 818/133/392
f 815/133/392 817/133/392 816/133/392
f 820/133/419 819/133/419 821/133/419
f 820/133/419 821/133/419 822/133/419
f 823/133/391 824/133/391 826/133/391
f 823/133/391 825/133/391 824/133/391
f 827/133/420 828/133/420 830/133/420
f 827/133/420 829/133/420 828/133/420
f 831/133/394 832/133/394 834/133/394
f 831/133/394 833/133/394 832/133/394
f 835/133/395 836/133/395 838/133/395
f 835/133/395 837/133/395 836/133/395
f 839/133/396 840/133/396 842/133/396
f 839/133/396 841/133/396 840/133/396
f 843/133/421 844/133/421 846/133/421
f 843/133/397 845/133/397 844/133/397
f 848/133/422 847/133/422 850/133/422
f 848/133/422 849/133/422 847/133/422
f 852/133/423 853/133/423 851/133/423
f 852/133/423 854/133/423 853/133/423
f 856/133/424 855/133/424 858/133/424
f 856/133/424 857/133/424 855/133/424
f 860/133/290 861/133/290 859/133/290
f 860/133/290 862/133/290 861/133/290
f 864/133/291 865/133/291 863/133/291
f 864/133/291 866/133/291 865/133/291
f 868/133/294 867/133/294 870/133/294
f 868/133/294 869/133/294 867/133/294
f 872/133/295 873/133/295 871/133/295
f 872/133/295 874/133/295 873/133/295
f 876/133/296 877/133/296 875/133/296
f 876/133/296 878/133/296 877/133/296
f 880/133/425 881/133/425 879/133/425
f 880/133/425 882/133/425 881/133/425
f 884/133/426 883/133/426 886/133/426
f 884/133/426 885/133/426 883/133/426
f 888/133/304 889/133/304 887/133/304
f 888/133/304 890/133/304 889/133/304
f 892/133/301 891/133/301 894/133/301
f 892/133/301 893/133/301 891/133/301
f 896/133/303 897/133/303 895/133/303
f 896/133/303 898/133/303 897/133/303
f 900/133/307 901/133/307 899/133/307
f 900/133/307 902/133/307 901/133/307
f 904/133/305 903/133/305 906/133/305
f 904/133/305 905/133/305 903/133/305
f 908/133/306 909/133/306 907/133/306
f 908/133/306 910/133/306 909/133/306
f 912/133/308 911/133/308 914/133/308
f 912/133/308 913/133/308 911/133/308
f 916/133/309 917/133/309 915/133/309
f 916/133/309 918/133/309 917/133/309
s 1
f 920/133/310 921/133/310 919/133/310
s 0
f 920/133/310 922/133/310 921/133/310
f 924/133/312 923/133/312 926/133/312
f 924/133/312 925/133/312 923/133/312
f 928/133/427 929/133/427 927/133/427
f 928/133/427 930/133/427 929/133/427
f 932/133/428 933/133/428 931/133/428
f 932/133/428 934/133/428 933/133/428
f 936/133/424 935/133/424 937/133/424
f 936/133/424 937/133/424 938/133/424
f 939/133/290 940/133/290 942/133/290
f 939/133/290 941/133/290 940/133/290
f 943/133/291 944/133/291 946/133/291
f 943/133/291 945/133/291 944/133/291
f 948/133/294 947/133/294 949/133/294
f 948/133/294 949/133/294 950/133/294
f 951/133/295 952/133/295 954/133/295
f 951/133/295 953/133/295 952/133/295
f 955/133/429 956/133/429 958/133/429
f 955/133/429 957/133/429 956/133/429
s 1
f 960/133/425 959/133/425 961/133/425
s 0
f 960/133/425 961/133/425 962/133/425
f 963/133/297 964/133/297 966/133/297
f 963/133/297 965/133/297 964/133/297
f 968/133/298 967/133/298 969/133/298
f 968/133/298 969/133/298 970/133/298
f 971/133/299 972/133/299 974/133/299
f 971/133/299 973/133/299 972/133/299
f 975/133/300 976/133/300 978/133/300
f 975/133/300 977/133/300 976/133/300
f 979/133/304 980/133/304 982/133/304
f 979/133/304 981/133/304 980/133/304
f 984/133/301 983/133/301 985/133/301
f 984/133/301 985/133/301 986/133/301
f 987/133/303 988/133/303 990/133/303
f 987/133/303 989/133/303 988/133/303
f 991/133/306 992/133/306 994/133/306
f 991/133/306 993/133/306 992/133/306
f 996/133/307 995/133/307 997/133/307
f 996/133/307 997/133/307 998/133/307
f 999/133/308 1000/133/308 1002/133/308
f 999/133/308 1001/133/308 1000/133/308
f 1003/133/309 1004/133/309 1006/133/309
f 1003/133/309 1005/133/309 1004/133/309
f 1007/133/292 1008/133/292 1010/133/292
f 1007/133/292 1009/133/292 1008/133/292
f 1012/133/293 1011/133/293 1013/133/293
f 1012/133/293 1013/133/293 1014/133/293
f 1015/133/429 1016/133/429 1018/133/429
f 1015/133/429 1017/133/429 1016/133/429
f 1019/133/430 1020/133/430 1022/133/430
f 1019/133/430 1021/133/430 1020/133/430
f 1023/133/298 1024/133/298 1026/133/298
f 1023/133/298 1025/133/298 1024/133/298
f 1027/133/302 1028/133/302 1030/133/302
f 1027/133/302 1029/133/302 1028/133/302
f 1032/133/300 1031/133/300 1033/133/300
f 1032/133/300 1033/133/300 1034/133/300
f 1036/133/311 1035/133/311 1037/133/311
f 1036/133/311 1037/133/311 1038/133/311
f 1040/133/297 1041/133/297 1039/133/297
f 1040/133/297 1042/133/297 1041/133/297
f 1044/133/299 1045/133/299 1043/133/299
f 1044/133/299 1046/133/299 1045/133/299
f 1048/133/422 1047/133/422 1049/133/422
f 1048/133/422 1049/133/422 1050/133/422
f 1051/133/423 1052/133/423 1054/133/423
f 1051/133/423 1053/133/423 1052/133/423
f 1055/133/292 1056/133/292 1058/133/292
f 1055/133/292 1057/133/292 1056/133/292
f 1059/133/293 1060/133/293 1062/133/293
f 1059/133/293 1061/133/293 1060/133/293
f 1063/133/296 1064/133/296 1066/133/296
f 1063/133/296 1065/133/296 1064/133/296
f 1067/133/426 1068/133/426 1070/133/426
f 1067/133/426 1069/133/426 1068/133/426
f 1071/133/430 1072/133/430 1074/133/430
f 1071/133/430 1073/133/430 1072/133/430
f 1075/133/302 1076/133/302 1078/133/302
s 1
f 1075/133/302 1077/133/302 1076/133/302
s 0
f 1079/133/305 1080/133/305 1082/133/305
f 1079/133/305 1081/133/305 1080/133/305
f 1083/133/310 1084/133/310 1086/133/310
f 1083/133/310 1085/133/310 1084/133/310
f 1087/133/311 1088/133/311 1090/133/311
s 1
f 1087/133/311 1089/133/311 1088/133/311
s 0
f 1091/133/312 1092/133/312 1094/133/312
f 1091/133/312 1093/133/312 1092/133/312
f 1095/133/427 1096/133/427 1098/133/427
f 1095/133/427 1097/133/427 1096/133/427
f 1099/133/428 1100/133/428 1102/133/428
f 1099/133/428 1101/133/428 1100/133/428
f 1104/133/422 1103/133/422 1105/133/422
f 1104/133/422 1105/133/422 1106/133/422
f 1107/133/423 1108/133/423 1110/133/423
f 1107/133/423 1109/133/423 1108/133/423
f 1111/133/424 1112/133/424 1114/133/424
f 1111/133/424 1113/133/424 1112/133/424
f 1115/133/426 1116/133/426 1118/133/426
f 1115/133/426 1117/133/426 1116/133/426
f 1119/133/425 1120/133/425 1122/133/425
f 1119/133/425 1121/133/425 1120/133/425
f 1123/133/429 1124/133/429 1126/133/429
f 1123/133/429 1125/133/429 1124/133/429
f 1127/133/430 1128/133/430 1130/133/430
f 1127/133/430 1129/133/430 1128/133/430
f 1131/133/427 1132/133/427 1134/133/427
f 1131/133/427 1133/133/427 1132/133/427
f 1135/133/428 1136/133/428 1138/133/428
f 1135/133/428 1137/133/428 1136/133/428
s 1
f 1139/133/431 1140/133/432 1142/133/433
f 1139/133/431 1141/133/432 1140/133/432
f 1143/133/434 1144/133/434 1146/133/434
f 1143/133/434 1145/133/435 1144/133/434
f 1147/133/436 1148/133/437 1150/133/437
f 1147/133/436 1149/133/438 1148/133/437
f 1151/133/439 1152/133/439 1154/133/440
f 1151/133/439 1153/133/439 1152/133/439
f 1155/133/441 1156/133/442 1158/133/442
f 1155/133/441 1157/133/441 1156/133/442
f 1159/133/443 1160/133/443 1162/133/444
f 1159/133/443 1161/133/445 1160/133/443
f 1163/133/446 1164/133/447 1166/133/447
f 1163/133/446 1165/133/448 1164/133/447
f 1167/133/449 1168/133/450 1170/133/450
f 1167/133/449 1169/133/449 1168/133/450
f 1171/133/451 1172/133/452 1174/133/453
f 1171/133/451 1173/133/454 1172/133/452
f 1176/133/455 1175/133/456 1177/133/457
f 1176/133/455 1177/133/457 1178/133/458
f 1179/133/459 1180/133/460 1182/133/460
f 1179/133/459 1181/133/461 1180/133/460
f 1183/133/462 1184/133/463 1186/133/462
f 1183/133/462 1185/133/464 1184/133/463
f 1187/133/465 1188/133/466 1190/133/467
f 1187/133/465 1189/133/468 1188/133/466
f 1191/133/469 1192/133/470 1194/133/470
f 1191/133/469 1193/133/470 1192/133/470
f 1195/133/471 1196/133/471 1198/133/471
f 1195/133/471 1197/133/471 1196/133/471
f 1199/133/472 1200/133/473 1202/133/474
f 1199/133/472 1201/133/474 1200/133/473
f 1203/133/475 1204/133/476 1206/133/476
f 1203/133/475 1205/133/477 1204/133/476
f 1207/133/478 1208/133/479 1210/133/480
f 1207/133/478 1209/133/481 1208/133/479
f 1211/133/482 1212/133/483 1214/133/484
f 1211/133/482 1213/133/483 1212/133/483
f 1215/133/485 1216/133/486 1218/133/486
f 1215/133/485 1217/133/487 1216/133/486
f 1219/133/488 1220/133/489 1222/133/489
f 1219/133/488 1221/133/488 1220/133/489
f 1223/133/490 1224/133/491 1226/133/492
f 1223/133/490 1225/133/492 1224/133/491
f 1227/133/493 1228/133/494 1230/133/495
f 1227/133/493 1229/133/494 1228/133/494
f 1231/133/496 1232/133/496 1234/133/497
f 1231/133/496 1233/133/496 1232/133/496
f 1235/133/498 1236/133/499 1238/133/499
f 1235/133/498 1237/133/498 1236/133/499
f 1239/133/500 1240/133/501 1242/133/502
f 1239/133/500 1241/133/503 1240/133/501
f 1243/133/504 1244/133/505 1246/133/506
f 1243/133/504 1245/133/507 1244/133/505
f 1247/133/508 1248/133/509 1250/133/509
f 1247/133/508 1249/133/510 1248/133/509
f 1251/133/511 1252/133/511 1254/133/511
f 1251/133/511 1253/133/512 1252/133/511
f 1255/133/513 1256/133/513 1258/133/513
f 1255/133/513 1257/133/514 1256/133/513
f 1259/133/515 1260/133/515 1262/133/515
f 1259/133/515 1261/133/515 1260/133/515
f 1263/133/516 1264/133/517 1266/133/517
f 1263/133/516 1265/133/517 1264/133/517
f 1267/133/518 1268/133/519 1270/133/520
f 1267/133/518 1269/133/518 1268/133/519
f 1271/133/521 1272/133/522 1274/133/522
f 1271/133/521 1273/133/523 1272/133/522
f 1275/133/524 1276/133/525 1278/133/526
f 1275/133/524 1277/133/527 1276/133/525
f 1279/133/528 1280/133/529 1282/133/529
f 1279/133/528 1281/133/530 1280/133/529
f 1283/133/531 1284/133/532 1286/133/532
f 1283/133/531 1285/133/531 1284/133/532
f 1287/133/533 1288/133/533 1290/133/534
f 1287/133/533 1289/133/533 1288/133/533
f 1291/133/535 1292/133/536 1294/133/537
f 1291/133/535 1293/133/535 1292/133/536
f 1295/133/538 1296/133/539 1298/133/540
f 1295/133/538 1297/133/539 1296/133/539
f 1299/133/541 1300/133/541 1302/133/542
f 1299/133/541 1301/133/543 1300/133/541
f 1304/133/544 1303/133/545 1305/133/544
f 1304/133/544 1305/133/544 1306/133/546
f 1307/133/547 1308/133/548 1310/133/547
f 1307/133/547 1309/133/549 1308/133/548
f 1311/133/550 1312/133/550 1314/133/550
f 1311/133/550 1313/133/550 1312/133/550
f 1315/133/551 1316/133/552 1318/133/552
f 1315/133/551 1317/133/551 1316/133/552
f 1319/133/553 1320/133/554 1322/133/554
f 1319/133/553 1321/133/553 1320/133/554
f 1323/133/555 1324/133/555 1326/133/555
f 1323/133/555 1325/133/555 1324/133/555
f 1327/133/556 1328/133/556 1330/133/557
f 1327/133/556 1329/133/556 1328/133/556
f 1331/133/558 1332/133/559 1334/133/560
f 1331/133/558 1333/133/560 1332/133/559
f 1335/133/561 1336/133/561 1338/133/561
f 1335/133/561 1337/133/562 1336/133/561
f 1339/133/563 1340/133/564 1342/133/565
f 1339/133/563 1341/133/566 1340/133/564
f 1343/133/567 1344/133/568 1346/133/567
f 1343/133/567 1345/133/567 1344/133/568
f 1347/133/569 1348/133/569 1350/133/569
f 1347/133/569 1349/133/569 1348/133/569
f 1351/133/570 1352/133/570 1354/133/570
f 1351/133/570 1353/133/570 1352/133/570
f 1355/133/571 1356/133/572 1358/133/571
f 1355/133/571 1357/133/572 1356/133/572
f 1359/133/573 1360/133/573 1362/133/573
f 1359/133/573 1361/133/574 1360/133/573
f 1363/133/575 1364/133/576 1366/133/576
f 1363/133/575 1365/133/576 1364/133/576
f 1367/133/577 1368/133/577 1370/133/577
f 1367/133/577 1369/133/578 1368/133/577
f 1371/133/579 1372/133/580 1374/133/579
f 1371/133/579 1373/133/581 1372/133/580
f 1375/133/582 1376/133/583 1378/133/582
f 1375/133/582 1377/133/582 1376/133/583
f 1379/133/584 1380/133/585 1382/133/585
f 1379/133/584 1381/133/584 1380/133/585
f 1383/133/586 1384/133/586 1386/133/586
f 1383/133/586 1385/133/586 1384/133/586
f 1387/133/587 1388/133/588 1390/133/588
f 1387/133/587 1389/133/588 1388/133/588
f 1391/133/589 1392/133/589 1394/133/589
f 1391/133/589 1393/133/589 1392/133/589
f 1395/133/590 1396/133/591 1398/133/591
f 1395/133/590 1397/133/590 1396/133/591
f 1399/133/592 1400/133/592 1402/133/592
f 1399/133/592 1401/133/592 1400/133/592
f 1403/133/593 1404/133/593 1406/133/593
f 1403/133/593 1405/133/594 1404/133/593
f 1407/133/595 1408/133/596 1410/133/596
f 1407/133/595 1409/133/596 1408/133/596
f 1411/133/597 1412/133/597 1414/133/597
f 1411/133/597 1413/133/597 1412/133/597
f 1415/133/598 1416/133/598 1418/133/599
f 1415/133/598 1417/133/598 1416/133/598
f 1419/133/600 1420/133/600 1422/133/600
f 1419/133/600 1421/133/600 1420/133/600
f 1423/133/601 1424/133/602 1426/133/601
f 1423/133/601 1425/133/602 1424/133/602
f 1427/133/603 1428/133/603 1430/133/603
f 1427/133/603 1429/133/603 1428/133/603
f 1432/133/604 1431/133/605 1433/133/605
f 1432/133/604 1433/133/605 1434/133/605
f 1435/133/606 1436/133/607 1438/133/606
f 1435/133/606 1437/133/607 1436/133/607
f 1439/133/608 1440/133/609 1442/133/609
f 1439/133/608 1441/133/609 1440/133/609
f 1443/133/610 1444/133/611 1446/133/611
f 1443/133/610 1445/133/610 1444/133/611
f 1447/133/612 1448/133/612 1450/133/612
f 1447/133/612 1449/133/612 1448/133/612
f 1451/133/613 1452/133/613 1454/133/614
f 1451/133/613 1453/133/613 1452/133/613
f 1455/133/615 1456/133/616 1458/133/617
f 1455/133/615 1457/133/617 1456/133/616
f 1459/133/618 1460/133/618 1462/133/619
f 1459/133/618 1461/133/618 1460/133/618
f 1463/133/620 1464/133/621 1466/133/620
f 1463/133/620 1465/133/620 1464/133/621
f 1467/133/622 1468/133/622 1470/133/622
f 1467/133/622 1469/133/622 1468/133/622
f 1471/133/623 1472/133/623 1474/133/623
f 1471/133/623 1473/133/623 1472/133/623
f 1475/133/624 1476/133/624 1478/133/625
f 1475/133/624 1477/133/624 1476/133/624
f 1479/133/626 1480/133/626 1482/133/627
f 1479/133/626 1481/133/627 1480/133/626
f 1483/133/628 1484/133/629 1486/133/628
f 1483/133/628 1485/133/628 1484/133/629
f 1487/133/630 1488/133/630 1490/133/630
f 1487/133/630 1489/133/630 1488/133/630
f 1491/133/631 1492/133/631 1494/133/631
f 1491/133/631 1493/133/631 1492/133/631
f 1495/133/632 1496/133/632 1498/133/632
f 1495/133/632 1497/133/632 1496/133/632
f 1499/133/633 1500/133/633 1502/133/634
f 1499/133/633 1501/133/633 1500/133/633
f 1503/133/635 1504/133/635 1506/133/635
f 1503/133/635 1505/133/635 1504/133/635
f 1507/133/636 1508/133/636 1510/133/636
f 1507/133/636 1509/133/636 1508/133/636
f 1511/133/637 1512/133/637 1514/133/638
f 1511/133/637 1513/133/637 1512/133/637
f 1515/133/639 1516/133/640 1518/133/640
f 1515/133/639 1517/133/639 1516/133/640
f 1519/133/641 1520/133/641 1522/133/641
f 1519/133/641 1521/133/641 1520/133/641
f 1523/133/642 1524/133/642 1526/133/642
f 1523/133/642 1525/133/642 1524/133/642
f 1527/133/643 1528/133/644 1530/133/645
f 1527/133/643 1529/133/644 1528/133/644
f 1531/133/646 1532/133/647 1534/133/647
f 1531/133/646 1533/133/647 1532/133/647
f 1535/133/648 1536/133/649 1538/133/650
f 1535/133/648 1537/133/648 1536/133/649
f 1539/133/651 1540/133/652 1542/133/651
f 1539/133/651 1541/133/651 1540/133/652
f 1543/133/653 1544/133/654 1546/133/653
f 1543/133/653 1545/133/653 1544/133/654
f 1547/133/655 1548/133/655 1550/133/655
f 1547/133/655 1549/133/656 1548/133/655
f 1551/133/657 1552/133/657 1554/133/657
f 1551/133/657 1553/133/658 1552/133/657
f 1555/133/659 1556/133/659 1558/133/659
f 1555/133/659 1557/133/659 1556/133/659
s 0
f 1560/133/376 1559/133/376 1561/133/376
f 1560/133/376 1561/133/376 1562/133/376
f 1563/133/377 1564/133/377 1566/133/377
f 1563/133/377 1565/133/377 1564/133/377
f 1567/133/399 1568/133/399 1570/133/399
f 1567/133/399 1569/133/399 1568/133/399
f 1571/133/402 1572/133/402 1574/133/402
f 1571/133/402 1573/133/402 1572/133/402
f 1575/133/403 1576/133/403 1578/133/403
f 1575/133/403 1577/133/403 1576/133/403
f 1579/133/405 1580/133/405 1582/133/405
f 1579/133/405 1581/133/405 1580/133/405
f 1583/133/407 1584/133/407 1586/133/407
f 1583/133/407 1585/133/407 1584/133/407
f 1587/133/408 1588/133/408 1590/133/408
f 1587/133/408 1589/133/408 1588/133/408
f 1591/133/379 1592/133/379 1594/133/379
f 1591/133/379 1593/133/379 1592/133/379
f 1595/133/378 1596/133/378 1598/133/378
f 1595/133/378 1597/133/378 1596/133/378
f 1599/133/411 1600/133/411 1602/133/411
f 1599/133/411 1601/133/411 1600/133/411
f 1603/133/410 1604/133/410 1606/133/410
f 1603/133/410 1605/133/410 1604/133/410
s 1
f 1607/133/381 1608/133/381 1610/133/381
s 0
f 1607/133/381 1609/133/381 1608/133/381
f 1611/133/380 1612/133/380 1614/133/380
f 1611/133/380 1613/133/380 1612/133/380
f 1615/133/383 1616/133/383 1618/133/383
f 1615/133/383 1617/133/383 1616/133/383
f 1619/133/382 1620/133/382 1622/133/382
f 1619/133/382 1621/133/382 1620/133/382
f 1623/133/384 1624/133/384 1626/133/384
f 1623/133/384 1625/133/384 1624/133/384
f 1627/133/385 1628/133/385 1630/133/385
f 1627/133/385 1629/133/385 1628/133/385
f 1631/133/386 1632/133/386 1634/133/386
f 1631/133/386 1633/133/386 1632/133/386
f 1635/133/415 1636/133/415 1638/133/415
f 1635/133/415 1637/133/415 1636/133/415
f 1639/133/418 1640/133/418 1642/133/418
f 1639/133/418 1641/133/418 1640/133/418
f 1643/133/388 1644/133/388 1646/133/388
f 1643/133/388 1645/133/388 1644/133/388
f 1647/133/387 1648/133/387 1650/133/387
f 1647/133/387 1649/133/387 1648/133/387
f 1651/133/389 1652/133/389 1654/133/389
f 1651/133/419 1653/133/419 1652/133/419
f 1655/133/392 1656/133/392 1658/133/392
f 1655/133/392 1657/133/392 1656/133/392
f 1659/133/391 1660/133/391 1662/133/391
f 1659/133/391 1661/133/391 1660/133/391
f 1663/133/393 1664/133/393 1666/133/393
f 1663/133/420 1665/133/420 1664/133/420
f 1667/133/394 1668/133/394 1670/133/394
f 1667/133/394 1669/133/394 1668/133/394
f 1671/133/395 1672/133/395 1674/133/395
f 1671/133/395 1673/133/395 1672/133/395
f 1675/133/396 1676/133/396 1678/133/396
f 1675/133/396 1677/133/396 1676/133/396
f 1679/133/397 1680/133/397 1682/133/397
f 1679/133/397 1681/133/397 1680/133/397
f 1683/133/660 1684/133/660 1686/133/660
s 1
f 1683/133/660 1685/133/660 1684/133/660
s 0
f 1687/133/399 1688/133/399 1690/133/399
f 1687/133/399 1689/133/399 1688/133/399
f 1691/133/402 1692/133/402 1694/133/402
f 1691/133/402 1693/133/402 1692/133/402
f 1695/133/403 1696/133/403 1698/133/403
f 1695/133/403 1697/133/403 1696/133/403
f 1699/133/405 1700/133/405 1702/133/405
f 1699/133/405 1701/133/405 1700/133/405
f 1703/133/407 1704/133/407 1706/133/407
f 1703/133/407 1705/133/407 1704/133/407
f 1707/133/408 1708/133/408 1710/133/408
s 1
f 1707/133/408 1709/133/408 1708/133/408
s 0
f 1711/133/411 1712/133/411 1714/133/411
f 1711/133/411 1713/133/411 1712/133/411
f 1715/133/410 1716/133/410 1718/133/410
f 1715/133/410 1717/133/410 1716/133/410
f 1719/133/415 1720/133/415 1722/133/415
f 1719/133/415 1721/133/415 1720/133/415
f 1723/133/418 1724/133/418 1726/133/418
f 1723/133/418 1725/133/418 1724/133/418
s 1
f 1727/133/660 1728/133/660 1730/133/660
s 0
f 1727/133/660 1729/133/660 1728/133/660
f 1731/133/661 1732/133/661 1734/133/661
f 1731/133/382 1733/133/382 1732/133/382
f 1735/133/660 1736/133/660 1738/133/660
f 1735/133/660 1737/133/660 1736/133/660
s 1
usemtl Red_Brush_Material
f 157/77/86 153/78/87 156/79/88
f 158/80/89 157/77/86 156/79/88
f 158/80/89 156/79/88 155/81/90
f 158/80/89 155/81/90 154/82/91
f 4712/1781/1719 4711/1782/1720 4718/1783/1721
f 4712/1781/1719 4718/1783/1721 4717/1784/1722
f 4712/1781/1719 4717/1784/1722 4713/1785/1723
f 4714/1786/1724 4713/1785/1723 4717/1784/1722
f 4715/1787/1725 4714/1786/1724 4717/1784/1722
f 4715/1787/1725 4717/1784/1722 4716/1788/1726
usemtl Black_Material
f 192/83/92 160/84/93 162/85/94
f 160/84/93 161/86/95 193/87/96
f 160/84/93 193/87/96 163/88/97
f 162/85/94 160/84/93 163/88/97
f 162/85/94 163/88/97 164/89/98
f 163/88/97 193/87/96 166/90/99
f 163/88/97 166/90/99 165/91/100
f 164/89/98 163/88/97 165/91/100
f 164/89/98 165/91/100 167/92/101
f 165/91/100 166/90/99 168/93/102
f 167/92/101 165/91/100 168/93/102
f 167/92/101 168/93/102 194/94/103
f 194/94/103 168/93/102 169/95/104
f 194/94/103 169/95/104 195/96/105
f 169/95/104 196/97/106 170/98/107
f 195/96/105 169/95/104 170/98/107
f 195/96/105 170/98/107 171/99/108
f 170/98/107 196/97/106 197/100/109
f 170/98/107 197/100/109 172/101/110
f 171/99/108 170/98/107 172/101/110
f 171/99/108 172/101/110 198/102/111
f 172/101/110 197/100/109 173/103/112
f 172/101/110 173/103/112 174/104/113
f 198/102/111 172/101/110 174/104/113
f 174/104/113 173/103/112 199/105/114
f 198/102/111 174/104/113 200/106/115
f 174/104/113 199/105/114 201/107/116
f 174/104/113 201/107/116 175/108/117
f 200/106/115 174/104/113 175/108/117
f 175/108/117 201/107/116 202/109/118
f 175/108/117 202/109/118 176/110/119
f 175/108/117 176/110/119 203/111/120
f 203/111/120 176/110/119 204/112/121
f 176/110/119 202/109/118 177/113/122
f 176/110/119 177/113/122 179/114/123
f 176/110/119 179/114/123 178/115/124
f 204/112/121 176/110/119 178/115/124
f 204/112/121 178/115/124 181/116/125
f 178/115/124 179/114/123 205/117/126
f 178/115/124 205/117/126 180/118/127
f 181/116/125 178/115/124 180/118/127
f 181/116/125 180/118/127 206/119/128
f 180/118/127 205/117/126 182/120/129
f 206/119/128 180/118/127 182/120/129
f 206/119/128 182/120/129 183/121/130
f 183/121/130 182/120/129 184/122/131
f 183/121/130 184/122/131 187/123/132
f 184/122/131 185/124/133 186/125/134
f 187/123/132 184/122/131 186/125/134
f 187/123/132 186/125/134 207/126/135
f 186/125/134 185/124/133 208/127/136
f 186/125/134 208/127/136 188/128/137
f 207/126/135 186/125/134 188/128/137
f 207/126/135 188/128/137 189/129/138
f 189/129/138 188/128/137 159/130/139
f 188/128/137 208/127/136 190/131/140
f 188/128/137 190/131/140 159/130/139
f 189/129/138 159/130/139 191/132/141
f 4720/1789/1727 4757/1790/1728 4719/1791/1729
f 4719/1791/1729 4757/1790/1728 4721/1792/1730
f 4719/1791/1729 4721/1792/1730 4722/1793/1731
f 4722/1793/1731 4721/1792/1730 4723/1794/1732
f 4723/1794/1732 4721/1792/1730 4724/1795/1733
f 4723/1794/1732 4724/1795/1733 4725/1796/1734
f 4724/1795/1733 4753/1797/1735 4726/1798/1736
f 4725/1796/1734 4724/1795/1733 4726/1798/1736
f 4726/1798/1736 4753/1797/1735 4750/1799/1737
f 4725/1796/1734 4726/1798/1736 4727/1800/1738
f 4727/1800/1738 4726/1798/1736 4728/1801/1739
f 4727/1800/1738 4728/1801/1739 4729/1802/1740
f 4728/1801/1739 4750/1799/1737 4746/1803/1741
f 4730/1804/1742 4728/1801/1739 4731/1805/1743
f 4729/1802/1740 4728/1801/1739 4730/1804/1742
f 4728/1801/1739 4746/1803/1741 4731/1805/1743
f 4731/1805/1743 4746/1803/1741 4732/1806/1744
f 4732/1806/1744 4746/1803/1741 4734/1807/1745
f 4731/1805/1743 4732/1806/1744 4733/1808/1746
f 4733/1808/1746 4732/1806/1744 4734/1807/1745
f 4735/1809/1747 4734/1807/1745 4736/1810/1748
f 4733/1808/1746 4734/1807/1745 4735/1809/1747
f 4735/1809/1747 4736/1810/1748 4737/1811/1749
f 4736/1810/1748 4734/1807/1745 4738/1812/1750
f 4738/1812/1750 4740/1813/1751 4739/1814/1752
f 4734/1807/1745 4740/1813/1751 4738/1812/1750
f 4734/1807/1745 4741/1815/1753 4740/1813/1751
f 4734/1807/1745 4742/1816/1754 4741/1815/1753
f 4734/1807/1745 4743/1817/1755 4742/1816/1754
f 4734/1807/1745 4744/1818/1756 4743/1817/1755
f 4746/1803/1741 4744/1818/1756 4734/1807/1745
f 4746/1803/1741 4745/1819/1757 4744/1818/1756
f 4746/1803/1741 4747/1820/1758 4745/1819/1757
f 4750/1799/1737 4747/1820/1758 4746/1803/1741
f 4750/1799/1737 4748/1821/1759 4747/1820/1758
f 4750/1799/1737 4749/1822/1760 4748/1821/1759
f 4753/1797/1735 4749/1822/1760 4750/1799/1737
f 4753/1797/1735 4751/1823/1761 4749/1822/1760
f 4753/1797/1735 4752/1824/1762 4751/1823/1761
f 4755/1825/1763 4752/1824/1762 4753/1797/1735
f 4755/1825/1763 4754/1826/1764 4752/1824/1762
f 4756/1827/1765 4754/1826/1764 4755/1825/1763
f 4757/1790/1728 4756/1827/1765 4755/1825/1763
f 4757/1790/1728 4755/1825/1763 4721/1792/1730
f 4756/1827/1765 4758/1828/1766 4754/1826/1764
f 4721/1792/1730 4755/1825/1763 4724/1795/1733
f 4724/1795/1733 4755/1825/1763 4753/1797/1735
f 4726/1798/1736 4750/1799/1737 4728/1801/1739
f 4736/1810/1748 4738/1812/1750 4759/1829/1767
f 4738/1812/1750 4739/1814/1752 4760/1830/1768
f 4759/1829/1767 4738/1812/1750 4761/1831/1769
f 4738/1812/1750 4760/1830/1768 4761/1831/1769
f 4761/1831/1769 4760/1830/1768 4762/1832/1770
f 4761/1831/1769 4762/1832/1770 4764/1833/1771
f 4761/1831/1769 4764/1833/1771 4763/1834/1772
f 4763/1834/1772 4764/1833/1771 4765/1835/1773
f 4763/1834/1772 4765/1835/1773 4766/1836/1774
f 4763/1834/1772 4766/1836/1774 4767/1837/1775
f 4768/1838/1776 4763/1834/1772 4767/1837/1775
f 4770/1839/1777 4768/1838/1776 4769/1840/1778
f 4771/1841/1779 4768/1838/1776 4770/1839/1777
f 4773/1842/1780 4772/1843/1781 4771/1841/1779
f 4771/1841/1779 4772/1843/1781 4768/1838/1776
f 4772/1843/1781 4763/1834/1772 4768/1838/1776
f 4774/1844/1782 4763/1834/1772 4772/1843/1781
f 4773/1842/1780 4774/1844/1782 4772/1843/1781
f 4775/1845/1783 4774/1844/1782 4773/1842/1780
f 4775/1845/1783 4776/1846/1784 4774/1844/1782
f 4777/1847/1785 4776/1846/1784 4775/1845/1783
f 4776/1846/1784 4761/1831/1769 4774/1844/1782
f 4776/1846/1784 4759/1829/1767 4761/1831/1769
f 4780/1848/1786 4759/1829/1767 4776/1846/1784
f 4777/1847/1785 4780/1848/1786 4776/1846/1784
f 4778/1849/1787 4780/1848/1786 4777/1847/1785
f 4779/1850/1788 4780/1848/1786 4778/1849/1787
f 4781/1851/1789 4737/1811/1749 4780/1848/1786
f 4737/1811/1749 4736/1810/1748 4780/1848/1786
f 4780/1848/1786 4736/1810/1748 4759/1829/1767
f 4781/1851/1789 4780/1848/1786 4779/1850/1788
f 4782/1852/1790 4737/1811/1749 4781/1851/1789
f 4783/1853/1791 4737/1811/1749 4782/1852/1790
f 4784/1854/1792 4735/1809/1747 4783/1853/1791
f 4783/1853/1791 4735/1809/1747 4737/1811/1749
f 4785/1855/1793 4735/1809/1747 4784/1854/1792
f 4786/1856/1794 4733/1808/1746 4785/1855/1793
f 4785/1855/1793 4733/1808/1746 4735/1809/1747
f 4787/1857/1795 4733/1808/1746 4786/1856/1794
f 4788/1858/1796 4733/1808/1746 4787/1857/1795
f 4788/1858/1796 4731/1805/1743 4733/1808/1746
f 4789/1859/1797 4731/1805/1743 4788/1858/1796
f 4730/1804/1742 4731/1805/1743 4789/1859/1797
f 4774/1844/1782 4761/1831/1769 4763/1834/1772
f 4791/1860/1798 4790/1861/1799 4793/1862/1800
f 4791/1860/1798 4792/1863/1801 4790/1861/1799
f 4793/1862/1800 4790/1861/1799 4794/1864/1802
f 4793/1862/1800 4794/1864/1802 4795/1865/1803
f 4793/1862/1800 4795/1865/1803 4796/1866/1804
f 4796/1866/1804 4795/1865/1803 4797/1867/1805
f 4797/1867/1805 4795/1865/1803 4798/1868/1806
f 4797/1867/1805 4798/1868/1806 4800/1869/1807
f 4800/1869/1807 4798/1868/1806 4799/1870/1808
f 4800/1869/1807 4799/1870/1808 4801/1871/1809
f 4800/1869/1807 4801/1871/1809 4802/1872/1810
f 4802/1872/1810 4804/1873/1811 4803/1874/1812
f 4802/1872/1810 4801/1871/1809 4804/1873/1811
f 4803/1874/1812 4804/1873/1811 4805/1875/1813
f 4806/1876/1814 4792/1863/1801 4791/1860/1798
f 4806/1876/1814 4807/1877/1815 4792/1863/1801
f 4808/1878/1816 4807/1877/1815 4806/1876/1814
f 4808/1878/1816 4809/1879/1817 4807/1877/1815
f 4810/1880/1818 4809/1879/1817 4808/1878/1816
f 4810/1880/1818 4811/1881/1819 4809/1879/1817
f 4812/1882/1820 4811/1881/1819 4810/1880/1818
f 4812/1882/1820 4813/1883/1821 4811/1881/1819
f 4815/1884/1822 4814/1885/1823 4813/1883/1821
f 4815/1884/1822 4813/1883/1821 4812/1882/1820
f 4816/1886/1824 4814/1885/1823 4815/1884/1822
f 4817/1887/1825 4818/1888/1826 4816/1886/1824
f 4816/1886/1824 4818/1888/1826 4814/1885/1823
f 4817/1887/1825 4819/1889/1827 4818/1888/1826
f 4819/1889/1827 4821/1890/1828 4820/1891/1829
f 4821/1890/1828 4819/1889/1827 4817/1887/1825
s 0
f 4823/1892/1830 4824/1893/1830 4822/1894/1830
f 4822/1894/1830 4824/1893/1830 4825/1895/1830
f 4822/1894/1830 4825/1895/1830 4826/1896/1830
f 4826/1896/1830 4825/1895/1830 4827/1897/1830
f 4826/1896/1830 4827/1897/1830 4828/1898/1830
f 4828/1898/1830 4829/1899/1830 4830/1900/1830
f 4828/1898/1830 4827/1897/1830 4829/1899/1830
f 4830/1900/1830 4829/1899/1830 4831/1901/1830
f 4830/1900/1830 4831/1901/1830 4832/1902/1830
f 4832/1902/1830 4831/1901/1830 4834/1903/1830
f 4832/1902/1830 4834/1903/1830 4833/1904/1830
f 4833/1904/1830 4834/1903/1830 4835/1905/1830
f 4836/1906/1830 4835/1905/1830 4837/1907/1830
f 4833/1904/1830 4835/1905/1830 4836/1906/1830
f 4836/1906/1830 4837/1907/1830 4838/1908/1830
f 4838/1908/1830 4837/1907/1830 4839/1909/1830
f 4823/1892/1830 4840/1910/1830 4824/1893/1830
f 4841/1911/1830 4840/1910/1830 4823/1892/1830
f 4841/1911/1830 4842/1912/1830 4840/1910/1830
f 4843/1913/1830 4842/1912/1830 4841/1911/1830
f 4843/1913/1830 4844/1914/1830 4842/1912/1830
f 4845/1915/1830 4844/1914/1830 4843/1913/1830
f 4845/1915/1830 4846/1916/1830 4844/1914/1830
f 4847/1917/1830 4846/1916/1830 4845/1915/1830
f 4847/1917/1830 4848/1918/1830 4846/1916/1830
f 4849/1919/1830 4848/1918/1830 4847/1917/1830
s 1
f 4849/1919/1830 4850/1920/1830 4848/1918/1830
s 0
f 4851/1921/1830 4850/1920/1830 4849/1919/1830
f 4851/1921/1830 4852/1922/1830 4850/1920/1830
f 4852/1922/1830 4851/1921/1830 4853/1923/1830
s 1
f 4854/1924/1831 4865/1925/1832 4855/1926/1833
f 4854/1924/1831 4864/1927/1834 4865/1925/1832
f 4855/1926/1835 4857/1928/1836 4859/1929/1837
f 4855/1926/1835 4856/1930/1838 4857/1928/1836
f 4859/1929/1837 4857/1928/1836 4858/1931/1839
f 4859/1932/1840 4861/1933/1841 4863/1934/1842
f 4859/1932/1840 4860/1935/1843 4861/1933/1841
f 4863/1934/1842 4861/1933/1841 4862/1936/1844
f 4854/1937/1845 4866/1938/1846 4867/1939/1847
f 4868/1940/1848 4866/1938/1846 4854/1937/1845
f 4868/1940/1848 4869/1941/1849 4866/1938/1846
f 4870/1942/1850 4872/1943/1851 4868/1940/1852
f 4870/1942/1850 4871/1944/1853 4872/1943/1851
s 0
f 4873/1945/1604 4874/1946/1604 4876/1947/1604
s 1
f 4873/1945/1854 4876/1947/1854 4875/1948/1854
s 0
f 4875/1948/1604 4876/1947/1604 4877/1949/1604
f 4877/1949/1604 4876/1947/1604 4878/1950/1604
f 4877/1949/1604 4878/1950/1604 4879/1951/1604
f 4879/1951/1604 4878/1950/1604 4880/1952/1604
f 4879/1951/1604 4880/1952/1604 4881/1953/1604
f 4881/1953/1604 4880/1952/1604 4882/1954/1604
f 4881/1953/1604 4882/1954/1604 4883/1955/1604
f 4883/1955/1604 4882/1954/1604 4884/1956/1604
f 4883/1955/1604 4884/1956/1604 4885/1957/1604
f 4885/1957/1604 4884/1956/1604 4886/1958/1604
f 4885/1957/1604 4886/1958/1604 4887/1959/1604
f 4887/1959/1604 4886/1958/1604 4888/1960/1604
f 4887/1959/1854 4888/1960/1854 4889/1961/1854
s 1
f 4891/1962/1855 4893/1963/1856 4890/1964/1857
f 4891/1962/1855 4892/1965/1858 4893/1963/1856
f 4894/1966/1859 4895/1967/1860 4891/1962/1861
f 4894/1966/1859 4896/1968/1862 4895/1967/1860
f 4894/1969/1863 4897/1970/1864 4898/1971/1865
f 4900/1972/1866 4897/1970/1864 4894/1969/1863
f 4900/1972/1866 4899/1973/1867 4897/1970/1864
f 4901/1974/1868 4903/1975/1869 4900/1972/1870
f 4901/1974/1868 4902/1976/1871 4903/1975/1869
f 4904/1977/1872 4905/1978/1873 4901/1974/1874
f 4904/1977/1872 4906/1979/1875 4905/1978/1873
f 4907/1980/1876 4909/1981/1877 4904/1977/1878
f 4907/1980/1876 4908/1982/1879 4909/1981/1877
f 4910/1983/1880 4912/1984/1881 4907/1980/1882
f 4910/1983/1880 4911/1985/1883 4912/1984/1881
f 4914/1986/1884 4916/1987/1885 4913/1988/1886
f 4914/1986/1884 4915/1989/1887 4916/1987/1885
f 4917/1990/1888 4919/1991/1889 4914/1986/1890
f 4917/1990/1888 4918/1992/1891 4919/1991/1889
f 4917/1993/1892 4920/1994/1893 4921/1995/1894
f 4923/1996/1895 4922/1997/1896 4920/1994/1893
f 4923/1996/1895 4920/1994/1893 4917/1993/1892
f 4923/1998/1897 4924/1999/1898 4925/2000/1899
f 4923/1998/1897 4926/2001/1900 4924/1999/1898
f 4928/2002/1901 4926/2001/1900 4923/1998/1897
f 4928/2002/1901 4927/2003/1902 4926/2001/1900
f 4929/2004/1903 4931/2005/1904 4928/2002/1905
f 4929/2004/1903 4930/2006/1906 4931/2005/1904
f 4933/2007/1907 4934/2008/1908 4932/2009/1909
f 4933/2007/1907 4935/2010/1910 4934/2008/1908
f 4933/2011/1911 4937/2012/1912 4936/2013/1913
f 4938/2014/1914 4937/2012/1912 4933/2011/1911
f 4938/2014/1914 4939/2015/1915 4937/2012/1912
f 4940/2016/1916 4942/2017/1917 4938/2014/1918
f 4940/2016/1916 4941/2018/1919 4942/2017/1917
f 4940/2019/1920 4943/2020/1921 4944/2021/1922
f 4940/2019/1920 4945/2022/1923 4943/2020/1921
f 4946/2023/1924 4945/2022/1923 4940/2019/1920
f 4946/2023/1924 4947/2024/1925 4945/2022/1923
f 4948/2025/1926 4949/2026/1927 4946/2023/1928
f 4948/2025/1926 4950/2027/1929 4949/2026/1927
s 0
f 4954/2028/1930 4952/2029/1930 4951/2030/1930
f 4951/2030/1931 4952/2029/1931 4953/2031/1931
f 4954/2028/1930 4955/2032/1930 4952/2029/1930
f 4956/2033/1930 4955/2032/1930 4954/2028/1930
f 4956/2033/1930 4957/2034/1930 4955/2032/1930
f 4958/2035/1931 4957/2034/1931 4956/2033/1931
s 1
f 4960/2036/1932 4963/2037/1933 4959/2038/1934
f 4960/2036/1932 4959/2038/1934 4961/2039/1935
f 4961/2039/1935 4959/2038/1934 4962/2040/1936
f 4964/2041/1937 4966/2042/1938 4965/2043/1939
f 4966/2042/1938 4967/2044/1940 4965/2043/1939
f 4964/2041/1937 4965/2043/1939 4968/2045/1941
f 4969/2046/1942 4964/2041/1937 4968/2045/1941
f 4974/2047/1943 4970/2048/1944 4976/2049/1945
f 4976/2049/1945 4970/2048/1944 4971/2050/1946
f 4972/2051/1947 4971/2050/1946 4970/2048/1944
f 4973/2052/1948 4972/2051/1947 4970/2048/1944
f 4974/2047/1943 4975/2053/1949 4970/2048/1944
f 4973/2052/1948 4970/2048/1944 4975/2053/1949
f 4979/2054/1950 4977/2055/1951 4980/2056/1952
f 4977/2055/1951 4978/2057/1953 4980/2056/1952
f 4979/2054/1950 4980/2056/1952 4981/2058/1954
f 4982/2059/1955 4979/2054/1950 4981/2058/1954
f 4983/2060/1956 4985/2061/1957 4984/2062/1958
f 4986/2063/1959 4987/2064/1960 4985/2061/1957
f 4986/2063/1959 4985/2061/1957 4983/2060/1956
f 4990/2065/1961 4988/2066/1962 4989/2067/1963
f 4991/2068/1964 4988/2066/1962 4990/2065/1961
f 4992/2069/1965 4988/2066/1962 4991/2068/1964
f 4995/2070/1966 5003/2071/1967 4988/2066/1962
f 4992/2069/1965 4995/2070/1966 4988/2066/1962
f 4993/2072/1968 4995/2070/1966 4992/2069/1965
f 4996/2073/1969 4995/2070/1966 4994/2074/1970
f 4996/2073/1969 5003/2071/1967 4995/2070/1966
f 4997/2075/1971 5003/2071/1967 4996/2073/1969
f 4998/2076/1972 5003/2071/1967 4997/2075/1971
f 4999/2077/1973 5003/2071/1967 4998/2076/1972
f 5000/2078/1974 5003/2071/1967 4999/2077/1973
f 5001/2079/1975 5003/2071/1967 5000/2078/1974
f 5002/2080/1976 5003/2071/1967 5001/2079/1975
f 5004/2081/1977 5007/2082/1978 5003/2071/1967
f 5004/2081/1977 5003/2071/1967 5002/2080/1976
f 5005/2083/1979 5007/2082/1978 5004/2081/1977
f 5008/2084/1980 5007/2082/1978 5006/2085/1981
f 5008/2084/1980 4988/2066/1962 5007/2082/1978
f 4988/2066/1962 5003/2071/1967 5007/2082/1978
f 5009/2086/1982 4988/2066/1962 5008/2084/1980
f 5010/2087/1983 4988/2066/1962 5009/2086/1982
f 5012/2088/1984 5011/2089/1985 5013/2090/1986
f 5014/2091/1987 5012/2088/1984 5013/2090/1986
f 5012/2088/1984 5016/2092/1988 5011/2089/1985
f 5016/2092/1988 5015/2093/1989 5011/2089/1985
f 5022/2094/1990 5021/2095/1991 5017/2096/1992
f 5022/2094/1990 5017/2096/1992 5019/2097/1993
f 5019/2097/1993 5017/2096/1992 5018/2098/1994
f 5020/2099/1995 5017/2096/1992 5021/2095/1991
f 5023/2100/1996 5024/2101/1997 5025/2102/1998
f 5026/2103/1999 5023/2100/1996 5025/2102/1998
f 5026/2103/1999 5025/2102/1998 5027/2104/2000
f 5028/2105/2001 5026/2103/1999 5027/2104/2000
f 5031/2106/2002 5033/2107/2003 5032/2108/2004
f 5033/2107/2003 5035/2109/2005 5034/2110/2006
f 5035/2109/2005 5037/2111/2007 5036/2112/2008
f 5029/2113/2009 5031/2106/2002 5037/2111/2007
f 5037/2111/2007 5031/2106/2002 5030/2114/2010
f 5029/2113/2009 5035/2109/2005 5033/2107/2003
f 5029/2113/2009 5037/2111/2007 5035/2109/2005
f 5029/2113/2009 5033/2107/2003 5031/2106/2002
f 5059/2115/2011 5058/2116/2012 5038/2117/2013
f 5059/2115/2011 5038/2117/2013 5039/2118/2014
f 5060/2119/2015 5039/2118/2014 5040/2120/2016
f 5060/2119/2015 5059/2115/2011 5039/2118/2014
f 5061/2121/2017 5040/2120/2016 5041/2122/2018
f 5061/2121/2017 5060/2119/2015 5040/2120/2016
f 5062/2123/2019 5041/2122/2018 5042/2124/2020
f 5062/2123/2019 5061/2121/2017 5041/2122/2018
f 5063/2125/2021 5062/2123/2019 5042/2124/2020
f 5063/2125/2021 5042/2124/2020 5043/2126/2022
f 5064/2127/2023 5063/2125/2021 5043/2126/2022
f 5064/2127/2023 5043/2126/2022 5044/2128/2024
f 5065/2129/2025 5064/2127/2023 5044/2128/2024
f 5065/2129/2025 5044/2128/2024 5045/2130/2026
f 5066/2131/2027 5045/2130/2026 5046/2132/2028
f 5066/2131/2027 5065/2129/2025 5045/2130/2026
f 5067/2133/2029 5046/2132/2028 5047/2134/2030
f 5067/2133/2029 5066/2131/2027 5046/2132/2028
f 5068/2135/2031 5047/2134/2030 5048/2136/2032
f 5068/2135/2031 5067/2133/2029 5047/2134/2030
f 5050/2137/2033 5048/2136/2032 5049/2138/2034
f 5050/2137/2033 5068/2135/2031 5048/2136/2032
f 5051/2139/2035 5050/2137/2033 5049/2138/2034
f 5051/2139/2035 5049/2138/2034 5052/2140/2036
f 5069/2141/2037 5051/2139/2035 5052/2140/2036
f 5069/2141/2037 5052/2140/2036 5053/2142/2038
f 5055/2143/2039 5053/2142/2038 5054/2144/2040
f 5055/2143/2039 5069/2141/2037 5053/2142/2038
f 5056/2145/2041 5055/2143/2039 5054/2144/2040
f 5056/2145/2041 5054/2144/2040 5057/2146/2042
f 5058/2116/2012 5056/2145/2041 5057/2146/2042
f 5058/2116/2012 5057/2146/2042 5038/2117/2013
f 5074/2147/2043 5071/2148/2044 5070/2149/2045
f 5070/2149/2045 5072/2150/2046 5073/2151/2047
f 5070/2149/2045 5071/2148/2044 5072/2150/2046
f 5074/2147/2043 5075/2152/2048 5071/2148/2044
f 5081/2153/2049 5080/2154/2050 5076/2155/2051
f 5080/2154/2050 5077/2156/2052 5076/2155/2051
f 5080/2154/2050 5079/2157/2053 5077/2156/2052
f 5079/2157/2053 5078/2158/2054 5077/2156/2052
f 5079/2157/2053 5094/2159/2055 5078/2158/2054
f 5094/2159/2055 5093/2160/2056 5095/2161/2057
f 5093/2160/2056 5096/2162/2058 5095/2161/2057
f 5093/2160/2056 5092/2163/2059 5096/2162/2058
f 5092/2163/2059 5097/2164/2060 5096/2162/2058
f 5092/2163/2059 5091/2165/2061 5097/2164/2060
f 5091/2165/2061 5098/2166/2062 5097/2164/2060
f 5091/2165/2061 5090/2167/2063 5098/2166/2062
f 5090/2167/2063 5099/2168/2064 5098/2166/2062
f 5090/2167/2063 5089/2169/2065 5099/2168/2064
f 5089/2169/2065 5100/2170/2066 5099/2168/2064
f 5088/2171/2067 5101/2172/2068 5100/2170/2066
f 5089/2169/2065 5088/2171/2067 5100/2170/2066
f 5088/2171/2067 5087/2173/2069 5101/2172/2068
f 5087/2173/2069 5102/2174/2070 5101/2172/2068
f 5087/2173/2069 5086/2175/2071 5102/2174/2070
f 5086/2175/2071 5103/2176/2072 5102/2174/2070
f 5085/2177/2073 5104/2178/2074 5103/2176/2072
f 5086/2175/2071 5085/2177/2073 5103/2176/2072
f 5085/2177/2073 5084/2179/2075 5104/2178/2074
f 5084/2179/2075 5105/2180/2076 5104/2178/2074
f 5084/2179/2075 5083/2181/2077 5105/2180/2076
f 5083/2181/2077 5106/2182/2078 5105/2180/2076
f 5083/2181/2077 5082/2183/2079 5106/2182/2078
f 5082/2183/2079 5107/2184/2080 5106/2182/2078
f 5082/2183/2079 5081/2153/2049 5107/2184/2080
f 5081/2153/2049 5076/2155/2051 5107/2184/2080
f 5094/2159/2055 5095/2161/2057 5078/2158/2054
f 5108/2185/2081 5109/2186/2082 5110/2187/2083
f 5110/2187/2083 5109/2186/2082 5111/2188/2084
f 5110/2187/2083 5111/2188/2084 5112/2189/2085
f 5112/2189/2085 5111/2188/2084 5113/2190/2086
f 5112/2189/2085 5113/2190/2086 5114/2191/2087
f 5112/2189/2085 5114/2191/2087 5115/2192/2088
f 5116/2193/2089 5117/2194/2090 5118/2195/2091
f 5116/2193/2089 5118/2195/2091 5119/2196/2092
f 5119/2196/2092 5118/2195/2091 5120/2197/2093
f 5119/2196/2092 5120/2197/2093 5121/2198/2094
f 5122/2199/2095 5123/2200/2096 5124/2201/2097
f 5124/2201/2097 5123/2200/2096 5125/2202/2098
f 5124/2201/2097 5125/2202/2098 5126/2203/2099
f 5126/2203/2099 5125/2202/2098 5127/2204/2100
f 5126/2203/2099 5127/2204/2100 5128/2205/2101
f 5126/2203/2099 5128/2205/2101 5129/2206/2102
f 5134/2207/2103 5130/2208/2104 5131/2209/2105
f 5130/2208/2104 5132/2210/2106 5131/2209/2105
f 5130/2208/2104 5133/2211/2107 5132/2210/2106
f 5134/2207/2103 5131/2209/2105 5135/2212/2108
f 5138/2213/2052 5136/2214/2109 5139/2215/2053
f 5140/2216/2054 5138/2213/2052 5139/2215/2053
f 5140/2216/2054 5139/2215/2053 5142/2217/2055
f 5141/2218/2057 5140/2216/2054 5142/2217/2055
f 5141/2218/2057 5142/2217/2055 5144/2219/2056
f 5143/2220/2058 5141/2218/2057 5144/2219/2056
f 5143/2220/2058 5144/2219/2056 5146/2221/2059
f 5145/2222/2060 5143/2220/2058 5146/2221/2059
f 5145/2222/2060 5146/2221/2059 5147/2223/2061
f 5148/2224/2062 5147/2223/2061 5150/2225/2063
f 5148/2224/2062 5145/2222/2060 5147/2223/2061
f 5149/2226/2064 5148/2224/2062 5150/2225/2063
f 5149/2226/2064 5150/2225/2063 5151/2227/2065
f 5153/2228/2068 5152/2229/2066 5154/2230/2110
f 5152/2229/2066 5151/2227/2065 5154/2230/2110
f 5153/2228/2068 5154/2230/2110 5155/2231/2069
f 5157/2232/2072 5156/2233/2071 5159/2234/2073
f 5158/2235/2074 5157/2232/2072 5159/2234/2073
f 5161/2236/2076 5158/2235/2074 5160/2237/2075
f 5158/2235/2074 5159/2234/2073 5160/2237/2075
f 5162/2238/2078 5161/2236/2076 5163/2239/2077
f 5161/2236/2076 5160/2237/2075 5163/2239/2077
f 5166/2240/2111 5162/2238/2078 5164/2241/2079
f 5162/2238/2078 5163/2239/2077 5164/2241/2079
f 5165/2242/2051 5166/2240/2111 5137/2243/2049
f 5166/2240/2111 5164/2241/2079 5137/2243/2049
f 5165/2242/2051 5137/2243/2049 5136/2214/2109
f 5138/2213/2052 5165/2242/2051 5136/2214/2109
f 5157/2232/2072 5167/2244/2070 5156/2233/2071
f 5167/2244/2070 5155/2231/2069 5156/2233/2071
f 5167/2244/2070 5153/2228/2068 5155/2231/2069
f 5152/2229/2066 5149/2226/2064 5151/2227/2065
f 5168/2245/2013 5192/2246/2011 5191/2247/2012
f 5168/2245/2013 5169/2248/2014 5192/2246/2011
f 5169/2248/2014 5171/2249/2112 5170/2250/2015
f 5169/2248/2014 5170/2250/2015 5192/2246/2011
f 5171/2249/2112 5199/2251/2113 5170/2250/2015
f 5171/2249/2112 5172/2252/2018 5199/2251/2113
f 5172/2252/2018 5173/2253/2020 5174/2254/2019
f 5172/2252/2018 5174/2254/2019 5199/2251/2113
f 5173/2253/2020 5198/2255/2021 5174/2254/2019
f 5173/2253/2020 5175/2256/2022 5198/2255/2021
f 5175/2256/2022 5197/2257/2023 5198/2255/2021
f 5175/2256/2022 5176/2258/2024 5197/2257/2023
f 5176/2258/2024 5178/2259/2025 5197/2257/2023
f 5176/2258/2024 5177/2260/2026 5178/2259/2025
f 5177/2260/2026 5179/2261/2027 5178/2259/2025
f 5180/2262/2028 5181/2263/2029 5179/2261/2027
f 5180/2262/2028 5196/2264/2030 5181/2263/2029
f 5184/2265/2034 5185/2266/2035 5183/2267/2114
f 5184/2265/2034 5186/2268/2036 5185/2266/2035
f 5186/2268/2036 5187/2269/2037 5185/2266/2035
f 5186/2268/2036 5188/2270/2038 5187/2269/2037
f 5188/2270/2038 5194/2271/2039 5187/2269/2037
f 5188/2270/2038 5189/2272/2040 5194/2271/2039
f 5189/2272/2040 5193/2273/2041 5194/2271/2039
f 5189/2272/2040 5190/2274/2042 5193/2273/2041
f 5190/2274/2042 5191/2247/2012 5193/2273/2041
f 5190/2274/2042 5168/2245/2013 5191/2247/2012
f 5195/2275/2115 5184/2265/2034 5183/2267/2114
f 5195/2275/2115 5183/2267/2114 5182/2276/2031
f 5196/2264/2030 5195/2275/2115 5182/2276/2031
f 5196/2264/2030 5182/2276/2031 5181/2263/2029
f 5177/2260/2026 5180/2262/2028 5179/2261/2027
f 5200/2277/2116 5202/2278/2117 5201/2279/2118
f 5202/2278/2117 5203/2280/2119 5201/2279/2118
f 5202/2278/2117 5204/2281/2120 5203/2280/2119
f 5204/2281/2120 5205/2282/2121 5203/2280/2119
f 5204/2281/2120 5206/2283/2122 5205/2282/2121
f 5204/2281/2120 5207/2284/2123 5206/2283/2122
f 5208/2285/2124 5210/2286/2125 5209/2287/2126
f 5208/2285/2124 5211/2288/2127 5210/2286/2125
f 5211/2288/2127 5212/2197/2128 5210/2286/2125
f 5211/2288/2127 5213/2289/2129 5212/2197/2128
f 5214/2290/2130 5216/2291/2131 5215/2292/2132
f 5216/2291/2131 5217/2293/2133 5215/2292/2132
f 5216/2291/2131 5218/2294/2134 5217/2293/2133
f 5218/2294/2134 5219/2295/2135 5217/2293/2133
f 5218/2294/2134 5220/2296/2136 5219/2295/2135
f 5218/2294/2134 5221/2297/2137 5220/2296/2136
s 0
f 5223/2298/2138 5222/2299/2138 5225/2300/2138
f 5225/2300/2139 5222/2299/2139 5224/2301/2139
f 5225/2300/1688 5224/2301/1688 5226/2302/1688
f 5226/2302/1688 5224/2301/1688 5227/2303/1688
f 5226/2302/1688 5227/2303/1688 5229/2304/1688
f 5229/2304/1688 5227/2303/1688 5228/2305/1688
f 5229/2304/1688 5228/2305/1688 5231/2306/1688
f 5231/2306/1688 5228/2305/1688 5230/2307/1688
f 5231/2306/1688 5230/2307/1688 5233/2308/1688
f 5233/2308/1688 5230/2307/1688 5232/2309/1688
f 5233/2308/2140 5232/2309/2140 5235/2310/2140
f 5235/2310/2141 5232/2309/2141 5234/2311/2141
f 5235/2310/2142 5234/2311/2142 5237/2312/2142
f 5237/2312/2143 5234/2311/2143 5236/2313/2143
s 1
f 5239/2314/2144 5238/2315/2145 5240/2316/2146
f 5238/2315/2145 5241/2317/2147 5240/2316/2146
f 5238/2315/2145 5242/2318/2148 5241/2317/2147
f 5242/2318/2148 5243/2319/2149 5241/2317/2147
f 5242/2318/2148 5244/2320/2150 5243/2319/2149
f 5244/2320/2150 5245/2321/2151 5243/2319/2149
f 5244/2320/2150 5246/2322/2152 5245/2321/2151
f 5246/2322/2152 5247/2323/2153 5245/2321/2151
f 5246/2322/2152 5248/2324/2154 5247/2323/2153
f 5248/2324/2154 5249/2325/2155 5247/2323/2153
f 5248/2324/2154 5250/2326/2156 5249/2325/2155
f 5250/2326/2156 5251/2327/2157 5249/2325/2155
f 5250/2326/2156 5252/2328/2158 5251/2327/2157
f 5252/2328/2158 5253/2329/2159 5251/2327/2157
f 5252/2328/2158 5254/2330/2160 5253/2329/2159
f 5254/2330/2160 5255/2331/2161 5253/2329/2159
f 5254/2330/2160 5256/2332/2162 5255/2331/2161
f 5256/2332/2162 5257/2333/2163 5255/2331/2161
f 5256/2332/2162 5258/2334/2164 5257/2333/2163
f 5258/2334/2164 5259/2335/2165 5257/2333/2163
f 5258/2334/2164 5260/2336/2166 5259/2335/2165
f 5260/2336/2166 5261/2337/2167 5259/2335/2165
f 5260/2336/2166 5262/2338/2168 5261/2337/2167
f 5262/2338/2168 5263/2339/2169 5261/2337/2167
f 5262/2338/2168 5264/2340/2170 5263/2339/2169
f 5264/2340/2170 5265/2341/2171 5263/2339/2169
f 5264/2340/2170 5266/2342/2172 5265/2341/2171
f 5266/2342/2172 5267/2343/2173 5265/2341/2171
f 5266/2342/2172 5268/2344/2174 5267/2343/2173
f 5268/2344/2174 5269/2345/2175 5267/2343/2173
f 5268/2344/2174 5270/2346/2176 5269/2345/2175
f 5270/2346/2176 5271/2347/2177 5269/2345/2175
f 5270/2346/2176 5272/2348/2178 5271/2347/2177
f 5272/2348/2178 5273/2349/2179 5271/2347/2177
f 5272/2348/2178 5274/2350/2180 5273/2349/2179
f 5274/2350/2180 5275/2351/2181 5273/2349/2179
f 5274/2350/2180 5276/2352/2182 5275/2351/2181
f 5276/2352/2182 5277/2353/2183 5275/2351/2181
f 5276/2352/2182 5278/2354/2184 5277/2353/2183
f 5278/2354/2184 5279/2355/2185 5277/2353/2183
f 5278/2354/2184 5280/2356/2186 5279/2355/2185
f 5280/2356/2186 5281/2357/2187 5279/2355/2185
f 5280/2356/2186 5282/2358/2188 5281/2357/2187
f 5282/2358/2188 5283/2359/2189 5281/2357/2187
f 5282/2358/2188 5284/2360/2190 5283/2359/2189
f 5284/2360/2190 5285/2361/2191 5283/2359/2189
f 5284/2360/2190 5286/2362/2192 5285/2361/2191
f 5286/2362/2192 5287/2363/2193 5285/2361/2191
f 5286/2362/2192 5288/2364/2194 5287/2363/2193
f 5288/2364/2194 5289/2365/2195 5287/2363/2193
f 5288/2364/2194 5290/2366/2196 5289/2365/2195
f 5290/2366/2196 5291/2367/2197 5289/2365/2195
f 5290/2366/2196 5292/2368/2198 5291/2367/2197
f 5292/2368/2198 5293/2369/2199 5291/2367/2197
f 5292/2368/2198 5294/2370/2200 5293/2369/2199
f 5294/2370/2200 5295/2371/2201 5293/2369/2199
f 5294/2370/2200 5296/2372/2202 5295/2371/2201
f 5296/2372/2202 5297/2373/2203 5295/2371/2201
f 5296/2372/2202 5298/2374/2204 5297/2373/2203
f 5298/2374/2204 5299/2375/2205 5297/2373/2203
f 5298/2374/2204 5300/2376/2206 5299/2375/2205
f 5300/2376/2206 5302/2377/2207 5299/2375/2205
f 5300/2376/2206 5301/2378/2144 5302/2377/2207
f 5239/2314/2144 5240/2316/2146 5303/2379/2208
f 5304/2380/2209 5307/2381/2210 5363/2382/2211
f 5304/2380/2209 5306/2383/2212 5307/2381/2210
f 5304/2380/2209 5305/2384/2213 5306/2383/2212
f 5308/2385/2214 5307/2381/2210 5309/2386/2215
f 5308/2385/2214 5309/2386/2215 5310/2387/2216
f 5311/2388/2217 5308/2385/2214 5310/2387/2216
f 5311/2388/2217 5310/2387/2216 5312/2389/2218
f 5311/2388/2217 5312/2389/2218 5313/2390/2219
f 5314/2391/2220 5313/2390/2219 5315/2392/2221
f 5314/2391/2220 5311/2388/2217 5313/2390/2219
f 5314/2391/2220 5315/2392/2221 5316/2393/2222
f 5317/2394/2223 5314/2391/2220 5316/2393/2222
f 5317/2394/2223 5316/2393/2222 5318/2395/2224
f 5317/2394/2223 5318/2395/2224 5319/2396/2225
f 5320/2397/2226 5317/2394/2223 5319/2396/2225
f 5320/2397/2226 5319/2396/2225 5321/2398/2227
f 5320/2397/2226 5321/2398/2227 5322/2399/2228
f 5323/2400/2229 5320/2397/2226 5322/2399/2228
f 5324/2401/2230 5323/2400/2229 5325/2402/2231
f 5324/2401/2230 5320/2397/2226 5323/2400/2229
f 5324/2401/2230 5325/2402/2231 5352/2403/2232
f 5352/2403/2232 5325/2402/2231 5326/2404/2233
f 5330/2405/2234 5329/2406/2235 5331/2407/2236
f 5330/2405/2234 5331/2407/2236 5332/2408/2237
f 5333/2409/2238 5332/2408/2237 5334/2410/2239
f 5333/2409/2238 5330/2405/2234 5332/2408/2237
f 5333/2409/2238 5334/2410/2239 5335/2411/2240
f 5336/2412/2241 5333/2409/2238 5335/2411/2240
f 5336/2412/2241 5335/2411/2240 5337/2413/2242
f 5336/2412/2241 5337/2413/2242 5338/2414/2243
f 5339/2415/2244 5336/2412/2241 5338/2414/2243
f 5339/2415/2244 5338/2414/2243 5340/2416/2245
f 5339/2415/2244 5340/2416/2245 5341/2417/2246
f 5344/2418/2247 5339/2415/2244 5341/2417/2246
f 5344/2418/2247 5341/2417/2246 5342/2419/2248
f 5344/2418/2247 5342/2419/2248 5343/2420/2249
f 5353/2421/2250 5344/2418/2247 5343/2420/2249
f 5346/2422/2251 5344/2418/2247 5345/2423/2252
f 5345/2423/2252 5344/2418/2247 5353/2421/2250
f 5346/2422/2251 5339/2415/2244 5344/2418/2247
f 5347/2424/2253 5339/2415/2244 5346/2422/2251
f 5347/2424/2253 5336/2412/2241 5339/2415/2244
f 5348/2425/2254 5336/2412/2241 5347/2424/2253
f 5349/2426/2255 5333/2409/2238 5348/2425/2254
f 5348/2425/2254 5333/2409/2238 5336/2412/2241
f 5350/2427/2256 5330/2405/2234 5349/2426/2255
f 5349/2426/2255 5330/2405/2234 5333/2409/2238
f 5351/2428/2257 5329/2406/2235 5350/2427/2256
f 5350/2427/2256 5329/2406/2235 5330/2405/2234
f 5351/2428/2257 5328/2429/2258 5329/2406/2235
f 5351/2428/2257 5327/2430/2259 5328/2429/2258
f 5352/2403/2232 5327/2430/2259 5351/2428/2257
f 5352/2403/2232 5326/2404/2233 5327/2430/2259
f 5345/2423/2252 5353/2421/2250 5354/2431/2260
f 5345/2423/2252 5354/2431/2260 5355/2432/2261
f 5355/2432/2261 5354/2431/2260 5356/2433/2262
f 5355/2432/2261 5356/2433/2262 5357/2434/2263
f 5355/2432/2261 5357/2434/2263 5358/2435/2264
f 5359/2436/2265 5320/2397/2226 5324/2401/2230
f 5359/2436/2265 5317/2394/2223 5320/2397/2226
f 5360/2437/2266 5317/2394/2223 5359/2436/2265
f 5361/2438/2267 5314/2391/2220 5360/2437/2266
f 5360/2437/2266 5314/2391/2220 5317/2394/2223
f 5361/2438/2267 5311/2388/2217 5314/2391/2220
f 5362/2439/2268 5311/2388/2217 5361/2438/2267
f 5362/2439/2268 5308/2385/2214 5311/2388/2217
f 5363/2382/2211 5308/2385/2214 5362/2439/2268
f 5363/2382/2211 5307/2381/2210 5308/2385/2214
s 0
f 5365/2343/1930 5364/2316/1930 5367/2341/1930
f 5365/2343/1930 5366/2379/1930 5364/2316/1930
f 5367/2341/1930 5364/2316/1930 5368/2317/1930
f 5367/2341/1930 5368/2317/1930 5369/2319/1930
f 5367/2341/1930 5369/2319/1930 5370/2339/1930
f 5370/2339/1930 5369/2319/1930 5371/2321/1930
f 5370/2339/1930 5371/2321/1930 5372/2337/1930
f 5372/2337/1930 5371/2321/1930 5373/2323/1930
f 5372/2337/1930 5373/2323/1930 5374/2335/1930
f 5374/2335/1930 5373/2323/1930 5375/2325/1930
f 5377/2333/1930 5375/2325/1930 5376/2327/1930
f 5374/2335/1930 5375/2325/1930 5377/2333/1930
f 5377/2333/1930 5376/2327/1930 5378/2331/1930
f 5378/2331/1930 5376/2327/1930 5379/2329/1930
f 5380/2345/1930 5366/2379/1930 5365/2343/1930
f 5380/2345/1930 5381/2440/1930 5366/2379/1930
f 5382/2347/1930 5381/2440/1930 5380/2345/1930
f 5382/2347/1930 5383/2441/1930 5381/2440/1930
f 5385/2442/1930 5384/2443/1930 5383/2441/1930
f 5385/2442/1930 5383/2441/1930 5382/2347/1930
f 5386/2444/1930 5384/2443/1930 5385/2442/1930
f 5387/2445/1930 5388/2446/1930 5386/2444/1930
f 5386/2444/1930 5388/2446/1930 5384/2443/1930
f 5387/2445/1930 5389/2447/1930 5388/2446/1930
f 5390/2448/1930 5389/2447/1930 5387/2445/1930
f 5390/2448/1930 5391/2449/1930 5389/2447/1930
f 5392/2450/1930 5391/2449/1930 5390/2448/1930
f 5392/2450/1930 5393/2451/1930 5391/2449/1930
f 5393/2451/1930 5395/2452/1930 5394/2453/1930
f 5395/2452/1930 5393/2451/1930 5392/2450/1930
f 5397/2454/1830 5398/2455/1830 5396/2456/1830
f 5396/2456/1830 5398/2455/1830 5399/2457/1830
f 5399/2457/1830 5398/2455/1830 5402/2458/1830
f 5399/2457/1830 5400/2459/1830 5401/2460/1830
f 5399/2457/1830 5402/2458/1830 5400/2459/1830
f 5401/2460/1830 5400/2459/1830 5403/2461/1830
f 5403/2461/1830 5400/2459/1830 5404/2462/1830
f 5403/2461/1830 5404/2462/1830 5405/2463/1830
f 5405/2463/1830 5406/2464/1830 5407/2465/1830
f 5405/2463/1830 5404/2462/1830 5406/2464/1830
f 5407/2465/1830 5406/2464/1830 5409/2466/1830
f 5407/2465/1830 5409/2466/1830 5408/2467/1830
f 5397/2454/1830 5410/2468/1830 5398/2455/1830
f 5411/2469/1830 5410/2468/1830 5397/2454/1830
f 5411/2469/1830 5412/2470/1830 5410/2468/1830
f 5413/2471/1830 5412/2470/1830 5411/2469/1830
f 5413/2471/1830 5414/2472/1830 5412/2470/1830
f 5415/2473/1830 5414/2472/1830 5413/2471/1830
f 5415/2473/1830 5416/2474/1830 5414/2472/1830
f 5417/2475/1830 5416/2474/1830 5415/2473/1830
f 5417/2475/1830 5418/2476/1830 5416/2474/1830
f 5419/2477/1830 5418/2476/1830 5417/2475/1830
f 5419/2477/1830 5420/2478/1830 5418/2476/1830
f 5421/2479/1830 5420/2478/1830 5419/2477/1830
f 5421/2479/1830 5422/2480/1830 5420/2478/1830
f 5423/2481/1830 5422/2480/1830 5421/2479/1830
f 5423/2481/1830 5424/2482/1830 5422/2480/1830
f 5426/2483/1830 5425/2484/1830 5424/2482/1830
f 5426/2483/1830 5424/2482/1830 5423/2481/1830
f 5425/2484/1830 5426/2483/1830 5427/2485/1830
s 1
usemtl Henry_Face_Material
f 209/133/142 219/133/143 234/133/144
f 211/133/145 212/133/146 213/133/147
f 211/133/145 213/133/147 214/133/148
f 217/133/149 218/133/150 228/133/151
f 217/133/149 228/133/151 222/133/152
f 214/133/148 213/133/147 216/133/153
f 214/133/148 216/133/153 215/133/154
f 215/133/154 216/133/153 218/133/150
f 215/133/154 218/133/150 217/133/149
f 233/133/155 227/133/156 210/133/157
f 209/133/142 234/133/144 226/133/158
f 226/133/158 211/133/145 209/133/142
f 211/133/145 226/133/158 225/133/159
f 211/133/145 225/133/159 235/133/160
f 211/133/145 235/133/160 212/133/146
f 212/133/146 235/133/160 224/133/161
f 214/133/148 215/133/154 211/133/145
f 211/133/145 215/133/154 220/133/162
f 220/133/162 215/133/154 217/133/149
f 211/133/145 220/133/162 221/133/163
f 211/133/145 221/133/163 209/133/142
f 209/133/142 221/133/163 219/133/143
f 220/133/162 217/133/149 223/133/164
f 223/133/164 217/133/149 222/133/152
f 233/133/155 210/133/157 232/133/165
f 232/133/165 212/133/146 224/133/161
f 212/133/146 232/133/165 210/133/157
f 216/133/153 213/133/147 212/133/146
f 216/133/153 212/133/146 230/133/166
f 216/133/153 230/133/166 218/133/150
f 230/133/166 212/133/146 231/133/167
f 231/133/167 212/133/146 210/133/157
f 231/133/167 210/133/157 227/133/156
f 218/133/150 230/133/166 229/133/168
f 218/133/150 229/133/168 228/133/151
s 0
f 5429/2486/1680 5428/2487/1680 5430/2488/1680
f 5433/2489/1671 5431/2490/1671 5432/2491/1671
f 5433/2489/1671 5432/2491/1671 5434/2492/1671
f 5434/2492/1671 5432/2491/1671 5436/2493/1671
f 5434/2492/1671 5436/2493/1671 5435/2494/1671
f 5435/2494/1671 5436/2493/1671 5440/2495/1671
f 5440/2495/1671 5436/2493/1671 5437/2496/1671
f 5440/2495/1671 5437/2496/1671 5438/2497/1671
f 5440/2495/1671 5438/2497/1671 5439/2498/1671
s 1
f 5442/2499/2269 5443/2500/2270 5441/2501/2271
f 5442/2499/2269 5444/2502/2272 5443/2500/2270
f 5445/2503/2273 5443/2500/2270 5444/2502/2272
f 5446/2504/2274 5443/2500/2270 5445/2503/2273
f 5443/2500/2270 5446/2504/2274 5447/2505/2275
f 5447/2505/2275 5446/2504/2274 5448/2506/2276
f 5449/2507/2277 5450/2508/2278 5448/2506/2276
f 5447/2505/2275 5448/2506/2276 5450/2508/2278
f 5450/2508/2278 5452/2509/2279 5447/2505/2275
f 5452/2509/2279 5450/2508/2278 5451/2510/2280
f 5452/2509/2279 5451/2510/2280 5453/2511/2281
f 5452/2509/2279 5453/2511/2281 5454/2512/2282
f 5454/2512/2282 5463/2513/2283 5452/2509/2279
f 5463/2513/2283 5454/2512/2282 5455/2514/2284
f 5455/2514/2284 5454/2512/2282 5456/2515/2285
f 5455/2514/2284 5456/2515/2285 5457/2516/2286
f 5458/2517/2287 5455/2514/2284 5457/2516/2286
f 5455/2514/2284 5458/2517/2287 5459/2518/2288
f 5460/2519/2289 5455/2514/2284 5461/2520/2290
f 5460/2519/2289 5463/2513/2283 5455/2514/2284
f 5460/2519/2289 5461/2520/2290 5462/2521/2291
f 5464/2522/2292 5463/2513/2283 5460/2519/2289
f 5464/2522/2292 5460/2519/2289 5465/2523/2293
f 5464/2522/2292 5466/2524/2294 5463/2513/2283
f 5467/2525/2295 5466/2524/2296 5469/2526/2297
f 5467/2525/2295 5468/2527/2298 5466/2524/2296
f 5470/2528/2299 5468/2527/2300 5471/2529/2301
f 5470/2528/2299 5474/2530/2302 5468/2527/2300
f 5470/2528/2299 5471/2529/2301 5472/2531/2303
f 5473/2532/2304 5474/2530/2302 5470/2528/2299
f 5475/2533/2305 5474/2530/2302 5473/2532/2304
f 5475/2533/2305 5477/2534/2306 5474/2530/2302
f 5476/2535/2307 5477/2534/2306 5475/2533/2305
f 5478/2536/2308 5477/2534/2306 5476/2535/2307
f 5478/2536/2308 5479/2537/2309 5477/2534/2306
f 5480/2538/2310 5479/2537/2309 5478/2536/2308
f 5481/2539/2311 5479/2537/2309 5480/2538/2310
f 5481/2539/2311 5482/2540/2312 5479/2537/2309
f 5483/2541/2313 5482/2540/2312 5481/2539/2311
f 5484/2542/2314 5482/2543/2315 5485/2544/2316
f 5484/2542/2314 5488/2545/2317 5482/2543/2315
f 5484/2542/2314 5485/2544/2316 5486/2546/2318
f 5487/2547/2319 5488/2545/2317 5484/2542/2314
f 5489/2548/2320 5488/2545/2317 5487/2547/2319
f 5489/2548/2320 5491/2549/2321 5488/2545/2317
f 5490/2550/2322 5491/2549/2321 5489/2548/2320
f 5492/2551/2323 5491/2549/2321 5490/2550/2322
f 5492/2551/2323 5493/2552/2324 5491/2549/2321
f 5494/2553/2325 5493/2552/2324 5492/2551/2323
f 5495/2554/2326 5493/2552/2324 5494/2553/2325
f 5495/2554/2326 5496/2555/2327 5493/2552/2324
f 5497/2556/2328 5496/2555/2327 5495/2554/2326
f 5497/2556/2328 5495/2554/2326 5498/2557/2329
f 5498/2557/2329 5495/2554/2326 5499/2558/2330
f 5495/2554/2326 5500/2559/2331 5499/2558/2330
f 5500/2559/2331 5495/2554/2326 5501/2560/2332
f 5502/2561/2333 5496/2555/2327 5497/2556/2328
f 5503/2562/2334 5496/2555/2327 5502/2561/2333
f 5496/2555/2327 5503/2562/2334 5504/2563/2335
f 5505/2564/2336 5504/2563/2335 5503/2562/2334
f 5509/2565/2337 5504/2563/2335 5505/2564/2336
f 5505/2564/2336 5506/2566/2338 5509/2565/2337
f 5506/2566/2338 5505/2564/2336 5507/2567/2339
f 5507/2567/2339 5508/2568/2340 5506/2566/2338
f 5510/2569/2341 5504/2563/2335 5509/2565/2337
f 5504/2563/2335 5510/2569/2341 5511/2570/2342
f 5511/2570/2342 5510/2569/2341 5512/2571/2343
f 5512/2571/2343 5514/2572/2344 5511/2570/2342
f 5514/2572/2344 5512/2571/2343 5513/2573/2345
f 5513/2573/2345 5515/2574/2346 5514/2572/2344
f 5495/2554/2326 5494/2553/2325 5516/2575/2347
f 5495/2554/2326 5516/2575/2347 5517/2576/2348
f 5494/2553/2325 5492/2551/2323 5518/2577/2349
f 5494/2553/2325 5518/2577/2349 5519/2578/2350
f 5492/2551/2323 5490/2550/2322 5520/2579/2351
f 5492/2551/2323 5520/2579/2351 5521/2580/2352
f 5490/2550/2322 5489/2548/2320 5522/2581/2353
f 5490/2550/2322 5522/2581/2353 5523/2582/2354
f 5489/2548/2320 5487/2547/2319 5524/2583/2355
f 5489/2548/2320 5524/2583/2355 5525/2584/2356
f 5487/2547/2319 5484/2542/2314 5526/2585/2357
f 5487/2547/2319 5526/2585/2357 5527/2586/2358
f 5483/2541/2313 5481/2539/2311 5528/2587/2359
f 5481/2539/2311 5480/2538/2310 5529/2588/2360
f 5476/2535/2307 5475/2533/2305 5530/2589/2361
f 5475/2533/2305 5473/2532/2304 5531/2590/2362
f 5475/2533/2305 5531/2590/2362 5532/2591/2363
f 5473/2532/2304 5470/2528/2299 5533/2592/2364
f 5473/2532/2304 5533/2592/2364 5534/2593/2365
f 5450/2508/2278 5449/2507/2277 5535/2594/2366
f 5536/2595/2367 5535/2594/2366 5449/2507/2277
s 0
f 5537/133/2368 5539/133/2368 5538/133/2368
s 1
f 5539/133/2369 5537/133/2369 5540/133/2369
s 0
f 5542/133/1930 5543/133/1930 5541/133/1930
f 5541/133/1930 5543/133/1930 5544/133/1930
f 5541/133/1930 5544/133/1930 5545/133/1930
f 5546/133/1930 5543/133/1930 5542/133/1930
f 5546/133/1930 5547/133/1930 5543/133/1930
f 5548/133/1930 5547/133/1930 5546/133/1930
f 5548/133/1930 5549/133/1930 5547/133/1930
f 5547/133/1930 5549/133/1930 5550/133/1930
f 5550/133/1930 5549/133/1930 5551/133/1930
f 5552/133/1930 5549/133/1930 5554/133/1930
f 5552/133/1930 5553/133/1930 5549/133/1930
f 5554/133/1930 5549/133/1930 5555/133/1930
f 5555/133/1930 5549/133/1930 5556/133/1930
f 5556/133/1930 5549/133/1930 5557/133/1930
f 5557/133/1930 5549/133/1930 5558/133/1930
f 5558/133/1930 5549/133/1930 5559/133/1930
f 5559/133/1930 5549/133/1930 5560/133/1930
f 5560/133/1930 5549/133/1930 5548/133/1930
f 5552/133/1930 5561/133/1930 5553/133/1930
f 5553/133/1930 5561/133/1930 5562/133/1930
f 5562/133/1930 5561/133/1930 5563/133/1930
f 5564/133/1930 5561/133/1930 5566/133/1930
f 5564/133/1930 5565/133/1930 5561/133/1930
f 5566/133/1930 5561/133/1930 5552/133/1930
f 5564/133/1930 5567/133/1930 5565/133/1930
f 5567/133/1930 5569/133/1930 5568/133/1930
f 5569/133/1930 5567/133/1930 5564/133/1930
f 5571/133/2370 5572/133/2370 5570/133/2370
f 5571/133/2370 5573/133/2370 5572/133/2370
f 5575/133/2371 5574/133/2371 5577/133/2371
f 5575/133/2371 5576/133/2371 5574/133/2371
f 5579/133/2372 5580/133/2372 5578/133/2372
f 5579/133/2372 5581/133/2372 5580/133/2372
f 5583/133/2373 5584/133/2373 5582/133/2373
f 5583/133/2373 5585/133/2373 5584/133/2373
f 5587/133/2374 5586/133/2374 5589/133/2374
f 5587/133/2374 5588/133/2374 5586/133/2374
f 5591/133/2375 5592/133/2375 5590/133/2375
f 5591/133/2375 5593/133/2375 5592/133/2375
f 5595/133/2376 5596/133/2376 5594/133/2376
f 5595/133/2376 5597/133/2376 5596/133/2376
f 5599/133/2377 5598/133/2377 5601/133/2377
f 5599/133/2377 5600/133/2377 5598/133/2377
f 5603/133/2378 5604/133/2378 5602/133/2378
f 5603/133/2378 5605/133/2378 5604/133/2378
f 5607/133/2379 5608/133/2379 5606/133/2379
f 5607/133/2379 5609/133/2379 5608/133/2379
f 5611/133/2380 5610/133/2380 5613/133/2380
f 5611/133/2380 5612/133/2380 5610/133/2380
f 5615/133/2381 5616/133/2381 5614/133/2381
f 5615/133/2381 5617/133/2381 5616/133/2381
f 5619/133/2382 5618/133/2382 5621/133/2382
f 5619/133/2382 5620/133/2382 5618/133/2382
f 5623/133/2383 5622/133/2383 5625/133/2383
f 5623/133/2383 5624/133/2383 5622/133/2383
f 5627/133/2384 5628/133/2384 5626/133/2384
f 5627/133/2384 5629/133/2384 5628/133/2384
f 5631/133/2385 5632/133/2385 5630/133/2385
f 5631/133/2385 5633/133/2385 5632/133/2385
f 5635/133/2386 5636/133/2386 5634/133/2386
f 5635/133/2386 5637/133/2386 5636/133/2386
f 5639/133/2387 5640/133/2387 5638/133/2387
f 5639/133/2387 5641/133/2387 5640/133/2387
f 5643/133/2388 5644/133/2388 5642/133/2388
f 5643/133/2388 5645/133/2388 5644/133/2388
f 5647/133/2389 5648/133/2389 5646/133/2389
f 5647/133/2389 5649/133/2389 5648/133/2389
f 5651/133/2390 5650/133/2390 5652/133/2390
f 5650/133/2390 5651/133/2390 5653/133/2390
f 5655/2596/1674 5654/2597/1674 5656/2598/1674
f 5655/2596/1674 5656/2598/1674 5657/2599/1674
f 5659/2600/1672 5658/2597/1672 5661/2596/1672
f 5659/2600/1672 5660/2601/1672 5658/2597/1672
f 5663/2602/1676 5662/2603/1676 5664/2604/1676
f 5663/2602/1676 5664/2604/1676 5665/2605/1676
f 5667/2606/1675 5666/2607/1675 5669/2602/1675
f 5667/2606/1675 5668/2608/1675 5666/2607/1675
f 5672/2609/1678 5671/2610/1678 5670/2611/1678
f 5671/2610/1678 5672/2609/1678 5673/2612/1678
f 5675/2605/1677 5674/2611/1677 5677/2610/1677
f 5675/2605/1677 5676/2604/1677 5674/2611/1677
f 5679/2612/1679 5678/2613/1679 5681/2614/1679
f 5679/2612/1679 5680/2615/1679 5678/2613/1679
f 5683/2614/1680 5682/2613/1680 5684/2616/1680
f 5685/2617/1602 5686/2618/1602 5687/2619/1602
f 5687/2619/1602 5686/2618/1602 5688/2620/1602
f 5687/2619/1602 5688/2620/1602 5690/2621/1602
f 5690/2621/1602 5688/2620/1602 5689/2622/1602
f 5690/2621/1602 5689/2622/1602 5694/2623/1602
f 5690/2621/1602 5694/2623/1602 5691/2624/1602
f 5691/2624/1602 5694/2623/1602 5692/2625/1602
f 5692/2625/1602 5694/2623/1602 5693/2626/1602
f 5696/2627/2391 5697/2628/2391 5695/2629/2391
f 5697/2628/1603 5696/2627/1603 5698/2630/1603
f 5699/2601/1605 5700/2630/1605 5702/2631/1605
f 5700/2630/1605 5699/2601/1605 5701/2600/1605
f 5702/2631/1605 5700/2630/1605 5703/2632/1605
f 5705/2633/1675 5704/2634/1675 5707/2608/1675
f 5705/2633/1675 5706/2635/1675 5704/2634/1675
f 5709/2635/1676 5710/2636/1676 5708/2637/1676
f 5710/2636/1676 5709/2635/1676 5711/2638/1676
f 5713/2638/1677 5714/2639/1677 5712/2636/1677
f 5713/2638/1677 5715/2640/1677 5714/2639/1677
f 5717/2640/1678 5718/2641/1678 5716/2639/1678
f 5718/2641/1678 5717/2640/1678 5719/2642/1678
f 5721/2642/1679 5722/2488/1679 5720/2643/1679
f 5721/2642/1679 5723/2486/1679 5722/2488/1679
f 5725/2644/1605 5726/2645/1605 5724/2646/1605
s 1
f 5726/2645/1605 5728/2647/1605 5727/2648/1605
s 0
f 5728/2647/1605 5726/2645/1605 5725/2644/1605
f 5730/2644/1603 5729/2649/1603 5731/2650/1603
f 5731/2650/2392 5729/2649/2392 5732/2651/2392
f 5734/2647/1672 5735/2652/1672 5733/2648/1672
f 5734/2647/1672 5736/2653/1672 5735/2652/1672
f 5738/2653/1674 5739/2654/1674 5737/2652/1674
f 5738/2653/1674 5740/2655/1674 5739/2654/1674
f 5742/133/1602 5741/133/1602 5743/133/1602
f 5743/133/1602 5741/133/1602 5744/133/1602
f 5743/133/1602 5744/133/1602 5745/133/1602
f 5745/133/1602 5744/133/1602 5746/133/1602
f 5745/133/1602 5746/133/1602 5747/133/1602
f 5747/133/1602 5746/133/1602 5748/133/1602
f 5747/133/1602 5748/133/1602 5749/133/1602
f 5749/133/1602 5748/133/1602 5750/133/1602
f 5749/133/1602 5750/133/1602 5751/133/1602
f 5751/133/1602 5750/133/1602 5752/133/1602
f 5751/133/1602 5752/133/1602 5753/133/1602
f 5753/133/1602 5752/133/1602 5754/133/1602
f 5753/133/1602 5754/133/1602 5755/133/1602
f 5755/133/1602 5754/133/1602 5756/133/1602
f 5757/133/1671 5758/133/1671 5759/133/1671
f 5757/133/1671 5759/133/1671 5760/133/1671
f 5760/133/1671 5759/133/1671 5761/133/1671
f 5760/133/1671 5761/133/1671 5762/133/1671
f 5762/133/1671 5761/133/1671 5763/133/1671
f 5762/133/1671 5763/133/1671 5764/133/1671
f 5764/133/1671 5763/133/1671 5765/133/1671
f 5764/133/1671 5765/133/1671 5766/133/1671
f 5766/133/1671 5765/133/1671 5767/133/1671
f 5766/133/1671 5767/133/1671 5768/133/1671
f 5768/133/1671 5767/133/1671 5769/133/1671
f 5768/133/1671 5769/133/1671 5770/133/1671
f 5770/133/1671 5769/133/1671 5771/133/1671
f 5770/133/1671 5771/133/1671 5772/133/1671
f 5774/133/1602 5773/133/1602 5775/133/1602
f 5775/133/1602 5773/133/1602 5777/133/1602
f 5775/133/1602 5777/133/1602 5776/133/1602
f 5776/133/1602 5777/133/1602 5778/133/1602
f 5776/133/1602 5778/133/1602 5779/133/1602
f 5779/133/1602 5778/133/1602 5780/133/1602
f 5779/133/1602 5780/133/1602 5781/133/1602
f 5781/133/1602 5780/133/1602 5782/133/1602
f 5781/133/1602 5782/133/1602 5783/133/1602
f 5783/133/1602 5782/133/1602 5785/133/1602
f 5783/133/1602 5785/133/1602 5784/133/1602
f 5784/133/1602 5785/133/1602 5786/133/1602
f 5784/133/1602 5786/133/1602 5787/133/1602
f 5787/133/1602 5786/133/1602 5788/133/1602
f 5789/133/1671 5790/133/1671 5791/133/1671
f 5791/133/1671 5790/133/1671 5792/133/1671
f 5791/133/1671 5792/133/1671 5793/133/1671
f 5793/133/1671 5792/133/1671 5794/133/1671
f 5793/133/1671 5794/133/1671 5795/133/1671
f 5795/133/1671 5794/133/1671 5796/133/1671
f 5795/133/1671 5796/133/1671 5797/133/1671
f 5797/133/1671 5796/133/1671 5798/133/1671
f 5797/133/1671 5798/133/1671 5799/133/1671
f 5799/133/1671 5798/133/1671 5800/133/1671
f 5799/133/1671 5800/133/1671 5801/133/1671
f 5801/133/1671 5800/133/1671 5802/133/1671
f 5801/133/2393 5802/133/2393 5803/133/2393
f 5789/133/1671 5804/133/1671 5790/133/1671
usemtl Black_Plastic_Material
f 1739/250/662 1741/251/662 1740/252/662
f 1742/253/662 1744/254/662 1743/255/662
f 1744/254/663 1745/256/663 1743/255/663
f 1747/257/422 1746/258/422 1748/259/422
f 1747/257/422 1748/259/422 1749/260/422
f 1750/258/423 1751/261/423 1753/259/423
f 1750/258/423 1752/262/423 1751/261/423
f 1754/262/424 1755/263/424 1757/261/424
f 1754/262/424 1756/264/424 1755/263/424
f 1758/264/290 1759/265/290 1761/263/290
f 1758/264/290 1760/266/290 1759/265/290
f 1762/266/291 1763/267/291 1765/265/291
f 1762/266/291 1764/268/291 1763/267/291
f 1766/268/292 1767/269/292 1769/267/292
f 1766/268/292 1768/270/292 1767/269/292
f 1770/270/293 1771/271/293 1773/269/293
f 1770/270/293 1772/272/293 1771/271/293
f 1774/272/294 1775/273/294 1777/271/294
f 1774/272/294 1776/274/294 1775/273/294
f 1778/274/295 1779/275/295 1781/273/295
f 1778/274/295 1780/276/295 1779/275/295
f 1782/277/296 1783/278/296 1785/279/296
f 1782/277/296 1784/280/296 1783/278/296
f 1786/280/426 1787/281/426 1789/278/426
f 1786/280/426 1788/282/426 1787/281/426
f 1790/282/425 1791/283/425 1793/281/425
f 1790/282/425 1792/284/425 1791/283/425
f 1794/284/429 1795/285/429 1797/283/429
f 1794/284/429 1796/286/429 1795/285/429
f 1798/286/430 1799/287/430 1801/285/430
f 1798/286/430 1800/288/430 1799/287/430
f 1802/288/298 1803/289/298 1805/287/298
f 1802/288/298 1804/290/298 1803/289/298
f 1806/290/297 1807/291/297 1809/289/297
f 1806/290/297 1808/292/297 1807/291/297
f 1810/293/299 1811/294/299 1813/295/299
f 1810/293/299 1812/296/299 1811/294/299
f 1814/296/300 1815/297/300 1817/294/300
f 1814/296/300 1816/298/300 1815/297/300
f 1818/298/302 1819/299/302 1821/297/302
f 1818/298/302 1820/300/302 1819/299/302
f 1822/300/301 1823/301/301 1825/299/301
f 1822/300/301 1824/302/301 1823/301/301
f 1826/302/304 1827/303/304 1829/301/304
f 1826/302/304 1828/304/304 1827/303/304
f 1830/304/303 1831/305/303 1833/303/303
f 1830/304/303 1832/306/303 1831/305/303
f 1834/306/305 1835/307/305 1837/305/305
f 1834/306/305 1836/308/305 1835/307/305
f 1838/308/307 1839/309/307 1841/307/307
f 1838/308/307 1840/310/307 1839/309/307
f 1842/310/306 1843/311/306 1845/309/306
f 1842/310/306 1844/312/306 1843/311/306
f 1846/313/308 1847/314/308 1849/315/308
f 1846/313/308 1848/316/308 1847/314/308
f 1850/316/309 1851/317/309 1853/314/309
f 1850/316/309 1852/318/309 1851/317/309
f 1854/318/310 1855/319/310 1857/317/310
f 1854/318/310 1856/320/310 1855/319/310
f 1858/320/311 1859/321/311 1861/319/311
f 1858/320/311 1860/322/311 1859/321/311
f 1862/322/312 1863/323/312 1865/321/312
f 1862/322/312 1864/324/312 1863/323/312
f 1866/324/427 1867/325/427 1869/323/427
f 1866/324/427 1868/326/427 1867/325/427
f 1870/326/428 1871/327/428 1873/325/428
f 1870/326/428 1872/328/428 1871/327/428
f 1879/329/664 1874/330/664 1875/331/664
f 1874/330/664 1876/332/664 1875/331/664
f 1874/330/664 1878/333/664 1876/332/664
f 1878/333/664 1877/334/664 1876/332/664
f 1879/329/664 1875/331/664 1880/335/664
f 1881/336/664 1882/337/664 1883/338/664
f 1884/339/664 1881/336/664 1883/338/664
f 1888/340/664 1885/339/664 1886/341/664
f 1888/340/664 1886/341/664 1887/342/664
f 1888/340/664 1887/342/664 1889/343/664
f 1890/344/664 1888/340/664 1889/343/664
f 1890/344/664 1889/343/664 1891/345/664
f 1892/346/664 1890/344/664 1891/345/664
f 1892/346/664 1891/345/664 1893/347/664
f 1894/348/664 1892/346/664 1893/347/664
f 1895/349/664 1894/348/664 1893/347/664
f 1895/349/664 1893/347/664 1896/350/664
f 1898/351/664 1895/349/664 1896/350/664
f 1898/351/664 1896/350/664 1897/352/664
f 1899/353/664 1898/351/664 1897/352/664
f 1899/353/664 1897/352/664 1900/354/664
f 1899/353/664 1900/354/664 1901/334/664
f 1903/355/376 1902/356/376 1904/357/376
f 1903/355/376 1904/357/376 1905/358/376
f 1906/356/377 1907/359/377 1909/357/377
s 1
f 1906/356/377 1908/360/377 1907/359/377
s 0
f 1910/360/399 1911/361/399 1913/359/399
f 1910/360/399 1912/362/399 1911/361/399
f 1914/363/402 1915/364/402 1917/365/402
f 1914/363/402 1916/366/402 1915/364/402
f 1918/366/403 1919/367/403 1921/364/403
f 1918/366/403 1920/368/403 1919/367/403
f 1922/368/405 1923/369/405 1925/367/405
f 1922/368/405 1924/370/405 1923/369/405
f 1926/370/407 1927/371/407 1929/369/407
f 1926/370/407 1928/372/407 1927/371/407
f 1930/372/408 1931/373/408 1933/371/408
f 1930/372/408 1932/374/408 1931/373/408
f 1934/374/379 1935/375/379 1937/373/379
f 1934/374/379 1936/376/379 1935/375/379
f 1938/376/378 1939/377/378 1941/375/378
f 1938/376/378 1940/378/378 1939/377/378
f 1942/378/665 1943/379/665 1945/377/665
f 1942/378/411 1944/380/411 1943/379/411
f 1946/380/410 1947/381/410 1949/379/410
f 1946/380/410 1948/382/410 1947/381/410
f 1950/383/381 1951/384/381 1953/385/381
f 1950/383/381 1952/386/381 1951/384/381
f 1954/386/380 1955/387/380 1957/384/380
f 1954/386/666 1956/388/666 1955/387/666
f 1958/388/383 1959/389/383 1961/387/383
s 1
f 1958/388/383 1960/390/383 1959/389/383
s 0
f 1962/390/382 1963/391/382 1965/389/382
s 1
f 1962/390/382 1964/392/382 1963/391/382
s 0
f 1966/392/384 1967/393/384 1969/391/384
f 1966/392/384 1968/394/384 1967/393/384
f 1970/394/385 1971/395/385 1973/393/385
f 1970/394/385 1972/396/385 1971/395/385
f 1974/396/386 1975/397/386 1977/395/386
f 1974/396/386 1976/398/386 1975/397/386
f 1978/399/415 1979/400/415 1981/401/415
f 1978/399/415 1980/402/415 1979/400/415
f 1982/402/417 1983/403/417 1985/400/417
f 1982/402/417 1984/404/417 1983/403/417
f 1986/404/388 1987/405/388 1989/403/388
f 1986/404/388 1988/406/388 1987/405/388
f 1990/406/387 1991/407/387 1993/405/387
f 1990/406/387 1992/408/387 1991/407/387
f 1994/408/667 1995/409/667 1997/407/667
f 1994/408/419 1996/410/419 1995/409/419
f 1998/410/392 1999/411/392 2001/409/392
f 1998/410/392 2000/412/392 1999/411/392
f 2002/412/391 2003/413/391 2005/411/391
f 2002/412/391 2004/414/391 2003/413/391
f 2006/414/420 2007/415/420 2009/413/420
f 2006/414/420 2008/416/420 2007/415/420
f 2010/416/394 2011/417/394 2013/415/394
f 2010/416/394 2012/418/394 2011/417/394
f 2014/419/395 2015/420/395 2017/421/395
f 2014/419/668 2016/422/668 2015/420/668
f 2018/422/396 2019/423/396 2021/420/396
f 2018/422/396 2020/424/396 2019/423/396
f 2022/424/397 2023/425/397 2025/423/397
f 2022/424/397 2024/426/397 2023/425/397
f 2026/426/660 2027/358/660 2029/425/660
s 1
f 2026/426/660 2028/355/660 2027/358/660
s 0
f 2032/427/662 2030/428/662 2031/429/662
f 2030/428/662 2033/430/662 2031/429/662
f 2030/428/662 2034/431/662 2033/430/662
f 2034/431/662 2035/432/662 2033/430/662
f 2034/431/662 2036/433/662 2035/432/662
f 2036/433/663 2037/434/663 2035/432/663
f 2039/435/663 2038/436/663 2037/434/663
f 2036/433/662 2039/435/662 2037/434/662
f 2039/435/662 2040/437/662 2038/436/662
f 2040/437/662 2041/438/662 2038/436/662
f 2040/437/662 2042/439/662 2041/438/662
f 2042/439/662 2043/440/662 2041/438/662
f 2042/439/662 2044/441/662 2043/440/662
f 2042/439/662 2045/442/662 2044/441/662
f 2045/442/662 2046/443/662 2044/441/662
f 2045/442/662 2047/444/662 2046/443/662
f 2047/444/662 2048/445/662 2046/443/662
f 2047/444/662 2049/446/662 2048/445/662
f 2049/446/662 2050/447/662 2048/445/662
f 2050/447/669 2051/448/669 2048/445/669
f 2050/447/662 2052/449/662 2051/448/662
f 2054/450/422 2053/451/422 2055/452/422
f 2054/450/422 2055/452/422 2056/453/422
f 2057/451/423 2058/454/423 2060/452/423
f 2057/451/423 2059/455/423 2058/454/423
f 2061/455/424 2062/456/424 2064/454/424
f 2061/455/424 2063/457/424 2062/456/424
f 2065/457/290 2066/458/290 2068/456/290
f 2065/457/290 2067/459/290 2066/458/290
f 2069/459/291 2070/460/291 2072/458/291
f 2069/459/291 2071/461/291 2070/460/291
f 2073/461/292 2074/462/292 2076/460/292
f 2073/461/292 2075/463/292 2074/462/292
f 2077/463/293 2078/464/293 2080/462/293
f 2077/463/293 2079/465/293 2078/464/293
f 2081/465/294 2082/466/294 2084/464/294
f 2081/465/294 2083/467/294 2082/466/294
f 2085/467/295 2086/468/295 2088/466/295
f 2085/467/295 2087/469/295 2086/468/295
f 2089/469/296 2090/470/296 2092/468/296
f 2089/469/296 2091/471/296 2090/470/296
f 2093/471/426 2094/472/426 2096/470/426
f 2093/471/426 2095/473/426 2094/472/426
f 2097/473/425 2098/474/425 2100/472/425
f 2097/473/425 2099/475/425 2098/474/425
f 2101/475/429 2102/476/429 2104/474/429
f 2101/475/429 2103/477/429 2102/476/429
f 2105/477/430 2106/478/430 2108/476/430
f 2105/477/430 2107/479/430 2106/478/430
f 2109/479/298 2110/480/298 2112/478/298
f 2109/479/298 2111/481/298 2110/480/298
f 2113/482/297 2114/483/297 2116/484/297
f 2113/482/297 2115/485/297 2114/483/297
f 2117/485/299 2118/486/299 2120/483/299
f 2117/485/299 2119/487/299 2118/486/299
f 2121/487/300 2122/488/300 2124/486/300
f 2121/487/300 2123/489/300 2122/488/300
f 2125/489/302 2126/490/302 2128/488/302
f 2125/489/302 2127/491/302 2126/490/302
f 2129/491/301 2130/492/301 2132/490/301
f 2129/491/301 2131/493/301 2130/492/301
f 2133/493/304 2134/494/304 2136/492/304
f 2133/493/304 2135/495/304 2134/494/304
f 2137/495/303 2138/496/303 2140/494/303
f 2137/495/303 2139/497/303 2138/496/303
f 2141/497/305 2142/498/305 2144/496/305
f 2141/497/305 2143/499/305 2142/498/305
f 2145/499/307 2146/500/307 2148/498/307
f 2145/499/307 2147/501/307 2146/500/307
f 2149/502/306 2150/503/306 2152/504/306
f 2149/502/306 2151/505/306 2150/503/306
f 2153/505/308 2154/506/308 2156/503/308
f 2153/505/308 2155/507/308 2154/506/308
f 2157/507/309 2158/508/309 2160/506/309
f 2157/507/309 2159/509/309 2158/508/309
f 2161/509/310 2162/510/310 2164/508/310
f 2161/509/310 2163/511/310 2162/510/310
f 2165/511/311 2166/477/311 2168/510/311
f 2165/511/311 2167/512/311 2166/477/311
f 2169/512/312 2170/513/312 2172/477/312
f 2169/512/312 2171/514/312 2170/513/312
f 2173/514/427 2174/515/427 2176/513/427
f 2173/514/427 2175/516/427 2174/515/427
f 2177/517/428 2178/453/428 2180/518/428
f 2177/517/428 2179/450/428 2178/453/428
f 2181/519/664 2183/520/664 2182/521/664
f 2181/519/664 2184/522/664 2183/520/664
f 2184/522/664 2185/523/664 2183/520/664
f 2184/522/664 2187/524/664 2185/523/664
f 2184/522/664 2186/525/664 2187/524/664
f 2186/525/664 2188/526/664 2187/524/664
f 2188/526/670 2189/527/670 2187/524/670
f 2188/526/664 2190/528/664 2189/527/664
f 2190/528/664 2191/529/664 2189/527/664
f 2190/528/664 2192/530/664 2191/529/664
f 2192/530/664 2193/531/664 2191/529/664
f 2192/530/664 2194/532/664 2193/531/664
f 2192/530/664 2195/533/664 2194/532/664
f 2195/533/664 2197/534/664 2194/532/664
f 2195/533/664 2196/535/664 2197/534/664
f 2199/536/664 2198/537/664 2197/534/664
f 2196/535/664 2199/536/664 2197/534/664
f 2199/536/664 2200/538/664 2198/537/664
f 2199/536/664 2201/539/664 2200/538/664
f 2201/539/664 2203/540/664 2200/538/664
f 2201/539/664 2202/541/664 2203/540/664
f 2206/542/664 2204/543/664 2205/544/664
f 2206/542/664 2205/544/664 2207/545/664
f 2206/542/664 2207/545/664 2208/546/664
f 2209/547/664 2206/542/664 2208/546/664
f 2209/547/664 2208/546/664 2210/548/664
f 2211/549/664 2209/547/664 2210/548/664
f 2211/549/664 2210/548/664 2212/550/664
f 2213/551/664 2211/549/664 2212/550/664
f 2213/551/670 2212/550/670 2214/552/670
f 2215/553/664 2213/551/664 2214/552/664
f 2215/553/664 2214/552/664 2216/554/664
f 2217/555/664 2215/553/664 2216/554/664
f 2217/555/664 2216/554/664 2218/556/664
f 2219/557/664 2217/555/664 2218/556/664
f 2220/558/671 2219/557/671 2218/556/671
f 2220/558/670 2218/556/670 2221/559/670
f 2222/560/664 2220/558/664 2221/559/664
f 2222/560/664 2221/559/664 2223/561/664
f 2204/543/664 2224/562/664 2205/544/664
f 2204/543/664 2226/563/664 2224/562/664
f 2226/563/664 2225/561/664 2224/562/664
s 1
f 2227/133/672 2228/133/673 2230/133/673
f 2227/133/672 2229/133/672 2228/133/673
f 2232/133/674 2231/133/675 2233/133/676
f 2232/133/674 2233/133/676 2234/133/676
f 2235/133/677 2236/133/678 2238/133/679
f 2235/133/677 2237/133/678 2236/133/678
f 2239/133/680 2240/133/681 2242/133/682
f 2239/133/680 2241/133/682 2240/133/681
s 0
f 2243/133/683 2244/133/683 2246/133/683
s 1
f 2243/133/392 2245/133/392 2244/133/392
s 0
f 2247/133/391 2248/133/391 2250/133/391
f 2247/133/391 2249/133/391 2248/133/391
f 2251/133/393 2252/133/393 2254/133/393
f 2251/133/420 2253/133/420 2252/133/420
f 2256/133/394 2255/133/394 2257/133/394
f 2256/133/394 2257/133/394 2258/133/394
f 2259/133/395 2260/133/395 2262/133/395
f 2259/133/395 2261/133/395 2260/133/395
f 2264/133/684 2263/133/684 2265/133/684
f 2264/133/684 2265/133/684 2266/133/684
f 2267/133/397 2268/133/397 2270/133/397
f 2267/133/685 2269/133/685 2268/133/685
f 2272/133/686 2271/133/686 2273/133/686
f 2272/133/660 2273/133/660 2274/133/660
f 2275/133/376 2276/133/376 2278/133/376
f 2275/133/376 2277/133/376 2276/133/376
f 2279/133/377 2280/133/377 2282/133/377
f 2279/133/377 2281/133/377 2280/133/377
f 2283/133/687 2284/133/687 2286/133/687
f 2283/133/399 2285/133/399 2284/133/399
f 2287/133/402 2288/133/402 2290/133/402
f 2287/133/402 2289/133/402 2288/133/402
f 2291/133/688 2292/133/688 2294/133/688
s 1
f 2291/133/688 2293/133/688 2292/133/688
s 0
f 2295/133/405 2296/133/405 2298/133/405
f 2295/133/405 2297/133/405 2296/133/405
f 2299/133/407 2300/133/407 2302/133/407
f 2299/133/407 2301/133/407 2300/133/407
f 2303/133/408 2304/133/408 2306/133/408
f 2303/133/409 2305/133/409 2304/133/409
f 2307/133/379 2308/133/379 2310/133/379
f 2307/133/379 2309/133/379 2308/133/379
s 1
f 2311/133/689 2312/133/690 2314/133/691
f 2311/133/689 2313/133/690 2312/133/690
s 0
f 2316/133/692 2315/133/692 2317/133/692
f 2316/133/693 2317/133/693 2318/133/693
s 1
f 2319/133/694 2320/133/694 2322/133/694
f 2319/133/694 2321/133/694 2320/133/694
f 2323/133/695 2324/133/696 2326/133/697
f 2323/133/695 2325/133/697 2324/133/696
f 2327/133/698 2328/133/699 2330/133/699
f 2327/133/698 2329/133/700 2328/133/699
s 0
f 2332/564/422 2333/565/422 2331/566/422
f 2332/564/422 2334/567/422 2333/565/422
f 2338/568/662 2335/569/662 2337/570/662
f 2338/568/662 2336/571/662 2335/569/662
f 2340/572/662 2338/568/662 2337/570/662
f 2340/572/662 2337/570/662 2339/573/662
f 2340/572/662 2339/573/662 2342/574/662
f 2341/575/662 2340/572/662 2342/574/662
f 2341/575/662 2342/574/662 2343/576/662
f 2344/577/662 2341/575/662 2343/576/662
f 2344/577/662 2343/576/662 2345/578/662
f 2336/571/662 2346/579/662 2335/569/662
f 2336/571/662 2347/580/662 2346/579/662
f 2347/580/662 2348/581/662 2346/579/662
f 2347/580/662 2349/582/662 2348/581/662
f 2347/580/662 2350/583/662 2349/582/662
f 2351/566/423 2352/584/423 2354/585/423
f 2351/566/423 2353/565/423 2352/584/423
f 2356/586/662 2355/587/662 2358/588/662
f 2356/586/662 2358/588/662 2357/589/662
f 2357/589/662 2358/588/662 2360/590/662
f 2357/589/662 2360/590/662 2359/591/662
f 2359/591/662 2360/590/662 2361/592/662
f 2361/592/662 2360/590/662 2362/593/662
f 2361/592/662 2362/593/662 2364/594/662
f 2361/592/701 2364/594/701 2363/595/701
f 2365/585/424 2366/596/424 2368/597/424
f 2365/585/424 2367/584/424 2366/596/424
f 2369/597/290 2370/598/290 2372/599/290
f 2369/597/290 2371/596/290 2370/598/290
f 2373/599/291 2374/600/291 2376/601/291
f 2373/599/291 2375/598/291 2374/600/291
f 2377/601/292 2378/602/292 2380/603/292
f 2377/601/292 2379/600/292 2378/602/292
f 2381/604/293 2382/605/293 2384/606/293
f 2381/604/293 2383/607/293 2382/605/293
f 2385/606/294 2386/608/294 2388/609/294
f 2385/606/294 2387/605/294 2386/608/294
f 2389/609/295 2390/610/295 2392/611/295
f 2389/609/295 2391/608/295 2390/610/295
f 2393/611/296 2394/612/296 2396/613/296
f 2393/611/296 2395/610/296 2394/612/296
f 2397/583/702 2398/614/702 2400/615/702
f 2397/583/662 2399/616/662 2398/614/662
f 2401/613/426 2402/617/426 2404/618/426
f 2401/613/426 2403/612/426 2402/617/426
f 2405/616/662 2406/619/662 2408/614/662
f 2405/616/702 2407/620/702 2406/619/702
f 2409/618/425 2410/621/425 2412/622/425
f 2409/618/425 2411/617/425 2410/621/425
f 2413/623/662 2414/624/662 2415/619/662
f 2413/623/662 2416/625/662 2414/624/662
f 2416/625/662 2417/626/662 2414/624/662
f 2416/625/662 2418/627/662 2417/626/662
f 2416/625/662 2419/628/662 2418/627/662
f 2419/628/662 2420/629/662 2418/627/662
f 2419/628/662 2421/630/662 2420/629/662
f 2419/628/662 2422/631/662 2421/630/662
f 2423/622/429 2424/632/429 2426/633/429
f 2423/622/429 2425/621/429 2424/632/429
f 2427/633/430 2428/634/430 2430/635/430
f 2427/633/430 2429/632/430 2428/634/430
f 2431/636/298 2432/637/298 2434/638/298
f 2431/636/298 2433/639/298 2432/637/298
f 2435/638/297 2436/640/297 2438/641/297
f 2435/638/297 2437/637/297 2436/640/297
f 2439/641/299 2440/642/299 2442/643/299
f 2439/641/299 2441/640/299 2440/642/299
f 2443/643/300 2444/644/300 2446/645/300
f 2443/643/300 2445/642/300 2444/644/300
f 2447/645/302 2448/646/302 2450/647/302
f 2447/645/302 2449/644/302 2448/646/302
f 2451/647/301 2452/648/301 2454/649/301
f 2451/647/301 2453/646/301 2452/648/301
f 2455/649/304 2456/650/304 2458/651/304
s 1
f 2455/649/304 2457/648/304 2456/650/304
s 0
f 2459/652/303 2460/653/303 2462/654/303
f 2459/652/303 2461/655/303 2460/653/303
f 2463/654/305 2464/656/305 2466/657/305
f 2463/654/305 2465/653/305 2464/656/305
f 2467/658/662 2468/659/662 2470/660/662
f 2467/658/701 2469/661/701 2468/659/701
f 2471/657/307 2472/662/307 2474/663/307
f 2471/657/307 2473/656/307 2472/662/307
f 2475/661/702 2476/578/702 2478/659/702
f 2475/661/662 2477/664/662 2476/578/662
f 2479/663/306 2480/665/306 2482/666/306
f 2479/663/306 2481/662/306 2480/665/306
f 2483/666/308 2484/667/308 2486/668/308
f 2483/666/308 2485/665/308 2484/667/308
f 2487/668/309 2488/669/309 2490/670/309
f 2487/668/309 2489/667/309 2488/669/309
f 2491/670/310 2492/671/310 2494/672/310
f 2491/670/310 2493/669/310 2492/671/310
f 2495/672/311 2496/673/311 2498/674/311
f 2495/672/311 2497/671/311 2496/673/311
f 2499/674/312 2500/675/312 2502/676/312
f 2499/674/312 2501/673/312 2500/675/312
f 2503/677/427 2504/678/427 2506/679/427
f 2503/677/427 2505/680/427 2504/678/427
f 2507/679/428 2508/567/428 2510/564/428
f 2507/679/428 2509/678/428 2508/567/428
f 2512/681/422 2511/682/422 2513/683/422
f 2512/681/422 2513/683/422 2514/684/422
f 2515/682/423 2516/685/423 2518/683/423
f 2515/682/423 2517/686/423 2516/685/423
f 2519/686/424 2520/687/424 2522/685/424
f 2519/686/424 2521/688/424 2520/687/424
f 2523/688/290 2524/689/290 2526/687/290
f 2523/688/290 2525/690/290 2524/689/290
f 2527/690/291 2528/691/291 2530/689/291
f 2527/690/291 2529/692/291 2528/691/291
f 2531/692/292 2532/693/292 2534/691/292
f 2531/692/292 2533/694/292 2532/693/292
f 2535/695/293 2536/696/293 2538/697/293
f 2535/695/293 2537/698/293 2536/696/293
f 2539/698/294 2540/699/294 2542/696/294
f 2539/698/294 2541/700/294 2540/699/294
f 2543/700/295 2544/701/295 2546/699/295
f 2543/700/295 2545/702/295 2544/701/295
f 2547/702/296 2548/703/296 2550/701/296
f 2547/702/296 2549/704/296 2548/703/296
f 2551/704/426 2552/705/426 2554/703/426
f 2551/704/426 2553/706/426 2552/705/426
f 2555/706/425 2556/707/425 2558/705/425
f 2555/706/425 2557/708/425 2556/707/425
f 2559/708/429 2560/709/429 2562/707/429
f 2559/708/429 2561/710/429 2560/709/429
f 2563/710/430 2564/711/430 2566/709/430
f 2563/710/430 2565/712/430 2564/711/430
f 2567/713/298 2568/714/298 2570/715/298
f 2567/713/298 2569/716/298 2568/714/298
f 2571/716/297 2572/717/297 2574/714/297
f 2571/716/297 2573/718/297 2572/717/297
f 2575/718/299 2576/719/299 2578/717/299
f 2575/718/299 2577/720/299 2576/719/299
f 2579/720/300 2580/721/300 2582/719/300
f 2579/720/300 2581/722/300 2580/721/300
f 2583/722/302 2584/723/302 2586/721/302
f 2583/722/302 2585/724/302 2584/723/302
f 2587/724/301 2588/725/301 2590/723/301
f 2587/724/301 2589/726/301 2588/725/301
f 2591/726/304 2592/727/304 2594/725/304
f 2591/726/304 2593/728/304 2592/727/304
f 2595/729/303 2596/730/303 2598/731/303
f 2595/729/303 2597/732/303 2596/730/303
f 2599/732/305 2600/733/305 2602/730/305
f 2599/732/305 2601/734/305 2600/733/305
f 2603/734/307 2604/735/307 2606/733/307
f 2603/734/307 2605/736/307 2604/735/307
s 1
f 2607/736/306 2608/737/306 2610/735/306
s 0
f 2607/736/306 2609/738/306 2608/737/306
f 2611/738/308 2612/739/308 2614/737/308
s 1
f 2611/738/308 2613/740/308 2612/739/308
s 0
f 2615/740/309 2616/741/309 2618/739/309
f 2615/740/309 2617/742/309 2616/741/309
f 2619/742/310 2620/743/310 2622/741/310
f 2619/742/310 2621/744/310 2620/743/310
f 2623/744/311 2624/745/311 2626/743/311
f 2623/744/311 2625/746/311 2624/745/311
f 2627/746/312 2628/747/312 2630/745/312
f 2627/746/312 2629/748/312 2628/747/312
f 2631/749/427 2632/750/427 2634/751/427
f 2631/749/427 2633/752/427 2632/750/427
f 2635/752/428 2636/684/428 2638/750/428
f 2635/752/428 2637/681/428 2636/684/428
f 2640/753/422 2639/754/422 2641/755/422
f 2640/753/422 2641/755/422 2642/756/422
f 2643/757/664 2645/758/664 2644/759/664
f 2645/758/664 2647/760/664 2646/761/664
f 2645/758/664 2646/761/664 2644/759/664
f 2647/760/664 2648/762/664 2646/761/664
f 2650/763/664 2649/764/664 2648/762/664
f 2647/760/664 2650/763/664 2648/762/664
f 2650/763/664 2651/765/664 2649/764/664
f 2650/763/664 2652/766/664 2651/765/664
f 2652/766/664 2653/767/664 2651/765/664
f 2652/766/664 2655/768/664 2653/767/664
f 2655/768/664 2654/769/664 2653/767/664
f 2655/768/664 2656/770/664 2654/769/664
f 2655/768/664 2657/771/664 2656/770/664
f 2657/771/664 2658/772/664 2656/770/664
f 2657/771/664 2659/773/664 2658/772/664
f 2659/773/664 2660/774/664 2658/772/664
f 2659/773/664 2662/775/664 2660/774/664
f 2662/775/664 2661/776/664 2660/774/664
f 2662/775/664 2663/777/664 2661/776/664
f 2662/775/664 2664/778/664 2663/777/664
f 2664/778/664 2666/779/664 2663/777/664
f 2664/778/664 2665/780/664 2666/779/664
f 2665/780/664 2667/781/664 2666/779/664
f 2665/780/664 2643/757/664 2667/781/664
f 2643/757/664 2644/759/664 2667/781/664
f 2668/754/423 2669/782/423 2671/755/423
f 2668/754/423 2670/783/423 2669/782/423
f 2672/783/424 2673/784/424 2675/782/424
f 2672/783/424 2674/785/424 2673/784/424
f 2676/785/290 2677/786/290 2679/784/290
f 2676/785/290 2678/787/290 2677/786/290
f 2680/787/291 2681/788/291 2683/786/291
f 2680/787/291 2682/789/291 2681/788/291
f 2684/789/292 2685/790/292 2687/788/292
f 2684/789/292 2686/791/292 2685/790/292
f 2688/792/293 2689/793/293 2691/794/293
f 2688/792/293 2690/795/293 2689/793/293
f 2692/795/294 2693/796/294 2695/793/294
f 2692/795/294 2694/797/294 2693/796/294
f 2696/797/295 2697/798/295 2699/796/295
f 2696/797/295 2698/799/295 2697/798/295
f 2700/799/296 2701/800/296 2703/798/296
f 2700/799/296 2702/801/296 2701/800/296
f 2704/801/426 2705/802/426 2707/800/426
f 2704/801/426 2706/803/426 2705/802/426
f 2708/803/425 2709/804/425 2711/802/425
f 2708/803/425 2710/805/425 2709/804/425
f 2712/805/429 2713/806/429 2715/804/429
f 2712/805/429 2714/807/429 2713/806/429
f 2716/807/430 2717/808/430 2719/806/430
f 2716/807/430 2718/809/430 2717/808/430
f 2720/810/298 2721/811/298 2723/812/298
f 2720/810/298 2722/813/298 2721/811/298
f 2724/813/297 2725/814/297 2727/811/297
f 2724/813/297 2726/815/297 2725/814/297
f 2728/815/299 2729/816/299 2731/814/299
f 2728/815/299 2730/817/299 2729/816/299
f 2732/817/300 2733/818/300 2735/816/300
f 2732/817/300 2734/819/300 2733/818/300
f 2736/819/302 2737/820/302 2739/818/302
f 2736/819/302 2738/821/302 2737/820/302
f 2740/821/301 2741/822/301 2743/820/301
f 2740/821/301 2742/823/301 2741/822/301
f 2744/823/304 2745/824/304 2747/822/304
f 2744/823/304 2746/825/304 2745/824/304
f 2748/826/303 2749/827/303 2751/828/303
f 2748/826/303 2750/829/303 2749/827/303
f 2752/829/305 2753/830/305 2755/827/305
f 2752/829/305 2754/831/305 2753/830/305
f 2756/831/307 2757/832/307 2759/830/307
f 2756/831/307 2758/833/307 2757/832/307
f 2760/833/306 2761/834/306 2763/832/306
f 2760/833/306 2762/835/306 2761/834/306
f 2764/835/308 2765/836/308 2767/834/308
f 2764/835/308 2766/837/308 2765/836/308
f 2768/837/309 2769/838/309 2771/836/309
f 2768/837/309 2770/839/309 2769/838/309
f 2772/839/310 2773/840/310 2775/838/310
f 2772/839/310 2774/841/310 2773/840/310
f 2776/841/311 2777/842/311 2779/840/311
f 2776/841/311 2778/843/311 2777/842/311
f 2780/843/312 2781/844/312 2783/842/312
s 1
f 2780/843/312 2782/845/312 2781/844/312
s 0
f 2784/846/427 2785/847/427 2787/848/427
f 2784/846/427 2786/849/427 2785/847/427
f 2788/849/428 2789/756/428 2791/847/428
f 2788/849/428 2790/753/428 2789/756/428
s 1
f 2793/850/703 2792/851/704 2794/852/705
f 2794/852/705 2795/853/706 2796/854/707
f 2794/852/705 2796/854/707 2793/850/703
f 2793/850/703 2797/855/708 2792/851/704
f 2798/856/709 2797/855/708 2799/857/710
f 2798/856/709 2792/851/704 2797/855/708
f 2800/858/711 2801/859/712 2802/860/713
f 2802/860/713 2801/859/712 2803/861/714
f 2802/860/713 2803/861/714 2805/862/715
f 2809/863/716 2804/864/717 2802/860/713
f 2809/863/716 2802/860/713 2805/862/715
f 2809/863/716 2808/865/718 2804/864/717
f 2809/863/716 2805/862/715 2806/866/719
f 2809/863/716 2806/866/719 2807/867/720
f 2809/863/716 2807/867/720 2811/868/721
f 2810/869/722 2809/863/716 2811/868/721
f 2812/870/723 2811/868/721 2815/871/724
f 2812/870/723 2815/871/724 2813/872/725
f 2813/872/725 2815/871/724 2814/873/726
f 2817/874/727 2820/875/728 2816/876/729
f 2817/874/727 2819/877/730 2818/878/731
f 2817/874/727 2818/878/731 2815/871/724
f 2817/874/727 2815/871/724 2820/875/728
f 2811/868/721 2821/879/732 2820/875/728
f 2811/868/721 2820/875/728 2815/871/724
f 2811/868/721 2822/880/733 2821/879/732
f 2811/868/721 2807/867/720 2822/880/733
f 2823/881/734 2803/861/714 2801/859/712
f 2823/881/734 2832/882/735 2824/883/736
f 2823/881/734 2824/883/736 2803/861/714
f 2823/881/734 2825/884/737 2826/885/738
f 2829/886/739 2826/885/738 2828/887/740
f 2829/886/739 2831/888/741 2830/889/742
f 2829/886/739 2830/889/742 2827/890/743
f 2829/886/739 2827/890/743 2826/885/738
f 2823/881/734 2826/885/738 2827/890/743
f 2823/881/734 2827/890/743 2832/882/735
f 2836/891/744 2833/892/745 2834/893/746
f 2845/894/747 2834/893/746 2835/895/748
f 2845/894/747 2836/891/744 2834/893/746
f 2838/896/749 2837/897/750 2839/898/751
f 2838/896/749 2840/899/752 2842/900/753
f 2838/896/749 2842/900/753 2837/897/750
f 2842/900/753 2841/901/754 2837/897/750
f 2842/900/753 2840/899/752 2843/902/755
f 2844/903/756 2841/901/754 2842/900/753
s 0
f 2841/901/757 2835/895/757 2837/897/757
s 1
f 2846/904/758 2848/905/759 2847/906/760
f 2845/894/747 2847/906/760 2848/905/759
f 2845/894/747 2848/905/759 2849/907/761
f 2845/894/747 2849/907/761 2836/891/744
s 0
f 2834/893/762 2837/897/762 2835/895/762
s 1
f 2850/908/763 2854/909/764 2851/910/765
f 2850/908/763 2852/911/766 2853/912/767
f 2850/908/763 2853/912/767 2859/913/768
f 2850/908/763 2859/913/768 2854/909/764
f 2858/914/769 2856/915/770 2854/909/764
f 2855/916/771 2856/915/770 2858/914/769
f 2855/916/771 2857/917/772 2856/915/770
f 2858/914/769 2854/909/764 2859/913/768
f 2870/918/773 2860/919/774 2869/920/775
f 2862/921/776 2860/919/774 2861/922/777
f 2862/921/776 2861/922/777 2863/923/778
f 2862/921/776 2863/923/778 2864/924/779
f 2862/921/776 2864/924/779 2865/925/780
f 2865/925/780 2868/926/781 2869/920/775
f 2865/925/780 2864/924/779 2868/926/781
f 2867/927/782 2866/928/783 2864/924/779
f 2867/927/782 2864/924/779 2863/923/778
f 2871/929/784 2870/918/773 2868/926/781
f 2871/929/784 2868/926/781 2872/930/785
f 2870/918/773 2869/920/775 2868/926/781
f 2874/931/786 2873/932/787 2861/922/777
f 2874/931/786 2861/922/777 2875/933/788
f 2875/933/788 2861/922/777 2860/919/774
f 2875/933/788 2860/919/774 2870/918/773
f 2876/934/789 2877/935/790 2878/936/791
f 2876/934/789 2879/937/792 2882/938/793
f 2942/939/794 2880/940/795 2941/941/796
f 2942/939/794 2886/942/797 2881/943/798
f 2942/939/794 2876/934/789 2886/942/797
f 2882/938/793 2886/942/797 2876/934/789
f 2882/938/793 2879/937/792 2883/944/799
f 2882/938/793 2884/945/800 2885/946/801
f 2885/946/801 2886/942/797 2882/938/793
f 2886/942/797 2885/946/801 2888/947/802
f 2889/948/803 2887/949/804 2989/950/805
f 2890/951/806 2887/949/804 2889/948/803
f 2890/951/806 2891/952/807 2887/949/804
f 2892/953/808 2902/954/809 2891/952/810
f 2892/953/808 2893/955/811 2902/954/809
f 2892/953/808 2898/956/812 2893/955/811
f 2895/957/813 2893/955/811 2894/958/814
f 2896/959/815 2895/957/813 2894/958/814
f 2894/958/814 2898/956/812 2897/960/816
f 2899/961/817 2897/960/816 2898/956/812
f 2899/961/817 2898/956/812 2900/962/818
f 2901/963/819 2900/962/818 2898/956/812
f 2901/963/819 2898/956/812 2892/953/808
f 2894/958/814 2893/955/811 2898/956/812
f 2906/964/820 2905/965/821 2904/966/822
f 2906/964/820 2907/967/823 2905/965/821
f 2909/968/824 2907/967/825 2908/969/826
f 2912/970/827 2911/971/828 2910/972/829
f 2913/973/830 2914/974/831 2887/949/804
f 2887/949/804 2914/974/831 2915/975/832
f 2887/949/804 2915/975/832 2886/942/797
f 2886/942/797 2915/975/832 2881/943/798
f 2916/976/833 2914/974/831 2992/977/834
f 2913/973/830 2992/977/834 2914/974/831
f 2916/976/833 2992/977/834 2917/978/835
f 2938/979/836 2992/977/834 2949/980/837
f 2985/981/838 2921/982/839 2922/983/840
f 2917/978/835 2992/977/834 2936/984/841
f 2936/984/841 2992/977/834 2938/979/836
f 2917/978/835 2936/984/841 2937/985/842
f 2919/986/843 2937/985/842 2935/987/844
f 2919/986/843 2917/978/835 2937/985/842
f 2925/988/845 2924/989/846 2927/990/847
f 2927/990/847 2926/991/848 2925/988/845
f 2927/990/847 2928/992/849 2926/991/848
f 2929/993/850 2928/992/849 2927/990/847
f 2931/994/851 2930/995/852 2928/992/849
f 2931/994/851 2928/992/849 2929/993/850
f 2931/994/851 2929/993/850 2933/996/853
f 2931/994/851 2933/996/853 2932/997/854
f 2934/998/855 2933/996/853 2935/987/844
f 2939/999/856 2936/984/841 2938/979/836
f 2940/1000/857 2939/999/856 2941/941/796
f 2942/939/794 2941/941/796 2939/999/856
f 2942/939/794 2939/999/856 2980/1001/858
f 2942/939/794 2980/1001/858 2959/1002/859
f 2943/1003/860 2959/1002/859 2958/1004/861
f 2943/1003/860 2942/939/794 2959/1002/859
f 2943/1003/860 2958/1004/861 2957/1005/862
f 2955/1006/863 2944/1007/864 2943/1003/860
f 2944/1007/864 2877/935/790 2876/934/789
f 2945/1008/865 2944/1007/864 2946/1009/866
f 2947/1010/867 2946/1009/868 2954/1011/869
f 2948/1012/870 2947/1010/867 2954/1011/869
f 2948/1012/870 2954/1011/869 2949/980/837
f 2949/980/837 2921/982/839 2950/1013/871
f 2954/1011/869 2951/1014/872 2938/979/836
f 2952/1015/873 2938/979/836 2951/1014/872
f 2952/1015/873 2951/1014/872 2953/1016/874
f 2955/1006/875 2951/1014/872 2954/1011/869
f 2943/1003/860 2957/1005/862 2955/1006/863
f 2946/1009/866 2944/1007/864 2955/1006/863
s 0
f 2955/1006/876 2954/1011/876 2946/1009/876
s 1
f 2956/1017/877 2955/1006/863 2957/1005/862
f 2960/1018/878 2959/1002/859 2980/1001/858
f 2960/1018/878 2980/1001/858 2961/1019/879
f 2960/1018/878 2961/1019/879 2962/1020/880
f 2962/1020/880 2961/1019/879 2963/1021/881
f 2956/1017/877 2966/1022/882 2955/1006/863
f 2967/1023/883 2965/1024/884 2966/1022/885
f 2967/1023/883 2968/1025/886 2965/1024/884
f 2967/1023/883 2972/1026/887 2968/1025/886
f 2967/1023/883 2978/1027/888 2972/1026/887
f 2968/1025/886 2970/1028/889 2969/1029/890
f 2968/1025/886 2971/1030/891 2970/1028/889
f 2968/1025/886 2972/1026/887 2971/1030/891
f 2975/1031/892 2974/1032/893 2971/1030/891
f 2975/1031/892 2971/1030/891 2972/1026/887
f 2975/1031/892 2972/1026/887 2973/1033/894
f 2976/1034/895 2975/1031/892 2973/1033/894
f 2976/1034/895 2973/1033/894 2977/1035/896
f 2979/1036/897 2969/1029/890 2970/1028/889
f 2981/1037/898 2938/979/836 2952/1015/873
f 2938/979/836 2981/1037/898 2980/1001/858
f 2938/979/836 2980/1001/858 2939/999/856
f 2985/981/838 2982/1038/899 2921/982/839
f 2982/1038/899 2983/1039/900 2921/982/839
f 2954/1011/869 2938/979/836 2949/980/837
f 2943/1003/860 2944/1007/864 2876/934/789
f 2943/1003/860 2876/934/789 2942/939/794
f 2935/987/844 2933/996/853 2919/986/843
f 2919/986/843 2933/996/853 2923/1040/901
f 2933/996/853 2929/993/850 2923/1040/901
f 2923/1040/901 2929/993/850 2927/990/847
f 2918/1041/902 2924/989/846 2984/1042/903
f 2919/986/843 2924/989/846 2918/1041/902
f 2927/990/847 2924/989/846 2923/1040/901
f 2919/986/843 2923/1040/901 2924/989/846
f 2986/1043/904 2993/1044/905 2920/1045/906
f 2991/1046/907 2885/946/801 2987/1047/908
f 2991/1046/907 2909/968/824 2885/946/801
f 2909/968/824 2888/947/802 2885/946/801
f 2888/947/802 2909/968/824 2908/969/826
f 2888/947/802 2989/950/805 2886/942/797
f 2888/947/802 2908/969/826 2988/1048/909
f 2888/947/802 2988/1048/909 2989/950/805
f 2909/968/910 2990/1049/911 2910/972/829
s 0
f 2909/968/912 2991/1046/912 2990/1049/912
s 1
f 2910/972/829 2990/1049/911 2992/977/834
f 2920/1045/906 2992/977/834 2990/1049/911
f 2993/1044/905 2949/980/837 2920/1045/906
f 2993/1044/905 2922/983/840 2921/982/839
f 2993/1044/905 2921/982/839 2949/980/837
f 2920/1045/906 2949/980/837 2992/977/834
f 2992/977/834 2913/973/830 2912/970/827
f 2992/977/834 2912/970/827 2910/972/829
f 2918/1041/902 2917/978/835 2919/986/843
f 2886/942/797 2989/950/805 2887/949/804
f 2942/939/794 2881/943/798 2880/940/795
f 2994/1050/913 2996/1051/914 2995/1052/915
f 2997/1053/916 2996/1051/914 2994/1050/913
f 2997/1053/916 2994/1050/913 2998/1054/917
f 2998/1054/917 3000/1055/918 2999/1056/919
f 3001/1057/920 3008/1058/921 3002/1059/922
f 3002/1059/922 3000/1055/918 3001/1057/920
f 3001/1057/920 3000/1055/918 3009/1060/923
f 3003/1061/924 3000/1055/918 3002/1059/922
f 3004/1062/925 3005/1063/926 3006/1064/927
f 3005/1063/926 3007/1065/928 3006/1064/927
f 3004/1062/925 3002/1059/922 3005/1063/926
f 3005/1063/926 3002/1059/922 3008/1058/921
f 3009/1060/923 3000/1055/918 2998/1054/917
f 3009/1060/923 2998/1054/917 2994/1050/913
f 3026/1066/929 3027/1067/930 3010/1068/931
f 3027/1067/930 3011/1069/932 3010/1068/931
f 3014/1070/933 3011/1069/932 3027/1067/930
f 3014/1070/933 3012/1071/934 3011/1069/932
f 3014/1070/933 3015/1072/935 3013/1073/936
f 3014/1070/933 3016/1074/937 3015/1072/935
f 3017/1075/938 3016/1074/937 3014/1070/933
f 3020/1076/939 3019/1077/940 3018/1078/941
f 3020/1076/939 3018/1078/941 3022/1079/942
f 3020/1076/939 3022/1079/942 3021/1080/943
f 3022/1079/942 3027/1067/930 3023/1081/944
f 3024/1082/945 3028/1083/946 3026/1066/929
f 3024/1082/945 3026/1066/929 3025/1084/947
f 3026/1066/929 3028/1083/946 3027/1067/930
f 3018/1078/941 3027/1067/930 3022/1079/942
f 3028/1083/946 3023/1081/944 3027/1067/930
f 3018/1078/941 3014/1070/933 3027/1067/930
f 3017/1075/938 3014/1070/933 3018/1078/941
f 3031/1085/948 3030/1086/949 3029/1087/950
f 3032/1088/951 3031/1085/948 3029/1087/950
f 3033/1089/952 3034/1090/953 3047/1091/954
f 3033/1089/952 3047/1091/954 3045/1092/955
f 3033/1089/952 3045/1092/955 3048/1093/956
f 3035/1094/957 3033/1089/952 3037/1095/958
f 3037/1095/958 3033/1089/952 3048/1093/956
f 3037/1095/958 3048/1093/956 3049/1096/959
f 3037/1095/958 3036/1097/960 3038/1098/961
f 3039/1099/962 3040/1100/963 3036/1097/960
f 3036/1097/960 3042/1101/964 3039/1099/962
f 3041/1102/965 3039/1099/962 3042/1101/964
f 3042/1101/964 3049/1096/959 3043/1103/966
f 3045/1092/955 3047/1091/954 3044/1104/967
f 3045/1092/955 3046/1105/968 3048/1093/956
f 3036/1097/960 3049/1096/959 3042/1101/964
f 3036/1097/960 3037/1095/958 3049/1096/959
f 3055/1106/969 3057/1107/970 3054/1108/971
f 3055/1106/969 3058/1109/972 3057/1107/970
f 3055/1106/969 3051/1110/973 3058/1109/972
f 3056/1111/974 3051/1110/973 3055/1106/969
f 3056/1111/974 3050/1112/975 3051/1110/973
f 3058/1109/972 3051/1110/973 3052/1113/976
f 3059/1114/977 3053/1115/978 3057/1107/970
f 3054/1108/971 3057/1107/970 3053/1115/978
f 3062/1116/979 3061/1117/980 3063/1118/981
f 3065/1119/982 3063/1118/981 3064/1120/983
f 3065/1119/982 3062/1116/979 3063/1118/981
f 3065/1119/982 3064/1120/983 3066/1121/984
f 3065/1119/982 3070/1122/985 3067/1123/986
f 3065/1119/982 3067/1123/986 3060/1124/987
f 3067/1123/986 3070/1122/985 3068/1125/988
f 3067/1123/986 3068/1125/988 3069/1126/989
f 3070/1122/985 3072/1127/990 3068/1125/988
f 3070/1122/985 3071/1128/991 3072/1127/990
f 3065/1119/982 3060/1124/987 3062/1116/979
f 3074/1129/992 3079/1130/993 3091/1131/994
f 3073/1132/995 3091/1131/994 3079/1130/993
f 3077/1133/996 3076/1134/997 3075/75/998
f 3077/1133/996 3075/75/998 3080/1135/999
f 3077/1133/996 3082/1136/1000 3076/1134/997
f 3079/1130/993 3076/1134/997 3082/1136/1000
f 3078/1137/1001 3073/1132/995 3079/1130/993
f 3078/1137/1001 3079/1130/993 3086/1138/1002
f 3077/1133/996 3080/1135/999 3081/58/1003
f 3082/1136/1000 3083/1139/1004 3079/1130/993
f 3082/1136/1000 3084/1140/1005 3083/1139/1004
f 3085/1141/1006 3079/1130/993 3083/1139/1004
f 3079/1130/993 3074/1129/992 3076/1134/997
f 3076/1134/997 3087/76/1007 3075/75/998
f 3088/1142/1008 3076/1134/997 3074/1129/992
f 3088/1142/1008 3074/1129/992 3089/1143/1009
f 3090/1144/1010 3089/1143/1009 3074/1129/992
f 3094/1145/1011 3093/1146/1012 3092/1147/1013
f 3096/1148/1014 3095/1149/1015 3097/1150/1016
f 3100/1151/1017 3098/1152/1018 3099/1153/1019
f 3103/1154/1020 3106/1155/1021 3105/1156/1022
f 3103/1154/1020 3102/1157/1023 3106/1155/1021
f 3104/1158/1024 3103/1154/1020 3105/1156/1022
f 3101/1159/1025 3106/1155/1021 3102/1157/1023
f 3107/1160/1026 3108/1161/1027 3110/1162/1028
f 3108/1161/1027 3107/1160/1026 3109/1163/1029
f 3108/1161/1027 3111/1164/1030 3110/1162/1028
f 3112/1165/1031 3115/1166/1032 3114/1167/1033
f 3112/1165/1031 3113/1168/1034 3115/1166/1032
f 3114/1167/1033 3115/1166/1032 3116/1169/1035
f 3114/1167/1033 3116/1169/1035 3117/1170/1036
f 3119/1171/1037 3120/1172/1038 3118/1173/1039
f 3123/1174/1040 3121/1175/1041 3122/1176/1042
f 3125/1177/1043 3124/1178/1044 3126/1179/1045
f 3128/1180/1046 3127/1181/1047 3129/1182/1048
f 3131/1183/1049 3130/1184/1050 3132/1185/1051
f 3129/1182/1048 3132/1185/1051 3130/1184/1050
f 3129/1182/1048 3127/1181/1047 3132/1185/1051
f 3134/1186/1052 3133/1187/1053 3136/1188/1054
f 3137/1189/1055 3134/1186/1052 3136/1188/1054
f 3134/1186/1052 3137/1189/1055 3135/1190/1056
f 3139/1191/1057 3138/1192/1058 3140/1193/1059
f 3142/1194/1060 3140/1193/1059 3138/1192/1058
f 3142/1194/1060 3141/1195/1061 3140/1193/1059
f 3142/1194/1060 3138/1192/1058 3145/1196/1062
f 3142/1194/1060 3143/1197/1063 3141/1195/1061
f 3144/1198/1064 3142/1194/1060 3145/1196/1062
f 3146/1199/1065 3149/1200/1066 3148/1201/1067
f 3146/1199/1065 3147/1202/1068 3149/1200/1066
f 3148/1201/1067 3149/1200/1066 3150/1203/1069
f 3148/1201/1067 3150/1203/1069 3151/1204/1070
f 3152/1205/1071 3157/1206/1072 3153/1207/1073
f 3155/1208/1074 3154/1209/1075 3157/1206/1072
f 3155/1208/1074 3156/1210/1076 3154/1209/1075
f 3157/1206/1072 3154/1209/1075 3153/1207/1073
f 3161/1211/1077 3159/1212/1078 3158/1213/1079
f 3160/1214/1080 3158/1213/1079 3159/1212/1078
f 3161/1211/1077 3158/1213/1079 3162/1215/1081
f 3162/1215/1081 3158/1213/1079 3163/1216/1082
f 3165/1217/1083 3168/1218/1084 3164/1219/1085
f 3165/1217/1083 3166/1220/1086 3167/1221/1087
f 3165/1217/1083 3167/1221/1087 3168/1218/1084
f 3170/1222/1088 3172/1223/1089 3171/1224/1090
f 3170/1222/1088 3173/1225/1091 3172/1223/1089
f 3170/1222/1088 3169/1226/1092 3173/1225/1091
s 0
f 3174/133/1093 3175/133/1093 3177/133/1093
s 1
f 3174/133/1094 3176/133/1094 3175/133/1094
s 0
f 3179/133/1095 3178/133/1095 3180/133/1095
f 3179/133/1095 3180/133/1095 3181/133/1095
s 1
f 3182/133/1096 3183/133/1096 3185/133/1096
f 3182/133/1096 3184/133/1097 3183/133/1096
s 0
f 3186/133/1098 3187/133/1098 3189/133/1098
f 3186/133/1099 3188/133/1099 3187/133/1099
s 1
f 3190/133/1100 3191/133/1100 3193/133/1100
s 0
f 3190/133/1101 3192/133/1101 3191/133/1101
s 1
f 3194/133/1102 3195/133/1102 3197/133/1102
f 3194/133/1102 3196/133/1102 3195/133/1102
s 0
f 3199/133/1103 3198/133/1103 3200/133/1103
f 3199/133/1103 3200/133/1103 3201/133/1103
f 3202/133/1104 3203/133/1104 3205/133/1104
f 3202/133/1104 3204/133/1104 3203/133/1104
f 3207/133/1105 3206/133/1105 3208/133/1105
f 3207/133/1105 3208/133/1105 3209/133/1105
f 3210/133/1106 3211/133/1106 3213/133/1106
f 3210/133/1106 3212/133/1106 3211/133/1106
s 1
f 3215/133/1107 3214/133/1107 3216/133/1107
f 3215/133/1107 3216/133/1107 3217/133/1107
f 3218/133/1108 3219/133/1109 3221/133/1110
f 3218/133/1108 3220/133/1108 3219/133/1109
f 3222/133/1111 3223/133/1111 3225/133/1111
f 3222/133/1111 3224/133/1111 3223/133/1111
s 0
f 3227/133/1112 3226/133/1112 3228/133/1112
f 3227/133/1113 3228/133/1113 3229/133/1113
s 1
f 3231/133/1114 3230/133/1115 3232/133/1114
f 3231/133/1114 3232/133/1114 3233/133/1114
f 3234/133/1116 3235/133/1117 3237/133/1118
f 3234/133/1116 3236/133/1119 3235/133/1117
f 3239/133/1120 3238/133/1121 3240/133/1120
f 3239/133/1120 3240/133/1120 3241/133/1120
s 0
f 3242/133/404 3243/133/404 3245/133/404
f 3242/133/404 3244/133/404 3243/133/404
s 1
f 3247/133/1122 3246/133/1122 3248/133/1122
f 3247/133/1122 3248/133/1122 3249/133/1122
s 0
f 3250/133/407 3251/133/407 3253/133/407
f 3250/133/407 3252/133/407 3251/133/407
s 1
f 3255/133/1123 3254/133/1123 3256/133/1124
f 3255/133/1123 3256/133/1124 3257/133/1123
s 0
f 3258/133/408 3259/133/408 3261/133/408
f 3258/133/408 3260/133/408 3259/133/408
f 3263/133/1125 3262/133/1125 3264/133/1125
f 3263/133/1126 3264/133/1126 3265/133/1126
f 3266/133/379 3267/133/379 3269/133/379
f 3266/133/379 3268/133/379 3267/133/379
f 3270/133/378 3271/133/378 3273/133/378
f 3270/133/378 3272/133/378 3271/133/378
f 3275/133/378 3274/133/378 3276/133/378
f 3275/133/378 3276/133/378 3277/133/378
f 3278/133/411 3279/133/411 3281/133/411
f 3278/133/411 3280/133/411 3279/133/411
f 3283/133/411 3282/133/411 3284/133/411
f 3283/133/411 3284/133/411 3285/133/411
f 3286/133/410 3287/133/410 3289/133/410
f 3286/133/410 3288/133/410 3287/133/410
f 3291/133/410 3290/133/410 3292/133/410
f 3291/133/410 3292/133/410 3293/133/410
f 3294/133/381 3295/133/381 3297/133/381
f 3294/133/381 3296/133/381 3295/133/381
f 3299/133/381 3298/133/381 3300/133/381
f 3299/133/381 3300/133/381 3301/133/381
f 3302/133/666 3303/133/666 3305/133/666
f 3302/133/666 3304/133/666 3303/133/666
f 3307/133/413 3306/133/413 3308/133/413
f 3307/133/413 3308/133/413 3309/133/413
f 3310/133/412 3311/133/412 3313/133/412
f 3310/133/383 3312/133/383 3311/133/383
f 3315/133/412 3314/133/412 3316/133/412
f 3315/133/412 3316/133/412 3317/133/412
f 3319/133/661 3318/133/661 3320/133/661
f 3319/133/661 3320/133/661 3321/133/661
f 3322/133/661 3323/133/661 3325/133/661
f 3322/133/661 3324/133/661 3323/133/661
f 3326/133/384 3327/133/384 3329/133/384
f 3326/133/384 3328/133/384 3327/133/384
f 3331/133/384 3330/133/384 3332/133/384
f 3331/133/384 3332/133/384 3333/133/384
f 3334/133/385 3335/133/385 3337/133/385
f 3334/133/385 3336/133/385 3335/133/385
f 3339/133/385 3338/133/385 3340/133/385
f 3339/133/385 3340/133/385 3341/133/385
f 3342/133/416 3343/133/416 3345/133/416
f 3342/133/416 3344/133/416 3343/133/416
f 3347/133/386 3346/133/386 3348/133/386
f 3347/133/416 3348/133/416 3349/133/416
f 3350/133/414 3351/133/414 3353/133/414
f 3350/133/414 3352/133/414 3351/133/414
f 3355/133/414 3354/133/414 3356/133/414
f 3355/133/414 3356/133/414 3357/133/414
f 3358/133/1127 3359/133/1127 3361/133/1127
f 3358/133/417 3360/133/417 3359/133/417
f 3363/133/417 3362/133/417 3364/133/417
f 3363/133/417 3364/133/417 3365/133/417
f 3366/133/388 3367/133/388 3369/133/388
f 3366/133/388 3368/133/388 3367/133/388
f 3371/133/388 3370/133/388 3372/133/388
f 3371/133/388 3372/133/388 3373/133/388
f 3374/133/387 3375/133/387 3377/133/387
f 3374/133/387 3376/133/387 3375/133/387
f 3379/133/387 3378/133/387 3380/133/387
f 3379/133/387 3380/133/387 3381/133/387
f 3382/133/419 3383/133/419 3385/133/419
f 3382/133/419 3384/133/419 3383/133/419
f 3387/133/667 3386/133/667 3388/133/667
f 3387/133/419 3388/133/419 3389/133/419
f 3391/133/392 3390/133/392 3392/133/392
f 3391/133/392 3392/133/392 3393/133/392
f 3394/133/392 3395/133/392 3397/133/392
f 3394/133/392 3396/133/392 3395/133/392
f 3398/133/391 3399/133/391 3401/133/391
f 3398/133/391 3400/133/391 3399/133/391
f 3403/133/391 3402/133/391 3404/133/391
f 3403/133/1128 3404/133/1128 3405/133/1128
f 3406/133/420 3407/133/420 3409/133/420
f 3406/133/420 3408/133/420 3407/133/420
s 1
f 3411/133/1129 3410/133/1130 3412/133/1131
f 3411/133/1129 3412/133/1131 3413/133/1132
s 0
f 3414/133/394 3415/133/394 3417/133/394
f 3414/133/394 3416/133/394 3415/133/394
s 1
f 3419/133/1133 3418/133/1134 3420/133/1134
f 3419/133/1133 3420/133/1134 3421/133/1135
s 0
f 3422/133/668 3423/133/668 3425/133/668
f 3422/133/668 3424/133/668 3423/133/668
s 1
f 3427/133/1136 3426/133/1136 3428/133/1136
f 3427/133/1136 3428/133/1136 3429/133/1137
f 3430/133/1138 3431/133/1139 3433/133/1140
f 3430/133/1138 3432/133/1141 3431/133/1139
f 3435/133/1142 3434/133/1143 3436/133/1143
f 3435/133/1142 3436/133/1143 3437/133/1143
s 0
f 3439/133/1144 3438/133/1145 3440/133/1145
f 3439/133/1146 3440/133/1146 3441/133/1146
s 1
f 3442/133/1147 3443/133/1147 3445/133/1147
f 3442/133/1147 3444/133/1147 3443/133/1147
f 3446/133/1148 3447/133/1149 3449/133/1148
f 3446/133/1148 3448/133/1148 3447/133/1149
f 3451/133/1150 3450/133/1150 3452/133/1150
f 3451/133/1150 3452/133/1150 3453/133/1150
s 0
f 3455/133/1151 3454/133/1151 3456/133/1151
f 3455/133/1151 3456/133/1151 3457/133/1151
f 3459/133/1152 3458/133/1152 3460/133/1152
f 3459/133/1153 3460/133/1153 3462/133/1153
f 3462/133/1154 3460/133/1154 3461/133/1154
f 3463/133/1152 3465/133/1152 3458/133/1152
f 3463/133/1152 3458/133/1152 3459/133/1152
f 3464/133/1155 3465/133/1155 3463/133/1155
f 3464/133/1156 3466/133/1156 3465/133/1156
f 3467/133/1157 3468/133/1157 3470/133/1157
f 3467/133/1157 3469/133/1157 3468/133/1157
f 3472/133/1158 3471/133/1158 3473/133/1158
f 3472/133/1158 3473/133/1158 3474/133/1158
f 3476/133/1159 3475/133/1159 3477/133/1159
f 3476/133/1160 3477/133/1160 3478/133/1160
f 3480/133/1161 3479/133/1161 3481/133/1161
f 3480/133/1161 3481/133/1161 3482/133/1161
f 3484/133/1162 3483/133/1162 3485/133/1162
f 3484/133/1162 3485/133/1162 3486/133/1162
f 3488/133/1163 3487/133/1163 3489/133/1163
f 3488/133/1163 3489/133/1163 3490/133/1163
f 3492/133/1164 3491/133/1164 3493/133/1164
f 3492/133/1164 3493/133/1164 3494/133/1164
f 3496/133/1165 3495/133/1165 3497/133/1165
f 3496/133/1165 3497/133/1165 3498/133/1165
f 3500/133/1166 3499/133/1166 3501/133/1166
s 1
f 3500/133/1166 3501/133/1166 3502/133/1166
s 0
f 3504/133/1167 3503/133/1167 3505/133/1167
f 3504/133/1167 3505/133/1167 3506/133/1167
f 3508/133/1168 3507/133/1168 3509/133/1168
f 3508/133/1168 3509/133/1168 3510/133/1168
f 3512/133/1169 3511/133/1169 3513/133/1169
f 3512/133/1170 3513/133/1170 3514/133/1170
f 3516/133/1171 3515/133/1171 3517/133/1171
s 1
f 3516/133/1171 3517/133/1171 3518/133/1171
s 0
f 3520/133/1172 3519/133/1172 3521/133/1172
f 3520/133/1172 3521/133/1172 3522/133/1172
f 3524/133/1173 3523/133/1173 3525/133/1173
f 3524/133/1173 3525/133/1173 3526/133/1173
f 3528/133/1174 3527/133/1174 3529/133/1174
f 3528/133/1174 3529/133/1174 3530/133/1174
f 3532/133/1175 3531/133/1175 3533/133/1175
f 3532/133/1175 3533/133/1175 3534/133/1175
f 3536/133/1176 3535/133/1176 3537/133/1176
f 3536/133/1176 3537/133/1176 3538/133/1176
f 3540/133/1177 3539/133/1177 3541/133/1177
f 3540/133/1177 3541/133/1177 3542/133/1177
f 3544/133/1178 3543/133/1178 3545/133/1178
f 3544/133/1178 3545/133/1178 3546/133/1178
f 3548/133/1179 3547/133/1179 3549/133/1179
f 3548/133/1179 3549/133/1179 3550/133/1179
f 3552/133/1180 3551/133/1180 3553/133/1180
f 3552/133/1180 3553/133/1180 3554/133/1180
f 3556/133/1181 3555/133/1181 3557/133/1181
f 3556/133/1181 3557/133/1181 3558/133/1181
f 3560/133/1182 3559/133/1182 3561/133/1182
f 3560/133/1182 3561/133/1182 3562/133/1182
f 3564/133/1183 3563/133/1183 3565/133/1183
f 3564/133/1183 3565/133/1183 3566/133/1183
f 3568/133/1184 3567/133/1184 3569/133/1184
f 3568/133/1184 3569/133/1184 3570/133/1184
f 3572/133/1185 3571/133/1185 3573/133/1185
f 3572/133/1185 3573/133/1185 3574/133/1185
f 3576/133/1186 3575/133/1186 3577/133/1186
f 3576/133/1186 3577/133/1186 3578/133/1186
f 3580/133/1187 3579/133/1187 3581/133/1187
f 3580/133/1187 3581/133/1187 3582/133/1187
f 3584/133/1188 3583/133/1188 3585/133/1188
f 3584/133/1189 3585/133/1189 3586/133/1189
f 3588/133/1190 3587/133/1190 3589/133/1190
f 3588/133/1190 3589/133/1190 3590/133/1190
f 3592/133/1191 3591/133/1191 3593/133/1191
f 3592/133/1192 3593/133/1192 3594/133/1192
f 3595/133/1193 3596/133/1193 3598/133/1193
f 3595/133/1193 3597/133/1193 3596/133/1193
f 3600/133/1194 3599/133/1194 3601/133/1194
f 3600/133/1194 3601/133/1194 3602/133/1194
f 3603/133/1195 3604/133/1195 3606/133/1195
f 3603/133/1195 3605/133/1195 3604/133/1195
f 3608/133/1196 3607/133/1196 3609/133/1196
s 1
f 3608/133/1196 3609/133/1196 3610/133/1196
s 0
f 3612/133/1197 3611/133/1197 3613/133/1197
f 3612/133/1197 3613/133/1197 3614/133/1197
f 3615/133/1198 3616/133/1198 3618/133/1198
f 3615/133/1198 3617/133/1198 3616/133/1198
f 3620/133/1199 3619/133/1199 3621/133/1199
f 3620/133/1199 3621/133/1199 3622/133/1199
f 3624/133/1200 3623/133/1200 3625/133/1200
f 3624/133/1200 3625/133/1200 3626/133/1200
f 3627/133/1201 3628/133/1201 3630/133/1201
f 3627/133/1201 3629/133/1201 3628/133/1201
f 3631/133/1202 3632/133/1202 3634/133/1202
f 3631/133/1202 3633/133/1202 3632/133/1202
f 3635/133/1203 3636/133/1203 3638/133/1203
f 3635/133/1203 3637/133/1203 3636/133/1203
f 3639/133/1204 3640/133/1204 3642/133/1204
f 3639/133/1204 3641/133/1204 3640/133/1204
f 3643/133/1205 3644/133/1205 3646/133/1205
f 3643/133/1205 3645/133/1205 3644/133/1205
f 3647/133/1206 3648/133/1206 3650/133/1206
f 3647/133/1206 3649/133/1206 3648/133/1206
f 3651/133/1207 3652/133/1207 3654/133/1207
f 3651/133/1208 3653/133/1208 3652/133/1208
f 3655/133/1209 3656/133/1209 3658/133/1209
f 3655/133/1209 3657/133/1209 3656/133/1209
f 3659/133/1210 3660/133/1210 3662/133/1210
f 3659/133/1210 3661/133/1210 3660/133/1210
f 3663/133/1211 3664/133/1211 3666/133/1211
f 3663/133/1211 3665/133/1211 3664/133/1211
f 3667/133/1212 3668/133/1212 3670/133/1212
f 3667/133/1212 3669/133/1212 3668/133/1212
f 3671/133/1213 3672/133/1213 3674/133/1213
f 3671/133/1213 3673/133/1213 3672/133/1213
f 3675/133/1214 3676/133/1214 3678/133/1214
f 3675/133/1214 3677/133/1214 3676/133/1214
f 3679/133/1215 3680/133/1215 3682/133/1215
f 3679/133/1215 3681/133/1215 3680/133/1215
f 3683/133/1216 3684/133/1216 3686/133/1216
f 3683/133/1216 3685/133/1216 3684/133/1216
f 3687/133/1217 3688/133/1217 3690/133/1217
f 3687/133/1217 3689/133/1217 3688/133/1217
f 3691/133/1218 3692/133/1218 3694/133/1218
f 3691/133/1218 3693/133/1218 3692/133/1218
f 3695/133/1219 3696/133/1219 3698/133/1219
f 3695/133/1219 3697/133/1219 3696/133/1219
f 3699/133/1220 3700/133/1220 3702/133/1220
f 3699/133/1220 3701/133/1220 3700/133/1220
f 3703/133/1221 3704/133/1221 3706/133/1221
f 3703/133/1221 3705/133/1221 3704/133/1221
f 3707/133/1222 3708/133/1222 3710/133/1222
f 3707/133/1222 3709/133/1222 3708/133/1222
f 3711/133/1223 3712/133/1223 3714/133/1223
f 3711/133/1223 3713/133/1223 3712/133/1223
f 3715/133/1224 3716/133/1224 3718/133/1224
f 3715/133/1224 3717/133/1224 3716/133/1224
f 3720/133/1225 3719/133/1225 3722/133/1225
f 3720/133/1225 3721/133/1225 3719/133/1225
f 3724/133/1226 3725/133/1226 3723/133/1226
f 3724/133/1226 3726/133/1226 3725/133/1226
s 1
f 3728/133/1227 3729/133/1228 3727/133/1229
f 3728/133/1227 3730/133/1230 3729/133/1228
f 3732/133/1231 3733/133/1232 3731/133/1231
f 3732/133/1231 3734/133/1231 3733/133/1232
f 3736/133/1233 3737/133/1234 3735/133/1235
f 3736/133/1233 3738/133/1233 3737/133/1234
s 0
f 3740/133/404 3741/133/404 3739/133/404
f 3740/133/404 3742/133/404 3741/133/404
f 3744/133/407 3745/133/407 3743/133/407
f 3744/133/407 3746/133/407 3745/133/407
f 3748/133/408 3749/133/408 3747/133/408
f 3748/133/408 3750/133/408 3749/133/408
f 3752/133/379 3753/133/379 3751/133/379
f 3752/133/379 3754/133/379 3753/133/379
f 3756/133/378 3757/133/378 3755/133/378
f 3756/133/378 3758/133/378 3757/133/378
f 3760/133/411 3761/133/411 3759/133/411
f 3760/133/665 3762/133/665 3761/133/665
f 3764/133/410 3765/133/410 3763/133/410
f 3764/133/410 3766/133/410 3765/133/410
f 3768/133/381 3769/133/381 3767/133/381
f 3768/133/381 3770/133/381 3769/133/381
f 3772/133/666 3773/133/666 3771/133/666
s 1
f 3772/133/666 3774/133/666 3773/133/666
s 0
f 3776/133/412 3777/133/412 3775/133/412
f 3776/133/412 3778/133/412 3777/133/412
f 3780/133/661 3781/133/661 3779/133/661
f 3780/133/661 3782/133/661 3781/133/661
f 3784/133/384 3785/133/384 3783/133/384
f 3784/133/384 3786/133/384 3785/133/384
s 1
f 3788/133/385 3789/133/385 3787/133/385
s 0
f 3788/133/385 3790/133/385 3789/133/385
f 3792/133/416 3793/133/416 3791/133/416
s 1
f 3792/133/416 3794/133/416 3793/133/416
s 0
f 3796/133/414 3797/133/414 3795/133/414
f 3796/133/414 3798/133/414 3797/133/414
f 3800/133/417 3801/133/417 3799/133/417
f 3800/133/417 3802/133/417 3801/133/417
f 3804/133/388 3805/133/388 3803/133/388
f 3804/133/388 3806/133/388 3805/133/388
f 3808/133/387 3809/133/387 3807/133/387
f 3808/133/387 3810/133/387 3809/133/387
f 3812/133/419 3813/133/419 3811/133/419
f 3812/133/667 3814/133/667 3813/133/667
f 3816/133/392 3817/133/392 3815/133/392
f 3816/133/392 3818/133/392 3817/133/392
f 3820/133/391 3821/133/391 3819/133/391
f 3820/133/391 3822/133/391 3821/133/391
f 3824/133/420 3825/133/420 3823/133/420
f 3824/133/420 3826/133/420 3825/133/420
f 3828/133/394 3829/133/394 3827/133/394
f 3828/133/394 3830/133/394 3829/133/394
f 3832/133/668 3833/133/668 3831/133/668
f 3832/133/395 3834/133/395 3833/133/395
s 1
f 3836/133/1236 3837/133/1237 3835/133/1238
f 3836/133/1236 3838/133/1239 3837/133/1237
f 3840/133/1240 3841/133/1240 3839/133/1241
f 3840/133/1240 3842/133/1240 3841/133/1240
f 3844/133/1242 3845/133/1242 3843/133/1243
f 3844/133/1242 3846/133/1244 3845/133/1242
f 3850/1227/1245 3855/1228/1246 3849/1229/1247
f 3852/1230/1248 3850/1227/1245 3851/1231/1249
f 3852/1230/1248 3855/1228/1246 3850/1227/1245
f 3848/1232/1250 3849/1229/1247 3854/1233/1251
f 3855/1228/1246 3854/1233/1251 3849/1229/1247
f 3848/1232/1250 3853/1234/1252 3847/1235/1253
f 3854/1233/1251 3853/1234/1252 3848/1232/1250
f 3853/1234/1252 3856/1236/1254 3857/1237/1255
f 3857/1237/1255 3847/1235/1253 3853/1234/1252
f 3858/1238/1256 3868/1239/1257 3859/1240/1258
f 3858/1238/1256 3859/1240/1258 3860/1241/1259
f 3860/1241/1259 3859/1240/1258 3864/1242/1260
f 3860/1241/1259 3864/1242/1260 3861/1243/1261
f 3862/1244/1262 3861/1243/1261 3864/1242/1260
f 3862/1244/1262 3864/1242/1260 3863/1245/1263
f 3865/1246/1264 3862/1244/1262 3863/1245/1263
f 3865/1246/1264 3866/1247/1265 3867/1248/1266
f 3865/1246/1264 3867/1248/1266 3862/1244/1262
f 3869/1249/1267 3868/1239/1257 3858/1238/1256
f 3869/1249/1267 3870/1250/1268 3868/1239/1257
f 3871/1251/1269 3875/1252/1270 3872/1253/1271
f 3872/1253/1271 3875/1252/1270 3880/1254/1272
f 3873/1255/1273 3877/1256/1274 3874/1257/1275
f 3873/1255/1273 3876/1258/1276 3877/1256/1274
f 3879/1259/1277 3872/1253/1271 3878/1260/1278
f 3872/1253/1271 3880/1254/1272 3878/1260/1278
f 3874/1257/1275 3878/1260/1278 3880/1254/1272
f 3877/1256/1274 3878/1260/1278 3874/1257/1275
f 3871/1251/1269 3872/1253/1271 3881/1261/1279
f 3890/1262/1280 3888/1263/1281 3885/1264/1282
f 3885/1264/1282 3887/1265/1283 3884/1266/1284
f 3884/1266/1284 3886/1267/1285 3883/1268/1286
f 3883/1268/1286 3891/1269/1287 3882/1270/1288
f 3883/1268/1286 3886/1267/1285 3891/1269/1287
f 3888/1263/1281 3887/1265/1283 3885/1264/1282
f 3890/1262/1280 3889/1271/1289 3888/1263/1281
f 3886/1267/1285 3884/1266/1284 3887/1265/1283
f 3892/1272/1290 3893/1273/1291 3894/1274/1292
f 3896/1275/1293 3894/1274/1292 3893/1273/1291
f 3896/1275/1293 3893/1273/1291 3895/1276/1294
f 3896/1275/1293 3895/1276/1294 3897/1277/1295
f 3896/1275/1293 3897/1277/1295 3898/1278/1296
f 3899/1279/1297 3898/1278/1296 3897/1277/1295
f 3900/1280/1298 3895/1276/1294 3906/1281/1299
f 3900/1280/1298 3897/1277/1295 3895/1276/1294
f 3900/1280/1298 3902/1282/1300 3901/1283/1301
f 3906/1281/1299 3903/1284/1302 3902/1282/1300
f 3900/1280/1298 3906/1281/1299 3902/1282/1300
f 3906/1281/1299 3904/1285/1303 3903/1284/1302
f 3904/1285/1303 3905/1286/1304 3893/1273/1291
f 3904/1285/1303 3893/1273/1291 3892/1272/1290
f 3906/1281/1299 3905/1286/1304 3904/1285/1303
f 3907/1287/1305 3909/1288/1306 3910/1289/1307
f 3907/1287/1305 3910/1289/1307 3908/1290/1308
f 3911/1291/1309 3910/1289/1307 3914/1292/1310
f 3909/1288/1306 3914/1292/1310 3910/1289/1307
f 3912/1293/1311 3913/1294/1312 3911/1291/1309
f 3911/1291/1309 3914/1292/1310 3912/1293/1311
s 0
f 3915/1295/1313 3918/1296/1313 3916/1297/1313
s 1
f 3915/1295/1314 3917/1298/1315 3918/1296/1316
s 0
f 3916/1297/1317 3918/1296/1317 3919/1299/1317
f 3916/1297/1318 3919/1299/1318 3920/1300/1318
s 1
f 3920/1300/1319 3921/1301/1320 3916/1297/1321
f 3923/1302/1322 3924/1303/1323 3925/1304/1324
f 3923/1302/1322 3922/1305/1325 3924/1303/1323
f 3925/1304/1324 3927/1306/1326 3926/1307/1327
f 3925/1304/1324 3924/1303/1323 3927/1306/1326
f 3930/1308/1328 3929/1309/1329 3928/1310/1330
f 3930/1308/1328 3932/1311/1331 3929/1309/1329
f 3931/1312/1332 3932/1311/1331 3930/1308/1328
f 3933/1313/1333 3934/1314/1334 3935/1315/1335
f 3936/1316/1336 3938/1317/1337 3937/1318/1338
f 3936/1316/1336 3939/1319/1339 3938/1317/1337
f 3941/133/1340 3940/133/1341 3965/133/1342
f 3965/133/1342 3940/133/1341 3964/133/1343
f 3940/133/1341 3942/133/1344 3964/133/1343
f 3964/133/1343 3942/133/1344 3943/133/1345
f 3945/133/1346 4022/133/1347 3946/133/1348
f 3947/133/1349 4017/133/1350 3948/133/1351
f 3952/133/1352 3953/133/1353 4082/133/1354
f 3953/133/1353 4014/133/1355 3951/133/1356
f 3954/133/1357 3958/133/1358 3957/133/1359
f 4014/133/1355 3958/133/1358 3954/133/1357
f 3957/133/1359 3956/133/1360 3955/133/1361
f 3958/133/1358 3959/133/1362 3957/133/1359
f 3957/133/1359 3959/133/1362 3956/133/1360
f 3956/133/1360 3960/133/1363 3955/133/1361
f 3961/133/1364 4070/133/1365 3960/133/1363
f 3969/133/1366 4065/133/1367 4087/133/1368
f 3968/133/1369 4065/133/1367 3969/133/1366
f 3993/133/1370 4061/133/1371 4062/133/1372
f 3974/133/1373 4061/133/1371 3993/133/1370
f 3974/133/1373 4060/133/1374 4061/133/1371
f 3975/133/1375 4060/133/1374 3974/133/1373
f 3975/133/1375 4059/133/1376 4060/133/1374
f 4058/133/1377 4059/133/1376 3975/133/1375
f 3976/133/1378 4057/133/1379 4058/133/1377
f 3962/133/1380 4057/133/1379 3976/133/1378
f 3967/133/1381 3944/133/1382 3962/133/1380
f 3966/133/1383 3944/133/1382 3967/133/1381
f 3966/133/1383 3943/133/1345 3944/133/1382
f 3963/133/1384 3943/133/1345 3966/133/1383
f 3963/133/1384 3964/133/1343 3943/133/1345
f 3965/133/1342 3964/133/1343 3963/133/1384
f 3977/133/1385 3965/133/1342 3963/133/1384
f 4055/133/1386 3965/133/1342 3977/133/1385
f 3977/133/1385 3963/133/1384 3966/133/1383
f 3967/133/1381 3962/133/1380 3991/133/1387
f 3991/133/1387 3962/133/1380 3976/133/1378
f 3993/133/1370 4062/133/1372 3995/133/1388
f 3995/133/1388 4062/133/1372 4076/133/1389
f 3995/133/1388 4076/133/1389 3973/133/1390
f 3973/133/1390 4076/133/1389 4063/133/1391
f 3973/133/1390 4063/133/1391 3994/133/1392
f 3994/133/1392 4063/133/1391 4064/133/1393
f 3994/133/1392 4064/133/1393 3972/133/1394
f 3972/133/1394 4064/133/1393 3968/133/1369
f 3969/133/1366 4087/133/1368 3970/133/1395
f 3970/133/1395 4087/133/1368 3961/133/1364
f 3970/133/1395 3961/133/1364 3960/133/1363
f 3959/133/1362 3960/133/1363 3956/133/1360
f 3958/133/1358 3970/133/1395 3959/133/1362
f 3959/133/1362 3970/133/1395 3960/133/1363
f 3971/133/1396 3969/133/1366 3958/133/1358
f 3958/133/1358 3969/133/1366 3970/133/1395
f 4011/133/1397 3972/133/1394 3971/133/1396
f 3972/133/1394 3968/133/1369 3971/133/1396
f 3971/133/1396 3968/133/1369 3969/133/1366
f 3996/133/1398 3974/133/1373 3993/133/1370
f 3975/133/1375 3974/133/1373 3996/133/1398
f 3976/133/1378 4058/133/1377 3992/133/1399
f 3992/133/1399 4058/133/1377 3975/133/1375
f 3990/133/1400 3967/133/1381 3991/133/1387
f 3989/133/1401 3967/133/1381 3990/133/1400
f 3977/133/1385 3966/133/1383 3989/133/1401
f 3989/133/1401 3966/133/1383 3967/133/1381
f 3978/133/1402 3977/133/1385 3988/133/1403
f 3987/133/1404 3978/133/1402 4041/133/1405
f 3987/133/1404 3979/133/1406 3978/133/1402
f 3980/133/1407 4030/133/1408 3987/133/1404
f 3982/133/1409 3986/133/1410 3983/133/1411
f 3983/133/1411 3986/133/1410 4035/133/1412
f 3981/133/1413 3986/133/1410 3982/133/1409
f 4035/133/1412 3980/133/1407 3984/133/1414
f 3986/133/1410 3980/133/1407 4035/133/1412
f 3980/133/1407 3987/133/1404 3984/133/1414
f 4041/133/1405 3978/133/1402 3988/133/1403
f 4041/133/1405 3988/133/1403 4040/133/1415
f 3988/133/1403 3989/133/1401 3998/133/1416
f 3989/133/1401 3990/133/1400 3998/133/1416
f 3990/133/1400 3991/133/1387 3997/133/1417
f 3991/133/1387 3976/133/1378 3997/133/1417
f 3997/133/1417 3976/133/1378 3992/133/1399
f 3992/133/1399 3975/133/1375 4004/133/1418
f 4004/133/1418 3975/133/1375 3996/133/1398
f 3996/133/1398 3993/133/1370 4007/133/1419
f 4007/133/1419 3993/133/1370 3995/133/1388
f 3995/133/1388 3973/133/1390 4009/133/1420
f 4009/133/1420 3973/133/1390 3994/133/1392
f 4009/133/1420 3994/133/1392 3972/133/1394
f 4009/133/1420 3972/133/1394 4011/133/1397
f 4008/133/1421 3995/133/1388 4009/133/1420
f 4007/133/1419 3995/133/1388 4008/133/1421
f 3997/133/1417 3992/133/1399 4003/133/1422
f 4003/133/1422 3992/133/1399 4004/133/1418
f 4000/133/1423 3990/133/1400 3997/133/1417
f 3998/133/1416 3990/133/1400 4000/133/1423
f 4039/133/1424 3998/133/1416 3999/133/1425
f 3999/133/1425 4000/133/1423 4001/133/1426
f 4002/133/1427 3997/133/1417 4003/133/1422
f 4000/133/1423 3997/133/1417 4002/133/1427
f 4003/133/1422 4004/133/1418 4005/133/1428
f 4005/133/1428 4004/133/1418 4006/133/1429
f 4006/133/1429 4007/133/1419 4008/133/1421
f 4010/133/1430 4009/133/1420 4011/133/1397
f 4008/133/1421 4009/133/1420 4010/133/1430
f 4012/133/1431 4011/133/1397 4013/133/1432
f 4012/133/1431 4013/133/1432 4014/133/1355
f 4014/133/1355 4013/133/1432 3958/133/1358
f 4011/133/1397 3971/133/1396 4013/133/1432
f 4013/133/1432 3971/133/1396 3958/133/1358
f 3953/133/1353 4012/133/1431 4014/133/1355
f 4015/133/1433 4012/133/1431 3953/133/1353
f 3952/133/1352 4015/133/1433 3953/133/1353
f 4016/133/1434 4015/133/1433 3952/133/1352
f 3949/133/1435 4044/133/1436 4016/133/1434
f 3950/133/1437 4016/133/1434 3952/133/1352
f 3949/133/1435 4016/133/1434 3950/133/1437
f 4017/133/1350 4044/133/1436 3949/133/1435
f 4022/133/1347 4047/133/1438 4046/133/1439
f 4021/133/1440 4048/133/1441 4022/133/1347
f 4018/133/1442 4049/133/1443 4021/133/1440
f 4037/133/1444 4049/133/1443 4018/133/1442
f 3942/133/1344 4037/133/1444 4018/133/1442
f 4019/133/1445 4037/133/1444 3942/133/1344
f 3940/133/1341 4019/133/1445 3942/133/1344
f 4020/133/1446 3942/133/1344 4018/133/1442
f 4018/133/1442 4021/133/1440 4020/133/1446
f 4020/133/1446 4021/133/1440 4022/133/1347
f 3944/133/1382 4020/133/1446 3945/133/1346
f 4020/133/1446 4022/133/1347 3945/133/1346
f 3943/133/1345 4020/133/1446 3944/133/1382
f 3942/133/1344 4020/133/1446 3943/133/1345
f 3941/133/1340 4053/133/1447 3940/133/1341
f 4023/133/1448 4053/133/1447 3941/133/1340
f 4056/133/1449 4024/133/1450 4023/133/1448
f 4025/133/1451 4024/133/1450 4056/133/1449
f 4027/133/1452 4029/133/1453 4026/133/1454
f 4031/133/1455 4029/133/1453 4027/133/1452
f 4031/133/1455 4027/133/1452 4030/133/1408
f 4027/133/1452 4028/133/1456 4030/133/1408
f 4031/133/1455 4030/133/1408 3982/133/1409
f 3982/133/1409 4030/133/1408 3981/133/1413
f 3982/133/1409 4032/133/1457 4031/133/1455
f 4030/133/1408 3980/133/1407 3981/133/1413
f 3982/133/1409 3983/133/1411 4032/133/1457
f 4032/133/1457 3983/133/1411 4033/133/1458
f 4032/133/1457 4033/133/1458 4052/133/1459
f 4033/133/1458 4034/133/1460 4050/133/1461
f 4033/133/1458 4035/133/1412 4034/133/1460
f 3983/133/1411 4035/133/1412 4033/133/1458
f 4035/133/1412 3985/133/1462 4034/133/1460
f 4035/133/1412 3984/133/1414 3985/133/1462
f 4034/133/1460 3985/133/1462 4036/133/1463
f 4034/133/1460 4036/133/1463 4037/133/1444
f 4037/133/1444 4036/133/1463 4039/133/1424
f 4049/133/1443 4039/133/1424 4038/133/1464
f 4039/133/1424 3999/133/1425 4038/133/1464
f 4038/133/1464 3999/133/1425 4001/133/1426
f 4036/133/1463 3998/133/1416 4039/133/1424
f 4036/133/1463 4040/133/1415 3998/133/1416
f 4040/133/1415 3988/133/1403 3998/133/1416
f 3985/133/1462 4041/133/1405 4036/133/1463
f 4036/133/1463 4041/133/1405 4040/133/1415
f 4001/133/1426 4000/133/1423 4002/133/1427
f 4042/133/1465 4003/133/1422 4005/133/1428
f 4002/133/1427 4003/133/1422 4042/133/1465
f 4005/133/1428 4006/133/1429 4043/133/1466
f 4043/133/1466 4006/133/1429 4008/133/1421
f 4044/133/1436 4008/133/1421 4010/133/1430
f 4010/133/1430 4011/133/1397 4015/133/1433
f 4016/133/1434 4010/133/1430 4015/133/1433
f 4044/133/1436 4010/133/1430 4016/133/1434
f 4043/133/1466 4044/133/1436 4017/133/1350
f 4045/133/1467 4043/133/1466 4017/133/1350
f 4045/133/1467 4005/133/1428 4043/133/1466
f 4046/133/1439 4005/133/1428 4045/133/1467
f 4046/133/1439 4042/133/1465 4005/133/1428
f 4047/133/1438 4042/133/1465 4046/133/1439
f 4022/133/1347 4001/133/1426 4047/133/1438
f 4048/133/1441 4001/133/1426 4022/133/1347
f 4021/133/1440 4038/133/1464 4048/133/1441
f 4049/133/1443 4038/133/1464 4021/133/1440
f 4037/133/1444 4039/133/1424 4049/133/1443
f 4050/133/1461 4034/133/1460 4037/133/1444
f 4052/133/1459 4033/133/1458 4050/133/1461
f 4029/133/1453 4032/133/1457 4051/133/1468
f 4051/133/1468 4032/133/1457 4052/133/1459
f 4029/133/1453 4031/133/1455 4032/133/1457
f 4052/133/1459 4050/133/1461 4053/133/1447
f 4053/133/1447 4050/133/1461 4019/133/1445
f 4053/133/1447 4019/133/1445 3940/133/1341
f 4024/133/1450 4052/133/1459 4053/133/1447
f 4051/133/1468 4052/133/1459 4024/133/1450
f 4026/133/1454 4051/133/1468 4025/133/1451
f 4025/133/1451 4051/133/1468 4024/133/1450
f 4026/133/1454 4029/133/1453 4051/133/1468
f 4024/133/1450 4053/133/1447 4023/133/1448
f 4050/133/1461 4037/133/1444 4019/133/1445
f 4038/133/1464 4001/133/1426 4048/133/1441
f 4001/133/1426 4002/133/1427 4047/133/1438
f 4047/133/1438 4002/133/1427 4042/133/1465
f 4043/133/1466 4008/133/1421 4044/133/1436
f 4030/133/1408 3979/133/1406 3987/133/1404
f 4030/133/1408 4054/133/1469 3979/133/1406
f 4030/133/1408 4028/133/1456 4054/133/1469
f 4054/133/1469 4055/133/1386 3979/133/1406
f 3979/133/1406 4055/133/1386 3978/133/1402
f 3978/133/1402 4055/133/1386 3977/133/1385
f 4055/133/1386 4023/133/1448 3965/133/1342
f 4056/133/1449 4023/133/1448 4055/133/1386
f 4054/133/1469 4056/133/1449 4055/133/1386
f 4054/133/1469 4025/133/1451 4056/133/1449
f 4028/133/1456 4025/133/1451 4054/133/1469
f 4028/133/1456 4026/133/1454 4025/133/1451
f 4023/133/1448 3941/133/1340 3965/133/1342
f 4027/133/1452 4026/133/1454 4028/133/1456
f 3946/133/1348 4046/133/1439 4045/133/1467
f 4022/133/1347 4046/133/1439 3946/133/1348
f 3947/133/1349 4045/133/1467 4017/133/1350
f 3946/133/1348 4045/133/1467 3947/133/1349
f 3948/133/1351 4017/133/1350 3949/133/1435
f 4015/133/1433 4011/133/1397 4012/133/1431
f 4004/133/1418 3996/133/1398 4006/133/1429
f 4006/133/1429 3996/133/1398 4007/133/1419
f 3999/133/1425 3998/133/1416 4000/133/1423
f 3988/133/1403 3977/133/1385 3989/133/1401
f 3985/133/1462 3987/133/1404 4041/133/1405
f 3984/133/1414 3987/133/1404 3985/133/1462
f 3981/133/1413 3980/133/1407 3986/133/1410
f 4057/133/1379 3946/133/1348 4077/133/1470
f 3962/133/1380 3946/133/1348 4057/133/1379
f 4057/133/1379 4077/133/1470 4058/133/1377
f 4058/133/1377 4077/133/1470 4059/133/1376
f 4059/133/1376 4077/133/1470 4078/133/1471
f 4059/133/1376 4078/133/1471 4060/133/1374
f 4060/133/1374 4078/133/1471 4079/133/1472
f 4060/133/1374 4079/133/1472 4061/133/1371
f 4061/133/1371 4079/133/1472 4062/133/1372
f 4076/133/1389 4075/133/1473 4063/133/1391
f 4063/133/1391 4075/133/1473 4081/133/1474
f 4063/133/1391 4081/133/1474 4064/133/1393
f 4064/133/1393 4081/133/1474 4074/133/1475
f 4064/133/1393 4074/133/1475 3968/133/1369
f 3968/133/1369 4074/133/1475 4065/133/1367
f 4065/133/1367 4073/133/1476 4066/133/1477
f 4074/133/1475 4073/133/1476 4065/133/1367
f 4066/133/1477 4071/133/1478 4068/133/1479
f 4073/133/1476 4071/133/1478 4066/133/1477
f 4068/133/1479 4069/133/1480 4067/133/1481
f 4068/133/1479 4084/133/1482 4069/133/1480
f 4071/133/1478 4084/133/1482 4068/133/1479
f 4067/133/1481 4069/133/1480 4070/133/1365
f 3955/133/1361 4070/133/1365 4069/133/1480
f 4085/133/1483 3955/133/1361 4069/133/1480
f 4071/133/1478 4086/133/1484 4084/133/1482
f 4084/133/1482 4085/133/1483 4069/133/1480
f 4073/133/1476 4072/133/1485 4071/133/1478
f 4083/133/1486 4072/133/1485 4073/133/1476
f 4081/133/1474 4083/133/1486 4074/133/1475
f 4074/133/1475 4083/133/1486 4073/133/1476
f 4076/133/1389 4080/133/1487 4075/133/1473
f 4079/133/1472 4080/133/1487 4076/133/1389
f 4062/133/1372 4079/133/1472 4076/133/1389
f 3962/133/1380 3945/133/1346 3946/133/1348
f 3944/133/1382 3945/133/1346 3962/133/1380
f 4077/133/1470 3946/133/1348 3947/133/1349
f 4078/133/1471 3947/133/1349 3948/133/1351
f 4077/133/1470 3947/133/1349 4078/133/1471
f 4078/133/1471 3948/133/1351 4079/133/1472
f 3948/133/1351 3949/133/1435 4079/133/1472
f 4079/133/1472 3949/133/1435 4080/133/1487
f 4080/133/1487 4082/133/1354 4081/133/1474
f 4081/133/1474 4082/133/1354 4083/133/1486
f 4082/133/1354 3951/133/1356 4083/133/1486
f 4083/133/1486 3951/133/1356 4072/133/1485
f 4072/133/1485 4086/133/1484 4071/133/1478
f 4072/133/1485 3954/133/1357 4086/133/1484
f 3951/133/1356 3954/133/1357 4072/133/1485
f 4086/133/1484 4085/133/1483 4084/133/1482
f 3957/133/1359 3955/133/1361 4085/133/1483
f 3960/133/1363 4070/133/1365 3955/133/1361
f 4088/133/1488 4067/133/1481 4070/133/1365
f 3961/133/1364 4088/133/1488 4070/133/1365
f 4087/133/1368 4088/133/1488 3961/133/1364
f 4087/133/1368 4066/133/1477 4088/133/1488
f 4065/133/1367 4066/133/1477 4087/133/1368
f 4088/133/1488 4068/133/1479 4067/133/1481
f 4066/133/1477 4068/133/1479 4088/133/1488
f 4086/133/1484 3957/133/1359 4085/133/1483
f 3954/133/1357 3957/133/1359 4086/133/1484
f 3951/133/1356 4014/133/1355 3954/133/1357
f 4082/133/1354 3953/133/1353 3951/133/1356
f 4080/133/1487 3950/133/1437 3952/133/1352
f 4080/133/1487 3952/133/1352 4082/133/1354
f 4075/133/1473 4080/133/1487 4081/133/1474
f 3949/133/1435 3950/133/1437 4080/133/1487
f 4091/1320/1489 4089/1321/1490 4092/1322/1491
f 4093/1323/1492 4092/1322/1491 4094/1324/1493
f 4100/1325/1494 4097/1326/1495 4095/1327/1496
f 4096/1328/1497 4095/1327/1496 4097/1326/1495
f 4092/1322/1491 4098/1329/1498 4094/1324/1493
f 4090/1330/1499 4099/1331/1500 4098/1329/1498
f 4090/1330/1499 4098/1329/1498 4089/1321/1490
f 4092/1322/1491 4089/1321/1490 4098/1329/1498
f 4094/1324/1493 4098/1329/1498 4097/1326/1495
f 4094/1324/1493 4097/1326/1495 4100/1325/1494
f 4102/1332/1501 4101/1333/1502 4100/1325/1494
f 4100/1325/1494 4095/1327/1496 4103/1334/1503
f 4102/1332/1501 4100/1325/1494 4103/1334/1503
f 4104/1335/1504 4103/1334/1503 4095/1327/1496
f 4107/1336/1505 4106/1337/1506 4105/1338/1507
f 4107/1336/1505 4108/1339/1508 4106/1337/1506
f 4105/1338/1507 4106/1337/1506 4109/1340/1509
f 4105/1338/1507 4109/1340/1509 4110/1341/1510
f 4112/1342/1511 4111/1343/1512 4113/1344/1513
f 4113/1344/1513 4111/1343/1512 4115/1345/1514
f 4114/1346/1515 4115/1345/1514 4111/1343/1512
f 4116/1347/1516 4117/1348/1517 4115/1345/1514
f 4118/1349/1518 4121/1350/1519 4117/1348/1517
f 4119/1351/1520 4123/1352/1521 4120/1353/1522
f 4123/1352/1521 4121/1350/1519 4120/1353/1522
f 4122/1354/1523 4120/1353/1522 4121/1350/1519
f 4124/1355/1524 4125/1356/1525 4123/1352/1521
f 4126/1357/1526 4113/1344/1513 4125/1356/1525
f 4113/1344/1513 4115/1345/1514 4125/1356/1525
f 4125/1356/1525 4115/1345/1514 4117/1348/1517
f 4125/1356/1525 4117/1348/1517 4123/1352/1521
f 4123/1352/1521 4117/1348/1517 4121/1350/1519
f 4130/1358/1527 4127/1359/1528 4128/1360/1529
f 4128/1360/1529 4127/1359/1528 4129/1361/1530
f 4130/1358/1527 4131/1362/1531 4127/1359/1528
f 4132/1363/1532 4133/1364/1533 4134/1365/1534
f 4134/1365/1534 4133/1364/1533 4135/1366/1535
f 4134/1365/1534 4135/1366/1535 4136/1367/1536
f 4136/1367/1536 4135/1366/1535 4137/1368/1537
f 4136/1367/1536 4139/1369/1538 4138/1370/1539
f 4136/1367/1536 4137/1368/1537 4139/1369/1538
f 4140/1371/1540 4137/1368/1537 4135/1366/1535
f 4142/1372/1541 4141/1373/1542 4143/1374/1543
f 4143/1374/1543 4141/1373/1542 4144/1375/1544
f 4146/1376/1545 4144/1375/1544 4145/1377/1546
f 4143/1374/1543 4144/1375/1544 4146/1376/1545
f 4147/1378/1547 4149/1379/1548 4148/1380/1549
f 4147/1378/1547 4145/1377/1546 4149/1379/1548
f 4146/1376/1545 4145/1377/1546 4147/1378/1547
f 4150/1381/1550 4152/1382/1551 4153/1383/1552
f 4150/1381/1550 4153/1383/1552 4154/1384/1553
f 4154/1384/1553 4153/1383/1552 4155/1385/1554
f 4154/1384/1553 4155/1385/1554 4156/1386/1555
f 4150/1381/1550 4151/1387/1556 4152/1382/1551
f 4158/1388/1557 4157/1389/1558 4159/1390/1559
f 4159/1390/1559 4157/1389/1558 4160/1391/1560
f 4159/1390/1559 4160/1391/1560 4161/1392/1561
f 4161/1392/1561 4160/1391/1560 4162/1393/1562
f 4162/1393/1562 4160/1391/1560 4163/1394/1563
f 4164/1395/1564 4165/1396/1565 4166/1397/1566
f 4166/1397/1566 4165/1396/1565 4167/1398/1567
f 4166/1397/1566 4167/1398/1567 4168/1399/1568
f 4168/1399/1568 4167/1398/1567 4169/1400/1569
f 4169/1400/1569 4167/1398/1567 4170/1401/1570
f 4172/1402/1571 4171/1403/1572 4173/1404/1573
f 4173/1404/1573 4171/1403/1572 4174/1405/1574
f 4173/1404/1573 4174/1405/1574 4175/1406/1575
f 4173/1404/1573 4175/1406/1575 4176/1407/1576
f 4176/1407/1576 4175/1406/1575 4177/1408/1577
f 4176/1407/1576 4177/1408/1577 4178/1409/1578
f 4181/1410/1579 4179/1411/1490 4182/1412/1491
f 4183/1413/1492 4182/1412/1491 4184/1414/1493
f 4190/1415/1494 4187/1416/1495 4185/1417/1496
f 4186/1418/1580 4185/1417/1496 4187/1416/1495
f 4182/1412/1491 4188/1419/1498 4184/1414/1493
f 4180/1420/1499 4189/1421/1500 4188/1419/1498
f 4180/1420/1499 4188/1419/1498 4179/1411/1490
f 4182/1412/1491 4179/1411/1490 4188/1419/1498
f 4184/1414/1493 4188/1419/1498 4187/1416/1495
f 4184/1414/1493 4187/1416/1495 4190/1415/1494
f 4192/1422/1581 4191/1423/1502 4190/1415/1494
f 4190/1415/1494 4185/1417/1496 4193/1424/1503
f 4192/1422/1581 4190/1415/1494 4193/1424/1503
f 4194/1425/1504 4193/1424/1503 4185/1417/1496
f 4199/1426/1505 4196/1427/1582 4195/1428/1507
f 4195/1428/1507 4196/1427/1582 4197/1429/1509
f 4195/1428/1507 4197/1429/1509 4198/1430/1510
f 4199/1426/1505 4200/1431/1583 4196/1427/1582
f 4202/1432/1511 4201/1433/1512 4203/1434/1513
f 4203/1434/1513 4201/1433/1512 4205/1435/1514
f 4204/1436/1584 4205/1435/1514 4201/1433/1512
f 4206/1437/1516 4207/1438/1517 4205/1435/1514
f 4208/1439/1585 4209/1440/1519 4207/1438/1517
f 4210/1441/1586 4213/1442/1521 4211/1443/1522
f 4213/1442/1521 4209/1440/1519 4211/1443/1522
f 4212/1444/1587 4211/1443/1522 4209/1440/1519
f 4214/1445/1588 4215/1446/1589 4213/1442/1521
f 4215/1446/1589 4207/1438/1517 4213/1442/1521
f 4213/1442/1521 4207/1438/1517 4209/1440/1519
f 4216/1447/1526 4203/1434/1513 4215/1446/1589
f 4203/1434/1513 4205/1435/1514 4215/1446/1589
f 4215/1446/1589 4205/1435/1514 4207/1438/1517
f 4220/1448/1527 4217/1449/1528 4218/1450/1529
f 4218/1450/1529 4217/1449/1528 4219/1451/1530
f 4220/1448/1527 4221/1452/1590 4217/1449/1528
f 4222/1453/1532 4223/1454/1591 4224/1455/1534
f 4224/1455/1534 4223/1454/1591 4225/1456/1535
f 4224/1455/1534 4225/1456/1535 4226/1457/1536
f 4226/1457/1536 4225/1456/1535 4227/1458/1537
f 4226/1457/1536 4229/1459/1592 4228/1460/1539
f 4226/1457/1536 4227/1458/1537 4229/1459/1592
f 4230/1461/1540 4227/1458/1537 4225/1456/1535
f 4232/1462/1541 4231/1463/1542 4233/1464/1543
f 4233/1464/1543 4231/1463/1542 4234/1465/1544
f 4236/1466/1545 4234/1465/1544 4235/1467/1546
f 4233/1464/1543 4234/1465/1544 4236/1466/1545
f 4237/1468/1547 4239/1469/1548 4238/1470/1593
f 4237/1468/1547 4235/1467/1546 4239/1469/1548
f 4236/1466/1545 4235/1467/1546 4237/1468/1547
f 4240/1471/1550 4242/1472/1551 4243/1473/1552
f 4240/1471/1550 4243/1473/1552 4244/1474/1553
f 4244/1474/1553 4243/1473/1552 4245/1475/1554
f 4244/1474/1553 4245/1475/1554 4246/1476/1594
f 4240/1471/1550 4241/1477/1595 4242/1472/1551
f 4248/1478/1596 4247/1479/1558 4249/1480/1559
f 4249/1480/1559 4247/1479/1558 4250/1481/1560
f 4249/1480/1559 4250/1481/1560 4251/1482/1561
f 4251/1482/1561 4250/1481/1560 4252/1483/1597
f 4252/1483/1597 4250/1481/1560 4253/1484/1563
f 4254/1485/1564 4255/1486/1565 4256/1487/1566
f 4256/1487/1566 4255/1486/1565 4257/1488/1567
f 4256/1487/1566 4257/1488/1567 4258/1489/1568
f 4258/1489/1568 4257/1488/1567 4259/1490/1598
f 4259/1490/1598 4257/1488/1567 4260/1491/1570
f 4262/1492/1599 4261/1493/1572 4263/1494/1600
f 4263/1494/1600 4261/1493/1572 4264/1495/1574
f 4263/1494/1600 4264/1495/1574 4265/1496/1575
f 4263/1494/1600 4265/1496/1575 4266/1497/1576
f 4266/1497/1576 4265/1496/1575 4267/1498/1577
f 4266/1497/1576 4267/1498/1577 4268/1499/1601
s 0
f 4271/133/1602 4270/133/1602 4269/133/1602
f 4272/133/1602 4270/133/1602 4271/133/1602
f 4270/133/1602 4272/133/1602 4273/133/1602
f 4273/133/1602 4272/133/1602 4275/133/1602
f 4273/133/1602 4277/133/1602 4274/133/1602
f 4273/133/1602 4275/133/1602 4276/133/1602
f 4273/133/1602 4276/133/1602 4277/133/1602
f 4273/133/1602 4274/133/1602 4278/133/1602
f 4280/1500/1603 4281/1501/1603 4279/1502/1603
f 4280/1500/1603 4282/1503/1603 4281/1501/1603
f 4284/1501/1604 4283/1502/1604 4285/1504/1604
f 4284/1501/1604 4285/1504/1604 4286/1505/1604
f 4287/1502/1605 4288/1506/1605 4290/1507/1605
f 4287/1502/1605 4289/1501/1605 4288/1506/1605
s 1
f 4292/1508/1606 4291/1509/1607 4294/1510/1608
f 4292/1508/1606 4294/1510/1608 4293/1511/1609
f 4322/1512/1610 4297/1513/1611 4296/1514/1612
f 4322/1512/1610 4298/1515/1613 4297/1513/1611
f 4298/1515/1613 4299/1516/1614 4297/1513/1611
f 4298/1515/1613 4300/1517/1615 4299/1516/1614
f 4300/1517/1615 4321/1518/1616 4299/1516/1614
f 4300/1517/1615 4301/1519/1617 4321/1518/1616
f 4301/1519/1617 4320/1520/1618 4321/1518/1616
f 4301/1519/1617 4302/1521/1619 4320/1520/1618
f 4302/1521/1619 4319/1522/1620 4320/1520/1618
f 4302/1521/1619 4303/1523/1621 4319/1522/1620
f 4303/1523/1621 4318/1524/1622 4319/1522/1620
f 4303/1523/1621 4316/1525/1623 4318/1524/1622
f 4303/1523/1621 4304/1526/1624 4316/1525/1623
f 4304/1526/1624 4315/1527/1625 4316/1525/1623
f 4304/1526/1624 4305/1528/1626 4315/1527/1625
f 4305/1528/1626 4314/1529/1627 4315/1527/1625
f 4305/1528/1626 4306/1530/1628 4314/1529/1627
f 4306/1530/1628 4313/1531/1629 4314/1529/1627
f 4306/1530/1628 4307/1532/1630 4313/1531/1629
f 4307/1532/1630 4308/1533/1631 4313/1531/1629
f 4308/1533/1631 4312/1534/1632 4313/1531/1629
f 4308/1533/1631 4309/1535/1633 4312/1534/1632
f 4309/1535/1633 4310/1536/1634 4312/1534/1632
f 4312/1534/1632 4310/1536/1634 4311/1537/1635
f 4309/1535/1633 4317/1538/1636 4310/1536/1634
f 4317/1538/1636 4293/1511/1609 4310/1536/1634
f 4317/1538/1636 4292/1508/1606 4293/1511/1609
f 4323/1539/1637 4322/1512/1610 4296/1514/1612
f 4323/1539/1637 4296/1514/1612 4295/1540/1638
f 4291/1509/1607 4323/1539/1637 4295/1540/1638
f 4291/1509/1607 4295/1540/1638 4294/1510/1608
f 4324/1541/1639 4350/1542/1640 4349/1543/1641
f 4324/1541/1639 4325/1544/1642 4350/1542/1640
f 4325/1544/1642 4351/1545/1643 4350/1542/1640
f 4325/1544/1642 4326/1546/1644 4351/1545/1643
f 4326/1546/1644 4352/1547/1645 4351/1545/1643
f 4326/1546/1644 4327/1548/1646 4352/1547/1645
f 4327/1548/1646 4353/1549/1647 4352/1547/1645
f 4327/1548/1646 4328/1550/1648 4353/1549/1647
f 4328/1550/1648 4329/1551/1649 4353/1549/1647
f 4329/1551/1649 4354/1552/1650 4353/1549/1647
f 4329/1551/1649 4330/1553/1651 4354/1552/1650
f 4330/1553/1651 4334/1554/1652 4332/1555/1653
f 4330/1553/1651 4332/1555/1653 4354/1552/1650
f 4331/1556/1654 4354/1552/1650 4332/1555/1653
f 4334/1554/1652 4333/1557/1655 4332/1555/1653
f 4334/1554/1652 4335/1558/1656 4333/1557/1655
f 4335/1558/1656 4338/1559/1657 4336/1560/1658
f 4335/1558/1656 4336/1560/1658 4333/1557/1655
f 4338/1559/1657 4337/1561/1659 4336/1560/1658
f 4338/1559/1657 4339/1562/1660 4337/1561/1659
f 4339/1562/1660 4340/1563/1661 4337/1561/1659
f 4342/1564/1662 4341/1565/1663 4340/1563/1661
f 4339/1562/1660 4342/1564/1662 4340/1563/1661
f 4342/1564/1662 4344/1566/1664 4341/1565/1663
f 4344/1566/1664 4343/1567/1665 4341/1565/1663
f 4344/1566/1664 4345/1568/1666 4343/1567/1665
f 4345/1568/1666 4355/1569/1667 4343/1567/1665
f 4345/1568/1666 4347/1570/1668 4346/1571/1669
f 4345/1568/1666 4346/1571/1669 4355/1569/1667
f 4347/1570/1668 4349/1543/1641 4346/1571/1669
f 4347/1570/1668 4348/1572/1670 4349/1543/1641
f 4348/1572/1670 4324/1541/1639 4349/1543/1641
s 0
f 4356/133/1671 4357/133/1671 4359/133/1671
f 4360/133/1671 4357/133/1671 4358/133/1671
f 4359/133/1671 4357/133/1671 4360/133/1671
f 4360/133/1671 4358/133/1671 4361/133/1671
f 4361/133/1671 4358/133/1671 4362/133/1671
f 4362/133/1671 4358/133/1671 4363/133/1671
f 4363/133/1671 4358/133/1671 4364/133/1671
f 4364/133/1671 4358/133/1671 4365/133/1671
f 4367/1507/1672 4366/1506/1672 4368/1573/1672
f 4367/1507/1672 4368/1573/1672 4369/1574/1672
f 4371/1575/1673 4372/1503/1673 4370/1500/1673
f 4371/1575/1673 4373/1576/1673 4372/1503/1673
f 4375/1574/1674 4374/1573/1674 4376/1577/1674
f 4375/1574/1674 4376/1577/1674 4377/1578/1674
f 4379/1579/1675 4378/1580/1675 4380/1581/1675
f 4379/1579/1675 4380/1581/1675 4381/1582/1675
f 4383/1582/1676 4382/1581/1676 4384/1583/1676
f 4383/1582/1676 4384/1583/1676 4385/1584/1676
f 4387/1584/1677 4386/1583/1677 4388/1585/1677
f 4387/1584/1677 4388/1585/1677 4389/1586/1677
f 4391/1586/1678 4390/1585/1678 4392/1587/1678
f 4391/1586/1678 4392/1587/1678 4393/1588/1678
f 4395/1588/1679 4394/1587/1679 4396/1589/1679
f 4395/1588/1679 4396/1589/1679 4397/1590/1679
f 4399/1590/1680 4398/1589/1680 4400/1591/1680
f 4399/1590/1680 4400/1591/1680 4401/1592/1680
f 4403/1592/1681 4402/1591/1681 4404/1593/1681
f 4403/1592/1681 4404/1593/1681 4405/1594/1681
s 1
f 4407/1594/1682 4406/1593/1682 4408/1595/1682
s 0
f 4407/1594/1682 4408/1595/1682 4409/1596/1682
f 4411/1596/1683 4410/1595/1683 4412/1597/1683
f 4411/1596/1683 4412/1597/1683 4413/1598/1683
f 4415/1598/1684 4414/1597/1684 4416/1599/1684
f 4415/1598/1684 4416/1599/1684 4417/1600/1684
f 4419/1601/1685 4418/1602/1685 4420/1603/1685
f 4419/1601/1685 4420/1603/1685 4421/1604/1685
f 4423/1604/1686 4422/1603/1686 4424/1605/1686
f 4423/1604/1686 4424/1605/1686 4425/1606/1686
f 4427/1606/1687 4426/1605/1687 4428/1607/1687
f 4427/1606/1687 4428/1607/1687 4429/1608/1687
f 4430/1607/1688 4431/1609/1688 4433/1608/1688
f 4430/1607/1688 4432/1610/1688 4431/1609/1688
f 4435/1608/1689 4434/1607/1689 4436/1611/1689
f 4435/1608/1689 4436/1611/1689 4437/1612/1689
f 4439/1612/1690 4438/1611/1690 4440/1613/1690
f 4439/1612/1690 4440/1613/1690 4441/1614/1690
f 4443/1614/1691 4442/1613/1691 4444/1615/1691
f 4443/1614/1691 4444/1615/1691 4445/1616/1691
f 4447/1617/1692 4446/1618/1692 4448/1619/1692
f 4447/1617/1692 4448/1619/1692 4449/1620/1692
f 4451/1620/1693 4450/1619/1693 4452/1621/1693
f 4451/1620/1693 4452/1621/1693 4453/1622/1693
f 4455/1622/1694 4454/1621/1694 4456/1623/1694
f 4455/1622/1694 4456/1623/1694 4457/1624/1694
f 4459/1624/1695 4458/1623/1695 4460/1625/1695
f 4459/1624/1695 4460/1625/1695 4461/1626/1695
f 4463/1626/1696 4462/1625/1696 4464/1627/1696
f 4463/1626/1696 4464/1627/1696 4465/1628/1696
f 4467/1628/1697 4466/1627/1697 4468/1629/1697
f 4467/1628/1697 4468/1629/1697 4469/1630/1697
f 4471/1630/1698 4470/1629/1698 4472/1631/1698
f 4471/1630/1698 4472/1631/1698 4473/1632/1698
f 4475/1632/1699 4474/1631/1699 4476/1633/1699
f 4475/1632/1699 4476/1633/1699 4477/1634/1699
f 4479/1634/1700 4478/1633/1700 4480/1635/1700
f 4479/1634/1700 4480/1635/1700 4481/1636/1700
f 4483/1636/1701 4482/1635/1701 4484/1637/1701
s 1
f 4483/1636/1701 4484/1637/1701 4485/1638/1701
s 0
f 4487/1639/1702 4486/1640/1702 4488/1576/1702
f 4487/1639/1702 4488/1576/1702 4489/1575/1702
f 4492/133/1602 4491/133/1602 4490/133/1602
f 4493/133/1602 4491/133/1602 4492/133/1602
f 4491/133/1602 4493/133/1602 4494/133/1602
f 4494/133/1602 4493/133/1602 4495/133/1602
f 4494/133/1602 4495/133/1602 4496/133/1602
f 4494/133/1602 4496/133/1602 4497/133/1602
f 4494/133/1602 4497/133/1602 4498/133/1602
f 4494/133/1602 4498/133/1602 4499/133/1602
f 4500/1641/1605 4501/1642/1605 4503/1643/1605
f 4500/1641/1605 4502/1644/1605 4501/1642/1605
f 4505/1645/1603 4506/1644/1603 4504/1641/1603
f 4505/1645/1603 4507/1646/1603 4506/1644/1603
f 4509/1644/1604 4508/1641/1604 4510/1647/1604
f 4509/1644/1604 4510/1647/1604 4511/1648/1604
s 1
f 4513/1649/1703 4512/1650/1607 4515/1651/1608
f 4513/1649/1703 4515/1651/1608 4514/1652/1609
f 4543/1653/1704 4518/1654/1611 4517/1655/1612
f 4543/1653/1704 4519/1656/1705 4518/1654/1611
f 4519/1656/1705 4520/1657/1614 4518/1654/1611
f 4519/1656/1705 4521/1658/1615 4520/1657/1614
f 4521/1658/1615 4523/1659/1706 4520/1657/1614
f 4521/1658/1615 4522/1660/1617 4523/1659/1706
f 4522/1660/1617 4524/1661/1618 4523/1659/1706
f 4527/1662/1621 4530/1663/1623 4526/1664/1622
f 4527/1662/1621 4526/1664/1622 4525/1665/1620
f 4527/1662/1621 4528/1666/1707 4530/1663/1623
f 4528/1666/1707 4529/1667/1625 4530/1663/1623
f 4533/1668/1632 4535/1669/1708 4534/1670/1635
f 4536/1671/1636 4514/1652/1609 4535/1669/1708
f 4536/1671/1636 4513/1649/1703 4514/1652/1609
f 4537/1672/1633 4536/1671/1636 4535/1669/1708
f 4537/1672/1633 4535/1669/1708 4533/1668/1632
f 4538/1673/1631 4537/1672/1633 4533/1668/1632
f 4538/1673/1631 4533/1668/1632 4532/1674/1629
f 4539/1675/1630 4538/1673/1631 4532/1674/1629
f 4540/1676/1628 4539/1675/1630 4532/1674/1629
f 4540/1676/1628 4532/1674/1629 4531/1677/1627
f 4541/1678/1626 4540/1676/1628 4531/1677/1627
f 4541/1678/1626 4531/1677/1627 4529/1667/1625
f 4528/1666/1707 4541/1678/1626 4529/1667/1625
f 4542/1679/1709 4527/1662/1621 4525/1665/1620
f 4542/1679/1709 4525/1665/1620 4524/1661/1618
f 4522/1660/1617 4542/1679/1709 4524/1661/1618
f 4544/1680/1637 4543/1653/1704 4517/1655/1612
f 4544/1680/1637 4517/1655/1612 4516/1681/1638
f 4512/1650/1607 4544/1680/1637 4516/1681/1638
f 4512/1650/1607 4516/1681/1638 4515/1651/1608
f 4545/1682/1639 4569/1683/1710 4568/1684/1711
f 4545/1682/1639 4546/1685/1642 4569/1683/1710
f 4546/1685/1642 4570/1686/1643 4569/1683/1710
f 4546/1685/1642 4547/1687/1644 4570/1686/1643
f 4547/1687/1644 4571/1688/1645 4570/1686/1643
f 4547/1687/1644 4548/1689/1646 4571/1688/1645
f 4548/1689/1646 4572/1690/1647 4571/1688/1645
f 4548/1689/1646 4549/1691/1712 4572/1690/1647
f 4549/1691/1712 4550/1692/1649 4572/1690/1647
f 4550/1692/1649 4573/1693/1650 4572/1690/1647
f 4550/1692/1649 4551/1694/1713 4573/1693/1650
f 4551/1694/1713 4552/1695/1652 4554/1696/1714
f 4551/1694/1713 4554/1696/1714 4573/1693/1650
f 4553/1697/1654 4573/1693/1650 4554/1696/1714
f 4552/1695/1652 4555/1698/1655 4554/1696/1714
f 4556/1699/1715 4576/1700/1658 4555/1698/1655
f 4556/1699/1715 4557/1701/1657 4576/1700/1658
f 4557/1701/1657 4575/1702/1659 4576/1700/1658
f 4557/1701/1657 4558/1703/1660 4575/1702/1659
f 4558/1703/1660 4559/1704/1661 4575/1702/1659
f 4561/1705/1662 4560/1706/1663 4559/1704/1661
f 4558/1703/1660 4561/1705/1662 4559/1704/1661
f 4561/1705/1662 4563/1707/1664 4560/1706/1663
f 4563/1707/1664 4562/1708/1665 4560/1706/1663
f 4563/1707/1664 4565/1709/1666 4562/1708/1665
f 4565/1709/1666 4564/1710/1667 4562/1708/1665
f 4565/1709/1666 4574/1711/1669 4564/1710/1667
f 4565/1709/1666 4566/1712/1668 4574/1711/1669
f 4566/1712/1668 4568/1684/1711 4574/1711/1669
f 4566/1712/1668 4567/1713/1716 4568/1684/1711
f 4567/1713/1716 4545/1682/1639 4568/1684/1711
f 4552/1695/1652 4556/1699/1715 4555/1698/1655
s 0
f 4577/133/1671 4578/133/1671 4580/133/1671
f 4581/133/1671 4578/133/1671 4579/133/1671
f 4580/133/1671 4578/133/1671 4581/133/1671
f 4581/133/1717 4579/133/1717 4582/133/1717
f 4582/133/1671 4579/133/1671 4583/133/1671
f 4583/133/1671 4579/133/1671 4584/133/1671
f 4584/133/1671 4579/133/1671 4585/133/1671
f 4585/133/1718 4579/133/1718 4586/133/1718
f 4588/1643/1672 4587/1642/1672 4589/1714/1672
f 4588/1643/1672 4589/1714/1672 4590/1715/1672
f 4592/1716/1673 4593/1646/1673 4591/1645/1673
f 4592/1716/1673 4594/1717/1673 4593/1646/1673
f 4596/1715/1674 4595/1714/1674 4597/1718/1674
f 4596/1715/1674 4597/1718/1674 4598/1719/1674
f 4600/1720/1675 4599/1721/1675 4601/1722/1675
f 4600/1720/1675 4601/1722/1675 4602/1723/1675
f 4604/1723/1676 4603/1722/1676 4605/1724/1676
f 4604/1723/1676 4605/1724/1676 4606/1725/1676
f 4608/1725/1677 4607/1724/1677 4609/1726/1677
f 4608/1725/1677 4609/1726/1677 4610/1727/1677
f 4612/1727/1678 4611/1726/1678 4613/1728/1678
f 4612/1727/1678 4613/1728/1678 4614/1729/1678
f 4616/1729/1679 4615/1728/1679 4617/1730/1679
f 4616/1729/1679 4617/1730/1679 4618/1731/1679
f 4620/1731/1680 4619/1730/1680 4621/1732/1680
f 4620/1731/1680 4621/1732/1680 4622/1733/1680
f 4624/1733/1681 4623/1732/1681 4625/1734/1681
f 4624/1733/1681 4625/1734/1681 4626/1735/1681
f 4628/1735/1682 4627/1734/1682 4629/1736/1682
f 4628/1735/1682 4629/1736/1682 4630/1737/1682
f 4632/1737/1683 4631/1736/1683 4633/1738/1683
f 4632/1737/1683 4633/1738/1683 4634/1739/1683
f 4636/1739/1684 4635/1738/1684 4637/1499/1684
f 4636/1739/1684 4637/1499/1684 4638/1740/1684
f 4640/1741/1685 4639/1742/1685 4641/1743/1685
f 4640/1741/1685 4641/1743/1685 4642/1744/1685
f 4644/1744/1686 4643/1743/1686 4645/1745/1686
f 4644/1744/1686 4645/1745/1686 4646/1746/1686
f 4648/1746/1687 4647/1745/1687 4649/1747/1687
f 4648/1746/1687 4649/1747/1687 4650/1748/1687
f 4652/1748/1689 4651/1747/1689 4653/1749/1689
f 4652/1748/1689 4653/1749/1689 4654/1750/1689
f 4655/1747/1688 4656/1751/1688 4658/1748/1688
f 4655/1747/1688 4657/1752/1688 4656/1751/1688
f 4660/1750/1690 4659/1749/1690 4661/1753/1690
f 4660/1750/1690 4661/1753/1690 4662/1754/1690
f 4663/1754/1691 4664/1755/1691 4666/1756/1691
f 4663/1754/1691 4665/1753/1691 4664/1755/1691
f 4668/1757/1692 4667/1758/1692 4669/1759/1692
f 4668/1757/1692 4669/1759/1692 4670/1760/1692
f 4672/1760/1693 4671/1759/1693 4673/1761/1693
f 4672/1760/1693 4673/1761/1693 4674/1762/1693
f 4675/1762/1694 4676/1763/1694 4678/1764/1694
f 4675/1762/1694 4677/1761/1694 4676/1763/1694
f 4680/1764/1695 4679/1763/1695 4681/1765/1695
f 4680/1764/1695 4681/1765/1695 4682/1766/1695
f 4683/1766/1696 4684/1767/1696 4686/1768/1696
f 4683/1766/1696 4685/1765/1696 4684/1767/1696
f 4688/1768/1697 4687/1767/1697 4689/1769/1697
f 4688/1768/1697 4689/1769/1697 4690/1770/1697
f 4691/1770/1698 4692/1771/1698 4694/1772/1698
f 4691/1770/1698 4693/1769/1698 4692/1771/1698
f 4696/1772/1699 4695/1771/1699 4697/1773/1699
f 4696/1772/1699 4697/1773/1699 4698/1774/1699
f 4700/1774/1700 4699/1773/1700 4701/1775/1700
f 4700/1774/1700 4701/1775/1700 4702/1776/1700
f 4703/1776/1701 4704/1777/1701 4706/1778/1701
f 4703/1776/1701 4705/1775/1701 4704/1777/1701
f 4708/1779/1702 4707/1780/1702 4709/1717/1702
f 4708/1779/1702 4709/1717/1702 4710/1716/1702
l 2903 2902
l 2903 2904
l 2964 2965
l 2964 2963
