# Blender 4.5.13 LTS
# www.blender.org
mtllib philips_aquatrio.mtl
o defaultMaterial.001
v -0.045474 0.248451 0.033247
v -0.045542 0.248451 -0.029446
v -0.045749 0.280161 -0.010245
v -0.044500 0.280089 0.041067
v 0.060889 0.102365 0.193107
v -0.060896 0.102742 0.193249
v 0.060892 0.087374 0.223404
v -0.060896 0.087210 0.223308
v 0.092680 0.232749 -0.107304
v 0.089274 0.232596 -0.110552
v 0.090679 0.233068 -0.113297
v 0.094681 0.233083 -0.110248
v 0.096383 0.233070 -0.105288
v 0.099007 0.233175 -0.057624
v 0.095991 0.232723 -0.057074
v 0.048588 0.436873 -0.059819
v 0.048331 0.426036 -0.063440
v -0.042995 0.838244 0.030729
v 0.042995 0.838244 0.030729
v -0.040939 0.831783 0.005057
v 0.040881 0.831196 0.004314
v -0.039976 0.815999 -0.001599
v 0.039976 0.815999 -0.001599
v -0.031757 0.803493 -0.005640
v -0.024006 0.801586 -0.006256
v -0.037565 0.808735 -0.003946
v 0.024006 0.801586 -0.006256
v 0.037565 0.808735 -0.003946
v 0.031757 0.803493 -0.005640
v 0.042995 0.842675 0.029950
v -0.042995 0.842675 0.029950
v 0.040957 0.835728 0.002782
v -0.040886 0.834863 0.001595
v 0.039976 0.817383 -0.005880
v 0.031757 0.804877 -0.009921
v 0.024006 0.802970 -0.010538
v 0.037565 0.810119 -0.008227
v -0.039976 0.817383 -0.005880
v -0.024006 0.802970 -0.010538
v -0.037565 0.810119 -0.008227
v -0.031757 0.804877 -0.009921
v -0.063165 0.695556 0.051438
v -0.049749 0.695022 0.087350
v -0.068158 0.699410 0.017301
v -0.070059 0.663732 0.010167
v -0.057504 0.663693 0.073429
v -0.024093 0.694479 0.114871
v -0.024424 0.663732 0.110371
v 0.000000 0.694337 0.123368
v 0.000000 0.663732 0.118954
v 0.024424 0.663732 0.110371
v 0.024093 0.694479 0.114871
v 0.055760 0.663688 0.075807
v 0.049749 0.695022 0.087350
v 0.063165 0.695556 0.051438
v 0.070059 0.663732 0.010167
v 0.068158 0.699410 0.017301
v -0.050630 0.663732 0.082458
v -0.064713 0.663732 0.046063
v -0.070059 0.663732 0.010167
v -0.057007 0.663732 0.004851
v -0.028918 0.663732 0.000814
v 0.000000 0.663732 -0.000166
v 0.064713 0.663732 0.046063
v 0.028918 0.663732 0.000814
v 0.057007 0.663732 0.004851
v 0.070059 0.663732 0.010167
v 0.024424 0.663732 0.110371
v 0.050630 0.663732 0.082458
v 0.000000 0.663732 0.118954
v -0.024424 0.663732 0.110371
v -0.060142 0.759853 0.059458
v -0.063165 0.695556 0.051438
v -0.047864 0.758799 0.092981
v -0.064829 0.760478 0.025959
v -0.068176 0.699396 0.017559
v -0.023625 0.757911 0.120088
v -0.000000 0.757664 0.127498
v -0.000000 0.694246 0.124241
v 0.023625 0.757911 0.120088
v 0.047865 0.758799 0.092981
v 0.060182 0.759856 0.059352
v 0.068214 0.699398 0.017564
v 0.064829 0.760478 0.025960
v 0.063165 0.695556 0.051438
v 0.049749 0.695022 0.087350
v 0.024093 0.694479 0.114871
v -0.024093 0.694479 0.114871
v -0.049749 0.695022 0.087350
v -0.060068 0.759847 0.059743
v -0.047554 0.758796 0.093119
v -0.044718 0.833243 0.093194
v -0.061969 0.833228 0.033114
v -0.062979 0.791750 0.029753
v -0.064829 0.760478 0.025959
v -0.022432 0.757902 0.119704
v -0.006777 0.833224 0.123033
v 0.000025 0.757663 0.127477
v 0.022538 0.757905 0.119685
v 0.021787 0.833243 0.115436
v 0.044717 0.833243 0.093194
v 0.060068 0.759847 0.059743
v 0.061968 0.833228 0.033114
v 0.062979 0.791750 0.029753
v 0.064829 0.760478 0.025960
v 0.047382 0.758788 0.093573
v -0.021787 0.833243 0.115436
v -0.044718 0.833243 0.093194
v -0.000001 0.833243 0.122772
v 0.044717 0.833243 0.093194
v 0.021787 0.833243 0.115436
v 0.060494 0.833243 0.032890
v 0.049789 0.833243 0.029224
v 0.056036 0.833243 0.062823
v 0.025117 0.833243 0.025642
v -0.000001 0.833243 0.024377
v -0.025118 0.833243 0.025642
v -0.049790 0.833243 0.029224
v -0.060495 0.833243 0.032890
v -0.056037 0.833243 0.062823
v -0.070059 0.663732 0.010167
v -0.068158 0.699410 0.017301
v -0.071422 0.662571 0.009023
v -0.069548 0.699665 0.016283
v -0.068158 0.699410 0.017301
v -0.066610 0.728479 0.021831
v -0.069548 0.699665 0.016283
v -0.067998 0.728701 0.020803
v -0.064829 0.760478 0.025959
v -0.067998 0.728701 0.020803
v -0.066224 0.760550 0.024911
v 0.071422 0.662571 0.009023
v 0.069548 0.699665 0.016283
v 0.070059 0.663732 0.010167
v 0.068158 0.699410 0.017301
v 0.069548 0.699665 0.016283
v 0.067998 0.728701 0.020803
v 0.068158 0.699410 0.017301
v 0.066610 0.728479 0.021831
v 0.066224 0.760550 0.024911
v 0.067998 0.728701 0.020803
v 0.064829 0.760478 0.025960
v -0.025238 0.834475 0.024416
v -0.025238 0.841487 0.024416
v -0.050082 0.834475 0.028022
v -0.050082 0.841487 0.028022
v 0.050081 0.834475 0.028022
v 0.050081 0.841487 0.028022
v 0.025237 0.834475 0.024416
v 0.025237 0.841487 0.024416
v -0.071422 0.662571 0.009023
v -0.078623 0.655487 0.009545
v -0.057332 0.662500 0.003654
v -0.057332 0.655487 0.003654
v -0.057332 0.662500 0.003654
v -0.057332 0.655487 0.003654
v -0.029027 0.662500 -0.000414
v -0.029027 0.655487 -0.000414
v -0.069548 0.699665 0.016283
v -0.076483 0.699852 0.017311
v -0.071422 0.662571 0.009023
v -0.078623 0.655487 0.009545
v -0.029027 0.662500 -0.000414
v -0.029027 0.655487 -0.000414
v 0.000000 0.662500 -0.001398
v 0.000000 0.655487 -0.001398
v -0.067998 0.728701 0.020803
v -0.074934 0.728936 0.021814
v -0.069548 0.699665 0.016283
v -0.076483 0.699852 0.017311
v 0.000000 0.662500 -0.001398
v 0.000000 0.655487 -0.001398
v 0.029027 0.662500 -0.000414
v 0.029027 0.655487 -0.000414
v -0.066224 0.760550 0.024911
v -0.073155 0.760828 0.025906
v -0.067998 0.728701 0.020803
v -0.074934 0.728936 0.021814
v 0.029027 0.662500 -0.000414
v 0.029027 0.655487 -0.000414
v 0.057332 0.662500 0.003654
v 0.057332 0.655487 0.003654
v 0.057332 0.662500 0.003654
v 0.057332 0.655487 0.003654
v 0.071422 0.662571 0.009023
v 0.078623 0.655487 0.009545
v -0.064367 0.791935 0.028718
v -0.071301 0.792249 0.029723
v -0.066224 0.760550 0.024911
v -0.073155 0.760828 0.025906
v 0.071422 0.662571 0.009023
v 0.078623 0.655487 0.009545
v 0.069548 0.699665 0.016283
v 0.076483 0.699852 0.017311
v 0.069548 0.699665 0.016283
v 0.076483 0.699852 0.017311
v 0.067998 0.728701 0.020803
v 0.074934 0.728936 0.021814
v -0.050082 0.834475 0.028022
v -0.050082 0.841487 0.028022
v -0.061814 0.834460 0.031977
v -0.068383 0.841487 0.033741
v -0.071301 0.792249 0.029723
v -0.064367 0.791935 0.028718
v -0.068383 0.841487 0.033741
v -0.061814 0.834460 0.031977
v 0.067998 0.728701 0.020803
v 0.074934 0.728936 0.021814
v 0.066224 0.760550 0.024911
v 0.073155 0.760828 0.025906
v 0.066224 0.760550 0.024911
v 0.073155 0.760828 0.025906
v 0.064367 0.791935 0.028718
v 0.071301 0.792249 0.029723
v 0.068382 0.841488 0.033741
v 0.061813 0.834460 0.031977
v 0.071301 0.792249 0.029723
v 0.064367 0.791935 0.028718
v 0.061813 0.834460 0.031977
v 0.068382 0.841488 0.033741
v 0.050081 0.834475 0.028022
v 0.050081 0.841487 0.028022
v -0.000001 0.834475 0.023144
v -0.000001 0.841487 0.023144
v -0.025238 0.834475 0.024416
v -0.025238 0.841487 0.024416
v 0.025237 0.834475 0.024416
v 0.025237 0.841487 0.024416
v -0.000001 0.834475 0.023144
v -0.000001 0.841487 0.023144
v -0.052575 0.752979 0.018173
v -0.014992 0.679588 0.000984
v 0.014478 0.746985 0.013772
v 0.013453 0.841202 0.023865
v 0.067262 0.840665 0.031681
v 0.055249 0.680251 0.005120
v 0.072556 0.761618 0.024541
v 0.077214 0.681308 0.012737
v -0.062944 0.680577 0.007223
v -0.077190 0.681293 0.012801
v -0.072180 0.763235 0.025574
v -0.067080 0.840619 0.032294
v -0.048312 0.840984 0.027102
v 0.055158 0.679181 0.004902
v 0.057235 0.655415 -0.000210
v 0.077236 0.680256 0.012436
v -0.015173 0.678581 0.000545
v -0.015478 0.655356 -0.004266
v -0.079264 0.655457 0.006246
v -0.077511 0.680082 0.011589
v 0.078709 0.655394 0.007732
v -0.064713 0.684171 0.046063
v -0.037527 0.684171 0.096414
v 0.026265 0.683913 0.002674
v 0.064713 0.684171 0.046063
v 0.070231 0.683293 0.012010
v 0.070277 0.677376 0.011904
v 0.064713 0.677127 0.046063
v 0.037527 0.677126 0.096414
v 0.000000 0.677126 0.118954
v -0.050630 0.677126 0.082458
v -0.024424 0.677126 0.110371
v -0.070191 0.677323 0.012296
v -0.064713 0.677127 0.046063
v -0.044326 0.677842 0.005548
v -0.070515 0.683364 0.010738
v 0.016029 0.677349 0.002914
v 0.000000 0.684171 0.118954
v 0.037527 0.684171 0.096414
v -0.030879 0.248451 0.049798
v -0.031094 0.280092 0.056934
v -0.045474 0.248451 0.033247
v -0.044500 0.280089 0.041067
v 0.000000 0.248600 0.049798
v -0.030879 0.248451 0.049798
v -0.045474 0.248451 0.033247
v 0.045474 0.248451 0.033247
v 0.030879 0.248451 0.049798
v -0.044500 0.280089 0.041067
v -0.043330 0.334655 0.055501
v -0.045749 0.280161 -0.010245
v -0.045850 0.334984 0.025344
v -0.030877 0.248549 0.049801
v 0.031125 0.280151 0.058071
v 0.030879 0.248451 0.049798
v -0.031094 0.280092 0.056934
v 0.045749 0.280161 -0.010245
v 0.044500 0.280089 0.041067
v 0.045542 0.248451 -0.029446
v 0.045474 0.248451 0.033247
v -0.031094 0.280092 0.056934
v -0.030738 0.334697 0.066899
v -0.044500 0.280089 0.041067
v -0.043330 0.334655 0.055501
v 0.031139 0.280247 0.057631
v 0.000000 0.334702 0.070042
v -0.031094 0.280092 0.056934
v 0.030738 0.334697 0.066899
v -0.030738 0.334697 0.066899
v 0.044500 0.280089 0.041067
v 0.031094 0.280092 0.056934
v 0.045474 0.248451 0.033247
v 0.030879 0.248451 0.049798
v -0.043330 0.334655 0.055501
v -0.043507 0.407945 0.072679
v -0.045850 0.334984 0.025344
v 0.045793 0.334979 0.025736
v 0.043330 0.334655 0.055501
v 0.045749 0.280161 -0.010245
v 0.044500 0.280089 0.041067
v -0.030738 0.334697 0.066899
v -0.030455 0.407967 0.075132
v -0.043330 0.334655 0.055501
v -0.043507 0.407945 0.072679
v 0.043330 0.334655 0.055501
v 0.030738 0.334697 0.066899
v 0.044500 0.280089 0.041067
v 0.031094 0.280092 0.056934
v -0.030757 0.334742 0.068464
v 0.030738 0.334697 0.066899
v 0.030455 0.407967 0.075132
v -0.030459 0.407992 0.075673
v 0.043330 0.334655 0.055501
v 0.045793 0.334979 0.025736
v 0.043507 0.407945 0.072679
v 0.043507 0.407945 0.072679
v 0.030455 0.407967 0.075132
v 0.043330 0.334655 0.055501
v 0.030738 0.334697 0.066899
v -0.016699 0.252265 -0.006432
v -0.038075 0.248476 -0.015600
v 0.000000 0.248600 0.049798
v -0.045474 0.248451 0.033247
v 0.013817 0.248733 0.007456
v -0.000000 0.253935 -0.000916
v 0.016945 0.253713 -0.005976
v 0.028971 0.253317 -0.019189
v 0.045474 0.248451 0.033247
v 0.038075 0.248476 -0.015600
v 0.045542 0.248451 -0.029446
v -0.045542 0.248451 -0.029446
v -0.028971 0.253317 -0.019189
v -0.017068 0.253714 -0.005767
v -0.028971 0.253317 -0.019189
v -0.007183 0.265157 -0.003858
v -0.000000 0.253935 -0.000916
v 0.016945 0.253713 -0.005976
v 0.020099 0.264633 -0.011614
v 0.028971 0.253317 -0.019189
v 0.032000 0.252266 -0.037247
v 0.026888 0.251242 -0.053503
v 0.018490 0.422272 0.007534
v 0.012674 0.418639 0.033035
v -0.004812 0.418193 0.036893
v -0.027626 0.263713 -0.024818
v -0.019674 0.420182 0.021996
v -0.027749 0.251635 -0.054381
v -0.012451 0.422854 0.002320
v 0.000068 0.251294 -0.071056
v 0.005189 0.423373 -0.001430
v 0.016099 0.251379 -0.066413
v 0.024810 0.261136 -0.049156
v 0.016869 0.422125 0.007900
v 0.028790 0.252385 -0.054234
v -0.016008 0.251330 -0.066621
v -0.033581 0.252843 -0.036743
v -0.025118 0.248482 -0.079341
v 0.009403 0.248659 -0.082087
v -0.016792 0.252090 -0.067319
v -0.029061 0.252383 -0.054379
v 0.000000 0.248600 -0.119922
v -0.069117 0.248565 -0.115370
v -0.069117 0.248565 -0.115370
v -0.045541 0.248158 -0.029456
v -0.038075 0.248476 -0.015600
v -0.028971 0.253317 -0.019189
v -0.033581 0.252843 -0.036743
v 0.069117 0.248565 -0.115370
v 0.045537 0.248224 -0.029442
v 0.038075 0.248476 -0.015600
v 0.033208 0.252845 -0.036749
v 0.028971 0.253317 -0.019189
v 0.028410 0.251495 -0.054145
v 0.016699 0.252091 -0.067169
v 0.000000 0.252027 -0.071977
v -0.045542 0.248451 -0.029446
v -0.069698 0.259018 -0.115541
v -0.069117 0.248565 -0.115370
v -0.070355 0.273177 -0.112583
v -0.046012 0.286648 -0.006152
v -0.073886 0.345832 -0.081884
v -0.043507 0.407945 0.072679
v -0.077770 0.425397 -0.051678
v 0.069697 0.259017 -0.115539
v 0.045542 0.248451 -0.029446
v 0.069117 0.248565 -0.115370
v 0.070353 0.273176 -0.112585
v 0.046136 0.279701 -0.010373
v 0.073886 0.345832 -0.081884
v 0.043507 0.407945 0.072679
v 0.077770 0.425397 -0.051678
v -0.043507 0.407945 0.072679
v -0.067430 0.426004 -0.055633
v -0.077770 0.425397 -0.051678
v -0.030455 0.407967 0.075132
v -0.034155 0.426762 -0.059979
v 0.000004 0.426982 -0.061541
v 0.000000 0.408019 0.075814
v 0.030455 0.407967 0.075132
v 0.034164 0.426762 -0.059978
v 0.030455 0.407967 0.075132
v 0.067430 0.426004 -0.055633
v 0.043507 0.407945 0.072679
v 0.077770 0.425397 -0.051678
v -0.070885 0.259057 -0.116205
v -0.075737 0.258666 -0.114840
v -0.070296 0.247563 -0.116103
v -0.075206 0.242838 -0.114913
v -0.070296 0.247563 -0.116103
v -0.075206 0.242838 -0.114913
v 0.000000 0.247640 -0.120885
v 0.000000 0.242567 -0.120885
v -0.071532 0.272303 -0.113464
v -0.076243 0.271681 -0.112155
v -0.070885 0.259057 -0.116205
v -0.075737 0.258666 -0.114840
v -0.072104 0.285264 -0.108402
v -0.077162 0.284508 -0.107126
v -0.071532 0.272303 -0.113464
v -0.076243 0.271681 -0.112155
v -0.075073 0.346031 -0.082514
v -0.080134 0.345259 -0.081259
v -0.072104 0.285264 -0.108402
v -0.077162 0.284508 -0.107126
v 0.070296 0.247563 -0.116103
v 0.075206 0.242838 -0.114913
v 0.070885 0.259057 -0.116205
v 0.075737 0.258666 -0.114840
v 0.000000 0.247640 -0.120885
v 0.000000 0.242567 -0.120885
v 0.070296 0.247563 -0.116103
v 0.075206 0.242838 -0.114913
v 0.070885 0.259057 -0.116205
v 0.075737 0.258666 -0.114840
v 0.071532 0.272303 -0.113464
v 0.076243 0.271681 -0.112155
v -0.078963 0.426225 -0.052243
v -0.084412 0.430269 -0.050428
v -0.075073 0.346031 -0.082514
v -0.080134 0.345259 -0.081259
v 0.071532 0.272303 -0.113464
v 0.076243 0.271681 -0.112155
v 0.072104 0.285264 -0.108402
v 0.077162 0.284508 -0.107127
v 0.072104 0.285264 -0.108402
v 0.077162 0.284508 -0.107127
v 0.075073 0.346031 -0.082514
v 0.080135 0.345260 -0.081261
v -0.034251 0.427845 -0.060794
v -0.034261 0.432182 -0.060189
v -0.067676 0.427084 -0.056427
v -0.067695 0.431420 -0.055817
v 0.084412 0.430269 -0.050428
v 0.078963 0.426225 -0.052243
v 0.080135 0.345260 -0.081261
v 0.075073 0.346031 -0.082514
v 0.067676 0.427084 -0.056427
v 0.067695 0.431420 -0.055817
v 0.034251 0.427845 -0.060794
v 0.034261 0.432182 -0.060189
v 0.000000 0.428065 -0.062362
v 0.000000 0.432403 -0.061761
v -0.034251 0.427845 -0.060794
v -0.034261 0.432182 -0.060189
v 0.034251 0.427845 -0.060794
v 0.034261 0.432182 -0.060189
v 0.000000 0.428065 -0.062362
v 0.000000 0.432403 -0.061761
v -0.073501 0.243175 -0.123821
v 0.000011 0.260708 -0.127163
v -0.016246 0.284584 -0.118815
v -0.075385 0.282315 -0.113710
v 0.075470 0.282637 -0.114426
v 0.073545 0.243176 -0.124285
v 0.015899 0.243319 -0.126852
v -0.075689 0.282639 -0.114462
v -0.073241 0.347900 -0.087938
v -0.080190 0.378110 -0.073638
v -0.037055 0.350039 -0.091893
v 0.016187 0.425766 -0.066216
v 0.076088 0.283130 -0.115436
v 0.080170 0.378049 -0.073610
v 0.082266 0.424225 -0.057249
v -0.036645 0.387046 -0.078555
v -0.072443 0.385254 -0.074338
v -0.067207 0.425087 -0.062083
v -0.082131 0.424227 -0.056741
v -0.037055 0.350039 -0.091893
v -0.036645 0.387046 -0.078555
v -0.073241 0.347900 -0.087938
v -0.072443 0.385254 -0.074338
v -0.042995 0.398568 -0.067025
v 0.042995 0.398568 -0.067025
v -0.040954 0.396908 -0.098865
v 0.040896 0.396455 -0.099704
v -0.039976 0.382467 -0.108145
v 0.039976 0.382467 -0.108145
v -0.031757 0.370849 -0.114290
v -0.024006 0.369078 -0.115227
v -0.037565 0.375719 -0.111714
v 0.024006 0.369078 -0.115227
v 0.037565 0.375719 -0.111714
v 0.031757 0.370849 -0.114290
v 0.042995 0.403068 -0.067025
v -0.042995 0.403068 -0.067025
v 0.040959 0.401068 -0.100735
v -0.040890 0.400383 -0.102057
v 0.039976 0.384571 -0.112122
v -0.039976 0.384571 -0.112122
v 0.024006 0.371182 -0.119204
v 0.037565 0.377823 -0.115691
v 0.031757 0.372953 -0.118267
v -0.024006 0.371182 -0.119204
v -0.031757 0.372953 -0.118267
v -0.037565 0.377823 -0.115691
v -0.120569 0.137328 0.071576
v -0.120562 0.141409 0.038784
v -0.189682 0.139288 0.038566
v -0.189669 0.134513 0.071097
v 0.144231 0.009209 0.109758
v 0.152834 0.009209 0.109758
v 0.144231 0.009209 0.101155
v 0.152834 0.009209 0.101155
v 0.144231 0.007207 0.233988
v 0.152834 0.007207 0.233988
v 0.144231 0.007207 0.225386
v 0.152834 0.007207 0.225386
v -0.144231 0.009209 0.109758
v -0.144231 0.009209 0.101155
v -0.152834 0.009209 0.109758
v -0.152834 0.009209 0.101155
v -0.144231 0.007207 0.233988
v -0.144231 0.007207 0.225386
v -0.152834 0.007207 0.233988
v -0.152834 0.007207 0.225386
v -0.004501 0.007562 0.233988
v 0.004101 0.007562 0.233988
v -0.004501 0.007562 0.225386
v 0.004101 0.007562 0.225386
v -0.004501 0.009209 0.109758
v 0.004101 0.009209 0.109758
v -0.004501 0.009209 0.101155
v 0.004101 0.009209 0.101155
v 0.005009 1.178535 0.080435
v 0.005430 1.112071 0.095616
v -0.020464 1.167252 0.079415
v -0.017230 1.254135 0.055787
v 0.003079 1.254323 0.059046
v 0.017856 1.254023 0.055087
v 0.018983 1.202999 0.069423
v 0.021960 1.112947 0.090576
v -0.022211 1.112730 0.091041
v -0.014074 1.300697 -0.069528
v -0.014074 1.285900 -0.069528
v 0.014074 1.300697 -0.069528
v 0.014074 1.285900 -0.069528
v -0.011725 0.825879 -0.007282
v -0.011725 0.804161 -0.013983
v 0.011725 0.825879 -0.007282
v 0.011725 0.804161 -0.013983
v -0.013905 0.388544 -0.113866
v -0.013905 0.364651 -0.126337
v 0.013905 0.388544 -0.113866
v 0.013905 0.364651 -0.126337
v 0.090010 0.222030 -0.110063
v 0.072498 0.222994 -0.111913
v 0.036303 0.222112 -0.114295
v 0.034642 0.203722 -0.084810
v 0.088086 0.205568 -0.083183
v -0.090010 0.222030 -0.110063
v -0.072498 0.222994 -0.111913
v -0.034642 0.203722 -0.084810
v -0.088086 0.205568 -0.083183
v -0.036303 0.222112 -0.114295
v -0.005025 0.115381 0.158912
v -0.005025 0.118791 0.149458
v 0.005025 0.115381 0.158912
v 0.005025 0.118791 0.149458
v 0.096786 0.256145 -0.111985
v 0.091473 0.248720 -0.116124
v 0.091113 0.233192 -0.113725
v 0.100393 0.249107 -0.059216
v 0.101117 0.266667 -0.055171
v 0.100874 0.394791 -0.011390
v 0.098982 0.462627 0.008006
v 0.093909 0.611862 0.008538
v 0.096445 0.533817 0.025301
v 0.093089 0.608052 0.040383
v 0.087332 0.713525 0.055950
v 0.080412 0.812560 0.063507
v 0.084554 0.708867 0.020989
v 0.083969 0.779954 0.034994
v 0.077635 0.805941 0.032684
v 0.075274 0.878977 0.065115
v 0.076693 0.876367 0.040843
v 0.072355 0.875841 0.036173
v 0.089537 0.611736 0.002335
v 0.092297 0.539831 -0.015901
v 0.094009 0.469799 -0.036519
v 0.094145 0.402421 -0.059265
v 0.093428 0.343207 -0.081640
v 0.098799 0.414763 -0.049230
v 0.092343 0.268380 -0.112724
v 0.099007 0.233175 -0.057624
v 0.100355 0.248990 -0.058086
v 0.098980 0.233177 -0.056481
v 0.093553 0.233189 -0.010663
v 0.101023 0.266493 -0.054050
v 0.093654 0.248632 -0.008668
v 0.100614 0.394610 -0.010245
v 0.095124 0.303508 0.007396
v 0.098908 0.462335 0.009100
v 0.096361 0.533567 0.026404
v 0.095300 0.463990 0.035306
v 0.091568 0.456047 0.046191
v 0.090492 0.452638 0.048499
v 0.090446 0.459444 0.049443
v 0.085678 0.462827 0.060939
v 0.081456 0.461794 0.069639
v 0.079136 0.459455 0.073856
v 0.078432 0.450998 0.069309
v 0.085455 0.449207 0.059144
v 0.088371 0.443817 0.053908
v 0.078577 0.455656 0.075677
v 0.041873 0.537260 0.122583
v 0.066574 0.548644 0.102987
v 0.083306 0.611184 0.080031
v 0.076092 0.628201 0.092486
v 0.087061 0.633985 0.072520
v 0.092973 0.607770 0.041462
v 0.086155 0.637407 0.074753
v 0.085213 0.630684 0.074079
v 0.087160 0.713326 0.057057
v 0.080002 0.658349 0.087390
v 0.080778 0.809091 0.064423
v 0.071311 0.853997 0.088536
v 0.066633 0.851114 0.095752
v 0.048386 0.846763 0.115131
v 0.009211 0.850179 0.133624
v -0.007501 0.886364 0.130806
v 0.033389 0.885441 0.122670
v 0.060242 0.882831 0.099595
v 0.058916 0.861094 0.103467
v 0.058866 0.854092 0.104221
v 0.057919 0.857581 0.104976
v 0.062266 0.864136 0.098274
v 0.068204 0.863338 0.090876
v 0.070430 0.860978 0.086366
v 0.076622 0.864150 0.066099
v 0.071331 0.857392 0.085051
v 0.061388 0.851614 0.101448
v 0.075908 0.879018 0.066445
v -0.040172 0.884860 0.117603
v -0.048386 0.846763 0.115131
v -0.058866 0.854092 0.104221
v -0.061388 0.851614 0.101448
v -0.071331 0.857392 0.085051
v -0.070430 0.860978 0.086366
v -0.068097 0.863335 0.090832
v -0.062520 0.864165 0.098547
v -0.057919 0.857581 0.104976
v -0.058914 0.861086 0.103471
v -0.067706 0.881923 0.090742
v -0.075110 0.879099 0.066236
v -0.078557 0.842061 0.065675
v -0.081924 0.790197 0.063165
v -0.071401 0.854034 0.088388
v -0.087160 0.713326 0.057057
v -0.086222 0.651335 0.075027
v -0.087059 0.634043 0.072565
v -0.081499 0.627121 0.083595
v -0.085260 0.630676 0.074111
v -0.085157 0.637470 0.074444
v -0.079655 0.640947 0.083638
v -0.068845 0.641978 0.102354
v -0.075948 0.639846 0.092107
v -0.073594 0.637484 0.095442
v -0.072641 0.633944 0.096664
v -0.073816 0.630442 0.095301
v -0.056968 0.570735 0.112418
v -0.076092 0.628201 0.092486
v -0.074493 0.496541 0.086208
v -0.078250 0.455968 0.075341
v -0.079136 0.459455 0.073856
v -0.078432 0.450998 0.069309
v -0.086374 0.449146 0.059705
v -0.090775 0.452590 0.048750
v -0.078690 0.436017 0.072871
v -0.094851 0.271440 0.000585
v -0.080164 0.253759 0.035558
v -0.064318 0.366390 0.083122
v -0.080309 0.245010 0.032029
v -0.047147 0.334677 0.093784
v -0.079441 0.248502 0.034883
v -0.080335 0.252258 0.033891
v -0.082660 0.254197 0.028467
v -0.087296 0.255075 0.012886
v -0.092144 0.252082 -0.001757
v -0.093654 0.248632 -0.008668
v -0.092500 0.245485 -0.005570
v -0.093553 0.233189 -0.010663
v -0.101023 0.266493 -0.054050
v -0.100355 0.248990 -0.058086
v -0.098980 0.233177 -0.056481
v -0.087927 0.242052 0.010741
v -0.074265 0.233232 0.042026
v -0.082989 0.242718 0.024531
v -0.100614 0.394610 -0.010245
v -0.098908 0.462335 0.009100
v -0.091950 0.456141 0.046461
v -0.096361 0.533567 0.026404
v -0.092973 0.607770 0.041462
v -0.090829 0.459597 0.049769
v -0.084518 0.462880 0.061458
v -0.081456 0.461794 0.069639
v -0.025152 0.333468 0.105764
v -0.034377 0.233245 0.080653
v 0.000000 0.330590 0.109968
v -0.000000 0.233169 0.088128
v -0.000000 0.233169 0.088128
v 0.034377 0.233245 0.080653
v 0.025152 0.333468 0.105764
v -0.041873 0.537260 0.122583
v -0.021787 0.558261 0.134626
v 0.000028 0.526371 0.135284
v 0.000013 0.686776 0.141933
v -0.045144 0.719369 0.125504
v -0.070935 0.737255 0.100452
v -0.011990 0.829343 0.129287
v -0.017081 0.823316 0.128147
v -0.019519 0.814825 0.127768
v -0.027801 0.825522 0.124876
v -0.020463 0.820775 0.128120
v -0.020385 0.790828 0.129055
v -0.019547 0.763079 0.130648
v -0.017101 0.754784 0.131958
v -0.020010 0.756532 0.131791
v -0.028828 0.755343 0.128323
v -0.005380 0.746010 0.135197
v -0.012075 0.748785 0.133479
v 0.002519 0.745341 0.135644
v 0.012075 0.748785 0.133479
v 0.020010 0.756532 0.131791
v 0.017101 0.754784 0.131958
v 0.019547 0.763079 0.130648
v 0.020385 0.790828 0.129055
v 0.019519 0.814825 0.127768
v 0.020463 0.820775 0.128120
v 0.027801 0.825522 0.124876
v 0.011990 0.829343 0.129287
v -0.000000 0.844849 0.131252
v -0.015258 0.847435 0.132096
v 0.000000 0.834587 0.131261
v 0.005234 0.832692 0.130106
v 0.000000 0.833400 0.130559
v -0.005234 0.832692 0.130106
v 0.000000 0.833400 0.130559
v 0.017081 0.823316 0.128147
v 0.036151 0.826177 0.124751
v 0.045144 0.719369 0.125504
v 0.035357 0.751612 0.129509
v 0.015854 0.733167 0.138534
v 0.000000 0.729632 0.140959
v -0.015854 0.733167 0.138534
v 0.000106 0.733100 0.138402
v -0.035357 0.751612 0.129509
v -0.036151 0.826177 0.124751
v 0.027533 0.752099 0.129144
v -0.000000 0.610477 0.139276
v 0.073816 0.630442 0.095301
v 0.072641 0.633944 0.096664
v 0.068845 0.641978 0.102354
v 0.064263 0.731820 0.108113
v 0.075948 0.639846 0.092107
v 0.079574 0.640952 0.083641
v 0.073594 0.637484 0.095442
v 0.080029 0.627087 0.083260
v 0.021787 0.558261 0.134626
v -0.000000 0.449502 0.126647
v 0.047147 0.334678 0.093784
v 0.064318 0.366391 0.083122
v 0.080246 0.255017 0.035704
v 0.079613 0.248523 0.034877
v 0.082926 0.254197 0.028467
v 0.080555 0.252258 0.033891
v 0.080309 0.245010 0.032031
v 0.082989 0.242718 0.024531
v 0.074265 0.233232 0.042026
v 0.087927 0.242052 0.010741
v 0.092500 0.245485 -0.005570
v 0.092144 0.252082 -0.001757
v 0.087427 0.255109 0.013397
v -0.066394 0.851082 0.095777
v 0.090072 0.243353 0.006428
v 0.086794 0.242393 0.014445
v 0.083400 0.243090 0.024685
v 0.079692 0.245262 0.032006
v 0.078903 0.248707 0.034720
v 0.080970 0.251713 0.033491
v 0.082926 0.254197 0.028467
v 0.087488 0.255865 0.014084
v 0.090256 0.253412 0.009142
v 0.091962 0.251790 -0.002901
v 0.093103 0.248705 -0.008948
v 0.092550 0.245667 -0.004966
v -0.090072 0.243353 0.006428
v -0.092550 0.245667 -0.004966
v -0.086794 0.242393 0.014445
v -0.083400 0.243090 0.024685
v -0.079959 0.245200 0.031772
v -0.078846 0.248622 0.034523
v -0.080939 0.251727 0.033762
v -0.082660 0.254197 0.028467
v -0.087673 0.255739 0.013538
v -0.090256 0.253412 0.009142
v -0.091962 0.251790 -0.002901
v -0.093103 0.248705 -0.008948
v -0.201929 0.134979 0.078241
v 0.201900 0.134463 0.078162
v -0.000000 0.133742 0.098260
v -0.066710 0.132450 0.102844
v -0.201824 0.126018 0.114281
v -0.201862 0.099513 0.192154
v -0.063050 0.125180 0.130742
v -0.000000 0.107666 0.178718
v 0.125681 0.100830 0.195849
v -0.033027 0.112233 0.169248
v -0.135725 0.074445 0.243003
v 0.000001 0.061937 0.259683
v 0.126525 0.075604 0.241970
v 0.033027 0.112233 0.169248
v 0.063050 0.125180 0.130742
v 0.066710 0.132450 0.102844
v 0.201824 0.126018 0.114281
v 0.201794 0.100066 0.187831
v 0.201579 0.034277 0.271743
v 0.201566 0.016569 0.267265
v 0.000000 0.016046 0.270413
v 0.201570 0.009156 0.257696
v -0.201566 0.016569 0.267265
v -0.201579 0.034277 0.271743
v -0.201764 0.056167 0.260696
v 0.000000 0.030994 0.275000
v 0.201764 0.056167 0.260696
v 0.000000 0.053967 0.265791
v -0.201562 0.007605 0.241520
v -0.201568 0.008692 0.256212
v 0.000000 0.007573 0.241955
v 0.201562 0.007605 0.241520
v 0.042955 0.131867 -0.043487
v -0.000000 0.130241 -0.045949
v 0.042962 0.101838 -0.068216
v 0.000000 0.138766 -0.025735
v 0.042715 0.138766 -0.025735
v 0.000000 0.138834 -0.025519
v 0.039410 0.139655 -0.015425
v -0.032746 0.140350 -0.005443
v 0.032746 0.140350 -0.005443
v 0.023404 0.140278 0.002463
v -0.023404 0.140278 0.002463
v -0.000000 0.140285 0.009339
v -0.039410 0.139655 -0.015425
v -0.042715 0.138766 -0.025735
v -0.042955 0.131867 -0.043487
v -0.042942 0.103392 -0.067125
v 0.000000 0.118294 -0.057104
v -0.042894 0.069896 -0.070814
v 0.042852 0.069671 -0.070476
v 0.039489 0.057822 -0.067322
v -0.039489 0.057822 -0.067322
v -0.032683 0.048547 -0.062803
v -0.023364 0.041729 -0.058155
v 0.000000 0.036154 -0.053928
v -0.012201 0.037563 -0.055010
v 0.023364 0.041729 -0.058155
v 0.012201 0.037563 -0.055010
v 0.032683 0.048547 -0.062803
v -0.000000 0.111012 -0.062223
v -0.012181 0.140254 0.007585
v 0.012181 0.140254 0.007585
v 0.083324 0.079601 -0.075164
v 0.083419 0.050248 -0.068973
v 0.135355 0.057269 -0.070342
v 0.129168 0.054945 -0.069434
v 0.174921 0.059253 -0.069333
v 0.177514 0.061738 -0.070476
v 0.120564 0.049159 -0.066763
v 0.086203 0.047896 -0.066618
v 0.178465 0.078971 -0.072616
v 0.083329 0.079655 -0.074558
v 0.178418 0.079151 -0.072534
v 0.082693 0.080438 -0.071507
v 0.178726 0.079732 -0.069502
v 0.083334 0.081678 -0.076039
v 0.178459 0.080948 -0.073641
v 0.177538 0.113298 -0.063002
v 0.083465 0.116569 -0.063043
v 0.086232 0.119004 -0.060865
v 0.174701 0.115940 -0.060922
v 0.082693 0.080438 -0.071507
v 0.178722 0.079821 -0.069503
v 0.083329 0.081474 -0.074477
v 0.178421 0.080805 -0.072422
v -0.083324 0.079601 -0.075164
v -0.083419 0.050248 -0.068973
v -0.135355 0.057269 -0.070342
v -0.129168 0.054945 -0.069434
v -0.177514 0.061738 -0.070476
v -0.174921 0.059253 -0.069333
v -0.120564 0.049159 -0.066763
v -0.086203 0.047896 -0.066618
v -0.178465 0.078971 -0.072616
v -0.083329 0.079655 -0.074558
v -0.082693 0.080438 -0.071507
v -0.178418 0.079151 -0.072534
v -0.178726 0.079732 -0.069502
v -0.092680 0.232749 -0.107304
v -0.089274 0.232596 -0.110552
v -0.094681 0.233083 -0.110248
v -0.096383 0.233070 -0.105288
v -0.095991 0.232723 -0.057074
v -0.099007 0.233175 -0.057624
v -0.090679 0.233068 -0.113297
v -0.096786 0.256145 -0.111985
v -0.091473 0.248720 -0.116124
v -0.100393 0.249107 -0.059216
v -0.101117 0.266667 -0.055171
v -0.100874 0.394791 -0.011390
v -0.098799 0.414763 -0.049230
v -0.093428 0.343207 -0.081640
v -0.094145 0.402421 -0.059265
v -0.098982 0.462627 0.008006
v -0.096445 0.533817 0.025301
v -0.093089 0.608052 0.040383
v -0.087332 0.713525 0.055950
v -0.080412 0.812560 0.063507
v -0.075274 0.878977 0.065115
v -0.076693 0.876367 0.040843
v -0.072355 0.875841 0.036173
v -0.077635 0.805941 0.032684
v -0.083969 0.779954 0.034994
v -0.084554 0.708867 0.020989
v -0.089537 0.611736 0.002335
v -0.092297 0.539831 -0.015901
v -0.094009 0.469799 -0.036519
v -0.093909 0.611862 0.008538
v -0.092343 0.268380 -0.112724
v -0.099007 0.233175 -0.057624
v -0.091113 0.233192 -0.113725
v -0.009485 1.267314 -0.065325
v -0.009485 1.261621 -0.065325
v -0.002846 1.273952 -0.065325
v -0.002846 1.254983 -0.065325
v 0.002846 1.254983 -0.065325
v 0.002846 1.273952 -0.065325
v 0.009485 1.261621 -0.065325
v 0.009485 1.267314 -0.065325
v -0.063209 0.932732 0.046002
v -0.063209 0.921263 0.046002
v -0.051741 0.932732 0.046002
v -0.051741 0.921263 0.046002
v -0.026544 1.364469 -0.015853
v -0.026544 1.352494 -0.015853
v -0.014568 1.364469 -0.015853
v -0.014568 1.352494 -0.015853
v -0.091784 0.254203 -0.022831
v -0.080653 0.254200 -0.023112
v -0.091780 0.243072 -0.022551
v -0.080649 0.243069 -0.022831
v 0.063209 0.932732 0.046002
v 0.051741 0.932732 0.046002
v 0.063209 0.921263 0.046002
v 0.051741 0.921263 0.046002
v 0.026544 1.364469 -0.015853
v 0.014568 1.364469 -0.015853
v 0.026544 1.352494 -0.015853
v 0.014568 1.352494 -0.015853
v 0.091784 0.254203 -0.022831
v 0.091780 0.243072 -0.022551
v 0.080653 0.254200 -0.023112
v 0.080649 0.243069 -0.022831
v -0.015917 0.118260 -0.084036
v -0.015917 0.112859 -0.082280
v -0.015917 0.115154 -0.084406
v -0.015917 0.114134 -0.078355
v -0.015917 0.118260 -0.078354
v -0.015917 0.119574 -0.081195
v 0.015917 0.118260 -0.084036
v 0.015917 0.112859 -0.082280
v 0.015917 0.115154 -0.084406
v 0.015917 0.114134 -0.078355
v 0.015917 0.118260 -0.078354
v 0.015917 0.119574 -0.081195
v 0.047792 0.434868 -0.046371
v 0.047524 0.424010 -0.049400
v 0.048219 0.436817 -0.059610
v 0.047955 0.426011 -0.063219
v 0.047820 0.435178 -0.046951
v -0.047792 0.434868 -0.046371
v -0.047524 0.424010 -0.049400
v 0.047585 0.424551 -0.050865
v 0.047826 0.433773 -0.044962
v -0.000038 0.434105 -0.045855
v 0.049034 0.434424 -0.046327
v 0.049780 0.436218 -0.059376
v -0.048588 0.436873 -0.059819
v -0.048331 0.426036 -0.063440
v -0.047792 0.434868 -0.046371
v -0.048219 0.436817 -0.059610
v -0.047524 0.424010 -0.049400
v -0.047955 0.426011 -0.063219
v -0.047826 0.433773 -0.044962
v 0.000038 0.434105 -0.045855
v -0.049034 0.434424 -0.046327
v -0.049780 0.436218 -0.059376
v -0.040569 0.143874 -0.015195
v -0.105856 0.144361 -0.000617
v -0.033704 0.144538 -0.004687
v -0.201677 0.138844 -0.030023
v -0.201574 0.123387 -0.054388
v -0.201580 0.101992 -0.068315
v -0.201593 0.080609 -0.071740
v -0.044147 0.096639 -0.072979
v -0.044154 0.081585 -0.074856
v -0.044147 0.116065 -0.064166
v -0.044158 0.134797 -0.046884
v -0.044016 0.142885 -0.026394
v -0.201797 0.140145 0.021953
v -0.201834 0.133550 0.076797
v -0.000001 0.143381 0.032718
v -0.000001 0.137649 0.077480
v 0.000000 0.144422 0.010703
v -0.012565 0.144382 0.008896
v -0.024113 0.144419 0.003622
v -0.044169 0.081734 -0.074825
v -0.042937 0.080552 -0.070702
v -0.081040 0.080636 -0.071322
v -0.152975 0.081028 -0.073324
v -0.152962 0.080010 -0.070462
v -0.202472 0.079495 -0.068212
v -0.201566 0.080517 -0.071150
v 0.125711 0.014271 -0.027932
v 0.179349 0.014203 -0.027472
v 0.129206 0.035392 -0.042795
v 0.132465 0.040715 -0.051500
v 0.176075 0.037221 -0.044117
v 0.168747 0.041788 -0.061466
v 0.139359 0.043635 -0.063677
v 0.152970 0.046386 -0.064806
v 0.044148 0.116431 -0.063898
v 0.044158 0.134671 -0.047143
v 0.044016 0.142885 -0.026394
v 0.040568 0.143863 -0.015192
v 0.033706 0.144523 -0.004689
v 0.024113 0.144416 0.003622
v 0.012565 0.144388 0.008896
v 0.126919 0.142856 0.027907
v 0.201834 0.133550 0.076797
v 0.201711 0.141770 -0.015756
v 0.201622 0.131791 -0.044118
v 0.201501 0.116073 -0.059899
v 0.085815 0.120115 -0.060724
v 0.082459 0.116991 -0.063091
v 0.044139 0.081721 -0.075982
v 0.082308 0.081706 -0.076086
v 0.175161 0.116769 -0.060387
v 0.178545 0.113565 -0.062739
v 0.179476 0.080892 -0.073291
v 0.201582 0.080701 -0.072640
v 0.000001 0.137649 0.077480
v 0.000000 0.143384 0.030901
v -0.000000 0.144416 0.010703
v 0.125680 0.014186 -0.027853
v -0.000000 0.012270 -0.023046
v 0.179269 0.014251 -0.027283
v 0.177804 0.009597 0.096939
v 0.177804 0.009973 0.069590
v 0.136206 0.009963 0.069589
v 0.136206 0.009584 0.096940
v 0.177952 0.009379 0.112984
v -0.000000 0.009363 0.112981
v 0.177952 0.007863 0.222321
v -0.000000 0.007849 0.222323
v 0.000000 0.007573 0.241954
v 0.201562 0.007604 0.241520
v -0.000000 0.032626 -0.056469
v 0.024097 0.038303 -0.060948
v 0.012565 0.034074 -0.057582
v 0.044154 0.079908 -0.074900
v 0.044144 0.068886 -0.074469
v 0.082301 0.079635 -0.075196
v 0.082458 0.050122 -0.068110
v 0.040685 0.055827 -0.070943
v 0.085758 0.047011 -0.066185
v 0.139371 0.043616 -0.063718
v 0.120937 0.048251 -0.066363
v 0.033579 0.045363 -0.066106
v 0.125927 0.032533 -0.055888
v 0.000000 0.027035 -0.051343
v 0.152962 0.046296 -0.064979
v 0.129688 0.054158 -0.069001
v 0.135334 0.056583 -0.069361
v 0.175355 0.058386 -0.068886
v 0.168747 0.041788 -0.061466
v 0.178488 0.061427 -0.069966
v 0.201568 0.078597 -0.072742
v 0.179473 0.078929 -0.072198
v 0.201568 0.043517 -0.061957
v 0.179988 0.032341 -0.054926
v 0.201564 0.012817 -0.027111
v 0.201561 0.023735 -0.043889
v 0.202457 0.026118 -0.042056
v 0.201561 0.032770 -0.053603
v 0.202457 0.019630 -0.031459
v 0.201561 0.016922 -0.032769
v 0.201561 0.012629 -0.020677
v 0.202457 0.013909 -0.006005
v 0.201562 0.011014 -0.006171
v 0.202457 0.015585 -0.020002
v 0.201564 0.007614 0.241506
v 0.202457 0.010469 0.241449
v 0.202457 0.034750 -0.051341
v 0.201671 0.047442 -0.063794
v 0.202457 0.045155 -0.058922
v 0.201383 0.067211 -0.070383
v 0.202457 0.056865 -0.064454
v 0.202457 0.069339 -0.067656
v 0.202457 0.079517 -0.068258
v 0.201566 0.078697 -0.071199
v 0.220380 0.029755 -0.045282
v 0.203181 0.037110 -0.058462
v 0.203219 0.012896 -0.023684
v 0.219633 0.015888 -0.021461
v 0.221753 0.031311 -0.026204
v 0.221753 0.027553 -0.017926
v 0.221753 0.025407 -0.005906
v 0.221753 0.021650 0.232143
v 0.221822 0.020849 0.247417
v 0.221753 0.023745 0.237098
v 0.221753 0.025885 0.247269
v 0.221730 0.031673 0.250299
v 0.221753 0.027781 0.240007
v 0.221688 0.034993 0.255792
v 0.221753 0.033466 0.240373
v 0.221753 0.039787 0.238037
v 0.221753 0.047806 0.230932
v 0.221642 0.042820 0.251673
v 0.221541 0.055288 0.239081
v 0.221753 0.057860 0.216178
v 0.221537 0.067396 0.221618
v 0.221604 0.081526 0.193948
v 0.221753 0.070674 0.187885
v 0.221753 0.083169 0.156536
v 0.221858 0.093517 0.124243
v 0.221641 0.094499 0.162545
v 0.221774 0.106403 0.126482
v 0.222029 0.117232 0.082762
v 0.221706 0.103434 0.082606
v 0.221753 0.109634 0.041418
v 0.221329 0.121121 0.079244
v 0.221753 0.111798 0.014011
v 0.221753 0.111733 -0.005404
v 0.221753 0.109960 -0.016016
v 0.216450 0.137465 -0.026783
v 0.221047 0.131852 -0.026287
v 0.221753 0.099276 -0.034593
v 0.221753 0.106683 -0.024258
v 0.221753 0.085098 -0.044039
v 0.221753 0.071248 -0.047783
v 0.221805 0.087282 -0.060256
v 0.218329 0.101224 -0.065093
v 0.218375 0.074269 -0.068555
v 0.203218 0.113613 -0.061846
v 0.218412 0.121722 -0.051444
v 0.203300 0.132343 -0.042871
v 0.203369 0.140161 -0.020033
v 0.218128 0.136223 0.023746
v 0.203420 0.133722 0.076699
v 0.218048 0.129178 0.077576
v 0.203216 0.081950 -0.071873
v 0.218329 0.050342 -0.062491
v 0.221753 0.039435 -0.036039
v 0.221753 0.053798 -0.044720
v 0.221516 0.016112 0.249518
v 0.216204 0.011443 0.256727
v 0.218484 0.010316 0.249406
v 0.203237 0.009222 0.259162
v 0.223405 0.050702 -0.042468
v 0.223405 0.039902 -0.035511
v 0.223405 0.031914 -0.025838
v 0.223405 0.064314 -0.046691
v 0.223405 0.028225 -0.017716
v 0.223405 0.074270 -0.046555
v 0.223405 0.026105 -0.005839
v 0.223405 0.022352 0.231984
v 0.223405 0.032943 0.239671
v 0.223405 0.027998 0.239318
v 0.223405 0.024290 0.236623
v 0.136206 0.009584 0.096940
v 0.136209 0.027965 0.095533
v 0.136206 0.009963 0.069589
v 0.136209 0.027965 0.070967
v 0.223405 0.075169 -0.046383
v 0.223405 0.033896 0.239470
v 0.223487 0.102759 0.082406
v 0.223405 0.084836 -0.043386
v 0.223405 0.108937 0.041344
v 0.223405 0.111098 0.013979
v 0.223405 0.111033 -0.005378
v 0.223405 0.098781 -0.034086
v 0.223405 0.109271 -0.015865
v 0.223405 0.106052 -0.023944
v 0.223510 0.092843 0.124054
v 0.223405 0.082508 0.156303
v 0.223405 0.070035 0.187602
v 0.223405 0.057253 0.215827
v 0.223405 0.047283 0.230457
v 0.223405 0.039438 0.237417
v 0.177865 0.027965 0.095533
v 0.177865 0.027965 0.070967
v 0.136209 0.027965 0.095533
v 0.136209 0.027965 0.070967
v 0.177804 0.009973 0.069590
v 0.177865 0.027965 0.070967
v 0.177804 0.009597 0.096939
v 0.177865 0.027965 0.095533
v 0.218646 0.130319 0.078818
v 0.218017 0.097090 0.186652
v 0.203441 0.124294 0.117198
v 0.203446 0.132287 0.077927
v 0.221239 0.122386 0.079932
v 0.221514 0.118329 0.083175
v 0.221633 0.107495 0.126797
v 0.221499 0.095565 0.162941
v 0.221461 0.082558 0.194424
v 0.218357 0.068250 0.239429
v 0.221387 0.068373 0.222202
v 0.221394 0.056165 0.239810
v 0.221504 0.043523 0.252579
v 0.218650 0.041529 0.265824
v 0.203332 0.043833 0.268171
v 0.203442 0.072380 0.238954
v 0.203423 0.099495 0.187853
v 0.203223 0.020788 0.270156
v 0.203225 0.011341 0.259723
v 0.217156 0.011571 0.257816
v 0.218862 0.021676 0.266737
v 0.222057 0.034864 0.257303
v 0.220704 0.017013 0.250406
v 0.221737 0.021176 0.248543
v 0.221741 0.025619 0.248423
v 0.221726 0.030866 0.251170
v 0.177865 0.027965 0.070967
v 0.177804 0.009973 0.069590
v 0.136209 0.027965 0.070967
v 0.136206 0.009963 0.069589
v 0.177804 0.009597 0.096939
v 0.177865 0.027965 0.095533
v 0.136206 0.009584 0.096940
v 0.136209 0.027965 0.095533
v 0.177952 0.009379 0.112984
v 0.177952 0.052111 0.120903
v 0.177952 0.007863 0.222321
v 0.177952 0.052111 0.214121
v -0.000000 0.052111 0.120903
v 0.177952 0.052111 0.120903
v -0.000000 0.009363 0.112981
v 0.177952 0.009379 0.112984
v 0.177952 0.007863 0.222321
v 0.177952 0.052111 0.214121
v -0.000000 0.007849 0.222323
v -0.000000 0.052111 0.214121
v 0.044146 0.081562 -0.074826
v 0.042937 0.080552 -0.070702
v 0.082302 0.081367 -0.074548
v 0.082703 0.080433 -0.071370
v 0.082705 0.079959 -0.071259
v 0.042937 0.080552 -0.070702
v 0.082301 0.079712 -0.074601
v 0.044149 0.079913 -0.074900
v -0.000000 0.052111 0.214121
v 0.177952 0.052111 0.214121
v -0.000000 0.052111 0.120903
v 0.177952 0.052111 0.120903
v 0.125677 0.016922 -0.033908
v 0.125727 0.014713 -0.028355
v 0.125800 0.023735 -0.045503
v 0.128315 0.031288 -0.039447
v 0.125936 0.032770 -0.055631
v 0.129777 0.038586 -0.045864
v 0.139359 0.043635 -0.063677
v 0.179342 0.016922 -0.033196
v 0.179312 0.014779 -0.027888
v 0.175776 0.033246 -0.040750
v 0.179651 0.023735 -0.044487
v 0.179988 0.032770 -0.054343
v 0.173338 0.040348 -0.050661
v 0.168747 0.041788 -0.061466
v 0.178768 0.079748 -0.069231
v 0.179473 0.078928 -0.072196
v 0.202457 0.079517 -0.068258
v 0.201566 0.078697 -0.071199
v 0.178768 0.079748 -0.069231
v 0.179485 0.080749 -0.072138
v 0.202457 0.079517 -0.068258
v 0.201566 0.080517 -0.071150
v -0.125711 0.014271 -0.027932
v -0.129206 0.035392 -0.042795
v -0.179349 0.014203 -0.027472
v -0.176075 0.037221 -0.044117
v -0.132465 0.040715 -0.051500
v -0.168747 0.041788 -0.061466
v -0.139359 0.043635 -0.063677
v -0.152970 0.046386 -0.064806
v -0.125680 0.014186 -0.027853
v 0.000000 0.012270 -0.023045
v -0.179269 0.014251 -0.027283
v -0.201559 0.011772 -0.017108
v -0.177804 0.009597 0.096939
v -0.177804 0.009973 0.069590
v -0.136206 0.009963 0.069589
v -0.136206 0.009584 0.096940
v -0.000000 0.009363 0.112981
v -0.177952 0.009379 0.112984
v -0.177952 0.007863 0.222321
v -0.000000 0.007849 0.222323
v -0.201562 0.007609 0.241521
v -0.000000 0.007573 0.241954
v -0.000000 0.027035 -0.051343
v -0.024097 0.038303 -0.060948
v -0.125927 0.032533 -0.055888
v -0.139371 0.043616 -0.063718
v -0.152962 0.046296 -0.064979
v -0.168747 0.041788 -0.061466
v -0.135334 0.056583 -0.069361
v -0.129688 0.054158 -0.069001
v -0.120937 0.048251 -0.066364
v -0.085758 0.047011 -0.066185
v -0.082458 0.050122 -0.068110
v -0.082301 0.079635 -0.075196
v -0.044154 0.079908 -0.074900
v -0.044144 0.068886 -0.074469
v -0.040685 0.055827 -0.070943
v -0.033579 0.045363 -0.066106
v -0.012565 0.034074 -0.057582
v -0.000000 0.032626 -0.056469
v -0.175355 0.058386 -0.068886
v -0.201568 0.078597 -0.072742
v -0.201568 0.043517 -0.061957
v -0.179988 0.032341 -0.054926
v -0.201558 0.019923 -0.039010
v -0.179473 0.078929 -0.072198
v -0.178488 0.061427 -0.069966
v -0.201561 0.023735 -0.043889
v -0.201561 0.032770 -0.053603
v -0.202457 0.026118 -0.042056
v -0.202457 0.019630 -0.031459
v -0.201561 0.016922 -0.032769
v -0.201561 0.012629 -0.020677
v -0.202457 0.015585 -0.020002
v -0.202457 0.013909 -0.006005
v -0.201562 0.011014 -0.006171
v -0.201564 0.007614 0.241506
v -0.202457 0.010469 0.241449
v -0.202457 0.034750 -0.051341
v -0.201671 0.047442 -0.063794
v -0.202457 0.045155 -0.058922
v -0.202457 0.056865 -0.064454
v -0.201383 0.067211 -0.070383
v -0.202457 0.069339 -0.067656
v -0.202457 0.079517 -0.068258
v -0.201566 0.078697 -0.071199
v -0.220380 0.029755 -0.045282
v -0.203219 0.012896 -0.023684
v -0.219633 0.015888 -0.021461
v -0.221753 0.031311 -0.026204
v -0.221753 0.027553 -0.017926
v -0.221753 0.025407 -0.005906
v -0.221753 0.021650 0.232143
v -0.221822 0.020849 0.247417
v -0.221753 0.023745 0.237098
v -0.221753 0.025885 0.247269
v -0.221753 0.027781 0.240007
v -0.221730 0.031673 0.250299
v -0.221688 0.034993 0.255792
v -0.221753 0.033466 0.240373
v -0.221753 0.039787 0.238037
v -0.221642 0.042820 0.251673
v -0.221753 0.047806 0.230932
v -0.221541 0.055288 0.239081
v -0.221753 0.057860 0.216178
v -0.221537 0.067396 0.221618
v -0.221753 0.070674 0.187885
v -0.221604 0.081526 0.193948
v -0.221753 0.083169 0.156536
v -0.221641 0.094499 0.162545
v -0.221858 0.093517 0.124243
v -0.221774 0.106403 0.126482
v -0.222029 0.117232 0.082762
v -0.221706 0.103434 0.082606
v -0.221329 0.121121 0.079244
v -0.218048 0.129178 0.077576
v -0.218128 0.136223 0.023746
v -0.203420 0.133722 0.076699
v -0.203369 0.140161 -0.020033
v -0.221753 0.111733 -0.005404
v -0.221753 0.111798 0.014011
v -0.221753 0.109960 -0.016016
v -0.221753 0.106683 -0.024258
v -0.221047 0.131852 -0.026287
v -0.221753 0.099276 -0.034593
v -0.221753 0.085098 -0.044039
v -0.221753 0.071248 -0.047783
v -0.218329 0.101224 -0.065093
v -0.203218 0.113613 -0.061846
v -0.218412 0.121722 -0.051444
v -0.203300 0.132343 -0.042871
v -0.216450 0.137465 -0.026783
v -0.218375 0.074269 -0.068555
v -0.203216 0.081950 -0.071873
v -0.218329 0.050341 -0.062491
v -0.221805 0.087282 -0.060256
v -0.221753 0.053798 -0.044720
v -0.221753 0.039435 -0.036039
v -0.203181 0.037110 -0.058462
v -0.221753 0.109634 0.041418
v -0.221516 0.016112 0.249518
v -0.216204 0.011443 0.256727
v -0.218484 0.010316 0.249406
v -0.203237 0.009222 0.259162
v -0.223405 0.050702 -0.042468
v -0.223405 0.039902 -0.035511
v -0.223405 0.031914 -0.025838
v -0.223405 0.064314 -0.046691
v -0.223405 0.028225 -0.017716
v -0.223405 0.074270 -0.046555
v -0.223405 0.026105 -0.005839
v -0.223405 0.022352 0.231984
v -0.223405 0.032943 0.239671
v -0.223405 0.024290 0.236623
v -0.223405 0.027998 0.239318
v -0.136206 0.009584 0.096940
v -0.136206 0.009963 0.069589
v -0.136209 0.027965 0.095533
v -0.136209 0.027965 0.070967
v -0.223405 0.075169 -0.046383
v -0.223487 0.102759 0.082406
v -0.223405 0.033896 0.239470
v -0.223405 0.108937 0.041344
v -0.223405 0.084836 -0.043386
v -0.223405 0.111098 0.013979
v -0.223405 0.098781 -0.034086
v -0.223405 0.111033 -0.005378
v -0.223405 0.109271 -0.015865
v -0.223405 0.106052 -0.023944
v -0.223510 0.092843 0.124054
v -0.223405 0.082508 0.156303
v -0.223405 0.070035 0.187602
v -0.223405 0.057253 0.215827
v -0.223405 0.047283 0.230457
v -0.223405 0.039438 0.237417
v -0.177865 0.027965 0.095533
v -0.136209 0.027965 0.095533
v -0.177865 0.027965 0.070967
v -0.136209 0.027965 0.070967
v -0.177804 0.009973 0.069590
v -0.177804 0.009597 0.096939
v -0.177865 0.027965 0.070967
v -0.177865 0.027965 0.095533
v -0.218646 0.130319 0.078818
v -0.203441 0.124294 0.117198
v -0.218017 0.097090 0.186653
v -0.203446 0.132287 0.077927
v -0.221239 0.122386 0.079932
v -0.221514 0.118329 0.083175
v -0.221633 0.107495 0.126797
v -0.221499 0.095565 0.162941
v -0.221461 0.082558 0.194424
v -0.218357 0.068250 0.239429
v -0.221387 0.068373 0.222202
v -0.221394 0.056165 0.239810
v -0.221504 0.043523 0.252579
v -0.218650 0.041529 0.265824
v -0.222057 0.034864 0.257303
v -0.220704 0.017013 0.250406
v -0.221737 0.021176 0.248543
v -0.221741 0.025619 0.248423
v -0.221726 0.030866 0.251170
v -0.218862 0.021676 0.266737
v -0.217156 0.011571 0.257816
v -0.203225 0.011341 0.259723
v -0.203223 0.020788 0.270156
v -0.203332 0.043833 0.268171
v -0.203442 0.072380 0.238954
v -0.203423 0.099495 0.187853
v -0.177865 0.027965 0.070967
v -0.136209 0.027965 0.070967
v -0.177804 0.009973 0.069590
v -0.136206 0.009963 0.069589
v -0.177804 0.009597 0.096939
v -0.136206 0.009584 0.096940
v -0.177865 0.027965 0.095533
v -0.136209 0.027965 0.095533
v -0.177952 0.009379 0.112984
v -0.177952 0.007863 0.222321
v -0.177952 0.052111 0.120903
v -0.177952 0.052111 0.214121
v -0.000000 0.052111 0.120903
v -0.000000 0.009363 0.112981
v -0.177952 0.052111 0.120903
v -0.177952 0.009379 0.112984
v -0.177952 0.007863 0.222321
v -0.000000 0.007849 0.222323
v -0.177952 0.052111 0.214121
v -0.000000 0.052111 0.214121
v -0.082705 0.079959 -0.071259
v -0.082301 0.079712 -0.074601
v -0.042937 0.080552 -0.070702
v -0.044149 0.079913 -0.074900
v -0.000000 0.052111 0.214121
v -0.000000 0.052111 0.120903
v -0.177952 0.052111 0.214121
v -0.177952 0.052111 0.120903
v -0.125677 0.016922 -0.033908
v -0.125800 0.023735 -0.045503
v -0.125727 0.014713 -0.028355
v -0.128315 0.031288 -0.039447
v -0.125936 0.032770 -0.055631
v -0.129777 0.038586 -0.045864
v -0.139359 0.043635 -0.063677
v -0.179342 0.016922 -0.033196
v -0.179312 0.014779 -0.027888
v -0.175776 0.033246 -0.040750
v -0.179651 0.023735 -0.044487
v -0.179988 0.032770 -0.054343
v -0.173338 0.040348 -0.050661
v -0.168747 0.041788 -0.061466
v -0.178768 0.079748 -0.069231
v -0.179473 0.078928 -0.072196
v -0.202457 0.079517 -0.068258
v -0.201566 0.078697 -0.071199
v 0.165437 0.017878 -0.063702
v 0.165437 0.013239 -0.060330
v 0.165437 0.020135 -0.057789
v 0.165437 0.021435 -0.061313
v 0.165437 0.022175 -0.063322
v 0.165437 0.024201 -0.057244
v 0.165437 0.023596 -0.059470
v 0.165437 0.019122 -0.055041
v 0.165437 0.017822 -0.051516
v 0.165437 0.023097 -0.052605
v 0.165437 0.012342 -0.054665
v 0.165437 0.016726 -0.049364
v 0.165437 0.020824 -0.051435
v 0.163914 0.008458 -0.066738
v 0.163914 0.013260 -0.070227
v 0.162757 0.007094 -0.068000
v 0.162757 0.003614 -0.062321
v 0.163914 0.005359 -0.061678
v 0.162757 0.002573 -0.055743
v 0.163914 0.004430 -0.055816
v 0.162757 0.004129 -0.049267
v 0.163914 0.005817 -0.050046
v 0.162757 0.008044 -0.043880
v 0.163914 0.009305 -0.045245
v 0.162757 0.013722 -0.040401
v 0.163914 0.014366 -0.042145
v 0.162757 0.020300 -0.039359
v 0.163914 0.020227 -0.041217
v 0.162757 0.026776 -0.040915
v 0.163914 0.025998 -0.042603
v 0.162757 0.032163 -0.044830
v 0.163914 0.030798 -0.046091
v 0.162757 0.035643 -0.050508
v 0.163914 0.033899 -0.051152
v 0.162757 0.036684 -0.057086
v 0.163914 0.034826 -0.057013
v 0.162757 0.035129 -0.063562
v 0.163914 0.033441 -0.062784
v 0.162757 0.031214 -0.068950
v 0.163914 0.029952 -0.067584
v 0.162757 0.025535 -0.072429
v 0.163914 0.024891 -0.070685
v 0.162757 0.018957 -0.073470
v 0.163914 0.019030 -0.071613
v 0.162757 0.012482 -0.071915
v 0.163856 0.011759 -0.054497
v 0.165384 0.013641 -0.052093
v 0.163770 0.016756 -0.048795
v 0.165437 0.017081 -0.049508
v 0.165255 0.012772 -0.058984
v 0.163856 0.012707 -0.060623
v 0.163856 0.017711 -0.064285
v 0.165384 0.017928 -0.063601
v 0.163914 0.022422 -0.063991
v 0.165437 0.022175 -0.063322
v 0.163914 0.022422 -0.063991
v 0.165437 0.022175 -0.063322
v 0.163596 0.026947 -0.058474
v 0.165144 0.026330 -0.058182
v 0.163737 0.023796 -0.050256
v 0.165268 0.023340 -0.050754
v 0.163914 0.016835 -0.048838
v 0.165437 0.017081 -0.049508
v 0.165437 0.022175 -0.063322
v 0.175995 0.022175 -0.063321
v 0.165437 0.027846 -0.055079
v 0.175995 0.027062 -0.057943
v 0.165437 0.017081 -0.049508
v 0.175995 0.017255 -0.047703
v 0.165437 0.021435 -0.061313
v 0.173698 0.021435 -0.061313
v 0.165437 0.022175 -0.063322
v 0.175995 0.022175 -0.063321
v 0.173698 0.020135 -0.057789
v 0.175995 0.017081 -0.049508
v 0.165437 0.017822 -0.051516
v 0.173698 0.017822 -0.051516
v 0.173698 0.019122 -0.055041
v 0.165437 0.017081 -0.049508
v 0.165437 0.020135 -0.057789
v 0.165437 0.019122 -0.055041
v 0.165437 0.023097 -0.052605
v 0.173698 0.023097 -0.052605
v 0.165437 0.019122 -0.055041
v 0.173698 0.019122 -0.055041
v 0.165437 0.020135 -0.057789
v 0.173698 0.020135 -0.057789
v 0.165437 0.024201 -0.057244
v 0.173698 0.024201 -0.057244
v 0.177795 0.016204 -0.062995
v 0.176140 0.016621 -0.062537
v 0.176318 0.017387 -0.049909
v 0.178037 0.017318 -0.049424
v 0.177640 0.022434 -0.064203
v 0.176066 0.022169 -0.063401
v 0.177616 0.022423 -0.063991
v 0.177894 0.027001 -0.058489
v 0.175995 0.022175 -0.063321
v 0.176252 0.026380 -0.058188
v 0.177771 0.023819 -0.050232
v 0.176142 0.023353 -0.050727
v 0.177616 0.016835 -0.048838
v 0.175995 0.017081 -0.049508
v 0.175995 0.016106 -0.062596
v 0.175995 0.015569 -0.051008
v 0.175995 0.017081 -0.049508
v 0.175995 0.022089 -0.063556
v 0.140776 0.008458 -0.066738
v 0.141934 0.007094 -0.068000
v 0.140776 0.013260 -0.070227
v 0.141934 0.003614 -0.062321
v 0.140776 0.005359 -0.061678
v 0.141934 0.002573 -0.055743
v 0.140776 0.004430 -0.055816
v 0.141934 0.004129 -0.049267
v 0.140776 0.005817 -0.050046
v 0.141934 0.008044 -0.043880
v 0.140776 0.009305 -0.045245
v 0.141934 0.013722 -0.040401
v 0.140776 0.014366 -0.042145
v 0.141934 0.020300 -0.039359
v 0.140776 0.020227 -0.041217
v 0.141934 0.026776 -0.040915
v 0.140776 0.025998 -0.042603
v 0.141934 0.032163 -0.044830
v 0.140776 0.030798 -0.046091
v 0.141934 0.035643 -0.050508
v 0.140776 0.033899 -0.051152
v 0.141934 0.036684 -0.057086
v 0.140776 0.034826 -0.057013
v 0.141934 0.035129 -0.063562
v 0.140776 0.033441 -0.062784
v 0.141934 0.031214 -0.068950
v 0.140776 0.029952 -0.067584
v 0.141934 0.025535 -0.072429
v 0.140776 0.024891 -0.070685
v 0.141934 0.018957 -0.073470
v 0.140776 0.019030 -0.071613
v 0.141934 0.012482 -0.071915
v 0.162757 0.008210 -0.042697
v 0.162757 0.002573 -0.055743
v 0.141934 0.009037 -0.041209
v 0.162757 0.024291 -0.039706
v 0.141934 0.029308 -0.042019
v 0.162757 0.038070 -0.054597
v 0.141934 0.037475 -0.056193
v 0.141934 0.023596 -0.074516
v 0.162757 0.021447 -0.074856
v 0.141934 0.000000 -0.056228
v 0.162757 0.000605 -0.056104
v 0.141934 0.002573 -0.055743
v 0.140776 0.013260 -0.070227
v 0.140776 0.024891 -0.070685
v 0.140776 0.008458 -0.066738
v 0.140776 0.019030 -0.071613
v 0.140776 0.029952 -0.067584
v 0.140776 0.005359 -0.061678
v 0.140776 0.033441 -0.062784
v 0.140776 0.004430 -0.055816
v 0.140776 0.034826 -0.057013
v 0.140776 0.005817 -0.050046
v 0.140776 0.033899 -0.051152
v 0.140776 0.009305 -0.045245
v 0.140776 0.030798 -0.046091
v 0.140776 0.014366 -0.042145
v 0.140776 0.025998 -0.042603
v 0.140776 0.020227 -0.041217
v 0.163914 0.024891 -0.070685
v 0.163914 0.019030 -0.071613
v 0.163914 0.013260 -0.070227
v 0.163914 0.008458 -0.066738
v 0.163914 0.029952 -0.067584
v 0.163914 0.033441 -0.062784
v 0.163914 0.005359 -0.061678
v 0.163914 0.004430 -0.055816
v 0.163914 0.034826 -0.057013
v 0.163914 0.005817 -0.050046
v 0.163914 0.033899 -0.051152
v 0.163914 0.009305 -0.045245
v 0.163914 0.030798 -0.046091
v 0.163914 0.014366 -0.042145
v 0.163914 0.025998 -0.042603
v 0.163914 0.020227 -0.041217
v 0.139368 0.017878 -0.063702
v 0.139368 0.020135 -0.057789
v 0.139368 0.013239 -0.060330
v 0.139368 0.021435 -0.061313
v 0.139368 0.022175 -0.063322
v 0.139368 0.023596 -0.059470
v 0.139368 0.024201 -0.057244
v 0.139368 0.019122 -0.055041
v 0.139368 0.012342 -0.054665
v 0.139368 0.017822 -0.051516
v 0.139368 0.016726 -0.049364
v 0.139368 0.023097 -0.052605
v 0.139368 0.020824 -0.051435
v 0.140949 0.011759 -0.054497
v 0.139421 0.013641 -0.052093
v 0.141035 0.016756 -0.048794
v 0.139368 0.017081 -0.049508
v 0.139550 0.012772 -0.058984
v 0.140949 0.012707 -0.060623
v 0.140949 0.017711 -0.064286
v 0.139420 0.017928 -0.063602
v 0.140891 0.022422 -0.063991
v 0.139368 0.022175 -0.063322
v 0.140891 0.022422 -0.063991
v 0.141209 0.026947 -0.058474
v 0.139368 0.022175 -0.063322
v 0.139660 0.026330 -0.058182
v 0.141069 0.023797 -0.050256
v 0.139536 0.023340 -0.050754
v 0.140891 0.016835 -0.048838
v 0.139368 0.017081 -0.049508
v 0.139368 0.022175 -0.063322
v 0.139368 0.027846 -0.055079
v 0.128708 0.022175 -0.063321
v 0.128708 0.027062 -0.057943
v 0.128708 0.017255 -0.047703
v 0.139368 0.017081 -0.049508
v 0.139368 0.023596 -0.059470
v 0.139368 0.021435 -0.061313
v 0.131005 0.023597 -0.059470
v 0.131005 0.021435 -0.061313
v 0.139368 0.021435 -0.061313
v 0.139368 0.022175 -0.063322
v 0.131005 0.021435 -0.061313
v 0.128708 0.022175 -0.063321
v 0.131005 0.020135 -0.057789
v 0.139368 0.020135 -0.057789
v 0.131005 0.019122 -0.055041
v 0.128708 0.017081 -0.049508
v 0.139368 0.017081 -0.049508
v 0.139368 0.017822 -0.051516
v 0.131005 0.017822 -0.051516
v 0.139368 0.019122 -0.055041
v 0.139368 0.017822 -0.051516
v 0.139368 0.020824 -0.051435
v 0.131005 0.017822 -0.051516
v 0.131005 0.020824 -0.051435
v 0.139368 0.023097 -0.052605
v 0.139368 0.019122 -0.055041
v 0.131005 0.023097 -0.052605
v 0.131005 0.019122 -0.055041
v 0.139368 0.020135 -0.057789
v 0.139368 0.024201 -0.057244
v 0.131005 0.020135 -0.057789
v 0.131005 0.024201 -0.057244
v 0.126908 0.016205 -0.062995
v 0.128385 0.017388 -0.049909
v 0.126666 0.017318 -0.049425
v 0.128563 0.016621 -0.062537
v 0.127063 0.022434 -0.064203
v 0.128637 0.022169 -0.063401
v 0.127087 0.022423 -0.063991
v 0.128708 0.022175 -0.063321
v 0.126809 0.027000 -0.058489
v 0.128451 0.026380 -0.058188
v 0.126932 0.023819 -0.050232
v 0.128560 0.023353 -0.050727
v 0.127087 0.016835 -0.048838
v 0.128708 0.017081 -0.049508
v 0.128708 0.016106 -0.062596
v 0.128708 0.015569 -0.051008
v 0.128708 0.017081 -0.049508
v 0.128708 0.022089 -0.063556
v -0.165437 0.017878 -0.063702
v -0.165437 0.020135 -0.057789
v -0.165437 0.013239 -0.060330
v -0.165437 0.021435 -0.061313
v -0.165437 0.022175 -0.063322
v -0.165437 0.024201 -0.057244
v -0.165437 0.023596 -0.059470
v -0.165437 0.019122 -0.055041
v -0.165437 0.012342 -0.054665
v -0.165437 0.017822 -0.051516
v -0.165437 0.016726 -0.049364
v -0.165437 0.023097 -0.052605
v -0.165437 0.020824 -0.051435
v -0.163914 0.008458 -0.066738
v -0.162757 0.007094 -0.068000
v -0.163914 0.013260 -0.070227
v -0.162757 0.003614 -0.062321
v -0.163914 0.005359 -0.061678
v -0.162757 0.002573 -0.055743
v -0.163914 0.004430 -0.055816
v -0.162757 0.004129 -0.049267
v -0.163914 0.005817 -0.050046
v -0.162757 0.008044 -0.043880
v -0.163914 0.009305 -0.045245
v -0.162757 0.013722 -0.040401
v -0.163914 0.014366 -0.042145
v -0.162757 0.020300 -0.039359
v -0.163914 0.020227 -0.041217
v -0.162757 0.026776 -0.040915
v -0.163914 0.025998 -0.042603
v -0.162757 0.032163 -0.044830
v -0.163914 0.030798 -0.046091
v -0.162757 0.035643 -0.050508
v -0.163914 0.033899 -0.051152
v -0.162757 0.036684 -0.057086
v -0.163914 0.034826 -0.057013
v -0.162757 0.035129 -0.063562
v -0.163914 0.033441 -0.062784
v -0.162757 0.031214 -0.068950
v -0.163914 0.029952 -0.067584
v -0.162757 0.025535 -0.072429
v -0.163914 0.024891 -0.070685
v -0.162757 0.018957 -0.073470
v -0.163914 0.019030 -0.071613
v -0.162757 0.012482 -0.071915
v -0.163856 0.011759 -0.054497
v -0.165384 0.013641 -0.052093
v -0.163770 0.016756 -0.048795
v -0.165437 0.017081 -0.049508
v -0.165255 0.012772 -0.058984
v -0.163856 0.012707 -0.060623
v -0.163856 0.017711 -0.064285
v -0.165384 0.017928 -0.063601
v -0.163914 0.022422 -0.063991
v -0.165437 0.022175 -0.063322
v -0.163914 0.022422 -0.063991
v -0.163596 0.026947 -0.058474
v -0.165437 0.022175 -0.063322
v -0.165144 0.026330 -0.058182
v -0.163737 0.023796 -0.050256
v -0.165268 0.023340 -0.050754
v -0.163914 0.016835 -0.048838
v -0.165437 0.017081 -0.049508
v -0.165437 0.022175 -0.063322
v -0.165437 0.027846 -0.055079
v -0.175995 0.022175 -0.063321
v -0.175995 0.027062 -0.057943
v -0.175995 0.017255 -0.047703
v -0.165437 0.017081 -0.049508
v -0.165437 0.021435 -0.061313
v -0.165437 0.022175 -0.063322
v -0.173698 0.021435 -0.061313
v -0.175995 0.022175 -0.063321
v -0.173698 0.020135 -0.057789
v -0.173698 0.019122 -0.055041
v -0.175995 0.017081 -0.049508
v -0.165437 0.020135 -0.057789
v -0.165437 0.019122 -0.055041
v -0.165437 0.017822 -0.051516
v -0.173698 0.017822 -0.051516
v -0.165437 0.017081 -0.049508
v -0.165437 0.023097 -0.052605
v -0.165437 0.019122 -0.055041
v -0.173698 0.023097 -0.052605
v -0.173698 0.019122 -0.055041
v -0.165437 0.020135 -0.057789
v -0.165437 0.024201 -0.057244
v -0.173698 0.020135 -0.057789
v -0.173698 0.024201 -0.057244
v -0.177795 0.016204 -0.062995
v -0.176318 0.017387 -0.049909
v -0.178037 0.017318 -0.049424
v -0.176140 0.016621 -0.062537
v -0.177640 0.022434 -0.064203
v -0.176066 0.022169 -0.063401
v -0.177616 0.022423 -0.063991
v -0.175995 0.022175 -0.063321
v -0.177894 0.027001 -0.058489
v -0.176252 0.026380 -0.058188
v -0.177771 0.023819 -0.050232
v -0.176142 0.023353 -0.050727
v -0.177616 0.016835 -0.048838
v -0.175995 0.017081 -0.049508
v -0.175995 0.016106 -0.062596
v -0.175995 0.015569 -0.051008
v -0.175995 0.017081 -0.049508
v -0.175995 0.022089 -0.063556
v -0.140776 0.008458 -0.066738
v -0.140776 0.013260 -0.070227
v -0.141934 0.007094 -0.068000
v -0.141934 0.003614 -0.062321
v -0.140776 0.005359 -0.061678
v -0.141934 0.002573 -0.055743
v -0.140776 0.004430 -0.055816
v -0.141934 0.004129 -0.049267
v -0.140776 0.005817 -0.050046
v -0.141934 0.008044 -0.043880
v -0.140776 0.009305 -0.045245
v -0.141934 0.013722 -0.040401
v -0.140776 0.014366 -0.042145
v -0.141934 0.020300 -0.039359
v -0.140776 0.020227 -0.041217
v -0.141934 0.026776 -0.040915
v -0.140776 0.025998 -0.042603
v -0.141934 0.032163 -0.044830
v -0.140776 0.030798 -0.046091
v -0.141934 0.035643 -0.050508
v -0.140776 0.033899 -0.051152
v -0.141934 0.036684 -0.057086
v -0.140776 0.034826 -0.057013
v -0.141934 0.035129 -0.063562
v -0.140776 0.033441 -0.062784
v -0.141934 0.031214 -0.068950
v -0.140776 0.029952 -0.067584
v -0.141934 0.025535 -0.072429
v -0.140776 0.024891 -0.070685
v -0.141934 0.018957 -0.073470
v -0.140776 0.019030 -0.071613
v -0.141934 0.012482 -0.071915
v -0.162757 0.008210 -0.042697
v -0.141934 0.009037 -0.041209
v -0.162757 0.002573 -0.055743
v -0.162757 0.024291 -0.039706
v -0.141934 0.032091 -0.043638
v -0.162757 0.038070 -0.054597
v -0.141934 0.035233 -0.066410
v -0.162757 0.021447 -0.074856
v -0.141934 0.009634 -0.072019
v -0.162757 0.000605 -0.056104
v -0.141934 0.002573 -0.055743
v -0.141934 0.002573 -0.055743
v -0.140776 0.013260 -0.070227
v -0.140776 0.008458 -0.066738
v -0.140776 0.024891 -0.070685
v -0.140776 0.019030 -0.071613
v -0.140776 0.029952 -0.067584
v -0.140776 0.005359 -0.061678
v -0.140776 0.033441 -0.062784
v -0.140776 0.004430 -0.055816
v -0.140776 0.034826 -0.057013
v -0.140776 0.005817 -0.050046
v -0.140776 0.033899 -0.051152
v -0.140776 0.009305 -0.045245
v -0.140776 0.030798 -0.046091
v -0.140776 0.014366 -0.042145
v -0.140776 0.025998 -0.042603
v -0.140776 0.020227 -0.041217
v -0.163914 0.024891 -0.070685
v -0.163914 0.013260 -0.070227
v -0.163914 0.019030 -0.071613
v -0.163914 0.008458 -0.066738
v -0.163914 0.029952 -0.067584
v -0.163914 0.005359 -0.061678
v -0.163914 0.033441 -0.062784
v -0.163914 0.034826 -0.057013
v -0.163914 0.033899 -0.051152
v -0.163914 0.005817 -0.050046
v -0.163914 0.004430 -0.055816
v -0.163914 0.009305 -0.045245
v -0.163914 0.030798 -0.046091
v -0.163914 0.014366 -0.042145
v -0.163914 0.025998 -0.042603
v -0.163914 0.020227 -0.041217
v -0.139368 0.017878 -0.063702
v -0.139368 0.013239 -0.060330
v -0.139368 0.020135 -0.057789
v -0.139368 0.021435 -0.061313
v -0.139368 0.022175 -0.063322
v -0.139368 0.023596 -0.059470
v -0.139368 0.024201 -0.057244
v -0.139368 0.019122 -0.055041
v -0.139368 0.017822 -0.051516
v -0.139368 0.023097 -0.052605
v -0.139368 0.012342 -0.054665
v -0.139368 0.016726 -0.049364
v -0.139368 0.020824 -0.051435
v -0.140949 0.011759 -0.054497
v -0.139421 0.013641 -0.052093
v -0.141035 0.016756 -0.048794
v -0.139368 0.017081 -0.049508
v -0.139550 0.012772 -0.058984
v -0.140949 0.012707 -0.060623
v -0.140949 0.017711 -0.064286
v -0.139420 0.017928 -0.063602
v -0.140891 0.022422 -0.063991
v -0.139368 0.022175 -0.063322
v -0.140891 0.022422 -0.063991
v -0.139368 0.022175 -0.063322
v -0.141209 0.026947 -0.058474
v -0.139660 0.026330 -0.058182
v -0.141069 0.023797 -0.050256
v -0.139536 0.023340 -0.050754
v -0.140891 0.016835 -0.048838
v -0.139368 0.017081 -0.049508
v -0.139368 0.022175 -0.063322
v -0.128708 0.022175 -0.063321
v -0.139368 0.027846 -0.055079
v -0.128708 0.027062 -0.057943
v -0.139368 0.017081 -0.049508
v -0.128708 0.017255 -0.047703
v -0.139368 0.023596 -0.059470
v -0.131005 0.023597 -0.059470
v -0.139368 0.021435 -0.061313
v -0.131005 0.021435 -0.061313
v -0.139368 0.021435 -0.061313
v -0.131005 0.021435 -0.061313
v -0.139368 0.022175 -0.063322
v -0.128708 0.022175 -0.063321
v -0.131005 0.020135 -0.057789
v -0.128708 0.017081 -0.049508
v -0.131005 0.017822 -0.051516
v -0.131005 0.019122 -0.055041
v -0.139368 0.017081 -0.049508
v -0.139368 0.017822 -0.051516
v -0.139368 0.019122 -0.055041
v -0.139368 0.020135 -0.057789
v -0.139368 0.017822 -0.051516
v -0.131005 0.017822 -0.051516
v -0.139368 0.020824 -0.051435
v -0.131005 0.020824 -0.051435
v -0.139368 0.023097 -0.052605
v -0.131005 0.023097 -0.052605
v -0.139368 0.019122 -0.055041
v -0.131005 0.019122 -0.055041
v -0.139368 0.020135 -0.057789
v -0.131005 0.020135 -0.057789
v -0.139368 0.024201 -0.057244
v -0.131005 0.024201 -0.057244
v -0.126908 0.016205 -0.062995
v -0.128563 0.016621 -0.062537
v -0.126666 0.017318 -0.049425
v -0.128385 0.017388 -0.049909
v -0.127063 0.022434 -0.064203
v -0.128637 0.022169 -0.063401
v -0.127087 0.022423 -0.063991
v -0.126809 0.027000 -0.058489
v -0.128708 0.022175 -0.063321
v -0.128451 0.026380 -0.058188
v -0.126932 0.023819 -0.050232
v -0.128560 0.023353 -0.050727
v -0.127087 0.016835 -0.048838
v -0.128708 0.017081 -0.049508
v -0.128708 0.016106 -0.062596
v -0.128708 0.015569 -0.051008
v -0.128708 0.017081 -0.049508
v -0.128708 0.022089 -0.063556
v 0.169896 0.013568 0.077870
v 0.169896 0.010941 0.079515
v 0.169896 0.015189 0.082118
v 0.169896 0.016123 0.079586
v 0.169896 0.016655 0.078143
v 0.169896 0.018196 0.082148
v 0.169896 0.014461 0.084092
v 0.169896 0.009508 0.082263
v 0.169896 0.013527 0.086624
v 0.169896 0.010470 0.086270
v 0.169896 0.012995 0.088066
v 0.169896 0.017142 0.086126
v 0.168453 0.005529 0.077417
v 0.168452 0.012274 0.072510
v 0.167578 0.004403 0.076709
v 0.167575 0.002934 0.085951
v 0.168454 0.004230 0.085656
v 0.167578 0.008430 0.093528
v 0.168802 0.007409 0.091129
v 0.168449 0.013127 0.093867
v 0.167971 0.015308 0.095357
v 0.167581 0.022009 0.093002
v 0.168802 0.019400 0.093027
v 0.168449 0.024118 0.088792
v 0.167575 0.026901 0.085025
v 0.168802 0.025743 0.082675
v 0.167576 0.024721 0.075922
v 0.168452 0.023636 0.076693
v 0.167971 0.019068 0.071601
v 0.168802 0.018606 0.072854
v 0.167579 0.011976 0.071212
v 0.168455 0.009450 0.084435
v 0.169352 0.012903 0.088313
v 0.169579 0.009911 0.084250
v 0.168761 0.011388 0.078407
v 0.169765 0.012648 0.078317
v 0.168760 0.016829 0.077465
v 0.169896 0.016655 0.078143
v 0.169350 0.016745 0.077900
v 0.168574 0.020084 0.081625
v 0.169686 0.019639 0.081835
v 0.168675 0.017821 0.087529
v 0.169776 0.017492 0.087171
v 0.169349 0.012907 0.088308
v 0.169896 0.016655 0.078143
v 0.169896 0.020729 0.084065
v 0.176706 0.017497 0.077251
v 0.169896 0.012995 0.088066
v 0.176706 0.013120 0.089362
v 0.169896 0.016123 0.079586
v 0.175056 0.016123 0.079586
v 0.169896 0.016655 0.078143
v 0.176706 0.016655 0.078143
v 0.175056 0.015189 0.082118
v 0.176706 0.012995 0.088066
v 0.169896 0.013527 0.086624
v 0.175056 0.013527 0.086624
v 0.175056 0.014461 0.084092
v 0.169896 0.012995 0.088066
v 0.169896 0.015189 0.082118
v 0.169896 0.014461 0.084092
v 0.177999 0.012365 0.078378
v 0.176810 0.012664 0.078707
v 0.176938 0.013215 0.087778
v 0.178173 0.013165 0.088126
v 0.177888 0.016840 0.077510
v 0.176756 0.016650 0.078086
v 0.177287 0.016745 0.077901
v 0.178070 0.020122 0.081615
v 0.176890 0.019675 0.081831
v 0.177981 0.017835 0.087550
v 0.176812 0.017501 0.087188
v 0.177283 0.012907 0.088319
v 0.176706 0.012294 0.078665
v 0.176706 0.012548 0.087790
v 0.176706 0.016592 0.077974
v 0.145567 0.005529 0.077417
v 0.146443 0.004403 0.076709
v 0.145568 0.012274 0.072510
v 0.146445 0.002934 0.085951
v 0.145567 0.004230 0.085656
v 0.146442 0.008430 0.093528
v 0.145219 0.007409 0.091129
v 0.145571 0.013127 0.093867
v 0.146049 0.015308 0.095357
v 0.146440 0.022009 0.093002
v 0.145219 0.019400 0.093027
v 0.145571 0.024118 0.088792
v 0.146445 0.026901 0.085025
v 0.145219 0.025743 0.082675
v 0.146444 0.024721 0.075922
v 0.145568 0.023636 0.076693
v 0.146049 0.019068 0.071601
v 0.145219 0.018606 0.072854
v 0.146442 0.011976 0.071212
v 0.167971 0.001878 0.083764
v 0.146049 0.002148 0.083695
v 0.146049 0.009772 0.094889
v 0.167971 0.011018 0.095348
v 0.146049 0.023779 0.092282
v 0.167971 0.024680 0.091306
v 0.146049 0.026035 0.075924
v 0.167971 0.025116 0.074660
v 0.146049 0.007645 0.071895
v 0.167971 0.006381 0.072814
v 0.146049 0.002573 0.083588
v 0.167971 0.002573 0.083588
v 0.145219 0.012227 0.072290
v 0.145219 0.018606 0.072854
v 0.145219 0.005341 0.077294
v 0.145219 0.023822 0.076566
v 0.145219 0.004010 0.085703
v 0.145219 0.025743 0.082675
v 0.145219 0.024309 0.088916
v 0.145219 0.009014 0.092589
v 0.145219 0.017423 0.093919
v 0.168802 0.018606 0.072854
v 0.168802 0.012227 0.072290
v 0.168802 0.023822 0.076566
v 0.168802 0.005341 0.077294
v 0.168802 0.025743 0.082675
v 0.168802 0.004010 0.085703
v 0.168802 0.024309 0.088916
v 0.168802 0.009014 0.092589
v 0.168802 0.017423 0.093919
v 0.144207 0.013568 0.077870
v 0.144207 0.015189 0.082118
v 0.144207 0.010941 0.079515
v 0.144207 0.016123 0.079586
v 0.144207 0.016655 0.078143
v 0.144207 0.018196 0.082148
v 0.144207 0.014461 0.084092
v 0.144207 0.009508 0.082263
v 0.144207 0.013527 0.086624
v 0.144207 0.010470 0.086270
v 0.144207 0.012995 0.088066
v 0.144207 0.017142 0.086126
v 0.145648 0.009451 0.084435
v 0.144524 0.009911 0.084250
v 0.144751 0.012903 0.088313
v 0.145342 0.011388 0.078407
v 0.144338 0.012649 0.078318
v 0.145342 0.016829 0.077466
v 0.144207 0.016655 0.078143
v 0.144753 0.016745 0.077900
v 0.145529 0.020083 0.081625
v 0.144417 0.019639 0.081835
v 0.145428 0.017820 0.087529
v 0.144328 0.017492 0.087171
v 0.144753 0.012907 0.088308
v 0.144207 0.016655 0.078143
v 0.144207 0.020729 0.084065
v 0.137443 0.017497 0.077251
v 0.137443 0.013120 0.089362
v 0.144207 0.012995 0.088066
v 0.144207 0.016123 0.079586
v 0.144207 0.016655 0.078143
v 0.139093 0.016123 0.079586
v 0.137443 0.016655 0.078143
v 0.139093 0.015189 0.082118
v 0.144207 0.015189 0.082118
v 0.139093 0.014461 0.084092
v 0.137443 0.012995 0.088066
v 0.144207 0.012995 0.088066
v 0.144207 0.013527 0.086624
v 0.139093 0.013527 0.086624
v 0.144207 0.014461 0.084092
v 0.136150 0.012365 0.078378
v 0.137212 0.013215 0.087778
v 0.135976 0.013165 0.088126
v 0.137339 0.012664 0.078707
v 0.136262 0.016840 0.077510
v 0.137393 0.016650 0.078086
v 0.136862 0.016745 0.077901
v 0.136079 0.020122 0.081615
v 0.137259 0.019675 0.081831
v 0.136168 0.017835 0.087550
v 0.137337 0.017501 0.087188
v 0.136866 0.012907 0.088319
v 0.137443 0.012294 0.078665
v 0.137443 0.012548 0.087790
v 0.137443 0.016592 0.077974
v -0.169896 0.013568 0.077870
v -0.169896 0.015189 0.082118
v -0.169896 0.010941 0.079515
v -0.169896 0.016123 0.079586
v -0.169896 0.016655 0.078143
v -0.169896 0.018196 0.082148
v -0.169896 0.014461 0.084092
v -0.169896 0.009508 0.082263
v -0.169896 0.013527 0.086624
v -0.169896 0.010470 0.086270
v -0.169896 0.012995 0.088066
v -0.169896 0.017142 0.086126
v -0.168453 0.005529 0.077417
v -0.167578 0.004403 0.076709
v -0.168452 0.012274 0.072510
v -0.167575 0.002934 0.085951
v -0.168454 0.004230 0.085656
v -0.167578 0.008430 0.093528
v -0.168802 0.007409 0.091129
v -0.168449 0.013127 0.093867
v -0.167971 0.015308 0.095357
v -0.167581 0.022009 0.093002
v -0.168802 0.019400 0.093027
v -0.168449 0.024118 0.088792
v -0.167575 0.026901 0.085025
v -0.168802 0.025743 0.082675
v -0.167576 0.024721 0.075922
v -0.168452 0.023636 0.076693
v -0.167971 0.019068 0.071601
v -0.168802 0.018606 0.072854
v -0.167579 0.011976 0.071212
v -0.168455 0.009450 0.084435
v -0.169579 0.009911 0.084250
v -0.169352 0.012903 0.088313
v -0.168761 0.011388 0.078407
v -0.169765 0.012648 0.078317
v -0.168760 0.016829 0.077465
v -0.169896 0.016655 0.078143
v -0.169350 0.016745 0.077900
v -0.168574 0.020084 0.081625
v -0.169686 0.019639 0.081835
v -0.168675 0.017821 0.087529
v -0.169776 0.017492 0.087171
v -0.169349 0.012907 0.088308
v -0.169896 0.016655 0.078143
v -0.169896 0.020729 0.084065
v -0.176706 0.017497 0.077251
v -0.176706 0.013120 0.089362
v -0.169896 0.012995 0.088066
v -0.169896 0.016123 0.079586
v -0.169896 0.016655 0.078143
v -0.175056 0.016123 0.079586
v -0.176706 0.016655 0.078143
v -0.175056 0.015189 0.082118
v -0.175056 0.014461 0.084092
v -0.176706 0.012995 0.088066
v -0.169896 0.015189 0.082118
v -0.169896 0.014461 0.084092
v -0.169896 0.013527 0.086624
v -0.175056 0.013527 0.086624
v -0.169896 0.012995 0.088066
v -0.177999 0.012365 0.078378
v -0.176938 0.013215 0.087778
v -0.178173 0.013165 0.088126
v -0.176810 0.012664 0.078707
v -0.177888 0.016840 0.077510
v -0.176756 0.016650 0.078086
v -0.177287 0.016745 0.077901
v -0.178070 0.020122 0.081615
v -0.176890 0.019675 0.081831
v -0.177981 0.017835 0.087550
v -0.176812 0.017501 0.087188
v -0.177283 0.012907 0.088319
v -0.176706 0.012294 0.078665
v -0.176706 0.012548 0.087790
v -0.176706 0.016592 0.077974
v -0.145567 0.005529 0.077417
v -0.145568 0.012274 0.072510
v -0.146443 0.004403 0.076709
v -0.146445 0.002934 0.085951
v -0.145567 0.004230 0.085656
v -0.146442 0.008430 0.093528
v -0.145219 0.007409 0.091129
v -0.145571 0.013127 0.093867
v -0.146049 0.015308 0.095357
v -0.146440 0.022009 0.093002
v -0.145219 0.019400 0.093027
v -0.145571 0.024118 0.088792
v -0.146445 0.026901 0.085025
v -0.145219 0.025743 0.082675
v -0.146444 0.024721 0.075922
v -0.145568 0.023636 0.076693
v -0.146049 0.019068 0.071601
v -0.145219 0.018606 0.072854
v -0.146442 0.011976 0.071212
v -0.167971 0.001878 0.083764
v -0.146049 0.009772 0.094889
v -0.167971 0.011018 0.095348
v -0.146049 0.023779 0.092282
v -0.167971 0.024680 0.091306
v -0.146049 0.026035 0.075924
v -0.167971 0.025116 0.074660
v -0.146049 0.007645 0.071895
v -0.167971 0.006381 0.072814
v -0.146049 0.002573 0.083588
v -0.167971 0.002573 0.083588
v -0.146049 0.002148 0.083695
v -0.145219 0.012227 0.072290
v -0.145219 0.005341 0.077294
v -0.145219 0.018606 0.072854
v -0.145219 0.023822 0.076566
v -0.145219 0.004010 0.085703
v -0.145219 0.025743 0.082675
v -0.145219 0.024309 0.088916
v -0.145219 0.009014 0.092589
v -0.145219 0.017423 0.093919
v -0.168802 0.018606 0.072854
v -0.168802 0.012227 0.072290
v -0.168802 0.005341 0.077294
v -0.168802 0.023822 0.076566
v -0.168802 0.025743 0.082675
v -0.168802 0.004010 0.085703
v -0.168802 0.009014 0.092589
v -0.168802 0.024309 0.088916
v -0.168802 0.017423 0.093919
v -0.144207 0.013568 0.077870
v -0.144207 0.010941 0.079515
v -0.144207 0.015189 0.082118
v -0.144207 0.016123 0.079586
v -0.144207 0.016655 0.078143
v -0.144207 0.018196 0.082148
v -0.144207 0.014461 0.084092
v -0.144207 0.009508 0.082263
v -0.144207 0.013527 0.086624
v -0.144207 0.010470 0.086270
v -0.144207 0.012995 0.088066
v -0.144207 0.017142 0.086126
v -0.145648 0.009451 0.084435
v -0.144751 0.012903 0.088313
v -0.144524 0.009911 0.084250
v -0.145342 0.011388 0.078407
v -0.144338 0.012649 0.078318
v -0.145342 0.016829 0.077466
v -0.144207 0.016655 0.078143
v -0.144753 0.016745 0.077900
v -0.145529 0.020083 0.081625
v -0.144417 0.019639 0.081835
v -0.145428 0.017820 0.087529
v -0.144328 0.017492 0.087171
v -0.144753 0.012907 0.088308
v -0.144207 0.016655 0.078143
v -0.144207 0.020729 0.084065
v -0.137443 0.017497 0.077251
v -0.144207 0.012995 0.088066
v -0.137443 0.013120 0.089362
v -0.144207 0.016123 0.079586
v -0.139093 0.016123 0.079586
v -0.144207 0.016655 0.078143
v -0.137443 0.016655 0.078143
v -0.139093 0.015189 0.082118
v -0.137443 0.012995 0.088066
v -0.139093 0.013527 0.086624
v -0.139093 0.014461 0.084092
v -0.144207 0.012995 0.088066
v -0.144207 0.013527 0.086624
v -0.144207 0.014461 0.084092
v -0.144207 0.015189 0.082118
v -0.136150 0.012365 0.078378
v -0.137339 0.012664 0.078707
v -0.135976 0.013165 0.088126
v -0.137212 0.013215 0.087778
v -0.136262 0.016840 0.077510
v -0.137393 0.016650 0.078086
v -0.136862 0.016745 0.077901
v -0.136079 0.020122 0.081615
v -0.137259 0.019675 0.081831
v -0.136168 0.017835 0.087550
v -0.137337 0.017501 0.087188
v -0.136866 0.012907 0.088319
v -0.137443 0.012294 0.078665
v -0.137443 0.012548 0.087790
v -0.137443 0.016592 0.077974
v 0.176748 0.018561 0.173655
v 0.176748 0.011542 0.178345
v 0.176748 0.018561 0.213636
v 0.176748 0.026842 0.215283
v 0.176748 0.026842 0.172008
v 0.176748 0.011542 0.208945
v 0.176748 0.006852 0.185365
v 0.176748 0.006852 0.201925
v 0.176748 0.005204 0.193645
v 0.175102 0.017550 0.171212
v 0.176748 0.018561 0.173655
v 0.175102 0.026842 0.169363
v 0.176748 0.011542 0.178345
v 0.175102 0.009672 0.176475
v 0.176748 0.006852 0.185365
v 0.175102 0.004409 0.184353
v 0.176748 0.005204 0.193645
v 0.175102 0.002560 0.193645
v 0.176748 0.006852 0.201925
v 0.175102 0.004409 0.202938
v 0.176748 0.011542 0.208945
v 0.175102 0.009672 0.210815
v 0.176748 0.018561 0.213636
v 0.175102 0.017550 0.216079
v 0.176748 0.026842 0.215283
v 0.175102 0.026842 0.217927
v 0.176748 0.026842 0.172008
v 0.000000 0.017550 0.171212
v 0.000000 0.026842 0.169363
v 0.175102 0.006836 0.179197
v 0.000000 0.011764 0.174120
v -0.175102 0.003343 0.186887
v 0.175102 0.002545 0.196393
v -0.175102 0.007517 0.209762
v 0.175102 0.012394 0.213652
v 0.000000 0.013168 0.214109
v -0.175102 0.026842 0.217927
v 0.000000 0.026842 0.217927
v 0.000000 0.017550 0.216079
v 0.175102 0.026842 0.217927
v -0.175102 0.013887 0.172641
v -0.175102 0.026842 0.169363
v 0.175102 0.026662 0.168514
v -0.176748 0.018561 0.173655
v -0.176748 0.018561 0.213636
v -0.176748 0.011542 0.178345
v -0.176748 0.026842 0.215283
v -0.176748 0.026842 0.172008
v -0.176748 0.011542 0.208945
v -0.176748 0.006852 0.185365
v -0.176748 0.006852 0.201925
v -0.176748 0.005204 0.193645
v -0.175102 0.017550 0.171212
v -0.175102 0.026842 0.169363
v -0.176748 0.018561 0.173655
v -0.176748 0.011542 0.178345
v -0.175102 0.009672 0.176475
v -0.176748 0.006852 0.185365
v -0.175102 0.004409 0.184353
v -0.176748 0.005204 0.193645
v -0.175102 0.002560 0.193645
v -0.176748 0.006852 0.201925
v -0.175102 0.004409 0.202938
v -0.176748 0.011542 0.208945
v -0.175102 0.009672 0.210815
v -0.176748 0.018561 0.213636
v -0.175102 0.017550 0.216079
v -0.176748 0.026842 0.215283
v -0.175102 0.026842 0.217927
v -0.176748 0.026842 0.172008
v 0.176748 0.018561 0.121455
v 0.176748 0.011542 0.126146
v 0.176748 0.018561 0.161436
v 0.176748 0.026842 0.163083
v 0.176748 0.026842 0.119808
v 0.176748 0.011542 0.156746
v 0.176748 0.006852 0.133166
v 0.176748 0.006852 0.149727
v 0.176748 0.005204 0.141446
v 0.175102 0.017550 0.119012
v 0.176748 0.018561 0.121455
v 0.175102 0.026842 0.117164
v 0.176748 0.011542 0.126146
v 0.175102 0.009672 0.124276
v 0.176748 0.006852 0.133166
v 0.175102 0.004409 0.132154
v 0.176748 0.005204 0.141446
v 0.175102 0.002560 0.141446
v 0.176748 0.006852 0.149727
v 0.175102 0.004409 0.150738
v 0.176748 0.011542 0.156746
v 0.175102 0.009672 0.158616
v 0.176748 0.018561 0.161436
v 0.175102 0.017550 0.163879
v 0.176748 0.026842 0.163083
v 0.175102 0.026842 0.165728
v 0.176748 0.026842 0.119808
v 0.000000 0.012394 0.121439
v 0.000000 0.026842 0.117164
v 0.175102 0.006836 0.126998
v 0.000000 0.026842 0.117164
v -0.175102 0.026662 0.116315
v -0.175102 0.006836 0.126998
v 0.000000 0.002479 0.137516
v -0.175102 0.002479 0.145376
v 0.000000 0.006836 0.155894
v -0.175102 0.012394 0.161452
v -0.175102 0.026842 0.165728
v 0.000000 0.026662 0.166577
v 0.175102 0.026842 0.165728
v 0.175102 0.012394 0.161452
v 0.000000 0.006836 0.155894
v 0.175102 0.002479 0.145376
v 0.000000 0.002479 0.137516
v 0.175102 0.026662 0.116315
v -0.176748 0.018561 0.121455
v -0.176748 0.018561 0.161436
v -0.176748 0.011542 0.126146
v -0.176748 0.026842 0.163083
v -0.176748 0.026842 0.119808
v -0.176748 0.011542 0.156746
v -0.176748 0.006852 0.133166
v -0.176748 0.006852 0.149727
v -0.176748 0.005204 0.141446
v -0.175102 0.017550 0.119012
v -0.175102 0.026842 0.117164
v -0.176748 0.018561 0.121455
v -0.176748 0.011542 0.126146
v -0.175102 0.009672 0.124276
v -0.176748 0.006852 0.133166
v -0.175102 0.004409 0.132154
v -0.176748 0.005204 0.141446
v -0.175102 0.002560 0.141446
v -0.176748 0.006852 0.149727
v -0.175102 0.004409 0.150738
v -0.176748 0.011542 0.156746
v -0.175102 0.009672 0.158616
v -0.176748 0.018561 0.161436
v -0.175102 0.017550 0.163879
v -0.176748 0.026842 0.163083
v -0.175102 0.026842 0.165728
v -0.176748 0.026842 0.119808
v 0.127143 0.016833 -0.066106
v 0.127194 0.013789 -0.020082
v 0.130010 0.025805 -0.070333
v 0.129339 0.054700 -0.037284
v 0.142500 0.034513 -0.074371
v 0.143077 0.065420 -0.041635
v 0.161985 0.034508 -0.074360
v 0.161867 0.065343 -0.041632
v 0.174255 0.026192 -0.070507
v 0.175384 0.054516 -0.037204
v 0.177481 0.016833 -0.066106
v 0.177430 0.013789 -0.020082
v 0.177432 0.014430 -0.062008
v 0.127191 0.014430 -0.062008
v 0.123234 0.014441 -0.062013
v 0.123232 0.017284 -0.066318
v 0.123234 0.013789 -0.020082
v 0.125808 0.057069 -0.038281
v 0.127174 0.028665 -0.071670
v 0.141759 0.069929 -0.043531
v 0.141598 0.038512 -0.076223
v 0.162818 0.069856 -0.043475
v 0.163452 0.038390 -0.076184
v 0.178692 0.057291 -0.038378
v 0.177875 0.028209 -0.071466
v 0.181391 0.017284 -0.066318
v 0.181389 0.013789 -0.020082
v 0.181389 0.014441 -0.062013
v 0.123234 0.014441 -0.062013
v 0.123234 0.013789 -0.020082
v 0.127191 0.014430 -0.062008
v 0.127194 0.013789 -0.020082
v 0.181389 0.013789 -0.020082
v 0.181389 0.014441 -0.062013
v 0.177430 0.013789 -0.020082
v 0.177432 0.014430 -0.062008
v 0.181079 0.020016 -0.068103
v 0.173455 0.026961 -0.070865
v 0.176508 0.029570 -0.072091
v 0.164788 0.033371 -0.073876
v 0.170529 0.034608 -0.074457
v 0.163908 0.037915 -0.076011
v 0.154947 0.035511 -0.074881
v 0.155270 0.039587 -0.076796
v 0.147464 0.035363 -0.074812
v 0.146848 0.039416 -0.076716
v 0.138157 0.032415 -0.073427
v 0.136302 0.036041 -0.075130
v 0.131166 0.026959 -0.070864
v 0.128115 0.029570 -0.072091
v 0.127386 0.019101 -0.067560
v 0.123667 0.020623 -0.067865
v 0.123234 0.014441 -0.062013
v 0.127191 0.014430 -0.062008
v 0.177124 0.019636 -0.067375
v 0.177432 0.014430 -0.062008
v 0.181389 0.014441 -0.062013
v -0.127194 0.013789 -0.020082
v -0.127143 0.016833 -0.066106
v -0.130010 0.025805 -0.070333
v -0.129339 0.054700 -0.037284
v -0.142500 0.034513 -0.074371
v -0.143077 0.065420 -0.041635
v -0.161985 0.034508 -0.074360
v -0.161867 0.065343 -0.041632
v -0.174255 0.026192 -0.070507
v -0.177481 0.016833 -0.066106
v -0.175384 0.054516 -0.037204
v -0.177430 0.013789 -0.020082
v -0.177432 0.014430 -0.062008
v -0.127191 0.014430 -0.062008
v -0.123234 0.014441 -0.062013
v -0.123234 0.013789 -0.020082
v -0.123232 0.017284 -0.066318
v -0.125808 0.057069 -0.038281
v -0.127174 0.028665 -0.071670
v -0.141759 0.069929 -0.043531
v -0.141598 0.038512 -0.076223
v -0.162818 0.069856 -0.043475
v -0.163452 0.038390 -0.076184
v -0.178692 0.057291 -0.038378
v -0.177875 0.028209 -0.071466
v -0.181391 0.017284 -0.066318
v -0.181389 0.013789 -0.020082
v -0.181389 0.014441 -0.062013
v -0.123234 0.014441 -0.062013
v -0.127191 0.014430 -0.062008
v -0.123234 0.013789 -0.020082
v -0.127194 0.013789 -0.020082
v -0.181389 0.013789 -0.020082
v -0.177430 0.013789 -0.020082
v -0.181389 0.014441 -0.062013
v -0.177432 0.014430 -0.062008
v -0.181079 0.020016 -0.068103
v -0.177124 0.019636 -0.067375
v -0.173455 0.026961 -0.070865
v -0.176508 0.029570 -0.072091
v -0.164788 0.033371 -0.073876
v -0.170529 0.034608 -0.074457
v -0.163908 0.037915 -0.076011
v -0.154947 0.035511 -0.074881
v -0.155270 0.039587 -0.076796
v -0.147464 0.035363 -0.074812
v -0.146848 0.039416 -0.076716
v -0.138157 0.032415 -0.073427
v -0.136302 0.036041 -0.075130
v -0.131166 0.026959 -0.070864
v -0.128115 0.029570 -0.072091
v -0.127386 0.019101 -0.067560
v -0.123667 0.020623 -0.067865
v -0.123234 0.014441 -0.062013
v -0.127191 0.014430 -0.062008
v -0.177432 0.014430 -0.062008
v -0.181389 0.014441 -0.062013
v 0.016781 0.118060 -0.086925
v 0.016781 0.121071 -0.084736
v 0.016781 0.113864 -0.084406
v 0.016781 0.114336 -0.086925
v 0.016781 0.111323 -0.084736
v 0.016781 0.112422 -0.079968
v 0.016781 0.110173 -0.081195
v 0.016781 0.111323 -0.077654
v 0.016781 0.115018 -0.077564
v 0.016781 0.114336 -0.075465
v 0.016781 0.118530 -0.077983
v 0.016781 0.118060 -0.075465
v 0.016781 0.121071 -0.077654
v 0.016781 0.120015 -0.081195
v 0.016781 0.122222 -0.081195
v 0.016781 0.118531 -0.084406
v 0.016970 0.116169 -0.084770
v 0.016972 0.119586 -0.082325
v 0.015917 0.115154 -0.084406
v 0.016406 0.113565 -0.081230
v 0.016972 0.112791 -0.082272
v 0.016971 0.114119 -0.078287
v 0.016084 0.116173 -0.078034
v 0.016971 0.118320 -0.078320
v 0.016085 0.119195 -0.080195
v 0.016085 0.118074 -0.083736
v 0.015240 0.117999 -0.086740
v 0.015239 0.114396 -0.086740
v 0.015237 0.111479 -0.084623
v 0.015238 0.110366 -0.081195
v 0.015239 0.111481 -0.077767
v 0.015238 0.114395 -0.075649
v 0.015238 0.118000 -0.075649
v 0.015239 0.120915 -0.084622
v 0.015238 0.122029 -0.081195
v 0.015239 0.120915 -0.077767
v 0.015236 0.118000 -0.075648
v 0.014987 0.118002 -0.086747
v 0.014990 0.114393 -0.086749
v 0.014991 0.111473 -0.084628
v 0.014989 0.110358 -0.081195
v 0.014989 0.111473 -0.077762
v 0.014990 0.114393 -0.075641
v 0.014990 0.118002 -0.075641
v 0.014989 0.120922 -0.084627
v 0.014990 0.122037 -0.081195
v 0.014989 0.120921 -0.077763
v 0.014991 0.118003 -0.075641
v 0.016760 0.116869 -0.088096
v 0.015368 0.122048 -0.083488
v 0.015372 0.118569 -0.074771
v 0.016752 0.118894 -0.074440
v 0.015350 0.111562 -0.086421
v 0.016778 0.110163 -0.079622
v 0.015341 0.118000 -0.074092
v 0.016782 0.118041 -0.074654
v 0.014864 0.118785 -0.087327
v 0.000240 0.123354 -0.081806
v 0.014843 0.118921 -0.074371
v 0.000249 0.118227 -0.074948
v 0.000240 0.113405 -0.087811
v 0.000246 0.109867 -0.078714
v 0.014852 0.109357 -0.079685
v 0.014873 0.118079 -0.075405
v 0.000239 0.118215 -0.074429
v 0.038416 0.162383 -0.074949
v 0.041463 0.204474 -0.068233
v 0.029850 0.163054 -0.089894
v 0.041432 0.141607 -0.051619
v 0.023338 0.126176 -0.076719
v 0.000000 0.123009 -0.081875
v -0.023338 0.126176 -0.076719
v 0.000000 0.123009 -0.081875
v 0.000038 0.159241 -0.102985
v 0.000000 0.174560 -0.104758
v -0.016852 0.161273 -0.099525
v -0.030752 0.213319 -0.088722
v -0.029850 0.163053 -0.089894
v -0.016897 0.217948 -0.099705
v 0.000000 0.219596 -0.103641
v -0.038416 0.162383 -0.074949
v -0.041463 0.204474 -0.068233
v -0.037226 0.191209 -0.038093
v -0.041432 0.141607 -0.051619
v -0.038247 0.166223 -0.040758
v -0.035844 0.156262 -0.027767
v 0.000005 0.166162 -0.011664
v -0.015462 0.163973 -0.015275
v -0.000086 0.179577 -0.013961
v -0.020012 0.181968 -0.018402
v -0.029248 0.168573 -0.026676
v 0.016852 0.161273 -0.099525
v 0.016897 0.217948 -0.099705
v 0.000000 0.219596 -0.103641
v 0.030752 0.213319 -0.088722
v 0.035844 0.156262 -0.027767
v 0.038247 0.166223 -0.040758
v 0.029248 0.168573 -0.026676
v 0.037226 0.191209 -0.038093
v 0.020012 0.181968 -0.018402
v 0.015462 0.163973 -0.015275
v 0.000086 0.179577 -0.013961
v -0.000005 0.166162 -0.011664
v 0.034815 0.087819 -0.038813
v 0.038289 0.124025 -0.052463
v 0.041576 0.103526 -0.013288
v 0.040962 0.137817 -0.030765
v 0.024630 0.117909 0.010088
v 0.022131 0.151678 -0.008968
v 0.000000 0.121719 0.016278
v -0.016448 0.153683 -0.005822
v -0.024630 0.117909 0.010088
v -0.040962 0.137817 -0.030765
v -0.041576 0.103526 -0.013288
v -0.034815 0.087819 -0.038813
v -0.038289 0.124025 -0.052463
v -0.021952 0.113273 -0.069373
v -0.000504 0.077034 -0.056337
v 0.000000 0.110305 -0.074044
v 0.000504 0.077034 -0.056337
v 0.021952 0.113273 -0.069373
v 0.034962 0.131158 -0.065190
v 0.000031 0.121055 -0.081624
v 0.024461 0.115690 -0.068913
v 0.043293 0.135316 -0.038038
v 0.041552 0.146816 -0.039712
v 0.023583 0.161531 -0.015770
v 0.023268 0.152645 -0.010794
v 0.000000 0.156169 -0.005246
v 0.000000 0.164717 -0.010587
v 0.000000 0.156169 -0.005246
v -0.023583 0.161531 -0.015770
v -0.023268 0.152646 -0.010794
v -0.041552 0.146816 -0.039712
v -0.043293 0.135316 -0.038038
v -0.028978 0.126340 -0.073032
v -0.024461 0.115690 -0.068914
v 0.000000 0.111832 -0.074985
v 0.000000 0.111832 -0.074985
v -0.016781 0.118060 -0.086925
v -0.016781 0.121071 -0.084736
v -0.016781 0.118531 -0.084406
v -0.016781 0.113864 -0.084406
v -0.016781 0.114336 -0.086925
v -0.016781 0.111323 -0.084736
v -0.016781 0.112422 -0.079968
v -0.016781 0.110173 -0.081195
v -0.016781 0.111323 -0.077654
v -0.016781 0.115018 -0.077564
v -0.016781 0.114336 -0.075465
v -0.016781 0.118530 -0.077983
v -0.016781 0.118060 -0.075465
v -0.016781 0.121071 -0.077654
v -0.016781 0.120015 -0.081195
v -0.016781 0.122222 -0.081195
v -0.016970 0.116169 -0.084770
v -0.016972 0.119586 -0.082325
v -0.016085 0.118074 -0.083736
v -0.015917 0.115154 -0.084406
v -0.016406 0.113565 -0.081230
v -0.016972 0.112791 -0.082272
v -0.016971 0.114119 -0.078287
v -0.016084 0.116173 -0.078034
v -0.016971 0.118320 -0.078320
v -0.016085 0.119195 -0.080195
v -0.015240 0.117999 -0.086740
v -0.015239 0.120915 -0.084622
v -0.015239 0.114396 -0.086740
v -0.015237 0.111479 -0.084623
v -0.015238 0.110366 -0.081195
v -0.015239 0.111481 -0.077767
v -0.015238 0.114395 -0.075649
v -0.015238 0.118000 -0.075649
v -0.015238 0.122029 -0.081195
v -0.015239 0.120915 -0.077767
v -0.015236 0.118000 -0.075648
v -0.014987 0.118002 -0.086747
v -0.014989 0.120922 -0.084627
v -0.014990 0.114393 -0.086749
v -0.014991 0.111473 -0.084628
v -0.014989 0.110358 -0.081195
v -0.014989 0.111473 -0.077762
v -0.014990 0.114393 -0.075641
v -0.014990 0.118002 -0.075641
v -0.014989 0.122037 -0.081195
v -0.014989 0.120921 -0.077763
v -0.014991 0.118003 -0.075641
v -0.016760 0.116869 -0.088096
v -0.015368 0.122048 -0.083488
v -0.016752 0.118894 -0.074440
v -0.015372 0.118569 -0.074771
v -0.015350 0.111562 -0.086421
v -0.016778 0.110163 -0.079622
v -0.015341 0.118000 -0.074092
v -0.016782 0.118041 -0.074654
v -0.014870 0.120196 -0.086065
v -0.000240 0.123354 -0.081806
v -0.014843 0.118921 -0.074371
v -0.000249 0.118227 -0.074948
v -0.000240 0.113405 -0.087811
v -0.014864 0.111165 -0.085552
v -0.000246 0.109868 -0.078714
v -0.014851 0.117963 -0.073773
v -0.000239 0.118215 -0.074429
v 0.000123 0.118161 -0.087238
v 0.000126 0.114235 -0.087235
v 0.000124 0.121337 -0.084929
v 0.000125 0.122550 -0.081195
v 0.000124 0.121337 -0.077461
v 0.000126 0.118160 -0.075154
v 0.000125 0.111059 -0.084929
v 0.000124 0.109845 -0.081195
v 0.000125 0.111059 -0.077461
v 0.000124 0.114234 -0.075153
v 0.000125 0.118160 -0.075153
v -0.000125 0.121336 -0.084929
v -0.000126 0.118160 -0.087235
v -0.000124 0.122550 -0.081195
v -0.000125 0.121336 -0.077461
v -0.000123 0.118161 -0.075152
v -0.000123 0.114234 -0.087238
v -0.000124 0.111058 -0.084929
v -0.000125 0.109845 -0.081195
v -0.000124 0.111058 -0.077461
v -0.000125 0.114235 -0.075154
v -0.000125 0.118160 -0.075153
v 0.071717 0.217493 -0.106312
v 0.065783 0.190406 -0.053438
v 0.058662 0.177094 -0.013776
v 0.025728 0.161723 0.034732
v 0.052918 0.170393 0.007570
v 0.042720 0.165763 0.022051
v -0.000000 0.160675 0.037743
v -0.000002 0.201007 -0.082510
v -0.000001 0.231862 -0.123009
v 0.073157 0.232170 -0.118255
v 0.037138 0.232188 -0.121479
v 0.089635 0.220389 -0.106383
v 0.070794 0.212545 -0.098929
v 0.087433 0.202523 -0.075691
v 0.064832 0.188548 -0.047146
v 0.083064 0.188047 -0.040408
v 0.058668 0.177158 -0.013786
v 0.077059 0.178936 -0.015352
v 0.052918 0.170393 0.007570
v 0.066989 0.170382 0.011378
v 0.057441 0.164481 0.027628
v 0.042720 0.165763 0.022051
v 0.025728 0.161723 0.034732
v 0.025144 0.157174 0.051194
v 0.045848 0.160792 0.039367
v -0.000000 0.155853 0.055509
v -0.000000 0.160675 0.037743
v 0.073278 0.231864 -0.118787
v 0.090608 0.232131 -0.112938
v 0.067833 0.233060 -0.119940
v -0.017051 0.233045 -0.123191
v 0.073803 0.242800 -0.121618
v 0.091592 0.248523 -0.116255
v 0.090679 0.233068 -0.113297
v 0.075293 0.264779 -0.120294
v 0.092304 0.268098 -0.112784
v 0.080885 0.379496 -0.072683
v 0.093725 0.363692 -0.073538
v 0.094166 0.458290 -0.040251
v 0.083171 0.436721 -0.052434
v 0.048898 0.438190 -0.059757
v 0.071028 0.531133 -0.026325
v 0.092297 0.539831 -0.015901
v 0.048976 0.460544 -0.052458
v 0.016074 0.569882 -0.024303
v 0.032488 0.655654 -0.002383
v 0.064208 0.655659 0.002340
v -0.000000 0.655643 -0.004039
v -0.032488 0.655654 -0.002383
v -0.064188 0.655346 0.002613
v -0.092297 0.539831 -0.015901
v -0.078171 0.655879 0.008169
v -0.089530 0.612050 0.002324
v -0.084551 0.709916 0.020957
v -0.075037 0.714451 0.019177
v -0.078335 0.795585 0.031653
v -0.070198 0.791107 0.029058
v -0.066713 0.840584 0.032652
v -0.072677 0.875711 0.035443
v -0.048333 0.870619 0.030149
v -0.027553 0.871085 0.027234
v 0.000000 0.871230 0.026028
v 0.027553 0.871085 0.027234
v 0.000000 0.874436 0.025052
v 0.072677 0.875711 0.035443
v 0.066713 0.840584 0.032652
v 0.070198 0.791107 0.029058
v 0.078335 0.795585 0.031653
v 0.075037 0.714451 0.019177
v 0.078171 0.655879 0.008169
v 0.089530 0.612050 0.002324
v 0.084551 0.709916 0.020957
v 0.048621 0.841388 0.028051
v 0.048333 0.870619 0.030149
v -0.048621 0.841388 0.028051
v -0.071028 0.531133 -0.026325
v -0.048976 0.460544 -0.052458
v -0.048898 0.438190 -0.059757
v -0.083171 0.436721 -0.052434
v -0.094166 0.458290 -0.040251
v -0.093725 0.363692 -0.073538
v -0.080885 0.379496 -0.072683
v -0.092304 0.268098 -0.112784
v -0.075293 0.264779 -0.120294
v -0.073993 0.242721 -0.122182
v -0.073249 0.233059 -0.118705
v -0.091592 0.248523 -0.116255
v -0.090679 0.233068 -0.113297
v 0.007713 0.242485 -0.126600
v 0.000000 0.461240 -0.055482
v 0.037595 0.243257 -0.124542
v 0.047949 0.243507 -0.029881
v 0.000000 0.243339 -0.125831
v 0.072944 0.243543 -0.121144
v 0.000000 0.243339 -0.029847
v 0.047779 0.243520 0.036497
v -0.000000 0.243339 0.034559
v -0.047949 0.243507 -0.029881
v 0.000000 0.243339 -0.125831
v -0.047779 0.243520 0.036497
v 0.000000 0.243596 0.053832
v 0.032551 0.243504 0.053807
v -0.032551 0.243504 0.053807
v -0.037595 0.243257 -0.124542
v -0.072944 0.243543 -0.121144
v 0.089450 0.213181 -0.097742
v 0.090578 0.222176 -0.108743
v 0.093651 0.208373 -0.081399
v 0.083064 0.188047 -0.040408
v 0.077059 0.178936 -0.015352
v 0.086112 0.185106 -0.025703
v 0.066989 0.170382 0.011378
v 0.066534 0.168295 0.026370
v 0.057441 0.164481 0.027628
v 0.072357 0.183709 0.031204
v 0.073643 0.232178 0.043250
v 0.048849 0.232191 0.070456
v 0.026360 0.232194 0.083314
v -0.000000 0.232195 0.087895
v -0.000001 0.173668 0.072989
v 0.025549 0.159692 0.061764
v 0.000003 0.156867 0.062324
v -0.025549 0.159692 0.061764
v -0.000000 0.155976 0.060531
v 0.000001 0.173668 0.072989
v -0.000000 0.232195 0.087895
v -0.026360 0.232194 0.083314
v -0.048849 0.232191 0.070456
v -0.072357 0.183709 0.031204
v -0.073643 0.232178 0.043250
v -0.093500 0.232174 -0.011014
v -0.099084 0.232133 -0.058312
v -0.090578 0.222176 -0.108743
v -0.093651 0.208373 -0.081399
v -0.089450 0.213181 -0.097742
v -0.083064 0.188047 -0.040408
v -0.086112 0.185106 -0.025703
v -0.091857 0.202007 -0.019141
v -0.066534 0.168295 0.026370
v -0.046917 0.162999 0.050609
v -0.057441 0.164481 0.027628
v -0.066989 0.170382 0.011378
v -0.045848 0.160792 0.039367
v -0.025144 0.157174 0.051194
v -0.000000 0.155853 0.055509
v 0.025144 0.157174 0.051194
v 0.045848 0.160792 0.039367
v 0.046917 0.162999 0.050609
v -0.077059 0.178936 -0.015352
v -0.090608 0.232131 -0.112938
v -0.095298 0.232055 -0.109412
v 0.093500 0.232174 -0.011014
v 0.091857 0.202007 -0.019141
v 0.099084 0.232133 -0.058312
v 0.095298 0.232055 -0.109412
v 0.090608 0.232131 -0.112938
v 0.073891 0.254406 -0.121305
v 0.047949 0.243507 -0.029881
v 0.072944 0.243543 -0.121144
v 0.074688 0.269551 -0.118086
v 0.045809 0.417318 0.079883
v 0.079270 0.363132 -0.078730
v 0.082076 0.435825 -0.052126
v 0.045695 0.416279 0.079189
v 0.043941 0.334475 0.060115
v 0.047949 0.243507 -0.029881
v 0.047779 0.243520 0.036497
v 0.032157 0.417250 0.083373
v 0.000000 0.334524 0.075515
v 0.032551 0.243504 0.053807
v 0.000000 0.417477 0.082815
v 0.000000 0.243647 0.053832
v 0.043941 0.334475 0.060115
v 0.032552 0.334519 0.072186
v 0.047779 0.243520 0.036497
v 0.032197 0.417413 0.082046
v 0.045758 0.417393 0.079476
v 0.032551 0.243504 0.053807
v -0.000023 0.437157 -0.045117
v 0.047789 0.436479 -0.044407
v 0.047749 0.436244 -0.045940
v 0.047772 0.457567 -0.038618
v 0.000000 0.436825 -0.047187
v -0.000000 0.457672 -0.039559
v -0.000000 0.457672 -0.039559
v 0.047772 0.457567 -0.038618
v 0.000000 0.460404 -0.054975
v 0.047754 0.459794 -0.052214
v 0.046866 0.436644 -0.059367
v 0.046637 0.434978 -0.045936
v 0.047440 0.438617 -0.060919
v 0.046885 0.460593 -0.054151
v 0.000000 0.435974 -0.046681
v 0.000000 0.417477 0.082815
v 0.048081 0.435486 -0.045728
v 0.032197 0.417413 0.082046
v 0.082072 0.435858 -0.052268
v 0.045758 0.417393 0.079476
v 0.047806 0.459601 -0.051901
v 0.047772 0.457567 -0.038618
v 0.048151 0.438098 -0.059118
v 0.047749 0.436244 -0.045940
v 0.075355 0.710852 0.018834
v 0.078272 0.655729 0.008358
v 0.070322 0.790570 0.029163
v 0.061839 0.838028 0.069848
v 0.066790 0.840633 0.032847
v 0.049294 0.835889 0.100065
v 0.017460 0.816266 0.121887
v 0.014599 0.824310 0.122140
v 0.007128 0.830535 0.123975
v 0.000000 0.831735 0.125633
v -0.000001 0.834031 0.125385
v 0.018671 0.803428 0.122231
v 0.031138 0.834781 0.117450
v 0.017983 0.763730 0.123384
v 0.034673 0.751202 0.119230
v 0.054121 0.732950 0.098777
v 0.000097 0.746368 0.128187
v -0.000000 0.694337 0.126824
v -0.000000 0.655706 0.120921
v 0.033510 0.655710 0.110402
v 0.056443 0.655718 0.087811
v 0.072740 0.655706 0.055002
v 0.014187 0.753387 0.123051
v 0.007223 0.747125 0.127636
v 0.048182 0.839992 0.047294
v -0.000001 0.839858 0.046837
v 0.048000 0.869196 0.048930
v -0.000000 0.869418 0.048164
v -0.000000 0.869418 0.048164
v 0.048000 0.869196 0.048930
v 0.000000 0.871315 0.026130
v 0.026987 0.871227 0.027378
v 0.048377 0.870669 0.030246
v 0.048499 0.840223 0.047228
v 0.049108 0.841030 0.028424
v 0.048377 0.870669 0.030246
v 0.048000 0.869196 0.048930
v 0.076325 0.877634 0.040785
v 0.072250 0.877132 0.036205
v 0.064437 0.966285 0.036369
v 0.060387 1.068190 0.036049
v 0.057474 1.047616 0.032562
v 0.048893 1.146063 0.023418
v 0.040466 1.288599 0.005602
v 0.041221 1.229254 0.011237
v 0.033577 1.302758 -0.003374
v 0.030177 1.345183 -0.017101
v 0.033451 1.380274 -0.021625
v 0.026720 1.354905 -0.022188
v 0.030196 1.345173 -0.017117
v 0.034190 1.375374 -0.010688
v 0.043120 1.267258 0.021153
v 0.046864 1.205286 0.034490
v 0.051933 1.150676 0.044442
v 0.057005 1.095732 0.052297
v 0.064462 1.009927 0.060779
v 0.071043 0.931269 0.064763
v 0.030726 1.364138 -0.021397
v 0.024306 1.364942 -0.027069
v 0.026926 1.362013 -0.024376
v 0.027701 1.358610 -0.022763
v 0.022290 1.351538 -0.023424
v 0.014145 1.354744 -0.026679
v 0.013057 1.358416 -0.028151
v 0.013999 1.362202 -0.029274
v 0.016781 1.365011 -0.029697
v 0.020622 1.366064 -0.029201
v 0.023781 1.386751 -0.037829
v 0.031310 1.418916 -0.026480
v 0.030079 1.429803 -0.057272
v 0.024266 1.461081 -0.139536
v 0.023566 1.477749 -0.174196
v 0.023105 1.492912 -0.200537
v 0.023287 1.509210 -0.221196
v 0.022623 1.528578 -0.238753
v 0.020058 1.548710 -0.249901
v 0.010318 1.528490 -0.253030
v 0.012239 1.492034 -0.221046
v 0.015299 1.573619 -0.267954
v -0.000005 1.529027 -0.255688
v -0.000000 1.489139 -0.222206
v -0.010318 1.528490 -0.253030
v -0.012239 1.492034 -0.221046
v 0.000005 1.529027 -0.255688
v -0.015299 1.573619 -0.267954
v 0.000018 1.586494 -0.274756
v -0.002869 1.587362 -0.274106
v -0.005812 1.590934 -0.274245
v -0.010192 1.591934 -0.272048
v -0.018186 1.588549 -0.260684
v -0.018817 1.607564 -0.261943
v -0.000088 1.610586 -0.275000
v -0.004153 1.596431 -0.274105
v -0.000003 1.598000 -0.274547
v -0.018888 1.572279 -0.258077
v -0.020058 1.548710 -0.249901
v -0.022623 1.528578 -0.238753
v -0.023287 1.509210 -0.221196
v -0.022289 1.472022 -0.180093
v -0.023105 1.492912 -0.200537
v -0.023566 1.477749 -0.174196
v -0.024266 1.461081 -0.139536
v -0.030079 1.429803 -0.057272
v -0.031310 1.418916 -0.026480
v -0.030726 1.364138 -0.021397
v -0.024306 1.364942 -0.027069
v -0.020622 1.366064 -0.029201
v -0.016781 1.365011 -0.029697
v -0.023781 1.386751 -0.037829
v -0.013999 1.362202 -0.029274
v -0.013057 1.358416 -0.028151
v -0.014145 1.354744 -0.026679
v -0.016868 1.352137 -0.025225
v -0.000039 1.350464 -0.027319
v -0.022338 1.297910 -0.009652
v 0.016862 1.352181 -0.025017
v -0.000002 1.289195 -0.010083
v -0.033577 1.302758 -0.003374
v -0.030196 1.345173 -0.017117
v -0.026720 1.354905 -0.022188
v -0.022290 1.351538 -0.023424
v -0.030177 1.345183 -0.017101
v -0.033451 1.380274 -0.021625
v -0.034190 1.375374 -0.010688
v -0.043120 1.267258 0.021153
v -0.040466 1.288599 0.005602
v -0.041221 1.229254 0.011237
v -0.048893 1.146063 0.023418
v -0.046864 1.205286 0.034490
v -0.051933 1.150676 0.044442
v -0.057005 1.095732 0.052297
v -0.060387 1.068190 0.036049
v -0.064462 1.009927 0.060779
v -0.071043 0.931269 0.064763
v -0.076325 0.877634 0.040785
v -0.072250 0.877132 0.036205
v -0.064437 0.966285 0.036369
v -0.057474 1.047616 0.032562
v -0.075170 0.880278 0.065120
v -0.033577 1.302758 -0.003374
v -0.026926 1.362013 -0.024376
v -0.027701 1.358610 -0.022763
v -0.040261 1.237562 0.009990
v -0.048893 1.146063 0.023418
v -0.030474 1.060669 0.025583
v -0.027564 1.183956 0.012884
v 0.027689 1.188543 0.012326
v 0.040261 1.237562 0.009990
v 0.033577 1.302758 -0.003374
v 0.048893 1.146063 0.023418
v 0.030474 1.060669 0.025583
v -0.000000 1.124502 0.018726
v 0.031082 0.962123 0.029451
v 0.050842 0.930845 0.032415
v 0.060385 1.014907 0.035010
v 0.061233 0.933508 0.034792
v 0.067449 0.932839 0.036298
v 0.063946 0.930743 0.035412
v 0.064926 0.926995 0.035604
v 0.063928 0.923261 0.035290
v 0.061218 0.920518 0.034590
v 0.053704 0.920414 0.032858
v 0.050868 0.923163 0.032290
v 0.049808 0.926996 0.032120
v 0.057501 0.919470 0.033664
v -0.000041 0.899921 0.027449
v 0.033322 0.876073 0.027441
v 0.006779 0.900490 0.028241
v 0.021370 0.912818 0.029528
v 0.023816 0.927172 0.030069
v 0.020198 0.936986 0.029770
v 0.014668 0.943123 0.029622
v 0.012406 0.947253 0.028050
v 0.007649 0.946973 0.029179
v -0.000033 0.947902 0.028208
v 0.015964 0.903988 0.029804
v 0.000000 0.875838 0.025699
v 0.072428 0.876970 0.035598
v 0.053680 0.933613 0.033076
v 0.057491 0.934564 0.033928
v -0.031082 0.962123 0.029451
v -0.050842 0.930845 0.032415
v -0.049808 0.926996 0.032120
v -0.053680 0.933613 0.033076
v -0.057491 0.934564 0.033928
v -0.063946 0.930743 0.035412
v -0.064926 0.926995 0.035604
v -0.063928 0.923261 0.035290
v -0.061218 0.920518 0.034590
v -0.053704 0.920414 0.032858
v -0.050868 0.923163 0.032290
v -0.033322 0.876073 0.027441
v -0.057501 0.919470 0.033664
v -0.021370 0.912818 0.029528
v -0.023816 0.927172 0.030069
v -0.015964 0.903988 0.029804
v -0.006779 0.900490 0.028241
v 0.000041 0.899921 0.027449
v 0.000000 0.875838 0.025699
v -0.020198 0.936986 0.029770
v -0.012406 0.947253 0.028050
v -0.014668 0.943123 0.029622
v 0.000033 0.947902 0.028208
v -0.007649 0.946973 0.029179
v -0.072428 0.876970 0.035598
v -0.067449 0.932839 0.036298
v -0.061233 0.933508 0.034792
v -0.060385 1.014907 0.035010
v 0.000023 1.365360 -0.031960
v -0.000038 1.389001 -0.044951
v -0.000028 1.409787 -0.072080
v -0.019925 1.409329 -0.062644
v -0.029384 1.416624 -0.057019
v 0.018317 1.409174 -0.064219
v 0.000001 1.418205 -0.088206
v 0.029384 1.416624 -0.057019
v 0.000101 1.454769 -0.167178
v 0.021986 1.468559 -0.175646
v 0.000038 1.389001 -0.044951
v 0.000006 1.452171 -0.160665
v -0.013076 1.459483 -0.169645
v -0.000018 1.586494 -0.274756
v 0.010192 1.591934 -0.272048
v 0.002869 1.587362 -0.274106
v 0.005812 1.590934 -0.274245
v 0.004153 1.596431 -0.274105
v 0.000003 1.598000 -0.274547
v 0.000088 1.610586 -0.275000
v 0.018817 1.607564 -0.261943
v 0.018186 1.588549 -0.260684
v 0.018888 1.572279 -0.258077
v 0.075170 0.880278 0.065120
v 0.000137 0.887801 0.131974
v 0.036100 0.886481 0.120398
v 0.056182 0.954961 0.094433
v 0.069875 0.882781 0.087624
v 0.070887 0.931285 0.065886
v 0.075007 0.880400 0.066240
v 0.064361 1.010003 0.061917
v 0.053685 1.103062 0.062859
v 0.056814 1.095852 0.053409
v 0.051717 1.150835 0.045544
v 0.044670 1.124447 0.072015
v 0.046638 1.205420 0.035596
v 0.040289 1.266193 0.022036
v 0.038967 1.265895 0.032142
v 0.033783 1.377894 -0.010337
v 0.029138 1.450494 -0.037404
v 0.025368 1.446179 -0.024585
v -0.000006 1.454830 -0.017597
v 0.014064 1.528655 -0.057699
v 0.026131 1.503405 -0.062226
v 0.000013 1.530745 -0.055079
v 0.022882 1.531861 -0.070264
v 0.011918 1.562255 -0.091179
v 0.018030 1.571999 -0.116572
v 0.000119 1.602881 -0.189354
v 0.016917 1.592556 -0.180861
v 0.022280 1.560174 -0.113068
v 0.023520 1.546650 -0.092826
v 0.024721 1.527677 -0.076439
v 0.020602 1.578828 -0.162252
v 0.016000 1.609479 -0.264562
v 0.008769 1.614520 -0.259263
v 0.008584 1.611337 -0.272317
v -0.000035 1.611838 -0.274286
v 0.000010 1.616169 -0.257863
v -0.000038 1.568673 -0.096625
v 0.011609 1.423066 -0.005567
v 0.023864 1.342925 0.019711
v 0.029199 1.080535 0.094578
v 0.000135 1.021627 0.113786
v 0.000091 1.132291 0.092180
v 0.019761 1.242034 0.058579
v -0.000044 1.278810 0.051258
v 0.016795 1.352877 -0.024733
v 0.015898 1.362588 -0.028837
v 0.014683 1.359732 -0.015898
v 0.020556 1.363954 -0.015853
v 0.020556 1.365286 -0.028420
v 0.020815 1.352676 -0.015871
v 0.025781 1.356673 -0.021768
v 0.026230 1.360002 -0.015908
v 0.020542 1.365133 -0.028484
v 0.020556 1.363954 -0.015853
v 0.015806 1.354788 -0.026257
v 0.015734 1.353634 -0.026924
v 0.021796 1.351806 -0.024597
v 0.020556 1.352195 -0.023532
v 0.024651 1.354288 -0.022774
v 0.027389 1.357231 -0.022977
v 0.026477 1.360309 -0.023349
v 0.025451 1.363942 -0.026457
v 0.023842 1.364173 -0.026226
v 0.020681 1.366033 -0.029310
v 0.020556 1.365286 -0.028420
v 0.016786 1.365007 -0.029709
v 0.017133 1.364411 -0.028820
v 0.014773 1.360118 -0.028832
v 0.013947 1.360305 -0.029645
v 0.071472 0.436849 -0.056260
v 0.048844 0.437370 -0.059235
v 0.048081 0.435486 -0.045728
v 0.016134 1.506221 -0.204542
v 0.009336 1.489104 -0.173305
v 0.000002 1.532724 -0.227928
v 0.009218 1.543832 -0.234590
v 0.022642 1.511388 -0.219511
v 0.022014 1.495187 -0.199529
v 0.022956 1.480910 -0.174400
v 0.024584 1.465227 -0.141494
v -0.000002 1.445487 -0.065835
v 0.016792 1.443511 -0.066366
v 0.000056 1.450074 -0.059602
v 0.013464 1.452427 -0.057292
v 0.000002 1.507364 -0.083040
v 0.010931 1.508909 -0.082525
v 0.023953 1.525929 -0.078191
v 0.025577 1.504676 -0.065748
v 0.027570 1.465877 -0.047027
v 0.029169 1.444967 -0.042446
v 0.029645 1.452152 -0.042810
v 0.028779 1.435746 -0.059139
v 0.029255 1.435883 -0.050434
v 0.029529 1.440220 -0.045235
v 0.026522 1.436735 -0.070053
v 0.023084 1.539403 -0.089341
v 0.021959 1.557702 -0.114040
v 0.023011 1.547900 -0.099049
v -0.000020 1.532208 -0.106966
v 0.009724 1.533692 -0.105924
v 0.020954 1.577560 -0.166792
v 0.018015 1.604657 -0.258138
v 0.017823 1.590647 -0.258539
v 0.018797 1.572942 -0.255938
v 0.007567 1.582287 -0.244600
v -0.000002 1.576558 -0.245509
v 0.000063 1.579048 -0.241001
v -0.000000 1.557846 -0.167877
v 0.008972 1.559372 -0.165563
v 0.008572 1.572880 -0.247015
v 0.021115 1.529852 -0.235998
v 0.019645 1.549646 -0.247906
v 0.000003 1.487903 -0.169457
v 0.000001 1.511916 -0.206691
v 0.000002 1.445487 -0.065835
v -0.016792 1.443511 -0.066366
v -0.026522 1.436735 -0.070053
v -0.024584 1.465227 -0.141494
v -0.022956 1.480910 -0.174400
v -0.022014 1.495187 -0.199529
v -0.009336 1.489104 -0.173306
v -0.016134 1.506221 -0.204542
v -0.022642 1.511388 -0.219511
v -0.009218 1.543832 -0.234590
v -0.021115 1.529852 -0.235998
v -0.008572 1.572880 -0.247015
v -0.018797 1.572942 -0.255938
v -0.018015 1.604657 -0.258138
v -0.007567 1.582287 -0.244600
v -0.008972 1.559372 -0.165564
v -0.020954 1.577560 -0.166792
v -0.009724 1.533692 -0.105924
v -0.023011 1.547900 -0.099049
v -0.021959 1.557702 -0.114040
v -0.017823 1.590647 -0.258539
v -0.019645 1.549646 -0.247906
v -0.023084 1.539403 -0.089341
v -0.023953 1.525929 -0.078191
v -0.025577 1.504676 -0.065748
v -0.027570 1.465877 -0.047027
v -0.029169 1.444967 -0.042446
v -0.029645 1.452152 -0.042810
v -0.010931 1.508909 -0.082525
v -0.000002 1.507364 -0.083040
v 0.000020 1.532208 -0.106966
v 0.000000 1.557845 -0.167877
v -0.000063 1.579048 -0.241001
v 0.000002 1.576558 -0.245509
v -0.013464 1.452427 -0.057292
v -0.000056 1.450074 -0.059602
v -0.028779 1.435746 -0.059139
v -0.029255 1.435883 -0.050434
v -0.029529 1.440220 -0.045235
v 0.000002 1.544218 -0.234426
v 0.000131 0.903489 0.037876
v 0.000069 0.898626 0.028147
v 0.014809 0.903930 0.029141
v 0.008940 0.907011 0.039468
v 0.022090 0.912814 0.030079
v 0.025243 0.926752 0.031028
v 0.012661 0.913287 0.042379
v 0.011377 0.920505 0.045463
v 0.000223 0.938484 0.045099
v 0.005788 0.925632 0.047698
v 0.000000 0.926836 0.048338
v 0.010636 0.945215 0.028883
v -0.000000 0.948353 0.028790
v 0.020386 0.937082 0.030028
v 0.051447 0.925492 0.032163
v 0.052464 0.922138 0.031662
v 0.055683 0.920841 0.033461
v 0.059192 0.919978 0.033552
v 0.061976 0.922435 0.035227
v 0.064506 0.925063 0.035040
v 0.063637 0.928735 0.035811
v 0.062570 0.932195 0.034603
v 0.058970 0.933235 0.034555
v 0.055493 0.933982 0.032835
v 0.053019 0.931332 0.032630
v 0.050750 0.928783 0.031286
v 0.051594 0.924532 0.032856
v 0.051609 0.926728 0.045985
v 0.057328 0.933021 0.046004
v 0.052182 0.931435 0.033335
v 0.057475 0.933678 0.034691
v 0.060487 0.921780 0.045905
v 0.058615 0.920111 0.034768
v 0.064567 0.928168 0.036381
v 0.057831 0.933524 0.045961
v 0.057475 0.933678 0.034691
v 0.089662 0.243280 0.005372
v 0.083336 0.243292 -0.025268
v 0.091396 0.249016 -0.008255
v 0.091873 0.248493 -0.025006
v 0.080766 0.245823 0.031821
v 0.079384 0.248636 0.034266
v 0.080885 0.251328 0.033502
v 0.084730 0.254461 -0.025224
v 0.087199 0.254494 0.015143
v 0.091661 0.248792 -0.024982
v 0.092241 0.248245 -0.008535
v -0.071717 0.217493 -0.106312
v -0.065783 0.190406 -0.053438
v -0.058662 0.177094 -0.013776
v -0.052918 0.170393 0.007570
v -0.025728 0.161723 0.034732
v -0.000000 0.160675 0.037743
v -0.042720 0.165763 0.022051
v 0.000002 0.201007 -0.082510
v -0.073157 0.232170 -0.118255
v -0.037138 0.232188 -0.121479
v 0.000001 0.231862 -0.123009
v -0.089635 0.220389 -0.106383
v -0.070794 0.212545 -0.098929
v -0.087433 0.202523 -0.075691
v -0.064832 0.188548 -0.047146
v -0.083064 0.188047 -0.040408
v -0.058668 0.177158 -0.013786
v -0.077059 0.178936 -0.015352
v -0.052918 0.170393 0.007570
v -0.066989 0.170382 0.011378
v -0.057441 0.164481 0.027628
v -0.042720 0.165763 0.022051
v -0.025728 0.161723 0.034732
v -0.045848 0.160792 0.039367
v -0.025144 0.157174 0.051194
v -0.000000 0.155853 0.055509
v -0.000000 0.160675 0.037743
v -0.073278 0.231864 -0.118787
v -0.090608 0.232131 -0.112938
v -0.073891 0.254406 -0.121305
v -0.072944 0.243543 -0.121144
v -0.047949 0.243507 -0.029881
v -0.074688 0.269551 -0.118086
v -0.045809 0.417318 0.079883
v -0.079270 0.363132 -0.078730
v -0.082076 0.435825 -0.052126
v -0.045695 0.416279 0.079189
v -0.047949 0.243507 -0.029881
v -0.043941 0.334475 0.060115
v -0.047779 0.243520 0.036497
v -0.032157 0.417250 0.083373
v -0.032551 0.243504 0.053807
v 0.000000 0.334524 0.075515
v 0.000000 0.417477 0.082815
v 0.000000 0.243647 0.053832
v -0.043941 0.334475 0.060115
v -0.047779 0.243520 0.036497
v -0.032552 0.334519 0.072186
v -0.032197 0.417413 0.082046
v -0.045758 0.417393 0.079476
v -0.032551 0.243504 0.053807
v 0.000023 0.437157 -0.045117
v -0.047789 0.436479 -0.044407
v -0.047749 0.436244 -0.045940
v 0.000000 0.436825 -0.047187
v -0.047772 0.457567 -0.038618
v -0.000000 0.457672 -0.039559
v -0.000000 0.457672 -0.039559
v 0.000000 0.460404 -0.054975
v -0.047772 0.457567 -0.038618
v -0.047754 0.459794 -0.052214
v -0.046866 0.436644 -0.059367
v -0.046637 0.434978 -0.045936
v 0.000000 0.435974 -0.046681
v -0.048081 0.435486 -0.045728
v 0.000000 0.417477 0.082815
v -0.032197 0.417413 0.082046
v -0.082072 0.435858 -0.052268
v -0.045758 0.417393 0.079476
v -0.032440 0.655391 -0.002165
v 0.000000 0.655389 -0.003826
v -0.072163 0.655728 0.051518
v -0.064083 0.655394 0.002546
v -0.078272 0.655729 0.008358
v -0.000000 0.655394 0.043666
v -0.056443 0.655718 0.087811
v -0.000000 0.655576 0.120921
v -0.033510 0.655710 0.110402
v 0.056443 0.655718 0.087811
v 0.033510 0.655710 0.110402
v 0.072163 0.655728 0.051518
v 0.032440 0.655391 -0.002165
v 0.064083 0.655394 0.002546
v 0.078272 0.655729 0.008358
v -0.047806 0.459601 -0.051901
v -0.048151 0.438098 -0.059118
v -0.047772 0.457567 -0.038618
v -0.047749 0.436244 -0.045940
v -0.075355 0.710852 0.018834
v -0.078272 0.655729 0.008358
v -0.072740 0.655706 0.055002
v -0.070322 0.790570 0.029163
v -0.061839 0.838028 0.069848
v -0.066790 0.840633 0.032847
v -0.049294 0.835889 0.100065
v -0.031138 0.834781 0.117450
v -0.017460 0.816266 0.121887
v -0.018671 0.803428 0.122231
v -0.017983 0.763730 0.123384
v -0.054121 0.732950 0.098777
v -0.034673 0.751202 0.119230
v -0.000097 0.746368 0.128187
v -0.000000 0.694337 0.126824
v -0.000000 0.655706 0.120921
v -0.033510 0.655710 0.110402
v -0.056443 0.655718 0.087811
v -0.014187 0.753387 0.123051
v -0.007223 0.747125 0.127636
v -0.014599 0.824310 0.122140
v -0.007128 0.830535 0.123975
v 0.000001 0.834031 0.125385
v 0.000000 0.831735 0.125633
v -0.048182 0.839992 0.047294
v 0.000001 0.839858 0.046837
v -0.048000 0.869196 0.048930
v -0.000000 0.869418 0.048164
v -0.000000 0.869418 0.048164
v 0.000000 0.871315 0.026130
v -0.048000 0.869196 0.048930
v -0.026987 0.871227 0.027378
v -0.048377 0.870669 0.030246
v -0.048499 0.840223 0.047228
v -0.048377 0.870669 0.030246
v -0.048000 0.869196 0.048930
v -0.049108 0.841030 0.028424
v -0.000137 0.887801 0.131974
v -0.000135 1.021627 0.113786
v -0.000091 1.132291 0.092180
v -0.019761 1.242034 0.058579
v 0.000044 1.278810 0.051258
v 0.000006 1.454830 -0.017597
v -0.014064 1.528655 -0.057699
v -0.000013 1.530745 -0.055079
v -0.011918 1.562255 -0.091179
v 0.000038 1.568673 -0.096625
v -0.018030 1.571999 -0.116572
v -0.000119 1.602881 -0.189354
v -0.000010 1.616169 -0.257863
v -0.008769 1.614520 -0.259263
v 0.000035 1.611838 -0.274286
v -0.008584 1.611337 -0.272317
v -0.016000 1.609479 -0.264562
v -0.020602 1.578828 -0.162252
v -0.022280 1.560174 -0.113068
v -0.023520 1.546650 -0.092826
v -0.024721 1.527677 -0.076439
v -0.022882 1.531861 -0.070264
v -0.026131 1.503405 -0.062226
v -0.025368 1.446179 -0.024585
v -0.029138 1.450494 -0.037404
v -0.023864 1.342925 0.019711
v -0.011609 1.423066 -0.005567
v -0.038967 1.265895 0.032142
v -0.046638 1.205420 0.035596
v -0.040289 1.266193 0.022036
v -0.033783 1.377894 -0.010337
v -0.051717 1.150835 0.045544
v -0.056814 1.095852 0.053409
v -0.053685 1.103062 0.062859
v -0.064361 1.010003 0.061917
v -0.069875 0.882781 0.087624
v -0.070887 0.931285 0.065886
v -0.075007 0.880400 0.066240
v -0.056182 0.954961 0.094433
v -0.036100 0.886481 0.120398
v -0.029199 1.080535 0.094578
v -0.044670 1.124447 0.072015
v -0.016917 1.592556 -0.180861
v -0.016795 1.352877 -0.024733
v -0.014683 1.359732 -0.015898
v -0.020556 1.363954 -0.015853
v -0.015898 1.362588 -0.028837
v -0.020556 1.365286 -0.028420
v -0.020815 1.352676 -0.015871
v -0.025781 1.356673 -0.021768
v -0.026230 1.360002 -0.015908
v -0.020556 1.363954 -0.015853
v -0.020542 1.365133 -0.028484
v -0.015806 1.354788 -0.026257
v -0.021796 1.351806 -0.024597
v -0.020556 1.352195 -0.023532
v -0.024651 1.354288 -0.022774
v -0.027389 1.357231 -0.022977
v -0.026477 1.360309 -0.023349
v -0.025451 1.363942 -0.026457
v -0.023842 1.364173 -0.026226
v -0.020556 1.365286 -0.028420
v -0.020681 1.366033 -0.029310
v -0.016786 1.365007 -0.029709
v -0.017133 1.364411 -0.028820
v -0.013947 1.360305 -0.029645
v -0.014773 1.360118 -0.028832
v -0.015734 1.353634 -0.026924
v -0.071472 0.436849 -0.056260
v -0.048081 0.435486 -0.045728
v -0.048844 0.437370 -0.059235
v -0.000131 0.903489 0.037876
v -0.008940 0.907011 0.039468
v -0.022090 0.912814 0.030079
v -0.012661 0.913287 0.042379
v -0.025243 0.926752 0.031028
v -0.011377 0.920505 0.045463
v -0.005788 0.925632 0.047698
v -0.000223 0.938484 0.045099
v -0.010636 0.945215 0.028883
v -0.000000 0.948353 0.028790
v -0.020386 0.937082 0.030028
v -0.014809 0.903930 0.029141
v -0.000069 0.898626 0.028147
v 0.000000 0.926836 0.048338
v -0.051447 0.925492 0.032163
v -0.052464 0.922138 0.031662
v -0.055683 0.920841 0.033461
v -0.059192 0.919978 0.033552
v -0.061976 0.922435 0.035227
v -0.064506 0.925063 0.035040
v -0.063637 0.928735 0.035811
v -0.062570 0.932195 0.034603
v -0.055493 0.933982 0.032835
v -0.058970 0.933235 0.034555
v -0.053019 0.931332 0.032630
v -0.050750 0.928783 0.031286
v -0.051594 0.924532 0.032856
v -0.051609 0.926728 0.045985
v -0.057328 0.933021 0.046004
v -0.052182 0.931435 0.033335
v -0.057475 0.933678 0.034691
v -0.060487 0.921780 0.045905
v -0.058615 0.920111 0.034768
v -0.064567 0.928168 0.036381
v -0.057475 0.933678 0.034691
v -0.057831 0.933524 0.045961
v -0.089662 0.243280 0.005372
v -0.091873 0.248493 -0.025006
v -0.091396 0.249016 -0.008255
v -0.083336 0.243292 -0.025268
v -0.080766 0.245823 0.031821
v -0.079384 0.248636 0.034266
v -0.080885 0.251328 0.033502
v -0.084730 0.254461 -0.025224
v -0.087199 0.254494 0.015143
v -0.091662 0.248792 -0.024982
v -0.092241 0.248245 -0.008535
v -0.003954 0.903956 0.038523
v 0.005786 0.904669 0.038713
v 0.001768 0.906466 0.035269
v -0.006181 0.909043 0.036747
v -0.011422 0.909782 0.040931
v -0.011197 0.914293 0.040814
v -0.012318 0.918741 0.044905
v -0.010223 0.920311 0.041411
v -0.005852 0.925609 0.047834
v -0.001751 0.926734 0.044373
v 0.004017 0.926477 0.048246
v 0.008491 0.923028 0.042595
v 0.012262 0.918741 0.044925
v 0.011198 0.917546 0.042231
v 0.011402 0.909788 0.040942
v 0.008413 0.911158 0.037667
v 0.010082 0.911996 0.037672
v 0.011182 0.916704 0.039722
v -0.008000 0.909369 0.036525
v -0.001770 0.906459 0.035258
v 0.005138 0.907461 0.035698
v -0.010635 0.913536 0.038342
v -0.010635 0.913536 0.038342
v 0.011182 0.916704 0.039722
v -0.011318 0.913290 0.039916
v 0.011707 0.916634 0.041372
v 0.011707 0.916634 0.041372
v 0.011318 0.918887 0.042354
v -0.011318 0.913290 0.039916
v -0.011707 0.915543 0.040897
v -0.011707 0.915543 0.040897
v 0.011318 0.918887 0.042354
v -0.011182 0.916704 0.039722
v 0.010635 0.919873 0.041101
v 0.003456 0.926455 0.043969
v -0.008001 0.924040 0.042914
v 0.008001 0.924039 0.042916
v 0.010635 0.919873 0.041101
v -0.011469 0.916885 0.039800
v -0.001771 0.926949 0.044187
v 0.019795 0.347584 -0.132781
v 0.026603 0.340850 -0.135517
v 0.011852 0.351370 -0.130163
v 0.000004 0.353102 -0.129335
v 0.000021 0.350887 -0.138574
v 0.000005 0.345493 -0.143683
v 0.017577 0.344299 -0.141511
v 0.047510 0.402073 -0.104407
v 0.000000 0.398821 -0.106634
v 0.000000 0.401578 -0.102865
v -0.000000 0.403320 -0.098302
v -0.000000 0.404834 -0.076907
v 0.047458 0.404782 -0.073889
v -0.000000 0.403206 -0.098679
v -0.000000 0.404834 -0.076907
v -0.047458 0.404782 -0.073889
v -0.047510 0.402073 -0.104407
v -0.000000 0.396814 -0.108568
v 0.000032 0.355152 -0.130507
v 0.012555 0.353344 -0.131453
v -0.000032 0.355152 -0.130507
v -0.012555 0.353344 -0.131453
v -0.047062 0.356626 -0.129736
v -0.043428 0.349793 -0.133311
v -0.038698 0.345557 -0.135528
v -0.021875 0.348227 -0.134130
v -0.032739 0.342839 -0.136950
v -0.026978 0.342023 -0.137377
v 0.047062 0.356626 -0.129736
v 0.021875 0.348227 -0.134130
v 0.043428 0.349793 -0.133311
v 0.038698 0.345557 -0.135528
v 0.032739 0.342839 -0.136950
v 0.026978 0.342023 -0.137377
v 0.019566 0.348513 -0.138903
v 0.019585 0.345027 -0.142279
v 0.026834 0.341539 -0.136754
v 0.000001 0.352653 -0.139913
v 0.000007 0.346733 -0.145185
v -0.000007 0.346733 -0.145185
v -0.019585 0.345027 -0.142279
v -0.026834 0.341539 -0.136754
v -0.019566 0.348513 -0.138903
v -0.021849 0.348969 -0.134453
v -0.012657 0.353244 -0.131435
v -0.000010 0.353596 -0.137712
v 0.000000 0.355025 -0.130417
v 0.012657 0.353244 -0.131435
v 0.021849 0.348969 -0.134453
v 0.047571 0.399239 -0.073141
v 0.047510 0.453684 -0.053306
v 0.047510 0.404834 -0.073558
v 0.047510 0.455801 -0.054777
v 0.047510 0.453684 -0.041179
v 0.047510 0.456108 -0.043431
v 0.047510 0.462460 -0.041179
v 0.047510 0.462460 -0.043431
v 0.021966 0.343998 -0.140649
v 0.020492 0.343217 -0.139749
v 0.025581 0.342146 -0.137487
v 0.025132 0.341054 -0.136354
v 0.030458 0.341709 -0.135573
v 0.032739 0.342839 -0.136950
v 0.014056 0.345678 -0.143462
v 0.013731 0.344622 -0.142182
v 0.000041 0.346758 -0.145220
v 0.000032 0.345546 -0.143719
v 0.044852 0.403049 -0.071654
v 0.000000 0.403049 -0.071654
v 0.047510 0.453684 -0.053306
v 0.047571 0.399239 -0.073141
v 0.000000 0.453684 -0.053306
v 0.044784 0.400322 -0.103356
v -0.000000 0.400300 -0.103996
v 0.044852 0.403049 -0.071654
v 0.044401 0.356325 -0.127897
v 0.011950 0.351594 -0.130370
v 0.029757 0.344151 -0.134259
v 0.019336 0.347705 -0.132530
v 0.037047 0.346713 -0.132921
v 0.041248 0.350307 -0.131042
v 0.030458 0.341709 -0.135573
v 0.026944 0.341204 -0.135942
v 0.000016 0.353288 -0.129485
v 0.000000 0.403049 -0.071654
v 0.047510 0.453684 -0.053306
v 0.000000 0.453684 -0.053306
v 0.047510 0.453684 -0.041179
v 0.000000 0.453684 -0.041179
v 0.047510 0.462460 -0.041179
v 0.000000 0.462460 -0.041179
v 0.047510 0.462460 -0.043431
v 0.000000 0.462460 -0.043431
v 0.047510 0.456108 -0.043431
v 0.047510 0.462460 -0.043431
v 0.000000 0.456108 -0.043431
v 0.000000 0.462460 -0.043431
v 0.000000 0.453684 -0.041179
v 0.000000 0.462460 -0.041179
v 0.047510 0.453684 -0.041179
v 0.047510 0.462460 -0.041179
v 0.000001 0.455825 -0.058173
v -0.000000 0.404834 -0.076907
v 0.047549 0.404855 -0.073944
v 0.047524 0.455718 -0.055114
v 0.047510 0.456108 -0.043431
v 0.000000 0.456108 -0.043431
v -0.019795 0.347584 -0.132781
v -0.017577 0.344299 -0.141511
v -0.026603 0.340850 -0.135517
v -0.000021 0.350887 -0.138574
v -0.000005 0.345493 -0.143683
v -0.000004 0.353102 -0.129335
v -0.011852 0.351370 -0.130163
v -0.047571 0.399239 -0.073141
v -0.047510 0.404834 -0.073558
v -0.047510 0.453684 -0.053306
v -0.047510 0.455801 -0.054777
v -0.047510 0.453684 -0.041179
v -0.047510 0.456108 -0.043431
v -0.047510 0.462460 -0.041179
v -0.047510 0.462460 -0.043431
v -0.021966 0.343998 -0.140649
v -0.025132 0.341054 -0.136354
v -0.025581 0.342146 -0.137487
v -0.030458 0.341709 -0.135573
v -0.032739 0.342839 -0.136950
v -0.020492 0.343217 -0.139749
v -0.014056 0.345678 -0.143462
v -0.013731 0.344622 -0.142182
v -0.000041 0.346758 -0.145220
v -0.000032 0.345546 -0.143719
v -0.044852 0.403049 -0.071654
v -0.047510 0.453684 -0.053306
v 0.000000 0.403049 -0.071654
v -0.047571 0.399239 -0.073141
v 0.000000 0.453684 -0.053306
v -0.044784 0.400322 -0.103356
v -0.044852 0.403049 -0.071654
v 0.000000 0.400300 -0.103996
v -0.044401 0.356325 -0.127897
v -0.011950 0.351594 -0.130370
v -0.029757 0.344151 -0.134259
v -0.019336 0.347705 -0.132530
v -0.037047 0.346713 -0.132921
v -0.041248 0.350307 -0.131042
v -0.026944 0.341204 -0.135942
v -0.030458 0.341709 -0.135573
v -0.000016 0.353288 -0.129485
v 0.000000 0.403049 -0.071654
v -0.047510 0.453684 -0.053306
v -0.047510 0.453684 -0.041179
v 0.000000 0.453684 -0.053306
v 0.000000 0.453684 -0.041179
v -0.047510 0.462460 -0.041179
v -0.047510 0.462460 -0.043431
v 0.000000 0.462460 -0.041179
v 0.000000 0.462460 -0.043431
v -0.047510 0.456108 -0.043431
v 0.000000 0.456108 -0.043431
v -0.047510 0.462460 -0.043431
v 0.000000 0.462460 -0.043431
v 0.000000 0.453684 -0.041179
v -0.047510 0.453684 -0.041179
v 0.000000 0.462460 -0.041179
v -0.047510 0.462460 -0.041179
v -0.000001 0.455825 -0.058173
v -0.047524 0.455718 -0.055114
v -0.000000 0.404834 -0.076907
v -0.047549 0.404855 -0.073944
v -0.047510 0.456108 -0.043431
v 0.000000 0.456108 -0.043431
v 0.006555 0.639825 -0.011375
v 0.000399 0.644862 -0.010384
v 0.002554 0.635371 -0.010983
v 0.003621 0.638795 -0.010145
v 0.001010 0.641478 -0.009487
v -0.002691 0.640498 -0.009724
v -0.003568 0.636957 -0.010590
v -0.000949 0.634495 -0.011194
v 0.004680 0.633706 -0.012926
v -0.002105 0.631237 -0.012943
v 0.002285 0.629182 -0.009536
v 0.008226 0.635096 -0.008172
v -0.005941 0.631239 -0.009062
v -0.006828 0.637791 -0.012006
v -0.008226 0.639209 -0.007224
v -0.002285 0.645123 -0.005861
v 0.005941 0.643066 -0.006335
v -0.002812 0.640648 -0.009558
v -0.003842 0.636905 -0.010424
v -0.001030 0.634164 -0.011054
v 0.001931 0.634649 -0.010942
v 0.001030 0.641651 -0.009328
v 0.003344 0.639789 -0.009757
v 0.003842 0.636905 -0.010424
v 0.019794 0.778830 -0.019958
v 0.026603 0.771715 -0.021446
v 0.011850 0.783023 -0.018059
v 0.000004 0.784875 -0.017555
v 0.000021 0.781044 -0.026249
v 0.000005 0.774823 -0.030310
v 0.017577 0.774036 -0.027960
v 0.047062 0.788271 -0.018579
v 0.047510 0.837905 -0.000975
v -0.000000 0.836811 -0.002482
v 0.043428 0.780908 -0.020875
v 0.021875 0.779222 -0.021401
v 0.038698 0.776345 -0.022298
v 0.032739 0.773415 -0.023212
v 0.026978 0.772536 -0.023486
v 0.012553 0.784735 -0.019682
v 0.000032 0.786682 -0.019074
v -0.047510 0.837905 -0.000975
v 0.000000 0.845147 0.024780
v 0.028178 0.845398 0.025852
v 0.047510 0.845745 0.028074
v 0.000000 0.845147 0.024780
v -0.028178 0.845398 0.025852
v -0.047510 0.845745 0.028074
v -0.000032 0.786682 -0.019074
v -0.012553 0.784735 -0.019682
v -0.047062 0.788271 -0.018579
v -0.043428 0.780908 -0.020875
v -0.021875 0.779222 -0.021401
v -0.038698 0.776345 -0.022298
v -0.032739 0.773415 -0.023212
v -0.026978 0.772536 -0.023486
v 0.019567 0.778649 -0.026148
v 0.019582 0.774617 -0.028848
v 0.026833 0.772171 -0.022786
v 0.000009 0.782880 -0.027543
v -0.000000 0.775772 -0.032005
v -0.000009 0.782880 -0.027543
v -0.012655 0.784640 -0.019646
v -0.000020 0.786592 -0.018984
v -0.021849 0.779894 -0.021851
v -0.026833 0.772171 -0.022786
v -0.019567 0.778649 -0.026148
v -0.019582 0.774617 -0.028848
v 0.000020 0.786592 -0.018984
v 0.012655 0.784640 -0.019646
v 0.021849 0.779894 -0.021851
v 0.047571 0.840316 0.029486
v 0.047510 0.854830 0.030873
v 0.047510 0.845745 0.028074
v 0.047510 0.856750 0.029110
v 0.047510 0.855101 0.035758
v 0.047510 0.857474 0.033451
v 0.047510 0.871146 0.036336
v 0.047510 0.871095 0.034084
v 0.021966 0.773895 -0.027057
v 0.020490 0.773285 -0.026036
v 0.024636 0.771989 -0.022538
v 0.026576 0.772941 -0.023177
v 0.026944 0.771987 -0.021928
v 0.014058 0.775044 -0.030127
v 0.013726 0.774236 -0.028679
v 0.000041 0.775791 -0.032051
v 0.000032 0.774867 -0.030357
v 0.044852 0.844329 0.030268
v 0.000000 0.844329 0.030268
v 0.047510 0.854830 0.030873
v 0.047571 0.840316 0.029486
v 0.000000 0.854830 0.030873
v 0.044784 0.835980 -0.000436
v 0.000000 0.835844 -0.001061
v 0.044852 0.844329 0.030268
v 0.044401 0.788304 -0.016717
v 0.011948 0.783207 -0.018303
v 0.029757 0.775187 -0.020799
v 0.019336 0.778994 -0.019733
v 0.037047 0.777948 -0.019940
v 0.041248 0.781820 -0.018735
v 0.026944 0.771987 -0.021928
v 0.030458 0.772551 -0.021655
v 0.000016 0.785031 -0.017735
v 0.000000 0.844329 0.030268
v 0.047510 0.854830 0.030873
v 0.000000 0.854830 0.030873
v 0.047510 0.855101 0.035758
v 0.000000 0.855101 0.035758
v 0.047510 0.857474 0.033451
v 0.047510 0.871095 0.034084
v 0.000000 0.857474 0.033451
v 0.000000 0.871095 0.034084
v -0.047510 0.871095 0.034084
v 0.000000 0.857474 0.033451
v -0.047510 0.857474 0.033451
v 0.000000 0.855101 0.035758
v 0.000000 0.871146 0.036336
v 0.047510 0.855101 0.035758
v 0.047510 0.871146 0.036336
v -0.000000 0.856726 0.025736
v 0.000000 0.845147 0.024780
v -0.047529 0.856695 0.028683
v 0.000000 0.845147 0.024780
v -0.047568 0.845694 0.027525
v -0.047510 0.857474 0.033451
v 0.000000 0.857474 0.033451
v 0.047568 0.845694 0.027525
v 0.047529 0.856695 0.028683
v 0.047510 0.857474 0.033451
v 0.000000 0.857474 0.033451
v -0.019794 0.778830 -0.019958
v -0.017577 0.774036 -0.027960
v -0.026603 0.771715 -0.021446
v -0.000021 0.781044 -0.026249
v -0.000004 0.784875 -0.017555
v -0.011850 0.783023 -0.018059
v -0.000005 0.774823 -0.030310
v -0.047571 0.840316 0.029486
v -0.047510 0.845745 0.028074
v -0.047510 0.854830 0.030873
v -0.047510 0.856750 0.029110
v -0.047510 0.855101 0.035758
v -0.047510 0.857474 0.033451
v -0.047510 0.871146 0.036336
v -0.047510 0.871095 0.034084
v -0.021966 0.773895 -0.027057
v -0.024636 0.771989 -0.022538
v -0.026576 0.772941 -0.023177
v -0.026944 0.771987 -0.021928
v -0.020490 0.773285 -0.026036
v -0.014058 0.775044 -0.030127
v -0.013726 0.774236 -0.028679
v -0.000041 0.775791 -0.032051
v -0.000032 0.774867 -0.030357
v -0.044852 0.844329 0.030268
v -0.047510 0.854830 0.030873
v 0.000000 0.844329 0.030268
v -0.047571 0.840316 0.029486
v 0.000000 0.854830 0.030873
v -0.044784 0.835980 -0.000436
v -0.044852 0.844329 0.030268
v -0.000000 0.835844 -0.001061
v -0.044401 0.788304 -0.016717
v -0.011948 0.783207 -0.018303
v -0.029757 0.775187 -0.020799
v -0.019336 0.778994 -0.019733
v -0.037047 0.777948 -0.019940
v -0.041248 0.781820 -0.018735
v -0.026944 0.771987 -0.021928
v -0.030458 0.772551 -0.021655
v -0.000016 0.785031 -0.017735
v 0.000000 0.844329 0.030268
v -0.047510 0.854830 0.030873
v -0.047510 0.855101 0.035758
v 0.000000 0.854830 0.030873
v 0.000000 0.855101 0.035758
v 0.000000 0.855101 0.035758
v -0.047510 0.855101 0.035758
v 0.000000 0.871146 0.036336
v -0.047510 0.871146 0.036336
v 0.014172 1.259269 -0.059156
v 0.007876 1.250510 -0.073046
v 0.001771 1.249084 -0.059158
v -0.012919 1.254159 -0.073050
v -0.010746 1.254271 -0.059155
v -0.015179 1.267537 -0.059158
v -0.011803 1.275309 -0.073046
v -0.000202 1.280247 -0.059165
v 0.000000 1.279634 -0.073041
v 0.015472 1.270278 -0.073050
v 0.011405 1.274943 -0.059158
v 0.000000 1.279123 -0.059154
v 0.000059 1.279985 -0.073046
v 0.015072 1.262084 -0.072850
v 0.012271 1.255552 -0.073041
v 0.018521 1.260191 -0.071431
v 0.014425 1.269155 -0.073041
v 0.016766 1.273339 -0.071150
v 0.016869 1.275964 -0.062694
v 0.019217 1.257578 -0.062694
v 0.010736 1.248531 -0.071093
v 0.000274 1.243165 -0.062668
v -0.000088 1.248546 -0.074385
v 0.006930 1.250872 -0.072849
v 0.010788 1.275259 -0.072849
v 0.006699 1.282258 -0.071451
v 0.002385 1.279539 -0.072849
v -0.004687 1.278892 -0.073042
v -0.006571 1.282745 -0.070932
v -0.010792 1.275256 -0.072850
v -0.014425 1.269155 -0.073041
v -0.017031 1.272817 -0.071150
v -0.011497 1.281337 -0.062694
v 0.003550 1.284192 -0.062698
v -0.020405 1.265082 -0.062694
v -0.015071 1.262078 -0.072849
v -0.018261 1.258201 -0.071207
v -0.012271 1.255552 -0.073041
v -0.008638 1.247692 -0.071230
v -0.006925 1.250870 -0.072849
v 0.000088 1.248546 -0.074385
v -0.000126 1.243899 -0.062708
v -0.014466 1.250596 -0.062698
v 0.019646 1.267587 -0.062961
v 0.017938 1.270295 -0.062073
v 0.013388 1.277841 -0.062317
v 0.014060 1.278538 -0.062961
v 0.005828 1.282406 -0.062073
v 0.003105 1.284116 -0.062960
v -0.002956 1.283157 -0.062320
v -0.009038 1.282187 -0.062963
v -0.013374 1.277850 -0.062322
v -0.017938 1.270295 -0.062073
v -0.017727 1.273492 -0.062961
v -0.018692 1.261516 -0.062317
v -0.019647 1.261348 -0.062960
v -0.013388 1.251094 -0.062317
v -0.014059 1.250399 -0.062965
v -0.005828 1.246528 -0.062073
v -0.006127 1.245609 -0.062701
v -0.000001 1.245117 -0.062379
v 0.018688 1.261503 -0.062320
v 0.017726 1.255444 -0.062963
v 0.013376 1.251089 -0.062324
v 0.009037 1.246750 -0.062966
v 0.005828 1.246528 -0.062073
v -0.000001 1.245127 -0.062393
v 0.018708 1.267434 -0.061823
v 0.017845 1.273552 -0.061204
v 0.013390 1.277862 -0.061818
v 0.009097 1.282304 -0.061200
v 0.002960 1.283177 -0.061821
v -0.003126 1.284247 -0.061205
v -0.011720 1.280600 -0.061471
v -0.008603 1.281343 -0.061821
v -0.017841 1.273564 -0.061208
v -0.016880 1.273062 -0.061822
v -0.019940 1.264468 -0.061471
v -0.018708 1.261501 -0.061823
v -0.017845 1.255383 -0.061204
v -0.013391 1.251075 -0.061818
v -0.009097 1.246632 -0.061200
v -0.005828 1.246528 -0.062073
v 0.000001 1.245073 -0.061762
v 0.019778 1.261329 -0.061206
v 0.017938 1.258640 -0.062073
v 0.013402 1.251078 -0.061828
v 0.014153 1.250305 -0.061201
v 0.005828 1.246528 -0.062073
v 0.006162 1.245504 -0.061471
v 0.000001 1.245060 -0.061784
v 0.019707 1.270219 -0.061465
v 0.025366 1.265233 0.002415
v 0.009526 1.282229 -0.061468
v 0.011003 1.288034 0.002423
v -0.005753 1.284174 -0.061465
v -0.019013 1.282216 0.002423
v -0.019324 1.271397 -0.061465
v -0.023888 1.255902 0.002415
v -0.015380 1.250111 -0.061458
v 0.000000 1.244528 -0.061471
v -0.000341 1.237986 0.002448
v 0.014356 1.249087 -0.061458
v 0.017983 1.247224 0.002410
v 0.000157 1.238900 0.002398
v 0.000000 1.244528 -0.061471
v 0.005946 1.258073 -0.060779
v 0.000249 1.255722 -0.069153
v -0.008628 1.262017 -0.060797
v -0.007850 1.260141 -0.069157
v -0.006541 1.270596 -0.069157
v -0.000108 1.272855 -0.060771
v 0.000000 1.272967 -0.069150
v 0.008115 1.260661 -0.069157
v 0.006128 1.271009 -0.069157
v 0.006013 1.270101 -0.060762
v -0.000000 1.272280 -0.060756
v 0.000000 1.272967 -0.069150
v 0.006081 1.258387 -0.069150
v 0.008494 1.263122 -0.069150
v 0.004604 1.255436 -0.069150
v 0.001345 1.255974 -0.069150
v -0.001586 1.254454 -0.069150
v -0.002626 1.256384 -0.069150
v -0.007169 1.257300 -0.069150
v -0.006081 1.258387 -0.069150
v -0.010013 1.262882 -0.069150
v -0.008494 1.263122 -0.069150
v -0.009033 1.269069 -0.069150
v -0.007663 1.268371 -0.069150
v -0.005889 1.272574 -0.069150
v -0.004996 1.271344 -0.069150
v -0.001585 1.274480 -0.069150
v -0.001344 1.272961 -0.069150
v 0.004604 1.273500 -0.069150
v 0.003906 1.272129 -0.069150
v 0.009033 1.269069 -0.069150
v 0.007663 1.268371 -0.069150
v 0.010019 1.264468 -0.069150
v 0.009033 1.259865 -0.069150
v 0.007258 1.256812 -0.069138
v 0.000211 1.252095 -0.057356
v -0.000000 1.254448 -0.069150
v 0.011134 1.261135 -0.057353
v 0.009875 1.267423 -0.069145
v 0.008182 1.273101 -0.057345
v 0.000312 1.275292 -0.069126
v -0.003850 1.275433 -0.057353
v -0.011794 1.266013 -0.057345
v -0.011021 1.263061 -0.069104
v -0.000064 1.254079 -0.069155
v -0.000342 1.251743 -0.057278
v 0.002300 1.279010 -0.059347
v -0.001774 1.275677 -0.057507
v -0.006688 1.277585 -0.059347
v -0.006640 1.273607 -0.057358
v -0.010111 1.269622 -0.057507
v -0.013121 1.271148 -0.059347
v -0.011210 1.262696 -0.057507
v -0.014542 1.262161 -0.059347
v -0.009139 1.257827 -0.057358
v -0.010408 1.254053 -0.059347
v -0.005156 1.254357 -0.057508
v -0.002300 1.249925 -0.059347
v 0.001773 1.253258 -0.057507
v 0.006687 1.251350 -0.059346
v 0.011857 1.255853 -0.059154
v 0.008023 1.256439 -0.057507
v 0.011209 1.262690 -0.057507
v 0.014543 1.262169 -0.059347
v 0.013118 1.271155 -0.059347
v 0.010114 1.269617 -0.057507
v 0.008614 1.276324 -0.059154
v 0.005156 1.274578 -0.057507
v 0.012141 1.325034 -0.062704
v 0.004472 1.322453 -0.062704
v 0.005436 1.329255 -0.062704
v 0.003257 1.319196 -0.062704
v 0.016605 1.317835 -0.062704
v 0.000000 1.282188 -0.062704
v 0.017169 1.271536 -0.062704
v 0.000000 1.317981 -0.062704
v -0.017169 1.271536 -0.062704
v -0.016605 1.317835 -0.062704
v -0.012141 1.325034 -0.062704
v -0.003257 1.319196 -0.062704
v -0.004472 1.322453 -0.062704
v -0.005436 1.329255 -0.062704
v -0.003469 1.325047 -0.062704
v -0.002459 1.328249 -0.062704
v 0.003469 1.325047 -0.062704
v 0.002459 1.328249 -0.062704
v 0.005020 1.327678 -0.069352
v 0.004059 1.327042 -0.069352
v 0.010523 1.324490 -0.069352
v 0.006159 1.321439 -0.069352
v 0.014162 1.319571 -0.069352
v 0.001793 1.316405 -0.069352
v 0.015588 1.312894 -0.069352
v 0.000000 1.282188 -0.069352
v 0.007798 1.278787 -0.069352
v 0.015595 1.271536 -0.069352
v -0.003051 1.317169 -0.069352
v -0.015588 1.312894 -0.069352
v -0.014162 1.319571 -0.069352
v -0.015595 1.271536 -0.069352
v -0.007798 1.278787 -0.069352
v -0.006159 1.321439 -0.069352
v -0.004059 1.327042 -0.069352
v -0.010523 1.324490 -0.069352
v -0.005020 1.327678 -0.069352
v 0.017169 1.271536 -0.067778
v 0.017169 1.271536 -0.062704
v 0.016731 1.317315 -0.067733
v 0.004343 1.330027 -0.067773
v 0.015571 1.321571 -0.062704
v 0.002358 1.328713 -0.062704
v 0.004493 1.323152 -0.067669
v 0.001391 1.317263 -0.062704
v -0.002664 1.317886 -0.067768
v -0.002919 1.328463 -0.062704
v -0.002213 1.327471 -0.067787
v -0.015571 1.321571 -0.062704
v -0.013966 1.325854 -0.067699
v -0.017169 1.271536 -0.062704
v -0.017169 1.271536 -0.067778
v 0.014558 1.317437 -0.068878
v 0.015595 1.271536 -0.069352
v 0.017169 1.271536 -0.067778
v 0.016510 1.317948 -0.067661
v 0.010523 1.324490 -0.069352
v 0.012141 1.325034 -0.067704
v 0.005428 1.329102 -0.067625
v 0.003272 1.327401 -0.066725
v 0.004689 1.327102 -0.068836
v 0.004226 1.323416 -0.067952
v 0.005534 1.321582 -0.069870
v 0.001339 1.317117 -0.070072
v 0.002886 1.319333 -0.068079
v -0.000875 1.318543 -0.068311
v -0.003051 1.317169 -0.069352
v -0.005608 1.321534 -0.069887
v -0.004016 1.321571 -0.068063
v -0.002320 1.326250 -0.068012
v -0.004765 1.327039 -0.068757
v -0.004121 1.328339 -0.066735
v -0.010523 1.324490 -0.069352
v -0.012141 1.325034 -0.067704
v -0.014853 1.317906 -0.069230
v -0.017169 1.271536 -0.067778
v -0.015595 1.271536 -0.069352
v -0.016270 1.317621 -0.067384
v 0.044339 0.118411 0.133537
v 0.049334 0.118411 0.133537
v 0.040655 0.115904 0.139700
v 0.042074 0.114573 0.142973
v 0.000000 0.114573 0.142973
v 0.000000 0.115904 0.139700
v 0.040655 0.115904 0.139700
v 0.040655 0.119466 0.139927
v 0.044339 0.118411 0.133537
v 0.044339 0.121327 0.134723
v 0.044339 0.121327 0.134723
v 0.040655 0.119492 0.133977
v 0.044339 0.118411 0.133537
v -0.000000 0.121327 0.134723
v -0.000000 0.119492 0.133977
v 0.040655 0.115818 0.132483
v 0.049334 0.118411 0.133537
v 0.043274 0.115818 0.132483
v 0.049334 0.109647 0.129973
v 0.043274 0.109647 0.129973
v 0.043274 0.115818 0.132483
v 0.043274 0.113276 0.138733
v 0.043274 0.109647 0.129973
v 0.043274 0.107699 0.136465
v 0.043274 0.107699 0.136465
v 0.043274 0.113276 0.138733
v 0.000000 0.113276 0.138733
v 0.000000 0.107699 0.136465
v 0.000000 0.134878 0.098198
v 0.060724 0.135035 0.097528
v 0.000000 0.132750 0.107240
v 0.053476 0.132918 0.106534
v 0.065971 0.134500 0.099808
v 0.057206 0.132289 0.109200
v 0.069555 0.133037 0.105872
v 0.057891 0.130879 0.114844
v 0.065839 0.127779 0.126261
v 0.052666 0.126251 0.131027
v 0.042570 0.121855 0.145959
v 0.056941 0.121390 0.146329
v 0.042780 0.115288 0.163720
v 0.034435 0.119262 0.153311
v 0.022489 0.116455 0.160952
v 0.032803 0.112552 0.170585
v 0.022089 0.110522 0.175678
v 0.009555 0.114698 0.165201
v 0.011326 0.109430 0.178420
v 0.000000 0.108958 0.179602
v 0.000000 0.114329 0.166127
v -0.000000 0.112952 0.164782
v 0.000000 0.120338 0.144900
v 0.009448 0.113314 0.163873
v 0.022299 0.115021 0.159614
v 0.034032 0.117798 0.152140
v 0.042074 0.120338 0.144900
v 0.051256 0.115305 0.127435
v 0.056052 0.117069 0.118608
v 0.053905 0.116895 0.106741
v 0.056009 0.120404 0.108159
v 0.052278 0.121049 0.105046
v -0.000001 0.116190 0.107063
v 0.000000 0.120887 0.105735
v 0.040212 0.107967 0.137781
v 0.041653 0.110996 0.141100
v -0.000006 0.109248 0.142665
v 0.042223 0.120394 0.145022
v 0.054891 0.126802 0.123853
v 0.041653 0.110996 0.141100
v 0.053355 0.116410 0.123742
v 0.056475 0.130724 0.108170
v 0.055350 0.120737 0.106188
v -0.055212 0.120778 0.106062
v -0.056374 0.130778 0.107922
v -0.054891 0.126802 0.123853
v -0.042223 0.120394 0.145022
v -0.053355 0.116410 0.123742
v -0.041653 0.110996 0.141100
v 0.000000 0.120338 0.144900
v 0.000000 0.110929 0.141072
v 0.042074 0.120338 0.144900
v 0.041653 0.110996 0.141100
v -0.000000 0.119466 0.139927
v 0.040655 0.119466 0.139927
v 0.000000 0.115904 0.139700
v 0.040655 0.115904 0.139700
v -0.000000 0.121327 0.134723
v 0.044339 0.121327 0.134723
v -0.000000 0.119466 0.139927
v 0.040655 0.119466 0.139927
v 0.000000 0.113276 0.138733
v 0.040655 0.113276 0.138733
v -0.000000 0.119492 0.133977
v 0.040655 0.119492 0.133977
v -0.044339 0.118411 0.133537
v -0.040655 0.115904 0.139700
v -0.049334 0.118411 0.133537
v -0.042074 0.114573 0.142973
v 0.000000 0.114573 0.142973
v 0.000000 0.115904 0.139700
v -0.040655 0.115904 0.139700
v -0.044339 0.118411 0.133537
v -0.040655 0.119466 0.139927
v -0.044339 0.121327 0.134723
v -0.044339 0.121327 0.134723
v -0.044339 0.118411 0.133537
v -0.040655 0.119492 0.133977
v -0.000000 0.121327 0.134723
v -0.000000 0.119492 0.133977
v -0.040655 0.115818 0.132483
v -0.049334 0.118411 0.133537
v -0.043274 0.115818 0.132483
v -0.049334 0.109647 0.129973
v -0.043274 0.109647 0.129973
v -0.043274 0.115818 0.132483
v -0.043274 0.109647 0.129973
v -0.043274 0.113276 0.138733
v -0.043274 0.107699 0.136465
v -0.043274 0.107699 0.136465
v -0.043274 0.113276 0.138733
v 0.000000 0.113276 0.138733
v 0.000000 0.107699 0.136465
v 0.000000 0.134878 0.098198
v 0.000000 0.132750 0.107240
v -0.060724 0.135035 0.097528
v -0.053476 0.132918 0.106534
v -0.065971 0.134500 0.099808
v -0.057206 0.132289 0.109200
v -0.069555 0.133037 0.105872
v -0.057891 0.130879 0.114844
v -0.065839 0.127779 0.126261
v -0.052666 0.126251 0.131027
v -0.042570 0.121855 0.145959
v -0.056941 0.121390 0.146329
v -0.042780 0.115288 0.163720
v -0.034435 0.119262 0.153311
v -0.032803 0.112552 0.170585
v -0.022089 0.110522 0.175678
v -0.022489 0.116455 0.160952
v -0.009555 0.114698 0.165201
v -0.011326 0.109430 0.178420
v 0.000000 0.108958 0.179602
v 0.000000 0.114329 0.166127
v -0.000000 0.112952 0.164782
v -0.009448 0.113314 0.163873
v 0.000000 0.120338 0.144900
v -0.022299 0.115021 0.159614
v -0.034032 0.117798 0.152140
v -0.042074 0.120338 0.144900
v -0.051256 0.115305 0.127435
v -0.056009 0.120404 0.108159
v -0.052278 0.121049 0.105046
v 0.000000 0.120887 0.105735
v 0.000001 0.116190 0.107063
v -0.053905 0.116895 0.106741
v -0.056052 0.117069 0.118608
v -0.040212 0.107967 0.137781
v 0.000006 0.109248 0.142665
v -0.041653 0.110996 0.141100
v 0.000000 0.120338 0.144900
v -0.042074 0.120338 0.144900
v 0.000000 0.110929 0.141072
v -0.041653 0.110996 0.141100
v -0.000000 0.119466 0.139927
v 0.000000 0.115904 0.139700
v -0.040655 0.119466 0.139927
v -0.040655 0.115904 0.139700
v -0.000000 0.121327 0.134723
v -0.000000 0.119466 0.139927
v -0.044339 0.121327 0.134723
v -0.040655 0.119466 0.139927
v 0.000000 0.113276 0.138733
v -0.000000 0.119492 0.133977
v -0.040655 0.113276 0.138733
v -0.040655 0.119492 0.133977
v -0.047440 0.438617 -0.060919
v -0.046885 0.460593 -0.054151
vn 0.9994 0.0045 -0.0333
vn 0.9999 -0.0072 -0.0115
vn 0.9796 0.1006 -0.1742
vn 0.9774 0.1101 -0.1803
vn 0.0025 0.8949 0.4462
vn 0.0033 0.8866 0.4625
vn 0.0197 0.8867 0.4619
vn -0.0016 0.8884 0.4590
vn 0.0991 -0.9931 -0.0623
vn 0.1080 -0.9937 -0.0283
vn 0.0944 -0.9911 -0.0938
vn 0.0954 -0.9885 -0.1172
vn 0.0983 -0.9951 0.0040
vn 0.1467 -0.9892 -0.0059
vn 0.1498 -0.9887 -0.0059
vn -0.0037 -0.9669 0.2553
vn -0.0000 -0.9698 0.2440
vn 0.0657 -0.7943 0.6040
vn 0.0716 -0.7283 0.6815
vn 0.0028 -0.3533 0.9355
vn -0.0000 -0.3405 0.9402
vn -0.0000 -0.3075 0.9515
vn -0.0050 0.9650 -0.2621
vn -0.0000 0.9688 -0.2477
vn -0.0597 0.8050 -0.5903
vn -0.0730 0.7348 -0.6744
vn 0.0041 0.3753 -0.9269
vn -0.0000 0.3075 -0.9515
vn -0.0000 0.3588 -0.9334
vn 0.9839 0.0105 -0.1781
vn 0.9796 0.0363 -0.1976
vn 0.9053 0.0177 -0.4244
vn 0.8309 0.0401 -0.5549
vn 0.9808 -0.0133 -0.1947
vn 0.5915 0.1032 -0.7996
vn 0.6036 0.1076 -0.7900
vn -0.0000 0.1295 -0.9916
vn -0.0000 0.1419 -0.9899
vn -0.6010 0.1079 -0.7920
vn -0.5901 0.1017 -0.8009
vn -0.8956 0.0440 -0.4427
vn -0.8363 0.0383 -0.5470
vn -0.9721 0.0121 -0.2342
vn -0.9838 0.0184 -0.1785
vn -0.9889 -0.0252 -0.1466
vn -0.0000 1.0000 -0.0000
vn 0.9686 -0.0208 -0.2476
vn 0.9662 -0.0081 -0.2576
vn 0.9887 -0.0277 -0.1470
vn 0.8544 0.0164 -0.5193
vn 0.9895 -0.0388 -0.1392
vn -0.0000 0.0151 -0.9999
vn -0.0019 0.0743 -0.9972
vn 0.5412 0.0017 -0.8409
vn -0.4999 0.0505 -0.8646
vn -0.9672 -0.0223 -0.2529
vn -0.9894 -0.0375 -0.1403
vn -0.9885 -0.0282 -0.1483
vn -0.9660 -0.0079 -0.2583
vn -0.8521 0.0163 -0.5232
vn -0.8490 0.0343 -0.5273
vn -0.5968 0.0666 -0.7996
vn 0.5968 0.0666 -0.7996
vn 0.8490 0.0343 -0.5273
vn 0.8307 -0.0711 -0.5522
vn 0.8509 -0.0285 -0.5246
vn 0.9668 -0.0416 -0.2520
vn 0.9698 -0.0652 -0.2350
vn 0.9926 -0.0239 -0.1194
vn 0.9895 -0.0369 -0.1399
vn 0.5403 -0.0033 -0.8415
vn 0.2095 -0.0735 -0.9750
vn -0.0187 -0.0595 -0.9981
vn -0.5570 -0.0623 -0.8282
vn -0.5335 -0.0467 -0.8445
vn -0.8401 -0.0361 -0.5412
vn -0.8517 -0.0519 -0.5215
vn -0.9698 -0.0652 -0.2350
vn -0.9681 -0.0406 -0.2471
vn -0.9926 -0.0240 -0.1194
vn -0.9895 -0.0369 -0.1399
vn -0.0000 -1.0000 -0.0000
vn 0.5929 0.1114 -0.7975
vn 0.5861 0.1278 -0.8001
vn 0.5929 0.1114 -0.7976
vn 0.6010 0.0799 -0.7952
vn 0.6016 0.0649 -0.7962
vn 0.6016 0.0653 -0.7962
vn -0.5929 0.1114 -0.7976
vn -0.5861 0.1278 -0.8001
vn -0.6010 0.0799 -0.7952
vn -0.5929 0.1114 -0.7975
vn -0.6010 0.0800 -0.7952
vn -0.6016 0.0650 -0.7962
vn -0.6016 0.0653 -0.7962
vn -0.0970 -0.0000 -0.9953
vn -0.2073 -0.0093 -0.9782
vn 0.2073 -0.0093 -0.9782
vn 0.0970 -0.0000 -0.9953
vn -0.2302 0.1658 -0.9589
vn -0.2293 0.1665 -0.9590
vn -0.2064 0.0474 -0.9773
vn -0.2062 0.0473 -0.9774
vn -0.2063 0.0474 -0.9773
vn -0.0878 -0.0000 -0.9961
vn -0.1729 0.1757 -0.9691
vn -0.2292 0.1664 -0.9590
vn -0.0877 -0.0000 -0.9961
vn -0.0000 -0.0000 -1.0000
vn -0.1379 0.1460 -0.9796
vn -0.1378 0.1460 -0.9796
vn 0.0877 -0.0000 -0.9961
vn -0.1367 0.1307 -0.9820
vn 0.0878 -0.0000 -0.9961
vn 0.2063 0.0474 -0.9773
vn 0.2062 0.0473 -0.9774
vn 0.2064 0.0473 -0.9773
vn 0.2064 0.0474 -0.9773
vn 0.2292 0.1664 -0.9590
vn 0.2302 0.1658 -0.9589
vn -0.1471 0.1035 -0.9837
vn -0.1470 0.1036 -0.9837
vn -0.1367 0.1306 -0.9820
vn 0.2292 0.1665 -0.9590
vn 0.1729 0.1757 -0.9691
vn 0.1379 0.1460 -0.9796
vn 0.1378 0.1460 -0.9796
vn -0.2074 -0.0093 -0.9782
vn -0.1939 0.0591 -0.9792
vn -0.1936 0.0593 -0.9793
vn -0.1935 0.0594 -0.9793
vn -0.1938 0.0592 -0.9793
vn 0.1367 0.1307 -0.9820
vn 0.1367 0.1306 -0.9820
vn 0.1367 0.1305 -0.9820
vn 0.1471 0.1035 -0.9837
vn 0.1938 0.0592 -0.9793
vn 0.1934 0.0594 -0.9793
vn 0.1936 0.0593 -0.9793
vn 0.1939 0.0591 -0.9792
vn 0.2074 -0.0093 -0.9782
vn -0.0969 -0.0000 -0.9953
vn 0.0969 -0.0000 -0.9953
vn -0.1722 0.1702 -0.9702
vn 0.0458 0.1568 -0.9866
vn -0.0329 0.1788 -0.9833
vn 0.0471 0.0973 -0.9941
vn -0.1571 0.0880 -0.9837
vn 0.1427 0.1238 -0.9820
vn 0.1446 0.0668 -0.9872
vn 0.1840 0.1867 -0.9650
vn 0.3091 0.1644 -0.9367
vn -0.1959 0.1791 -0.9641
vn -0.3463 0.1734 -0.9220
vn -0.2964 0.1303 -0.9461
vn -0.2700 0.1146 -0.9560
vn 0.1781 0.2037 -0.9627
vn 0.1810 0.2384 -0.9541
vn 0.3239 0.2094 -0.9226
vn -0.0532 0.2069 -0.9769
vn -0.0523 0.2018 -0.9780
vn -0.1270 0.2168 -0.9679
vn -0.1331 0.2212 -0.9661
vn 0.3344 0.1980 -0.9214
vn 0.3539 0.6250 -0.6958
vn -0.0038 0.9999 -0.0139
vn -0.0007 1.0000 -0.0027
vn 0.0356 0.5199 -0.8535
vn 0.0031 1.0000 -0.0087
vn -0.1120 0.6784 -0.7261
vn 0.1964 0.1178 -0.9734
vn -0.0193 -0.9998 -0.0104
vn 0.0013 -1.0000 -0.0017
vn -0.0013 -1.0000 -0.0021
vn 0.0256 -0.9996 -0.0100
vn 0.0885 -0.5092 -0.8561
vn -0.2356 -0.2741 -0.9324
vn -0.0497 0.0273 -0.9984
vn -0.0000 -1.0000 -0.0028
vn 0.0009 -1.0000 -0.0026
vn 0.7279 0.1431 -0.6706
vn 0.7489 0.1439 -0.6469
vn 0.7315 0.1433 -0.6666
vn -0.0000 1.0000 0.0002
vn -0.0034 1.0000 0.0003
vn -0.0048 1.0000 0.0042
vn 0.0048 1.0000 0.0042
vn 0.0034 1.0000 0.0003
vn 0.9980 0.0156 -0.0610
vn 0.9994 0.0045 -0.0334
vn 0.9712 0.1160 -0.2081
vn -0.0002 0.2520 -0.9677
vn 0.0124 0.2195 -0.9755
vn -0.0159 0.2218 -0.9750
vn 0.0263 0.2121 -0.9769
vn -0.9994 0.0041 -0.0330
vn -0.9774 0.1104 -0.1804
vn -0.9796 0.1006 -0.1741
vn -0.9999 -0.0072 -0.0116
vn 0.5893 0.1487 -0.7941
vn 0.6112 0.1480 -0.7775
vn 0.0034 0.1401 -0.9901
vn -0.0310 0.2017 -0.9790
vn 0.0300 0.2245 -0.9740
vn -0.0669 0.1265 -0.9897
vn 0.0667 0.1384 -0.9881
vn -0.7279 0.1431 -0.6706
vn -0.7315 0.1433 -0.6666
vn -0.7489 0.1439 -0.6469
vn 0.9629 0.1292 -0.2370
vn -0.9981 0.0151 -0.0603
vn -0.9712 0.1158 -0.2080
vn 0.4694 0.1506 -0.8701
vn 0.5893 0.1486 -0.7941
vn 0.4694 0.1506 -0.8700
vn -0.5893 0.1487 -0.7941
vn -0.6112 0.1480 -0.7775
vn -0.0032 0.1553 -0.9879
vn 0.0188 0.1415 -0.9898
vn -0.0102 0.0997 -0.9950
vn -0.0487 0.0949 -0.9943
vn -0.9629 0.1290 -0.2370
vn -0.4694 0.1506 -0.8701
vn -0.4694 0.1505 -0.8701
vn -0.5893 0.1486 -0.7941
vn -0.0618 0.9971 0.0436
vn -0.0555 0.9616 0.2687
vn -0.1586 0.9860 0.0522
vn 0.0149 0.9991 0.0389
vn 0.1652 0.9507 0.2625
vn -0.2060 0.3425 0.9167
vn 0.4904 0.6407 0.5908
vn 0.6050 0.7186 0.3430
vn 0.0067 1.0000 0.0022
vn 0.1440 0.9866 0.0767
vn 0.0027 1.0000 0.0007
vn -0.0028 1.0000 0.0007
vn -0.5629 0.7331 0.3816
vn -0.5590 0.7441 0.3659
vn -0.4080 0.7700 0.4906
vn -0.2308 -0.1896 0.9544
vn 0.0815 0.7334 0.6748
vn 0.7084 -0.1322 0.6933
vn 0.3137 0.7169 0.6227
vn 0.5580 0.8157 0.1524
vn 0.9338 0.3205 -0.1592
vn 0.9651 -0.1565 -0.2102
vn 0.9881 -0.0533 0.1445
vn 0.6761 -0.1705 0.7168
vn -0.2684 -0.2429 0.9322
vn -0.9604 -0.0119 0.2784
vn -0.9435 -0.0074 0.3312
vn -0.6665 0.3121 -0.6770
vn -0.7386 0.5157 -0.4342
vn -0.3296 0.4779 -0.8142
vn 0.2448 0.3650 -0.8982
vn 0.0059 0.5288 -0.8487
vn 0.5445 0.5062 -0.6688
vn 0.8771 0.1888 -0.4416
vn 0.8109 0.2292 -0.5384
vn 0.4520 0.8278 -0.3323
vn -0.4796 0.8694 -0.1186
vn -0.1056 0.9944 -0.0011
vn -0.0250 0.9995 -0.0169
vn -0.0012 1.0000 0.0001
vn -0.1979 0.8944 -0.4011
vn -0.8196 0.4919 -0.2938
vn -0.0003 1.0000 0.0027
vn -0.0025 1.0000 0.0046
vn -0.2997 0.9538 0.0205
vn -0.1765 0.9700 0.1673
vn -0.5573 0.7628 0.3280
vn -0.6391 0.7622 -0.1027
vn 0.0175 0.9997 -0.0176
vn 0.2391 0.9680 -0.0765
vn 0.2564 0.9655 0.0457
vn 0.1550 0.9824 0.1047
vn 0.6294 0.7715 -0.0933
vn 0.6100 0.7334 0.3001
vn 0.4879 0.6870 -0.5385
vn -0.0548 0.8412 -0.5380
vn 0.9795 0.1045 -0.1722
vn 0.9624 0.0777 -0.2605
vn 0.9595 0.1388 -0.2452
vn 0.9632 0.0492 -0.2642
vn 0.9723 0.1204 -0.2005
vn 0.9595 0.1426 -0.2429
vn 0.9610 0.1374 -0.2400
vn 0.9611 0.1329 -0.2423
vn -0.9596 0.1390 -0.2445
vn -0.9624 0.0777 -0.2605
vn -0.9793 0.1093 -0.1707
vn -0.9632 0.0492 -0.2642
vn -0.9722 0.1224 -0.1995
vn -0.9596 0.1422 -0.2427
vn -0.9610 0.1373 -0.2401
vn -0.9611 0.1326 -0.2422
vn 0.0055 -0.9904 -0.1382
vn 0.0109 -0.9901 -0.1397
vn 0.0099 -0.9901 -0.1398
vn 0.0045 -0.9901 -0.1402
vn 0.0056 -0.9904 -0.1382
vn -0.0000 -0.9905 -0.1376
vn -0.0000 -0.9905 -0.1372
vn -0.0055 -0.9904 -0.1382
vn -0.0057 -0.9904 -0.1382
vn -0.0054 -0.9904 -0.1382
vn -0.0099 -0.9901 -0.1398
vn -0.0109 -0.9901 -0.1397
vn -0.0045 -0.9901 -0.1402
vn -0.2658 0.0826 -0.9605
vn -0.2660 0.0836 -0.9603
vn -0.1014 -0.0725 -0.9922
vn -0.1050 -0.0710 -0.9919
vn -0.1048 -0.0712 -0.9919
vn -0.1013 -0.0726 -0.9922
vn -0.0001 -0.0840 -0.9965
vn -0.0001 -0.0839 -0.9965
vn -0.2847 0.2617 -0.9222
vn -0.2847 0.2616 -0.9223
vn -0.2660 0.0839 -0.9603
vn -0.2658 0.0828 -0.9605
vn -0.2786 0.3600 -0.8904
vn -0.2786 0.3599 -0.8904
vn -0.2847 0.2616 -0.9222
vn -0.2148 0.3485 -0.9124
vn -0.2145 0.3484 -0.9125
vn 0.1050 -0.0710 -0.9919
vn 0.1014 -0.0725 -0.9922
vn 0.2660 0.0837 -0.9603
vn 0.2658 0.0827 -0.9605
vn 0.0001 -0.0839 -0.9965
vn 0.1013 -0.0725 -0.9922
vn 0.1049 -0.0711 -0.9919
vn 0.2658 0.0828 -0.9605
vn 0.2660 0.0839 -0.9603
vn 0.2846 0.2616 -0.9223
vn 0.2846 0.2617 -0.9222
vn -0.1837 0.3082 -0.9334
vn -0.1885 0.3005 -0.9350
vn 0.2846 0.2616 -0.9222
vn 0.2785 0.3599 -0.8904
vn 0.2785 0.3600 -0.8904
vn 0.2785 0.3599 -0.8905
vn 0.2144 0.3484 -0.9125
vn 0.2147 0.3485 -0.9124
vn -0.0886 0.1374 -0.9865
vn -0.1926 0.1139 -0.9746
vn -0.1916 0.1142 -0.9748
vn 0.1884 0.3005 -0.9350
vn 0.1836 0.3082 -0.9335
vn 0.1916 0.1142 -0.9748
vn 0.1926 0.1139 -0.9746
vn 0.0886 0.1374 -0.9865
vn -0.0000 0.1376 -0.9905
vn -0.0885 0.1374 -0.9865
vn -0.0583 0.3075 -0.9498
vn 0.0039 0.1693 -0.9856
vn -0.0866 0.2093 -0.9740
vn -0.0990 0.2469 -0.9640
vn 0.1026 0.2649 -0.9588
vn 0.0906 0.2009 -0.9754
vn 0.0236 0.0042 -0.9997
vn -0.0543 0.3367 -0.9400
vn -0.0687 0.3736 -0.9251
vn -0.0227 0.3230 -0.9461
vn -0.3667 0.3240 -0.8721
vn 0.0378 0.3519 -0.9353
vn 0.0395 0.3307 -0.9429
vn 0.1005 0.3078 -0.9461
vn 0.9978 -0.0590 0.0298
vn -0.0681 0.3440 -0.9365
vn -0.1816 0.3323 -0.9255
vn -0.1805 0.3217 -0.9295
vn -0.3394 0.3157 -0.8861
vn -0.0851 0.3312 -0.9397
vn -0.0792 0.3534 -0.9321
vn -0.1437 0.3540 -0.9241
vn -0.1720 0.3298 -0.9282
vn -0.0037 -0.9981 0.0618
vn -0.0000 -0.9986 0.0521
vn 0.0709 -0.8916 0.4472
vn 0.0737 -0.8387 0.5396
vn 0.0028 -0.5090 0.8608
vn -0.0000 -0.4969 0.8678
vn -0.0000 -0.4675 0.8840
vn 0.0001 -0.4675 0.8840
vn -0.0001 -0.4676 0.8839
vn -0.0000 -0.4676 0.8840
vn 0.0001 -0.4677 0.8839
vn -0.0053 0.9974 -0.0724
vn -0.0000 0.9982 -0.0592
vn -0.0685 0.8977 -0.4353
vn -0.0777 0.8400 -0.5370
vn 0.0041 0.5248 -0.8512
vn -0.0000 0.5095 -0.8604
vn -0.0000 0.4675 -0.8840
vn -0.0000 0.4676 -0.8840
vn -0.0001 0.4677 -0.8839
vn 0.0001 0.4676 -0.8839
vn -0.0001 0.4675 -0.8840
vn -0.0308 0.9919 0.1234
vn -0.0383 0.9894 0.1403
vn -0.0346 0.9909 0.1301
vn -0.0413 0.9886 0.1451
vn 0.0608 0.2196 0.9737
vn 0.0854 0.2482 0.9649
vn -0.1437 0.2354 0.9612
vn -0.1531 0.2651 0.9520
vn 0.0476 0.2734 0.9607
vn 0.2559 0.2683 0.9287
vn 0.2752 0.2595 0.9257
vn 0.2813 0.2194 0.9342
vn -0.1547 0.2108 0.9652
vn -0.0000 0.2948 -0.9556
vn -0.0000 0.4627 -0.8865
vn 0.0463 -0.4437 -0.8950
vn 0.0325 -0.8450 -0.5337
vn 0.0405 -0.8431 -0.5363
vn 0.0419 -0.8504 -0.5245
vn 0.0355 -0.8535 -0.5198
vn -0.0312 -0.8421 -0.5385
vn -0.0406 -0.8431 -0.5362
vn -0.0419 -0.8504 -0.5245
vn -0.0463 -0.4437 -0.8950
vn -0.0355 -0.8535 -0.5198
vn -0.0000 0.9407 0.3393
vn 0.6735 -0.0694 -0.7359
vn 0.8274 0.0737 -0.5568
vn 0.9600 -0.1815 -0.2133
vn 0.9968 0.0047 -0.0798
vn 0.9941 -0.0772 -0.0762
vn 0.9985 0.0217 -0.0505
vn 0.9158 0.0974 -0.3896
vn 0.9985 0.0421 -0.0351
vn 0.9994 0.0312 -0.0122
vn 0.9424 0.1472 -0.3004
vn 0.9986 0.0421 0.0308
vn 0.9982 0.0562 0.0227
vn 0.9365 0.1505 -0.3167
vn 0.9965 0.0713 0.0438
vn 0.6186 0.1581 -0.7696
vn 0.6726 0.0984 -0.7334
vn 0.9591 0.0859 -0.2696
vn 0.9959 0.0758 0.0501
vn 0.7243 0.0890 -0.6837
vn 0.8026 0.1663 -0.5729
vn 0.6780 0.2230 -0.7004
vn -0.9969 0.0187 -0.0765
vn 0.7486 0.2240 -0.6240
vn 0.5003 0.3278 -0.8014
vn 0.7165 0.2297 -0.6587
vn 0.9893 -0.1136 -0.0919
vn 0.9905 -0.0689 0.1191
vn 0.9778 -0.0580 0.2012
vn 0.9903 -0.0743 0.1173
vn 0.9905 -0.0510 0.1273
vn 0.9808 -0.0761 0.1797
vn 0.9687 -0.0525 0.2424
vn 0.9887 -0.0257 0.1474
vn 0.9774 -0.0064 0.2112
vn 0.9901 -0.0015 0.1405
vn 0.9682 -0.0253 0.2489
vn 0.9733 0.2092 0.0943
vn 0.9581 -0.1209 0.2597
vn 0.9535 -0.0230 0.3004
vn 0.9431 0.0571 0.3276
vn 0.9165 0.0025 0.4001
vn 0.9234 -0.0381 0.3819
vn 0.8231 -0.0656 0.5642
vn -0.2501 0.8057 -0.5369
vn 0.8608 -0.0086 0.5088
vn 0.5452 -0.0806 0.8344
vn 0.7529 -0.1115 0.6486
vn 0.7506 -0.0374 0.6596
vn 0.8913 -0.0152 0.4531
vn 0.8975 0.0526 0.4379
vn 0.8949 -0.0244 0.4457
vn 0.8253 0.0101 0.5645
vn 0.9841 0.0166 0.1770
vn 0.9597 0.0249 0.2799
vn 0.5017 0.2015 0.8413
vn 0.9692 0.0435 0.2425
vn 0.9588 0.0471 0.2800
vn 0.8610 -0.0082 0.5086
vn 0.9293 0.0981 0.3561
vn 0.7920 0.0334 0.6096
vn 0.7611 0.0283 0.6480
vn 0.6077 0.0617 0.7917
vn 0.4505 0.1203 0.8846
vn 0.1196 -0.0435 0.9919
vn 0.3374 -0.0347 0.9407
vn -0.1190 0.1143 0.9863
vn 0.6637 0.1216 0.7381
vn 0.7735 0.0962 0.6265
vn 0.6690 0.1156 0.7342
vn 0.7194 0.0328 0.6939
vn 0.8074 0.0559 0.5874
vn 0.8857 0.1913 0.4231
vn 0.9443 0.0632 0.3229
vn 0.9270 0.2146 0.3077
vn 0.8897 0.2775 0.3624
vn 0.7339 -0.0464 0.6777
vn 0.9159 0.1449 0.3743
vn -0.2441 -0.0329 0.9692
vn -0.5286 0.1096 0.8418
vn -0.3118 -0.0070 0.9501
vn -0.6101 0.0870 0.7875
vn -0.7398 -0.0948 0.6661
vn -0.7813 0.0403 0.6229
vn -0.7194 0.0328 0.6939
vn -0.9566 0.1767 0.2318
vn -0.9509 0.0537 0.3047
vn -0.9301 0.0915 0.3556
vn -0.9378 0.0600 0.3420
vn -0.8390 0.0192 0.5438
vn -0.8413 0.0571 0.5375
vn -0.7429 0.0956 0.6626
vn -0.6482 0.1445 0.7476
vn -0.6690 0.1156 0.7342
vn -0.9501 0.1042 0.2942
vn -0.9627 0.0516 0.2655
vn -0.9759 0.0467 0.2133
vn -0.9304 -0.0210 0.3660
vn -0.9846 0.0120 0.1745
vn -0.9517 0.0311 0.3055
vn -0.7081 -0.0860 0.7009
vn -0.8781 -0.0286 0.4776
vn 0.8997 0.3846 -0.2064
vn -0.8762 -0.2248 0.4264
vn -0.8414 0.0275 0.5396
vn -0.7366 0.0020 0.6764
vn -0.8175 -0.0155 0.5758
vn -0.8916 0.1130 0.4384
vn -0.7743 -0.0289 0.6321
vn -0.6891 -0.0407 0.7235
vn -0.7994 -0.0394 0.5995
vn -0.8239 -0.0716 0.5622
vn -0.9343 -0.0311 0.3552
vn -0.7475 -0.1138 0.6544
vn -0.5566 -0.0800 0.8269
vn -0.8586 -0.0447 0.5108
vn -0.9177 -0.0388 0.3953
vn -0.8580 -0.0814 0.5072
vn -0.9527 0.0877 0.2911
vn -0.9347 -0.1471 0.3236
vn -0.9288 -0.0973 0.3575
vn -0.9748 -0.0112 0.2226
vn -0.9679 -0.0985 0.2312
vn -0.8949 -0.1162 0.4308
vn -0.8019 -0.1709 0.5725
vn -0.9252 -0.1333 0.3554
vn -0.5977 -0.1444 0.7886
vn -0.9088 -0.1768 0.3780
vn -0.4720 -0.2026 0.8580
vn -0.9134 -0.1867 0.3618
vn -0.9417 -0.0787 0.3272
vn -0.9049 -0.2074 0.3718
vn -0.9369 -0.1679 0.3068
vn -0.9837 -0.0649 0.1678
vn -0.9764 -0.0521 0.2096
vn -0.9616 -0.0364 0.2722
vn -0.9908 -0.0606 0.1211
vn -0.9905 -0.0691 0.1192
vn -0.9903 -0.0743 0.1173
vn -0.9238 -0.1947 0.3298
vn -0.9164 -0.2079 0.3421
vn -0.9845 -0.0340 0.1718
vn -0.9830 -0.0138 0.1832
vn -0.9683 -0.0245 0.2484
vn -0.8926 -0.0522 0.4477
vn 0.8490 -0.3818 -0.3653
vn -0.3284 -0.1580 0.9312
vn -0.1850 -0.1759 0.9669
vn -0.0420 -0.2184 0.9750
vn 0.1854 -0.1815 0.9658
vn 0.0420 -0.2184 0.9750
vn 0.4720 -0.2026 0.8580
vn 0.3337 -0.1604 0.9289
vn -0.1292 -0.0120 0.9915
vn -0.3049 -0.0481 0.9512
vn -0.1861 0.0408 0.9817
vn -0.5618 0.0247 0.8269
vn -0.8094 0.0330 0.5864
vn -0.2641 0.0817 0.9610
vn -0.1764 -0.0520 0.9829
vn -0.4254 0.0994 0.8995
vn -0.1704 0.2333 0.9574
vn 0.0319 -0.2239 0.9741
vn 0.2641 -0.3500 0.8987
vn 0.4504 0.0232 0.8925
vn -0.1339 0.1384 0.9813
vn -0.4262 -0.0169 0.9045
vn 0.9888 -0.0012 -0.1496
vn 0.7004 0.0812 0.7091
vn 0.1489 0.3206 0.9354
vn 0.0003 0.2780 0.9606
vn -0.3692 0.1074 0.9231
vn 0.2916 0.0963 -0.9517
vn 0.1494 -0.0144 0.9887
vn 0.3034 0.2541 0.9184
vn -0.2424 0.0420 -0.9693
vn -0.1489 0.3206 0.9354
vn -0.7045 0.0669 0.7065
vn -0.9888 -0.0013 -0.1495
vn -0.0780 0.0917 0.9927
vn -0.4504 0.0232 0.8925
vn 0.0975 0.1625 0.9819
vn 0.1675 -0.0777 0.9828
vn 0.4248 0.0479 0.9040
vn -0.0000 -0.0001 1.0000
vn -0.3745 -0.6165 -0.6925
vn -0.0000 -0.5136 0.8581
vn 0.3745 -0.6165 -0.6925
vn -0.2641 -0.3500 0.8987
vn 0.5636 -0.0023 0.8260
vn 0.2777 0.1463 0.9495
vn 0.3080 -0.0482 0.9502
vn 0.2311 -0.0126 0.9729
vn 0.2344 0.2288 0.9449
vn -0.0435 0.1389 0.9894
vn -0.1191 0.2107 0.9703
vn -0.0253 -0.0372 0.9990
vn 0.1749 -0.0998 0.9795
vn 0.7935 -0.0107 0.6084
vn 0.7561 0.0011 0.6545
vn 0.8916 0.1130 0.4384
vn 0.8563 -0.0497 0.5142
vn 0.8440 -0.1291 0.5207
vn 0.8175 -0.0155 0.5758
vn 0.8880 0.1062 0.4475
vn 0.0797 -0.1242 0.9891
vn 0.5959 -0.1430 0.7902
vn 0.8091 -0.1957 0.5541
vn 0.8922 -0.1174 0.4361
vn 0.9395 -0.0955 0.3288
vn 0.9114 -0.1280 0.3911
vn 0.9013 -0.1253 0.4146
vn 0.9146 -0.2095 0.3458
vn 0.8954 -0.1719 0.4108
vn 0.9248 -0.2000 0.3237
vn 0.9579 -0.0517 0.2823
vn 0.9548 -0.1048 0.2782
vn 0.9515 -0.0941 0.2930
vn 0.7865 0.3923 0.4770
vn 0.9314 -0.2172 0.2923
vn 0.9274 0.0192 0.3737
vn 0.7215 0.6899 -0.0590
vn 0.6533 0.7571 -0.0042
vn -0.8548 0.1307 0.5022
vn -0.9436 -0.0478 0.3276
vn -0.8902 0.4458 0.0941
vn -0.6894 0.6958 0.2012
vn -0.6621 0.7494 -0.0020
vn 0.0256 0.9768 0.2128
vn -0.0230 0.9736 0.2269
vn 0.0012 0.9981 0.0610
vn -0.0233 0.9826 0.1844
vn -0.0234 0.9609 0.2761
vn -0.0379 0.9061 0.4213
vn -0.0158 0.9102 0.4140
vn -0.0312 0.9547 0.2960
vn 0.0283 0.9076 0.4188
vn -0.0080 0.9032 0.4291
vn -0.0331 0.8226 0.5676
vn 0.0184 0.8081 0.5887
vn 0.0258 0.6647 0.7467
vn -0.0043 0.9225 0.3860
vn 0.0263 0.9833 0.1799
vn 0.0283 0.9623 0.2706
vn 0.0260 0.9497 0.3120
vn 0.0613 0.9092 0.4119
vn 0.0183 0.6586 0.7522
vn 0.0028 -0.9321 0.3622
vn -0.0092 -0.5288 0.8487
vn -0.0299 -0.6137 0.7889
vn -0.0022 -0.9415 0.3371
vn 0.0086 -0.5878 0.8090
vn -0.0054 0.0643 0.9979
vn -0.0034 0.1237 0.9923
vn -0.0199 0.6444 0.7644
vn 0.0010 0.1093 0.9940
vn 0.0252 0.5241 0.8513
vn 0.0006 -0.9972 0.0750
vn 0.0008 -0.9959 0.0904
vn -0.0005 -0.9953 0.0966
vn 0.0131 0.7996 -0.6004
vn 0.0111 0.8124 -0.5830
vn 0.0021 0.3628 -0.9319
vn -0.0046 0.9328 -0.3604
vn 0.0005 0.9655 -0.2606
vn 0.0021 0.9762 -0.2169
vn 0.0005 0.9968 -0.0797
vn 0.0106 0.9986 -0.0513
vn -0.0000 0.9984 -0.0564
vn 0.0006 1.0000 0.0064
vn 0.0002 1.0000 0.0084
vn -0.0000 1.0000 0.0020
vn -0.0003 0.9654 -0.2609
vn 0.0004 0.9968 -0.0794
vn -0.0077 0.8167 -0.5770
vn -0.0233 0.8050 -0.5928
vn -0.0125 0.3830 -0.9237
vn -0.0447 0.6399 -0.7671
vn 0.0076 0.5826 -0.8127
vn 0.0037 -0.0675 -0.9977
vn 0.0037 -0.0847 -0.9964
vn 0.0019 -0.3114 -0.9503
vn -0.0038 -0.3217 -0.9468
vn -0.0000 -0.5663 -0.8242
vn -0.0000 -0.4603 -0.8878
vn -0.0135 -0.4638 -0.8858
vn -0.0000 -0.6034 -0.7974
vn 0.0004 -0.6031 -0.7977
vn -0.0030 -0.5634 -0.8262
vn -0.0004 -0.6031 -0.7977
vn -0.0009 1.0000 0.0022
vn 0.0009 1.0000 0.0022
vn 0.0224 -0.3957 -0.9181
vn 0.0096 -0.1991 -0.9799
vn 0.0205 -0.2079 -0.9779
vn -0.0751 0.6373 0.7669
vn 0.0143 -0.4449 -0.8954
vn 0.0455 -0.4561 -0.8888
vn 0.0392 -0.4797 -0.8765
vn 0.0259 -0.6893 -0.7240
vn 0.0236 -0.1251 -0.9919
vn 0.0054 0.9825 -0.1863
vn 0.0101 0.9668 -0.2552
vn 0.0102 0.9673 -0.2533
vn 0.0132 0.9831 -0.1825
vn 0.0214 0.4130 -0.9105
vn 0.0247 0.3207 -0.9469
vn 0.0253 0.3412 -0.9396
vn 0.0171 0.4494 -0.8932
vn 0.0170 0.6616 -0.7497
vn 0.0107 0.6236 -0.7817
vn 0.0013 -0.9486 -0.3163
vn 0.0010 -0.9433 -0.3320
vn 0.0010 -0.9434 -0.3317
vn -0.0029 -0.9484 -0.3171
vn -0.0189 -0.2086 -0.9778
vn -0.0096 -0.1991 -0.9799
vn -0.0228 -0.4016 -0.9155
vn -0.0529 -0.4339 -0.8994
vn 0.0601 0.6440 0.7626
vn -0.0455 -0.4561 -0.8888
vn -0.0392 -0.4797 -0.8765
vn -0.0259 -0.6893 -0.7241
vn -0.0237 -0.1251 -0.9919
vn -0.0102 0.9673 -0.2533
vn -0.0101 0.9668 -0.2552
vn -0.0054 0.9825 -0.1863
vn -0.0132 0.9831 -0.1825
vn -0.0944 -0.9911 -0.0938
vn -0.1080 -0.9937 -0.0283
vn -0.0992 -0.9931 -0.0622
vn -0.0983 -0.9951 0.0039
vn -0.1467 -0.9892 -0.0059
vn -0.1498 -0.9887 -0.0059
vn -0.0954 -0.9885 -0.1172
vn -0.9565 -0.2161 -0.1960
vn -0.8628 0.0883 -0.4979
vn -0.6735 -0.0696 -0.7359
vn -0.9964 -0.0452 -0.0712
vn -0.9970 0.0157 -0.0755
vn -0.9986 0.0270 -0.0461
vn -0.9501 0.1444 -0.2767
vn -0.7206 0.2155 -0.6590
vn -0.5003 0.3278 -0.8014
vn -0.7485 0.2230 -0.6245
vn -0.9985 0.0421 -0.0351
vn -0.9994 0.0311 -0.0122
vn -0.9389 0.1237 -0.3212
vn -0.9984 0.0471 0.0312
vn -0.9981 0.0568 0.0225
vn -0.9579 0.1091 -0.2657
vn -0.9964 0.0720 0.0437
vn -0.9582 0.0588 -0.2799
vn -0.9959 0.0758 0.0501
vn -0.7247 0.0888 -0.6833
vn -0.6727 0.0974 -0.7335
vn -0.6186 0.1581 -0.7697
vn -0.8026 0.1663 -0.5729
vn -0.6779 0.2231 -0.7005
vn 0.9969 0.0187 -0.0765
vn -0.9893 -0.1136 -0.0919
vn 0.0252 0.0252 0.9994
vn -0.0252 0.0252 0.9994
vn -1.0000 -0.0000 -0.0000
vn 1.0000 -0.0000 -0.0000
vn -0.9991 0.0328 -0.0270
vn -0.9991 0.0328 -0.0269
vn -0.9991 0.0329 -0.0268
vn -0.9991 0.0327 -0.0271
vn -0.0107 0.2943 -0.9557
vn -0.0276 0.3263 -0.9449
vn 0.0068 0.3263 -0.9453
vn -0.0094 0.2969 -0.9549
vn 0.9991 0.0329 -0.0268
vn 0.9991 0.0326 -0.0272
vn 0.9991 0.0328 -0.0270
vn 0.9991 0.0327 -0.0271
vn -0.0260 0.9997 -0.0006
vn -0.0184 0.9998 0.0022
vn -0.0313 0.9976 -0.0619
vn -0.0222 0.9786 -0.2046
vn -0.0281 0.9576 -0.2867
vn -0.0256 0.8301 -0.5570
vn -0.0211 0.1537 -0.9879
vn -0.0213 0.3494 -0.9367
vn -0.0333 0.2863 -0.9576
vn -0.0222 0.1237 -0.9921
vn -0.0175 0.5579 -0.8297
vn -0.0242 0.7094 -0.7044
vn -0.0306 0.9978 0.0591
vn -0.0194 0.9957 0.0903
vn -0.0175 0.9925 0.1210
vn -0.0242 0.9916 0.1270
vn -0.0047 0.9990 0.0443
vn -0.0175 0.9985 0.0523
vn -0.0024 0.9992 0.0391
vn -0.0130 -0.9624 -0.2712
vn -0.0040 -0.9601 -0.2795
vn -0.0022 -0.9620 -0.2732
vn 0.0010 -0.9425 -0.3341
vn 0.0010 -0.9421 -0.3352
vn -0.0049 -0.9439 -0.3302
vn -0.0048 -0.9440 -0.3300
vn 0.0029 -0.5689 -0.8224
vn 0.0062 -0.5641 -0.8257
vn 0.0123 -0.6923 -0.7215
vn 0.0007 -0.7843 -0.6204
vn -0.0032 -0.9234 -0.3838
vn -0.0455 -0.9574 -0.2853
vn -0.0217 -0.9785 -0.2052
vn 0.0324 -0.5124 -0.8581
vn 0.0182 0.9962 0.0847
vn 0.0120 0.9990 0.0422
vn 0.0216 0.9981 0.0576
vn 0.0282 0.9962 0.0818
vn 0.0358 0.9993 0.0084
vn 0.0449 0.9980 -0.0445
vn 0.0239 0.9904 -0.1364
vn 0.0508 0.9920 0.1152
vn 0.0358 0.5339 -0.8448
vn -0.0010 0.7122 -0.7020
vn 0.0041 0.8354 -0.5496
vn 0.0116 0.7004 -0.7136
vn 0.0334 0.8194 -0.5723
vn 0.0249 0.5351 -0.8444
vn 0.0027 0.5008 -0.8656
vn -0.0026 0.3465 -0.9381
vn 0.0146 0.3403 -0.9402
vn 0.0360 0.9746 -0.2209
vn 0.0581 0.5137 -0.8560
vn 0.0455 0.3174 -0.9472
vn 0.0371 0.3101 -0.9500
vn 0.0139 0.9914 0.1304
vn 0.0080 0.9989 0.0456
vn -0.0255 -0.9340 -0.3564
vn -0.0288 -0.9643 -0.2634
vn 0.0366 -0.7878 -0.6148
vn -0.0029 -0.1573 -0.9875
vn 0.0636 -0.9979 -0.0137
vn 0.0398 -0.9990 -0.0192
vn -0.0033 -0.9998 -0.0200
vn -0.0016 -0.9999 -0.0148
vn 0.0003 -0.9999 -0.0136
vn 0.0001 -0.9999 -0.0131
vn -0.0008 -0.9998 -0.0208
vn 0.0613 -0.9980 -0.0142
vn 0.0632 -0.9979 -0.0138
vn 0.0001 -0.9999 -0.0144
vn 0.0023 -0.9999 -0.0163
vn 0.0001 -0.9999 -0.0140
vn 0.0028 -0.9999 -0.0169
vn 0.0043 -0.9998 -0.0194
vn 0.0526 -0.7797 -0.6239
vn -0.0275 -0.6715 -0.7405
vn 0.0577 -0.7169 -0.6948
vn 0.0114 -0.6758 -0.7370
vn 0.0359 -0.2191 -0.9750
vn 0.0292 -0.1877 -0.9818
vn -0.0073 -0.0387 -0.9992
vn -0.0178 -0.4113 -0.9113
vn 0.0270 -0.3616 -0.9320
vn 0.0403 -0.5400 -0.8407
vn 0.0130 -0.4636 -0.8860
vn -0.0170 -0.4498 -0.8930
vn 0.0237 -0.4494 -0.8930
vn 0.0039 -0.7015 -0.7126
vn 0.0366 -0.3605 -0.9321
vn 0.0376 -0.3805 -0.9240
vn 0.2462 -0.6691 -0.7012
vn 0.0461 -0.3563 -0.9333
vn 0.0814 -0.5218 -0.8491
vn 0.0167 -0.5758 -0.8174
vn 0.0469 -0.2978 -0.9535
vn 0.0532 -0.2215 -0.9737
vn -0.0253 -0.1259 -0.9917
vn 0.0676 -0.6774 -0.7325
vn 0.9583 -0.2276 -0.1729
vn 0.9583 -0.2278 -0.1727
vn 0.9584 -0.2575 -0.1229
vn 0.9584 -0.1900 -0.2131
vn 0.9583 -0.2578 -0.1232
vn 0.9580 -0.2798 -0.0626
vn 0.9558 -0.2939 -0.0096
vn 0.9558 -0.2938 -0.0096
vn 0.9543 -0.2988 -0.0042
vn 0.9583 -0.1901 -0.2133
vn 0.9675 -0.1039 -0.2307
vn 0.9654 -0.1434 -0.2179
vn 0.9457 -0.0565 -0.3202
vn 0.9407 -0.1064 -0.3222
vn 0.9398 -0.0321 -0.3402
vn 0.9555 -0.0328 -0.2933
vn 0.9595 -0.0356 -0.2793
vn 0.1699 -0.9398 -0.2964
vn 0.1705 -0.5950 -0.7854
vn 0.7581 -0.5151 -0.3999
vn 0.6662 -0.6807 -0.3046
vn 0.9857 -0.1622 -0.0462
vn 0.9908 -0.1206 -0.0614
vn 0.9792 -0.2028 -0.0093
vn 0.9990 -0.0453 -0.0042
vn 0.9621 -0.2506 -0.1076
vn 0.6818 -0.7221 0.1170
vn 0.7698 -0.4732 -0.4283
vn 1.0000 0.0025 -0.0021
vn 1.0000 0.0066 -0.0005
vn 0.9999 0.0136 -0.0033
vn 1.0000 0.0013 0.0028
vn 1.0000 0.0053 0.0047
vn 1.0000 0.0051 0.0047
vn 0.9999 0.0106 0.0074
vn 0.9999 0.0091 0.0067
vn 0.9998 0.0148 0.0099
vn 0.9998 0.0150 0.0099
vn 0.9999 0.0145 0.0089
vn 0.9999 0.0146 0.0090
vn 0.9999 0.0113 0.0059
vn 0.9999 0.0114 0.0060
vn 1.0000 0.0076 0.0050
vn 1.0000 0.0076 0.0049
vn 1.0000 0.0030 0.0048
vn 1.0000 0.0043 0.0055
vn 0.9923 -0.0100 -0.1232
vn 0.9998 -0.0051 -0.0192
vn 0.9933 0.1139 -0.0196
vn 0.9996 0.0283 0.0026
vn 0.9993 0.0365 0.0010
vn 0.9318 0.3411 -0.1239
vn 0.9994 0.0335 -0.0015
vn 0.9996 0.0286 -0.0076
vn 0.6448 0.4418 -0.6237
vn 0.3106 0.9272 -0.2092
vn 0.9997 0.0204 -0.0092
vn 0.9714 0.0206 -0.2366
vn 0.9995 0.0267 -0.0159
vn 1.0000 -0.0015 0.0030
vn 1.0000 0.0005 0.0048
vn 0.9937 -0.0500 -0.1006
vn 0.5549 -0.1970 -0.8083
vn 0.5189 0.3667 -0.7722
vn 0.1504 0.0130 -0.9885
vn 0.1597 0.5288 -0.8336
vn 0.1853 0.8306 -0.5251
vn 0.1345 0.9872 -0.0855
vn 0.5548 0.8210 0.1350
vn 0.2551 0.9599 0.1159
vn 0.6370 0.7601 0.1284
vn 0.5296 -0.3872 -0.7547
vn 0.9947 -0.0661 -0.0785
vn 0.2816 -0.9128 0.2958
vn 0.1061 -0.9941 0.0217
vn 1.0000 -0.0001 -0.0000
vn 1.0000 -0.0018 -0.0003
vn 1.0000 0.0002 -0.0007
vn 1.0000 0.0046 -0.0013
vn 1.0000 0.0019 0.0015
vn 0.9999 0.0114 0.0056
vn 1.0000 -0.0045 -0.0014
vn 0.9999 0.0117 0.0068
vn -1.0000 0.0034 -0.0000
vn -1.0000 0.0033 -0.0000
vn 0.7157 0.6181 0.3252
vn 0.5537 0.7777 0.2975
vn 0.3098 0.9094 0.2775
vn 0.1144 0.9735 0.1982
vn 0.9575 0.2703 0.1010
vn 0.8694 0.3458 0.3530
vn 0.9069 0.3983 0.1378
vn 0.9318 0.3441 0.1155
vn 0.9394 0.3065 0.1534
vn 0.7131 0.5668 0.4126
vn 0.9374 0.3071 0.1645
vn 0.9449 0.2452 0.2169
vn 0.6117 0.2245 0.7586
vn 0.9420 0.2398 0.2350
vn 0.9677 0.0604 0.2447
vn 0.5901 -0.3654 0.7199
vn 0.1871 -0.3304 0.9251
vn 0.1925 0.4516 0.8712
vn 0.1986 0.8029 0.5620
vn 0.1810 0.9015 0.3932
vn 0.1010 -0.7397 0.6653
vn 0.5560 -0.7068 0.4373
vn 0.9589 -0.2143 0.1862
vn 0.9808 -0.1232 0.1512
vn 0.9990 -0.0008 -0.0449
vn 0.9966 0.0270 -0.0780
vn -0.0000 -0.0763 0.9971
vn -0.0000 -0.0764 -0.9971
vn -0.0000 -0.0763 -0.9971
vn -0.0000 -0.1822 0.9833
vn -0.0000 -0.1822 -0.9833
vn 0.0118 -0.9716 -0.2362
vn -0.0020 -0.9682 -0.2500
vn -0.0012 -0.9606 -0.2778
vn -0.0087 -0.9583 -0.2855
vn 0.0185 0.9897 -0.1423
vn 0.0144 0.9971 -0.0747
vn 0.0174 0.9958 -0.0902
vn 0.0041 0.9870 -0.1608
vn 0.9734 -0.2017 -0.1089
vn 0.9938 -0.0960 -0.0561
vn 0.9551 -0.2592 -0.1433
vn 0.9580 -0.2462 -0.1469
vn 0.8822 -0.4703 -0.0233
vn 0.8866 -0.4610 0.0390
vn 0.6774 -0.7178 0.1610
vn -0.9468 -0.2786 -0.1614
vn -0.9624 -0.2277 -0.1479
vn -0.9039 -0.3462 -0.2514
vn -0.9316 -0.2788 -0.2333
vn -0.8475 -0.5155 -0.1264
vn -0.7436 -0.6679 0.0300
vn -0.6867 -0.6993 0.1986
vn 0.0175 0.9634 -0.2674
vn 0.0205 0.9632 -0.2679
vn 0.0212 0.9631 -0.2684
vn 0.0044 -0.9451 -0.3267
vn 0.0042 -0.9452 -0.3264
vn 0.0033 -0.9453 -0.3263
vn 0.0044 -0.9451 -0.3268
vn -0.0123 -0.6923 -0.7215
vn -0.0062 -0.5641 -0.8257
vn -0.0029 -0.5689 -0.8224
vn 0.0195 -0.7771 -0.6291
vn 0.0032 -0.9234 -0.3838
vn 0.0455 -0.9574 -0.2853
vn 0.0217 -0.9785 -0.2052
vn -0.0324 -0.5124 -0.8581
vn 0.0102 -0.9903 -0.1385
vn 0.0544 -0.9150 -0.3998
vn -0.0271 -0.9707 -0.2387
vn 0.1813 -0.8852 -0.4284
vn -0.0013 -0.8367 -0.5476
vn -0.0151 -0.9997 -0.0171
vn -0.0150 -0.9998 -0.0159
vn -0.0143 -0.9998 -0.0161
vn 0.0033 -0.9998 -0.0200
vn 0.0016 -0.9999 -0.0148
vn 0.0008 -0.9998 -0.0208
vn -0.0001 -0.9999 -0.0131
vn -0.0003 -0.9999 -0.0136
vn 0.0009 -0.9999 -0.0136
vn -0.0005 -0.9999 -0.0139
vn -0.0001 -0.9999 -0.0135
vn -0.0001 -0.9999 -0.0140
vn -0.0001 -0.9999 -0.0134
vn -0.0001 -0.9999 -0.0144
vn -0.0547 -0.7909 -0.6095
vn -0.0039 -0.7015 -0.7126
vn -0.0531 -0.6230 -0.7804
vn -0.0633 -0.4808 -0.8746
vn -0.0408 -0.5489 -0.8349
vn -0.0130 -0.4511 -0.8924
vn -0.0366 -0.3605 -0.9321
vn -0.0313 -0.3826 -0.9234
vn -0.0859 -0.4881 -0.8685
vn -0.0167 -0.5758 -0.8174
vn -0.2462 -0.6691 -0.7012
vn -0.0129 -0.4637 -0.8859
vn -0.0351 -0.3744 -0.9266
vn -0.0155 -0.1908 -0.9815
vn -0.0267 -0.3518 -0.9357
vn -0.0359 -0.2191 -0.9750
vn 0.0073 -0.0387 -0.9992
vn -0.0578 -0.7170 -0.6947
vn -0.0115 -0.6758 -0.7370
vn -0.0062 -0.3840 -0.9233
vn -0.0550 -0.2918 -0.9549
vn -0.0532 -0.2215 -0.9737
vn -0.0330 -0.6670 -0.7443
vn 0.0253 -0.1260 -0.9917
vn -0.9584 -0.1899 -0.2132
vn -0.9583 -0.2276 -0.1729
vn -0.9583 -0.2278 -0.1727
vn -0.9585 -0.2573 -0.1229
vn -0.9583 -0.2578 -0.1232
vn -0.9580 -0.2798 -0.0626
vn -0.9558 -0.2938 -0.0096
vn -0.9543 -0.2988 -0.0042
vn -0.9583 -0.1902 -0.2133
vn -0.9703 -0.1154 -0.2126
vn -0.9654 -0.1434 -0.2179
vn -0.9407 -0.1064 -0.3222
vn -0.9441 -0.0683 -0.3226
vn -0.9398 -0.0321 -0.3402
vn -0.9555 -0.0329 -0.2931
vn -0.9595 -0.0356 -0.2794
vn -0.7172 -0.5865 -0.3765
vn -0.1704 -0.5951 -0.7854
vn -0.1699 -0.9398 -0.2964
vn -0.6952 -0.7161 -0.0620
vn -0.9857 -0.1622 -0.0462
vn -0.9908 -0.1206 -0.0614
vn -0.9792 -0.2028 -0.0093
vn -0.9990 -0.0453 -0.0042
vn -0.6262 -0.7564 0.1893
vn -0.9857 -0.1137 -0.1246
vn -0.8138 -0.3349 -0.4750
vn -1.0000 0.0025 -0.0021
vn -1.0000 0.0066 -0.0005
vn -1.0000 0.0007 -0.0004
vn -0.9999 0.0136 -0.0033
vn -1.0000 0.0055 0.0046
vn -1.0000 0.0051 0.0047
vn -0.9999 0.0107 0.0074
vn -0.9999 0.0092 0.0067
vn -0.9998 0.0148 0.0099
vn -0.9998 0.0150 0.0099
vn -0.9999 0.0145 0.0089
vn -0.9999 0.0114 0.0060
vn -0.9999 0.0113 0.0059
vn -1.0000 0.0078 0.0049
vn -1.0000 0.0076 0.0050
vn -1.0000 0.0043 0.0055
vn -1.0000 0.0030 0.0048
vn -0.9899 0.0015 -0.1420
vn -0.9998 -0.0079 -0.0167
vn -0.6370 0.7601 0.1284
vn -0.5665 0.8236 -0.0285
vn -0.9933 0.1139 -0.0196
vn -0.2527 0.9610 0.1128
vn -0.1345 0.9872 -0.0855
vn -0.4331 0.8189 -0.3766
vn -0.9068 0.3955 -0.1457
vn -0.9993 0.0365 0.0010
vn -0.9994 0.0335 -0.0015
vn -0.9996 0.0286 -0.0076
vn -0.9995 0.0267 -0.0159
vn -0.9997 0.0204 -0.0092
vn -1.0000 -0.0015 0.0030
vn -0.9705 0.0502 -0.2358
vn -0.5889 0.6410 -0.4922
vn -0.5520 0.3987 -0.7324
vn -1.0000 0.0005 0.0048
vn -0.5740 0.0045 -0.8188
vn -0.1601 0.5279 -0.8341
vn -0.1847 0.8298 -0.5267
vn -0.1505 0.0130 -0.9885
vn -0.5978 -0.4119 -0.6878
vn -0.9937 -0.0500 -0.1006
vn -0.9947 -0.0661 -0.0785
vn -0.9996 0.0283 0.0026
vn -0.2815 -0.9128 0.2958
vn -0.1249 -0.9917 0.0315
vn -1.0000 -0.0001 -0.0000
vn -1.0000 0.0002 -0.0007
vn -1.0000 -0.0018 -0.0003
vn -1.0000 0.0046 -0.0013
vn -1.0000 0.0019 0.0015
vn -1.0000 -0.0045 -0.0014
vn -0.9999 0.0114 0.0056
vn -0.9999 0.0117 0.0068
vn 1.0000 0.0034 -0.0000
vn 1.0000 0.0033 -0.0000
vn -0.3098 0.9094 0.2775
vn -0.5201 0.8050 0.2854
vn -0.6791 0.6264 0.3825
vn -0.1144 0.9735 0.1982
vn -0.9573 0.2704 0.1021
vn -0.8694 0.3458 0.3530
vn -0.9069 0.3983 0.1378
vn -0.9318 0.3442 0.1150
vn -0.9395 0.3064 0.1535
vn -0.7138 0.5550 0.4272
vn -0.9374 0.3071 0.1645
vn -0.9449 0.2451 0.2170
vn -0.6737 0.2409 0.6986
vn -0.9420 0.2398 0.2350
vn -0.9706 0.0643 0.2318
vn -0.6455 -0.3781 0.6636
vn -0.9589 -0.2142 0.1862
vn -0.9808 -0.1232 0.1512
vn -0.9990 -0.0008 -0.0449
vn -0.9966 0.0270 -0.0780
vn -0.5450 -0.5440 0.6380
vn -0.1871 -0.3304 0.9251
vn -0.1010 -0.7397 0.6653
vn -0.1925 0.4516 0.8712
vn -0.1986 0.8029 0.5620
vn -0.1809 0.9015 0.3931
vn -0.0174 0.9958 -0.0901
vn -0.0144 0.9971 -0.0747
vn -0.0185 0.9897 -0.1423
vn -0.0041 0.9870 -0.1608
vn -0.9551 -0.2592 -0.1433
vn -0.9938 -0.0960 -0.0561
vn -0.9734 -0.2018 -0.1089
vn -0.9580 -0.2462 -0.1469
vn -0.8822 -0.4703 -0.0233
vn -0.8866 -0.4610 0.0390
vn -0.6774 -0.7178 0.1610
vn 0.9039 -0.3462 -0.2514
vn 0.9624 -0.2277 -0.1479
vn 0.9468 -0.2786 -0.1614
vn 0.9316 -0.2789 -0.2333
vn 0.8475 -0.5155 -0.1264
vn 0.7436 -0.6679 0.0300
vn 0.6867 -0.6993 0.1986
vn -0.0213 0.9630 -0.2685
vn -0.0205 0.9632 -0.2679
vn -0.0176 0.9634 -0.2673
vn -0.0212 0.9631 -0.2684
vn 0.8490 -0.2212 -0.4798
vn 0.8490 -0.3880 -0.3586
vn 0.8491 -0.4956 -0.1828
vn 0.8491 -0.5279 0.0208
vn 0.8491 -0.4797 0.2212
vn 0.8490 -0.3586 0.3880
vn 0.8491 -0.1828 0.4957
vn 0.8491 0.0208 0.5279
vn 0.8491 0.2212 0.4798
vn 0.8490 0.2212 0.4798
vn 0.8490 0.3880 0.3586
vn 0.8490 0.4957 0.1828
vn 0.8491 0.5279 -0.0208
vn 0.8491 0.4797 -0.2212
vn 0.8491 0.3585 -0.3879
vn 0.8491 0.1828 -0.4956
vn 0.8491 0.1828 -0.4957
vn 0.8491 -0.0208 -0.5279
vn 0.8491 -0.2212 -0.4798
vn 0.1327 -0.7870 0.6025
vn 0.3042 -0.6138 0.7285
vn 0.5808 -0.7975 0.1634
vn 0.4213 -0.2354 0.8759
vn 0.4447 -0.8512 -0.2787
vn 0.6143 -0.6105 -0.4998
vn 0.4558 -0.2897 -0.8416
vn 0.4257 -0.3021 -0.8529
vn 0.4203 0.3250 -0.8472
vn 0.4218 0.3328 -0.8434
vn 0.4039 0.5901 -0.6990
vn 0.4019 0.5843 -0.7050
vn 0.3897 0.9075 -0.1569
vn 0.3826 0.9187 -0.0985
vn 0.3916 0.6071 0.6915
vn 0.3958 0.5795 0.7124
vn 0.4010 -0.0212 0.9158
vn 0.4014 -0.0070 0.9159
vn -0.0660 0.7806 -0.6215
vn -0.0000 0.8239 -0.5668
vn 0.0250 0.9721 0.2334
vn 0.0370 0.9937 -0.1054
vn 0.0203 0.5941 0.8041
vn -0.1573 0.4539 0.8771
vn -0.0000 -0.9383 -0.3459
vn -0.0001 -0.9382 -0.3461
vn 0.0001 -0.9382 -0.3460
vn -0.0003 -0.9382 -0.3460
vn 0.0001 -0.9382 -0.3461
vn -0.0003 -0.9383 -0.3459
vn -0.0000 -0.5224 0.8527
vn -0.0000 0.1327 -0.9912
vn -0.0408 -0.9921 -0.1182
vn -0.2676 -0.7160 -0.6448
vn -0.1322 -0.8332 -0.5369
vn 0.0382 -0.9904 -0.1328
vn -0.4030 -0.1687 -0.8995
vn -0.4288 -0.1592 -0.8892
vn -0.3694 0.9138 -0.1688
vn -0.3797 0.6022 -0.7023
vn -0.3824 0.6073 -0.6964
vn -0.3742 0.9223 -0.0971
vn -0.3725 0.6095 0.6999
vn -0.3769 0.5802 0.7220
vn -0.3871 -0.0412 0.9211
vn -0.3897 -0.0421 0.9200
vn -0.8489 -0.3882 -0.3588
vn -0.8489 -0.4958 -0.1828
vn -0.8489 -0.2213 -0.4800
vn -0.8490 -0.4958 -0.1828
vn -0.8489 -0.5281 0.0208
vn -0.8491 -0.4797 0.2212
vn -0.8489 -0.4800 0.2214
vn -0.8489 -0.3588 0.3882
vn -0.8489 -0.1829 0.4959
vn -0.8489 0.0208 0.5282
vn -0.8489 0.2213 0.4800
vn -0.8489 0.3882 0.3588
vn -0.8489 0.4959 0.1829
vn -0.8492 0.5277 -0.0208
vn -0.8489 0.5281 -0.0208
vn -0.8489 0.4800 -0.2213
vn -0.8489 0.3587 -0.3881
vn -0.8489 0.1829 -0.4959
vn -0.8489 -0.0208 -0.5282
vn -0.0047 -0.9767 0.2147
vn 0.0293 -0.6411 0.7669
vn -0.0215 -0.5489 0.8356
vn 0.0377 0.2971 0.9541
vn -0.0377 0.5327 0.8455
vn 0.0486 0.9986 0.0226
vn -0.0215 0.9957 -0.0904
vn -0.0143 0.1665 -0.9859
vn 0.0190 0.0511 -0.9985
vn -0.0169 -0.6463 -0.7629
vn 0.0239 -0.6687 -0.7432
vn -0.0000 -0.9754 0.2204
vn -0.5805 -0.7977 0.1635
vn -0.3041 -0.6139 0.7285
vn -0.1328 -0.7870 0.6025
vn -0.4214 -0.2353 0.8758
vn -0.4445 -0.8513 -0.2788
vn -0.6141 -0.6107 -0.4998
vn -0.4557 -0.2898 -0.8417
vn -0.4256 -0.3021 -0.8530
vn -0.4203 0.3250 -0.8472
vn -0.4218 0.3328 -0.8434
vn -0.3860 0.9079 -0.1637
vn -0.4019 0.5842 -0.7051
vn -0.4040 0.5900 -0.6991
vn -0.3900 0.9160 -0.0935
vn -0.3915 0.6072 0.6914
vn -0.3957 0.5795 0.7125
vn -0.4010 -0.0213 0.9158
vn -0.4014 -0.0071 0.9159
vn -0.0320 0.9738 0.2252
vn 0.0657 0.7804 -0.6219
vn -0.0455 0.9943 -0.0961
vn -0.0212 0.5949 0.8035
vn 0.1559 0.4540 0.8773
vn -0.0001 -0.6490 0.7608
vn -0.0000 -0.6489 0.7609
vn -0.0001 -0.9382 -0.3460
vn 0.0003 -0.9383 -0.3459
vn -0.0000 0.0268 -0.9996
vn 0.1324 -0.8333 -0.5367
vn 0.4758 -0.6880 -0.5480
vn 0.0407 -0.9922 -0.1182
vn -0.0385 -0.9904 -0.1327
vn 0.4029 -0.1687 -0.8996
vn 0.4289 -0.1592 -0.8892
vn 0.3823 0.6074 -0.6964
vn 0.3797 0.6022 -0.7023
vn 0.3732 0.9135 -0.1619
vn 0.3666 0.9248 -0.1021
vn 0.3725 0.6094 0.6999
vn 0.3771 0.5802 0.7219
vn 0.3871 -0.0411 0.9211
vn 0.3897 -0.0420 0.9200
vn -0.8490 -0.3880 -0.3586
vn -0.8491 -0.4956 -0.1828
vn -0.8491 -0.2212 -0.4798
vn -0.8491 -0.5279 0.0208
vn -0.8490 -0.3586 0.3880
vn -0.8491 -0.1828 0.4957
vn -0.8491 0.0208 0.5279
vn -0.8491 0.2212 0.4798
vn -0.8490 0.2212 0.4798
vn -0.8490 0.3880 0.3586
vn -0.8490 0.4957 0.1828
vn -0.8491 0.5279 -0.0208
vn -0.8491 0.4797 -0.2212
vn -0.8491 0.3585 -0.3879
vn -0.8491 0.1828 -0.4956
vn -0.8491 0.1828 -0.4957
vn -0.8490 -0.0208 -0.5279
vn -0.5808 -0.7975 0.1634
vn -0.3042 -0.6138 0.7285
vn -0.1327 -0.7870 0.6025
vn -0.4213 -0.2354 0.8759
vn -0.4448 -0.8512 -0.2787
vn -0.6143 -0.6105 -0.4998
vn -0.4558 -0.2897 -0.8416
vn -0.4257 -0.3021 -0.8529
vn -0.3861 0.9078 -0.1637
vn -0.4019 0.5843 -0.7050
vn -0.4039 0.5901 -0.6990
vn -0.3916 0.6071 0.6915
vn -0.3958 0.5795 0.7124
vn -0.4010 -0.0212 0.9158
vn -0.4014 -0.0070 0.9159
vn -0.0250 0.9739 0.2254
vn 0.0660 0.7806 -0.6215
vn -0.0456 0.9942 -0.0972
vn -0.0202 0.5942 0.8041
vn 0.1573 0.4539 0.8771
vn 0.0003 -0.9382 -0.3460
vn 0.0002 -0.9382 -0.3460
vn 0.1322 -0.8332 -0.5369
vn 0.4757 -0.6881 -0.5479
vn 0.0408 -0.9921 -0.1182
vn -0.0382 -0.9904 -0.1328
vn 0.4029 -0.1687 -0.8995
vn 0.4288 -0.1592 -0.8892
vn 0.3824 0.6073 -0.6964
vn 0.3731 0.9135 -0.1620
vn 0.3665 0.9248 -0.1020
vn 0.3725 0.6095 0.6999
vn 0.3769 0.5802 0.7220
vn 0.3871 -0.0412 0.9211
vn 0.3897 -0.0421 0.9200
vn 0.8489 -0.2213 -0.4800
vn 0.8489 -0.3882 -0.3588
vn 0.8489 -0.4958 -0.1829
vn 0.8490 -0.4958 -0.1829
vn 0.8491 -0.5278 0.0208
vn 0.8489 -0.5281 0.0208
vn 0.8489 -0.4800 0.2214
vn 0.8489 -0.3588 0.3882
vn 0.8489 -0.1829 0.4959
vn 0.8489 0.0208 0.5282
vn 0.8489 0.2213 0.4800
vn 0.8489 0.3882 0.3588
vn 0.8489 0.4959 0.1829
vn 0.8489 0.5281 -0.0208
vn 0.8489 0.4800 -0.2213
vn 0.8489 0.3587 -0.3881
vn 0.8489 0.1829 -0.4959
vn 0.8489 -0.0208 -0.5282
vn 0.0389 -0.5325 0.8455
vn -0.0293 -0.6411 0.7669
vn 0.0047 -0.9767 0.2147
vn -0.0311 0.2847 0.9581
vn 0.1014 0.6814 0.7248
vn -0.0851 0.9944 0.0628
vn 0.0762 0.8200 -0.5673
vn -0.1085 0.0916 -0.9899
vn 0.0184 -0.5052 -0.8628
vn -0.1145 -0.7923 -0.5993
vn 0.0942 -0.9732 -0.2097
vn 0.1328 -0.7870 0.6025
vn 0.3041 -0.6139 0.7285
vn 0.5805 -0.7977 0.1635
vn 0.4214 -0.2353 0.8758
vn 0.4445 -0.8513 -0.2788
vn 0.6140 -0.6108 -0.5000
vn 0.4557 -0.2898 -0.8417
vn 0.4256 -0.3021 -0.8530
vn 0.4040 0.5900 -0.6991
vn 0.4019 0.5842 -0.7051
vn 0.3896 0.9075 -0.1570
vn 0.3825 0.9187 -0.0984
vn 0.3915 0.6072 0.6914
vn 0.3957 0.5795 0.7125
vn 0.4010 -0.0213 0.9158
vn 0.4014 -0.0071 0.9159
vn -0.0657 0.7804 -0.6219
vn 0.0239 0.9722 0.2331
vn 0.0369 0.9939 -0.1043
vn 0.0212 0.5949 0.8035
vn -0.1559 0.4540 0.8773
vn 0.0001 -0.6490 0.7608
vn -0.0407 -0.9922 -0.1182
vn -0.2676 -0.7162 -0.6446
vn -0.1324 -0.8333 -0.5367
vn 0.0385 -0.9904 -0.1327
vn -0.4029 -0.1687 -0.8996
vn -0.4289 -0.1592 -0.8892
vn -0.3696 0.9137 -0.1688
vn -0.3797 0.6023 -0.7022
vn -0.3823 0.6074 -0.6964
vn -0.3742 0.9223 -0.0970
vn -0.3725 0.6094 0.6999
vn -0.3771 0.5802 0.7219
vn -0.3871 -0.0411 0.9211
vn -0.3897 -0.0420 0.9200
vn 0.8346 -0.1840 -0.5192
vn 0.8353 -0.4698 -0.2856
vn 0.8352 -0.4685 -0.2881
vn 0.8340 -0.5368 0.1276
vn 0.8183 -0.5582 0.1370
vn 0.7932 -0.3120 0.5230
vn 0.4002 -0.7518 0.5241
vn 0.8555 -0.1276 0.5018
vn 0.9738 0.0646 0.2181
vn 0.7942 0.3880 0.4676
vn 0.4004 0.1958 0.8952
vn 0.5392 0.7182 0.4399
vn 0.7631 0.6311 0.1396
vn 0.5727 0.8098 -0.1277
vn 0.8147 0.4792 -0.3265
vn 0.8354 0.4443 -0.3237
vn 0.8490 0.1829 -0.4958
vn 0.8491 0.1827 -0.4956
vn 0.8349 -0.1764 -0.5214
vn 0.3966 -0.9039 0.1599
vn 0.4282 -0.8956 0.1210
vn 0.1188 -0.6398 0.7593
vn 0.6278 -0.5895 -0.5083
vn 0.4024 -0.3424 -0.8490
vn 0.5451 0.0150 -0.8382
vn 0.5212 0.2291 -0.8221
vn 0.3910 0.9107 -0.1333
vn 0.3818 0.9207 -0.0805
vn 0.2542 0.6845 -0.6833
vn 0.3916 0.6235 0.6767
vn 0.3949 0.5979 0.6975
vn 0.5260 0.0804 0.8467
vn 0.3372 0.9341 -0.1171
vn -0.1734 0.8114 -0.5582
vn 0.2682 0.9303 0.2501
vn 0.2529 0.7035 0.6642
vn -0.1747 0.4525 0.8745
vn -0.0000 -0.9383 -0.3457
vn -0.0002 -0.9382 -0.3460
vn -0.0000 -0.9383 -0.3458
vn -0.0000 -0.9382 -0.3461
vn -0.0000 -0.9382 -0.3462
vn -0.0408 -0.9921 -0.1183
vn -0.2675 -0.7162 -0.6446
vn -0.1321 -0.8333 -0.5368
vn 0.0381 -0.9904 -0.1327
vn -0.4031 -0.1689 -0.8994
vn -0.4290 -0.1593 -0.8891
vn -0.2546 0.6883 -0.6792
vn -0.3727 0.9246 -0.0785
vn -0.3676 0.9187 -0.1444
vn -0.3757 0.6262 0.6831
vn -0.3794 0.6004 0.7040
vn -0.5257 0.0744 0.8474
vn -0.8352 -0.4685 -0.2881
vn -0.8353 -0.4698 -0.2856
vn -0.8346 -0.1840 -0.5192
vn -0.8340 -0.5368 0.1276
vn -0.8183 -0.5582 0.1370
vn -0.7932 -0.3120 0.5230
vn -0.4002 -0.7518 0.5240
vn -0.8555 -0.1276 0.5018
vn -0.9738 0.0646 0.2181
vn -0.7942 0.3880 0.4676
vn -0.4004 0.1958 0.8952
vn -0.5392 0.7182 0.4399
vn -0.7631 0.6311 0.1394
vn -0.5727 0.8098 -0.1277
vn -0.8147 0.4792 -0.3265
vn -0.8354 0.4443 -0.3237
vn -0.8490 0.1829 -0.4958
vn -0.8491 0.1827 -0.4956
vn -0.8349 -0.1764 -0.5214
vn -0.0151 -0.3912 0.9202
vn -0.0119 -0.8264 0.5629
vn 0.0163 -0.8000 0.5998
vn 0.0234 -0.3006 0.9535
vn -0.0257 0.7211 0.6923
vn 0.0255 0.7925 0.6093
vn -0.0323 0.8240 -0.5657
vn 0.0312 0.7470 -0.6641
vn -0.0253 -0.4543 -0.8905
vn 0.0209 -0.5500 -0.8349
vn -0.0246 -0.9818 -0.1885
vn -0.0000 -0.9897 -0.1429
vn -0.1188 -0.6401 0.7590
vn -0.4283 -0.8955 0.1210
vn -0.3968 -0.9039 0.1599
vn -0.6282 -0.5893 -0.5080
vn -0.4027 -0.3423 -0.8489
vn -0.3139 -0.0725 -0.9467
vn -0.5211 0.2291 -0.8222
vn -0.2543 0.6848 -0.6830
vn -0.3892 0.9180 -0.0759
vn -0.3850 0.9121 -0.1407
vn -0.3917 0.6233 0.6768
vn -0.3951 0.5978 0.6975
vn -0.5260 0.0801 0.8467
vn -0.2836 0.9279 0.2420
vn 0.1746 0.8112 -0.5581
vn -0.3343 0.9365 -0.1060
vn -0.2527 0.7025 0.6653
vn 0.1759 0.4524 0.8743
vn 0.1321 -0.8333 -0.5368
vn 0.4756 -0.6883 -0.5478
vn 0.0408 -0.9921 -0.1184
vn -0.0382 -0.9904 -0.1327
vn 0.4031 -0.1689 -0.8994
vn 0.4290 -0.1593 -0.8891
vn 0.3740 0.9173 -0.1369
vn 0.3641 0.9272 -0.0881
vn 0.2546 0.6883 -0.6792
vn 0.3758 0.6262 0.6831
vn 0.3794 0.6004 0.7040
vn 0.5257 0.0744 0.8474
vn -0.4002 -0.7518 0.5241
vn -0.5391 0.7181 0.4400
vn -0.1188 -0.6399 0.7593
vn -0.4282 -0.8955 0.1209
vn -0.3966 -0.9039 0.1599
vn -0.6278 -0.5895 -0.5083
vn -0.4024 -0.3424 -0.8490
vn -0.3137 -0.0724 -0.9468
vn -0.2542 0.6845 -0.6833
vn -0.3891 0.9181 -0.0760
vn -0.3847 0.9122 -0.1407
vn -0.3916 0.6235 0.6767
vn -0.3949 0.5979 0.6975
vn -0.5259 0.0804 0.8467
vn -0.2806 0.9288 0.2421
vn 0.1734 0.8114 -0.5582
vn -0.3341 0.9368 -0.1040
vn -0.2529 0.7035 0.6642
vn 0.1747 0.4525 0.8745
vn 0.3652 0.9272 -0.0830
vn 0.2546 0.6883 -0.6793
vn 0.3757 0.6262 0.6831
vn 0.7631 0.6311 0.1395
vn -0.0163 -0.8000 0.5998
vn 0.0119 -0.8264 0.5629
vn 0.0151 -0.3912 0.9202
vn -0.0234 -0.3006 0.9535
vn 0.0257 0.7211 0.6923
vn -0.0255 0.7925 0.6093
vn 0.0323 0.8240 -0.5657
vn -0.0312 0.7470 -0.6641
vn 0.0253 -0.4543 -0.8905
vn -0.0209 -0.5500 -0.8349
vn 0.0246 -0.9818 -0.1885
vn 0.3968 -0.9039 0.1599
vn 0.4283 -0.8955 0.1210
vn 0.1188 -0.6401 0.7590
vn 0.6282 -0.5893 -0.5080
vn 0.4027 -0.3423 -0.8489
vn 0.5453 0.0150 -0.8381
vn 0.5211 0.2291 -0.8222
vn 0.3911 0.9106 -0.1333
vn 0.3819 0.9207 -0.0806
vn 0.2543 0.6847 -0.6830
vn 0.3917 0.6233 0.6768
vn 0.3951 0.5978 0.6975
vn 0.5260 0.0801 0.8467
vn 0.3290 0.9382 -0.1075
vn -0.1746 0.8112 -0.5581
vn 0.2712 0.9295 0.2500
vn 0.2527 0.7025 0.6653
vn -0.1759 0.4524 0.8743
vn -0.0408 -0.9921 -0.1184
vn -0.2547 0.6883 -0.6792
vn -0.3727 0.9246 -0.0784
vn -0.3758 0.6262 0.6831
vn 0.8490 -0.2022 -0.4881
vn 0.8490 -0.3736 -0.3736
vn 0.8444 -0.1045 -0.5254
vn 0.8491 -0.4881 -0.2022
vn 0.8490 -0.5284 -0.0000
vn 0.8491 -0.4881 0.2022
vn 0.8491 -0.3736 0.3735
vn 0.8490 -0.2022 0.4881
vn 0.8444 -0.1045 0.5254
vn 0.0044 -0.3305 -0.9438
vn 0.0106 -0.4654 -0.8850
vn 0.0082 -0.7910 -0.6118
vn -0.0050 -0.1951 -0.9808
vn 0.0020 -0.6100 -0.7924
vn -0.0063 -0.9739 -0.2271
vn -0.0023 -0.5557 -0.8314
vn -0.0095 -0.7808 0.6247
vn 0.0056 -0.9907 0.1359
vn 0.0061 -0.6205 0.7841
vn -0.0003 -0.4749 0.8801
vn -0.0098 -0.3832 0.9236
vn -0.0000 -0.2690 0.9631
vn 0.0048 -0.2808 0.9598
vn -0.0000 -0.1951 0.9808
vn 0.0004 -0.3047 0.9524
vn -0.0000 -0.2453 -0.9694
vn 0.0042 -0.2982 -0.9545
vn -0.8444 -0.1045 -0.5254
vn -0.8490 -0.2022 -0.4881
vn -0.8490 -0.3736 -0.3736
vn -0.8491 -0.4881 -0.2022
vn -0.8490 -0.5284 -0.0000
vn -0.8491 -0.4881 0.2022
vn -0.8491 -0.3736 0.3735
vn -0.8490 -0.2022 0.4881
vn -0.8444 -0.1045 0.5254
vn 0.8491 -0.3736 -0.3735
vn 0.8444 -0.1045 -0.5255
vn 0.8491 -0.3735 -0.3735
vn 0.8490 -0.4881 0.2022
vn 0.8490 -0.3736 0.3736
vn -0.0073 -0.6061 -0.7954
vn 0.0119 -0.4644 -0.8855
vn 0.0119 -0.7937 -0.6082
vn -0.0049 -0.2837 -0.9589
vn 0.0049 -0.2837 -0.9589
vn 0.0073 -0.6061 -0.7954
vn -0.0119 -0.4644 -0.8855
vn -0.0119 -0.7937 -0.6082
vn 0.0104 -0.9872 -0.1593
vn -0.0104 -0.9872 0.1592
vn 0.0119 -0.7937 0.6082
vn -0.0073 -0.6061 0.7953
vn 0.0119 -0.4644 0.8855
vn -0.0049 -0.2838 0.9589
vn -0.0119 -0.4644 0.8855
vn 0.0073 -0.6061 0.7953
vn 0.0049 -0.2838 0.9589
vn -0.0119 -0.7937 0.6082
vn 0.0104 -0.9872 0.1592
vn -0.0104 -0.9872 -0.1593
vn -0.8444 -0.1045 -0.5255
vn -0.8491 -0.3736 -0.3735
vn -0.8491 -0.3735 -0.3735
vn -0.8490 -0.4881 0.2022
vn -0.8490 -0.3736 0.3736
vn 0.8416 -0.4308 0.3257
vn 0.9964 -0.0692 0.0499
vn 0.8475 -0.3902 0.3597
vn 0.9987 -0.0510 -0.0045
vn 0.3442 -0.6806 0.6468
vn 0.2866 -0.7010 0.6530
vn -0.3324 -0.6880 0.6451
vn -0.2900 -0.7020 0.6505
vn -0.8390 -0.3961 0.3731
vn -0.8437 -0.3933 0.3654
vn -0.9954 -0.0759 0.0587
vn -0.9988 -0.0489 -0.0043
vn -1.0000 0.0024 -0.0009
vn 1.0000 0.0024 -0.0009
vn -0.9953 0.0776 -0.0573
vn -0.9983 0.0581 0.0044
vn -0.8374 0.4323 -0.3345
vn -0.8410 0.3899 -0.3751
vn -0.2820 0.6961 -0.6602
vn -0.3184 0.6914 -0.6485
vn 0.3082 0.6935 -0.6512
vn 0.3332 0.6997 -0.6320
vn 0.8374 0.3835 -0.3895
vn 0.8497 0.3837 -0.3617
vn 0.9962 0.0723 -0.0495
vn 0.9982 0.0606 0.0046
vn 1.0000 -0.0003 -0.0000
vn -0.0009 -0.9999 -0.0154
vn -0.0049 -0.9975 -0.0705
vn -0.0048 -0.9975 -0.0699
vn -0.0013 -0.9999 -0.0154
vn 0.0049 -0.9975 -0.0705
vn 0.0012 -0.9999 -0.0154
vn 0.0010 -0.9999 -0.0154
vn 0.0048 -0.9975 -0.0699
vn -0.1154 -0.4738 -0.8731
vn -0.0292 -0.3968 -0.9174
vn -0.0000 -0.4252 -0.9051
vn -0.0000 -0.4253 -0.9051
vn 0.0001 -0.4252 -0.9051
vn 0.0275 -0.3986 -0.9167
vn -0.0846 -0.3908 -0.9166
vn -0.0452 -0.9691 -0.2424
vn -0.2029 -0.6737 -0.7106
vn -0.1701 -0.6898 -0.7038
vn -0.0099 -0.9715 -0.2369
vn -0.0281 -0.9694 -0.2440
vn -0.0368 -0.7021 -0.7112
vn -0.0560 -0.7265 -0.6849
vn 0.0108 -0.9740 -0.2263
vn -0.9987 -0.0510 -0.0045
vn -0.8405 -0.3835 0.3828
vn -0.9964 -0.0692 0.0499
vn -0.8475 -0.3902 0.3597
vn -0.3425 -0.7001 0.6265
vn -0.2865 -0.7010 0.6530
vn 0.3323 -0.6880 0.6452
vn 0.2900 -0.7020 0.6505
vn 0.8390 -0.3961 0.3731
vn 0.8419 -0.4270 0.3300
vn 0.9954 -0.0759 0.0587
vn 0.9988 -0.0489 -0.0043
vn 0.9983 0.0581 0.0044
vn 0.9953 0.0776 -0.0573
vn 0.8406 0.3938 -0.3718
vn 0.8410 0.3899 -0.3751
vn 0.3184 0.6914 -0.6485
vn 0.2820 0.6961 -0.6602
vn -0.2923 0.6928 -0.6593
vn -0.3611 0.6779 -0.6404
vn -0.8497 0.3837 -0.3617
vn -0.8397 0.4334 -0.3273
vn -0.9962 0.0723 -0.0494
vn -0.9982 0.0606 0.0046
vn 0.0009 -0.9999 -0.0154
vn 0.0013 -0.9999 -0.0154
vn -0.0010 -0.9999 -0.0154
vn -0.0012 -0.9999 -0.0154
vn 0.1154 -0.4738 -0.8731
vn 0.1047 -0.6044 -0.7898
vn 0.0794 -0.6258 -0.7760
vn 0.0292 -0.3968 -0.9174
vn -0.0001 -0.4252 -0.9051
vn -0.0275 -0.3986 -0.9167
vn 0.0846 -0.3908 -0.9166
vn 0.1398 -0.5295 -0.8367
vn 0.1301 -0.5750 -0.8078
vn 0.0452 -0.9691 -0.2424
vn 0.0100 -0.9715 -0.2369
vn 0.0281 -0.9694 -0.2440
vn -0.0108 -0.9740 -0.2263
vn 0.2632 0.0249 0.9644
vn 0.0254 -0.6072 0.7941
vn -0.2982 0.5816 0.7568
vn 0.5309 -0.8052 0.2641
vn 0.7387 0.6718 -0.0555
vn 0.8972 0.3975 0.1922
vn 0.7764 0.4456 -0.4458
vn 0.1797 0.0279 -0.9833
vn 0.5310 -0.5002 -0.6840
vn 0.0955 -0.9469 -0.3070
vn 0.8616 0.4858 -0.1470
vn 0.0725 0.9452 0.3184
vn -0.4805 0.1997 -0.8540
vn -0.2940 0.8877 0.3544
vn 0.4940 -0.6582 -0.5681
vn -0.8504 -0.4963 0.1746
vn -0.0510 -0.5820 0.8116
vn 0.3261 -0.5044 0.7995
vn -0.0049 0.9871 -0.1601
vn 0.1919 0.9616 0.1964
vn 0.3026 0.3941 -0.8678
vn -0.0581 0.5755 0.8157
vn -0.0329 -0.3582 -0.9331
vn 0.1598 -0.9726 0.1690
vn -0.0067 -0.9231 0.3846
vn 0.0479 -0.4501 0.8917
vn 0.0620 -0.1412 0.9880
vn 0.9577 0.0159 -0.2874
vn 0.9115 -0.1568 -0.3803
vn 0.7325 -0.1308 -0.6681
vn 0.9855 -0.1169 -0.1230
vn 0.5630 -0.4365 -0.7018
vn 0.3864 -0.2482 -0.8883
vn 0.0582 -0.5031 -0.8623
vn 0.2315 -0.3062 -0.9234
vn -0.5629 -0.4364 -0.7020
vn -0.4198 -0.2532 -0.8716
vn -0.1364 -0.3480 -0.9275
vn -0.0582 -0.5029 -0.8624
vn 0.0563 0.0162 -0.9983
vn -0.7298 0.0028 -0.6836
vn -0.3953 -0.0021 -0.9185
vn -0.7562 -0.1691 -0.6322
vn 0.0031 -0.0074 -1.0000
vn -0.9577 0.0159 -0.2874
vn -0.9242 -0.1335 -0.3578
vn -0.9412 0.0153 0.3375
vn -0.9821 -0.1251 -0.1407
vn -0.9421 0.0467 0.3322
vn -0.8379 0.2031 0.5066
vn -0.7188 0.2172 0.6604
vn -0.4169 0.1473 0.8970
vn -0.0979 0.0282 0.9948
vn -0.0250 0.2039 0.9787
vn -0.6064 0.0615 0.7928
vn 0.4073 0.0135 -0.9132
vn 0.0001 0.0277 -0.9996
vn 0.7298 0.0028 -0.6836
vn 0.9455 0.0650 0.3190
vn 0.8775 0.2064 0.4329
vn 0.7703 0.2464 0.5881
vn 0.4238 0.1476 0.8937
vn 0.6064 0.0615 0.7928
vn 0.9412 0.0153 0.3375
vn 0.0250 0.2039 0.9787
vn 0.0979 0.0282 0.9948
vn 0.9852 0.0673 0.1574
vn 0.8193 -0.3456 -0.4575
vn 0.9285 -0.1776 -0.3261
vn 0.9646 0.1500 0.2168
vn 0.6045 0.4089 0.6836
vn 0.5099 0.4881 0.7083
vn 0.0168 0.5203 0.8538
vn -0.3836 0.5333 0.7540
vn -0.6184 0.3979 0.6776
vn -0.9593 0.1722 0.2238
vn -0.9852 0.0673 0.1574
vn -0.9285 -0.1776 -0.3261
vn -0.8203 -0.3443 -0.4567
vn -0.5395 -0.4370 -0.7197
vn -0.4049 -0.6029 -0.6875
vn -0.0506 -0.4689 -0.8818
vn 0.4048 -0.6031 -0.6873
vn 0.0506 -0.4689 -0.8818
vn 0.5396 -0.4368 -0.7197
vn 0.3368 -0.4393 -0.8328
vn 0.8389 -0.3847 -0.3849
vn 0.5524 -0.2686 -0.7891
vn 0.9982 0.0598 0.0073
vn 0.9610 0.1755 0.2139
vn 0.5966 0.3785 0.7077
vn 0.6024 0.3736 0.7054
vn 0.0636 0.5172 0.8535
vn 0.0595 0.5285 0.8469
vn -0.0636 0.5172 0.8535
vn -0.0594 0.5285 0.8469
vn -0.5982 0.3780 0.7066
vn -0.6019 0.3734 0.7059
vn -0.9951 0.0841 -0.0522
vn -0.9693 0.1714 0.1763
vn -0.7189 -0.4572 -0.5236
vn -0.5522 -0.4943 -0.6714
vn -0.1380 -0.5770 -0.8050
vn -0.1305 -0.5542 -0.8221
vn 0.0900 -0.5812 -0.8088
vn -0.5309 -0.8052 0.2641
vn -0.2632 0.0249 0.9644
vn -0.0254 -0.6072 0.7941
vn 0.2982 0.5816 0.7569
vn -0.7387 0.6718 -0.0555
vn -0.8972 0.3975 0.1922
vn -0.7764 0.4456 -0.4458
vn -0.1797 0.0279 -0.9833
vn -0.5310 -0.5002 -0.6840
vn -0.0955 -0.9469 -0.3070
vn 0.4805 0.1997 -0.8540
vn -0.0725 0.9452 0.3184
vn -0.8616 0.4858 -0.1470
vn 0.2940 0.8877 0.3544
vn -0.4940 -0.6582 -0.5681
vn 0.8504 -0.4963 0.1746
vn 0.0510 -0.5820 0.8116
vn -0.3261 -0.5044 0.7995
vn -0.1639 0.6892 -0.7058
vn -0.1469 0.9494 0.2775
vn 0.0266 0.9861 -0.1639
vn 0.0581 0.5755 0.8157
vn 0.0877 -0.3324 -0.9390
vn -0.2522 -0.8258 -0.5045
vn -0.0426 -0.9284 0.3692
vn -0.1866 -0.7347 0.6522
vn 0.0478 -0.4562 0.8886
vn -0.0119 -0.9492 -0.3145
vn 0.0158 -0.9562 -0.2923
vn 0.0039 -0.9541 -0.2993
vn -0.0018 -0.9521 -0.3057
vn -0.0111 -0.9507 -0.3101
vn -0.0058 -0.8853 -0.4650
vn 0.0133 -0.9271 -0.3746
vn 0.0365 -0.7706 -0.6362
vn -0.0286 -0.7742 -0.6323
vn 0.0374 -0.6601 -0.7502
vn 0.0739 -0.6489 -0.7572
vn 0.1397 -0.7422 -0.6555
vn 0.0748 -0.9038 -0.4213
vn 0.0927 -0.8377 -0.5382
vn 0.0838 -0.9329 -0.3503
vn 0.0935 -0.9374 -0.3355
vn 0.0734 -0.9518 -0.2977
vn 0.0734 -0.9490 -0.3065
vn 0.0631 -0.9559 -0.2867
vn 0.0650 -0.9562 -0.2854
vn 0.0337 -0.9587 -0.2825
vn 0.0456 -0.9559 -0.2901
vn 0.0103 -0.9638 -0.2666
vn 0.0132 -0.9631 -0.2687
vn 0.0188 -0.9617 -0.2735
vn -0.0000 -0.9645 -0.2640
vn 0.1531 -0.6277 -0.7633
vn 0.2401 -0.5495 -0.8003
vn 0.1425 -0.2423 -0.9597
vn 0.0252 -0.3796 -0.9248
vn 0.2515 -0.2492 -0.9352
vn -0.0433 -0.2440 -0.9688
vn 0.3259 -0.0433 -0.9444
vn 0.2873 -0.2224 -0.9317
vn 0.3537 0.2708 -0.8953
vn 0.3282 0.2162 -0.9195
vn 0.3344 0.3225 -0.8855
vn 0.3559 0.3410 -0.8701
vn 0.3300 0.2849 -0.9000
vn 0.3789 0.2930 -0.8778
vn 0.2416 0.2784 -0.9296
vn 0.2009 0.2889 -0.9361
vn 0.3395 0.2558 -0.9052
vn 0.3799 0.2213 -0.8982
vn 0.1284 0.2958 -0.9466
vn 0.0509 0.2583 -0.9647
vn -0.0002 0.2725 -0.9621
vn 0.3300 0.1679 -0.9289
vn 0.1007 0.2275 -0.9685
vn -0.1192 0.1796 -0.9765
vn -0.0067 0.2280 -0.9736
vn -0.2034 0.1945 -0.9596
vn -0.3289 0.2397 -0.9134
vn -0.3643 0.2303 -0.9023
vn -0.3395 0.2552 -0.9053
vn -0.2644 0.1768 -0.9481
vn -0.5327 0.0150 -0.8462
vn -0.1838 0.1432 -0.9725
vn -0.2439 0.1048 -0.9641
vn -0.4298 0.3401 -0.8364
vn -0.3782 0.0513 -0.9243
vn -0.2115 0.1213 -0.9698
vn -0.4204 0.2190 -0.8805
vn 0.0011 -0.2290 -0.9734
vn -0.2583 0.4955 -0.8293
vn -0.1663 0.1429 -0.9757
vn 0.1166 0.5580 -0.8216
vn -0.0000 -0.1173 -0.9931
vn 0.1842 0.0655 -0.9807
vn 0.2931 0.3052 -0.9060
vn 0.1663 0.1429 -0.9757
vn 0.1738 0.2532 -0.9517
vn 0.2439 0.1048 -0.9641
vn 0.4262 0.3434 -0.8369
vn 0.2566 0.1709 -0.9513
vn 0.4355 0.3940 -0.8094
vn 0.3883 0.1172 -0.9140
vn -0.3789 0.2930 -0.8778
vn -0.1203 0.2811 -0.9521
vn -0.2009 0.2889 -0.9361
vn -0.3453 0.2823 -0.8951
vn -0.3343 0.3225 -0.8856
vn -0.3559 0.3410 -0.8701
vn -0.3202 0.1969 -0.9267
vn -0.3537 0.2708 -0.8953
vn -0.3452 -0.0369 -0.9378
vn -0.2393 -0.2342 -0.9423
vn -0.1822 -0.3226 -0.9288
vn -0.3040 -0.2224 -0.9264
vn -0.0027 1.0000 -0.0007
vn -0.0079 1.0000 -0.0018
vn -0.0027 1.0000 -0.0014
vn -0.0000 1.0000 -0.0013
vn -0.0000 1.0000 -0.0008
vn -0.0036 1.0000 -0.0009
vn -0.0001 1.0000 -0.0003
vn -0.0009 1.0000 -0.0014
vn 0.0027 1.0000 -0.0007
vn 0.0014 1.0000 -0.0004
vn -0.0013 1.0000 -0.0069
vn -0.0004 1.0000 -0.0063
vn -0.0019 1.0000 -0.0095
vn 0.0019 1.0000 -0.0095
vn 0.0027 1.0000 -0.0014
vn 0.0079 1.0000 -0.0018
vn 0.7276 -0.5854 -0.3576
vn 0.8250 -0.3965 -0.4027
vn 0.7437 -0.6412 -0.1889
vn 0.4845 -0.8321 -0.2699
vn 0.4643 -0.8780 -0.1166
vn 0.7449 -0.6635 -0.0692
vn 0.4538 -0.8843 -0.1099
vn 0.6899 -0.6902 0.2182
vn 0.3997 -0.9145 0.0624
vn 0.9703 -0.2076 0.1239
vn 0.8449 -0.2362 0.4799
vn 0.8368 -0.1513 0.5262
vn 0.5917 -0.2287 0.7730
vn 0.4863 -0.6948 0.5298
vn 0.3134 -0.2725 0.9097
vn 0.2877 -0.6547 0.6990
vn 0.0247 -0.2767 0.9606
vn 0.0380 -0.3374 0.9406
vn -0.0489 -0.8308 0.5544
vn -0.3470 -0.6888 0.6365
vn 0.0111 -0.9704 0.2413
vn 0.0610 -0.6818 0.7290
vn -0.0380 -0.3374 0.9406
vn -0.0247 -0.2767 0.9606
vn -0.3134 -0.2725 0.9097
vn -0.5313 -0.6294 0.5671
vn -0.5917 -0.2287 0.7730
vn -0.8757 -0.2461 0.4154
vn -0.6440 -0.7495 0.1531
vn -0.9689 -0.1866 0.1624
vn -0.8368 -0.1514 0.5262
vn -0.9597 -0.1057 0.2603
vn -0.9786 -0.2057 -0.0113
vn -0.7944 -0.5450 -0.2682
vn -0.7623 -0.3633 -0.5357
vn -0.8257 -0.4141 -0.3830
vn -0.7276 -0.5854 -0.3576
vn -0.4844 -0.8322 -0.2698
vn -0.7375 -0.6741 -0.0423
vn -0.3997 -0.9145 0.0624
vn -0.4538 -0.8843 -0.1099
vn -0.3513 -0.9241 0.1503
vn -0.2069 -0.9578 0.1996
vn -0.0000 -0.9998 0.0200
vn 0.0205 -0.9896 0.1425
vn 0.2008 -0.9579 0.2050
vn 0.3513 -0.9241 0.1503
vn -0.4643 -0.8780 -0.1166
vn -0.5622 -0.3245 -0.7607
vn 0.9597 -0.1057 0.2603
vn 0.9786 -0.2057 -0.0113
vn 0.7629 -0.3791 -0.5237
vn 0.5622 -0.3245 -0.7607
vn -0.9572 0.1474 -0.2491
vn -0.9585 0.1266 -0.2554
vn -0.9606 0.0948 -0.2613
vn -0.9614 0.0800 -0.2633
vn -0.9591 0.1398 -0.2462
vn -0.9570 0.1443 -0.2517
vn -0.9647 0.1361 -0.2254
vn -0.9989 0.0017 -0.0470
vn -0.9933 -0.0201 -0.1134
vn -0.9994 -0.0145 -0.0299
vn -0.9995 -0.0152 -0.0291
vn -0.0249 0.1448 -0.9892
vn -0.0526 0.1802 -0.9822
vn 0.0595 0.0795 -0.9951
vn -0.0684 0.2083 -0.9757
vn -0.0000 0.2151 -0.9766
vn -0.6597 0.1452 -0.7374
vn -0.6386 0.1469 -0.7554
vn -0.4996 0.1546 -0.8524
vn -0.7340 0.1380 -0.6650
vn 0.0240 0.3340 -0.9423
vn -0.0000 0.3341 -0.9425
vn -0.0000 0.3342 -0.9425
vn 0.0020 -0.9851 -0.1721
vn -0.0000 -0.9859 -0.1671
vn 0.0004 -0.9857 -0.1682
vn 0.0087 -0.9862 -0.1651
vn -0.0000 -0.9900 -0.1411
vn -0.0123 -0.9898 -0.1417
vn -0.0105 -0.9898 -0.1418
vn -0.0200 -0.9895 -0.1433
vn -0.0202 -0.9895 -0.1434
vn -0.9999 -0.0019 -0.0166
vn -0.9999 -0.0018 -0.0167
vn -0.9646 -0.0029 -0.2636
vn -0.9901 -0.0394 -0.1349
vn -0.9926 -0.0302 -0.1177
vn -0.9879 -0.0491 -0.1473
vn -0.9621 -0.0557 -0.2669
vn -0.9888 -0.0604 -0.1364
vn -0.2410 -0.0550 -0.9690
vn -0.2434 -0.0507 -0.9686
vn -0.4302 -0.0996 -0.8972
vn -0.2476 -0.0854 -0.9651
vn -0.2493 -0.1059 -0.9626
vn 0.0144 -0.1240 -0.9922
vn -0.3013 -0.0282 -0.9531
vn -0.2306 0.0177 -0.9729
vn -0.8163 -0.0007 -0.5776
vn -0.4945 -0.0096 -0.8691
vn -0.0231 0.1117 -0.9935
vn -0.0733 -0.0588 -0.9956
vn -0.5220 0.0975 -0.8473
vn -0.0001 0.1495 -0.9888
vn -0.8305 0.0464 -0.5550
vn -0.1532 0.9879 -0.0240
vn -0.1943 -0.2446 -0.9499
vn -0.8336 -0.0512 -0.5500
vn 0.0123 0.0512 -0.9986
vn 0.0162 0.2735 -0.9617
vn -0.0051 0.3608 -0.9326
vn -0.0000 0.0477 -0.9989
vn -0.0045 -0.9962 -0.0869
vn -0.0000 -0.9960 -0.0889
vn -0.0001 -0.9960 -0.0889
vn -0.0026 -0.9961 -0.0883
vn -0.0154 -0.9968 -0.0789
vn -0.9995 -0.0186 -0.0261
vn -0.9996 -0.0110 -0.0248
vn -0.9832 0.1821 -0.0084
vn -0.9992 -0.0224 -0.0328
vn 0.7371 0.0669 -0.6725
vn 0.4521 0.0198 -0.8917
vn 0.9103 0.0897 -0.4040
vn 0.9274 0.0810 -0.3653
vn 0.6964 0.0242 -0.7172
vn 0.3920 -0.0898 -0.9156
vn 0.9130 0.0339 -0.4066
vn 0.5512 -0.0584 -0.8323
vn 0.6480 -0.1738 -0.7415
vn 0.7064 -0.1425 -0.6933
vn 0.7513 -0.1535 -0.6419
vn 0.9513 -0.0090 -0.3081
vn 0.5538 -0.2469 -0.7952
vn 0.4367 -0.2633 -0.8602
vn 0.9971 0.0664 -0.0364
vn 0.9953 -0.0014 -0.0966
vn 0.9939 0.0962 0.0532
vn 0.9945 0.0982 0.0374
vn 0.9943 0.0956 0.0480
vn 0.9956 0.0855 0.0379
vn 0.9960 0.0837 0.0326
vn 0.6783 -0.1420 -0.7209
vn 0.5318 0.6728 -0.5144
vn 0.7608 -0.2303 -0.6068
vn 0.2513 -0.5191 -0.8169
vn -0.2551 -0.7076 -0.6590
vn 0.2044 -0.3329 -0.9205
vn 0.1500 -0.3698 -0.9169
vn 0.0958 -0.3353 -0.9372
vn 0.1181 -0.2843 -0.9514
vn 0.1522 -0.3867 -0.9096
vn 0.3767 -0.3523 -0.8567
vn 0.4936 -0.4844 -0.7223
vn 0.9136 -0.2847 -0.2903
vn 0.9974 0.0310 -0.0650
vn 0.9956 -0.0603 -0.0719
vn 0.9957 -0.0510 -0.0773
vn 0.7512 -0.5608 -0.3482
vn 0.9772 -0.1724 -0.1239
vn 0.9781 -0.1685 -0.1221
vn 0.7283 -0.4782 -0.4909
vn 0.4819 -0.6546 -0.5825
vn 0.6908 -0.4176 -0.5903
vn 0.4414 -0.4536 -0.7742
vn 0.6512 -0.1456 -0.7448
vn 0.0458 -0.4801 -0.8760
vn 0.2336 -0.7410 -0.6295
vn -0.4544 -0.4557 -0.7654
vn -0.0458 -0.4801 -0.8760
vn -0.2250 -0.7434 -0.6299
vn -0.4828 -0.6577 -0.5782
vn -0.6305 -0.2092 -0.7474
vn -0.0809 -0.2155 -0.9731
vn -0.2903 -0.2244 -0.9302
vn -0.5803 0.0120 -0.8143
vn -0.4489 -0.2418 -0.8602
vn -0.9310 -0.0612 -0.3599
vn -0.9580 -0.0381 -0.2841
vn -0.6874 0.1153 -0.7171
vn -0.4740 0.1268 -0.8714
vn -0.3410 0.0133 -0.9400
vn 0.0491 -0.1129 -0.9924
vn -0.6896 -0.4064 -0.5994
vn -0.9373 -0.0674 -0.3420
vn -0.7321 -0.4564 -0.5057
vn -0.8071 -0.4985 -0.3165
vn -0.3697 -0.8177 -0.4412
vn -0.9898 -0.1167 -0.0816
vn -0.9825 -0.1503 -0.1101
vn -0.9987 0.0005 -0.0507
vn -0.9120 -0.2980 -0.2817
vn -0.9952 -0.0476 -0.0851
vn -0.9974 0.0310 -0.0650
vn -0.4724 -0.5189 -0.7125
vn -0.9609 -0.1175 -0.2509
vn -0.9971 0.0663 -0.0364
vn -0.7294 -0.1778 -0.6605
vn -0.3783 -0.3510 -0.8566
vn -0.5231 0.6678 -0.5296
vn -0.1446 -0.3983 -0.9058
vn -0.1706 -0.3067 -0.9364
vn 0.0442 -0.1125 -0.9927
vn -0.1350 -0.3920 -0.9100
vn -0.1342 -0.3186 -0.9383
vn -0.1558 -0.3655 -0.9177
vn -0.1535 -0.6249 -0.7654
vn -0.3259 -0.2855 -0.9013
vn -0.0502 -0.2204 -0.9741
vn -0.3598 -0.2081 -0.9095
vn 0.2199 -0.1439 -0.9649
vn -0.2178 -0.1418 -0.9656
vn -0.3979 -0.1415 -0.9065
vn -0.4880 -0.1768 -0.8548
vn -0.5274 -0.2137 -0.8223
vn -0.5752 -0.2299 -0.7851
vn -0.7049 -0.1696 -0.6887
vn -0.9919 0.0749 -0.1022
vn -0.9334 -0.0089 -0.3587
vn -0.5519 -0.0853 -0.8295
vn -0.3920 -0.0898 -0.9156
vn -0.9448 0.0039 -0.3275
vn -0.6967 0.0216 -0.7171
vn -0.9939 0.0962 0.0531
vn -0.9945 0.0981 0.0374
vn -0.9943 0.0956 0.0480
vn -0.9956 0.0859 0.0379
vn -0.9960 0.0837 0.0326
vn -0.9289 0.1287 -0.3472
vn -0.4548 0.0109 -0.8905
vn -0.7371 0.0669 -0.6725
vn -0.9960 0.0813 0.0378
vn -0.6480 -0.1738 -0.7415
vn -0.7742 -0.2344 -0.5879
vn -0.6557 -0.1188 -0.7456
vn -0.2987 -0.0922 -0.9499
vn -0.1563 -0.0585 -0.9860
vn -0.2358 -0.0308 -0.9713
vn -0.0007 -0.1401 -0.9901
vn 0.5356 -0.1422 -0.8324
vn 0.3927 -0.1421 -0.9086
vn 0.3031 -0.0925 -0.9485
vn 0.2326 -0.0398 -0.9718
vn 0.1542 -0.0626 -0.9861
vn -0.0094 -0.0670 -0.9977
vn 0.1287 -0.0091 -0.9916
vn -0.0538 0.0422 -0.9977
vn -0.0772 -0.1605 -0.9840
vn -0.1124 0.0459 -0.9926
vn 0.2215 0.0280 -0.9748
vn 0.2332 0.0112 -0.9724
vn 0.2373 0.0204 -0.9712
vn 0.2138 0.0268 -0.9765
vn 0.2042 0.0309 -0.9785
vn 0.2087 0.0297 -0.9775
vn 0.0963 0.0534 -0.9939
vn 0.2125 0.0184 -0.9770
vn 0.1836 0.0232 -0.9827
vn 0.2062 0.0120 -0.9784
vn 0.1892 0.0346 -0.9813
vn -0.0081 0.0337 -0.9994
vn 0.1109 0.1144 -0.9872
vn 0.0377 0.1333 -0.9904
vn -0.6225 -0.6417 -0.4480
vn -0.1368 -0.9336 -0.3311
vn -0.0087 -0.0780 0.9969
vn 0.0049 0.0723 -0.9974
vn 0.2129 0.0159 -0.9770
vn 0.2422 0.0350 -0.9696
vn 0.1997 0.0369 -0.9792
vn 0.2609 0.0720 -0.9627
vn -0.0636 -0.1260 -0.9900
vn -0.1162 -0.0194 -0.9930
vn 0.0416 -0.1485 -0.9880
vn -0.0191 -0.1867 -0.9822
vn 0.1022 0.0368 -0.9941
vn -0.1816 0.0352 -0.9827
vn -0.1837 0.0285 -0.9826
vn -0.2018 0.0401 -0.9786
vn -0.2548 0.0851 -0.9633
vn -0.2220 0.0281 -0.9747
vn -0.2124 0.0184 -0.9770
vn -0.1211 0.0607 -0.9908
vn -0.2162 0.0196 -0.9762
vn -0.1836 0.0232 -0.9827
vn -0.0077 0.0857 -0.9963
vn 0.0086 -0.0779 0.9969
vn -0.1157 0.1265 -0.9852
vn -0.0377 0.1333 -0.9904
vn -0.0049 0.0723 -0.9974
vn 0.6225 -0.6417 -0.4480
vn 0.1368 -0.9336 -0.3311
vn -0.2129 0.0159 -0.9770
vn -0.2042 0.0309 -0.9785
vn -0.2371 0.0481 -0.9703
vn -0.2295 0.0149 -0.9732
vn -0.2138 0.0267 -0.9765
vn -0.2404 0.0197 -0.9705
vn -0.1898 -0.6245 -0.7576
vn -0.4645 -0.7344 -0.4949
vn -0.2271 -0.8501 -0.4751
vn -0.0602 -0.8884 -0.4551
vn -0.3055 -0.8826 -0.3574
vn 0.3174 -0.8365 -0.4467
vn 0.4519 -0.7433 -0.4933
vn 0.0207 -0.9015 -0.4322
vn 0.0944 -0.8540 -0.5117
vn 0.1775 -0.6283 -0.7575
vn 0.2787 -0.2116 -0.9368
vn 0.0810 -0.2155 -0.9731
vn 0.5807 0.0311 -0.8135
vn 0.5006 -0.1576 -0.8512
vn 0.3466 0.0594 -0.9361
vn 0.4740 0.1268 -0.8714
vn -0.0491 -0.1129 -0.9924
vn 0.6874 0.1153 -0.7171
vn 0.9580 -0.0382 -0.2841
vn 0.9310 -0.0612 -0.3599
vn 0.9373 -0.0674 -0.3420
vn 0.9960 0.0813 0.0378
vn 0.5091 0.1073 0.8540
vn 0.8791 0.0858 0.4688
vn 0.7519 0.1208 0.6481
vn 0.9694 0.0822 0.2311
vn 0.9646 0.0909 0.2477
vn 0.9449 0.1047 0.3102
vn 0.9117 0.1280 0.3903
vn 0.9653 0.1131 0.2352
vn 0.9548 0.1353 0.2646
vn 0.7718 0.2107 0.5999
vn 0.9763 0.1617 0.1436
vn 0.7358 0.1864 0.6511
vn 0.8672 0.2013 0.4555
vn 0.9008 0.1898 0.3905
vn 0.7440 0.3310 0.5805
vn 0.5404 0.3036 0.7847
vn 0.9188 0.1998 0.3403
vn 0.2880 0.3707 0.8830
vn 0.4533 0.5175 0.7258
vn 0.8305 0.4137 0.3729
vn 0.9388 0.1882 0.2884
vn 0.4316 0.7238 0.5384
vn 0.6611 0.6980 0.2753
vn 0.7283 0.6539 0.2050
vn 0.4002 0.8751 0.2721
vn 0.3450 0.9381 -0.0294
vn 0.0459 0.9979 0.0451
vn 0.9096 0.3805 0.1666
vn 0.9069 0.4070 0.1092
vn 0.8244 0.4635 0.3249
vn 0.9685 0.1820 0.1701
vn 0.5417 0.8400 -0.0314
vn 0.2369 0.9487 -0.2092
vn 0.0232 0.9430 -0.3319
vn 0.0524 0.8745 0.4821
vn 0.0528 0.5835 0.8104
vn 0.0966 0.4319 0.8967
vn 0.2544 0.2389 0.9371
vn 0.4285 0.2552 0.8667
vn 0.4710 0.1718 0.8653
vn 0.3267 0.1410 0.9346
vn 0.2999 0.1824 0.9364
vn 0.3100 0.1301 0.9418
vn 0.9742 -0.1700 -0.1485
vn 0.7369 0.6753 -0.0288
vn 0.8107 -0.5796 -0.0824
vn 0.3479 -0.9299 -0.1195
vn 0.3595 -0.9178 -0.1686
vn -0.0751 0.9858 -0.1501
vn -0.9507 0.3099 0.0094
vn -0.9704 -0.2313 -0.0688
vn -0.8113 -0.5847 -0.0001
vn -0.3249 -0.9421 -0.0825
vn -0.0650 0.9148 -0.3985
vn 0.6584 0.3551 -0.6637
vn 0.8306 0.5563 0.0235
vn 0.0274 0.9293 0.3684
vn -0.5229 0.5781 0.6264
vn -0.2197 -0.0843 -0.9719
vn -0.8978 -0.1945 0.3951
vn -0.2828 -0.7541 -0.5927
vn -0.4791 -0.8773 0.0270
vn 0.1030 -0.9775 -0.1839
vn 0.1851 -0.7822 -0.5949
vn 0.6000 -0.7725 -0.2082
vn 0.4948 -0.6213 -0.6076
vn 0.6770 -0.2752 -0.6826
vn 0.9351 -0.2680 -0.2320
vn -0.0046 -0.9904 -0.1384
vn 0.3170 0.8079 0.4969
vn 0.5290 0.6622 0.5307
vn -0.0149 0.6053 0.7959
vn 0.3643 0.4496 0.8155
vn 0.6888 0.5414 0.4821
vn 0.7801 0.5463 0.3050
vn 0.4692 0.8098 0.3523
vn 0.0544 0.8844 0.4635
vn 0.0661 0.9904 -0.1211
vn 0.3861 0.8908 0.2397
vn 0.2683 0.3208 -0.9084
vn 0.4327 -0.0105 -0.9015
vn 0.0590 -0.5386 -0.8405
vn 0.3791 -0.5227 -0.7636
vn 0.6966 -0.3187 -0.6427
vn 0.5061 -0.6750 -0.5369
vn 0.9871 0.1305 0.0926
vn 0.7965 -0.4727 -0.3771
vn 0.8400 0.2583 0.4772
vn 0.8249 0.0763 -0.5601
vn 0.6718 0.6628 -0.3306
vn 0.9998 0.0054 -0.0185
vn 0.9981 -0.0058 -0.0609
vn 0.9765 0.1843 -0.1114
vn 0.6169 0.7861 0.0372
vn 0.7027 0.6606 0.2641
vn 0.9644 0.2023 0.1705
vn 0.8010 -0.5669 -0.1925
vn 0.9817 0.1823 0.0554
vn 0.0409 -0.8188 -0.5726
vn 0.5633 -0.7686 -0.3033
vn 0.9358 -0.2994 0.1861
vn 0.8871 -0.0455 -0.4593
vn 0.6997 0.1762 0.6924
vn 0.7989 -0.4763 0.3673
vn 0.4446 0.1377 0.8851
vn 0.2496 -0.2013 0.9472
vn 0.1179 -0.9909 -0.0644
vn 0.0394 -0.9438 -0.3281
vn 0.6395 0.4656 0.6118
vn 0.9910 -0.0064 -0.1334
vn -0.3133 0.8397 0.4436
vn -0.0405 0.8974 0.4394
vn -0.1479 0.7374 0.6591
vn -0.0661 0.9904 -0.1211
vn -0.4647 0.8638 0.1946
vn -0.5006 0.7359 0.4559
vn -0.7027 0.6606 0.2641
vn -0.5740 0.7902 0.2149
vn -0.7801 0.5463 0.3050
vn -0.4931 0.7073 0.5064
vn -0.6881 0.5209 0.5052
vn -0.3229 0.4967 0.8056
vn -0.6300 0.5014 0.5931
vn -0.4985 0.1278 0.8574
vn -0.0525 0.5159 0.8550
vn -0.7039 0.1257 0.6991
vn -0.7788 -0.4689 0.4167
vn -0.9359 -0.2974 0.1890
vn -0.5727 -0.7651 -0.2942
vn -0.7945 -0.5627 -0.2283
vn -0.5000 -0.6874 -0.5268
vn -0.7953 -0.4597 -0.3952
vn -0.9817 0.1823 0.0554
vn -0.8871 -0.0455 -0.4593
vn -0.9910 -0.0064 -0.1334
vn -0.9871 0.1305 0.0925
vn -0.9644 0.2023 0.1704
vn -0.6952 -0.3108 -0.6481
vn -0.8316 0.0584 -0.5523
vn -0.8400 0.2584 0.4771
vn -0.3862 -0.5212 -0.7610
vn -0.3790 -0.0370 -0.9247
vn -0.0590 -0.5386 -0.8405
vn -0.0409 -0.8188 -0.5726
vn -0.0394 -0.9438 -0.3281
vn -0.1179 -0.9909 -0.0644
vn -0.2376 -0.2195 0.9462
vn -0.2317 0.2547 -0.9389
vn -0.6747 0.6665 -0.3173
vn -0.9981 -0.0058 -0.0609
vn -0.9765 0.1843 -0.1115
vn -0.9998 0.0054 -0.0185
vn -0.4795 0.7282 -0.4898
vn -0.2803 0.8620 -0.4223
vn -0.2766 0.8608 -0.4272
vn -0.4751 0.7368 -0.4811
vn -0.7425 0.3692 -0.5589
vn -0.6983 -0.1744 -0.6942
vn -0.7171 0.3386 -0.6092
vn -0.6736 -0.1779 -0.7174
vn -0.3817 -0.5121 -0.7695
vn -0.5139 -0.3814 -0.7684
vn -0.0424 -0.2712 -0.9616
vn -0.1245 -0.8327 -0.5396
vn -0.3991 -0.7141 -0.5751
vn -0.5383 -0.4149 -0.7335
vn 0.8725 0.2459 0.4223
vn 0.1890 0.8631 0.4683
vn 0.6222 0.3856 -0.6813
vn 0.0813 0.5998 -0.7960
vn -0.6595 0.6158 0.4312
vn -0.4109 0.1922 -0.8912
vn -0.8720 -0.2191 0.4378
vn -0.2245 -0.4637 -0.8571
vn -0.2931 -0.8561 0.4256
vn 0.3833 -0.4122 -0.8265
vn 0.6635 -0.6583 0.3556
vn 0.6828 -0.1129 -0.7218
vn 0.9609 0.1744 -0.2151
vn 0.8786 0.4479 -0.1655
vn 0.8361 -0.5333 -0.1290
vn 0.5729 -0.7779 -0.2582
vn 0.2135 -0.9675 -0.1354
vn -0.4553 0.8027 -0.3851
vn 0.0563 0.9754 -0.2129
vn -0.9562 -0.1554 -0.2480
vn -0.8151 -0.4942 -0.3021
vn -0.3353 -0.9369 -0.0988
vn -0.5840 0.7813 0.2205
vn 0.5347 0.8296 0.1607
vn 0.0143 0.9993 -0.0351
vn -0.9914 0.1282 -0.0262
vn 0.8724 0.4884 0.0175
vn 0.9903 -0.1343 0.0351
vn 0.3927 -0.9165 0.0760
vn 0.8430 -0.5372 0.0280
vn 0.2792 -0.9600 -0.0187
vn -0.6192 -0.7695 0.1562
vn -0.6968 -0.7161 0.0403
vn -0.0039 -0.9541 -0.2994
vn -0.0158 -0.9562 -0.2923
vn 0.0106 -0.9484 -0.3170
vn 0.0111 -0.9507 -0.3101
vn 0.0018 -0.9521 -0.3057
vn 0.0058 -0.8853 -0.4650
vn -0.0130 -0.9275 -0.3735
vn -0.0342 -0.7728 -0.6337
vn 0.0286 -0.7742 -0.6323
vn -0.0739 -0.6489 -0.7572
vn -0.0374 -0.6601 -0.7502
vn -0.0927 -0.8377 -0.5382
vn -0.0748 -0.9038 -0.4213
vn -0.1141 -0.7012 -0.7037
vn -0.0838 -0.9329 -0.3503
vn -0.0935 -0.9375 -0.3353
vn -0.0734 -0.9518 -0.2977
vn -0.0734 -0.9490 -0.3065
vn -0.0631 -0.9559 -0.2867
vn -0.0650 -0.9562 -0.2855
vn -0.0337 -0.9587 -0.2825
vn -0.0456 -0.9559 -0.2901
vn -0.0132 -0.9631 -0.2687
vn -0.0103 -0.9638 -0.2666
vn -0.0188 -0.9617 -0.2735
vn -0.1358 -0.6465 -0.7508
vn -0.2400 -0.5495 -0.8003
vn 0.9606 0.0948 -0.2613
vn 0.9572 0.1473 -0.2491
vn 0.9614 0.0800 -0.2633
vn 0.9585 0.1270 -0.2553
vn 0.9591 0.1398 -0.2462
vn 0.9571 0.1461 -0.2501
vn 0.9647 0.1361 -0.2254
vn 0.9994 -0.0145 -0.0299
vn 0.9933 -0.0201 -0.1134
vn 0.9989 0.0017 -0.0470
vn 0.9995 -0.0152 -0.0291
vn 0.0684 0.2082 -0.9757
vn 0.0249 0.1448 -0.9892
vn 0.0526 0.1802 -0.9822
vn -0.0595 0.0795 -0.9951
vn 0.7340 0.1380 -0.6650
vn 0.6597 0.1452 -0.7374
vn 0.6386 0.1469 -0.7554
vn 0.4996 0.1546 -0.8524
vn 0.4996 0.1547 -0.8523
vn -0.0240 0.3340 -0.9423
vn -0.0240 0.3341 -0.9422
vn -0.0004 -0.9857 -0.1682
vn -0.0020 -0.9851 -0.1721
vn -0.0087 -0.9862 -0.1651
vn 0.0123 -0.9898 -0.1417
vn 0.0105 -0.9898 -0.1418
vn 0.0200 -0.9895 -0.1433
vn 0.0202 -0.9895 -0.1434
vn -0.0000 1.0000 -0.0022
vn 0.0026 1.0000 -0.0026
vn 0.0043 1.0000 -0.0019
vn 0.0034 1.0000 -0.0063
vn 0.0223 0.9997 -0.0031
vn -0.0005 1.0000 -0.0023
vn 0.0046 1.0000 -0.0018
vn 0.0040 1.0000 -0.0034
vn 0.0097 0.9999 -0.0123
vn -0.0015 1.0000 -0.0045
vn -0.0097 0.9999 -0.0123
vn -0.0036 1.0000 -0.0011
vn -0.0036 1.0000 -0.0020
vn 0.0006 1.0000 -0.0030
vn -0.0026 1.0000 -0.0026
vn -0.0034 1.0000 -0.0063
vn -0.0223 0.9997 -0.0031
vn 0.9999 -0.0018 -0.0167
vn 0.9999 -0.0019 -0.0166
vn 0.9926 -0.0302 -0.1177
vn 0.9901 -0.0394 -0.1349
vn 0.9628 -0.0030 -0.2702
vn 0.9879 -0.0489 -0.1472
vn 0.9611 -0.0530 -0.2711
vn 0.9888 -0.0600 -0.1364
vn 0.2410 -0.0550 -0.9690
vn 0.3013 -0.0282 -0.9531
vn 0.5727 -0.0666 -0.8170
vn 0.2306 0.0177 -0.9729
vn 0.4993 0.0185 -0.8662
vn 0.8430 0.0297 -0.5370
vn 0.0734 -0.0588 -0.9956
vn 0.0231 0.1117 -0.9935
vn 0.0001 0.1495 -0.9888
vn 0.5220 0.0975 -0.8473
vn 0.8305 0.0464 -0.5550
vn 0.1532 0.9879 -0.0240
vn 0.1943 -0.2446 -0.9499
vn 0.8273 -0.0566 -0.5589
vn 0.2434 -0.0507 -0.9686
vn 0.2476 -0.0855 -0.9651
vn 0.2494 -0.1059 -0.9626
vn -0.0144 -0.1240 -0.9922
vn 0.0051 0.3608 -0.9326
vn -0.0162 0.2735 -0.9617
vn -0.0122 0.0513 -0.9986
vn 0.0001 -0.9960 -0.0889
vn 0.0045 -0.9962 -0.0869
vn 0.0026 -0.9961 -0.0883
vn 0.0154 -0.9968 -0.0789
vn 0.9832 0.1821 -0.0084
vn 0.9996 -0.0110 -0.0248
vn 0.9995 -0.0186 -0.0261
vn 0.9992 -0.0224 -0.0328
vn -0.3341 0.2327 0.9134
vn -0.1954 0.3863 0.9015
vn -0.4251 0.2680 0.8646
vn -0.0966 0.4319 0.8967
vn -0.2874 0.3704 0.8833
vn -0.0528 0.5836 0.8104
vn -0.4763 0.5104 0.7160
vn -0.0524 0.8745 0.4821
vn -0.4315 0.7241 0.5380
vn -0.6555 0.7086 0.2611
vn -0.4239 0.8856 0.1898
vn -0.0459 0.9979 0.0451
vn -0.3502 0.9359 -0.0376
vn -0.0232 0.9430 -0.3319
vn -0.2270 0.9512 -0.2090
vn -0.5388 0.8416 -0.0383
vn -0.7193 0.6640 0.2045
vn -0.9079 0.3996 0.1266
vn -0.9062 0.3837 0.1778
vn -0.8244 0.4634 0.3249
vn -0.9705 0.1756 0.1649
vn -0.8016 0.4048 0.4401
vn -0.9389 0.1882 0.2883
vn -0.9188 0.1998 0.3404
vn -0.7253 0.2751 0.6311
vn -0.5763 0.2772 0.7688
vn -0.9008 0.1898 0.3905
vn -0.8738 0.1677 0.4564
vn -0.7384 0.1840 0.6487
vn -0.9144 0.1229 0.3857
vn -0.9810 0.0674 0.1819
vn -0.7718 0.2107 0.6000
vn -0.9548 0.1353 0.2646
vn -0.9653 0.1131 0.2353
vn -0.9446 0.1036 0.3115
vn -0.8797 0.0859 0.4678
vn -0.9646 0.0909 0.2477
vn -0.9694 0.0822 0.2312
vn -0.7520 0.1208 0.6480
vn -0.5083 0.1084 0.8543
vn -0.4709 0.1709 0.8655
vn -0.3263 0.1404 0.9348
vn -0.3106 0.1292 0.9417
vn -0.8107 -0.5797 -0.0824
vn -0.7369 0.6753 -0.0288
vn -0.9735 -0.1656 -0.1578
vn -0.3479 -0.9299 -0.1195
vn -0.3595 -0.9178 -0.1686
vn 0.0751 0.9858 -0.1501
vn 0.9507 0.3099 0.0094
vn 0.9704 -0.2313 -0.0688
vn 0.8113 -0.5847 -0.0001
vn 0.3249 -0.9421 -0.0825
vn -0.8306 0.5563 0.0235
vn -0.6866 0.3327 -0.6464
vn 0.0650 0.9149 -0.3985
vn -0.0274 0.9293 0.3684
vn 0.5229 0.5781 0.6264
vn 0.1857 -0.0672 -0.9803
vn 0.8977 -0.1947 0.3952
vn 0.2888 -0.7372 -0.6108
vn 0.4790 -0.8774 0.0271
vn -0.1852 -0.7822 -0.5948
vn -0.1030 -0.9775 -0.1839
vn -0.4949 -0.6212 -0.6076
vn -0.6000 -0.7725 -0.2082
vn -0.6770 -0.2752 -0.6826
vn -0.9351 -0.2679 -0.2320
vn 0.0046 -0.9904 -0.1384
vn 0.2766 0.8608 -0.4272
vn 0.2758 0.8622 -0.4249
vn 0.4824 0.7283 -0.4867
vn 0.4751 0.7368 -0.4811
vn 0.7133 0.4118 -0.5671
vn 0.7171 0.3386 -0.6092
vn 0.7051 -0.0899 -0.7034
vn 0.6736 -0.1779 -0.7174
vn 0.4158 -0.6008 -0.6828
vn 0.5139 -0.3815 -0.7684
vn 0.3990 -0.7142 -0.5751
vn 0.1245 -0.8327 -0.5396
vn 0.5383 -0.4149 -0.7335
vn 0.0424 -0.2712 -0.9616
vn -0.6222 0.3856 -0.6813
vn -0.1890 0.8631 0.4683
vn -0.8725 0.2460 0.4223
vn -0.0813 0.5999 -0.7960
vn 0.6595 0.6158 0.4312
vn 0.4108 0.1922 -0.8912
vn 0.8720 -0.2191 0.4378
vn 0.2246 -0.4637 -0.8571
vn 0.2932 -0.8561 0.4256
vn -0.3834 -0.4122 -0.8265
vn -0.6635 -0.6583 0.3556
vn -0.6828 -0.1129 -0.7218
vn -0.8360 -0.5333 -0.1290
vn -0.8786 0.4479 -0.1655
vn -0.9604 0.1770 -0.2152
vn -0.5729 -0.7779 -0.2582
vn -0.2135 -0.9675 -0.1354
vn 0.4553 0.8028 -0.3851
vn -0.0563 0.9754 -0.2129
vn 0.9562 -0.1554 -0.2480
vn 0.8151 -0.4942 -0.3021
vn 0.3353 -0.9369 -0.0988
vn -0.0131 0.9998 -0.0117
vn -0.5532 0.8112 0.1896
vn 0.5856 0.7801 0.2205
vn 0.9914 0.1282 -0.0262
vn -0.8724 0.4884 0.0175
vn -0.9903 -0.1344 0.0351
vn -0.3927 -0.9165 0.0760
vn -0.8430 -0.5372 0.0280
vn -0.2792 -0.9601 -0.0187
vn 0.6968 -0.7161 0.0403
vn 0.6171 -0.7713 0.1560
vn 0.4411 -0.5113 -0.7375
vn -0.3109 -0.5616 -0.7668
vn 0.1297 -0.6705 -0.7305
vn -0.5224 -0.3949 -0.7557
vn -0.7194 -0.1220 -0.6838
vn -0.9065 0.0164 -0.4218
vn -0.8473 0.4485 -0.2844
vn -0.7820 0.5548 -0.2841
vn -0.4467 0.8807 -0.1576
vn -0.1372 0.9882 -0.0679
vn 0.2948 0.9439 -0.1488
vn 0.6623 0.7457 -0.0727
vn 0.8588 0.3679 -0.3567
vn 0.9499 -0.0198 -0.3119
vn 0.6852 -0.1813 -0.7055
vn 0.7289 -0.0240 -0.6842
vn 0.0002 0.3991 -0.9169
vn 0.0001 0.3994 -0.9168
vn 0.0007 0.3984 -0.9172
vn -0.0000 0.3996 -0.9167
vn -0.1487 0.9848 0.0894
vn -0.1487 0.9849 0.0891
vn -0.0000 0.3993 -0.9168
vn 0.1487 -0.7359 -0.6606
vn 0.1487 -0.7361 -0.6604
vn -0.0004 0.4017 -0.9158
vn 0.0001 0.3997 -0.9167
vn 0.0001 0.3990 -0.9169
vn -0.0000 0.3992 -0.9168
vn -0.3356 -0.8244 0.4558
vn -0.5314 -0.7213 0.4443
vn -0.3939 -0.8319 0.3910
vn -0.1600 -0.8551 0.4932
vn -0.1535 -0.9514 0.2670
vn 0.0052 -0.9866 0.1632
vn -0.1214 -0.6770 0.7259
vn -0.0130 0.8290 -0.5591
vn -0.0204 0.7461 -0.6656
vn -0.0246 0.8779 -0.4782
vn -0.0005 0.9808 -0.1949
vn 0.0127 0.9971 -0.0755
vn 0.0023 0.9958 -0.0910
vn -0.0037 0.9881 -0.1540
vn 0.0164 0.9461 -0.3234
vn 0.0111 0.8367 -0.5475
vn -0.0127 0.9971 -0.0755
vn -0.0023 0.9958 -0.0910
vn 0.0254 0.8606 -0.5086
vn 0.0015 0.5862 -0.8102
vn 0.0064 0.4741 -0.8804
vn 0.0055 0.5330 -0.8461
vn 0.0005 0.4659 -0.8848
vn -0.0064 0.4741 -0.8804
vn -0.0005 0.4659 -0.8848
vn 0.0028 0.4868 -0.8735
vn -0.0000 0.4635 -0.8861
vn -0.0000 0.4636 -0.8860
vn -0.0000 0.4637 -0.8860
vn -0.0028 0.4868 -0.8735
vn 0.2100 0.8696 -0.4468
vn 0.5533 0.7172 -0.4236
vn 0.3765 0.7573 -0.5336
vn 0.6706 0.5654 -0.4803
vn 0.3981 0.6412 -0.6560
vn 0.1714 0.8376 -0.5187
vn 0.1719 0.6554 -0.7355
vn -0.2003 0.8038 -0.5602
vn -0.1719 0.6554 -0.7354
vn -0.3981 0.6412 -0.6560
vn -0.4653 0.7411 -0.4840
vn -0.6706 0.5654 -0.4803
vn -0.5195 0.7352 -0.4353
vn -0.1309 0.8978 -0.4206
vn -0.1845 0.9301 -0.3175
vn -0.2796 0.9516 -0.1279
vn 0.2746 0.9450 -0.1779
vn 0.9999 0.0038 -0.0093
vn 0.9999 0.0095 -0.0032
vn 0.9999 0.0068 -0.0078
vn 1.0000 0.0054 0.0026
vn 0.1563 -0.7457 -0.6477
vn 0.0455 -0.7974 -0.6018
vn 0.0675 -0.7950 -0.6028
vn 0.1986 -0.7529 -0.6275
vn 0.1455 -0.8504 -0.5056
vn 0.3524 -0.8235 -0.4446
vn 0.0395 -0.7771 -0.6281
vn 0.0406 -0.7768 -0.6285
vn 0.0182 -0.7775 -0.6286
vn 0.0180 -0.7779 -0.6282
vn -0.0000 -0.3407 0.9402
vn 0.0016 -0.3408 0.9401
vn 0.0001 -0.3407 0.9402
vn 0.0307 -0.3444 0.9383
vn 0.0120 -0.9193 0.3934
vn 0.0350 -0.8421 0.5382
vn -0.0004 -0.9964 0.0853
vn -0.0122 -0.4870 0.8733
vn 0.0023 -0.4757 0.8796
vn -0.0120 -0.4651 0.8852
vn 0.0002 -0.4633 0.8862
vn -0.0048 -0.4586 0.8887
vn -0.0066 -0.4651 0.8852
vn 0.0033 -0.4807 0.8769
vn -0.0000 -0.4632 0.8863
vn -0.0208 -0.4836 0.8750
vn -0.0131 -0.4667 0.8843
vn -0.0024 -0.4766 0.8791
vn -0.0000 -0.9964 0.0847
vn -0.0000 -0.0000 1.0000
vn -0.2534 0.7847 -0.5656
vn -0.2488 0.7241 -0.6432
vn 0.0415 0.3454 -0.9375
vn 0.0113 0.3448 -0.9386
vn 0.0036 0.9995 -0.0307
vn -0.0000 0.9998 -0.0192
vn 0.3625 -0.8177 0.4471
vn 0.3819 -0.8363 0.3933
vn 0.5314 -0.7213 0.4443
vn 0.1622 -0.8506 0.5001
vn 0.1707 -0.9513 0.2565
vn -0.0182 -0.9805 0.1955
vn 0.1214 -0.6770 0.7259
vn -0.9999 0.0068 -0.0078
vn -0.9999 0.0095 -0.0032
vn -0.9999 0.0038 -0.0093
vn -1.0000 -0.0015 -0.0058
vn -0.0644 -0.7933 -0.6054
vn -0.0455 -0.7974 -0.6017
vn -0.1812 -0.7420 -0.6455
vn -0.1597 -0.7622 -0.6273
vn -0.1455 -0.8504 -0.5056
vn -0.3524 -0.8235 -0.4446
vn -0.0390 -0.7770 -0.6283
vn -0.0405 -0.7768 -0.6284
vn -0.0182 -0.7775 -0.6286
vn -0.0183 -0.7781 -0.6279
vn -0.0307 -0.3443 0.9383
vn -0.0016 -0.3408 0.9401
vn -0.0001 -0.3407 0.9402
vn 0.0004 -0.9964 0.0853
vn 0.0496 -0.8415 0.5380
vn 0.0157 -0.9212 0.3888
vn 0.0122 -0.4870 0.8733
vn -0.0023 -0.4757 0.8796
vn 0.0038 -0.4595 0.8882
vn -0.0002 -0.4633 0.8862
vn 0.0120 -0.4651 0.8852
vn 0.0066 -0.4651 0.8852
vn -0.0033 -0.4807 0.8769
vn -0.0003 -0.4634 0.8861
vn 0.0208 -0.4836 0.8750
vn 0.0131 -0.4667 0.8843
vn 0.0024 -0.4766 0.8791
vn -0.0415 0.3454 -0.9375
vn 0.1849 0.9100 -0.3712
vn 0.2534 0.7847 -0.5656
vn -0.0113 0.3448 -0.9386
vn -0.0036 0.9995 -0.0307
vn 0.5472 0.2795 -0.7889
vn 0.6448 0.7345 -0.2117
vn 0.9035 -0.1586 -0.3982
vn -0.0761 0.7072 -0.7029
vn 0.4488 -0.1573 -0.8797
vn -0.3035 0.5333 -0.7896
vn -0.4217 0.1251 -0.8981
vn -0.1835 -0.2587 -0.9484
vn 0.5538 -0.3899 -0.7357
vn -0.5885 0.1646 -0.7916
vn 0.4503 0.4379 -0.7781
vn 0.3165 0.8644 0.3906
vn -0.2148 -0.5762 -0.7886
vn 0.2784 -0.7952 -0.5387
vn -0.6804 -0.5510 -0.4832
vn -0.8376 0.4061 -0.3654
vn -0.3374 0.9078 -0.2492
vn 0.0011 0.2251 -0.9743
vn -0.0003 0.2248 -0.9744
vn 0.0002 0.2246 -0.9744
vn 0.0001 0.2246 -0.9744
vn -0.0016 0.2251 -0.9743
vn -0.3356 -0.7296 0.5959
vn -0.5313 -0.6302 0.5661
vn -0.3939 -0.7486 0.5334
vn -0.1606 -0.7554 0.6353
vn -0.1534 -0.8884 0.4326
vn 0.0052 -0.9415 0.3370
vn -0.1215 -0.5363 0.8353
vn 0.0089 0.3226 -0.9465
vn 0.0327 0.6873 -0.7257
vn -0.0042 0.7477 -0.6641
vn 0.0001 0.3136 -0.9495
vn -0.0000 0.2977 -0.9547
vn -0.0000 0.2977 -0.9546
vn 0.0028 0.3142 -0.9493
vn -0.0078 0.9588 -0.2840
vn 0.0036 0.9635 -0.2676
vn 0.0126 0.9654 -0.2605
vn 0.0078 0.9588 -0.2840
vn -0.0327 0.6873 -0.7257
vn -0.0272 0.7489 -0.6621
vn -0.0036 0.9635 -0.2676
vn -0.0126 0.9654 -0.2605
vn -0.0001 0.3136 -0.9495
vn -0.0028 0.3142 -0.9493
vn -0.0089 0.3226 -0.9465
vn 0.2149 0.7776 -0.5909
vn 0.5532 0.6301 -0.5449
vn 0.3760 0.6490 -0.6614
vn 0.6705 0.4704 -0.5737
vn 0.3962 0.5152 -0.7600
vn 0.1727 0.7408 -0.6492
vn 0.1710 0.5239 -0.8345
vn -0.1731 0.7391 -0.6509
vn -0.1711 0.5238 -0.8345
vn -0.3962 0.5152 -0.7600
vn -0.4613 0.6576 -0.5956
vn -0.2705 0.7744 -0.5720
vn -0.2779 0.9023 -0.3295
vn -0.6705 0.4704 -0.5737
vn -0.4537 0.7295 -0.5118
vn 0.2779 0.9023 -0.3295
vn 1.0000 0.0024 -0.0079
vn 0.9999 0.0105 -0.0029
vn 1.0000 0.0086 -0.0050
vn 1.0000 0.0046 0.0024
vn 0.2057 -0.8164 -0.5396
vn 0.0523 -0.8946 -0.4439
vn 0.0902 -0.8902 -0.4465
vn 0.2115 -0.7909 -0.5742
vn 0.1577 -0.7533 -0.6384
vn 0.0394 -0.8774 -0.4781
vn 0.0403 -0.8769 -0.4789
vn 0.0186 -0.8777 -0.4789
vn 0.0184 -0.8780 -0.4783
vn -0.0000 -0.0576 0.9983
vn 0.0072 -0.0598 0.9982
vn 0.0012 -0.0578 0.9983
vn 0.0994 -0.1250 0.9872
vn 0.0119 -0.8341 0.5514
vn 0.0350 -0.7323 0.6801
vn -0.0004 -0.9651 0.2620
vn -0.0122 -0.3230 0.9463
vn 0.0024 -0.3108 0.9505
vn -0.0120 -0.2992 0.9541
vn -0.0002 -0.2970 0.9549
vn -0.0049 -0.2922 0.9563
vn -0.0066 -0.2994 0.9541
vn 0.0033 -0.3163 0.9487
vn -0.0000 -0.2972 0.9548
vn -0.0131 -0.3010 0.9535
vn -0.0208 -0.3194 0.9474
vn -0.0024 -0.3118 0.9501
vn -0.0000 -0.9652 0.2614
vn -0.0000 -0.9985 0.0555
vn -0.0000 0.0464 -0.9989
vn -0.0000 -0.0360 0.9994
vn -0.2330 0.6755 -0.6996
vn -0.2345 0.5903 -0.7724
vn 0.0532 0.1007 -0.9935
vn 0.0191 0.0838 -0.9963
vn -0.0532 0.1007 -0.9935
vn 0.1731 0.8211 -0.5439
vn 0.2330 0.6755 -0.6996
vn -0.0191 0.0838 -0.9963
vn -0.0070 0.9895 -0.1444
vn -0.0000 0.9951 -0.0985
vn 0.0070 0.9895 -0.1444
vn 0.3625 -0.7246 0.5861
vn 0.3819 -0.7525 0.5365
vn 0.5313 -0.6302 0.5661
vn 0.1638 -0.7458 0.6457
vn 0.1706 -0.8903 0.4223
vn -0.0183 -0.9298 0.3677
vn 0.1215 -0.5363 0.8353
vn -1.0000 0.0086 -0.0050
vn -0.9999 0.0105 -0.0029
vn -1.0000 0.0024 -0.0079
vn -1.0000 -0.0019 -0.0048
vn -0.0868 -0.8892 -0.4491
vn -0.0523 -0.8946 -0.4439
vn -0.2056 -0.8164 -0.5396
vn -0.2116 -0.7908 -0.5743
vn -0.1577 -0.7534 -0.6384
vn -0.0385 -0.8771 -0.4787
vn -0.0403 -0.8769 -0.4789
vn -0.0183 -0.8776 -0.4790
vn -0.0182 -0.8779 -0.4786
vn -0.0994 -0.1250 0.9872
vn -0.0072 -0.0598 0.9982
vn -0.0012 -0.0578 0.9983
vn 0.0004 -0.9651 0.2620
vn -0.0350 -0.7325 0.6798
vn 0.0157 -0.8368 0.5472
vn 0.0122 -0.3230 0.9463
vn -0.0024 -0.3108 0.9505
vn 0.0049 -0.2922 0.9563
vn 0.0002 -0.2970 0.9549
vn 0.0120 -0.2993 0.9541
vn 0.0066 -0.2994 0.9541
vn -0.0033 -0.3163 0.9487
vn 0.0208 -0.3194 0.9474
vn 0.0131 -0.3010 0.9535
vn 0.0024 -0.3118 0.9501
vn -0.4959 0.8653 0.0728
vn -0.0925 0.9954 -0.0255
vn -0.9341 0.3535 -0.0506
vn 0.7766 0.6277 0.0534
vn 0.7076 0.6970 -0.1163
vn 0.9736 -0.2226 -0.0511
vn 0.7699 -0.6379 -0.0179
vn 0.5100 -0.8512 -0.1235
vn 0.1929 -0.9802 0.0449
vn -0.9455 -0.3231 0.0405
vn -0.7250 -0.6858 -0.0637
vn -0.4488 -0.8926 0.0426
vn -0.1927 -0.9794 -0.0599
vn 0.6039 -0.6571 -0.4511
vn 0.3950 -0.0052 -0.9187
vn 0.8285 -0.0998 -0.5510
vn 0.5194 0.0934 -0.8494
vn 0.7440 0.3980 -0.5367
vn 0.8323 0.5423 -0.1149
vn 0.9363 -0.3459 -0.0613
vn 0.5186 -0.7511 -0.4086
vn 0.3554 -0.9231 -0.1466
vn 0.0451 -0.8295 -0.5567
vn 0.3013 -0.2530 -0.9194
vn 0.1797 0.9810 -0.0727
vn 0.3636 0.7368 -0.5700
vn 0.3231 0.3338 -0.8855
vn 0.0275 0.4209 -0.9067
vn -0.3298 0.7925 -0.5130
vn -0.1265 0.4281 -0.8948
vn -0.3589 0.3818 -0.8517
vn -0.7642 0.3413 -0.5473
vn -0.4720 0.1084 -0.8749
vn -0.7716 -0.3221 -0.5485
vn -0.9933 0.0568 -0.1008
vn -0.5928 0.8007 -0.0869
vn -0.7153 -0.6920 -0.0969
vn -0.4350 -0.0233 -0.9001
vn -0.3848 -0.3205 -0.8656
vn -0.3831 -0.7900 -0.4787
vn -0.2762 -0.3140 -0.9084
vn 0.0151 -0.8009 -0.5986
vn -0.2401 -0.9531 -0.1844
vn 0.4284 0.3756 0.8218
vn 0.8567 0.4721 0.2079
vn 0.5633 0.0613 0.8240
vn 0.4218 0.3887 0.8191
vn 0.3808 0.8154 0.4361
vn 0.0557 0.5654 0.8230
vn -0.1570 0.9735 0.1663
vn -0.1769 0.3468 0.9211
vn -0.6954 0.6983 0.1698
vn -0.4911 0.2814 0.8244
vn -0.9707 0.1216 0.2074
vn -0.5613 -0.0860 0.8231
vn -0.5466 -0.0879 0.8328
vn -0.4191 -0.3682 0.8299
vn -0.4143 -0.3731 0.8301
vn -0.2043 -0.5060 0.8380
vn -0.2015 -0.5068 0.8382
vn -0.0480 -0.6060 0.7940
vn 0.9734 -0.1563 0.1675
vn 0.3462 -0.1768 0.9213
vn 0.6986 -0.6951 0.1699
vn 0.2909 -0.4706 0.8330
vn 0.2049 -0.8215 0.5322
vn 0.1383 -0.8458 0.5153
vn 0.9337 0.1500 -0.3250
vn 0.6627 0.6627 -0.3487
vn 0.3174 0.1622 -0.9343
vn 0.1628 0.3189 -0.9337
vn 0.1474 0.9272 -0.3444
vn -0.0470 0.3361 -0.9406
vn -0.2071 0.5058 -0.8374
vn -0.1383 0.1175 -0.9834
vn -0.4122 0.2360 -0.8800
vn -0.4121 0.2451 -0.8775
vn -0.2515 0.0218 -0.9676
vn -0.5325 -0.1351 -0.8356
vn -0.2994 -0.1598 -0.9406
vn -0.6699 -0.6666 -0.3269
vn -0.2683 -0.4328 -0.8606
vn -0.1910 -0.7569 -0.6251
vn -0.1303 -0.7826 -0.6088
vn 0.5182 -0.0569 -0.8534
vn 0.8245 -0.4564 -0.3344
vn 0.3901 -0.3412 -0.8552
vn 0.3750 -0.3360 -0.8640
vn 0.1851 -0.4526 -0.8723
vn 0.1826 -0.4535 -0.8723
vn 0.0438 -0.5456 -0.8369
vn 0.4037 0.9142 -0.0368
vn 0.9676 0.2343 -0.0937
vn 0.4797 0.8728 -0.0904
vn 0.9952 0.0768 -0.0599
vn -0.2990 0.9490 -0.1003
vn -0.7131 0.7003 -0.0325
vn -0.9445 0.3067 -0.1174
vn -0.9343 -0.3549 -0.0317
vn -0.7548 -0.6476 -0.1045
vn -0.5661 -0.8240 -0.0231
vn -0.1889 -0.9769 -0.1001
vn 0.7197 -0.6872 -0.0987
vn 0.7253 -0.6857 -0.0612
vn 0.3530 -0.9288 -0.1127
vn 0.1493 -0.9850 -0.0865
vn -0.6204 0.7384 -0.2642
vn -0.9375 0.3428 -0.0598
vn 0.0507 0.9779 -0.2030
vn 0.9185 0.2873 -0.2715
vn 0.8481 0.5283 -0.0397
vn 0.7571 -0.6323 -0.1643
vn 0.5977 -0.7605 -0.2536
vn 0.1900 -0.9817 -0.0101
vn -0.7948 -0.5908 -0.1386
vn -0.7365 -0.6725 -0.0725
vn -0.1741 -0.9801 -0.0949
vn -0.1512 -0.9855 -0.0769
vn 0.7146 -0.6877 -0.1277
vn 0.9539 -0.2986 -0.0314
vn 0.4784 -0.8737 -0.0878
vn 0.1523 -0.9690 -0.1948
vn 0.9371 0.2931 -0.1896
vn 0.6907 0.7203 -0.0647
vn -0.0575 0.9744 -0.2175
vn -0.4041 0.9045 -0.1362
vn -0.9831 -0.1234 -0.1351
vn -0.9903 0.1048 -0.0913
vn -0.7029 -0.7099 -0.0447
vn -0.6258 -0.7624 -0.1646
vn 0.0679 -0.5021 -0.8621
vn 0.2354 -0.4511 -0.8609
vn -0.0572 -0.4686 -0.8815
vn 0.3734 -0.4111 -0.8316
vn 0.4412 -0.2200 -0.8700
vn 0.4266 -0.2172 -0.8780
vn 0.4775 0.0434 -0.8776
vn 0.4894 0.0637 -0.8697
vn 0.4286 0.2855 -0.8572
vn 0.3615 0.3685 -0.8564
vn 0.2198 0.4566 -0.8621
vn 0.0758 0.4790 -0.8746
vn -0.0771 0.4874 -0.8698
vn -0.1993 0.4279 -0.8816
vn -0.3028 0.3205 -0.8976
vn -0.3669 0.2551 -0.8946
vn -0.4625 0.0485 -0.8853
vn -0.4770 0.0472 -0.8777
vn -0.4266 -0.2170 -0.8780
vn -0.4181 -0.1994 -0.8863
vn -0.2032 -0.3955 -0.8957
vn -0.2692 -0.3226 -0.9074
vn 0.9998 0.0111 0.0142
vn 0.9729 0.0095 -0.2308
vn 0.9574 0.1758 -0.2291
vn 0.8245 0.5402 -0.1684
vn -0.2177 0.9143 -0.3415
vn -0.6404 0.7627 -0.0901
vn -0.8759 0.2013 -0.4386
vn -0.2492 0.9194 -0.3042
vn 0.6129 0.7469 -0.2579
vn 0.5302 0.8359 -0.1423
vn 0.6689 0.6728 -0.3160
vn -0.7482 0.6625 -0.0351
vn -0.9476 0.3092 -0.0805
vn -0.9982 0.0573 -0.0171
vn -0.9713 0.0575 -0.2308
vn 0.7019 0.0121 -0.7122
vn 0.4881 0.0754 -0.8695
vn 0.8793 0.2026 -0.4310
vn 0.9729 0.0130 -0.2309
vn 0.4316 0.5993 -0.6742
vn 0.6798 0.7039 -0.2060
vn -0.5775 0.2856 -0.7648
vn 0.0018 0.9523 -0.3051
vn -0.9400 0.3345 0.0669
vn -0.9924 0.0260 -0.1204
vn -0.7517 0.2848 -0.5949
vn -0.6935 0.7188 -0.0496
vn -0.2732 0.7397 -0.6150
vn 0.1757 0.8736 -0.4537
vn 0.2431 0.3495 -0.9049
vn 0.6813 0.2492 -0.6883
vn 0.8684 0.3491 -0.3521
vn 0.0146 0.6063 -0.7951
vn 0.8355 0.2233 -0.5021
vn 0.1162 0.9917 0.0560
vn -0.4278 0.6575 -0.6202
vn -0.6670 0.7341 -0.1270
vn -0.7648 0.2159 -0.6070
vn -0.9768 0.2059 -0.0593
vn -0.9741 0.0140 -0.2256
vn -0.7070 0.0132 -0.7070
vn -0.0000 0.9263 0.3768
vn -0.0001 0.9263 0.3767
vn -0.0000 0.9263 0.3767
vn 0.8529 -0.1112 0.5100
vn 0.8529 -0.1112 0.5101
vn 0.8529 -0.1113 0.5100
vn -0.0000 0.3766 -0.9264
vn -0.0002 0.3769 -0.9263
vn 0.0001 0.3768 -0.9263
vn -0.0002 0.3768 -0.9263
vn -0.0000 0.3769 -0.9263
vn -0.0001 0.3767 -0.9263
vn -0.0000 0.3768 -0.9263
vn -0.0000 0.3767 -0.9263
vn -0.0000 0.9734 0.2291
vn -0.0000 0.9735 0.2289
vn -0.0001 0.9735 0.2288
vn 0.0001 0.9734 0.2292
vn 0.0037 0.9726 0.2324
vn 0.0063 0.9703 0.2417
vn 0.0069 0.9670 0.2547
vn 0.0130 0.9678 0.2513
vn -0.0006 0.9609 0.2769
vn 0.0038 0.9527 0.3040
vn 0.0124 0.9517 0.3069
vn 0.0203 0.9433 0.3314
vn 0.0103 0.9347 0.3553
vn 0.0136 0.9354 0.3534
vn 0.0002 0.9292 0.3695
vn 0.0043 0.9287 0.3707
vn -0.0002 0.9280 0.3725
vn -0.0020 0.9281 0.3722
vn -0.0000 0.9290 0.3702
vn -0.0001 0.9290 0.3702
vn -0.0000 0.9289 0.3702
vn -0.0001 0.9374 0.3482
vn -0.0057 0.9368 0.3497
vn -0.0003 0.9388 0.3444
vn -0.0047 0.9382 0.3461
vn -0.0008 0.9424 0.3344
vn -0.0000 0.9436 0.3311
vn -0.5800 0.8146 0.0001
vn -0.9197 0.0860 0.3830
vn -0.4905 0.5814 0.6492
vn -0.2102 0.0247 0.9773
vn 0.0176 0.7172 0.6967
vn -0.0041 0.0034 1.0000
vn -0.1119 0.9696 -0.2177
vn -0.2190 0.5335 -0.8169
vn -0.7371 0.6078 -0.2954
vn 0.1202 0.9926 0.0193
vn -0.8448 0.2197 -0.4879
vn -0.9258 0.2345 -0.2964
vn -0.2069 0.4615 -0.8626
vn -0.9579 0.1456 -0.2473
vn -0.7667 -0.0778 0.6373
vn -0.7092 0.0088 0.7050
vn 0.7350 -0.0519 0.6761
vn 0.7333 0.0212 0.6795
vn 0.9268 0.2346 -0.2933
vn 0.9590 0.1457 -0.2429
vn 0.8448 0.2197 -0.4879
vn 0.2069 0.4615 -0.8627
vn -0.0000 0.4601 -0.8879
vn -0.1784 0.3763 -0.9092
vn -0.1740 0.4535 -0.8741
vn -0.0000 -0.0635 0.9980
vn -0.0000 0.9416 0.3367
vn -0.0000 -0.6077 -0.7942
vn 0.0001 0.9263 0.3767
vn -0.8529 -0.1112 0.5100
vn -0.8529 -0.1112 0.5101
vn -0.8529 -0.1113 0.5100
vn 0.0002 0.3769 -0.9263
vn 0.0002 0.3768 -0.9263
vn -0.0003 0.3768 -0.9263
vn 0.0001 0.3767 -0.9263
vn 0.0001 0.9735 0.2288
vn -0.0001 0.9734 0.2292
vn -0.0037 0.9726 0.2324
vn -0.0130 0.9678 0.2514
vn -0.0065 0.9670 0.2546
vn -0.0063 0.9703 0.2417
vn 0.0006 0.9609 0.2769
vn -0.0038 0.9527 0.3040
vn -0.0124 0.9517 0.3069
vn -0.0203 0.9433 0.3314
vn -0.0104 0.9346 0.3556
vn -0.0136 0.9354 0.3534
vn -0.0015 0.9292 0.3695
vn -0.0043 0.9287 0.3707
vn 0.0002 0.9280 0.3725
vn 0.0020 0.9281 0.3722
vn 0.0001 0.9290 0.3702
vn -0.0000 0.9374 0.3482
vn 0.0003 0.9388 0.3444
vn 0.0057 0.9368 0.3497
vn 0.0049 0.9382 0.3461
vn 0.0008 0.9423 0.3347
vn 0.5119 0.5809 0.6328
vn 0.9197 0.0860 0.3831
vn 0.5934 0.8028 0.0588
vn 0.2102 0.0247 0.9773
vn -0.0258 0.7399 0.6723
vn 0.0041 0.0034 1.0000
vn 0.1192 0.9764 -0.1801
vn -0.1199 0.9926 0.0191
vn 0.2190 0.5335 -0.8169
vn 0.7371 0.6078 -0.2954
vn 0.1784 0.3763 -0.9092
vn 0.1740 0.4535 -0.8741
vt 0.293101 0.843598
vt 0.293101 0.786278
vt 0.235781 0.786278
vt 0.245456 0.843733
vt 0.010879 0.532701
vt 0.156601 0.532701
vt 0.156595 0.008193
vt 0.010880 0.008199
vt 0.014309 0.088922
vt 0.009866 0.085598
vt 0.009656 0.098126
vt 0.013528 0.098126
vt 0.015086 0.079574
vt 0.030311 0.007144
vt 0.034052 0.009573
vt 0.280318 0.885985
vt 0.255619 0.885985
vt 0.255619 0.899131
vt 0.280318 0.899526
vt 0.255619 0.905498
vt 0.280318 0.905498
vt 0.275537 0.910685
vt 0.255619 0.908956
vt 0.257248 0.911879
vt 0.260401 0.910685
vt 0.278724 0.914210
vt 0.280318 0.908956
vt 0.255619 0.960082
vt 0.280318 0.960082
vt 0.280318 0.947104
vt 0.255619 0.946703
vt 0.280318 0.940570
vt 0.280318 0.937112
vt 0.278724 0.931858
vt 0.275537 0.935383
vt 0.260401 0.935383
vt 0.255619 0.940570
vt 0.255619 0.937112
vt 0.257212 0.933879
vt 0.326228 0.982281
vt 0.317367 0.946019
vt 0.218571 0.920554
vt 0.317367 0.910685
vt 0.218571 0.983265
vt 0.317367 0.898390
vt 0.218571 0.898390
vt 0.317367 0.885985
vt 0.218571 0.885985
vt 0.218571 0.917977
vt 0.218571 0.946019
vt 0.218571 0.910685
vt 0.269760 0.950159
vt 0.277728 0.966653
vt 0.279189 0.983124
vt 0.317420 0.946019
vt 0.220263 0.982339
vt 0.317360 0.910685
vt 0.317367 0.982484
vt 0.218577 0.885985
vt 0.317347 0.898390
vt 0.317396 0.946019
vt 0.317367 0.982483
vt 0.220263 0.982339
vt 0.218571 0.910685
vt 0.290159 0.910830
vt 0.218584 0.910685
vt 0.218637 0.946019
vt 0.298758 0.979970
vt 0.291225 0.981819
vt 0.218577 0.982484
vt 0.218527 0.898390
vt 0.289147 0.889406
vt 0.218572 0.885985
vt 0.218533 0.898390
vt 0.289662 0.898390
vt 0.218605 0.910685
vt 0.298758 0.979970
vt 0.218637 0.946019
vt 0.291226 0.981819
vt 0.218577 0.982483
vt 0.288951 0.885985
vt 0.294516 0.917829
vt 0.292547 0.940278
vt 0.294274 0.936746
vt 0.293392 0.951468
vt 0.293204 0.955429
vt 0.218571 0.984387
vt 0.326807 0.983570
vt 0.237948 0.982303
vt 0.220248 0.982339
vt 0.220308 0.983624
vt 0.238179 0.983606
vt 0.238179 0.983605
vt 0.317367 0.983826
vt 0.218571 0.970024
vt 0.317367 0.970024
vt 0.218571 0.970876
vt 0.317367 0.970024
vt 0.218571 0.970033
vt 0.317367 0.970876
vt 0.218571 0.970030
vt 0.317367 0.970033
vt 0.218571 0.969966
vt 0.317367 0.970030
vt 0.317367 0.970876
vt 0.218571 0.970032
vt 0.317367 0.969966
vt 0.317367 0.970029
vt 0.317367 0.970203
vt 0.317367 0.970032
vt 0.218571 0.970203
vt 0.317367 0.969963
vt 0.218571 0.969963
vt 0.317367 0.970032
vt 0.317367 0.970203
vt 0.218571 0.970032
vt 0.218571 0.970203
vt 0.289605 0.949816
vt 0.289111 0.976590
vt 0.282201 0.976145
vt 0.294749 0.975596
vt 0.294736 0.948616
vt 0.290019 0.921320
vt 0.294712 0.920304
vt 0.282206 0.948683
vt 0.282213 0.919147
vt 0.282207 0.942688
vt 0.282213 0.919147
vt 0.290076 0.920041
vt 0.294712 0.920303
vt 0.278656 0.948063
vt 0.282056 0.948933
vt 0.282068 0.919123
vt 0.282046 0.976113
vt 0.278639 0.976062
vt 0.278693 0.918606
vt 0.282068 0.919222
vt 0.278693 0.918550
vt 0.275494 0.965908
vt 0.218571 0.904537
vt 0.218812 0.983797
vt 0.218571 0.984158
vt 0.218636 0.983883
vt 0.278451 0.974905
vt 0.218707 0.983333
vt 0.273834 0.957524
vt 0.235781 0.843598
vt 0.284300 0.843597
vt 0.245458 0.786361
vt 0.264552 0.842852
vt 0.235783 0.786278
vt 0.235823 0.843598
vt 0.235760 0.786278
vt 0.264428 0.785691
vt 0.302304 0.853501
vt 0.246957 0.853554
vt 0.255457 0.853669
vt 0.236040 0.786278
vt 0.246961 0.853554
vt 0.235365 0.853529
vt 0.302296 0.853501
vt 0.206718 0.853579
vt 0.261642 0.792067
vt 0.245162 0.798938
vt 0.277479 0.858731
vt 0.274679 0.817775
vt 0.261647 0.792117
vt 0.257492 0.793836
vt 0.264390 0.806459
vt 0.263387 0.806459
vt 0.262626 0.808682
vt 0.262035 0.806459
vt 0.260315 0.808377
vt 0.260865 0.806459
vt 0.259700 0.806801
vt 0.258458 0.806288
vt 0.257276 0.805782
vt 0.257279 0.824793
vt 0.260477 0.825283
vt 0.262616 0.825359
vt 0.265155 0.825067
vt 0.264941 0.807864
vt 0.267663 0.824693
vt 0.266821 0.805700
vt 0.268038 0.805323
vt 0.269825 0.824626
vt 0.269197 0.805153
vt 0.270423 0.805285
vt 0.271606 0.806858
vt 0.271606 0.824792
vt 0.271606 0.805770
vt 0.265534 0.805967
vt 0.274431 0.814063
vt 0.285755 0.812497
vt 0.293101 0.788316
vt 0.280480 0.821249
vt 0.265139 0.828430
vt 0.236657 0.787428
vt 0.235854 0.787382
vt 0.235786 0.843592
vt 0.249683 0.845830
vt 0.257834 0.847138
vt 0.262719 0.838596
vt 0.265153 0.828436
vt 0.235779 0.843600
vt 0.257930 0.838091
vt 0.260581 0.847579
vt 0.270205 0.826058
vt 0.275455 0.823601
vt 0.242622 0.781431
vt 0.249523 0.779100
vt 0.250283 0.841278
vt 0.266557 0.782688
vt 0.291542 0.845203
vt 0.292426 0.783075
vt 0.249523 0.779099
vt 0.242622 0.781433
vt 0.248117 0.841154
vt 0.266557 0.782687
vt 0.291541 0.845163
vt 0.292427 0.783264
vt 0.265693 0.844098
vt 0.254874 0.843807
vt 0.262019 0.843603
vt 0.254743 0.843666
vt 0.259377 0.843613
vt 0.255970 0.843639
vt 0.262167 0.853529
vt 0.259378 0.843613
vt 0.293101 0.795474
vt 0.235781 0.795346
vt 0.293101 0.795346
vt 0.235781 0.795402
vt 0.293101 0.795685
vt 0.235781 0.795474
vt 0.293101 0.795109
vt 0.235781 0.795685
vt 0.293101 0.795110
vt 0.235781 0.795109
vt 0.293101 0.795402
vt 0.235781 0.795684
vt 0.319817 0.833733
vt 0.312011 0.789894
vt 0.235781 0.795110
vt 0.293101 0.795684
vt 0.293101 0.796595
vt 0.235781 0.796594
vt 0.216870 0.789887
vt 0.209063 0.833717
vt 0.293101 0.796594
vt 0.235781 0.796592
vt 0.293101 0.796592
vt 0.235781 0.796595
vt 0.260915 0.786272
vt 0.259420 0.803658
vt 0.248230 0.822455
vt 0.248146 0.786407
vt 0.248146 0.786407
vt 0.248230 0.822412
vt 0.261111 0.822007
vt 0.290898 0.811215
vt 0.284412 0.810705
vt 0.284407 0.796919
vt 0.281194 0.818716
vt 0.277122 0.791008
vt 0.290896 0.811317
vt 0.277502 0.821444
vt 0.281198 0.818712
vt 0.280566 0.796919
vt 0.277130 0.808889
vt 0.280578 0.810705
vt 0.277503 0.821465
vt -0.051582 0.755922
vt 0.167030 0.754834
vt 0.171851 0.552251
vt -0.049087 0.555380
vt 0.257276 0.843598
vt 0.271606 0.843598
vt 0.271606 0.835976
vt 0.257276 0.835746
vt 0.271606 0.832277
vt 0.257276 0.832277
vt 0.260050 0.829268
vt 0.271606 0.830271
vt 0.270661 0.828575
vt 0.268831 0.829268
vt 0.258201 0.827223
vt 0.257276 0.830271
vt 0.271606 0.800608
vt 0.257276 0.800608
vt 0.257276 0.808175
vt 0.271606 0.808425
vt 0.257276 0.811929
vt 0.271606 0.811929
vt 0.260050 0.814938
vt 0.257276 0.813935
vt 0.257558 0.818727
vt 0.268831 0.814938
vt 0.270065 0.819395
vt 0.271606 0.813935
vt 0.322989 0.316647
vt 0.322989 0.003656
vt 0.173869 0.316645
vt 0.173869 0.003653
vt 0.304184 0.644086
vt 0.187594 0.644086
vt 0.187594 0.760677
vt 0.304184 0.760677
vt 0.633396 0.005541
vt 0.641188 0.286486
vt 0.740748 0.245503
vt 0.732437 0.640638
vt 0.643392 0.638189
vt 0.577107 0.640631
vt 0.572278 0.411945
vt 0.558855 0.012270
vt 0.753761 0.012227
vt 0.198115 0.982470
vt 0.198115 0.886536
vt 0.015644 0.886536
vt 0.015643 0.982470
vt 0.321643 0.477594
vt 0.321643 0.336962
vt 0.176539 0.336962
vt 0.176539 0.477594
vt 0.318055 0.633313
vt 0.318055 0.491246
vt 0.171470 0.491246
vt 0.171470 0.633313
vt 0.330835 0.871390
vt 0.343825 0.990237
vt 0.330911 0.628317
vt 0.564265 0.626363
vt 0.554420 0.982863
vt 0.343885 0.990258
vt 0.330900 0.628341
vt 0.564254 0.626341
vt 0.330872 0.871414
vt 0.554478 0.982843
vt 0.187594 0.760676
vt 0.304183 0.760677
vt 0.304183 0.644086
vt 0.034817 0.098126
vt 0.046335 0.089987
vt 0.013540 0.097985
vt 0.084803 0.017324
vt 0.056919 0.015646
vt 0.283093 0.025905
vt 0.292185 0.086066
vt 0.383693 0.030379
vt 0.488518 0.035350
vt 0.591477 0.086259
vt 0.596558 0.040280
vt 0.749001 0.046163
vt 0.841180 0.088787
vt 0.892643 0.051173
vt 0.734767 0.098131
vt 0.879541 0.098133
vt 0.984306 0.089266
vt 0.989346 0.054603
vt 0.983988 0.098133
vt 0.589663 0.098130
vt 0.481214 0.098130
vt 0.374329 0.098129
vt 0.270630 0.098128
vt 0.178792 0.098128
vt 0.061722 0.098127
vt 0.031719 0.398780
vt 0.021496 0.328319
vt 0.010870 0.391979
vt 0.057300 0.398359
vt 0.043786 0.329232
vt 0.128294 0.314453
vt 0.252484 0.370064
vt 0.364345 0.317987
vt 0.356919 0.356178
vt 0.466422 0.341647
vt 0.621143 0.280083
vt 0.354571 0.298494
vt 0.349853 0.294358
vt 0.360324 0.294270
vt 0.367615 0.276786
vt 0.336700 0.278874
vt 0.347133 0.276794
vt 0.351495 0.259498
vt 0.359308 0.252412
vt 0.483931 0.174514
vt 0.232567 0.218376
vt 0.496391 0.216251
vt 0.367403 0.262671
vt 0.364597 0.255412
vt 0.587134 0.263054
vt 0.613306 0.246746
vt 0.579758 0.326358
vt 0.626517 0.276528
vt 0.616177 0.276882
vt 0.740768 0.302686
vt 0.883088 0.279767
vt 0.658114 0.256630
vt 0.944859 0.235671
vt 0.940574 0.223974
vt 0.765587 0.218519
vt 0.929808 0.188401
vt 0.988461 0.159777
vt 0.937757 0.118682
vt 0.899735 0.159629
vt 0.989309 0.119838
vt 0.954300 0.207260
vt 0.985874 0.212493
vt 0.949109 0.204940
vt 0.944089 0.206963
vt 0.958583 0.216069
vt 0.958451 0.229789
vt 0.952650 0.267886
vt 0.955535 0.237309
vt 0.950526 0.239911
vt 0.940680 0.212667
vt 0.983104 0.263769
vt 0.937106 0.126011
vt 0.988013 0.172064
vt 0.929808 0.188401
vt 0.940680 0.212666
vt 0.940518 0.223794
vt 0.928747 0.269808
vt 0.944860 0.235669
vt 0.983472 0.230440
vt 0.958445 0.229786
vt 0.958573 0.215959
vt 0.954298 0.207263
vt 0.949110 0.204940
vt 0.983102 0.263809
vt 0.855465 0.284231
vt 0.650608 0.261924
vt 0.621206 0.280044
vt 0.626620 0.276529
vt 0.611073 0.261108
vt 0.616178 0.276873
vt 0.631694 0.260760
vt 0.630979 0.247214
vt 0.638559 0.232407
vt 0.627556 0.241197
vt 0.622290 0.238851
vt 0.616909 0.241364
vt 0.531161 0.204556
vt 0.421182 0.241547
vt 0.360475 0.293945
vt 0.232567 0.218376
vt 0.483931 0.174514
vt 0.325307 0.272374
vt 0.359689 0.252408
vt 0.364597 0.255413
vt 0.347140 0.276579
vt 0.349805 0.294352
vt 0.354574 0.298506
vt 0.083080 0.307016
vt 0.061341 0.267141
vt 0.032685 0.248433
vt 0.053345 0.264096
vt 0.189369 0.184476
vt 0.047646 0.267531
vt 0.039394 0.166215
vt 0.058532 0.266761
vt 0.060137 0.275615
vt 0.057542 0.298854
vt 0.050387 0.320152
vt 0.043786 0.329232
vt 0.021496 0.328319
vt 0.040058 0.323865
vt 0.057300 0.398359
vt 0.031719 0.398780
vt 0.010869 0.391979
vt 0.039314 0.298983
vt 0.042718 0.278284
vt 0.252484 0.370064
vt 0.356918 0.356178
vt 0.367247 0.275204
vt 0.190014 0.148531
vt 0.186438 0.111947
vt 0.040973 0.111946
vt 0.040973 0.111946
vt 0.039394 0.166215
vt 0.190014 0.148531
vt 0.469970 0.111947
vt 0.515357 0.142030
vt 0.699680 0.111947
vt 0.749023 0.178473
vt 0.768264 0.233870
vt 0.794335 0.160997
vt 0.898764 0.147559
vt 0.891673 0.135666
vt 0.905921 0.124680
vt 0.926305 0.116824
vt 0.896235 0.132694
vt 0.883214 0.136935
vt 0.800323 0.151116
vt 0.800747 0.140152
vt 0.847972 0.140516
vt 0.808848 0.141021
vt 0.797776 0.138147
vt 0.767617 0.114433
vt 0.787164 0.120601
vt 0.790857 0.130544
vt 0.786822 0.115911
vt 0.800747 0.140152
vt 0.808848 0.141021
vt 0.891673 0.135666
vt 0.797176 0.147714
vt 0.898764 0.147559
vt 0.916054 0.108959
vt 0.912492 0.115500
vt 0.914195 0.108959
vt 0.914196 0.108959
vt 0.749023 0.178473
vt 0.794335 0.160997
vt 0.515357 0.142030
vt 0.766889 0.131585
vt 0.761435 0.111947
vt 0.766889 0.131585
vt 0.590273 0.111947
vt 0.631697 0.260740
vt 0.611594 0.261068
vt 0.359411 0.111947
vt 0.189369 0.184476
vt 0.032685 0.248433
vt 0.063143 0.266975
vt 0.053344 0.264073
vt 0.058532 0.266761
vt 0.042718 0.278284
vt 0.047646 0.267531
vt 0.039314 0.298983
vt 0.040059 0.323865
vt 0.050387 0.320152
vt 0.057686 0.298227
vt 0.057910 0.297255
vt 0.058211 0.267417
vt 0.055264 0.305148
vt 0.049105 0.320851
vt 0.058106 0.267158
vt 0.057722 0.298073
vt 0.055264 0.305148
vt 0.049104 0.320851
vt 0.989235 0.982334
vt 0.989235 0.982469
vt 0.936548 0.448627
vt 0.924404 0.625173
vt 0.889965 0.982374
vt 0.683821 0.981834
vt 0.741697 0.535985
vt 0.848606 0.615518
vt 0.677430 0.785652
vt 0.714124 0.448627
vt 0.523896 0.812201
vt 0.532194 0.791384
vt 0.469331 0.448627
vt 0.889964 0.982374
vt 0.683846 0.982325
vt 0.459609 0.982290
vt 0.307328 0.982134
vt 0.342745 0.982324
vt 0.342745 0.532207
vt 0.307722 0.982318
vt 0.342745 0.982324
vt 0.382305 0.511493
vt 0.391668 0.982322
vt 0.459609 0.982290
vt 0.391668 0.982322
vt 0.443531 0.448627
vt 0.266942 0.982327
vt 0.266942 0.534300
vt 0.266942 0.982327
vt 0.851915 0.431137
vt 0.858761 0.332608
vt 0.768601 0.332608
vt 0.902612 0.431137
vt 0.902612 0.332608
vt 0.903114 0.431137
vt 0.926037 0.340844
vt 0.948646 0.356193
vt 0.948646 0.356193
vt 0.966440 0.377683
vt 0.966440 0.377684
vt 0.982068 0.431137
vt 0.902613 0.332608
vt 0.772770 0.332608
vt 0.814070 0.431137
vt 0.793510 0.431137
vt 0.695431 0.332608
vt 0.694902 0.332608
vt 0.666925 0.340565
vt 0.624879 0.377846
vt 0.643494 0.356339
vt 0.643494 0.356339
vt 0.608995 0.431137
vt 0.613188 0.403397
vt 0.624879 0.377846
vt 0.977891 0.403360
vt 0.020389 0.743907
vt 0.109588 0.745052
vt 0.055685 0.464190
vt 0.038060 0.589634
vt 0.031387 0.608646
vt 0.047685 0.471078
vt 0.013869 0.635566
vt 0.010962 0.736543
vt 0.109687 0.463120
vt 0.109687 0.463253
vt 0.109687 0.745052
vt 0.113109 0.748127
vt 0.113109 0.460284
vt 0.228678 0.464773
vt 0.125423 0.463249
vt 0.125393 0.745345
vt 0.238224 0.744122
vt 0.247117 0.736360
vt 0.237691 0.473109
vt 0.121707 0.460500
vt 0.121707 0.748328
vt 0.125368 0.745345
vt 0.125368 0.463389
vt 0.055705 0.464877
vt 0.109344 0.744360
vt 0.020584 0.743220
vt 0.031527 0.608624
vt 0.038168 0.589705
vt 0.047745 0.471731
vt 0.014095 0.635411
vt 0.011202 0.735893
vt 0.109443 0.463812
vt 0.112848 0.747420
vt 0.109443 0.744360
vt 0.109443 0.463945
vt 0.112848 0.460989
vt 0.009657 0.098126
vt 0.009866 0.085598
vt 0.014308 0.088922
vt 0.015086 0.079574
vt 0.030311 0.007144
vt 0.034052 0.009573
vt 0.013528 0.098126
vt 0.013539 0.097985
vt 0.046335 0.089987
vt 0.034817 0.098126
vt 0.056919 0.015646
vt 0.061722 0.098127
vt 0.270630 0.098128
vt 0.591477 0.086259
vt 0.596558 0.040279
vt 0.841180 0.088787
vt 0.983989 0.098133
vt 0.879541 0.098132
vt 0.589664 0.098130
vt 0.481215 0.098130
vt 0.905040 0.528247
vt 0.905040 0.492899
vt 0.863810 0.451669
vt 0.863810 0.569477
vt 0.828461 0.569477
vt 0.828461 0.451669
vt 0.787226 0.528247
vt 0.787226 0.492899
vt 0.028703 0.850259
vt 0.028703 0.769996
vt 0.108968 0.769996
vt 0.108968 0.850259
vt 0.148912 0.797581
vt 0.179240 0.770141
vt 0.157175 0.837602
vt 0.228180 0.837755
vt 0.228285 0.786174
vt 0.192665 0.857996
vt 0.148898 0.797574
vt 0.157179 0.837613
vt 0.179251 0.770152
vt 0.228177 0.837767
vt 0.228292 0.786180
vt 0.192670 0.857992
vt 0.543745 0.089310
vt 0.543745 0.101102
vt 0.557928 0.101102
vt 0.557928 0.089310
vt 0.543755 0.101102
vt 0.543742 0.089310
vt 0.362948 0.398914
vt 0.367903 0.492428
vt 0.380720 0.483586
vt 0.394305 0.479566
vt 0.400684 0.275665
vt 0.421831 0.479565
vt 0.500439 0.275646
vt 0.472912 0.275648
vt 0.480861 0.479568
vt 0.500564 0.479551
vt 0.454541 0.479565
vt 0.439078 0.275659
vt 0.330701 0.275497
vt 0.321886 0.536331
vt 0.261877 0.275647
vt 0.262123 0.536347
vt 0.350131 0.536347
vt 0.351975 0.520000
vt 0.358030 0.504962
vt 0.505352 0.479567
vt 0.505552 0.431498
vt 0.500564 0.479534
vt 0.500586 0.338770
vt 0.505630 0.338764
vt 0.505567 0.271970
vt 0.500439 0.275645
vt 0.328635 0.997644
vt 0.389108 0.998536
vt 0.384795 0.969998
vt 0.333861 0.966532
vt 0.381764 0.958820
vt 0.341367 0.946547
vt 0.375061 0.944284
vt 0.359582 0.940637
vt 0.065305 0.307806
vt 0.100929 0.339787
vt 0.094741 0.324436
vt 0.069271 0.471306
vt 0.111031 0.352597
vt 0.124211 0.361583
vt 0.110724 0.568827
vt 0.003144 0.573790
vt 0.196650 0.573796
vt 0.196507 0.538964
vt 0.166320 0.573769
vt 0.193500 0.420651
vt 0.166566 0.365512
vt 0.200277 0.365733
vt 0.197704 0.416120
vt 0.246870 0.415546
vt 0.246900 0.365529
vt 0.138428 0.365511
vt 0.201313 0.543548
vt 0.245959 0.573793
vt 0.245971 0.545465
vt 0.003144 0.307797
vt 0.092838 0.307797
vt 0.515440 0.995263
vt 0.520974 0.767638
vt 0.515159 0.909322
vt 0.515158 0.969831
vt 0.654079 0.968098
vt 0.623571 0.968098
vt 0.623571 0.921157
vt 0.654079 0.921160
vt 0.672075 0.968528
vt 0.672075 0.767638
vt 0.793579 0.968528
vt 0.793579 0.767638
vt 0.815195 0.767638
vt 0.815195 0.995263
vt 0.483813 0.768167
vt 0.469807 0.794369
vt 0.476014 0.782010
vt 0.477988 0.767638
vt 0.419060 0.857413
vt 0.431529 0.815012
vt 0.419056 0.814946
vt 0.452111 0.858987
vt 0.446802 0.811722
vt 0.459798 0.804478
vt 0.455943 0.862901
vt 0.464514 0.923952
vt 0.455270 0.902685
vt 0.477259 0.906111
vt 0.459839 0.939922
vt 0.447765 0.920290
vt 0.449770 0.913858
vt 0.443998 0.965781
vt 0.460957 0.995288
vt 0.464513 0.958279
vt 0.440814 0.969739
vt 0.421570 0.995263
vt 0.421572 0.970506
vt 0.477106 0.972806
vt 0.492837 0.995263
vt 0.492837 0.998535
vt 0.507686 0.998535
vt 0.477269 0.995263
vt 0.507686 0.995263
vt 0.522443 0.995263
vt 0.522443 0.998535
vt 0.539228 0.998535
vt 0.539228 0.995263
vt 0.815195 0.995263
vt 0.815195 0.998535
vt 0.477269 0.998535
vt 0.457133 0.995263
vt 0.462351 0.998535
vt 0.434211 0.995263
vt 0.447343 0.998535
vt 0.432293 0.998535
vt 0.419401 0.998535
vt 0.421572 0.995263
vt 0.065183 0.824883
vt 0.023090 0.857398
vt 0.046297 0.857279
vt 0.071766 0.841193
vt 0.075429 0.852718
vt 0.066759 0.857075
vt 0.088371 0.849542
vt 0.357045 0.849542
vt 0.373337 0.848576
vt 0.375499 0.836637
vt 0.375816 0.843446
vt 0.361770 0.851568
vt 0.372501 0.854167
vt 0.375579 0.860834
vt 0.364148 0.856070
vt 0.381987 0.863961
vt 0.364546 0.862538
vt 0.362295 0.869824
vt 0.377767 0.872365
vt 0.355161 0.879354
vt 0.364877 0.887173
vt 0.339668 0.891552
vt 0.346318 0.902013
vt 0.308537 0.906736
vt 0.315646 0.918855
vt 0.273411 0.920874
vt 0.280253 0.933679
vt 0.236778 0.932210
vt 0.239342 0.946753
vt 0.189711 0.959762
vt 0.189496 0.943453
vt 0.185297 0.964386
vt 0.142882 0.949269
vt 0.112020 0.949633
vt 0.066454 0.966206
vt 0.090420 0.947670
vt 0.078828 0.944598
vt 0.039058 0.955672
vt 0.064199 0.974043
vt 0.059198 0.931059
vt 0.037052 0.917253
vt 0.069936 0.940202
vt 0.049144 0.915378
vt 0.045160 0.900617
vt 0.048175 0.881957
vt 0.021587 0.903625
vt 0.025289 0.932729
vt 0.005769 0.912899
vt 0.016704 0.953214
vt 0.039747 0.977884
vt 0.067358 0.990287
vt 0.123124 0.977991
vt 0.183045 0.990061
vt 0.182798 0.974278
vt 0.028244 0.878608
vt 0.056860 0.866379
vt 0.385175 0.838039
vt 0.393849 0.828831
vt 0.538338 0.370597
vt 0.525684 0.381119
vt 0.516106 0.394891
vt 0.511171 0.412823
vt 0.549237 0.365913
vt 0.511158 0.425552
vt 0.565070 0.363255
vt 0.876506 0.363255
vt 0.886278 0.377048
vt 0.885888 0.370778
vt 0.882574 0.365879
vt 0.186473 0.641694
vt 0.194532 0.641694
vt 0.194532 0.630227
vt 0.186473 0.630227
vt 0.511684 0.428688
vt 0.679266 0.467271
vt 0.886331 0.379867
vt 0.515152 0.441141
vt 0.624959 0.474961
vt 0.588856 0.477218
vt 0.563372 0.476709
vt 0.526513 0.459625
vt 0.549629 0.474174
vt 0.539122 0.469780
vt 0.734551 0.455620
vt 0.777157 0.442777
vt 0.818457 0.426911
vt 0.855607 0.410373
vt 0.874829 0.397327
vt 0.883803 0.386941
vt 0.168088 0.630227
vt 0.168088 0.641694
vt 0.160035 0.630227
vt 0.160035 0.641694
vt 0.308625 0.936652
vt 0.186095 0.976158
vt 0.233456 0.980789
vt 0.186399 0.989668
vt 0.190920 0.962003
vt 0.187526 0.966376
vt 0.240347 0.949011
vt 0.281483 0.935886
vt 0.316949 0.920867
vt 0.366277 0.901899
vt 0.347668 0.903848
vt 0.366304 0.888802
vt 0.392260 0.870397
vt 0.379219 0.873503
vt 0.383867 0.863621
vt 0.392982 0.850906
vt 0.407197 0.846403
vt 0.406591 0.875992
vt 0.375355 0.915809
vt 0.316347 0.951512
vt 0.395654 0.830044
vt 0.385942 0.838952
vt 0.377127 0.844514
vt 0.374962 0.848986
vt 0.374306 0.853695
vt 0.376998 0.859471
vt 0.168088 0.622253
vt 0.186473 0.622253
vt 0.168088 0.649834
vt 0.186473 0.649834
vt 0.893858 0.982524
vt 0.893858 0.998535
vt 0.929550 0.998535
vt 0.929550 0.982524
vt 0.893858 0.918104
vt 0.878123 0.918104
vt 0.878123 0.982524
vt 0.945843 0.982524
vt 0.945843 0.918104
vt 0.929550 0.918104
vt 0.251252 0.365510
vt 0.246905 0.365515
vt 0.246905 0.415543
vt 0.251252 0.416955
vt 0.415270 0.813397
vt 0.415270 0.858468
vt 0.419056 0.857410
vt 0.419056 0.814941
vt 0.389037 0.997862
vt 0.392137 0.991673
vt 0.397061 0.975633
vt 0.386013 0.975687
vt 0.394547 0.958119
vt 0.383737 0.965537
vt 0.325936 0.990879
vt 0.328729 0.996857
vt 0.332749 0.971966
vt 0.321462 0.975244
vt 0.324274 0.958037
vt 0.336678 0.958738
vt 0.421572 0.970506
vt 0.419401 0.969229
vt 0.248607 0.577508
vt 0.248607 0.544215
vt 0.245985 0.545465
vt 0.245985 0.573793
vt 0.012655 0.253626
vt 0.010692 0.240841
vt 0.038210 0.240841
vt 0.035831 0.255201
vt 0.014036 0.258711
vt 0.032416 0.264296
vt 0.017084 0.265324
vt 0.024129 0.266985
vt 0.526627 0.995264
vt 0.515179 0.909323
vt 0.520993 0.767637
vt 0.515178 0.969832
vt 0.499861 0.995264
vt 0.623591 0.968097
vt 0.654099 0.968097
vt 0.815215 0.995264
vt 0.623591 0.921160
vt 0.654099 0.921161
vt 0.672096 0.767637
vt 0.672096 0.968531
vt 0.793601 0.968531
vt 0.815215 0.767637
vt 0.793601 0.767637
vt 0.483834 0.768166
vt 0.477277 0.906111
vt 0.469827 0.794368
vt 0.464535 0.923952
vt 0.459817 0.804477
vt 0.455288 0.902685
vt 0.459857 0.939923
vt 0.447784 0.920292
vt 0.460976 0.995288
vt 0.464534 0.958280
vt 0.449789 0.913858
vt 0.455963 0.862900
vt 0.452130 0.858986
vt 0.431548 0.815011
vt 0.446820 0.811724
vt 0.419080 0.857413
vt 0.419076 0.814947
vt 0.476032 0.782011
vt 0.478007 0.767637
vt 0.444018 0.965783
vt 0.440834 0.969741
vt 0.421587 0.995264
vt 0.477124 0.972807
vt 0.421589 0.970505
vt 0.477287 0.995264
vt 0.492856 0.995264
vt 0.492856 0.998536
vt 0.507705 0.998536
vt 0.507705 0.995264
vt 0.522462 0.995264
vt 0.522462 0.998536
vt 0.539247 0.998536
vt 0.539247 0.995264
vt 0.815215 0.995264
vt 0.815215 0.998536
vt 0.477287 0.998536
vt 0.457154 0.995264
vt 0.462371 0.998536
vt 0.447360 0.998536
vt 0.434228 0.995264
vt 0.432310 0.998536
vt 0.419421 0.998536
vt 0.421589 0.995264
vt 0.046298 0.857279
vt 0.023091 0.857398
vt 0.065186 0.824882
vt 0.071768 0.841193
vt 0.075431 0.852718
vt 0.066762 0.857074
vt 0.088371 0.849540
vt 0.357048 0.849540
vt 0.375500 0.836638
vt 0.373338 0.848574
vt 0.375817 0.843444
vt 0.361772 0.851567
vt 0.372500 0.854166
vt 0.364150 0.856069
vt 0.375580 0.860835
vt 0.381986 0.863962
vt 0.364547 0.862538
vt 0.362297 0.869823
vt 0.377768 0.872365
vt 0.355162 0.879352
vt 0.346319 0.902012
vt 0.339669 0.891551
vt 0.315646 0.918854
vt 0.308538 0.906734
vt 0.280254 0.933679
vt 0.273411 0.920874
vt 0.239343 0.946753
vt 0.236780 0.932210
vt 0.189711 0.959761
vt 0.189496 0.943453
vt 0.182799 0.974278
vt 0.123125 0.977989
vt 0.185298 0.964385
vt 0.183046 0.990060
vt 0.067360 0.990286
vt 0.064201 0.974042
vt 0.066455 0.966205
vt 0.112021 0.949632
vt 0.090420 0.947668
vt 0.078828 0.944598
vt 0.069937 0.940201
vt 0.059198 0.931058
vt 0.049144 0.915378
vt 0.037054 0.917252
vt 0.039059 0.955671
vt 0.025290 0.932729
vt 0.045161 0.900617
vt 0.021589 0.903625
vt 0.016705 0.953214
vt 0.039749 0.977883
vt 0.005770 0.912897
vt 0.028245 0.878607
vt 0.048177 0.881956
vt 0.056861 0.866378
vt 0.142882 0.949270
vt 0.385176 0.838039
vt 0.393850 0.828831
vt 0.525684 0.381119
vt 0.538338 0.370596
vt 0.511171 0.412822
vt 0.549237 0.365914
vt 0.511158 0.425553
vt 0.565069 0.363254
vt 0.876506 0.363254
vt 0.886277 0.377047
vt 0.882575 0.365878
vt 0.885888 0.370776
vt 0.626982 0.123044
vt 0.626982 0.112128
vt 0.634655 0.112128
vt 0.634655 0.123044
vt 0.515153 0.441140
vt 0.511683 0.428689
vt 0.679266 0.467270
vt 0.886331 0.379865
vt 0.624959 0.474959
vt 0.588856 0.477217
vt 0.526513 0.459624
vt 0.563374 0.476709
vt 0.549630 0.474173
vt 0.539124 0.469781
vt 0.734551 0.455619
vt 0.818457 0.426910
vt 0.855608 0.410371
vt 0.874828 0.397327
vt 0.652159 0.112128
vt 0.652159 0.123044
vt 0.659827 0.112128
vt 0.659827 0.123044
vt 0.233456 0.980789
vt 0.186096 0.976159
vt 0.308627 0.936651
vt 0.186399 0.989667
vt 0.190921 0.962002
vt 0.187527 0.966375
vt 0.240348 0.949010
vt 0.281485 0.935885
vt 0.316949 0.920868
vt 0.366278 0.901898
vt 0.347669 0.903849
vt 0.366303 0.888800
vt 0.392260 0.870396
vt 0.379219 0.873504
vt 0.383867 0.863620
vt 0.392983 0.850904
vt 0.377126 0.844513
vt 0.374964 0.848987
vt 0.377000 0.859471
vt 0.385942 0.838952
vt 0.407198 0.846401
vt 0.406593 0.875991
vt 0.375355 0.915808
vt 0.316346 0.951510
vt 0.652159 0.130637
vt 0.634655 0.130637
vt 0.634655 0.104380
vt 0.652159 0.104380
vt 0.929550 0.998535
vt 0.893858 0.998535
vt 0.893858 0.982523
vt 0.929550 0.982523
vt 0.878123 0.918104
vt 0.893858 0.918104
vt 0.878123 0.982523
vt 0.945843 0.918104
vt 0.945843 0.982523
vt 0.929550 0.918104
vt 0.419076 0.857410
vt 0.415288 0.858468
vt 0.415250 0.813431
vt 0.419076 0.814942
vt 0.007074 0.251060
vt 0.009314 0.243761
vt 0.010724 0.241131
vt 0.012101 0.251036
vt 0.008218 0.259030
vt 0.013136 0.255655
vt 0.036338 0.252729
vt 0.038167 0.241220
vt 0.039437 0.244124
vt 0.041474 0.251238
vt 0.040194 0.259067
vt 0.034550 0.258748
vt 0.419421 0.969229
vt 0.421589 0.970505
vt 0.219833 0.107451
vt 0.222705 0.104656
vt 0.222787 0.109340
vt 0.220192 0.104780
vt 0.218730 0.104928
vt 0.221967 0.102042
vt 0.220771 0.102988
vt 0.224710 0.104663
vt 0.226224 0.108709
vt 0.227220 0.104821
vt 0.225518 0.101684
vt 0.228635 0.105132
vt 0.226688 0.102903
vt 0.428677 0.807379
vt 0.423165 0.803728
vt 0.421452 0.805460
vt 0.417229 0.799195
vt 0.419481 0.798254
vt 0.415747 0.791788
vt 0.418189 0.791790
vt 0.417230 0.784383
vt 0.419482 0.785324
vt 0.421452 0.778115
vt 0.423164 0.779850
vt 0.427758 0.773945
vt 0.428676 0.776198
vt 0.435173 0.772492
vt 0.435173 0.774927
vt 0.442592 0.773943
vt 0.441670 0.776198
vt 0.448897 0.778115
vt 0.447181 0.779850
vt 0.453116 0.784380
vt 0.450868 0.785322
vt 0.454602 0.791788
vt 0.452164 0.791790
vt 0.453116 0.799195
vt 0.450867 0.798256
vt 0.448896 0.805460
vt 0.447181 0.803727
vt 0.442590 0.809632
vt 0.441674 0.807375
vt 0.435173 0.811087
vt 0.435174 0.808648
vt 0.427753 0.809636
vt 0.227536 0.107511
vt 0.229768 0.105324
vt 0.226807 0.109619
vt 0.228682 0.104991
vt 0.223651 0.109288
vt 0.222599 0.110406
vt 0.218983 0.108130
vt 0.219824 0.107439
vt 0.217632 0.105220
vt 0.883918 0.079873
vt 0.883918 0.080985
vt 0.888606 0.080985
vt 0.888685 0.079873
vt 0.894693 0.080985
vt 0.894761 0.079873
vt 0.899312 0.080985
vt 0.899312 0.079873
vt 0.883918 0.072835
vt 0.890631 0.079873
vt 0.889022 0.072835
vt 0.899345 0.072835
vt 0.669261 0.111140
vt 0.669261 0.116661
vt 0.667830 0.116661
vt 0.667830 0.109600
vt 0.671792 0.111140
vt 0.677716 0.109600
vt 0.676286 0.116661
vt 0.676286 0.111140
vt 0.677716 0.116661
vt 0.673754 0.111140
vt 0.671792 0.116664
vt 0.673754 0.116664
vt 0.244117 0.123505
vt 0.244117 0.128930
vt 0.241055 0.128930
vt 0.241055 0.123505
vt 0.850120 0.093982
vt 0.850120 0.088365
vt 0.847350 0.088365
vt 0.847350 0.093982
vt 0.677693 0.109564
vt 0.669570 0.106421
vt 0.669166 0.105413
vt 0.678769 0.108915
vt 0.666634 0.109303
vt 0.667833 0.109588
vt 0.888609 0.071666
vt 0.883918 0.071666
vt 0.888693 0.072835
vt 0.894691 0.071666
vt 0.894765 0.072835
vt 0.899312 0.071666
vt 0.899312 0.072835
vt 0.676968 0.108423
vt 0.669749 0.106353
vt 0.667849 0.109522
vt 0.445281 0.892514
vt 0.446992 0.894246
vt 0.451214 0.887981
vt 0.439768 0.896163
vt 0.448962 0.887042
vt 0.452696 0.880574
vt 0.450254 0.880577
vt 0.451208 0.873168
vt 0.448961 0.874112
vt 0.446988 0.866901
vt 0.445274 0.868638
vt 0.440682 0.862731
vt 0.439764 0.864989
vt 0.433265 0.861282
vt 0.433266 0.863716
vt 0.425845 0.862735
vt 0.426770 0.864991
vt 0.419542 0.866908
vt 0.421259 0.868644
vt 0.415323 0.873176
vt 0.417575 0.874117
vt 0.413842 0.880581
vt 0.416280 0.880577
vt 0.415327 0.887987
vt 0.417576 0.887045
vt 0.419549 0.894254
vt 0.421260 0.892519
vt 0.425851 0.898422
vt 0.426773 0.896168
vt 0.433272 0.899879
vt 0.433272 0.897441
vt 0.440688 0.898422
vt 0.755848 0.742058
vt 0.740083 0.742058
vt 0.738471 0.765250
vt 0.721767 0.742058
vt 0.715759 0.765250
vt 0.699054 0.742058
vt 0.697442 0.765250
vt 0.671716 0.765250
vt 0.669385 0.742058
vt 0.636992 0.765250
vt 0.637113 0.742058
vt 0.755849 0.765250
vt 0.337481 0.104074
vt 0.334518 0.106946
vt 0.337103 0.106824
vt 0.334444 0.102128
vt 0.338609 0.106673
vt 0.335274 0.109638
vt 0.336507 0.108666
vt 0.332458 0.106937
vt 0.330906 0.102771
vt 0.329875 0.106772
vt 0.328421 0.106448
vt 0.331624 0.110001
vt 0.330420 0.108745
vt 0.330308 0.101831
vt 0.327256 0.106247
vt 0.329553 0.104001
vt 0.328373 0.106593
vt 0.333555 0.102180
vt 0.334640 0.101030
vt 0.338355 0.103379
vt 0.337490 0.104087
vt 0.339742 0.106377
vt 0.888685 0.079873
vt 0.894693 0.080985
vt 0.894761 0.079873
vt 0.899345 0.072835
vt 0.247663 0.119393
vt 0.245795 0.119393
vt 0.245795 0.113932
vt 0.247663 0.113932
vt 0.477854 0.249384
vt 0.476393 0.249384
vt 0.476393 0.255093
vt 0.477854 0.256670
vt 0.473808 0.255093
vt 0.471802 0.255093
vt 0.473808 0.249381
vt 0.467756 0.256670
vt 0.469213 0.249384
vt 0.467756 0.249384
vt 0.469213 0.255093
vt 0.471802 0.249381
vt 0.792241 0.152775
vt 0.794262 0.152775
vt 0.794262 0.147148
vt 0.792241 0.147148
vt 0.787384 0.152775
vt 0.790520 0.152775
vt 0.790520 0.147148
vt 0.787384 0.147148
vt 0.244282 0.119393
vt 0.241585 0.119393
vt 0.241585 0.113932
vt 0.244282 0.113932
vt 0.476491 0.260947
vt 0.476077 0.259918
vt 0.467779 0.256707
vt 0.466677 0.257370
vt 0.479080 0.256972
vt 0.477851 0.256682
vt 0.888609 0.071666
vt 0.888693 0.072835
vt 0.475895 0.259988
vt 0.468518 0.257874
vt 0.477835 0.256750
vt 0.790556 0.180836
vt 0.789516 0.181885
vt 0.786954 0.178085
vt 0.793898 0.183051
vt 0.788319 0.177513
vt 0.786053 0.173592
vt 0.787535 0.173592
vt 0.786954 0.169098
vt 0.788319 0.169669
vt 0.789516 0.165297
vt 0.790555 0.166349
vt 0.793341 0.162765
vt 0.793898 0.164132
vt 0.797840 0.161885
vt 0.797840 0.163362
vt 0.802341 0.162765
vt 0.801781 0.164134
vt 0.806166 0.165296
vt 0.805126 0.166349
vt 0.808725 0.169096
vt 0.807363 0.169669
vt 0.809629 0.173591
vt 0.808148 0.173592
vt 0.808725 0.178085
vt 0.807361 0.177515
vt 0.806166 0.181887
vt 0.805126 0.180834
vt 0.802341 0.184418
vt 0.801783 0.183049
vt 0.797840 0.185300
vt 0.797842 0.183821
vt 0.793340 0.184420
vt 0.226807 0.109619
vt 0.227536 0.107511
vt 0.223651 0.109288
vt 0.888685 0.079873
vt 0.669166 0.105413
vt 0.669570 0.106421
vt 0.667833 0.109588
vt 0.801785 0.183047
vt 0.805128 0.180834
vt 0.806166 0.181884
vt 0.808729 0.178083
vt 0.807363 0.177512
vt 0.809628 0.173589
vt 0.808147 0.173592
vt 0.807361 0.169669
vt 0.806165 0.165294
vt 0.805125 0.166347
vt 0.802338 0.162763
vt 0.797839 0.161883
vt 0.797839 0.163360
vt 0.793336 0.162767
vt 0.793897 0.164134
vt 0.789512 0.165297
vt 0.790553 0.166351
vt 0.786954 0.169099
vt 0.788318 0.169671
vt 0.786054 0.173594
vt 0.787534 0.173592
vt 0.786955 0.178087
vt 0.788319 0.177515
vt 0.789517 0.181889
vt 0.790555 0.180836
vt 0.793341 0.184416
vt 0.793900 0.183049
vt 0.797843 0.185302
vt 0.802342 0.184418
vt 0.920221 0.170121
vt 0.921756 0.192201
vt 0.936765 0.192201
vt 0.904319 0.192201
vt 0.895449 0.170121
vt 0.882693 0.192201
vt 0.870790 0.170121
vt 0.854448 0.192201
vt 0.842544 0.170120
vt 0.823724 0.192201
vt 0.823781 0.170121
vt 0.936765 0.170121
vt 0.330906 0.102771
vt 0.329553 0.104001
vt 0.327256 0.106247
vt 0.330308 0.101831
vt 0.888606 0.080985
vt 0.476077 0.259918
vt 0.894691 0.071666
vt 0.219833 0.107451
vt 0.221900 0.109166
vt 0.221732 0.102228
vt 0.224566 0.109351
vt 0.227545 0.107499
vt 0.225700 0.101874
vt 0.228692 0.119693
vt 0.233310 0.122756
vt 0.234169 0.122166
vt 0.235418 0.128371
vt 0.234393 0.128177
vt 0.231883 0.133628
vt 0.232506 0.131967
vt 0.228685 0.133836
vt 0.227272 0.135172
vt 0.222668 0.133634
vt 0.224441 0.133557
vt 0.221233 0.130772
vt 0.219129 0.128384
vt 0.219868 0.126764
vt 0.220369 0.122175
vt 0.221238 0.122749
vt 0.224039 0.118986
vt 0.224439 0.119969
vt 0.228884 0.118668
vt 0.226608 0.109275
vt 0.226031 0.108440
vt 0.229230 0.105144
vt 0.220574 0.109602
vt 0.220503 0.108004
vt 0.217642 0.105250
vt 0.888606 0.080985
vt 0.888684 0.079873
vt 0.883918 0.080429
vt 0.894692 0.080985
vt 0.894760 0.079873
vt 0.899312 0.080429
vt 0.883826 0.072835
vt 0.890632 0.079873
vt 0.899345 0.072835
vt 0.677693 0.109564
vt 0.669571 0.106421
vt 0.669166 0.105413
vt 0.678769 0.108915
vt 0.666634 0.109303
vt 0.667833 0.109588
vt 0.883918 0.072251
vt 0.888693 0.072835
vt 0.888609 0.071666
vt 0.894693 0.071666
vt 0.894764 0.072835
vt 0.899312 0.072251
vt 0.667849 0.109522
vt 0.669749 0.106353
vt 0.677466 0.109206
vt 0.733568 0.536451
vt 0.734982 0.537423
vt 0.742595 0.532372
vt 0.731514 0.546679
vt 0.733201 0.546356
vt 0.737340 0.555344
vt 0.736313 0.552604
vt 0.742612 0.555683
vt 0.744941 0.557889
vt 0.752528 0.555349
vt 0.749607 0.555224
vt 0.754892 0.550629
vt 0.758359 0.546694
vt 0.757142 0.544027
vt 0.756315 0.536460
vt 0.754883 0.537409
vt 0.750267 0.531208
vt 0.749604 0.532828
vt 0.742280 0.530683
vt 0.929088 0.161143
vt 0.943545 0.161143
vt 0.943542 0.137900
vt 0.927696 0.137900
vt 0.913869 0.161143
vt 0.912477 0.137900
vt 0.896158 0.161143
vt 0.894563 0.137900
vt 0.875867 0.161143
vt 0.874273 0.137900
vt 0.862388 0.161143
vt 0.862388 0.137900
vt 0.742602 0.532371
vt 0.734986 0.537417
vt 0.754887 0.537414
vt 0.733200 0.546350
vt 0.754888 0.550635
vt 0.738292 0.553914
vt 0.747274 0.555682
vt 0.233308 0.122752
vt 0.228687 0.119692
vt 0.221235 0.122752
vt 0.234393 0.128173
vt 0.221235 0.130775
vt 0.231306 0.132763
vt 0.225856 0.133834
vt 0.263187 0.915124
vt 0.266694 0.911727
vt 0.263634 0.911872
vt 0.265701 0.917216
vt 0.261851 0.912050
vt 0.265513 0.908768
vt 0.269131 0.911738
vt 0.268948 0.917445
vt 0.272581 0.915196
vt 0.272189 0.911933
vt 0.273964 0.912145
vt 0.270341 0.908343
vt 0.274632 0.912332
vt 0.270734 0.916340
vt 0.271434 0.917358
vt 0.264085 0.917745
vt 0.264002 0.915799
vt 0.260523 0.912438
vt 0.888684 0.079873
vt 0.883826 0.072835
vt 0.313045 0.984685
vt 0.311349 0.984685
vt 0.311349 0.991318
vt 0.313045 0.993149
vt 0.308345 0.991318
vt 0.306013 0.991318
vt 0.308345 0.984680
vt 0.301312 0.993149
vt 0.303008 0.984685
vt 0.301312 0.984685
vt 0.303008 0.991318
vt 0.306013 0.984680
vt 0.311460 0.998119
vt 0.310981 0.996924
vt 0.301339 0.993192
vt 0.300059 0.993963
vt 0.314469 0.993502
vt 0.313042 0.993163
vt 0.883918 0.072251
vt 0.313023 0.993242
vt 0.301608 0.993617
vt 0.310769 0.997006
vt 0.210241 0.929888
vt 0.206743 0.933293
vt 0.209802 0.933142
vt 0.207722 0.927801
vt 0.211582 0.932960
vt 0.207928 0.936249
vt 0.204301 0.933283
vt 0.204478 0.927576
vt 0.200848 0.929830
vt 0.201245 0.933090
vt 0.199465 0.932883
vt 0.203094 0.936680
vt 0.231883 0.133628
vt 0.198798 0.932699
vt 0.202693 0.928684
vt 0.201990 0.927667
vt 0.209338 0.927268
vt 0.209424 0.929216
vt 0.212908 0.932569
vt 0.894760 0.079873
vt 0.899312 0.080429
vt 0.019563 0.998532
vt 0.021267 0.998532
vt 0.021267 0.991956
vt 0.019563 0.990119
vt 0.024281 0.991956
vt 0.026618 0.991956
vt 0.031338 0.990119
vt 0.024281 0.998535
vt 0.026618 0.998535
vt 0.029636 0.991956
vt 0.029636 0.998532
vt 0.031338 0.998532
vt 0.021152 0.985133
vt 0.021634 0.986331
vt 0.031310 0.990076
vt 0.032593 0.989304
vt 0.018137 0.989767
vt 0.019566 0.990104
vt 0.019585 0.990025
vt 0.031039 0.989649
vt 0.021847 0.986250
vt 0.225851 0.119694
vt 0.221232 0.122757
vt 0.220374 0.122167
vt 0.219128 0.128372
vt 0.220151 0.128177
vt 0.222663 0.133630
vt 0.222040 0.131967
vt 0.225860 0.133835
vt 0.227274 0.135173
vt 0.231877 0.133633
vt 0.230105 0.133556
vt 0.233311 0.130769
vt 0.235414 0.128382
vt 0.234676 0.126764
vt 0.234174 0.122173
vt 0.233305 0.122748
vt 0.230504 0.118986
vt 0.230104 0.119969
vt 0.225659 0.118668
vt 0.563374 0.667258
vt 0.563370 0.691673
vt 0.578555 0.691673
vt 0.580018 0.667258
vt 0.594541 0.691673
vt 0.596003 0.667258
vt 0.613145 0.691673
vt 0.614819 0.667258
vt 0.634458 0.691673
vt 0.636132 0.667258
vt 0.648617 0.691673
vt 0.648617 0.667258
vt 0.221234 0.122753
vt 0.225855 0.119693
vt 0.233308 0.122751
vt 0.220151 0.128173
vt 0.233309 0.130772
vt 0.223240 0.132761
vt 0.228689 0.133834
vt 0.228687 0.119692
vt 0.337481 0.104074
vt 0.335357 0.102308
vt 0.335517 0.109447
vt 0.332614 0.102114
vt 0.329544 0.104013
vt 0.331437 0.109806
vt 0.330512 0.102187
vt 0.331104 0.103047
vt 0.327810 0.106434
vt 0.336722 0.101861
vt 0.336792 0.103505
vt 0.339731 0.106346
vt 0.235345 0.998535
vt 0.235433 0.997276
vt 0.230034 0.997905
vt 0.242238 0.998535
vt 0.242315 0.997276
vt 0.247470 0.997905
vt 0.229930 0.989303
vt 0.230034 0.997276
vt 0.237639 0.997276
vt 0.247507 0.989303
vt 0.247470 0.997276
vt 0.467779 0.256707
vt 0.476077 0.259918
vt 0.476490 0.260947
vt 0.466677 0.257370
vt 0.230034 0.988642
vt 0.235443 0.989303
vt 0.235348 0.987980
vt 0.242239 0.987980
vt 0.242319 0.989303
vt 0.247470 0.988642
vt 0.477835 0.256750
vt 0.475894 0.259988
vt 0.468011 0.257073
vt 0.651909 0.292215
vt 0.656016 0.286088
vt 0.621121 0.286123
vt 0.619579 0.278956
vt 0.657545 0.278956
vt 0.625235 0.292246
vt 0.645791 0.296318
vt 0.631358 0.296335
vt 0.638575 0.297765
vt 0.658518 0.287174
vt 0.660277 0.278956
vt 0.653826 0.294154
vt 0.646831 0.298838
vt 0.638574 0.300492
vt 0.630311 0.298851
vt 0.623311 0.294174
vt 0.618626 0.287197
vt 0.616856 0.278956
vt 0.747838 0.966140
vt 0.758265 0.773278
vt 0.733179 0.773278
vt 0.758277 0.966140
vt 0.740763 0.966140
vt 0.724005 0.773278
vt 0.743611 0.773278
vt 0.698057 0.773278
vt 0.713570 0.773278
vt 0.691435 0.773278
vt 0.690447 0.966140
vt 0.674792 0.773278
vt 0.674792 0.966140
vt 0.685229 0.966140
vt 0.758277 0.773278
vt 0.651908 0.292216
vt 0.656015 0.286089
vt 0.621120 0.286122
vt 0.657546 0.278956
vt 0.625236 0.292247
vt 0.645792 0.296317
vt 0.631357 0.296335
vt 0.638575 0.297766
vt 0.658518 0.287176
vt 0.653827 0.294153
vt 0.638574 0.300491
vt 0.630311 0.298852
vt 0.623311 0.294175
vt 0.618625 0.287199
vt 0.742624 0.966140
vt 0.758264 0.773278
vt 0.733180 0.773278
vt 0.758276 0.966140
vt 0.745934 0.966140
vt 0.758265 0.773278
vt 0.733179 0.773278
vt 0.720763 0.966140
vt 0.712307 0.773278
vt 0.699892 0.966140
vt 0.691436 0.773278
vt 0.674798 0.966140
vt 0.674783 0.966140
vt 0.691436 0.773278
vt 0.699892 0.966140
vt 0.712307 0.773278
vt 0.720764 0.966140
vt 0.224855 0.639482
vt 0.215410 0.691543
vt 0.226413 0.688310
vt 0.178130 0.656201
vt 0.243673 0.685194
vt 0.244353 0.635121
vt 0.265387 0.685217
vt 0.265367 0.635209
vt 0.282187 0.688240
vt 0.284728 0.639657
vt 0.293770 0.691673
vt 0.331165 0.656456
vt 0.298837 0.690154
vt 0.210345 0.690008
vt 0.134391 0.689793
vt 0.139985 0.688468
vt 0.172500 0.654946
vt 0.123199 0.636856
vt 0.120321 0.685543
vt 0.100315 0.631489
vt 0.100532 0.681905
vt 0.076760 0.631521
vt 0.076173 0.681995
vt 0.054157 0.636853
vt 0.056188 0.685825
vt 0.042824 0.689913
vt 0.004622 0.655163
vt 0.037227 0.688602
vt 0.143149 0.691532
vt 0.175666 0.658015
vt 0.001465 0.658242
vt 0.034068 0.691674
vt 0.496540 0.682296
vt 0.500854 0.683006
vt 0.504891 0.674071
vt 0.501537 0.670893
vt 0.514601 0.666553
vt 0.507947 0.664509
vt 0.515406 0.660680
vt 0.525299 0.663399
vt 0.524941 0.658384
vt 0.533595 0.663799
vt 0.534277 0.658842
vt 0.543882 0.667406
vt 0.545928 0.662978
vt 0.551581 0.674072
vt 0.554935 0.670893
vt 0.555707 0.683463
vt 0.559832 0.681787
vt 0.560725 0.691571
vt 0.556320 0.691673
vt 0.500150 0.691673
vt 0.495746 0.691572
vt 0.178130 0.656200
vt 0.224857 0.639481
vt 0.215410 0.691542
vt 0.226416 0.688309
vt 0.243673 0.685193
vt 0.244354 0.635121
vt 0.265389 0.685217
vt 0.265369 0.635208
vt 0.282188 0.688239
vt 0.284729 0.639656
vt 0.293771 0.691673
vt 0.331164 0.656454
vt 0.298840 0.690154
vt 0.210345 0.690007
vt 0.172500 0.654945
vt 0.123200 0.636856
vt 0.120320 0.685542
vt 0.100532 0.681904
vt 0.100314 0.631488
vt 0.076759 0.631520
vt 0.076174 0.681994
vt 0.056189 0.685824
vt 0.054157 0.636853
vt 0.042824 0.689911
vt 0.004624 0.655164
vt 0.037226 0.688600
vt 0.143148 0.691533
vt 0.175665 0.658014
vt 0.001466 0.658242
vt 0.034069 0.691675
vt 0.504891 0.674071
vt 0.500853 0.683006
vt 0.496541 0.682297
vt 0.514600 0.666553
vt 0.507948 0.664511
vt 0.515406 0.660680
vt 0.525300 0.663398
vt 0.524941 0.658385
vt 0.533594 0.663800
vt 0.534276 0.658843
vt 0.543881 0.667407
vt 0.545928 0.662980
vt 0.551581 0.674073
vt 0.554934 0.670893
vt 0.555706 0.683463
vt 0.559833 0.681789
vt 0.560726 0.691572
vt 0.556320 0.691672
vt 0.500149 0.691672
vt 0.495745 0.691573
vt 0.777435 0.180512
vt 0.774605 0.180237
vt 0.774604 0.184563
vt 0.775216 0.177460
vt 0.777435 0.184287
vt 0.775216 0.187338
vt 0.770489 0.185899
vt 0.771628 0.188506
vt 0.768038 0.187338
vt 0.767948 0.183596
vt 0.765818 0.184287
vt 0.768649 0.180237
vt 0.765818 0.180512
vt 0.768038 0.177460
vt 0.771628 0.178530
vt 0.771628 0.176294
vt 0.903265 0.034275
vt 0.913876 0.047817
vt 0.909551 0.027261
vt 0.922790 0.061718
vt 0.931653 0.014060
vt 0.923318 0.007251
vt 0.955230 0.017960
vt 0.954264 0.034436
vt 0.954911 0.051605
vt 0.938935 0.055792
vt 0.662721 0.690046
vt 0.651404 0.691673
vt 0.670215 0.691673
vt 0.651481 0.690046
vt 0.676025 0.690046
vt 0.683519 0.691673
vt 0.694832 0.690046
vt 0.694755 0.691673
vt 0.660659 0.672837
vt 0.651404 0.688778
vt 0.668042 0.688778
vt 0.651459 0.672837
vt 0.673654 0.672837
vt 0.683209 0.688778
vt 0.684378 0.672837
vt 0.694764 0.672837
vt 0.694777 0.688778
vt 0.085982 0.296097
vt 0.127036 0.274291
vt 0.119053 0.256759
vt 0.159675 0.283495
vt 0.160567 0.248062
vt 0.116334 0.239309
vt 0.160567 0.222435
vt 0.122965 0.222435
vt 0.160568 0.248063
vt 0.116334 0.239309
vt 0.116752 0.222435
vt 0.160568 0.222435
vt 0.100597 0.222435
vt 0.065831 0.271004
vt 0.055297 0.248393
vt 0.119052 0.256759
vt 0.050988 0.222435
vt 0.085981 0.296097
vt 0.127037 0.274291
vt 0.116152 0.323566
vt 0.159676 0.283495
vt 0.141299 0.309600
vt 0.160568 0.316777
vt 0.147604 0.327579
vt 0.160615 0.345033
vt 0.160567 0.363122
vt 0.148525 0.363122
vt 0.137895 0.345422
vt 0.055298 0.248391
vt 0.050988 0.222435
vt 0.065831 0.271003
vt 0.141299 0.309600
vt 0.160567 0.316776
vt 0.147605 0.327577
vt 0.160614 0.345031
vt 0.137894 0.345421
vt 0.116151 0.323565
vt 0.148523 0.363122
vt 0.160566 0.363122
vt 0.223856 0.299273
vt 0.223858 0.265814
vt 0.181428 0.274727
vt 0.181428 0.302941
vt 0.223856 0.334742
vt 0.181428 0.338054
vt 0.223860 0.363122
vt 0.181428 0.345420
vt 0.223858 0.334742
vt 0.223858 0.299274
vt 0.181428 0.274728
vt 0.223859 0.265814
vt 0.181428 0.246653
vt 0.223858 0.222466
vt 0.181428 0.222435
vt 0.223856 0.222466
vt 0.181428 0.246653
vt 0.165072 0.222299
vt 0.165071 0.266289
vt 0.176956 0.249881
vt 0.176956 0.295009
vt 0.165071 0.299646
vt 0.165071 0.336287
vt 0.176956 0.336346
vt 0.176956 0.363122
vt 0.165072 0.363122
vt 0.176955 0.363122
vt 0.165071 0.336288
vt 0.176955 0.336346
vt 0.176955 0.295010
vt 0.165071 0.299646
vt 0.165071 0.254979
vt 0.176955 0.249881
vt 0.165072 0.222435
vt 0.176955 0.222435
vt 0.176956 0.222435
vt 0.922797 0.061714
vt 0.903268 0.034276
vt 0.913880 0.047813
vt 0.909564 0.027268
vt 0.931652 0.014060
vt 0.923315 0.007253
vt 0.955224 0.017956
vt 0.954271 0.034434
vt 0.954921 0.051613
vt 0.938937 0.055790
vt 0.262778 0.135292
vt 0.279543 0.135292
vt 0.269457 0.136743
vt 0.279475 0.136743
vt 0.257599 0.136743
vt 0.250922 0.135292
vt 0.240836 0.136743
vt 0.240904 0.135292
vt 0.266362 0.137872
vt 0.279543 0.137872
vt 0.271294 0.152081
vt 0.279494 0.152081
vt 0.259712 0.152081
vt 0.256807 0.137872
vt 0.250156 0.152081
vt 0.240743 0.137872
vt 0.240897 0.152081
vt 0.804209 0.293243
vt 0.779232 0.299635
vt 0.747437 0.329918
vt 0.762282 0.310998
vt 0.743870 0.358593
vt 0.884987 0.358593
vt 0.851184 0.285758
vt 0.918021 0.278853
vt 0.941826 0.358593
vt 0.940769 0.317178
vt 0.937808 0.277085
vt 0.919011 0.258726
vt 0.879035 0.261322
vt 0.907131 0.279896
vt 0.843535 0.286603
vt 0.836298 0.265986
vt 0.804211 0.293231
vt 0.806511 0.272698
vt 0.775191 0.283907
vt 0.755935 0.294585
vt 0.728408 0.330564
vt 0.742211 0.307499
vt 0.723363 0.358593
vt 0.937897 0.277078
vt 0.933923 0.257236
vt 0.949563 0.555399
vt 0.939298 0.490378
vt 0.939298 0.561188
vt 0.949563 0.500804
vt 0.931995 0.577507
vt 0.949563 0.577507
vt 0.910264 0.577507
vt 0.916493 0.561188
vt 0.786915 0.561187
vt 0.802149 0.577507
vt 0.723038 0.561177
vt 0.698621 0.577507
vt 0.620493 0.550794
vt 0.723019 0.528011
vt 0.609733 0.577507
vt 0.532652 0.577507
vt 0.698190 0.528007
vt 0.574614 0.497887
vt 0.698190 0.481955
vt 0.487236 0.550795
vt 0.487212 0.515696
vt 0.487205 0.481955
vt 0.487449 0.550710
vt 0.620492 0.550794
vt 0.429044 0.577507
vt 0.424064 0.567717
vt 0.487137 0.567702
vt 0.337656 0.577507
vt 0.341686 0.567922
vt 0.288630 0.567722
vt 0.253296 0.577506
vt 0.288275 0.549831
vt 0.253292 0.507833
vt 0.257346 0.523678
vt 0.257379 0.549294
vt 0.257356 0.481955
vt 0.288630 0.567722
vt 0.337656 0.577507
vt 0.487137 0.567702
vt 0.698621 0.577507
vt 0.910264 0.577507
vt 0.939298 0.561329
vt 0.949563 0.561188
vt 0.357327 0.809885
vt 0.410937 0.824512
vt 0.413222 0.803779
vt 0.413222 0.781846
vt 0.357327 0.781846
vt 0.318946 0.809885
vt 0.318946 0.781846
vt 0.357327 0.809884
vt 0.318947 0.809884
vt 0.413221 0.781846
vt 0.308130 0.781846
vt 0.308129 0.781846
vt 0.308129 0.801108
vt 0.308129 0.801109
vt 0.413221 0.803778
vt 0.410938 0.824513
vt 0.819290 0.972389
vt 0.825053 0.987859
vt 0.827223 0.952646
vt 0.818600 0.900581
vt 0.820020 0.869261
vt 0.826291 0.884240
vt 0.822308 0.834987
vt 0.830156 0.819438
vt 0.823159 0.811580
vt 0.847897 0.888062
vt 0.850401 0.825279
vt 0.904221 0.830882
vt 0.915378 0.790808
vt 0.834900 0.786435
vt 0.920407 0.761992
vt 0.836238 0.760257
vt 0.922257 0.731705
vt 0.855217 0.731705
vt 0.833258 0.731705
vt 0.836237 0.760258
vt 0.831093 0.731705
vt 0.836546 0.731705
vt 0.922256 0.731705
vt 0.920406 0.761992
vt 0.834899 0.786437
vt 0.915378 0.790809
vt 0.850401 0.825280
vt 0.830156 0.819439
vt 0.847896 0.888063
vt 0.904221 0.830883
vt 0.881702 0.892226
vt 0.861199 0.940852
vt 0.827223 0.952645
vt 0.835089 0.992334
vt 0.825052 0.987859
vt 0.819289 0.972388
vt 0.818599 0.900582
vt 0.826291 0.884239
vt 0.823160 0.811581
vt 0.822308 0.834986
vt 0.823875 0.791007
vt 0.824994 0.762307
vt 0.825443 0.731705
vt 0.824995 0.762305
vt 0.823875 0.791006
vt 0.831814 0.997447
vt 0.881701 0.892226
vt 0.861199 0.940852
vt 0.835090 0.992335
vt 0.831814 0.997448
vt 0.845692 0.451116
vt 0.901091 0.463299
vt 0.902363 0.455534
vt 0.901969 0.451116
vt 0.791955 0.557966
vt 0.883624 0.517549
vt 0.873808 0.557894
vt 0.796619 0.507260
vt 0.792260 0.557300
vt 0.805236 0.451116
vt 0.785441 0.557884
vt 0.768124 0.507340
vt 0.768124 0.557887
vt 0.789806 0.451116
vt 0.768124 0.451116
vt 0.787143 0.507601
vt 0.785441 0.557887
vt 0.791992 0.557886
vt 0.319572 0.556604
vt 0.319572 0.543528
vt 0.291462 0.543524
vt 0.291462 0.556604
vt 0.291462 0.565370
vt 0.319514 0.565370
vt 0.344421 0.857916
vt 0.268260 0.857916
vt 0.268260 0.886334
vt 0.344421 0.876742
vt 0.264731 0.906090
vt 0.342709 0.884673
vt 0.327436 0.556604
vt 0.327436 0.543524
vt 0.373612 0.234591
vt 0.329907 0.261667
vt 0.373994 0.269604
vt 0.266042 0.253820
vt 0.226701 0.222090
vt 0.226704 0.251797
vt 0.241720 0.161539
vt 0.235211 0.159305
vt 0.226669 0.173066
vt 0.230208 0.152681
vt 0.226701 0.145285
vt 0.228768 0.145285
vt 0.252336 0.161557
vt 0.285451 0.159553
vt 0.310868 0.196168
vt 0.302224 0.160915
vt 0.341902 0.145285
vt 0.299831 0.145285
vt 0.373994 0.175414
vt 0.373994 0.145285
vt 0.373954 0.202364
vt 0.298630 0.150568
vt 0.293839 0.156630
vt 0.226700 0.195167
vt 0.256365 0.797458
vt 0.256365 0.814698
vt 0.284631 0.814733
vt 0.284690 0.797458
vt 0.284690 0.785366
vt 0.269129 0.785366
vt 0.256365 0.785366
vt 0.245272 0.797458
vt 0.245272 0.814768
vt 0.256365 0.814643
vt 0.966275 0.658519
vt 0.868579 0.652665
vt 0.965655 0.665327
vt 0.753924 0.652307
vt 0.777172 0.645332
vt 0.666935 0.635681
vt 0.507873 0.629856
vt 0.573011 0.627560
vt 0.488858 0.620509
vt 0.439000 0.615644
vt 0.417251 0.615791
vt 0.400881 0.624403
vt 0.426800 0.611069
vt 0.439000 0.615644
vt 0.410288 0.634156
vt 0.532288 0.644801
vt 0.601861 0.653525
vt 0.662717 0.661283
vt 0.723455 0.669009
vt 0.818793 0.680319
vt 0.907113 0.688613
vt 0.417909 0.611598
vt 0.413288 0.608518
vt 0.422439 0.612409
vt 0.429904 0.605667
vt 0.425074 0.596777
vt 0.428794 0.599698
vt 0.410794 0.579413
vt 0.420023 0.595661
vt 0.415025 0.596758
vt 0.411652 0.599924
vt 0.410833 0.604290
vt 0.384986 0.608992
vt 0.344223 0.616941
vt 0.365758 0.643433
vt 0.336663 0.630928
vt 0.242057 0.618378
vt 0.201436 0.604362
vt 0.198309 0.615394
vt 0.163362 0.613177
vt 0.132610 0.612114
vt 0.145930 0.593169
vt 0.101798 0.609888
vt 0.092386 0.591453
vt 0.038744 0.595134
vt 0.090898 0.579896
vt 0.147074 0.579896
vt 0.092387 0.591454
vt 0.090900 0.579896
vt 0.145930 0.593169
vt 0.038744 0.595135
vt 0.025447 0.579896
vt 0.024843 0.583268
vt 0.021386 0.591461
vt 0.021850 0.586294
vt 0.044956 0.607838
vt 0.024885 0.606721
vt 0.004905 0.603640
vt 0.003001 0.579917
vt 0.017417 0.584475
vt 0.015835 0.579896
vt 0.101799 0.609889
vt 0.074079 0.608698
vt 0.132612 0.612115
vt 0.195926 0.607159
vt 0.214190 0.595188
vt 0.163362 0.613179
vt 0.198309 0.615395
vt 0.242057 0.618379
vt 0.344223 0.616940
vt 0.336662 0.630928
vt 0.365759 0.643434
vt 0.384986 0.608992
vt 0.400881 0.624404
vt 0.410289 0.634158
vt 0.417249 0.615791
vt 0.410833 0.604292
vt 0.413287 0.608518
vt 0.411651 0.599924
vt 0.431566 0.579127
vt 0.405848 0.579896
vt 0.420022 0.595662
vt 0.425072 0.596777
vt 0.428771 0.599699
vt 0.429903 0.605668
vt 0.503706 0.581444
vt 0.490157 0.605377
vt 0.619703 0.610311
vt 0.625852 0.611298
vt 0.563595 0.626773
vt 0.488857 0.620510
vt 0.438999 0.615643
vt 0.426801 0.611070
vt 0.438999 0.615643
vt 0.532287 0.644801
vt 0.507872 0.629857
vt 0.573009 0.627561
vt 0.666934 0.635683
vt 0.753923 0.652308
vt 0.777168 0.645333
vt 0.601859 0.653526
vt 0.723455 0.669010
vt 0.818792 0.680319
vt 0.907109 0.688613
vt 0.965653 0.665328
vt 0.868578 0.652665
vt 0.966274 0.658520
vt 0.961392 0.689957
vt 0.422438 0.612411
vt 0.417910 0.611597
vt 0.762951 0.614897
vt 0.813971 0.648510
vt 0.690258 0.579896
vt 0.563597 0.626772
vt 0.813974 0.648509
vt 0.762952 0.614897
vt 0.887241 0.579896
vt 0.866711 0.616980
vt 0.900576 0.601597
vt 0.889247 0.593273
vt 0.911661 0.605317
vt 0.905224 0.647925
vt 0.906155 0.654969
vt 0.908391 0.650914
vt 0.912588 0.651918
vt 0.916631 0.650676
vt 0.920586 0.643356
vt 0.965588 0.610106
vt 0.919458 0.639127
vt 0.916362 0.636002
vt 0.912111 0.634879
vt 0.907879 0.636126
vt 0.927290 0.603282
vt 0.940286 0.587429
vt 0.940749 0.579896
vt 0.893658 0.595446
vt 0.889081 0.587915
vt 0.935410 0.596468
vt 0.968180 0.579896
vt 0.966274 0.658518
vt 0.919542 0.647552
vt 0.904876 0.639390
vt 0.903930 0.643719
vt 0.887237 0.579896
vt 0.866709 0.616980
vt 0.889246 0.593274
vt 0.900576 0.601597
vt 0.911659 0.605317
vt 0.912109 0.634881
vt 0.907876 0.636126
vt 0.904875 0.639392
vt 0.903929 0.643719
vt 0.905223 0.647925
vt 0.919456 0.639128
vt 0.965584 0.610106
vt 0.920585 0.643356
vt 0.916361 0.636003
vt 0.927290 0.603284
vt 0.935410 0.596468
vt 0.940284 0.587429
vt 0.940746 0.579896
vt 0.968178 0.579896
vt 0.893655 0.595448
vt 0.889080 0.587915
vt 0.966274 0.658519
vt 0.916629 0.650676
vt 0.906153 0.654970
vt 0.912585 0.651920
vt 0.908390 0.650914
vt 0.377489 0.579888
vt 0.345886 0.603762
vt 0.337079 0.579882
vt 0.227316 0.579896
vt 0.254216 0.579896
vt 0.214973 0.587494
vt 0.344381 0.601666
vt 0.315848 0.579896
vt 0.343964 0.579896
vt 0.377490 0.579888
vt 0.024841 0.583269
vt 0.025449 0.579896
vt 0.021384 0.591461
vt 0.021848 0.586293
vt 0.017417 0.584474
vt 0.002999 0.579917
vt 0.015833 0.579896
vt 0.004904 0.603639
vt 0.024885 0.606719
vt 0.044956 0.607837
vt 0.074078 0.608697
vt 0.961394 0.689956
vt 0.015893 0.731516
vt 0.006041 0.789988
vt 0.094579 0.769478
vt 0.003330 0.816517
vt 0.070032 0.814803
vt 0.168226 0.798802
vt 0.269960 0.768133
vt 0.265255 0.779051
vt 0.325451 0.770154
vt 0.386651 0.763117
vt 0.456362 0.755297
vt 0.290027 0.749891
vt 0.449852 0.743151
vt 0.585022 0.741942
vt 0.658797 0.721680
vt 0.533004 0.723068
vt 0.670254 0.736285
vt 0.628415 0.706861
vt 0.757895 0.709183
vt 0.769866 0.723025
vt 0.736571 0.734002
vt 0.808811 0.706834
vt 0.835614 0.711662
vt 0.899975 0.709812
vt 0.911683 0.694247
vt 0.974884 0.700944
vt 0.973782 0.694061
vt 0.828966 0.723360
vt 0.881095 0.719622
vt 0.801301 0.726789
vt 0.770907 0.731034
vt 0.980029 0.707694
vt 0.985534 0.700547
vt 0.986301 0.694061
vt 0.816991 0.694061
vt 0.758076 0.694061
vt 0.665784 0.694061
vt 0.459589 0.694038
vt 0.414133 0.713514
vt 0.234465 0.728017
vt 0.163388 0.694045
vt 0.286284 0.693419
vt 0.020045 0.694087
vt 0.729251 0.677143
vt 0.721367 0.687163
vt 0.732736 0.691290
vt 0.738465 0.677143
vt 0.738465 0.691193
vt 0.717299 0.677143
vt 0.709530 0.684074
vt 0.705776 0.677143
vt 0.697168 0.691211
vt 0.697172 0.677143
vt 0.430075 0.604919
vt 0.426630 0.598006
vt 0.425450 0.598672
vt 0.429039 0.604026
vt 0.427315 0.608574
vt 0.423976 0.611937
vt 0.420290 0.610757
vt 0.414833 0.609548
vt 0.414589 0.608029
vt 0.412099 0.604253
vt 0.410827 0.604290
vt 0.412752 0.600537
vt 0.411653 0.599926
vt 0.417091 0.596305
vt 0.417625 0.597575
vt 0.262227 0.899831
vt 0.260510 0.886335
vt 0.679411 0.311521
vt 0.715832 0.302543
vt 0.736308 0.267896
vt 0.753228 0.266116
vt 0.736271 0.303344
vt 0.712228 0.318325
vt 0.683376 0.332278
vt 0.675272 0.303876
vt 0.568107 0.326279
vt 0.560646 0.341475
vt 0.566538 0.324987
vt 0.552546 0.325827
vt 0.591246 0.277446
vt 0.582919 0.269693
vt 0.558400 0.269361
vt 0.612048 0.247997
vt 0.575897 0.246898
vt 0.603896 0.226977
vt 0.535234 0.311019
vt 0.530488 0.326640
vt 0.546197 0.350923
vt 0.530152 0.335423
vt 0.537572 0.348040
vt 0.532635 0.341792
vt 0.559437 0.353743
vt 0.644987 0.344809
vt 0.591397 0.234200
vt 0.683911 0.208533
vt 0.623111 0.219509
vt 0.616881 0.257674
vt 0.679822 0.231586
vt 0.787610 0.205295
vt 0.787960 0.220643
vt 0.784624 0.240962
vt 0.767374 0.227980
vt 0.771157 0.237704
vt 0.762908 0.235330
vt 0.761949 0.234531
vt 0.683052 0.241100
vt 0.756837 0.285234
vt 0.772841 0.265312
vt 0.679411 0.311520
vt 0.671663 0.306802
vt 0.713172 0.286318
vt 0.568107 0.326281
vt 0.560647 0.341476
vt 0.683377 0.332278
vt 0.644987 0.344809
vt 0.559439 0.353745
vt 0.712229 0.318324
vt 0.715833 0.302542
vt 0.736271 0.303342
vt 0.753227 0.266114
vt 0.756837 0.285233
vt 0.771156 0.237702
vt 0.745934 0.259134
vt 0.784623 0.240960
vt 0.767373 0.227977
vt 0.787609 0.205290
vt 0.679821 0.231585
vt 0.683909 0.208531
vt 0.612046 0.247997
vt 0.603894 0.226977
vt 0.623109 0.219508
vt 0.787958 0.220639
vt 0.772839 0.265310
vt 0.575894 0.246898
vt 0.591394 0.234202
vt 0.558398 0.269362
vt 0.530489 0.326642
vt 0.535233 0.311022
vt 0.582918 0.269694
vt 0.552547 0.325828
vt 0.591246 0.277447
vt 0.616880 0.257674
vt 0.683051 0.241099
vt 0.761948 0.234529
vt 0.762906 0.235326
vt 0.566538 0.324988
vt 0.546197 0.350926
vt 0.537573 0.348043
vt 0.532635 0.341795
vt 0.530150 0.335425
vt 0.921510 0.478347
vt 0.921663 0.493515
vt 0.933934 0.493360
vt 0.935263 0.479650
vt 0.920489 0.467637
vt 0.917379 0.455219
vt 0.938029 0.467399
vt 0.940553 0.453382
vt 0.927688 0.427784
vt 0.941726 0.439004
vt 0.942338 0.427675
vt 0.908599 0.427675
vt 0.910198 0.436504
vt 0.913569 0.447201
vt 0.913819 0.636575
vt 0.918867 0.641426
vt 0.917720 0.637373
vt 0.920140 0.645146
vt 0.917248 0.648347
vt 0.914688 0.651273
vt 0.910698 0.650275
vt 0.906694 0.649313
vt 0.905680 0.645349
vt 0.904464 0.641277
vt 0.907359 0.638489
vt 0.910095 0.635474
vt 0.215660 0.800134
vt 0.213214 0.814549
vt 0.220651 0.814238
vt 0.226561 0.800134
vt 0.226577 0.812774
vt 0.201665 0.800134
vt 0.204197 0.812754
vt 0.193772 0.811289
vt 0.184312 0.800134
vt 0.184320 0.812782
vt 0.398623 0.965665
vt 0.411997 0.965665
vt 0.405494 0.931703
vt 0.398799 0.946982
vt 0.415632 0.902053
vt 0.418933 0.899247
vt 0.427473 0.965664
vt 0.422281 0.900188
vt 0.429839 0.920798
vt 0.439072 0.965665
vt 0.439187 0.947224
vt 0.747438 0.329919
vt 0.779232 0.299636
vt 0.804210 0.293243
vt 0.743869 0.358592
vt 0.762281 0.310997
vt 0.884987 0.358592
vt 0.851184 0.285757
vt 0.918020 0.278852
vt 0.941825 0.358592
vt 0.937807 0.277085
vt 0.940769 0.317177
vt 0.907132 0.279897
vt 0.879034 0.261322
vt 0.919010 0.258725
vt 0.843534 0.286602
vt 0.836297 0.265985
vt 0.804212 0.293231
vt 0.806510 0.272698
vt 0.775192 0.283908
vt 0.755934 0.294585
vt 0.728408 0.330563
vt 0.742209 0.307498
vt 0.723362 0.358592
vt 0.937896 0.277078
vt 0.933921 0.257237
vt 0.902362 0.455533
vt 0.845693 0.451117
vt 0.901969 0.451117
vt 0.901092 0.463300
vt 0.791959 0.557968
vt 0.883625 0.517549
vt 0.873812 0.557893
vt 0.792264 0.557302
vt 0.796619 0.507261
vt 0.805236 0.451117
vt 0.789806 0.451117
vt 0.785441 0.557885
vt 0.768124 0.507341
vt 0.768124 0.557888
vt 0.768124 0.451117
vt 0.787143 0.507603
vt 0.785441 0.557888
vt 0.791996 0.557888
vt 0.130226 0.136353
vt 0.156989 0.136358
vt 0.156989 0.148806
vt 0.130226 0.148806
vt 0.130226 0.157151
vt 0.156934 0.157151
vt 0.268258 0.886335
vt 0.268258 0.857917
vt 0.344421 0.857917
vt 0.344421 0.876743
vt 0.264729 0.906089
vt 0.342708 0.884674
vt 0.446516 0.645776
vt 0.445544 0.664796
vt 0.414062 0.688089
vt 0.442782 0.683351
vt 0.439371 0.691673
vt 0.418669 0.645776
vt 0.392783 0.678871
vt 0.373367 0.645776
vt 0.379535 0.665425
vt 0.379536 0.665425
vt 0.392783 0.678872
vt 0.445542 0.664797
vt 0.442781 0.683351
vt 0.439369 0.691673
vt 0.164476 0.136353
vt 0.164476 0.148806
vt 0.373996 0.269604
vt 0.329906 0.261668
vt 0.373610 0.234593
vt 0.266042 0.253821
vt 0.226702 0.222090
vt 0.226705 0.251798
vt 0.241721 0.161540
vt 0.252337 0.161558
vt 0.226670 0.173068
vt 0.285452 0.159553
vt 0.302225 0.160917
vt 0.310868 0.196169
vt 0.299833 0.145286
vt 0.341904 0.145286
vt 0.373996 0.145286
vt 0.373996 0.175414
vt 0.373954 0.202366
vt 0.298632 0.150571
vt 0.293839 0.156630
vt 0.226701 0.195168
vt 0.235211 0.159307
vt 0.230211 0.152683
vt 0.226702 0.145286
vt 0.228768 0.145286
vt 0.799922 0.087575
vt 0.826833 0.087608
vt 0.826833 0.104023
vt 0.799867 0.104023
vt 0.799867 0.115535
vt 0.814680 0.115535
vt 0.826833 0.115535
vt 0.826833 0.087660
vt 0.837392 0.087541
vt 0.837392 0.104023
vt 0.286285 0.693418
vt 0.459589 0.694036
vt 0.414132 0.713513
vt 0.665783 0.694060
vt 0.628413 0.706861
vt 0.758075 0.694060
vt 0.757894 0.709183
vt 0.816989 0.694060
vt 0.808810 0.706833
vt 0.835612 0.711662
vt 0.911683 0.694246
vt 0.973781 0.694060
vt 0.974883 0.700944
vt 0.986297 0.694060
vt 0.985533 0.700546
vt 0.980028 0.707693
vt 0.899974 0.709811
vt 0.881095 0.719622
vt 0.828965 0.723360
vt 0.801300 0.726788
vt 0.770904 0.731034
vt 0.769864 0.723025
vt 0.736570 0.734002
vt 0.670254 0.736285
vt 0.658796 0.721679
vt 0.533004 0.723068
vt 0.585022 0.741941
vt 0.449853 0.743151
vt 0.290027 0.749891
vt 0.269961 0.768133
vt 0.456361 0.755296
vt 0.386652 0.763117
vt 0.325452 0.770153
vt 0.265255 0.779050
vt 0.168225 0.798801
vt 0.006041 0.789989
vt 0.070031 0.814802
vt 0.003332 0.816518
vt 0.094580 0.769477
vt 0.015894 0.731516
vt 0.234465 0.728017
vt 0.163389 0.694044
vt 0.020046 0.694086
vt 0.295481 0.126238
vt 0.285133 0.122481
vt 0.292309 0.113361
vt 0.300696 0.113361
vt 0.300696 0.126149
vt 0.281430 0.113361
vt 0.274359 0.119669
vt 0.270941 0.113361
vt 0.263108 0.126165
vt 0.263111 0.113361
vt 0.425448 0.598671
vt 0.426629 0.598007
vt 0.430075 0.604920
vt 0.429039 0.604028
vt 0.427316 0.608574
vt 0.423976 0.611938
vt 0.420290 0.610757
vt 0.414832 0.609548
vt 0.414590 0.608031
vt 0.410827 0.604292
vt 0.412098 0.604255
vt 0.411652 0.599926
vt 0.412751 0.600539
vt 0.417090 0.596305
vt 0.417625 0.597576
vt 0.262225 0.899832
vt 0.729047 0.128005
vt 0.740731 0.127857
vt 0.740875 0.142297
vt 0.727782 0.141057
vt 0.741846 0.152492
vt 0.725149 0.152721
vt 0.744806 0.164317
vt 0.722745 0.166066
vt 0.734993 0.190437
vt 0.721629 0.179753
vt 0.751643 0.182135
vt 0.753167 0.190540
vt 0.748434 0.171950
vt 0.721046 0.190540
vt 0.917719 0.637374
vt 0.918865 0.641427
vt 0.913817 0.636575
vt 0.920140 0.645146
vt 0.917247 0.648348
vt 0.914686 0.651274
vt 0.910696 0.650276
vt 0.906693 0.649313
vt 0.905678 0.645349
vt 0.904463 0.641279
vt 0.907357 0.638489
vt 0.910092 0.635475
vt 0.939861 0.081564
vt 0.933092 0.081847
vt 0.935318 0.068729
vt 0.945239 0.068729
vt 0.945254 0.080232
vt 0.922581 0.068729
vt 0.924885 0.080214
vt 0.915398 0.078881
vt 0.906788 0.068729
vt 0.906796 0.080238
vt 0.532463 0.139732
vt 0.526544 0.108823
vt 0.538716 0.108823
vt 0.538556 0.125827
vt 0.523236 0.166714
vt 0.520231 0.169269
vt 0.512459 0.108824
vt 0.517184 0.168413
vt 0.510306 0.149655
vt 0.501797 0.125605
vt 0.501903 0.108823
vt 0.002090 0.633309
vt 0.009514 0.642851
vt 0.007705 0.635598
vt 0.015336 0.640659
vt 0.021410 0.645099
vt 0.025150 0.641123
vt 0.031355 0.637736
vt 0.028097 0.635015
vt 0.033306 0.625668
vt 0.027157 0.623587
vt 0.025849 0.615942
vt 0.017379 0.617649
vt 0.011579 0.614909
vt 0.010533 0.617874
vt 0.006587 0.626511
vt 0.002712 0.623403
vt 0.696571 0.333312
vt 0.691291 0.335660
vt 0.691288 0.355561
vt 0.686823 0.349415
vt 0.686823 0.341811
vt 0.696571 0.357911
vt 0.698378 0.358593
vt 0.698378 0.332629
vt 0.701147 0.332629
vt 0.701147 0.358591
vt 0.702955 0.357910
vt 0.702955 0.333309
vt 0.713309 0.345608
vt 0.712104 0.339953
vt 0.710959 0.352839
vt 0.708238 0.335656
vt 0.703114 0.357858
vt 0.062071 0.885500
vt 0.064521 0.897317
vt 0.072158 0.888535
vt 0.069044 0.866700
vt 0.077267 0.880063
vt 0.079579 0.866706
vt 0.060988 0.866710
vt 0.118824 0.220047
vt 0.122948 0.167179
vt 0.117556 0.167179
vt 0.111892 0.167179
vt 0.085967 0.167179
vt 0.085967 0.219943
vt 0.107151 0.167179
vt 0.112345 0.167179
vt 0.118824 0.220047
vt 0.085966 0.167179
vt 0.085966 0.219943
vt 0.126127 0.167179
vt 0.181295 0.181407
vt 0.128817 0.167179
vt 0.178840 0.167203
vt 0.181295 0.181406
vt 0.178839 0.167203
vt 0.176165 0.219470
vt 0.187665 0.192121
vt 0.184624 0.216160
vt 0.189962 0.211197
vt 0.193541 0.204846
vt 0.194829 0.198678
vt 0.176167 0.219470
vt 0.187666 0.192119
vt 0.189963 0.211197
vt 0.193541 0.204847
vt 0.194831 0.198678
vt 0.181403 0.181521
vt 0.187317 0.191714
vt 0.192259 0.187925
vt 0.194832 0.198672
vt 0.196698 0.188769
vt 0.189480 0.167179
vt 0.198427 0.167180
vt 0.192643 0.167174
vt 0.198426 0.167180
vt 0.196698 0.188770
vt 0.192260 0.187926
vt 0.194830 0.198672
vt 0.187316 0.191716
vt 0.181403 0.181521
vt 0.186923 0.167182
vt 0.178885 0.167197
vt 0.180003 0.167185
vt 0.235318 0.919800
vt 0.170464 0.919800
vt 0.176015 0.922475
vt 0.235628 0.922477
vt 0.248647 0.922479
vt 0.248647 0.919801
vt 0.257753 0.919800
vt 0.257753 0.922479
vt 0.111981 0.921718
vt 0.118439 0.921718
vt 0.117781 0.919713
vt 0.112179 0.919713
vt 0.105273 0.921718
vt 0.105273 0.919713
vt 0.126652 0.919713
vt 0.126581 0.921718
vt 0.141640 0.919713
vt 0.141647 0.921718
vt 0.175236 0.866708
vt 0.175236 0.916732
vt 0.235318 0.866708
vt 0.139098 0.866708
vt 0.139735 0.916732
vt 0.083694 0.916099
vt 0.077238 0.880113
vt 0.068277 0.900416
vt 0.071473 0.908449
vt 0.072513 0.888711
vt 0.076035 0.913044
vt 0.065304 0.901354
vt 0.064550 0.897529
vt 0.079580 0.866714
vt 0.248648 0.866708
vt 0.001465 0.167179
vt 0.001465 0.220047
vt 0.003947 0.220047
vt 0.003947 0.167179
vt 0.010951 0.220047
vt 0.010951 0.167179
vt 0.257753 0.866708
vt 0.025555 0.167179
vt 0.025797 0.220036
vt 0.085967 0.220034
vt 0.062071 0.885499
vt 0.072158 0.888534
vt 0.064519 0.897317
vt 0.069044 0.866701
vt 0.077268 0.880062
vt 0.079579 0.866707
vt 0.060989 0.866711
vt 0.176015 0.922473
vt 0.170464 0.919799
vt 0.235318 0.919799
vt 0.235628 0.922476
vt 0.248645 0.919800
vt 0.248645 0.922478
vt 0.257753 0.919799
vt 0.257753 0.922478
vt 0.294387 0.100144
vt 0.294985 0.101967
vt 0.289112 0.101967
vt 0.289292 0.100144
vt 0.283013 0.101967
vt 0.283013 0.100144
vt 0.302455 0.100144
vt 0.302390 0.101967
vt 0.316085 0.100144
vt 0.316091 0.101967
vt 0.175237 0.916732
vt 0.175237 0.866709
vt 0.235318 0.866709
vt 0.139734 0.916732
vt 0.139097 0.866709
vt 0.083694 0.916099
vt 0.077239 0.880112
vt 0.071472 0.908449
vt 0.068277 0.900415
vt 0.072514 0.888710
vt 0.076035 0.913043
vt 0.065304 0.901354
vt 0.064548 0.897529
vt 0.079580 0.866715
vt 0.248647 0.866709
vt 0.003946 0.220047
vt 0.001465 0.220047
vt 0.001465 0.167179
vt 0.003946 0.167179
vt 0.010951 0.167179
vt 0.010951 0.220047
vt 0.257753 0.866709
vt 0.085966 0.220034
vt 0.025797 0.220036
vt 0.025554 0.167179
vt 0.645497 0.955670
vt 0.646776 0.961893
vt 0.649942 0.950518
vt 0.638887 0.960480
vt 0.643116 0.949085
vt 0.641065 0.950932
vt 0.642102 0.954429
vt 0.639477 0.957156
vt 0.635815 0.956204
vt 0.631783 0.952664
vt 0.634897 0.952545
vt 0.637520 0.949985
vt 0.636427 0.946001
vt 0.641665 0.942042
vt 0.630245 0.944933
vt 0.626989 0.956378
vt 0.635267 0.964840
vt 0.637517 0.949986
vt 0.634882 0.952597
vt 0.635847 0.956235
vt 0.639445 0.957163
vt 0.640407 0.950262
vt 0.641820 0.955551
vt 0.642078 0.952599
vt 0.941201 0.235894
vt 0.938729 0.224043
vt 0.931128 0.232889
vt 0.934210 0.254856
vt 0.925984 0.241422
vt 0.923659 0.254850
vt 0.942257 0.254846
vt 0.576345 0.234430
vt 0.520615 0.181902
vt 0.518335 0.235011
vt 0.581437 0.196163
vt 0.587758 0.206945
vt 0.584768 0.231104
vt 0.590093 0.226119
vt 0.593662 0.219746
vt 0.594935 0.213556
vt 0.579039 0.181926
vt 0.488278 0.181902
vt 0.488278 0.213376
vt 0.485770 0.235011
vt 0.488276 0.181902
vt 0.523055 0.181902
vt 0.518336 0.235011
vt 0.488276 0.213375
vt 0.581438 0.196163
vt 0.579041 0.181926
vt 0.576345 0.234429
vt 0.587757 0.206946
vt 0.584769 0.231104
vt 0.590095 0.226119
vt 0.594937 0.213557
vt 0.581544 0.196279
vt 0.587410 0.206537
vt 0.592382 0.202753
vt 0.594936 0.213550
vt 0.596835 0.203614
vt 0.589159 0.181905
vt 0.598658 0.181898
vt 0.589159 0.181905
vt 0.598658 0.181901
vt 0.596836 0.203614
vt 0.592383 0.202753
vt 0.581545 0.196279
vt 0.579046 0.181919
vt 0.594938 0.213551
vt 0.587409 0.206537
vt 0.579044 0.181919
vt 0.815949 0.201966
vt 0.832445 0.201966
vt 0.826752 0.199356
vt 0.815307 0.199356
vt 0.810550 0.201966
vt 0.810550 0.199356
vt 0.793362 0.201966
vt 0.793362 0.199356
vt 0.095439 0.919713
vt 0.089459 0.919713
vt 0.090120 0.921718
vt 0.097137 0.921718
vt 0.097583 0.919713
vt 0.081256 0.921718
vt 0.081320 0.919713
vt 0.066261 0.921718
vt 0.066254 0.919713
vt 0.827717 0.254848
vt 0.827717 0.204875
vt 0.815949 0.254848
vt 0.863965 0.254848
vt 0.863324 0.204875
vt 0.919448 0.205451
vt 0.926014 0.241372
vt 0.934956 0.220978
vt 0.931711 0.212990
vt 0.930773 0.232716
vt 0.927120 0.208436
vt 0.938699 0.223830
vt 0.937921 0.220015
vt 0.923659 0.254841
vt 0.810550 0.254848
vt 0.452413 0.235011
vt 0.467662 0.235011
vt 0.467662 0.181902
vt 0.452413 0.181902
vt 0.467663 0.181902
vt 0.467663 0.235011
vt 0.793362 0.254848
vt 0.475951 0.181902
vt 0.473635 0.234999
vt 0.485771 0.235004
vt 0.473636 0.234999
vt 0.475653 0.181902
vt 0.941201 0.235893
vt 0.931128 0.232888
vt 0.938730 0.224044
vt 0.934209 0.254857
vt 0.925984 0.241423
vt 0.923657 0.254851
vt 0.942257 0.254847
vt 0.826751 0.199355
vt 0.832442 0.201964
vt 0.815948 0.201964
vt 0.815306 0.199355
vt 0.810549 0.201964
vt 0.810549 0.199355
vt 0.793362 0.201964
vt 0.793362 0.199355
vt 0.269125 0.101967
vt 0.268523 0.100144
vt 0.273962 0.100144
vt 0.275507 0.101967
vt 0.275912 0.100144
vt 0.261062 0.101967
vt 0.261120 0.100144
vt 0.247425 0.101967
vt 0.247419 0.100144
vt 0.827715 0.204874
vt 0.827715 0.254849
vt 0.815948 0.254849
vt 0.863323 0.204874
vt 0.863964 0.254849
vt 0.919448 0.205449
vt 0.926013 0.241373
vt 0.931711 0.212989
vt 0.934958 0.220978
vt 0.930773 0.232714
vt 0.927121 0.208434
vt 0.937918 0.220015
vt 0.938700 0.223831
vt 0.923657 0.254842
vt 0.810549 0.254849
vt 0.793362 0.254849
vt 0.243052 0.321990
vt 0.226701 0.315669
vt 0.226701 0.332583
vt 0.243052 0.299667
vt 0.226701 0.301167
vt 0.226701 0.285918
vt 0.243052 0.277619
vt 0.226701 0.264727
vt 0.243052 0.264754
vt 0.243052 0.344006
vt 0.226701 0.350140
vt 0.243052 0.363118
vt 0.226701 0.363122
vt 0.616913 0.195812
vt 0.616913 0.186159
vt 0.612357 0.187919
vt 0.616913 0.176514
vt 0.612297 0.173012
vt 0.602759 0.170664
vt 0.602759 0.189962
vt 0.611481 0.203017
vt 0.602759 0.215003
vt 0.617001 0.214976
vt 0.616913 0.205461
vt 0.602759 0.154437
vt 0.612401 0.158102
vt 0.616913 0.166861
vt 0.616913 0.153998
vt 0.611380 0.143781
vt 0.616913 0.144351
vt 0.616913 0.134699
vt 0.612297 0.127986
vt 0.616913 0.125057
vt 0.612314 0.111916
vt 0.602759 0.119303
vt 0.602759 0.138502
vt 0.602759 0.102978
vt 0.616913 0.115403
vt 0.616913 0.105759
vt 0.612296 0.095962
vt 0.616913 0.096103
vt 0.616921 0.086594
vt 0.602759 0.086603
vt 0.601459 0.166876
vt 0.601459 0.176514
vt 0.602759 0.179722
vt 0.602759 0.166857
vt 0.601459 0.157217
vt 0.602759 0.153994
vt 0.601459 0.147572
vt 0.602759 0.141126
vt 0.601459 0.134710
vt 0.602759 0.128265
vt 0.601459 0.125057
vt 0.601459 0.115415
vt 0.602759 0.115398
vt 0.601459 0.102553
vt 0.602759 0.102535
vt 0.601459 0.092891
vt 0.602759 0.092891
vt 0.602109 0.086594
vt 0.601459 0.186170
vt 0.602759 0.192589
vt 0.601459 0.199033
vt 0.602759 0.205455
vt 0.601459 0.208681
vt 0.602109 0.214976
vt 0.449901 0.227239
vt 0.449901 0.211866
vt 0.448431 0.219567
vt 0.448431 0.204191
vt 0.449901 0.196489
vt 0.448431 0.188812
vt 0.449901 0.181108
vt 0.448431 0.177268
vt 0.448431 0.165744
vt 0.449901 0.165731
vt 0.448431 0.154207
vt 0.449901 0.150357
vt 0.448431 0.142680
vt 0.449901 0.134975
vt 0.448431 0.127283
vt 0.449901 0.123419
vt 0.449166 0.115682
vt 0.448431 0.234939
vt 0.449901 0.238776
vt 0.449901 0.250301
vt 0.448431 0.250320
vt 0.449901 0.261867
vt 0.448431 0.261867
vt 0.449166 0.269604
vt 0.376699 0.203311
vt 0.448431 0.224099
vt 0.448431 0.204704
vt 0.376699 0.230391
vt 0.448431 0.185773
vt 0.376699 0.172556
vt 0.448431 0.162708
vt 0.376699 0.145702
vt 0.448431 0.135843
vt 0.376699 0.115649
vt 0.448431 0.115682
vt 0.448431 0.251188
vt 0.376699 0.249791
vt 0.376699 0.269593
vt 0.448431 0.269604
vt 0.228382 0.864320
vt 0.231801 0.854478
vt 0.222300 0.854478
vt 0.210658 0.864320
vt 0.212847 0.854478
vt 0.202081 0.854478
vt 0.195262 0.864320
vt 0.195273 0.854478
vt 0.242305 0.864320
vt 0.242867 0.854478
vt 0.249433 0.864320
vt 0.249433 0.854478
vt 0.838866 0.040232
vt 0.842462 0.033046
vt 0.831684 0.043825
vt 0.850388 0.034358
vt 0.832993 0.051756
vt 0.829297 0.058886
vt 0.833511 0.061576
vt 0.836220 0.072475
vt 0.838866 0.069826
vt 0.849804 0.079394
vt 0.850388 0.075700
vt 0.864863 0.077012
vt 0.863161 0.073677
vt 0.873869 0.069708
vt 0.870806 0.067482
vt 0.878035 0.058886
vt 0.874335 0.058299
vt 0.875644 0.043826
vt 0.872308 0.045524
vt 0.864862 0.033045
vt 0.863161 0.036381
vt 0.853666 0.030049
vt 0.619554 0.147202
vt 0.633101 0.153405
vt 0.633101 0.138081
vt 0.619554 0.138115
vt 0.619554 0.160101
vt 0.633101 0.165997
vt 0.619554 0.174129
vt 0.633101 0.178292
vt 0.619554 0.193381
vt 0.633101 0.190612
vt 0.633101 0.210570
vt 0.619554 0.210530
vt 0.611000 0.306232
vt 0.613227 0.311969
vt 0.614892 0.301476
vt 0.608767 0.312047
vt 0.603930 0.315967
vt 0.605712 0.319481
vt 0.595842 0.317250
vt 0.595218 0.321140
vt 0.590025 0.315017
vt 0.585753 0.316313
vt 0.586106 0.310180
vt 0.580932 0.306847
vt 0.584823 0.302091
vt 0.582596 0.296353
vt 0.588538 0.294796
vt 0.587683 0.290079
vt 0.595835 0.291074
vt 0.595227 0.287181
vt 0.603924 0.292353
vt 0.605720 0.288845
vt 0.609718 0.298142
vt 0.611994 0.293930
vt 0.922673 0.498304
vt 0.914133 0.501180
vt 0.912553 0.504582
vt 0.915156 0.493781
vt 0.927196 0.506412
vt 0.909151 0.546026
vt 0.928272 0.557890
vt 0.909151 0.506162
vt 0.905748 0.504582
vt 0.891105 0.506412
vt 0.890028 0.557888
vt 0.895629 0.498304
vt 0.904171 0.501181
vt 0.903146 0.493781
vt 0.905261 0.498267
vt 0.906031 0.494960
vt 0.913041 0.498266
vt 0.912271 0.494959
vt 0.930293 0.912708
vt 0.931196 0.913159
vt 0.936832 0.909267
vt 0.931372 0.906230
vt 0.940581 0.903727
vt 0.926590 0.900835
vt 0.942035 0.896386
vt 0.924656 0.862275
vt 0.933339 0.858458
vt 0.942035 0.850386
vt 0.907274 0.896381
vt 0.921151 0.901275
vt 0.915972 0.858458
vt 0.908729 0.903726
vt 0.917934 0.906230
vt 0.907274 0.850385
vt 0.919010 0.912708
vt 0.912472 0.909267
vt 0.918106 0.913159
vt 0.952535 0.184766
vt 0.946694 0.184766
vt 0.946694 0.237886
vt 0.952535 0.242240
vt 0.946694 0.254214
vt 0.952535 0.255749
vt 0.946694 0.261823
vt 0.952535 0.268662
vt 0.946694 0.272084
vt 0.952535 0.283432
vt 0.946694 0.282548
vt 0.946694 0.293657
vt 0.952535 0.297019
vt 0.952535 0.354494
vt 0.946694 0.354494
vt 0.941043 0.901395
vt 0.943518 0.902079
vt 0.944519 0.850392
vt 0.939251 0.910320
vt 0.930392 0.912723
vt 0.931921 0.915463
vt 0.928348 0.913860
vt 0.928916 0.908568
vt 0.931381 0.906279
vt 0.927552 0.904169
vt 0.926309 0.900757
vt 0.923699 0.903067
vt 0.917933 0.906239
vt 0.920447 0.906536
vt 0.918846 0.912663
vt 0.921512 0.912508
vt 0.919322 0.915219
vt 0.910055 0.910319
vt 0.908351 0.901819
vt 0.905737 0.901777
vt 0.904790 0.850392
vt 0.879556 0.998535
vt 0.876481 0.994743
vt 0.868072 0.994743
vt 0.864314 0.998535
vt 0.864314 0.948241
vt 0.868072 0.948241
vt 0.005287 0.721866
vt 0.001465 0.722899
vt 0.008531 0.729120
vt 0.011324 0.726348
vt 0.001465 0.943588
vt 0.001465 0.992969
vt 0.003672 0.988869
vt 0.004970 0.992969
vt 0.003672 0.943588
vt 0.008086 0.988869
vt 0.004970 0.998535
vt 0.008086 0.991782
vt 0.015507 0.998535
vt 0.015507 0.991782
vt 0.409080 0.975826
vt 0.416601 0.975826
vt 0.416601 0.968770
vt 0.409080 0.968770
vt 0.944938 0.380009
vt 0.944938 0.428207
vt 0.951639 0.428207
vt 0.951639 0.380009
vt 0.764557 0.905899
vt 0.764557 0.966140
vt 0.778263 0.966140
vt 0.778263 0.902885
vt 0.764557 0.900429
vt 0.778263 0.896600
vt 0.764557 0.894097
vt 0.778263 0.888430
vt 0.764557 0.875588
vt 0.778263 0.865204
vt 0.764557 0.853222
vt 0.778263 0.843213
vt 0.764557 0.830200
vt 0.778263 0.830200
vt 0.778263 0.812707
vt 0.764557 0.818038
vt 0.764557 0.806495
vt 0.778263 0.795789
vt 0.764557 0.795789
vt 0.764557 0.784456
vt 0.778263 0.784456
vt 0.368773 0.691653
vt 0.367670 0.681102
vt 0.345129 0.691653
vt 0.362194 0.666959
vt 0.353657 0.653751
vt 0.345129 0.645023
vt 0.444691 0.563189
vt 0.457053 0.564459
vt 0.456496 0.559462
vt 0.461630 0.559568
vt 0.456870 0.500241
vt 0.462275 0.500220
vt 0.421588 0.545524
vt 0.416699 0.547535
vt 0.433368 0.559421
vt 0.416549 0.500220
vt 0.938939 0.848533
vt 0.927646 0.823886
vt 0.927646 0.848537
vt 0.938939 0.820869
vt 0.938939 0.803333
vt 0.927646 0.803016
vt 0.938939 0.802994
vt 0.927647 0.802743
vt 0.927647 0.823887
vt 0.938939 0.820870
vt 0.927647 0.848537
vt 0.333843 0.691673
vt 0.333843 0.645023
vt 0.005287 0.675753
vt 0.001465 0.675753
vt 0.011324 0.675753
vt 0.944938 0.425287
vt 0.936218 0.380009
vt 0.936218 0.425287
vt 0.318779 0.126554
vt 0.318779 0.134212
vt 0.315326 0.137011
vt 0.315326 0.123131
vt 0.361124 0.123131
vt 0.361124 0.126554
vt 0.008535 0.729121
vt 0.001470 0.722900
vt 0.005291 0.721866
vt 0.011329 0.726346
vt 0.519902 0.254991
vt 0.523237 0.254991
vt 0.521137 0.258896
vt 0.523237 0.302004
vt 0.521137 0.302004
vt 0.516936 0.258896
vt 0.519902 0.249693
vt 0.516936 0.256121
vt 0.509870 0.249693
vt 0.509870 0.256121
vt 0.671203 0.134825
vt 0.671203 0.128404
vt 0.678048 0.128404
vt 0.678048 0.134825
vt 0.660479 0.196709
vt 0.654098 0.196709
vt 0.654098 0.150824
vt 0.660479 0.150824
vt 0.993708 0.196983
vt 0.980660 0.196983
vt 0.980660 0.139630
vt 0.993708 0.136762
vt 0.980660 0.134424
vt 0.993708 0.130777
vt 0.980660 0.128394
vt 0.993708 0.122999
vt 0.980660 0.110773
vt 0.993708 0.100888
vt 0.980660 0.089480
vt 0.993708 0.079949
vt 0.980660 0.067560
vt 0.993708 0.067560
vt 0.993708 0.050907
vt 0.980660 0.055982
vt 0.980660 0.044994
vt 0.993708 0.034800
vt 0.980660 0.034800
vt 0.980660 0.024011
vt 0.993708 0.024011
vt 0.707922 0.189344
vt 0.685412 0.189344
vt 0.706873 0.179300
vt 0.701660 0.165835
vt 0.693530 0.153258
vt 0.685412 0.144949
vt 0.586887 0.168947
vt 0.587420 0.173704
vt 0.575651 0.172496
vt 0.591776 0.169047
vt 0.587245 0.112565
vt 0.592390 0.112546
vt 0.553655 0.155678
vt 0.548857 0.112546
vt 0.549000 0.157593
vt 0.564869 0.168908
vt 0.674667 0.189363
vt 0.674667 0.144949
vt 0.001459 0.675754
vt 0.005281 0.675754
vt 0.011318 0.675752
vt 0.645796 0.150824
vt 0.654098 0.193930
vt 0.645796 0.193930
s 1
usemtl philips_fc7088_01_glass_02_mat
f 4/1/1 1/2/2 2/3/3
f 2/3/3 3/4/4 4/1/1
f 271/1/181 270/2/182 272/3/182
f 272/3/182 273/147/183 271/1/181
f 274/148/184 276/3/185 275/147/186
f 274/148/184 278/147/187 277/3/188
f 280/1/189 279/2/190 281/149/4
f 281/149/4 282/150/191 280/1/189
f 285/3/192 283/151/193 284/152/194
f 283/151/193 286/147/195 284/152/194
f 288/1/196 287/4/197 289/3/198
f 289/3/198 290/2/199 288/1/196
f 292/1/200 291/2/181 293/3/183
f 293/3/183 294/147/201 292/1/200
f 296/1/202 295/153/203 297/3/204
f 296/1/202 298/147/205 295/153/203
f 297/3/204 299/147/206 296/1/202
f 301/1/207 300/147/208 302/3/209
f 302/3/209 303/2/209 301/1/207
f 304/2/189 306/154/191 305/155/210
f 308/1/211 307/150/212 309/149/197
f 309/149/197 310/2/196 308/1/211
f 312/156/213 311/3/214 313/3/201
f 313/3/201 314/157/215 312/156/213
f 316/1/216 315/147/217 317/3/208
f 317/3/208 318/2/207 316/1/216
f 320/3/218 319/158/219 322/159/220
f 322/159/220 321/160/221 320/3/218
f 323/2/211 325/161/222 324/154/212
f 327/160/223 326/162/224 328/3/217
f 328/3/217 329/2/225 327/160/223
f 333/147/226 330/163/227 331/164/228
f 332/165/229 334/166/230 330/163/227
f 330/163/227 333/147/226 332/165/229
f 330/163/227 334/166/230 335/167/231
f 336/167/232 335/167/231 334/166/230
f 337/167/233 336/167/232 334/166/230
f 332/165/229 338/147/234 334/166/230
f 334/166/230 338/147/234 339/164/235
f 334/166/230 339/164/235 337/167/233
f 339/164/235 338/147/234 340/3/236
f 333/147/226 331/164/228 341/3/237
f 330/163/227 342/168/238 331/164/228
f 344/169/239 343/170/240 345/171/241
f 343/170/240 346/172/242 345/171/241
f 348/173/243 345/171/241 346/172/242
f 346/172/242 347/174/244 348/173/243
f 347/174/244 349/175/245 348/173/243
f 350/176/246 348/173/243 349/175/245
f 350/176/246 351/177/247 352/178/248
f 348/173/243 350/176/246 352/178/248
f 352/178/248 353/179/249 348/173/243
f 345/171/241 348/173/243 353/179/249
f 353/179/249 354/180/250 345/171/241
f 354/180/250 356/181/251 355/182/252
f 355/182/252 345/171/241 354/180/250
f 356/181/251 358/183/253 357/184/254
f 357/184/254 355/182/252 356/181/251
f 365/185/255 357/184/254 358/183/253
f 358/183/253 360/186/256 359/187/257
f 359/187/257 365/185/255 358/183/253
f 361/188/258 359/187/257 360/186/256
f 362/189/259 361/188/258 360/186/256
f 360/186/256 363/190/260 362/189/259
f 361/188/258 362/189/259 364/191/261
f 357/184/254 366/192/262 355/182/252
f 366/192/262 344/169/239 355/182/252
f 345/171/241 355/182/252 344/169/239
f 367/193/263 368/194/264 371/195/265
f 368/194/264 367/193/263 369/196/266
f 370/197/267 369/196/266 367/193/263
f 371/195/265 372/198/268 367/193/263
f 367/193/263 373/199/269 374/200/270
f 374/200/270 375/201/271 376/202/272
f 376/202/272 377/203/273 374/200/270
f 377/203/273 370/197/267 367/193/263
f 367/193/263 374/200/270 377/203/273
f 368/194/264 378/199/274 371/195/265
f 378/199/274 368/194/264 383/204/275
f 378/199/274 383/204/275 379/205/276
f 380/201/277 379/205/276 381/206/278
f 381/206/278 382/207/279 380/201/277
f 383/204/275 381/206/278 379/205/276
f 383/204/275 368/194/264 384/208/280
f 385/209/281 384/208/280 368/194/264
f 369/196/266 385/209/281 368/194/264
f 386/147/282 387/210/283 389/211/284
f 386/147/282 388/199/285 387/210/283
f 390/212/286 386/147/282 389/211/284
f 389/211/284 391/213/287 390/212/286
f 392/214/288 390/212/286 391/213/287
f 391/213/287 393/215/289 392/214/288
f 397/216/290 394/217/291 395/147/292
f 394/217/291 396/199/293 395/147/292
f 397/216/290 395/147/292 398/218/294
f 398/218/294 399/219/295 397/216/290
f 399/219/295 398/218/294 400/220/296
f 400/220/296 401/221/297 399/219/295
f 405/222/298 402/223/299 403/224/300
f 402/223/299 404/225/301 403/224/300
f 403/224/300 406/226/302 405/222/298
f 405/222/298 406/226/302 407/227/303
f 407/227/303 408/228/304 405/222/298
f 409/160/305 408/228/304 407/227/303
f 407/227/303 410/229/306 409/160/305
f 411/222/305 410/229/307 412/224/308
f 412/224/308 413/223/309 411/222/305
f 412/224/308 414/225/310 413/223/309
f 416/1/311 415/230/312 417/231/313
f 417/231/313 418/147/314 416/1/311
f 420/1/315 419/232/316 421/233/317
f 421/233/317 422/147/318 420/1/315
f 424/1/319 423/234/320 425/235/321
f 425/235/321 426/147/322 424/1/319
f 428/1/323 427/236/324 429/237/325
f 429/237/325 430/147/319 428/1/323
f 432/1/326 431/238/327 433/239/324
f 433/239/324 434/147/323 432/1/326
f 436/1/328 435/232/329 437/235/330
f 437/235/330 438/147/331 436/1/328
f 440/1/332 439/240/332 441/231/333
f 441/231/333 442/147/334 440/1/332
f 444/1/335 443/230/336 445/241/337
f 445/241/337 446/147/338 444/1/335
f 448/242/339 447/243/340 449/244/327
f 449/244/327 450/147/326 448/242/339
f 452/1/338 451/245/341 453/239/342
f 453/239/342 454/147/343 452/1/338
f 456/1/343 455/236/344 457/244/345
f 457/244/345 458/147/346 456/1/343
f 460/1/347 459/246/347 461/247/348
f 461/247/348 462/147/349 460/1/347
f 464/248/350 463/249/351 465/1/346
f 465/1/346 466/238/345 464/248/350
f 468/1/352 467/250/353 469/251/354
f 469/251/354 470/147/354 468/1/352
f 472/1/355 471/252/355 473/253/356
f 473/253/356 474/147/356 472/1/355
f 476/1/354 475/252/354 477/251/355
f 477/251/355 478/147/355 476/1/354
f 481/254/357 480/255/358 479/256/359
f 479/256/359 482/257/360 481/254/357
f 481/254/357 483/258/361 480/255/358
f 484/259/362 480/255/358 483/258/361
f 485/260/363 480/255/358 484/259/362
f 485/260/363 479/256/359 480/255/358
f 486/261/364 487/262/365 489/263/366
f 486/261/364 488/264/367 487/262/365
f 486/261/364 489/263/366 490/265/368
f 490/265/368 491/266/369 486/261/364
f 491/266/369 493/267/370 492/268/371
f 490/265/368 493/267/370 491/266/369
f 494/269/372 496/270/373 490/265/368
f 496/270/373 494/269/372 495/271/374
f 497/272/375 496/270/373 495/271/374
f 495/271/374 488/264/367 497/272/375
f 495/271/374 487/262/365 488/264/367
f 489/263/366 494/269/372 490/265/368
f 499/273/376 498/274/377 500/275/378
f 500/275/378 501/276/379 499/273/376
f 503/277/380 502/278/381 504/279/382
f 504/279/382 505/280/383 503/277/380
f 505/280/383 504/279/382 506/281/384
f 506/281/384 507/282/385 505/280/383
f 511/283/386 507/282/385 506/281/384
f 506/281/384 510/284/387 508/285/388
f 508/285/388 509/286/389 506/281/384
f 506/281/384 509/286/389 511/283/386
s 0
f 511/283/390 513/287/390 512/288/390
s 1
f 512/288/389 507/282/385 511/283/386
f 515/289/391 514/290/392 516/291/393
f 516/291/393 517/292/394 515/289/391
f 517/292/394 516/291/393 518/293/395
f 518/293/395 519/294/396 517/292/394
f 519/294/396 518/293/395 520/295/397
f 520/295/397 518/293/395 521/296/398
s 0
f 521/296/399 522/297/399 520/295/399
s 1
f 520/295/397 523/298/398 519/294/396
f 519/294/396 523/298/398 524/299/400
f 524/299/400 525/300/401 519/294/396
usemtl philips_fc7088_01_decol_mat
f 7/5/5 5/6/6 6/7/7
f 8/8/8 7/5/5 6/7/7
f 527/301/402 528/302/403 526/303/404
f 529/304/405 526/303/404 528/302/403
s 0
f 531/305/82 530/306/82 532/307/82
f 532/307/82 533/308/82 531/305/82
f 535/305/82 534/306/82 536/307/82
f 536/307/82 537/308/82 535/305/82
f 539/305/82 538/306/82 540/307/82
f 540/307/82 541/308/82 539/305/82
f 543/305/82 542/306/82 544/307/82
f 544/307/82 545/308/82 543/305/82
f 547/305/82 546/306/82 548/307/82
f 548/307/82 549/308/82 547/305/82
f 551/305/82 550/306/82 552/307/82
f 552/307/82 553/308/82 551/305/82
s 1
f 555/309/406 554/310/407 556/311/408
f 557/312/409 556/311/408 554/310/407
f 554/310/407 558/313/410 557/312/409
f 559/314/411 558/313/410 554/310/407
f 554/310/407 560/315/412 559/314/411
f 554/310/407 561/316/413 560/315/412
f 561/316/413 554/310/407 555/309/406
f 556/311/408 562/317/414 555/309/406
s 0
f 564/318/109 563/319/109 565/320/109
f 565/320/109 566/321/109 564/318/109
f 568/322/415 567/323/415 569/324/415
f 569/324/415 570/325/415 568/322/415
f 572/326/416 571/327/416 573/328/416
f 573/328/416 574/329/416 572/326/416
s 1
f 576/330/417 575/331/418 577/332/419
f 578/333/420 577/332/419 575/331/418
f 575/331/418 579/334/421 578/333/420
f 580/335/422 584/336/423 582/337/424
f 584/336/423 580/335/422 581/338/425
f 582/337/424 583/339/426 580/335/422
s 0
f 586/306/427 585/340/427 587/341/427
f 587/341/427 588/342/427 586/306/427
s 1
usemtl philips_fc7088_01_body_normal_mat
f 12/9/9 9/10/10 10/11/11
f 10/11/11 11/12/12 12/9/9
f 12/9/9 13/13/13 9/10/10
f 15/14/14 9/10/10 13/13/13
f 13/13/13 14/15/15 15/14/14
f 590/343/428 589/344/429 591/345/430
f 593/346/431 592/347/432 589/344/429
f 594/348/433 593/346/431 589/344/429
f 589/344/429 612/349/434 594/348/433
f 595/350/435 594/348/433 612/349/434
f 597/351/436 595/350/435 612/349/434
f 612/349/434 596/352/437 597/351/436
f 598/353/438 597/351/436 596/352/437
f 599/354/439 598/353/438 596/352/437
f 596/352/437 602/355/440 599/354/439
f 600/356/441 599/354/439 602/355/440
f 602/355/440 596/352/437 601/357/442
f 601/357/442 603/358/443 602/355/440
f 602/355/440 605/359/444 600/356/441
f 604/360/445 600/356/441 605/359/444
f 603/358/443 606/361/446 605/359/444
f 603/358/443 605/359/444 602/355/440
f 607/362/447 601/357/442 596/352/437
f 608/363/448 607/362/447 596/352/437
f 609/364/449 608/363/448 596/352/437
f 596/352/437 610/365/450 609/364/449
f 612/349/434 610/365/450 596/352/437
f 611/366/451 610/365/450 612/349/434
f 613/367/452 611/366/451 612/349/434
f 612/349/434 589/344/429 613/367/452
f 590/343/428 613/367/452 589/344/429
f 589/344/429 592/347/432 614/15/453
f 614/15/453 591/345/430 589/344/429
f 615/368/454 617/369/455 616/370/456
f 618/371/457 617/369/455 615/368/454
f 617/369/455 618/371/457 619/372/458
f 621/373/459 619/372/458 618/371/457
f 618/371/457 620/374/460 621/373/459
f 624/375/461 621/373/459 620/374/460
f 620/374/460 622/376/462 624/375/461
f 622/376/462 623/377/463 639/378/464
f 639/378/464 624/375/461 622/376/462
f 625/379/465 626/380/466 624/375/461
f 624/375/461 627/381/467 625/379/465
f 628/382/468 627/381/467 624/375/461
f 633/383/469 632/384/470 631/385/471
f 631/385/471 634/386/472 633/383/469
f 632/384/470 633/383/469 626/380/466
f 633/383/469 624/375/461 626/380/466
f 621/373/459 624/375/461 633/383/469
f 634/386/472 621/373/459 633/383/469
f 635/387/473 791/388/474 636/389/475
f 791/388/474 634/386/472 636/389/475
f 628/382/468 636/389/475 629/390/476
f 634/386/472 630/391/477 636/389/475
f 629/390/476 636/389/475 630/391/477
f 637/392/478 638/393/479 636/389/475
f 628/382/468 637/392/478 636/389/475
f 624/375/461 639/378/464 637/392/478
f 637/392/478 628/382/468 624/375/461
f 640/394/480 641/395/481 639/378/464
f 639/378/464 642/396/482 637/392/478
f 641/395/481 640/394/480 643/397/483
f 641/395/481 643/397/483 645/398/484
f 644/399/485 641/395/481 646/400/486
f 645/398/484 646/400/486 641/395/481
f 646/400/486 647/401/487 644/399/485
f 783/402/488 647/401/487 648/403/489
f 651/404/490 649/405/491 769/406/492
f 649/405/491 651/404/490 650/407/493
f 651/404/490 769/406/492 648/403/489
f 651/404/490 653/408/494 652/409/495
f 648/403/489 653/408/494 651/404/490
f 653/408/494 648/403/489 655/410/496
f 654/411/497 655/410/496 648/403/489
f 653/408/494 656/412/498 652/409/495
f 657/413/499 652/409/495 656/412/498
f 659/414/500 657/413/499 658/415/501
f 659/414/500 658/415/501 660/416/502
f 646/400/486 659/414/500 660/416/502
f 645/398/484 659/414/500 646/400/486
f 648/403/489 647/401/487 661/417/503
f 661/417/503 654/411/497 648/403/489
f 657/413/499 659/414/500 662/418/504
f 657/413/499 662/418/504 652/409/495
f 762/419/505 649/405/491 650/407/493
f 650/407/493 663/420/506 777/406/507
f 777/406/507 762/419/505 650/407/493
f 664/421/508 777/406/507 663/420/506
f 666/422/509 803/423/510 664/421/508
f 664/421/508 665/411/511 666/422/509
f 667/416/512 675/424/513 677/425/514
f 675/424/513 667/416/512 668/415/515
f 673/426/516 668/415/515 669/427/517
f 675/424/513 668/415/515 673/426/516
f 673/426/516 669/427/517 670/428/518
f 670/428/518 672/429/519 663/420/506
f 663/420/506 672/429/519 664/421/508
f 671/430/520 664/421/508 672/429/519
f 663/420/506 673/426/516 670/428/518
f 674/431/521 675/424/513 673/426/516
f 677/425/514 675/424/513 676/432/522
f 676/432/522 678/397/523 679/433/524
f 679/433/524 677/425/514 676/432/522
f 678/397/523 722/394/525 679/433/524
f 680/434/526 679/433/524 722/394/525
f 679/433/524 680/434/526 683/435/527
f 681/436/528 682/437/529 680/434/526
f 684/438/530 679/433/524 683/435/527
f 686/439/531 685/440/532 679/433/524
f 679/433/524 684/438/530 686/439/531
f 685/440/532 686/439/531 687/441/533
f 685/440/532 687/441/533 688/442/534
f 688/442/534 689/443/535 685/440/532
f 690/444/536 689/443/535 691/393/537
f 691/393/537 692/445/538 690/444/536
f 692/445/538 691/393/537 681/436/528
f 692/445/538 681/436/528 723/446/539
f 701/447/540 690/444/536 692/445/538
f 690/444/536 701/447/540 733/448/541
f 701/447/540 692/445/538 698/449/542
f 698/449/542 692/445/538 693/450/543
f 692/445/538 694/451/544 693/450/543
f 698/449/542 693/450/543 695/385/545
f 695/385/545 696/452/546 698/449/542
f 697/453/547 698/449/542 696/452/546
f 697/453/547 720/454/548 699/455/549
f 697/453/547 699/455/549 698/449/542
f 700/456/550 698/449/542 699/455/549
f 701/447/540 698/449/542 700/456/550
f 716/457/551 701/447/540 700/456/550
f 700/456/550 704/458/552 716/457/551
f 703/459/553 701/447/540 716/457/551
f 716/457/551 704/458/552 702/460/554
f 716/457/551 727/461/555 703/459/553
f 700/456/550 705/462/556 704/458/552
f 706/463/557 705/462/556 700/456/550
f 706/463/557 700/456/550 699/455/549
f 699/455/549 707/464/558 706/463/557
f 707/464/558 699/455/549 708/465/559
f 709/466/560 711/467/561 710/468/562
f 712/469/563 709/466/560 699/455/549
f 699/455/549 709/466/560 708/465/559
f 711/467/561 709/466/560 712/469/563
f 712/469/563 713/470/564 711/467/561
f 713/470/564 714/471/565 711/467/561
f 715/472/566 710/468/562 711/467/561
f 711/467/561 716/457/551 715/472/566
f 716/457/551 717/473/567 715/472/566
f 716/457/551 702/460/554 717/473/567
f 699/455/549 718/474/568 712/469/563
f 718/474/568 699/455/549 720/454/548
f 720/454/548 719/475/569 718/474/568
f 680/434/526 721/377/570 719/475/569
f 719/475/569 720/454/548 680/434/526
f 722/394/525 721/377/570 680/434/526
f 681/436/528 680/434/526 720/454/548
f 720/454/548 723/446/539 681/436/528
f 725/390/571 723/446/539 724/476/572
f 725/390/571 692/445/538 723/446/539
f 725/390/571 694/451/544 692/445/538
f 726/477/573 703/459/553 727/461/555
f 728/478/574 726/477/573 727/461/555
f 727/461/555 729/479/575 728/478/574
f 728/478/576 730/480/577 731/481/578
f 731/481/578 732/482/579 728/478/576
f 726/477/573 728/478/574 735/483/580
f 703/459/553 726/477/573 734/484/581
f 735/483/580 734/484/581 726/477/573
f 734/484/581 733/448/541 703/459/553
f 735/483/580 736/485/582 734/484/581
f 737/486/583 733/448/541 734/484/581
f 737/486/583 690/444/536 733/448/541
f 690/444/536 737/486/583 738/487/584
f 738/487/584 685/440/532 690/444/536
f 677/425/514 679/433/524 738/487/584
f 738/487/584 737/486/583 664/421/508
f 664/421/508 803/423/510 738/487/584
f 737/486/583 776/488/585 777/406/507
f 664/421/508 737/486/583 777/406/507
f 742/489/586 743/490/587 739/491/588
f 777/406/507 742/489/586 761/492/589
f 739/491/588 761/492/589 742/489/586
f 740/493/590 739/491/588 743/490/587
f 741/494/591 740/493/590 743/490/587
f 748/495/592 742/489/586 777/406/507
f 742/489/586 748/495/592 743/490/587
f 747/496/593 743/490/587 748/495/592
f 744/497/594 743/490/587 747/496/593
f 747/496/593 745/498/595 744/497/594
f 744/497/594 741/494/591 743/490/587
f 747/496/593 746/499/596 745/498/595
f 748/495/592 775/500/597 749/501/598
f 775/500/597 748/495/592 776/488/585
f 749/501/598 747/496/593 748/495/592
f 750/502/599 747/496/593 749/501/598
f 747/496/593 750/502/599 746/499/596
f 751/503/600 753/504/601 752/502/602
f 754/499/603 752/502/602 753/504/601
f 755/505/604 754/499/603 753/504/601
f 756/497/605 755/505/604 753/504/601
f 758/506/606 757/494/607 756/497/605
f 753/504/601 758/506/606 756/497/605
f 778/507/608 758/506/606 753/504/601
f 758/506/606 778/507/608 759/508/609
f 769/406/492 759/508/609 778/507/608
f 760/491/610 758/506/606 759/508/609
f 761/492/589 759/508/609 769/406/492
f 759/508/609 761/492/589 760/491/610
f 761/492/589 649/405/491 762/419/505
f 761/492/589 762/419/505 777/406/507
f 761/492/589 763/509/611 760/491/610
f 739/491/588 763/509/611 761/492/589
f 764/510/612 760/491/610 763/509/611
f 763/509/611 765/511/613 764/510/612
f 766/510/614 767/512/613 763/509/611
f 763/509/611 739/491/588 766/510/614
f 758/506/606 760/491/610 768/493/615
f 758/506/606 768/493/615 757/494/607
f 769/406/492 649/405/491 761/492/589
f 770/513/616 769/406/492 771/514/617
f 648/403/489 770/513/616 783/402/488
f 648/403/489 769/406/492 770/513/616
f 788/515/618 635/387/473 770/513/616
f 736/485/619 788/515/618 772/516/620
f 770/513/616 772/516/620 788/515/618
f 772/516/620 770/513/616 771/514/617
f 773/517/621 736/485/619 772/516/620
f 774/518/622 736/485/582 775/500/597
f 776/488/585 737/486/583 774/518/622
f 734/484/581 774/518/622 737/486/583
f 774/518/622 734/484/581 736/485/582
f 777/406/507 776/488/585 748/495/592
f 776/488/585 774/518/622 775/500/597
f 751/503/600 749/501/598 775/500/597
f 751/503/600 775/500/597 778/507/608
f 772/516/620 778/507/608 775/500/597
f 778/507/608 772/516/620 771/514/617
f 778/507/608 753/504/601 751/503/600
f 778/507/608 771/514/617 769/406/492
f 772/516/620 775/500/597 773/517/621
f 635/387/473 636/389/475 770/513/616
f 788/515/618 779/519/623 735/483/624
f 736/485/619 779/519/623 788/515/618
f 638/393/479 780/443/625 636/389/475
f 782/440/626 780/443/625 781/442/627
f 636/389/475 780/443/625 782/440/626
f 636/389/475 782/440/626 783/402/488
f 644/399/485 783/402/488 782/440/626
f 783/402/488 770/513/616 636/389/475
f 644/399/485 782/440/626 784/439/628
f 641/395/481 644/399/485 785/520/629
f 784/439/628 785/520/629 644/399/485
f 782/440/626 786/441/630 784/439/628
f 781/442/627 786/441/630 782/440/626
f 638/393/479 637/392/478 787/521/631
f 642/396/482 787/521/631 637/392/478
f 732/482/579 788/515/618 789/522/632
f 790/523/633 635/387/473 788/515/618
f 788/515/618 732/482/579 790/523/633
f 635/387/473 790/523/633 791/388/474
f 798/524/634 791/388/474 790/523/633
f 792/525/635 791/388/474 798/524/634
f 621/373/459 634/386/472 792/525/635
f 792/525/635 634/386/472 791/388/474
f 621/373/459 792/525/635 794/463/636
f 792/525/635 798/524/634 793/526/637
f 794/463/636 792/525/635 795/527/638
f 793/526/637 795/527/638 792/525/635
f 797/528/639 796/529/640 798/524/634
f 796/529/640 793/526/637 798/524/634
f 799/530/641 797/528/639 798/524/634
f 799/530/641 798/524/634 617/369/455
f 617/369/455 800/531/642 799/530/641
f 801/532/643 621/373/459 802/533/644
f 794/463/636 802/533/644 621/373/459
f 621/373/459 801/532/643 619/372/458
f 619/372/458 800/531/642 617/369/455
f 790/523/633 731/481/578 798/524/634
f 731/481/578 790/523/633 732/482/579
f 789/522/632 728/478/576 732/482/579
f 788/515/618 735/483/624 789/522/632
f 783/402/488 644/399/485 647/401/487
f 677/425/514 738/487/584 803/423/510
f 738/487/584 679/433/524 685/440/532
f 701/447/540 703/459/553 733/448/541
f 685/440/532 689/443/535 690/444/536
f 664/421/508 671/430/520 665/411/511
f 639/378/464 623/377/463 640/394/480
f 811/534/645 810/463/646 809/535/647
f 809/535/647 812/536/648 811/534/645
f 813/537/649 811/534/645 812/536/648
f 822/538/650 823/463/651 824/539/652
f 824/539/652 825/540/653 822/538/650
f 825/540/653 824/539/652 826/541/654
f 829/542/655 828/543/656 830/544/657
f 828/543/656 831/545/658 830/544/657
f 832/546/659 831/545/658 828/543/656
f 833/547/660 837/548/661 834/549/662
f 834/549/662 832/546/659 833/547/660
f 833/547/660 836/550/663 835/551/664
f 835/551/664 837/548/661 833/547/660
f 836/550/663 833/547/660 838/552/665
f 838/552/665 840/553/666 836/550/663
f 839/554/667 840/553/666 838/552/665
f 836/550/663 841/548/668 835/551/664
f 830/544/657 843/545/669 829/542/655
f 829/542/655 843/545/669 844/555/670
f 843/545/669 842/549/671 844/555/670
f 836/550/663 844/555/670 842/549/671
f 844/555/670 836/550/663 845/556/672
f 840/553/666 854/557/673 845/556/672
f 845/556/672 836/550/663 840/553/666
f 849/558/674 847/559/675 848/560/676
f 857/561/677 849/558/674 848/560/676
f 850/562/678 848/560/676 853/563/679
f 848/560/676 850/562/678 857/561/677
f 853/563/679 851/564/680 850/562/678
f 833/547/660 852/565/681 838/552/665
f 838/552/665 852/565/681 839/554/667
f 853/563/679 839/554/667 852/565/681
f 852/565/681 851/564/680 853/563/679
f 853/563/679 846/566/682 854/557/673
f 854/557/673 855/567/683 853/563/679
f 855/567/683 854/557/673 840/553/666
f 840/553/666 839/554/667 855/567/683
f 853/563/679 848/560/676 847/559/675
f 847/559/675 846/566/682 853/563/679
f 856/568/684 858/569/685 857/561/677
f 858/569/685 849/558/674 857/561/677
f 849/558/674 858/569/685 859/570/686
f 842/549/671 841/548/668 836/550/663
f 832/546/659 834/549/662 831/545/658
f 861/571/687 860/572/688 862/573/689
f 860/572/688 861/571/687 863/574/690
f 863/574/690 864/575/691 860/572/688
f 864/575/691 863/574/690 865/576/692
f 865/576/692 866/577/693 864/575/691
f 866/577/693 865/576/692 867/578/694
f 867/578/694 868/579/695 866/577/693
f 870/580/696 869/581/697 868/579/695
f 868/579/695 867/578/694 870/580/696
f 869/581/697 870/580/696 871/582/698
f 873/583/699 872/577/700 865/576/692
f 867/578/694 865/576/692 872/577/700
f 874/572/701 873/583/699 865/576/692
f 865/576/692 861/571/702 874/572/701
f 875/584/703 874/572/701 861/571/702
f 861/571/702 876/585/704 875/584/703
f 876/585/704 888/586/705 875/584/703
f 877/587/706 862/573/689 878/588/707
f 862/573/689 877/587/706 875/584/703
f 879/589/708 880/589/709 877/587/706
f 877/587/706 878/588/707 879/589/708
f 882/590/710 881/591/711 887/592/712
f 880/589/709 887/592/712 881/591/711
f 883/593/713 884/594/714 882/590/710
f 882/590/710 885/595/715 883/593/713
f 887/592/712 885/595/715 882/590/710
f 885/595/715 886/594/716 883/593/713
f 880/589/709 879/589/708 887/592/712
f 862/573/689 875/584/703 888/586/705
f 862/573/689 888/586/705 861/571/687
f 870/580/696 889/596/717 871/582/698
f 871/582/698 890/596/718 869/581/697
f 892/597/719 891/598/720 896/599/721
f 892/597/719 896/599/721 893/600/722
f 894/601/723 892/597/719 893/600/722
f 896/599/721 895/602/724 893/600/722
f 892/597/719 894/601/723 897/603/725
f 897/603/725 898/604/726 892/597/719
f 896/599/721 891/598/720 899/605/727
f 901/606/728 900/607/729 902/608/730
f 902/608/730 903/609/731 901/606/728
f 906/610/732 905/611/733 904/612/734
f 904/612/734 907/613/735 906/610/732
f 906/610/732 907/613/735 908/614/736
f 908/614/736 909/615/737 906/610/732
f 911/616/738 910/617/739 912/618/740
f 912/618/740 913/619/741 911/616/738
f 918/620/742 914/621/743 915/622/744
f 917/623/745 916/624/746 915/622/744
f 916/624/746 918/620/742 915/622/744
f 918/620/742 916/624/746 919/625/747
f 920/626/748 917/623/745 915/622/744
f 915/622/744 921/627/749 920/626/748
f 918/620/742 922/628/750 914/621/743
f 924/629/751 923/630/752 925/631/753
f 925/631/753 926/632/754 924/629/751
f 928/633/755 927/634/756 929/635/757
f 927/634/756 930/636/758 929/635/757
f 930/636/758 927/634/756 931/637/759
f 931/637/759 932/638/760 930/636/758
f 929/635/757 933/639/761 928/633/755
f 959/640/762 934/641/763 935/642/764
f 934/641/763 936/643/765 937/346/766
f 934/641/763 937/346/766 938/348/767
f 938/348/767 939/349/768 934/641/763
f 957/644/769 934/641/763 939/349/768
f 939/349/768 940/366/770 957/644/769
f 939/349/768 941/645/771 940/366/770
f 939/349/768 938/348/767 942/350/772
f 939/349/768 942/350/772 943/351/773
f 956/646/774 943/351/773 944/647/775
f 943/351/773 956/646/774 939/349/768
f 956/646/774 944/647/775 945/354/776
f 945/354/776 951/648/777 956/646/774
f 951/648/777 945/354/776 946/356/778
f 946/356/778 948/359/779 951/648/777
f 948/359/779 946/356/778 947/360/780
f 948/359/779 949/649/781 950/650/782
f 951/648/777 948/359/779 950/650/782
f 951/648/777 950/650/782 952/357/783
f 952/357/783 956/646/774 951/648/777
f 956/646/774 952/357/783 953/651/784
f 956/646/774 953/651/784 954/652/785
f 956/646/774 954/652/785 955/364/786
f 939/349/768 956/646/774 941/645/771
f 956/646/774 955/364/786 941/645/771
f 934/641/763 957/644/769 935/642/764
f 958/638/787 936/643/765 934/641/763
f 934/641/763 959/640/762 958/638/787
s 0
f 961/653/109 960/654/109 962/655/109
f 962/655/109 963/656/109 961/653/109
f 964/657/109 963/656/109 962/655/109
f 962/655/109 965/658/109 964/657/109
f 966/659/109 964/657/109 965/658/109
f 965/658/109 967/660/109 966/659/109
f 969/661/109 968/662/109 970/663/109
f 970/663/109 971/664/109 969/661/109
f 973/663/109 972/664/109 974/661/109
f 974/661/109 975/662/109 973/663/109
s 1
f 977/664/788 976/661/788 978/662/788
s 0
f 978/662/788 979/663/788 977/664/788
f 981/663/109 980/662/109 982/661/109
f 982/661/109 983/664/109 981/663/109
f 985/661/109 984/664/109 986/663/109
f 986/663/109 987/662/109 985/661/109
s 1
f 989/662/789 988/661/789 990/664/789
s 0
f 990/664/789 991/663/789 989/662/789
f 994/665/790 993/666/790 992/667/790
f 996/668/790 993/666/790 995/669/790
f 997/670/790 993/666/790 996/668/790
f 992/667/790 993/666/790 997/670/790
f 1000/671/791 998/672/791 999/673/791
f 1002/674/791 1001/675/791 999/673/791
f 1003/676/791 1002/674/791 999/673/791
f 998/672/791 1003/676/791 999/673/791
s 1
usemtl philips_fc7088_01_body_main_mat
f 1005/677/792 1004/678/793 1006/679/794
f 1006/679/794 1007/680/795 1005/677/792
f 1009/678/796 1008/681/797 1011/682/798
f 1011/682/798 1010/677/799 1009/678/796
f 1019/679/800 1018/678/801 1020/677/802
f 1020/677/802 1021/680/803 1019/679/800
f 1027/683/804 1028/684/805 1026/685/806
f 1037/686/807 1027/683/804 1026/685/806
f 1029/687/808 1037/686/807 1036/688/809
f 1037/686/807 1029/687/808 1027/683/804
f 1032/689/810 1031/690/811 1033/691/812
f 1033/691/812 1034/692/813 1032/689/810
f 1031/690/811 1035/693/814 1033/691/812
f 1035/693/814 1031/690/811 1030/694/815
f 1030/694/815 1036/688/809 1035/693/814
f 1036/688/809 1030/694/815 1029/687/808
f 1027/683/804 1029/687/808 1038/695/816
f 1040/696/817 1038/695/816 1039/697/818
f 1039/697/818 1041/698/819 1040/696/817
f 1042/699/820 1043/700/821 1040/696/817
f 1044/701/822 1040/696/817 1043/700/821
f 1027/683/804 1040/696/817 1044/701/822
f 1044/701/822 1028/684/805 1027/683/804
f 1038/695/816 1040/696/817 1027/683/804
f 1046/702/823 1047/703/824 1045/704/825
f 1047/703/824 1048/705/826 1045/704/825
f 1047/703/824 1049/706/827 1048/705/826
f 1048/705/826 1049/706/827 1050/707/828
f 1048/705/826 1050/707/828 1051/708/829
f 1053/709/830 1052/710/831 1054/711/832
f 1054/711/832 1056/712/833 1053/709/830
f 1056/712/833 1054/711/832 1055/713/834
f 1057/714/835 1056/712/833 1055/713/834
f 1055/713/834 1058/715/836 1057/714/835
f 1057/714/835 1058/715/836 1059/716/837
f 1081/717/838 1065/718/839 1066/719/840
f 1065/718/839 1081/717/838 1067/720/841
f 1067/720/841 1064/721/842 1065/718/839
f 1063/722/843 1064/721/842 1067/720/841
f 1067/720/841 1069/723/844 1063/722/843
f 1068/724/845 1069/723/844 1067/720/841
f 1071/725/846 1076/726/847 1070/727/848
f 1076/726/847 1072/728/849 1070/727/848
f 1070/727/848 1072/728/849 1061/729/850
f 1061/729/850 1072/728/849 1060/730/851
f 1060/730/851 1072/728/849 1073/731/852
f 1073/731/852 1075/732/853 1074/733/854
f 1074/733/854 1060/730/851 1073/731/852
f 1061/729/850 1062/734/855 1069/723/844
f 1069/723/844 1070/727/848 1061/729/850
f 1063/722/843 1069/723/844 1062/734/855
f 1071/725/846 1077/735/856 1076/726/847
f 1079/736/857 1078/737/858 1077/735/856
f 1077/735/856 1071/725/846 1079/736/857
f 1067/720/841 1080/738/859 1068/724/845
f 1080/738/859 1067/720/841 1081/717/838
f 1081/717/838 1066/719/840 1082/739/860
f 1120/740/861 1084/741/862 1083/742/863
f 1120/740/861 1083/742/863 1085/743/864
f 1086/744/865 1087/745/866 1120/740/861
f 1084/741/862 1120/740/861 1087/745/866
f 1087/745/866 1088/746/867 1084/741/862
f 1084/741/862 1088/746/867 1089/747/868
s 0
f 1089/747/869 1086/744/869 1090/748/869
s 1
f 1090/748/870 1091/749/871 1089/747/868
f 1089/747/868 1091/749/871 1084/741/862
s 0
f 1120/740/872 1090/748/872 1086/744/872
f 1092/750/873 1090/748/873 1120/740/873
s 1
f 1093/751/874 1092/750/875 1094/752/876
f 1092/750/875 1095/753/877 1094/752/876
f 1120/740/878 1095/753/877 1092/750/875
f 1109/754/879 1083/742/863 1084/741/862
f 1097/755/880 1109/754/879 1098/756/881
f 1096/757/882 1098/756/881 1109/754/879
f 1101/758/883 1100/759/884 1099/760/885
f 1100/759/884 1101/758/883 1102/761/886
f 1102/761/886 1103/762/887 1100/759/884
f 1102/761/886 1107/763/888 1103/762/887
f 1104/764/889 1107/763/888 1102/761/886
f 1105/765/890 1107/763/888 1104/764/889
f 1104/764/889 1106/766/891 1105/765/890
f 1107/763/888 1108/767/892 1097/755/880
f 1107/763/888 1105/765/890 1108/767/892
f 1109/754/879 1108/767/892 1083/742/863
f 1097/755/880 1108/767/892 1109/754/879
f 1110/768/893 1105/765/890 1106/766/891
f 1110/768/893 1106/766/891 1112/769/894
f 1111/770/895 1112/769/894 1106/766/891
f 1112/769/894 1113/771/896 1118/772/897
f 1118/772/897 1110/768/893 1112/769/894
f 1110/768/893 1118/772/897 1114/773/898
f 1118/772/897 1113/771/896 1115/774/899
f 1118/772/897 1115/774/899 1116/775/900
f 1116/775/900 1115/774/899 1117/776/901
f 1119/777/902 1114/773/898 1118/772/897
f 1119/777/902 1118/772/897 1120/740/861
f 1120/740/861 1085/743/864 1119/777/902
f 1121/778/903 1122/779/904 1124/780/905
f 1122/779/904 1121/778/903 1123/781/906
f 1124/780/905 1125/782/907 1121/778/903
f 1126/783/908 1125/782/907 1124/780/905
f 1124/780/905 1129/784/908 1126/783/908
f 1126/783/908 1129/784/908 1127/785/909
f 1127/785/909 1128/786/910 1126/783/908
f 1127/785/909 1130/787/911 1128/786/910
f 1131/788/911 1130/787/911 1127/785/909
f 1123/781/906 1132/789/912 1122/779/904
f 1132/789/912 1123/781/906 1133/790/913
f 1133/790/913 1134/791/914 1132/789/912
f 1135/792/915 1136/793/916 1133/790/913
f 1133/790/913 1136/793/916 1134/791/914
f 1137/794/917 1136/793/916 1135/792/915
f 1138/795/918 1137/794/917 1135/792/915
f 1135/792/915 1139/796/919 1138/795/918
f 1142/797/920 1141/798/921 1140/799/922
f 1140/799/922 1143/800/923 1142/797/920
f 1145/801/924 1143/800/923 1140/799/922
f 1140/799/922 1144/802/925 1145/801/924
f 1143/800/923 1145/801/924 1146/803/926
f 1143/800/923 1146/803/926 1147/804/927
f 1143/800/923 1148/805/928 1196/806/929
f 1147/804/927 1148/805/928 1143/800/923
f 1196/806/929 1148/805/928 1194/807/930
f 1148/805/928 1147/804/927 1149/808/931
f 1150/809/932 1148/805/928 1149/808/931
f 1151/810/933 1150/809/932 1152/811/934
f 1149/808/931 1152/811/934 1150/809/932
f 1153/812/935 1151/810/933 1152/811/934
f 1152/811/934 1154/813/936 1153/812/935
f 1153/812/935 1154/813/936 1155/814/937
f 1157/815/938 1155/814/937 1156/816/939
f 1155/814/937 1157/815/938 1153/812/935
f 1156/816/939 1158/817/940 1157/815/938
f 1159/818/941 1160/819/942 1158/817/940
f 1158/817/940 1156/816/939 1159/818/941
f 1160/819/942 1159/818/941 1162/820/943
f 1162/820/943 1161/821/944 1160/819/942
f 1161/821/944 1162/820/943 1163/822/945
f 1165/823/946 1163/822/945 1164/824/947
f 1163/822/945 1165/823/946 1161/821/944
f 1164/824/947 1166/825/948 1165/823/946
f 1167/826/949 1166/825/948 1164/824/947
f 1164/824/947 1168/827/950 1167/826/949
f 1170/828/951 1167/826/949 1168/827/950
f 1168/827/950 1169/829/952 1170/828/951
f 1170/828/951 1169/829/952 1171/830/953
f 1171/830/953 1175/831/954 1170/828/951
f 1175/831/954 1171/830/953 1172/832/955
f 1175/831/954 1172/832/955 1173/833/956
f 1184/834/957 1174/835/958 1175/831/954
f 1176/836/959 1180/837/960 1175/831/954
f 1184/834/957 1175/831/954 1180/837/960
f 1175/831/954 1177/838/961 1176/836/959
f 1175/831/954 1173/833/956 1177/838/961
f 1180/837/960 1176/836/959 1178/839/962
f 1180/837/960 1178/839/962 1179/840/963
f 1180/837/960 1179/840/963 1193/841/964
f 1180/837/960 1182/842/965 1181/843/966
f 1190/844/967 1181/843/966 1182/842/965
f 1181/843/966 1190/844/967 1183/845/968
f 1183/845/968 1184/834/957 1181/843/966
f 1184/834/957 1183/845/968 1185/846/969
f 1174/835/958 1184/834/957 1185/846/969
f 1185/846/969 1186/847/970 1174/835/958
f 1187/848/971 1174/835/958 1186/847/970
f 1186/847/970 1188/849/972 1187/848/971
f 1189/850/973 1187/848/971 1188/849/972
f 1189/850/973 1170/828/951 1187/848/971
f 1170/828/951 1175/831/954 1187/848/971
f 1187/848/971 1175/831/954 1174/835/958
f 1180/837/960 1181/843/966 1184/834/957
f 1190/844/967 1182/842/965 1191/851/974
f 1191/851/974 1141/798/921 1190/844/967
f 1180/837/960 1191/851/974 1182/842/965
f 1191/851/974 1180/837/960 1140/799/922
f 1193/841/964 1140/799/922 1180/837/960
f 1140/799/922 1193/841/964 1192/852/975
f 1140/799/922 1192/852/975 1144/802/925
f 1191/851/974 1140/799/922 1141/798/921
f 1196/806/929 1194/807/930 1195/853/976
f 1196/806/929 1195/853/976 1197/854/977
f 1197/854/977 1142/797/920 1143/800/923
f 1143/800/923 1196/806/929 1197/854/977
s 0
f 1200/855/791 1199/856/791 1198/857/791
f 1198/857/791 1201/858/791 1200/855/791
f 1202/859/791 1200/855/791 1201/858/791
f 1202/859/791 1201/858/791 1203/860/791
f 1203/860/791 1204/861/791 1202/859/791
f 1205/862/791 1204/861/791 1203/860/791
f 1203/860/791 1206/863/791 1205/862/791
f 1206/863/791 1207/864/791 1208/865/791
f 1208/865/791 1205/862/791 1206/863/791
f 1210/866/978 1209/867/978 1211/868/978
f 1211/868/978 1212/869/978 1210/866/978
f 1213/870/979 1215/871/979 1214/872/979
f 1215/871/980 1213/870/980 1216/873/980
f 1217/874/981 1215/871/981 1216/873/981
f 1218/875/791 1217/874/791 1216/873/791
f 1219/876/791 1218/875/791 1220/877/791
f 1216/873/791 1220/877/791 1218/875/791
f 1221/878/791 1219/876/791 1220/877/791
f 1220/877/791 1222/879/791 1221/878/791
s 1
f 1214/872/982 1215/871/983 1223/880/984
f 1214/872/982 1223/880/984 1224/881/985
f 1214/872/982 1224/881/985 1225/882/791
s 0
f 1214/872/791 1225/882/791 1226/883/791
f 1214/872/791 1226/883/791 1227/884/791
f 1214/872/791 1227/884/791 1228/885/791
f 1230/886/82 1229/887/82 1231/866/82
f 1231/866/82 1232/869/82 1230/886/82
f 1234/886/986 1233/888/986 1235/889/986
f 1235/889/987 1236/887/987 1234/886/987
s 1
f 1238/890/988 1237/891/989 1239/892/990
f 1240/893/991 1239/892/990 1237/891/989
f 1242/894/992 1241/895/993 1237/891/989
f 1242/894/992 1237/891/989 1243/896/994
f 1244/897/995 1243/896/994 1237/891/989
f 1237/891/989 1238/890/988 1244/897/995
f 1238/890/988 1245/898/996 1244/897/995
f 1245/898/996 1238/890/988 1246/899/997
f 1246/899/997 1247/900/998 1245/898/996
f 1246/899/997 1248/901/999 1247/900/998
f 1248/901/999 1246/899/997 1250/902/1000
f 1250/902/1000 1249/903/1001 1248/901/999
f 1250/902/1000 1258/904/1002 1249/903/1001
f 1250/902/1000 1257/905/1003 1258/904/1002
f 1254/906/1004 1257/905/1003 1250/902/1000
f 1250/902/1000 1251/907/1005 1254/906/1004
f 1251/907/1005 1250/902/1000 1246/899/997
f 1246/899/997 1252/908/1006 1251/907/1005
f 1252/908/1006 1246/899/997 1238/890/988
f 1238/890/988 1253/909/1007 1252/908/1006
f 1239/892/990 1253/909/1007 1238/890/988
f 1254/906/1004 1255/910/1008 1256/911/1009
f 1256/911/1009 1257/905/1003 1254/906/1004
f 1259/912/1010 1258/904/1002 1257/905/1003
f 1257/905/1003 1256/911/1009 1259/912/1010
f 1258/904/1002 1259/912/1010 1260/913/1011
f 1258/904/1002 1260/913/1011 1261/914/1012
f 1261/914/1012 1262/915/1013 1258/904/1002
s 0
f 1264/916/1014 1263/886/1014 1265/869/1014
f 1265/869/1014 1266/917/1014 1264/916/1014
f 1268/887/1015 1267/918/1015 1269/919/1015
f 1269/919/1016 1270/866/1016 1268/887/1016
f 1272/920/790 1271/921/790 1273/922/790
f 1273/922/790 1274/923/790 1272/920/790
f 1276/920/1017 1275/924/1017 1277/925/1017
f 1277/925/1017 1278/926/1017 1276/920/1017
f 1280/923/1018 1279/927/1018 1281/928/1018
f 1281/928/1018 1282/929/1018 1280/923/1018
s 1
f 1284/930/1019 1283/931/1020 1285/932/1021
f 1285/932/1021 1286/933/1022 1284/930/1019
f 1288/934/1023 1287/935/1024 1289/936/1025
f 1289/936/1025 1290/937/1026 1288/934/1023
s 0
f 1292/923/82 1291/929/82 1293/924/82
f 1293/924/82 1294/920/82 1292/923/82
s 1
f 1296/938/1027 1295/939/1028 1297/940/1029
f 1297/940/1029 1298/941/1030 1296/938/1027
f 1298/941/1030 1297/940/1029 1299/942/1031
f 1299/942/1031 1300/943/1032 1298/941/1030
f 1301/715/1033 1300/943/1032 1299/942/1031
f 1302/944/1034 1303/945/1035 1304/946/1036
f 1304/946/1036 1305/947/1037 1302/944/1034
f 1306/948/1038 1305/947/1037 1304/946/1036
f 1307/949/1039 1306/948/1038 1304/946/1036
f 1306/948/1038 1307/949/1039 1308/714/1040
f 1310/950/1041 1309/951/1042 1311/795/1043
f 1311/795/1043 1312/796/1043 1310/950/1041
f 1315/952/1044 1313/953/1045 1314/954/1046
f 1314/954/1046 1316/955/1047 1315/952/1044
f 1318/956/1048 1317/957/1049 1319/958/1050
f 1319/958/1050 1320/959/1051 1318/956/1048
f 1321/960/1052 1318/956/1048 1320/959/1051
f 1321/960/1052 1320/959/1051 1322/961/1053
f 1322/961/1053 1323/962/1054 1321/960/1052
f 1322/961/1053 1324/963/1055 1323/962/1054
f 1328/964/1056 1325/965/1057 1326/966/1058
f 1328/964/1056 1327/967/1059 1325/965/1057
f 1328/964/1056 1361/968/1060 1327/967/1059
f 1330/969/1061 1328/964/1056 1326/966/1058
f 1328/964/1056 1330/969/1061 1329/970/1062
f 1329/970/1062 1337/971/1063 1328/964/1056
f 1326/966/1058 1331/972/1064 1330/969/1061
f 1332/973/1065 1331/972/1064 1326/966/1058
f 1326/966/1058 1333/974/1066 1332/973/1065
f 1332/973/1065 1333/974/1066 1334/975/1067
s 0
f 1334/975/1068 1329/970/1068 1332/973/1068
f 1337/971/1069 1329/970/1069 1334/975/1069
f 1337/971/1070 1334/975/1070 1335/976/1070
s 1
f 1335/976/1071 1338/977/1072 1337/971/1073
f 1338/977/1072 1335/976/1071 1336/978/1074
f 1339/979/1075 1326/966/1058 1325/965/1057
f 1339/979/1075 1341/980/1076 1340/981/1077
f 1325/965/1057 1341/980/1076 1339/979/1075
f 1341/980/1076 1342/982/1078 1354/983/1079
f 1347/984/1080 1342/982/1078 1343/985/1081
f 1345/986/1082 1343/985/1081 1359/987/1083
f 1344/988/1084 1359/987/1083 1343/985/1081
f 1345/986/1082 1347/984/1080 1343/985/1081
f 1346/989/1085 1347/984/1080 1345/986/1082
f 1342/982/1078 1347/984/1080 1348/990/1086
f 1348/990/1086 1354/983/1079 1342/982/1078
f 1349/991/1087 1354/983/1079 1348/990/1086
f 1352/992/1088 1353/993/1089 1349/991/1087
f 1349/991/1087 1353/993/1089 1354/983/1079
f 1349/991/1087 1350/994/1090 1352/992/1088
f 1351/995/1091 1352/992/1088 1350/994/1090
f 1339/979/1075 1355/996/1092 1356/997/1093
f 1355/996/1092 1339/979/1075 1340/981/1077
f 1359/987/1083 1357/998/1094 1345/986/1082
f 1363/999/1095 1357/998/1094 1359/987/1083
f 1358/1000/1096 1363/999/1095 1359/987/1083
f 1359/987/1083 1344/988/1084 1360/1001/1097
f 1361/968/1060 1359/987/1083 1360/1001/1097
f 1360/1001/1097 1327/967/1059 1361/968/1060
f 1362/1002/1098 1363/999/1095 1358/1000/1096
f 1340/981/1077 1341/980/1076 1354/983/1079
f 1365/1003/1099 1364/1004/1100 1366/1005/1101
f 1367/1006/1102 1366/1005/1101 1364/1004/1100
f 1364/1004/1100 1368/1007/1103 1367/1006/1102
f 1367/1006/1102 1368/1007/1103 1369/1008/1104
f 1369/1008/1104 1370/1009/1104 1367/1006/1102
f 1371/1010/1105 1370/1009/1104 1369/1008/1104
f 1369/1008/1104 1372/1011/1105 1371/1010/1105
f 1371/1010/1105 1372/1011/1105 1373/1012/1106
f 1374/1013/1106 1371/1010/1105 1373/1012/1106
f 1366/1005/1101 1375/1014/1107 1365/1003/1099
f 1376/1015/1108 1365/1003/1099 1375/1014/1107
f 1375/1014/1107 1377/1016/1109 1376/1015/1108
f 1377/1016/1109 1378/1017/1110 1376/1015/1108
f 1379/1018/1111 1376/1015/1108 1378/1017/1110
f 1380/1019/1112 1379/1018/1111 1378/1017/1110
f 1379/1018/1111 1380/1019/1112 1381/1020/1113
f 1381/1020/1113 1382/1021/1114 1379/1018/1111
f 1383/1022/1115 1435/1023/1116 1384/1024/1117
f 1384/1024/1117 1385/1025/1118 1383/1022/1115
f 1383/1022/1115 1385/1025/1118 1387/1026/1119
f 1387/1026/1119 1386/1027/1120 1383/1022/1115
f 1388/1028/1121 1387/1026/1119 1385/1025/1118
f 1389/1029/1122 1388/1028/1121 1385/1025/1118
f 1439/1030/1123 1390/1031/1124 1385/1025/1118
f 1385/1025/1118 1390/1031/1124 1389/1029/1122
f 1437/1032/1125 1390/1031/1124 1439/1030/1123
f 1390/1031/1124 1391/1033/1126 1389/1029/1122
f 1391/1033/1126 1390/1031/1124 1392/1034/1127
f 1393/1035/1128 1392/1034/1127 1394/1036/1129
f 1392/1034/1127 1393/1035/1128 1391/1033/1126
f 1393/1035/1128 1394/1036/1129 1395/1037/1130
f 1395/1037/1130 1396/1038/1131 1393/1035/1128
f 1397/1039/1132 1396/1038/1131 1395/1037/1130
f 1395/1037/1130 1398/1040/1133 1397/1039/1132
f 1399/1041/1134 1397/1039/1132 1398/1040/1133
f 1398/1040/1133 1400/817/1135 1399/1041/1134
f 1400/817/1135 1402/1042/1136 1401/1043/1136
f 1401/1043/1136 1399/1041/1134 1400/817/1135
f 1402/1042/1136 1404/1044/1137 1403/1045/1138
f 1403/1045/1138 1401/1043/1136 1402/1042/1136
f 1404/1044/1137 1406/1046/1139 1405/1047/1140
f 1405/1047/1140 1403/1045/1138 1404/1044/1137
f 1406/1046/1139 1408/1048/1141 1407/1049/1142
f 1407/1049/1142 1405/1047/1140 1406/1046/1139
f 1407/1049/1142 1408/1048/1141 1409/1050/1143
f 1409/1050/1143 1410/1051/1144 1407/1049/1142
f 1412/1052/1145 1413/1053/1146 1411/1054/1147
f 1414/1055/1148 1413/1053/1146 1412/1052/1145
f 1413/1053/1146 1414/1055/1148 1415/1056/1149
f 1415/1056/1149 1428/1057/1150 1413/1053/1146
f 1428/1057/1150 1420/1058/1151 1413/1053/1146
f 1413/1053/1146 1420/1058/1151 1411/1054/1147
f 1411/1054/1147 1420/1058/1151 1417/1059/1152
f 1416/1060/1153 1417/1059/1152 1420/1058/1151
f 1418/1061/1154 1416/1060/1153 1420/1058/1151
f 1419/1062/1155 1418/1061/1154 1420/1058/1151
f 1421/1063/1156 1419/1062/1155 1420/1058/1151
f 1422/1064/1157 1421/1063/1156 1432/1065/1158
f 1420/1058/1151 1432/1065/1158 1421/1063/1156
f 1432/1065/1158 1420/1058/1151 1426/1066/1159
f 1426/1066/1159 1424/1067/1160 1432/1065/1158
f 1423/1068/1161 1422/1064/1157 1432/1065/1158
f 1424/1067/1160 1429/1069/1162 1432/1065/1158
f 1424/1067/1160 1426/1066/1159 1425/1070/1163
f 1427/1071/1164 1425/1070/1163 1426/1066/1159
f 1427/1071/1164 1426/1066/1159 1428/1057/1150
f 1420/1058/1151 1428/1057/1150 1426/1066/1159
f 1428/1057/1150 1415/1056/1149 1427/1071/1164
f 1425/1070/1163 1430/1072/1165 1424/1067/1160
f 1429/1069/1162 1424/1067/1160 1430/1072/1165
f 1430/1072/1165 1435/1023/1116 1431/1073/1166
f 1431/1073/1166 1429/1069/1162 1430/1072/1165
f 1429/1069/1162 1431/1073/1166 1432/1065/1158
f 1383/1022/1115 1432/1065/1158 1431/1073/1166
f 1432/1065/1158 1383/1022/1115 1433/1074/1167
f 1433/1074/1167 1423/1068/1161 1432/1065/1158
f 1434/1075/1168 1433/1074/1167 1383/1022/1115
f 1386/1027/1120 1434/1075/1168 1383/1022/1115
f 1435/1023/1116 1383/1022/1115 1431/1073/1166
f 1417/1059/1152 1436/1076/1169 1411/1054/1147
f 1411/1054/1147 1436/1076/1169 1410/1051/1144
f 1410/1051/1144 1409/1050/1143 1411/1054/1147
f 1438/1077/1170 1437/1032/1125 1439/1030/1123
f 1440/1078/1171 1438/1077/1170 1439/1030/1123
f 1440/1078/1171 1439/1030/1123 1385/1025/1118
f 1385/1025/1118 1384/1024/1117 1440/1078/1171
s 0
f 1441/857/790 1442/1079/790 1443/1080/790
f 1443/1080/790 1444/1081/790 1441/857/790
f 1444/1081/790 1443/1080/790 1445/1082/790
f 1446/1083/790 1444/1081/790 1445/1082/790
f 1445/1082/790 1447/1084/790 1446/1083/790
f 1446/1083/790 1447/1084/790 1448/1085/790
f 1448/1085/790 1449/1086/790 1446/1083/790
f 1450/1087/790 1451/1088/790 1449/1086/790
f 1449/1086/790 1448/1085/790 1450/1087/790
f 1453/1089/1172 1452/1090/1172 1454/1091/1172
f 1454/1091/1172 1455/1092/1172 1453/1089/1172
f 1460/1093/1173 1456/1094/1173 1457/1095/1173
f 1456/1094/1174 1458/1096/1174 1457/1095/1174
f 1460/1093/1175 1457/1095/1175 1459/1097/1175
f 1461/1098/790 1462/1099/790 1460/1093/790
f 1460/1093/790 1459/1097/790 1461/1098/790
f 1462/1099/790 1461/1098/790 1463/1100/790
f 1462/1099/790 1463/1100/790 1464/1101/790
f 1464/1101/790 1465/1102/790 1462/1099/790
s 1
f 1458/1096/1176 1466/1103/1177 1457/1095/1178
f 1458/1096/1176 1467/881/1179 1466/1103/1177
f 1458/1096/1176 1468/1104/790 1467/881/1179
s 0
f 1458/1096/790 1469/1105/790 1468/1104/790
f 1458/1096/790 1470/1106/790 1469/1105/790
f 1458/1096/790 1471/885/790 1470/1106/790
f 1473/1091/82 1472/1107/82 1474/1108/82
f 1474/1108/82 1475/1092/82 1473/1091/82
f 1477/1109/1180 1476/1110/1180 1478/1108/1180
f 1478/1108/1181 1479/1107/1181 1477/1109/1181
s 1
f 1481/1111/1182 1480/1112/1183 1482/1113/1184
f 1480/1112/1183 1481/1111/1182 1483/1114/1185
f 1485/1115/1186 1480/1112/1183 1484/1116/1187
f 1485/1115/1186 1486/1117/1188 1480/1112/1183
f 1480/1112/1183 1486/1117/1188 1487/1118/1189
f 1487/1118/1189 1482/1113/1184 1480/1112/1183
f 1487/1118/1189 1488/1119/1190 1482/1113/1184
f 1489/1120/1191 1482/1113/1184 1488/1119/1190
f 1488/1119/1190 1490/1121/1192 1489/1120/1191
f 1490/1121/1192 1491/1122/1193 1489/1120/1191
f 1493/1123/1194 1489/1120/1191 1491/1122/1193
f 1491/1122/1193 1492/1124/1195 1493/1123/1194
f 1492/1124/1195 1494/1125/1196 1493/1123/1194
f 1494/1125/1196 1499/1126/1197 1493/1123/1194
f 1499/1126/1197 1494/1125/1196 1495/1127/1198
f 1494/1125/1196 1496/1128/1199 1495/1127/1198
f 1494/1125/1196 1497/914/1200 1496/1128/1199
f 1494/1125/1196 1498/1129/1201 1497/914/1200
f 1495/1127/1198 1500/1130/1202 1499/1126/1197
f 1502/1131/1203 1499/1126/1197 1500/1130/1202
f 1500/1130/1202 1501/910/1204 1502/1131/1203
f 1493/1123/1194 1499/1126/1197 1502/1131/1203
f 1502/1131/1203 1503/1132/1205 1493/1123/1194
f 1489/1120/1191 1493/1123/1194 1503/1132/1205
f 1503/1132/1205 1504/1133/1206 1489/1120/1191
f 1482/1113/1184 1489/1120/1191 1504/1133/1206
f 1504/1133/1206 1505/1134/1207 1482/1113/1184
f 1482/1113/1184 1505/1134/1207 1481/1111/1182
s 0
f 1507/1092/1014 1506/1108/1014 1508/1135/1014
f 1508/1135/1014 1509/1136/1014 1507/1092/1014
f 1511/1137/1015 1510/1138/1015 1512/1107/1015
f 1512/1107/1016 1513/1091/1016 1511/1137/1016
f 1515/1139/791 1514/1140/791 1516/1141/791
f 1516/1141/791 1517/1142/791 1515/1139/791
f 1519/1143/1017 1518/1144/1017 1520/1141/1017
f 1520/1141/1017 1521/1145/1017 1519/1143/1017
f 1523/1146/1018 1522/1147/1018 1524/1142/1018
f 1524/1142/1018 1525/1148/1018 1523/1146/1018
s 1
f 1527/1149/1208 1526/1150/1209 1528/1151/1210
f 1528/1151/1210 1529/1152/1211 1527/1149/1208
s 0
f 1531/1144/82 1530/1148/82 1532/1142/82
f 1532/1142/82 1533/1141/82 1531/1144/82
s 1
f 1535/1153/1212 1534/1154/1213 1536/1155/1214
f 1536/1155/1214 1537/1156/1215 1535/1153/1212
f 1538/1157/1216 1535/1153/1212 1537/1156/1215
f 1537/1156/1215 1539/1158/1217 1538/1157/1216
f 1540/962/1218 1538/1157/1216 1539/1158/1217
f 1543/1159/1219 1542/1160/1220 1541/1161/1221
f 1541/1161/1221 1544/1162/1222 1543/1159/1219
f 1545/1163/1223 1543/1159/1219 1544/1162/1222
f 1546/1164/1224 1543/1159/1219 1545/1163/1223
f 1545/1163/1223 1547/961/1225 1546/1164/1224
f 1550/1020/1226 1548/1165/1227 1549/1166/1228
f 1549/1166/1228 1551/1021/1229 1550/1020/1226
s 0
f 1552/1167/791 1554/1168/791 1553/1169/791
f 1555/1170/791 1554/1168/791 1552/1167/791
f 1552/1167/791 1556/1171/791 1555/1170/791
f 1557/1172/791 1554/1168/791 1555/1170/791
f 1555/1170/791 1558/1173/791 1557/1172/791
f 1553/1169/791 1554/1168/791 1559/1174/791
f 1559/1174/791 1562/1175/791 1553/1169/791
f 1562/1175/791 1559/1174/791 1560/1176/791
f 1560/1176/791 1559/1174/791 1561/1177/791
f 1560/1176/791 1563/1178/791 1562/1175/791
f 1561/1177/791 1564/1179/791 1560/1176/791
s 1
f 1566/1180/1230 1565/1181/1231 1567/1182/1231
f 1568/1183/1232 1567/1182/1231 1565/1181/1231
f 1565/1181/1231 1569/1184/1232 1568/1183/1232
f 1570/1185/1233 1568/1183/1232 1569/1184/1232
f 1569/1184/1232 1571/1186/1233 1570/1185/1233
f 1572/1187/1234 1570/1185/1233 1571/1186/1233
f 1571/1186/1233 1573/1188/1234 1572/1187/1234
f 1574/1189/1235 1572/1187/1234 1573/1188/1234
f 1573/1188/1234 1575/1190/1235 1574/1189/1235
f 1576/1191/1236 1574/1189/1235 1575/1190/1235
f 1575/1190/1235 1577/1192/1236 1576/1191/1236
f 1578/1193/1237 1576/1191/1236 1577/1192/1236
f 1577/1192/1236 1579/1194/1237 1578/1193/1237
f 1580/1195/1238 1578/1193/1237 1579/1194/1237
f 1579/1194/1237 1581/1196/1239 1580/1195/1238
f 1582/1197/1240 1580/1195/1238 1581/1196/1239
f 1581/1196/1239 1583/1198/1240 1582/1197/1240
f 1584/1199/1241 1582/1197/1240 1583/1198/1240
f 1583/1198/1240 1585/1200/1241 1584/1199/1241
f 1586/1201/1242 1584/1199/1241 1585/1200/1241
f 1585/1200/1241 1587/1202/1242 1586/1201/1242
f 1588/1203/1243 1586/1201/1242 1587/1202/1242
f 1587/1202/1242 1589/1204/1243 1588/1203/1243
f 1590/1205/1244 1588/1203/1243 1589/1204/1243
f 1589/1204/1243 1591/1206/1244 1590/1205/1244
f 1592/1207/1245 1590/1205/1244 1591/1206/1244
f 1591/1206/1244 1593/1208/1246 1592/1207/1245
f 1594/1209/1247 1592/1207/1245 1593/1208/1246
f 1593/1208/1246 1595/1210/1247 1594/1209/1247
f 1596/1211/1248 1594/1209/1247 1595/1210/1247
f 1595/1210/1247 1566/1180/1230 1596/1211/1248
f 1567/1182/1231 1596/1211/1248 1566/1180/1230
f 1598/1212/1249 1599/1213/1250 1597/1214/1251
f 1599/1213/1250 1598/1212/1249 1600/1215/1252
f 1597/1214/1251 1601/1216/1253 1598/1212/1249
f 1601/1216/1253 1597/1214/1251 1602/1217/1254
f 1601/1216/1253 1602/1217/1254 1603/1218/1255
f 1603/1218/1255 1604/1219/1256 1601/1216/1253
f 1604/1219/1256 1603/1218/1255 1605/1220/1257
f 1605/1220/1257 1606/1171/1258 1604/1219/1256
f 1608/1221/1259 1607/1222/1260 1609/1223/1261
f 1609/1223/1261 1610/1224/1262 1608/1221/1259
f 1610/1224/1262 1609/1223/1261 1611/1225/1263
f 1611/1225/1263 1612/1226/1264 1610/1224/1262
f 1612/1226/1264 1611/1225/1263 1613/1227/1265
f 1613/1227/1265 1614/1228/1266 1612/1226/1264
f 1616/1229/1267 1615/1221/1268 1617/1230/1269
f 1617/1230/1269 1618/1231/1270 1616/1229/1267
f 1617/1230/1269 1620/1232/1271 1618/1231/1270
f 1620/1232/1271 1617/1230/1269 1619/1228/1272
s 0
f 1622/1233/1273 1621/1234/1273 1623/1235/1273
f 1623/1235/1273 1624/1236/1273 1622/1233/1273
f 1624/1236/1274 1625/1237/1274 1622/1233/1274
f 1625/1237/1275 1624/1236/1275 1626/1238/1275
f 1627/1239/1273 1628/1240/1273 1626/1238/1273
f 1626/1238/1273 1630/1241/1273 1627/1239/1273
f 1629/1242/1276 1626/1238/1277 1628/1240/1277
f 1626/1238/1278 1629/1242/1278 1625/1237/1278
f 1631/1243/1273 1625/1237/1273 1629/1242/1273
f 1629/1242/1273 1632/1244/1273 1631/1243/1273
f 1634/1245/1279 1633/1246/1279 1635/1247/1279
f 1635/1247/1279 1636/1248/1279 1634/1245/1279
f 1638/1249/1280 1637/1250/1280 1639/1251/1280
f 1639/1251/1280 1640/1252/1280 1638/1249/1280
s 1
f 1643/1253/1281 1642/1254/1282 1641/1255/1283
f 1641/1255/1283 1644/1256/1284 1643/1253/1281
f 1645/1257/1285 1641/1255/1283 1642/1254/1282
f 1642/1254/1282 1646/1258/1286 1645/1257/1285
f 1648/1259/1287 1647/1260/1288 1649/1229/1289
f 1649/1229/1289 1650/1261/1290 1648/1259/1287
f 1651/1262/1291 1648/1259/1287 1650/1261/1290
f 1650/1261/1290 1652/1263/1292 1651/1262/1291
f 1653/1264/1293 1651/1262/1291 1652/1263/1292
f 1652/1263/1292 1654/1265/1294 1653/1264/1293
s 0
f 1656/1266/790 1657/1238/790 1655/1267/790
f 1658/1268/790 1655/1267/790 1657/1238/790
s 1
f 1659/1269/1295 1660/1270/1295 1662/1271/1296
f 1660/1270/1295 1659/1269/1295 1661/1272/1297
f 1662/1271/1296 1663/1273/1298 1659/1269/1295
f 1663/1273/1298 1662/1271/1296 1664/1274/1299
f 1664/1274/1299 1665/1275/1299 1663/1273/1298
f 1665/1275/1299 1664/1274/1299 1666/1276/1300
f 1666/1276/1300 1667/1277/1301 1665/1275/1299
f 1667/1277/1301 1666/1276/1300 1668/1278/1302
f 1668/1278/1302 1669/1279/1302 1667/1277/1301
f 1669/1279/1302 1668/1278/1302 1670/1280/1303
f 1670/1280/1303 1671/1281/1303 1669/1279/1302
f 1671/1281/1303 1670/1280/1303 1672/1282/1304
f 1672/1282/1304 1673/1283/1304 1671/1281/1303
f 1673/1283/1304 1672/1282/1304 1674/1284/1305
f 1674/1284/1305 1675/1285/1305 1673/1283/1304
f 1675/1285/1305 1674/1284/1305 1676/1286/1306
f 1676/1286/1306 1677/1287/1306 1675/1285/1305
f 1677/1287/1306 1676/1286/1306 1678/1288/1307
f 1678/1288/1307 1679/1289/1307 1677/1287/1306
f 1679/1289/1307 1678/1288/1307 1680/1290/1308
f 1680/1290/1308 1681/1291/1309 1679/1289/1307
f 1681/1291/1309 1680/1290/1308 1682/1292/1310
f 1682/1292/1310 1683/1293/1310 1681/1291/1309
f 1683/1293/1310 1682/1292/1310 1684/1294/1311
f 1684/1294/1311 1685/1295/1311 1683/1293/1310
f 1685/1295/1311 1684/1294/1311 1686/1296/1312
f 1686/1296/1312 1687/1297/1312 1685/1295/1311
f 1687/1297/1312 1686/1296/1312 1688/1298/1313
f 1688/1298/1313 1689/1299/1313 1687/1297/1312
f 1690/1300/1297 1661/1272/1297 1689/1299/1313
f 1689/1299/1313 1688/1298/1313 1690/1300/1297
f 1661/1272/1297 1690/1300/1297 1660/1270/1295
f 1692/1301/1314 1691/1302/1315 1693/1303/1316
f 1691/1302/1315 1694/1304/1317 1693/1303/1316
f 1695/1305/1318 1693/1303/1316 1694/1304/1317
f 1694/1304/1317 1696/1306/1319 1695/1305/1318
f 1697/1307/1320 1695/1305/1318 1696/1306/1319
f 1698/1308/1321 1697/1307/1320 1696/1306/1319
f 1696/1306/1319 1699/1309/1322 1698/1308/1321
f 1700/1310/1323 1698/1308/1321 1699/1309/1322
f 1699/1309/1322 1701/1311/1324 1700/1310/1323
f 1693/1303/1316 1702/1312/1325 1692/1301/1314
s 0
f 1706/1299/790 1703/1272/790 1704/1297/790
f 1704/1297/790 1703/1272/790 1705/1269/790
f 1705/1269/790 1707/1295/790 1704/1297/790
f 1707/1295/790 1705/1269/790 1708/1273/790
f 1708/1273/790 1709/1293/790 1707/1295/790
f 1709/1293/790 1708/1273/790 1710/1275/790
f 1710/1275/790 1711/1291/790 1709/1293/790
f 1711/1291/790 1710/1275/790 1712/1277/790
f 1712/1277/790 1713/1289/790 1711/1291/790
f 1713/1289/790 1712/1277/790 1714/1279/790
f 1714/1279/790 1715/1287/790 1713/1289/790
f 1715/1287/790 1714/1279/790 1716/1281/790
f 1716/1281/790 1717/1285/790 1715/1287/790
f 1718/1283/790 1717/1285/790 1716/1281/790
f 1719/1208/791 1721/1180/791 1720/1210/791
f 1722/1181/791 1721/1180/791 1719/1208/791
f 1719/1208/791 1723/1206/791 1722/1181/791
f 1723/1206/791 1724/1204/791 1725/1184/791
f 1725/1184/791 1722/1181/791 1723/1206/791
f 1727/1202/791 1726/1186/791 1725/1184/791
f 1725/1184/791 1724/1204/791 1727/1202/791
f 1728/1188/791 1726/1186/791 1727/1202/791
f 1727/1202/791 1729/1200/791 1728/1188/791
f 1730/1190/791 1728/1188/791 1729/1200/791
f 1729/1200/791 1731/1198/791 1730/1190/791
f 1732/1192/791 1730/1190/791 1731/1198/791
f 1731/1198/791 1733/1196/791 1732/1192/791
f 1732/1192/791 1733/1196/791 1734/1194/791
f 1735/1313/790 1736/1314/790 1738/1315/790
f 1735/1313/790 1737/1316/790 1736/1314/790
f 1735/1313/790 1738/1315/790 1739/1317/790
f 1738/1315/790 1736/1314/790 1741/1318/790
f 1741/1318/790 1740/1319/790 1738/1315/790
f 1742/1320/790 1736/1314/790 1737/1316/790
f 1742/1320/790 1737/1316/790 1743/1321/790
f 1744/1322/790 1742/1320/790 1743/1321/790
f 1743/1321/790 1745/1323/790 1744/1322/790
f 1746/1324/790 1742/1320/790 1744/1322/790
f 1744/1322/790 1747/1325/790 1746/1324/790
s 1
f 1748/1326/1326 1750/1327/1327 1749/1328/1328
f 1751/1329/1329 1749/1328/1328 1750/1327/1327
f 1749/1328/1328 1752/1330/1330 1748/1326/1326
f 1753/1331/1331 1748/1326/1326 1752/1330/1330
f 1754/1332/1332 1753/1331/1331 1752/1330/1330
f 1752/1330/1330 1755/1333/1333 1754/1332/1332
f 1756/1334/1334 1754/1332/1332 1755/1333/1333
f 1755/1333/1333 1757/1317/1335 1756/1334/1334
f 1759/1223/1336 1758/1222/1337 1760/1221/1338
f 1760/1221/1338 1761/1335/1339 1759/1223/1336
f 1762/1336/1340 1759/1223/1336 1761/1335/1339
f 1761/1335/1339 1763/1337/1341 1762/1336/1340
f 1764/1227/1342 1762/1336/1340 1763/1337/1341
f 1763/1337/1341 1765/1228/1343 1764/1227/1342
f 1767/1230/1344 1766/1221/1268 1768/1229/1345
f 1768/1229/1345 1769/1231/1346 1767/1230/1344
f 1769/1231/1346 1770/1338/1347 1767/1230/1344
f 1771/1228/1348 1767/1230/1344 1770/1338/1347
s 0
f 1773/1339/1349 1772/1340/1349 1774/1341/1349
f 1774/1341/1350 1775/1342/1350 1773/1339/1350
f 1777/1343/1273 1776/1344/1273 1778/1345/1273
f 1778/1345/1273 1779/1346/1273 1777/1343/1273
f 1779/1346/1277 1778/1345/1277 1780/1347/1277
f 1782/1348/1273 1780/1347/1273 1781/1349/1273
f 1783/1350/1351 1779/1346/1351 1780/1347/1351
f 1780/1347/1352 1782/1348/1352 1783/1350/1352
f 1785/1351/1273 1784/1352/1273 1783/1350/1273
f 1783/1350/1273 1786/1353/1273 1785/1351/1273
f 1782/1348/1274 1786/1353/1274 1783/1350/1274
f 1781/1349/1273 1787/1354/1273 1782/1348/1273
f 1789/1355/1353 1788/1356/1353 1790/1357/1353
f 1790/1357/1353 1791/1358/1353 1789/1355/1353
f 1793/1359/1279 1792/1360/1279 1794/1361/1279
f 1794/1361/1279 1795/1362/1279 1793/1359/1279
f 1797/1363/1280 1796/1364/1280 1798/1365/1280
f 1798/1365/1280 1799/1366/1280 1797/1363/1280
s 1
f 1800/1367/1354 1803/1368/1355 1801/1369/1356
f 1801/1369/1356 1802/1370/1357 1800/1367/1354
f 1803/1368/1355 1800/1367/1354 1804/1371/1358
f 1804/1371/1358 1805/1372/1359 1803/1368/1355
f 1807/1229/1360 1806/1260/1361 1808/1373/1362
f 1808/1373/1362 1809/1374/1363 1807/1229/1360
f 1809/1374/1363 1808/1373/1362 1810/1262/1364
f 1810/1262/1364 1811/1263/1365 1809/1374/1363
f 1811/1263/1365 1810/1262/1364 1812/1264/1366
f 1812/1264/1366 1813/1265/1367 1811/1263/1365
s 0
f 1814/1375/791 1816/1350/791 1815/1376/791
f 1817/1377/791 1816/1350/791 1814/1375/791
f 1818/1167/790 1819/1168/790 1821/1170/790
f 1818/1167/790 1820/1169/790 1819/1168/790
f 1818/1167/790 1821/1170/790 1822/1171/790
f 1821/1170/790 1819/1168/790 1823/1172/790
f 1823/1172/790 1824/1173/790 1821/1170/790
f 1825/1174/790 1819/1168/790 1820/1169/790
f 1825/1174/790 1820/1169/790 1826/1175/790
f 1827/1176/790 1825/1174/790 1826/1175/790
f 1826/1175/790 1828/1178/790 1827/1176/790
f 1829/1177/790 1825/1174/790 1827/1176/790
f 1827/1176/790 1830/1179/790 1829/1177/790
s 1
f 1831/1378/1368 1832/1379/1368 1834/1380/1369
f 1832/1379/1368 1831/1378/1368 1833/1381/1370
f 1834/1380/1369 1835/1382/1369 1831/1378/1368
f 1835/1382/1369 1834/1380/1369 1836/1383/1371
f 1836/1383/1371 1837/1384/1371 1835/1382/1369
f 1837/1384/1371 1836/1383/1371 1838/1385/1300
f 1838/1385/1300 1839/1386/1300 1837/1384/1371
f 1839/1386/1300 1838/1385/1300 1840/1387/1372
f 1840/1387/1372 1841/1388/1372 1839/1386/1300
f 1841/1388/1372 1840/1387/1372 1842/1389/1373
f 1842/1389/1373 1843/1390/1373 1841/1388/1372
f 1843/1390/1373 1842/1389/1373 1844/1391/1374
f 1844/1391/1374 1845/1392/1374 1843/1390/1373
f 1845/1392/1374 1844/1391/1374 1846/1393/1375
f 1846/1393/1375 1847/1394/1376 1845/1392/1374
f 1847/1394/1376 1846/1393/1375 1848/1395/1377
f 1848/1395/1377 1849/1396/1377 1847/1394/1376
f 1849/1396/1377 1848/1395/1377 1850/1397/1378
f 1850/1397/1378 1851/1398/1378 1849/1396/1377
f 1851/1398/1378 1850/1397/1378 1852/1399/1379
f 1852/1399/1379 1853/1400/1379 1851/1398/1378
f 1853/1400/1379 1852/1399/1379 1854/1401/1380
f 1854/1401/1380 1855/1402/1380 1853/1400/1379
f 1855/1402/1380 1854/1401/1380 1856/1403/1381
f 1856/1403/1381 1857/1404/1381 1855/1402/1380
f 1857/1404/1381 1856/1403/1381 1858/1405/1382
f 1858/1405/1382 1859/1406/1383 1857/1404/1381
f 1859/1406/1383 1858/1405/1382 1860/1407/1384
f 1860/1407/1384 1861/1408/1384 1859/1406/1383
f 1862/1409/1370 1833/1381/1370 1861/1408/1384
f 1861/1408/1384 1860/1407/1384 1862/1409/1370
f 1833/1381/1370 1862/1409/1370 1832/1379/1368
f 1863/1410/1385 1865/1213/1386 1864/1411/1387
f 1866/1215/1388 1864/1411/1387 1865/1213/1386
f 1864/1411/1387 1867/1412/1389 1863/1410/1385
f 1868/1217/1390 1863/1410/1385 1867/1412/1389
f 1869/1218/1391 1868/1217/1390 1867/1412/1389
f 1867/1412/1389 1870/1219/1392 1869/1218/1391
f 1871/1220/1334 1869/1218/1391 1870/1219/1392
f 1870/1219/1392 1872/1171/1335 1871/1220/1334
f 1874/1223/1393 1873/1222/1394 1875/1221/1395
f 1875/1221/1395 1876/1413/1339 1874/1223/1393
f 1877/1336/1396 1874/1223/1393 1876/1413/1339
f 1876/1413/1339 1878/1226/1397 1877/1336/1396
f 1879/1227/1398 1877/1336/1396 1878/1226/1397
f 1878/1226/1397 1880/1228/1399 1879/1227/1398
f 1882/1230/1400 1881/1221/1268 1883/1229/1401
f 1883/1229/1401 1884/1231/1402 1882/1230/1400
f 1884/1231/1402 1885/1338/1403 1882/1230/1400
f 1886/1228/1404 1882/1230/1400 1885/1338/1403
s 0
f 1888/1235/1273 1887/1234/1273 1889/1233/1273
f 1889/1233/1273 1890/1236/1273 1888/1235/1273
f 1890/1236/1277 1889/1233/1277 1891/1237/1277
f 1891/1237/1352 1892/1242/1352 1893/1238/1352
f 1892/1242/1273 1891/1237/1273 1894/1243/1273
f 1893/1238/1351 1890/1236/1351 1891/1237/1351
f 1894/1243/1273 1895/1244/1273 1892/1242/1273
f 1893/1238/1273 1897/1240/1273 1896/1239/1273
f 1896/1239/1273 1898/1241/1273 1893/1238/1273
f 1892/1242/1405 1897/1240/1274 1893/1238/1406
f 1900/1247/1279 1899/1246/1279 1901/1245/1279
f 1901/1245/1279 1902/1248/1279 1900/1247/1279
f 1904/1251/1280 1903/1250/1280 1905/1249/1280
f 1905/1249/1280 1906/1252/1280 1904/1251/1280
s 1
f 1907/1414/1407 1910/1415/1408 1908/1253/1409
f 1908/1253/1409 1909/1256/1410 1907/1414/1407
f 1910/1415/1408 1907/1414/1407 1911/1257/1411
f 1911/1257/1411 1912/1416/1412 1910/1415/1408
f 1914/1229/1413 1913/1260/1361 1915/1259/1414
f 1915/1259/1414 1916/1261/1415 1914/1229/1413
f 1916/1261/1415 1915/1259/1414 1917/1262/1416
f 1917/1262/1416 1918/1263/1417 1916/1261/1415
f 1918/1263/1417 1917/1262/1416 1919/1264/1418
f 1919/1264/1418 1920/1265/1419 1918/1263/1417
s 0
f 1921/1267/791 1923/1238/791 1922/1266/791
f 1924/1268/791 1923/1238/791 1921/1267/791
s 1
f 1926/1417/1420 1925/1418/1421 1927/1419/1421
f 1928/1420/1422 1927/1419/1421 1925/1418/1421
f 1925/1418/1421 1929/1421/1423 1928/1420/1422
f 1930/1422/1424 1928/1420/1422 1929/1421/1423
f 1929/1421/1423 1931/1423/1425 1930/1422/1424
f 1932/1397/1426 1930/1422/1424 1931/1423/1425
f 1931/1423/1425 1933/1424/1426 1932/1397/1426
f 1934/1425/1427 1932/1397/1426 1933/1424/1426
f 1933/1424/1426 1935/1426/1427 1934/1425/1427
f 1936/1427/1428 1934/1425/1427 1935/1426/1427
f 1935/1426/1427 1937/1394/1428 1936/1427/1428
f 1938/1428/1429 1936/1427/1428 1937/1394/1428
f 1937/1394/1428 1939/1429/1429 1938/1428/1429
f 1940/1430/1430 1938/1428/1429 1939/1429/1429
f 1939/1429/1429 1941/1431/1430 1940/1430/1430
f 1942/1432/1431 1940/1430/1430 1941/1431/1430
f 1941/1431/1430 1943/1433/1431 1942/1432/1431
f 1944/1434/1432 1942/1432/1431 1943/1433/1431
f 1943/1433/1431 1945/1435/1432 1944/1434/1432
f 1946/1436/1433 1944/1434/1432 1945/1435/1432
f 1945/1435/1432 1947/1437/1433 1946/1436/1433
f 1948/1438/1434 1946/1436/1433 1947/1437/1433
f 1947/1437/1433 1949/1439/1434 1948/1438/1434
f 1950/1440/1435 1948/1438/1434 1949/1439/1434
f 1949/1439/1434 1951/1441/1435 1950/1440/1435
f 1952/1442/1436 1950/1440/1435 1951/1441/1435
f 1951/1441/1435 1953/1443/1436 1952/1442/1436
f 1954/1444/1437 1952/1442/1436 1953/1443/1436
f 1953/1443/1436 1955/1408/1437 1954/1444/1437
f 1955/1408/1437 1926/1417/1420 1956/1445/1420
f 1956/1445/1420 1954/1444/1437 1955/1408/1437
f 1927/1419/1421 1956/1445/1420 1926/1417/1420
f 1958/1446/1438 1957/1447/1439 1959/1448/1440
f 1958/1446/1438 1960/1449/1441 1957/1447/1439
f 1960/1449/1441 1958/1446/1438 1961/1450/1442
f 1961/1450/1442 1962/1451/1443 1960/1449/1441
f 1962/1451/1443 1961/1450/1442 1963/1452/1444
f 1963/1452/1444 1964/1453/1445 1962/1451/1443
f 1964/1453/1445 1963/1452/1444 1965/1454/1446
f 1965/1454/1446 1966/1455/1447 1964/1453/1445
f 1966/1455/1447 1965/1454/1446 1967/1456/1448
f 1959/1448/1440 1968/1457/1325 1958/1446/1438
s 0
f 1970/1418/791 1969/1417/791 1971/1443/791
f 1972/1408/791 1971/1443/791 1969/1417/791
f 1971/1443/791 1973/1441/791 1970/1418/791
f 1974/1421/791 1970/1418/791 1973/1441/791
f 1973/1441/791 1975/1439/791 1974/1421/791
f 1976/1423/791 1974/1421/791 1975/1439/791
f 1975/1439/791 1977/1437/791 1976/1423/791
f 1978/1424/791 1976/1423/791 1977/1437/791
f 1977/1437/791 1979/1435/791 1978/1424/791
f 1980/1426/791 1978/1424/791 1979/1435/791
f 1979/1435/791 1981/1433/791 1980/1426/791
f 1982/1394/791 1980/1426/791 1981/1433/791
f 1981/1433/791 1983/1431/791 1982/1394/791
f 1984/1429/791 1982/1394/791 1983/1431/791
f 1985/1406/790 1986/1381/790 1988/1378/790
f 1985/1406/790 1987/1408/790 1986/1381/790
f 1988/1378/790 1989/1404/790 1985/1406/790
f 1989/1404/790 1988/1378/790 1990/1382/790
f 1990/1382/790 1991/1402/790 1989/1404/790
f 1992/1400/790 1991/1402/790 1990/1382/790
f 1994/1386/790 1993/1398/790 1992/1400/790
f 1992/1400/790 1995/1384/790 1994/1386/790
f 1990/1382/790 1995/1384/790 1992/1400/790
f 1993/1398/790 1994/1386/790 1996/1388/790
f 1996/1388/790 1997/1396/790 1993/1398/790
f 1997/1396/790 1996/1388/790 1998/1390/790
f 1998/1390/790 1999/1394/790 1997/1396/790
f 1998/1390/790 2000/1392/790 1999/1394/790
f 2001/1313/791 2003/1314/791 2002/1316/791
f 2004/1315/791 2003/1314/791 2001/1313/791
f 2001/1313/791 2005/1317/791 2004/1315/791
f 2007/1318/791 2003/1314/791 2004/1315/791
f 2004/1315/791 2006/1319/791 2007/1318/791
f 2002/1316/791 2003/1314/791 2008/1320/791
f 2008/1320/791 2011/1458/791 2002/1316/791
f 2011/1458/791 2008/1320/791 2009/1322/791
f 2009/1322/791 2008/1320/791 2010/1324/791
f 2009/1322/791 2012/1323/791 2011/1458/791
f 2010/1324/791 2013/1325/791 2009/1322/791
s 1
f 2015/1459/1449 2016/1460/1450 2014/1461/1451
f 2016/1460/1450 2015/1459/1449 2017/1329/1452
f 2014/1461/1451 2018/1330/1453 2015/1459/1449
f 2018/1330/1453 2014/1461/1451 2019/1331/1454
f 2018/1330/1453 2019/1331/1454 2020/1332/1455
f 2020/1332/1455 2021/1333/1456 2018/1330/1453
f 2021/1333/1456 2020/1332/1455 2022/1334/1257
f 2022/1334/1257 2023/1317/1258 2021/1333/1456
f 2025/1221/1457 2024/1222/1458 2026/1462/1459
f 2026/1462/1459 2027/1335/1460 2025/1221/1457
f 2027/1335/1460 2026/1462/1459 2028/1336/1461
f 2028/1336/1461 2029/1337/1462 2027/1335/1460
f 2029/1337/1462 2028/1336/1461 2030/1227/1463
f 2030/1227/1463 2031/1228/1464 2029/1337/1462
f 2033/1229/1465 2032/1221/1268 2034/1230/1466
f 2034/1230/1466 2035/1231/1467 2033/1229/1465
f 2034/1230/1466 2037/1232/1468 2035/1231/1467
f 2037/1232/1468 2034/1230/1466 2036/1228/1469
s 0
f 2039/1341/1470 2038/1340/1470 2040/1339/1470
f 2040/1339/1350 2041/1342/1350 2039/1341/1350
f 2043/1345/1273 2042/1344/1273 2044/1343/1273
f 2044/1343/1273 2045/1346/1273 2043/1345/1273
f 2045/1346/1274 2046/1347/1274 2043/1345/1274
f 2046/1347/1275 2045/1346/1275 2047/1350/1275
f 2049/1348/1277 2047/1350/1277 2048/1353/1277
f 2051/1351/1273 2048/1353/1273 2047/1350/1273
s 1
f 2047/1350/1278 2049/1348/1278 2046/1347/1278
s 0
f 2047/1350/1273 2050/1352/1273 2051/1351/1273
f 2053/1349/1273 2046/1347/1273 2049/1348/1273
f 2049/1348/1273 2052/1354/1273 2053/1349/1273
f 2055/1357/1353 2054/1356/1353 2056/1355/1353
f 2056/1355/1353 2057/1358/1353 2055/1357/1353
f 2059/1361/1279 2058/1360/1279 2060/1359/1279
f 2060/1359/1279 2061/1362/1279 2059/1361/1279
f 2063/1365/1280 2062/1364/1280 2064/1363/1280
f 2064/1363/1280 2065/1366/1280 2063/1365/1280
s 1
f 2069/1369/1471 2067/1463/1472 2066/1367/1473
f 2066/1367/1473 2068/1370/1474 2069/1369/1471
f 2070/1371/1475 2066/1367/1473 2067/1463/1472
f 2067/1463/1472 2071/1372/1476 2070/1371/1475
f 2073/1373/1477 2072/1260/1478 2074/1229/1479
f 2074/1229/1479 2075/1374/1480 2073/1373/1477
f 2076/1464/1481 2073/1373/1477 2075/1374/1480
f 2075/1374/1480 2077/1263/1482 2076/1464/1481
f 2078/1264/1483 2076/1464/1481 2077/1263/1482
f 2077/1263/1482 2079/1265/1484 2078/1264/1483
s 0
f 2081/1376/790 2082/1350/790 2080/1375/790
f 2083/1377/790 2080/1375/790 2082/1350/790
f 2084/1465/791 2086/1168/791 2085/1466/791
f 2087/1170/791 2086/1168/791 2084/1465/791
f 2084/1465/791 2088/1171/791 2087/1170/791
f 2089/1467/791 2086/1168/791 2087/1170/791
f 2085/1466/791 2086/1168/791 2090/1174/791
f 2090/1174/791 2091/1468/791 2085/1466/791
f 2093/1469/791 2090/1174/791 2092/1176/791
f 2092/1176/791 2090/1174/791 2095/1470/791
f 2090/1174/791 2093/1469/791 2091/1468/791
f 2094/1215/791 2093/1469/791 2092/1176/791
s 1
f 2097/1471/1485 2096/1472/1486 2098/1473/1487
f 2099/1474/1488 2098/1473/1487 2096/1472/1486
f 2096/1472/1486 2100/1475/1489 2099/1474/1488
f 2101/1476/1490 2099/1474/1488 2100/1475/1489
f 2100/1475/1489 2102/1477/1491 2101/1476/1490
f 2102/1477/1491 2103/1478/1492 2101/1476/1490
f 2104/1479/1493 2101/1476/1490 2103/1478/1492
f 2105/1480/1494 2104/1479/1493 2103/1478/1492
f 2103/1478/1492 2106/1481/1495 2105/1480/1494
f 2106/1481/1495 2107/1482/1496 2105/1480/1494
f 2108/1483/1497 2105/1480/1494 2107/1482/1496
f 2107/1482/1496 2109/1484/1498 2108/1483/1497
f 2110/1485/1499 2108/1483/1497 2109/1484/1498
f 2109/1484/1498 2111/1486/1500 2110/1485/1499
f 2112/1487/1501 2110/1485/1499 2111/1486/1500
f 2111/1486/1500 2113/1488/1502 2112/1487/1501
f 2114/1489/1503 2112/1487/1501 2113/1488/1502
f 2113/1488/1502 2097/1471/1485 2114/1489/1503
f 2098/1473/1487 2114/1489/1503 2097/1471/1485
f 2115/1490/1504 2117/1491/1505 2116/1492/1506
f 2117/1491/1505 2115/1490/1504 2118/1493/1507
f 2118/1493/1507 2119/1494/1508 2117/1491/1505
f 2119/1494/1508 2118/1493/1507 2120/1495/1509
f 2120/1495/1509 2121/1171/1510 2119/1494/1508
f 2123/1496/1511 2124/1497/1512 2122/1498/1513
f 2124/1497/1512 2123/1496/1511 2125/1499/1514
f 2125/1499/1514 2126/1500/1515 2124/1497/1512
f 2126/1500/1515 2125/1499/1514 2127/1501/1516
f 2130/1502/1517 2128/1221/1518 2129/1503/1519
f 2129/1503/1519 2132/1504/1520 2130/1502/1517
f 2132/1504/1520 2129/1503/1519 2131/1228/1521
s 0
f 2134/1233/1522 2133/1234/1522 2135/1235/1522
f 2135/1235/1522 2136/1236/1522 2134/1233/1522
f 2136/1236/1276 2137/1237/1276 2134/1233/1276
s 1
f 2137/1237/1351 2136/1236/1523 2138/1238/1277
s 0
f 2139/1239/1524 2140/1240/1524 2138/1238/1524
f 2138/1238/1524 2142/1241/1524 2139/1239/1524
f 2141/1242/1406 2138/1238/1406 2140/1240/1406
s 1
f 2138/1238/1277 2141/1242/1525 2137/1237/1351
s 0
f 2143/1243/1526 2137/1237/1526 2141/1242/1526
f 2141/1242/1526 2144/1244/1526 2143/1243/1526
s 1
f 2147/1505/1527 2146/1506/1528 2145/1507/1529
f 2145/1507/1529 2148/1508/1530 2147/1505/1527
f 2149/1509/1531 2145/1507/1529 2146/1506/1528
f 2146/1506/1528 2150/1510/1532 2149/1509/1531
f 2151/1511/1533 2153/1512/1534 2152/1513/1535
f 2154/1514/1536 2152/1513/1535 2153/1512/1534
f 2153/1512/1534 2155/1515/1537 2154/1514/1536
f 2156/1516/1538 2154/1514/1536 2155/1515/1537
s 0
f 2159/1517/790 2157/1518/790 2158/1519/790
s 1
f 2161/1520/1539 2160/1521/1540 2162/1522/1541
f 2160/1521/1540 2161/1520/1539 2163/1523/1542
f 2163/1523/1542 2164/1524/1543 2160/1521/1540
f 2164/1524/1543 2163/1523/1542 2165/1525/1544
f 2165/1525/1544 2166/1526/1545 2164/1524/1543
f 2165/1525/1544 2167/1527/1546 2166/1526/1545
f 2167/1527/1546 2165/1525/1544 2168/1528/1547
f 2167/1527/1546 2168/1528/1547 2169/1529/1548
f 2169/1529/1548 2170/1530/1549 2167/1527/1546
f 2169/1529/1548 2171/1531/1550 2170/1530/1549
f 2171/1531/1550 2169/1529/1548 2172/1532/1551
f 2172/1532/1551 2173/1533/1552 2171/1531/1550
f 2173/1533/1552 2172/1532/1551 2174/1534/1553
f 2174/1534/1553 2175/1535/1554 2173/1533/1552
f 2175/1535/1554 2174/1534/1553 2176/1536/1555
f 2176/1536/1555 2177/1537/1556 2175/1535/1554
f 2177/1537/1556 2176/1536/1555 2178/1538/1557
f 2178/1538/1557 2162/1522/1541 2177/1537/1556
f 2162/1522/1541 2178/1538/1557 2161/1520/1539
f 2181/1539/1558 2180/1540/1559 2179/1541/1560
f 2179/1541/1560 2182/1542/1561 2181/1539/1558
f 2183/1543/1562 2181/1539/1558 2182/1542/1561
f 2182/1542/1561 2184/1544/1563 2183/1543/1562
f 2185/1545/1564 2183/1543/1562 2184/1544/1563
f 2184/1544/1563 2186/1546/1565 2185/1545/1564
f 2187/1547/1566 2185/1545/1564 2186/1546/1565
f 2186/1546/1565 2188/1548/1567 2187/1547/1566
f 2189/1549/1568 2187/1547/1566 2188/1548/1567
f 2188/1548/1567 2190/1550/1569 2189/1549/1568
s 0
f 2192/1537/790 2191/1551/790 2193/1552/790
f 2193/1552/790 2194/1553/790 2192/1537/790
f 2194/1553/790 2193/1552/790 2195/1554/790
f 2195/1554/790 2196/1533/790 2194/1553/790
f 2195/1554/790 2197/1555/790 2196/1533/790
f 2197/1555/790 2195/1554/790 2198/1556/790
f 2198/1556/790 2199/1557/790 2197/1555/790
f 2203/1558/791 2201/1559/791 2200/1488/791
f 2200/1488/791 2202/1560/791 2203/1558/791
f 2204/1484/791 2205/1561/791 2203/1558/791
f 2203/1558/791 2202/1560/791 2204/1484/791
f 2204/1484/791 2206/1562/791 2205/1561/791
f 2207/1563/791 2205/1561/791 2206/1562/791
f 2206/1562/791 2208/1564/791 2207/1563/791
f 2209/1565/790 2210/1566/790 2212/1567/790
f 2209/1565/790 2211/1568/790 2210/1566/790
f 2209/1565/790 2212/1567/790 2213/1569/790
f 2212/1567/790 2210/1566/790 2214/1570/790
f 2215/1571/790 2210/1566/790 2211/1568/790
f 2211/1568/790 2216/1572/790 2215/1571/790
f 2215/1571/790 2216/1572/790 2218/1573/790
f 2217/1574/790 2215/1571/790 2218/1573/790
f 2219/1575/790 2217/1574/790 2218/1573/790
f 2220/1576/790 2215/1571/790 2217/1574/790
s 1
f 2223/1577/1570 2222/1578/1571 2221/1579/1572
f 2224/1580/1573 2221/1579/1572 2222/1578/1571
f 2222/1578/1571 2225/1581/1574 2224/1580/1573
f 2226/1582/1575 2224/1580/1573 2225/1581/1574
f 2225/1581/1574 2227/1569/1576 2226/1582/1575
f 2228/1498/1577 2230/1583/1578 2229/1496/1579
f 2231/1499/1580 2229/1496/1579 2230/1583/1578
f 2230/1583/1578 2232/1500/1581 2231/1499/1580
f 2233/1501/1582 2231/1499/1580 2232/1500/1581
f 2235/1503/1583 2234/1221/1584 2236/1584/1585
f 2236/1584/1585 2237/1338/1586 2235/1503/1583
f 2238/1228/1587 2235/1503/1583 2237/1338/1586
s 0
f 2240/1585/1522 2239/1586/1522 2241/1587/1522
f 2241/1587/1522 2242/1588/1522 2240/1585/1522
f 2242/1588/1405 2241/1587/1405 2243/1589/1405
f 2245/1590/1526 2243/1589/1526 2244/1591/1526
f 2246/1592/1406 2242/1588/1406 2243/1589/1406
s 1
f 2243/1589/1406 2245/1590/1406 2246/1592/1406
s 0
f 2248/1593/1524 2247/1594/1524 2246/1592/1524
f 2246/1592/1524 2249/1595/1524 2248/1593/1524
f 2245/1590/1275 2249/1595/1523 2246/1592/1523
f 2244/1591/1526 2250/1596/1526 2245/1590/1526
s 1
f 2251/1597/1588 2254/1598/1589 2252/1599/1590
f 2252/1599/1590 2253/1600/1591 2251/1597/1588
f 2254/1598/1589 2251/1597/1588 2255/1601/1592
f 2255/1601/1592 2256/1602/1593 2254/1598/1589
f 2258/1513/1594 2259/1512/1595 2257/1603/1596
f 2259/1512/1595 2258/1513/1594 2260/1514/1597
f 2260/1514/1597 2261/1515/1598 2259/1512/1595
f 2261/1515/1598 2260/1514/1597 2262/1516/1599
s 0
f 2265/1604/791 2264/1605/791 2263/1606/791
f 2266/1607/790 2267/1608/790 2269/1609/790
f 2266/1607/790 2268/1610/790 2267/1608/790
f 2266/1607/790 2269/1609/790 2270/1611/790
f 2269/1609/790 2267/1608/790 2271/1612/790
f 2272/1613/790 2267/1608/790 2268/1610/790
f 2268/1610/790 2273/1614/790 2272/1613/790
f 2272/1613/790 2273/1614/790 2275/1615/790
f 2274/1616/790 2272/1613/790 2275/1615/790
f 2276/1617/790 2274/1616/790 2275/1615/790
f 2277/1618/790 2272/1613/790 2274/1616/790
s 1
f 2279/1473/1539 2278/1472/1540 2280/1471/1541
f 2278/1472/1540 2279/1473/1539 2281/1474/1542
f 2281/1474/1542 2282/1475/1543 2278/1472/1540
f 2282/1475/1543 2281/1474/1542 2283/1619/1544
f 2283/1619/1544 2284/1477/1600 2282/1475/1543
f 2283/1619/1544 2285/1478/1546 2284/1477/1600
f 2285/1478/1546 2283/1619/1544 2286/1479/1547
f 2285/1478/1546 2286/1479/1547 2287/1480/1548
f 2287/1480/1548 2288/1481/1549 2285/1478/1546
f 2287/1480/1548 2289/1482/1601 2288/1481/1549
f 2289/1482/1601 2287/1480/1548 2290/1483/1551
f 2290/1483/1551 2291/1484/1552 2289/1482/1601
f 2291/1484/1552 2290/1483/1551 2292/1485/1553
f 2292/1485/1553 2293/1486/1554 2291/1484/1552
f 2293/1486/1554 2292/1485/1553 2294/1487/1555
f 2294/1487/1555 2295/1488/1556 2293/1486/1554
f 2295/1488/1556 2294/1487/1555 2296/1489/1557
f 2296/1489/1557 2280/1471/1541 2295/1488/1556
f 2280/1471/1541 2296/1489/1557 2279/1473/1539
f 2299/1620/1602 2298/1621/1603 2297/1622/1604
f 2300/1623/1605 2297/1622/1604 2298/1621/1603
f 2298/1621/1603 2301/1624/1606 2300/1623/1605
f 2302/1625/1607 2300/1623/1605 2301/1624/1606
f 2301/1624/1606 2303/1611/1576 2302/1625/1607
f 2304/1498/1608 2306/1497/1609 2305/1496/1610
f 2307/1499/1611 2305/1496/1610 2306/1497/1609
f 2306/1497/1609 2308/1626/1612 2307/1499/1611
f 2309/1627/1613 2307/1499/1611 2308/1626/1612
f 2311/1503/1614 2310/1221/1615 2312/1584/1616
f 2312/1584/1616 2313/1338/1617 2311/1503/1614
f 2314/1228/1618 2311/1503/1614 2313/1338/1617
s 0
f 2316/1628/1522 2315/1629/1522 2317/1630/1522
f 2317/1630/1522 2318/1631/1522 2316/1628/1522
f 2318/1631/1405 2317/1630/1405 2319/1632/1405
s 1
f 2319/1632/1525 2320/1633/1525 2321/1634/1406
s 0
f 2320/1633/1526 2319/1632/1526 2322/1635/1526
f 2321/1634/1406 2318/1631/1406 2319/1632/1406
f 2322/1635/1526 2323/1636/1526 2320/1633/1273
f 2321/1634/1524 2325/1637/1524 2324/1638/1524
f 2324/1638/1524 2326/1639/1524 2321/1634/1524
f 2320/1633/1523 2325/1637/1275 2321/1634/1523
s 1
f 2327/1640/1588 2330/1641/1589 2328/1642/1590
f 2328/1642/1590 2329/1643/1591 2327/1640/1588
f 2330/1641/1589 2327/1640/1588 2331/1644/1592
f 2331/1644/1592 2332/1645/1593 2330/1641/1589
f 2334/1513/1594 2335/1512/1619 2333/1511/1620
f 2335/1512/1619 2334/1513/1594 2336/1514/1621
f 2336/1514/1621 2337/1515/1598 2335/1512/1619
f 2337/1515/1598 2336/1514/1621 2338/1516/1599
s 0
f 2341/1646/791 2340/1647/791 2339/1648/791
s 1
f 2343/1649/1485 2342/1650/1486 2344/1651/1487
f 2345/1652/1488 2344/1651/1487 2342/1650/1486
f 2342/1650/1486 2346/1653/1489 2345/1652/1488
f 2347/1654/1490 2345/1652/1488 2346/1653/1489
f 2346/1653/1489 2348/1655/1491 2347/1654/1490
f 2348/1655/1491 2349/1656/1492 2347/1654/1490
f 2350/1657/1493 2347/1654/1490 2349/1656/1492
f 2351/1658/1494 2350/1657/1493 2349/1656/1492
f 2349/1656/1492 2352/1659/1495 2351/1658/1494
f 2352/1659/1495 2353/1660/1496 2351/1658/1494
f 2354/1661/1622 2351/1658/1494 2353/1660/1496
f 2353/1660/1496 2355/1662/1498 2354/1661/1622
f 2356/1663/1499 2354/1661/1622 2355/1662/1498
f 2355/1662/1498 2357/1664/1500 2356/1663/1499
f 2358/1665/1501 2356/1663/1499 2357/1664/1500
f 2357/1664/1500 2359/1666/1502 2358/1665/1501
f 2360/1667/1503 2358/1665/1501 2359/1666/1502
f 2359/1666/1502 2343/1649/1485 2360/1667/1503
f 2344/1651/1487 2360/1667/1503 2343/1649/1485
f 2361/1668/1623 2372/1669/1624 2362/1670/1625
f 2362/1670/1625 2363/1671/1626 2361/1668/1623
f 2363/1671/1626 2362/1670/1625 2364/1672/1627
f 2364/1672/1627 2365/1673/1628 2363/1671/1626
f 2365/1673/1628 2364/1672/1627 2366/1674/1629
f 2366/1674/1629 2367/1675/1630 2365/1673/1628
f 2367/1675/1630 2366/1674/1629 2368/1676/1631
f 2368/1676/1631 2369/1677/1632 2367/1675/1630
f 2369/1677/1632 2368/1676/1631 2370/1678/1633
f 2370/1678/1633 2371/1679/1569 2369/1677/1632
s 0
f 2374/1680/791 2373/1681/791 2375/1666/791
f 2375/1666/791 2376/1682/791 2374/1680/791
f 2377/1683/791 2374/1680/791 2376/1682/791
f 2376/1682/791 2378/1662/791 2377/1683/791
f 2378/1662/791 2379/1684/791 2377/1683/791
f 2380/1685/791 2377/1683/791 2379/1684/791
f 2379/1684/791 2381/1686/791 2380/1685/791
f 2382/1488/790 2383/1687/790 2384/1558/790
f 2384/1558/790 2385/1560/790 2382/1488/790
f 2386/1484/790 2385/1560/790 2384/1558/790
f 2387/1561/790 2389/1562/790 2386/1484/790
f 2384/1558/790 2387/1561/790 2386/1484/790
f 2389/1562/790 2387/1561/790 2388/1563/790
f 2388/1563/790 2390/1564/790 2389/1562/790
f 2391/1688/791 2393/1314/791 2392/1689/791
f 2394/1315/791 2393/1314/791 2391/1688/791
f 2391/1688/791 2395/1317/791 2394/1315/791
f 2396/1690/791 2393/1314/791 2394/1315/791
f 2392/1689/791 2393/1314/791 2397/1320/791
f 2397/1320/791 2398/1691/791 2392/1689/791
f 2400/1692/791 2397/1320/791 2399/1322/791
f 2399/1322/791 2397/1320/791 2402/1693/791
f 2397/1320/791 2400/1692/791 2398/1691/791
f 2401/1329/791 2400/1692/791 2399/1322/791
s 1
f 2403/1694/1634 2405/1695/1635 2404/1696/1636
f 2405/1695/1635 2403/1694/1634 2406/1697/1637
f 2406/1697/1637 2407/1698/1638 2405/1695/1635
f 2407/1698/1638 2406/1697/1637 2408/1699/1639
f 2408/1699/1639 2409/1317/1640 2407/1698/1638
f 2411/1700/1641 2412/1701/1642 2410/1702/1643
f 2412/1701/1642 2411/1700/1641 2413/1703/1644
f 2413/1703/1644 2414/1704/1645 2412/1701/1642
f 2414/1704/1645 2413/1703/1644 2415/1705/1646
f 2418/1706/1647 2416/1707/1648 2417/1708/1649
f 2417/1708/1649 2420/1709/1650 2418/1706/1647
f 2420/1709/1650 2417/1708/1649 2419/1710/1651
s 0
f 2422/1345/1522 2421/1344/1522 2423/1343/1522
f 2423/1343/1522 2424/1346/1522 2422/1345/1522
f 2424/1346/1276 2425/1347/1276 2422/1345/1276
f 2425/1347/1523 2424/1346/1523 2426/1350/1523
f 2428/1348/1406 2426/1350/1406 2427/1353/1406
f 2430/1351/1524 2427/1353/1524 2426/1350/1524
s 1
f 2426/1350/1525 2428/1348/1525 2425/1347/1525
s 0
f 2426/1350/1524 2429/1352/1524 2430/1351/1524
f 2432/1349/1526 2425/1347/1526 2428/1348/1526
f 2428/1348/1526 2431/1354/1526 2432/1349/1526
s 1
f 2436/1711/1652 2434/1712/1528 2433/1713/1529
f 2433/1713/1529 2435/1714/1530 2436/1711/1652
f 2437/1371/1531 2433/1713/1529 2434/1712/1528
f 2434/1712/1528 2438/1372/1532 2437/1371/1531
f 2439/1715/1653 2441/1716/1654 2440/1717/1535
f 2442/1718/1655 2440/1717/1535 2441/1716/1654
f 2441/1716/1654 2443/1719/1537 2442/1718/1655
f 2444/1720/1538 2442/1718/1655 2443/1719/1537
s 0
f 2447/1721/790 2445/1722/790 2446/1723/790
f 2449/1724/791 2448/1725/791 2450/1726/791
f 2451/1727/791 2450/1726/791 2448/1725/791
f 2448/1725/791 2452/1728/791 2451/1727/791
f 2450/1726/791 2453/1729/791 2449/1724/791
f 2454/1730/791 2449/1724/791 2453/1729/791
f 2453/1729/791 2455/1731/791 2454/1730/791
f 2454/1730/791 2455/1731/791 2456/1732/791
s 1
f 2457/1733/1656 2458/1725/1656 2460/1724/1657
f 2458/1725/1656 2457/1733/1656 2459/1734/1658
f 2460/1724/1657 2461/1735/1657 2457/1733/1656
f 2461/1735/1657 2460/1724/1657 2462/1730/1659
f 2462/1730/1659 2463/1736/1659 2461/1735/1657
f 2463/1736/1659 2462/1730/1659 2464/1732/1660
f 2464/1732/1660 2465/1737/1660 2463/1736/1659
f 2465/1737/1660 2464/1732/1660 2466/1731/1661
f 2466/1731/1661 2467/1738/1661 2465/1737/1660
f 2467/1738/1661 2466/1731/1661 2468/1729/1662
f 2468/1729/1662 2469/1739/1662 2467/1738/1661
f 2469/1739/1662 2468/1729/1662 2470/1726/1663
f 2470/1726/1663 2471/1740/1663 2469/1739/1662
f 2471/1740/1663 2470/1726/1663 2472/1727/1664
f 2472/1727/1664 2473/1741/1664 2471/1740/1663
f 2459/1734/1658 2474/1728/1658 2458/1725/1656
f 2475/1742/1665 2490/1743/1666 2477/1744/1667
f 2490/1743/1666 2475/1742/1665 2476/1745/1668
f 2477/1744/1667 2478/1746/1669 2475/1742/1665
f 2477/1744/1667 2479/1747/1670 2478/1746/1669
f 2479/1747/1670 2488/1748/1671 2478/1746/1669
f 2481/1749/1672 2479/1747/1670 2480/1750/1673
f 2481/1749/1672 2480/1750/1673 2482/1751/1674
f 2482/1751/1674 2483/1752/1675 2481/1749/1672
f 2484/1753/1676 2481/1749/1672 2483/1752/1675
f 2483/1752/1675 2485/1754/1677 2484/1753/1676
f 2487/1753/1678 2485/1754/1679 2486/1755/1680
f 2486/1755/1680 2482/1751/1674 2487/1753/1678
f 2482/1751/1674 2486/1755/1680 2483/1752/1675
f 2479/1747/1670 2477/1744/1667 2480/1750/1673
f 2488/1748/1671 2489/1756/1681 2476/1745/1682
f 2476/1745/1682 2478/1746/1669 2488/1748/1671
s 0
f 2491/1725/790 2492/1726/790 2494/1727/790
f 2492/1726/790 2491/1725/790 2493/1724/790
f 2494/1727/790 2495/1728/790 2491/1725/790
f 2493/1724/790 2496/1729/790 2492/1726/790
f 2496/1729/790 2493/1724/790 2497/1730/790
f 2497/1730/790 2498/1731/790 2496/1729/790
f 2497/1730/790 2499/1732/790 2498/1731/790
s 1
f 2501/1734/1683 2500/1733/1684 2502/1725/1684
f 2503/1724/1685 2502/1725/1684 2500/1733/1684
f 2500/1733/1684 2504/1735/1685 2503/1724/1685
f 2505/1730/1686 2503/1724/1685 2504/1735/1685
f 2504/1735/1685 2506/1736/1686 2505/1730/1686
f 2507/1732/1687 2505/1730/1686 2506/1736/1686
f 2506/1736/1686 2508/1737/1687 2507/1732/1687
f 2509/1731/1688 2507/1732/1687 2508/1737/1687
f 2508/1737/1687 2510/1738/1688 2509/1731/1688
f 2511/1729/1689 2509/1731/1688 2510/1738/1688
f 2510/1738/1688 2512/1739/1689 2511/1729/1689
f 2513/1726/1690 2511/1729/1689 2512/1739/1689
f 2512/1739/1689 2514/1740/1690 2513/1726/1690
f 2515/1727/1691 2513/1726/1690 2514/1740/1690
f 2514/1740/1690 2516/1741/1691 2515/1727/1691
f 2502/1725/1684 2517/1728/1683 2501/1734/1683
s 0
f 2519/1757/791 2518/1758/791 2520/1759/791
f 2521/1727/791 2520/1759/791 2518/1758/791
f 2518/1758/791 2522/1760/791 2521/1727/791
f 2520/1759/791 2523/1761/791 2519/1757/791
f 2524/1762/791 2519/1757/791 2523/1761/791
f 2523/1761/791 2525/1763/791 2524/1762/791
f 2524/1762/791 2525/1763/791 2526/1764/791
s 1
f 2527/1765/1656 2528/1758/1656 2530/1757/1692
f 2528/1758/1656 2527/1765/1656 2529/1734/1693
f 2530/1757/1692 2531/1766/1694 2527/1765/1656
f 2531/1766/1694 2530/1757/1692 2532/1762/1659
f 2532/1762/1659 2533/1736/1659 2531/1766/1694
f 2533/1736/1659 2532/1762/1659 2534/1764/1660
f 2534/1764/1660 2535/1767/1660 2533/1736/1659
f 2535/1767/1660 2534/1764/1660 2536/1763/1695
f 2536/1763/1695 2537/1768/1695 2535/1767/1660
f 2537/1768/1695 2536/1763/1695 2538/1761/1696
f 2538/1761/1696 2539/1769/1696 2537/1768/1695
f 2539/1769/1696 2538/1761/1696 2540/1759/1663
f 2540/1759/1663 2541/1770/1663 2539/1769/1696
f 2541/1770/1663 2540/1759/1663 2542/1727/1664
f 2542/1727/1664 2543/1741/1664 2541/1770/1663
f 2529/1734/1693 2544/1760/1693 2528/1758/1656
f 2545/1771/1697 2562/1772/1698 2547/1773/1699
f 2562/1772/1698 2545/1771/1697 2546/1774/1700
f 2548/1745/1701 2545/1775/1702 2549/1776/1703
f 2550/1777/1704 2549/1776/1703 2545/1775/1702
f 2545/1775/1702 2551/1778/1705 2550/1777/1704
f 2552/1779/1706 2550/1777/1704 2551/1778/1705
f 2551/1778/1705 2553/1780/1707 2552/1779/1706
f 2554/1781/1708 2552/1779/1706 2553/1780/1707
f 2553/1780/1707 2556/1782/1709 2554/1781/1708
f 2555/1753/1710 2554/1781/1708 2556/1782/1709
f 2556/1783/1711 2558/1784/1712 2557/1753/1713
f 2558/1784/1712 2556/1783/1711 2559/1785/1714
f 2559/1785/1714 2560/1786/1715 2558/1784/1712
f 2560/1786/1715 2559/1785/1714 2561/1787/1716
f 2561/1787/1716 2547/1773/1699 2560/1786/1715
f 2547/1773/1699 2561/1787/1716 2545/1771/1697
s 0
f 2563/1725/790 2564/1726/790 2566/1727/790
f 2564/1726/790 2563/1725/790 2565/1724/790
f 2566/1727/790 2567/1728/790 2563/1725/790
f 2565/1724/790 2568/1729/790 2564/1726/790
f 2568/1729/790 2565/1724/790 2569/1730/790
f 2569/1730/790 2570/1731/790 2568/1729/790
f 2569/1730/790 2571/1732/790 2570/1731/790
s 1
f 2573/1734/1717 2572/1733/1684 2574/1725/1684
f 2575/1724/1718 2574/1725/1684 2572/1733/1684
f 2572/1733/1684 2576/1735/1719 2575/1724/1718
f 2577/1730/1686 2575/1724/1718 2576/1735/1719
f 2576/1735/1719 2578/1736/1686 2577/1730/1686
f 2579/1732/1687 2577/1730/1686 2578/1736/1686
f 2578/1736/1686 2580/1737/1687 2579/1732/1687
f 2581/1731/1720 2579/1732/1687 2580/1737/1687
f 2580/1737/1687 2582/1738/1720 2581/1731/1720
f 2583/1729/1721 2581/1731/1720 2582/1738/1720
f 2582/1738/1720 2584/1739/1721 2583/1729/1721
f 2585/1726/1690 2583/1729/1721 2584/1739/1721
f 2584/1739/1721 2586/1740/1690 2585/1726/1690
f 2587/1727/1691 2585/1726/1690 2586/1740/1690
f 2586/1740/1690 2588/1741/1691 2587/1727/1691
f 2574/1725/1684 2589/1728/1717 2573/1734/1717
f 2593/1788/1722 2590/1789/1723 2592/1790/1724
f 2590/1789/1723 2593/1788/1722 2591/1791/1725
f 2593/1788/1722 2592/1790/1724 2594/1792/1726
f 2594/1792/1726 2595/1793/1727 2593/1788/1722
f 2595/1793/1727 2594/1792/1726 2596/1794/1728
f 2596/1794/1728 2597/1795/1729 2595/1793/1727
f 2597/1795/1729 2596/1794/1728 2598/1796/1730
f 2598/1796/1730 2599/1797/1731 2597/1795/1729
f 2599/1797/1731 2598/1796/1730 2600/1798/1732
f 2601/1799/1733 2599/1797/1731 2600/1798/1732
f 2600/1798/1732 2602/1800/1734 2601/1799/1733
f 2591/1791/1725 2603/1801/1735 2590/1789/1723
f 2605/1802/1736 2604/1803/790 2606/1804/1737
f 2606/1804/1737 2607/1805/1738 2605/1802/1736
f 2607/1805/1738 2608/1806/1739 2605/1802/1736
f 2608/1806/1739 2607/1805/1738 2609/1807/1740
f 2609/1807/1740 2610/1808/1741 2608/1806/1739
f 2610/1808/1741 2609/1807/1740 2611/1809/1742
f 2611/1809/1742 2612/1810/1743 2610/1808/1741
f 2612/1810/1743 2611/1809/1742 2613/1811/1744
f 2613/1811/1744 2614/1812/1745 2612/1810/1743
f 2613/1811/1744 2615/1813/1746 2614/1812/1745
f 2615/1813/1746 2613/1811/1744 2616/1814/1747
f 2616/1814/1747 2617/1815/1748 2615/1813/1746
f 2619/1804/1749 2618/1803/1750 2620/1816/1751
f 2620/1816/1751 2621/1817/1752 2619/1804/1749
f 2623/1815/1753 2622/1814/1754 2624/1818/1755
f 2624/1818/1755 2625/1819/1756 2623/1815/1753
s 0
f 2626/1820/1757 2644/1821/1757 2627/1822/1757
f 2627/1822/1758 2628/1823/1758 2626/1820/1758
f 2628/1823/1759 2627/1822/1759 2629/1824/1759
f 2629/1824/1759 2630/1825/1759 2628/1823/1759
f 2629/1824/1760 2631/1826/1760 2630/1825/1760
f 2631/1826/1760 2629/1824/1760 2632/1827/1760
f 2632/1827/1759 2633/1828/1759 2631/1826/1759
f 2633/1828/1759 2632/1827/1759 2634/1829/1759
f 2634/1829/1759 2635/1830/1759 2633/1828/1759
f 2635/1830/1759 2634/1829/1759 2636/1831/1759
f 2636/1831/1759 2637/1832/1759 2635/1830/1759
f 2637/1832/1759 2636/1831/1759 2638/1833/1759
f 2638/1833/1761 2639/1834/1761 2637/1832/1761
f 2639/1834/1762 2638/1833/1762 2640/1835/1762
f 2640/1835/1763 2641/1836/1763 2639/1834/1763
s 1
f 2642/1837/1764 2641/1836/1765 2640/1835/1766
f 2640/1835/1766 2643/1838/1767 2642/1837/1764
f 2645/1839/1768 2644/1821/1769 2626/1820/1770
f 2626/1820/1770 2646/1840/1771 2645/1839/1768
f 2647/1841/1772 2650/1842/1773 2648/1843/1774
f 2649/1844/1775 2648/1843/1774 2650/1842/1773
f 2651/1845/1776 2649/1844/1775 2650/1842/1773
f 2650/1842/1773 2652/1846/1777 2651/1845/1776
f 2653/1847/1778 2651/1845/1776 2652/1846/1777
f 2652/1846/1777 2654/1848/1779 2653/1847/1778
f 2655/1849/1780 2653/1847/1778 2654/1848/1779
f 2654/1848/1779 2657/1850/1781 2655/1849/1780
f 2656/1851/1782 2655/1849/1780 2657/1850/1781
f 2656/1851/1782 2657/1850/1781 2658/1852/1783
f 2658/1852/1783 2659/1853/1735 2656/1851/1782
f 2648/1843/1774 2660/1854/1734 2647/1841/1772
f 2662/1855/1784 2661/1803/1748 2663/1802/1785
f 2663/1802/1785 2664/1856/1786 2662/1855/1784
f 2663/1802/1785 2665/1857/1787 2664/1856/1786
f 2665/1857/1787 2667/1858/1788 2666/1859/1789
f 2666/1859/1789 2664/1856/1786 2665/1857/1787
f 2668/1860/1790 2666/1859/1789 2667/1858/1788
f 2667/1858/1788 2669/1861/1791 2668/1860/1790
f 2669/1861/1791 2671/1862/1792 2670/1863/1793
f 2670/1863/1793 2668/1860/1790 2669/1861/1791
f 2671/1862/1792 2672/1864/1794 2670/1863/1793
f 2673/1865/1795 2670/1863/1793 2672/1864/1794
f 2672/1864/1794 2674/1866/790 2673/1865/1795
f 2676/1867/1756 2675/1803/1753 2677/1855/1796
f 2677/1855/1796 2678/1868/1797 2676/1867/1756
f 2680/1869/1798 2679/1865/1799 2681/1866/1750
f 2681/1866/1750 2682/1870/1751 2680/1869/1798
f 2685/1871/1800 2684/1872/1801 2683/1873/1802
s 0
f 2683/1873/1803 2686/1823/1803 2685/1871/1803
f 2687/1874/1759 2685/1871/1759 2686/1823/1759
f 2686/1823/1759 2688/1875/1759 2687/1874/1759
f 2688/1875/1760 2689/1876/1760 2687/1874/1760
f 2690/1877/1760 2687/1874/1760 2689/1876/1760
f 2689/1876/1759 2691/1878/1759 2690/1877/1759
f 2692/1879/1759 2690/1877/1759 2691/1878/1759
f 2691/1878/1759 2693/1880/1759 2692/1879/1759
f 2694/1881/1759 2692/1879/1759 2693/1880/1759
f 2693/1880/1759 2695/1882/1759 2694/1881/1759
f 2696/1883/1759 2694/1881/1759 2695/1882/1759
f 2695/1882/1804 2697/1884/1804 2696/1883/1804
f 2698/1885/1805 2696/1883/1805 2697/1884/1805
s 1
f 2697/1884/1806 2699/1886/1807 2698/1885/1808
f 2698/1885/1808 2699/1886/1807 2700/1887/1809
f 2700/1887/1809 2701/1888/1810 2698/1885/1808
f 2683/1873/1802 2684/1872/1801 2702/1889/1811
f 2702/1889/1811 2703/1890/1812 2683/1873/1802
s 0
f 2704/1891/791 2719/1892/791 2706/1893/791
f 2719/1892/791 2704/1891/791 2705/1894/791
f 2706/1893/791 2707/1895/791 2704/1891/791
f 2706/1893/791 2708/1896/791 2707/1895/791
f 2708/1896/791 2706/1893/791 2709/1897/791
f 2709/1897/791 2710/1898/791 2708/1896/791
f 2709/1897/791 2711/1899/791 2710/1898/791
f 2711/1899/791 2709/1897/791 2712/1900/791
f 2712/1900/791 2713/1901/791 2711/1899/791
f 2713/1901/791 2712/1900/791 2714/1902/791
f 2714/1902/791 2715/1903/791 2713/1901/791
f 2714/1902/791 2716/1904/791 2715/1903/791
f 2716/1904/791 2714/1902/791 2717/1905/791
f 2717/1905/791 2718/1906/791 2716/1904/791
f 2719/1892/791 2705/1894/791 2718/1906/791
f 2718/1906/791 2717/1905/791 2719/1892/791
s 1
f 2720/1907/1813 2729/1908/1814 2722/1909/1815
f 2729/1908/1814 2720/1907/1813 2721/1910/1816
f 2720/1907/1813 2722/1909/1815 2723/1911/1817
f 2723/1911/1817 2724/1912/1818 2720/1907/1813
f 2723/1911/1817 2725/1913/1819 2724/1912/1818
f 2725/1913/1819 2723/1911/1817 2726/1914/1820
f 2726/1914/1820 2727/1915/1821 2725/1913/1819
f 2727/1915/1821 2726/1914/1820 2728/1916/1822
f 2728/1916/1822 2721/1910/1816 2727/1915/1821
f 2721/1910/1816 2728/1916/1822 2729/1908/1814
f 2753/1917/1823 2755/1918/1824 2752/1919/1825
f 2755/1918/1824 2753/1917/1823 2754/1920/1826
f 2752/1919/1825 2756/1921/1827 2753/1917/1823
f 2756/1921/1827 2752/1919/1825 2757/1922/1828
f 2757/1922/1828 2758/1923/1829 2756/1921/1827
f 2758/1923/1829 2757/1922/1828 2759/1924/1830
f 2761/1925/1831 2762/1926/1832 2760/1927/1833
f 2762/1926/1832 2761/1925/1831 2763/1928/1834
f 2760/1927/1833 2764/1929/1835 2761/1925/1831
f 2764/1929/1835 2760/1927/1833 2766/1930/1836
f 2766/1930/1836 2765/1931/1837 2764/1929/1835
f 2766/1930/1836 2768/1932/1838 2765/1931/1837
f 2768/1932/1838 2766/1930/1836 2767/1933/1839
f 2770/1934/1840 2769/1935/1841 2771/1936/1842
f 2770/1934/1840 2772/1937/1843 2769/1935/1841
f 2773/1938/1844 2771/1936/1842 2769/1935/1841
f 2769/1935/1841 2772/1937/1843 2773/1938/1844
f 2795/1939/1845 2771/1936/1842 2773/1938/1844
f 2773/1938/1844 2774/1940/1846 2777/1941/1847
f 2777/1941/1847 2795/1939/1845 2773/1938/1844
f 2775/1942/1848 2779/1943/1849 2777/1944/1850
f 2777/1944/1850 2776/1945/1851 2775/1942/1848
f 2795/1939/1845 2777/1941/1847 2778/1946/1852
f 2780/1947/1853 2782/1948/1854 2779/1943/1849
f 2779/1943/1849 2781/1949/1855 2780/1947/1853
f 2777/1944/1850 2779/1943/1849 2782/1948/1854
f 2782/1948/1854 2783/1950/1856 2777/1944/1850
f 2785/1951/1857 2780/1947/1853 2781/1949/1855
f 2781/1949/1855 2784/1952/1858 2785/1951/1857
f 2786/1953/1859 2785/1951/1857 2787/1954/1860
f 2784/1952/1858 2787/1954/1860 2785/1951/1857
f 2787/1954/1860 2788/1955/1861 2786/1953/1859
f 2789/1956/1862 2794/1957/1863 2788/1955/1861
f 2789/1956/1862 2788/1955/1861 2787/1954/1860
f 2775/1942/1848 2787/1954/1860 2784/1952/1858
f 2784/1952/1858 2781/1949/1855 2775/1942/1848
f 2775/1942/1848 2781/1949/1855 2779/1943/1849
f 2794/1957/1863 2789/1956/1862 2791/1958/1864
f 2790/1959/1865 2792/1960/1866 2791/1958/1864
f 2792/1960/1866 2793/1961/1867 2791/1958/1864
f 2794/1957/1863 2791/1958/1864 2793/1961/1867
f 2788/1955/1861 2794/1957/1863 2793/1961/1867
f 2793/1961/1867 2786/1953/1859 2788/1955/1861
f 2796/1962/1868 2795/1939/1845 2778/1946/1852
f 2778/1946/1852 2797/1963/1869 2796/1962/1868
f 2795/1939/1845 2796/1962/1868 2798/1964/1870
f 2798/1964/1870 2771/1936/1842 2795/1939/1845
f 2771/1936/1842 2798/1964/1870 2770/1934/1840
f 2772/1937/1843 2800/1965/1871 2799/1966/1872
f 2800/1965/1871 2801/1967/1873 2799/1966/1872
f 2804/1968/1874 2799/1966/1872 2801/1967/1873
f 2803/1969/1875 2801/1967/1873 2800/1965/1871
f 2800/1965/1871 2802/1970/1876 2803/1969/1875
f 2802/1970/1876 2800/1965/1871 2772/1937/1843
f 2772/1937/1843 2770/1934/1840 2802/1970/1876
f 2803/1969/1875 2804/1968/1874 2801/1967/1873
f 2804/1968/1874 2803/1969/1875 2805/1971/1877
f 2804/1968/1874 2805/1971/1877 2806/1972/1878
f 2809/1973/1879 2807/1974/1880 2808/1975/1881
f 2808/1975/1881 2810/1976/1882 2809/1973/1879
f 2811/1977/1883 2809/1973/1879 2810/1976/1882
f 2810/1976/1882 2812/1978/1884 2811/1977/1883
f 2813/1979/1885 2811/1977/1883 2812/1978/1884
f 2812/1978/1884 2814/1980/1886 2813/1979/1885
f 2814/1980/1886 2815/1981/1887 2813/1979/1885
f 2815/1981/1887 2814/1980/1886 2816/1976/1888
f 2816/1976/1888 2817/1982/1889 2815/1981/1887
f 2819/1983/1890 2818/1984/1891 2817/1982/1889
f 2817/1982/1889 2816/1976/1888 2819/1983/1890
f 2819/1983/1890 2820/1985/1892 2818/1984/1891
f 2821/1986/1893 2818/1984/1891 2820/1985/1892
f 2820/1985/1892 2822/1987/1894 2821/1986/1893
f 2823/1988/1895 2822/1987/1896 2824/1989/1897
f 2824/1989/1897 2807/1974/1880 2823/1988/1895
f 2807/1974/1880 2824/1989/1897 2808/1975/1881
f 2826/1990/1898 2825/1991/1899 2827/1992/1900
f 2825/1991/1899 2828/1993/1901 2827/1992/1900
f 2828/1993/1901 2825/1991/1899 2829/1994/1902
f 2828/1993/1901 2829/1994/1902 2830/1995/1903
f 2830/1995/1903 2831/1996/1904 2828/1993/1901
f 2832/1997/1905 2831/1996/1904 2830/1995/1903
f 2830/1995/1903 2833/1998/1906 2832/1997/1905
f 2834/1999/1907 2833/1998/1908 2835/2000/1909
f 2835/2000/1909 2836/2001/1910 2834/1999/1907
f 2838/2002/1911 2836/2001/1910 2835/2000/1909
f 2835/2000/1909 2837/2003/1912 2838/2002/1911
f 2837/2003/1912 2839/2004/1913 2838/2002/1911
f 2840/2005/1914 2838/2002/1911 2839/2004/1913
f 2839/2004/1913 2826/2006/1915 2841/2007/1916
f 2841/2007/1916 2840/2005/1914 2839/2004/1913
f 2826/1990/1898 2827/1992/1900 2842/2008/1917
s 0
f 2844/1894/790 2843/1891/790 2845/1892/790
f 2846/1893/790 2845/1892/790 2843/1891/790
f 2843/1891/790 2847/1895/790 2846/1893/790
f 2847/1895/790 2848/1896/790 2846/1893/790
f 2849/1897/790 2846/1893/790 2848/1896/790
f 2848/1896/790 2850/1898/790 2849/1897/790
f 2850/1898/790 2851/1899/790 2849/1897/790
f 2852/1900/790 2849/1897/790 2851/1899/790
f 2851/1899/790 2853/1901/790 2852/1900/790
f 2854/1902/790 2852/1900/790 2853/1901/790
f 2853/1901/790 2855/1903/790 2854/1902/790
f 2855/1903/790 2856/1904/790 2854/1902/790
f 2857/1905/790 2854/1902/790 2856/1904/790
f 2856/1904/790 2858/1906/790 2857/1905/790
f 2845/1892/790 2857/1905/790 2858/1906/790
f 2858/1906/790 2844/1894/790 2845/1892/790
s 1
f 2860/2009/1918 2859/2010/1919 2861/2011/1920
f 2862/2012/1921 2861/2011/1920 2859/2010/1919
f 2863/2013/1922 2862/2012/1921 2859/2010/1919
f 2859/2010/1919 2864/2014/1923 2863/2013/1922
f 2864/2014/1923 2865/2015/1924 2863/2013/1922
f 2866/2016/1925 2863/2013/1922 2865/2015/1924
f 2865/2015/1924 2867/2017/1926 2866/2016/1925
f 2868/2018/1927 2866/2016/1925 2867/2017/1926
f 2867/2017/1926 2860/2009/1918 2868/2018/1927
f 2861/2011/1920 2868/2018/1927 2860/2009/1918
f 2891/2019/1928 2893/2020/1929 2892/2021/1930
f 2894/2022/1931 2892/2021/1930 2893/2020/1929
f 2892/2021/1930 2895/2023/1932 2891/2019/1928
f 2896/2024/1933 2891/2019/1928 2895/2023/1932
f 2895/2023/1932 2897/2025/1934 2896/2024/1933
f 2898/2026/1935 2896/2024/1933 2897/2025/1934
f 2899/2027/1936 2901/2028/1937 2900/2029/1938
f 2902/2030/1939 2900/2029/1938 2901/2028/1937
f 2900/2029/1938 2903/2031/1940 2899/2027/1936
f 2904/2032/1941 2899/2027/1936 2903/2031/1940
f 2903/2031/1940 2905/2033/1942 2904/2032/1941
f 2906/2034/1943 2904/2032/1941 2905/2033/1942
f 2905/2033/1942 2907/2035/1944 2906/2034/1943
f 2932/2036/1945 2934/2037/1946 2933/2038/1947
f 2933/2038/1947 2934/2037/1946 2935/2039/1948
f 2932/2036/1945 2933/2038/1947 2936/2040/1949
f 2936/2040/1949 2937/2041/1950 2932/2036/1945
f 2931/2042/1951 2932/2036/1945 2937/2041/1950
f 2930/2043/1952 2931/2042/1951 2937/2041/1950
f 2937/2041/1950 2938/2044/1953 2930/2043/1952
f 2930/2043/1952 2940/2045/1954 2939/2046/1955
f 2940/2045/1954 2930/2043/1952 2938/2044/1953
f 2941/2047/1956 2943/2048/1957 2942/2049/1958
f 2944/2050/1959 2942/2049/1958 2943/2048/1957
f 2943/2048/1957 2945/2051/1960 2944/2050/1959
f 2946/2052/1961 2944/2050/1959 2945/2051/1960
f 2945/2051/1960 2947/2053/1962 2946/2052/1961
f 2948/2037/1963 2946/2052/1961 2947/2053/1962
f 2947/2053/1962 2949/2054/1964 2948/2037/1963
f 2951/2039/1965 2948/2037/1963 2949/2054/1964
f 2949/2054/1964 2950/2055/1966 2951/2039/1965
f 2953/2056/1967 2952/2038/1968 2951/2039/1965
f 2951/2039/1965 2954/2057/1969 2953/2056/1967
f 2954/2057/1969 2951/2039/1965 2950/2055/1966
f 2952/2038/1968 2953/2056/1967 2955/2058/1970
f 2955/2058/1970 2956/2040/1970 2952/2038/1968
f 2942/2049/1958 2957/2059/1971 2941/2047/1956
f 2957/2059/1971 2958/2060/1972 2941/2047/1956
f 2959/2061/1973 3018/2062/1974 2961/2063/1975
f 3018/2062/1974 2959/2061/1973 2960/2064/1976
f 2959/2061/1973 2961/2063/1975 2962/2065/1977
f 2962/2065/1977 2963/2066/1978 2959/2061/1973
f 2965/2067/1979 2962/2065/1977 2964/2068/1980
f 2961/2063/1975 2964/2068/1980 2962/2065/1977
f 2965/2067/1979 2964/2068/1980 2966/2069/1981
f 2966/2069/1981 2967/2070/1982 2965/2067/1979
f 2966/2069/1981 2969/2071/1983 2968/2072/1984
f 2968/2072/1984 2967/2070/1982 2966/2069/1981
f 2971/2073/1985 2969/2071/1983 2970/2074/1986
f 2969/2071/1983 2971/2073/1985 2968/2072/1984
f 2972/2075/1987 2968/2072/1984 2971/2073/1985
f 3000/2076/1988 2972/2075/1987 2971/2073/1985
f 2973/2077/1989 2974/2078/1990 2971/2073/1985
f 2974/2078/1990 2973/2077/1989 3019/2079/1991
f 2976/2080/1992 2971/2073/1985 2974/2078/1990
f 2974/2078/1990 2975/2081/1993 2976/2080/1992
f 3000/2076/1988 2971/2073/1985 2976/2080/1992
f 2978/2081/1994 2977/2082/1995 2974/2078/1990
f 2974/2078/1990 2979/2083/1996 2978/2081/1994
f 2979/2083/1996 3005/2084/1997 2982/2076/1998
f 3005/2084/1997 2980/2075/1999 2982/2076/1998
f 2982/2076/1998 2983/2085/2000 2984/2086/2001
f 2984/2086/2001 2981/2087/2002 2982/2076/1998
f 2984/2086/2001 2983/2085/2000 2985/2088/2003
f 2985/2088/2003 2986/2089/2004 2984/2086/2001
f 2985/2088/2003 2987/2090/2005 2986/2089/2004
f 2985/2088/2003 2988/2091/2006 2987/2090/2005
f 3004/2092/2007 2987/2090/2005 2988/2091/2006
f 2988/2091/2006 2993/2093/2008 2990/2094/2009
f 2990/2094/2009 2989/2095/2010 2988/2091/2006
f 2988/2091/2006 2989/2095/2010 3004/2092/2007
f 2992/2094/2011 2991/2096/2012 2993/2093/2008
f 2993/2093/2008 2991/2096/2012 2990/2094/2009
f 2992/2094/2011 2993/2093/2008 2994/2091/2013
f 3002/2092/2014 3003/2095/2015 2994/2091/2013
f 2994/2091/2013 3003/2095/2015 2992/2094/2011
f 2994/2091/2013 2995/2097/2016 3002/2092/2014
f 2995/2097/2016 2994/2091/2013 2997/2098/2017
f 2996/2089/2018 2995/2097/2016 2997/2098/2017
f 2997/2098/2017 3001/2085/2019 2998/2086/2020
f 2998/2086/2020 2996/2089/2018 2997/2098/2017
f 2976/2080/1992 2999/2099/2021 3000/2076/1988
f 3000/2076/1988 2999/2099/2021 2998/2086/2020
f 2998/2086/2020 3001/2085/2019 3000/2076/1988
f 2982/2076/1998 2981/2087/2002 2979/2083/1996
f 3005/2084/1997 3009/2100/2022 2980/2075/1999
f 3005/2084/1997 3006/2077/2023 3007/2074/2024
f 3009/2100/2022 3005/2084/1997 3008/2071/2025
f 3007/2074/2024 3008/2071/2025 3005/2084/1997
f 3009/2100/2022 3008/2071/2025 3011/2069/2026
f 3011/2069/2026 3010/2070/2027 3009/2100/2022
f 3011/2069/2026 3013/2068/2028 3012/2101/2029
f 3012/2101/2029 3010/2070/2027 3011/2069/2026
f 3013/2068/2028 3016/2065/2030 3012/2101/2029
f 3016/2065/2030 3013/2068/2028 3014/2102/2031
f 2960/2064/1976 3015/2103/2032 3014/2102/2031
f 3016/2065/2030 3014/2102/2031 3015/2103/2032
f 3015/2103/2032 3017/2066/2033 3016/2065/2030
f 3014/2102/2031 3018/2062/1974 2960/2064/1976
f 3019/2079/1991 3006/2077/2023 2979/2083/1996
f 3005/2084/1997 2979/2083/1996 3006/2077/2023
f 2970/2074/1986 2973/2077/1989 2971/2073/1985
f 2979/2083/1996 2974/2078/1990 3019/2079/1991
f 2974/2078/1990 2977/2082/1995 2975/2081/1993
f 3021/2104/2034 3023/2105/2035 3020/2106/2036
f 3021/2104/2034 3020/2106/2036 3022/2107/2037
f 3022/2107/2037 3024/2108/2038 3021/2104/2034
f 3025/2109/2039 3021/2104/2034 3024/2108/2038
f 3024/2108/2038 3026/2110/2040 3025/2109/2039
f 3024/2108/2041 3027/2111/2042 3029/2112/2043
f 3027/2111/2042 3024/2108/2041 3028/2113/2037
f 3029/2112/2043 3030/2114/2044 3024/2108/2041
f 3030/2115/2045 3031/2116/2046 3025/2109/2039
f 3025/2109/2039 3026/2110/2040 3030/2115/2045
f 3029/2112/2043 3032/2117/2047 3030/2114/2044
f 3028/2113/2037 3033/2118/2048 3027/2111/2042
f 3027/2111/2042 3033/2118/2048 3034/2119/2049
f 3035/2120/2050 3036/2121/2051 3037/2122/2052
f 3038/2123/2053 3035/2120/2050 3037/2122/2052
f 3039/2124/2054 3038/2123/2053 3040/2125/2055
f 3037/2122/2052 3040/2125/2055 3038/2123/2053
f 3041/2126/2056 3039/2124/2054 3040/2125/2055
f 3040/2125/2055 3042/2127/2057 3041/2126/2056
f 3043/2128/2058 3041/2126/2056 3042/2127/2057
f 3042/2127/2057 3040/2125/2055 3082/2129/2059
f 3082/2129/2059 3044/2130/2060 3042/2127/2057
f 3045/2131/2061 3044/2130/2060 3082/2129/2059
f 3044/2130/2060 3045/2131/2061 3046/2132/2062
f 3077/2133/2063 3046/2132/2062 3047/2134/2064
f 3046/2132/2062 3077/2133/2063 3044/2130/2060
f 3047/2134/2064 3050/2135/2065 3077/2133/2063
f 3048/2136/2066 3049/2137/2067 3050/2135/2065
f 3050/2135/2065 3047/2134/2064 3048/2136/2066
f 3049/2137/2067 3051/2138/2068 3050/2135/2065
f 3052/2139/2069 3053/2140/2070 3051/2141/2071
f 3052/2139/2069 3051/2141/2071 3054/2137/2072
f 3052/2139/2069 3054/2137/2072 3055/2142/2073
f 3055/2142/2073 3056/2143/2074 3052/2139/2069
f 3069/2144/2075 3052/2139/2069 3056/2143/2074
f 3056/2143/2074 3057/2145/2076 3069/2144/2075
f 3058/2146/2077 3069/2144/2075 3057/2145/2076
f 3058/2146/2077 3068/2147/2078 3069/2144/2075
f 3067/2148/2079 3058/2146/2077 3059/2149/2080
f 3057/2145/2076 3059/2149/2080 3058/2146/2077
f 3059/2149/2080 3060/2150/2081 3067/2148/2079
f 3061/2151/2082 3067/2148/2079 3060/2150/2081
f 3063/2152/2083 3061/2151/2082 3080/2153/2084
f 3063/2152/2083 3062/2154/2085 3064/2155/2086
f 3063/2152/2083 3064/2155/2086 3065/2156/2087
f 3065/2156/2087 3066/2157/2088 3063/2152/2083
f 3063/2152/2083 3066/2157/2088 3067/2148/2079
f 3067/2148/2079 3061/2151/2082 3063/2152/2083
f 3068/2147/2078 3058/2146/2077 3067/2148/2079
f 3067/2148/2079 3066/2157/2088 3068/2147/2078
f 3069/2144/2075 3068/2147/2078 3070/2158/2089
f 3068/2147/2078 3071/2159/2090 3070/2158/2089
f 3070/2158/2089 3072/2160/2091 3069/2144/2075
f 3072/2160/2091 3073/2161/2092 3052/2139/2069
f 3052/2139/2069 3069/2144/2075 3072/2160/2091
f 3073/2161/2092 3074/2162/2093 3053/2140/2070
f 3053/2140/2070 3052/2139/2069 3073/2161/2092
f 3051/2138/2068 3074/2162/2094 3075/2163/2095
f 3050/2135/2065 3075/2163/2095 3076/2164/2096
f 3075/2163/2095 3050/2135/2065 3051/2138/2068
f 3076/2164/2096 3077/2133/2063 3050/2135/2065
f 3077/2133/2063 3076/2164/2096 3043/2128/2058
f 3043/2128/2058 3042/2127/2057 3077/2133/2063
f 3077/2133/2063 3042/2127/2057 3044/2130/2060
f 3066/2157/2088 3078/2124/2097 3071/2159/2090
f 3071/2159/2090 3068/2147/2078 3066/2157/2088
f 3066/2157/2088 3065/2156/2087 3078/2124/2097
f 3062/2154/2085 3080/2153/2084 3079/2165/2098
f 3063/2152/2083 3080/2153/2084 3062/2154/2085
f 3082/2129/2059 3081/2166/2099 3045/2131/2061
f 3083/2167/2100 3081/2166/2099 3082/2129/2059
f 3036/2121/2051 3084/2168/2101 3037/2122/2052
f 3037/2122/2052 3084/2168/2101 3083/2167/2100
f 3085/2169/2102 3084/2168/2101 3036/2121/2051
f 3082/2129/2059 3040/2125/2055 3037/2122/2052
f 3037/2122/2052 3083/2167/2100 3082/2129/2059
f 3087/2170/2103 3089/2171/2104 3086/2172/2105
f 3086/2172/2105 3088/2173/2106 3087/2170/2103
f 3089/2171/2104 3087/2170/2103 3090/2174/2107
f 3090/2174/2107 3091/2175/2108 3089/2171/2104
f 3090/2174/2107 3092/2176/2109 3091/2175/2108
f 3094/2177/2110 3093/2178/2111 3095/2170/2112
f 3095/2170/2112 3096/2179/2113 3094/2177/2110
f 3097/2180/2114 3098/2181/2115 3100/2182/2116
f 3098/2181/2115 3097/2180/2114 3099/2183/2117
f 3099/2183/2117 3101/2184/2118 3098/2181/2115
f 3102/2177/2119 3103/2185/2120 3105/2186/2121
f 3103/2185/2120 3102/2177/2119 3104/2179/2122
f 3105/2186/2121 3106/2187/2121 3102/2177/2119
f 3104/2179/2122 3107/2183/2122 3103/2185/2120
f 3111/2188/2123 3110/2189/2123 3112/2190/2124
f 3112/2190/2124 3113/2191/2125 3111/2188/2123
f 3115/2188/2126 3114/2191/2127 3116/2192/2128
f 3116/2192/2128 3117/2193/2129 3115/2188/2126
f 3123/2194/2130 3122/2195/2130 3124/2196/2131
f 3124/2196/2131 3125/2197/2132 3123/2194/2130
f 3125/2197/2132 3124/2196/2131 3126/2198/2133
f 3126/2198/2133 3127/2199/2134 3125/2197/2132
f 3129/2188/2135 3128/2200/2136 3130/2201/2136
f 3130/2201/2136 3131/2189/2136 3129/2188/2135
f 3153/2202/2137 3132/2203/2138 3133/2204/2139
f 3153/2202/2137 3134/2205/2140 3132/2203/2138
f 3134/2205/2140 3153/2202/2137 3135/2206/2141
f 3135/2206/2141 3136/2207/2142 3134/2205/2140
f 3138/2208/2143 3139/2209/2144 3144/2210/2145
f 3144/2210/2145 3139/2209/2144 3140/2211/2146
f 3140/2211/2146 3142/2212/2147 3144/2210/2145
f 3142/2212/2147 3140/2211/2146 3141/2213/2148
f 3144/2210/2145 3143/2214/2149 3138/2208/2143
f 3144/2210/2145 3145/2215/2150 3143/2214/2149
f 3147/2216/2151 3146/2217/2152 3144/2210/2145
f 3145/2215/2150 3144/2210/2145 3146/2217/2152
f 3146/2217/2152 3149/2218/2153 3148/2219/2154
f 3149/2218/2153 3146/2217/2152 3151/2220/2155
f 3151/2220/2155 3150/2221/2156 3149/2218/2153
f 3152/2222/2157 3151/2220/2155 3146/2217/2152
f 3146/2217/2152 3147/2216/2151 3152/2222/2157
f 3153/2202/2137 3152/2222/2157 3147/2216/2151
f 3155/2223/2158 3146/2217/2152 3148/2219/2154
f 3154/2224/2159 3145/2215/2150 3146/2217/2152
f 3155/2223/2158 3154/2224/2159 3146/2217/2152
f 3135/2206/2141 3153/2202/2137 3147/2216/2151
f 3137/2225/2160 3147/2216/2151 3144/2210/2145
f 3147/2216/2151 3137/2225/2160 3135/2206/2141
f 3158/2226/2161 3156/2227/2162 3157/2228/2163
f 3157/2228/2163 3159/2229/2164 3158/2226/2161
f 3161/2226/2165 3160/2229/2166 3162/2230/2167
f 3162/2230/2167 3163/2231/2168 3161/2226/2165
f 3163/2231/2168 3164/2232/2169 3161/2226/2165
f 3167/2233/2170 3166/2234/2171 3165/2235/2172
f 3165/2235/2172 3168/2226/2173 3167/2233/2170
f 3170/2236/2174 3171/2237/2175 3169/2238/2176
f 3172/2239/2177 3169/2238/2176 3171/2237/2175
f 3171/2237/2175 3173/2240/2178 3172/2239/2177
f 3173/2240/2178 3174/2241/2179 3172/2239/2177
f 3175/2242/2180 3172/2239/2177 3174/2241/2179
f 3174/2241/2179 3176/2243/2181 3175/2242/2180
f 3176/2243/2181 3177/2244/2182 3175/2242/2180
f 3178/2245/2183 3175/2242/2180 3177/2244/2182
f 3189/2246/2184 3179/2247/2185 3178/2245/2183
f 3180/2248/2186 3189/2246/2184 3181/2249/2187
f 3179/2247/2185 3182/2250/2188 3183/2251/2189
f 3183/2251/2189 3175/2242/2180 3179/2247/2185
f 3172/2239/2177 3175/2242/2180 3184/2252/2190
f 3183/2251/2189 3184/2252/2190 3175/2242/2180
f 3184/2252/2190 3185/2253/2191 3172/2239/2177
f 3185/2253/2191 3186/2254/2192 3172/2239/2177
f 3186/2254/2192 3187/2255/2193 3172/2239/2177
f 3172/2239/2177 3187/2255/2193 3188/2256/2194
f 3188/2256/2194 3169/2238/2176 3172/2239/2177
f 3175/2242/2180 3178/2245/2183 3179/2247/2185
f 3189/2246/2184 3191/2257/2195 3190/2258/2196
f 3189/2246/2184 3192/2259/2197 3191/2257/2195
f 3181/2249/2187 3193/2260/2198 3180/2248/2186
f 3194/2261/2199 3247/2262/2200 3340/2263/2201
f 3340/2263/2201 3195/2264/2202 3194/2261/2199
f 3340/2263/2201 3196/2265/2203 3195/2264/2202
f 3197/2266/2204 3196/2265/2203 3340/2263/2201
f 3189/2246/2184 3190/2258/2196 3198/2267/2205
f 3199/2268/2206 3198/2267/2205 3197/2266/2204
f 3199/2268/2206 3189/2246/2184 3198/2267/2205
f 3189/2246/2184 3199/2268/2206 3179/2247/2185
f 3347/2269/2207 3179/2247/2185 3199/2268/2206
f 3200/2270/2208 3179/2247/2185 3347/2269/2207
f 3182/2250/2188 3179/2247/2185 3200/2270/2208
f 3347/2269/2207 3201/2271/2209 3200/2270/2208
f 3347/2269/2207 3202/2272/2210 3201/2271/2209
f 3349/2273/2211 3202/2272/2210 3347/2269/2207
f 3349/2273/2211 3203/2274/2212 3202/2272/2210
f 3204/2275/2213 3203/2274/2212 3349/2273/2211
f 3205/2276/2214 3204/2275/2213 3349/2273/2211
f 3205/2276/2214 3349/2273/2211 3209/2277/2215
f 3206/2278/2216 3205/2276/2214 3209/2277/2215
f 3209/2277/2215 3208/2279/2217 3206/2278/2216
f 3206/2278/2216 3208/2279/2217 3210/2280/2218
f 3210/2280/2218 3208/2279/2217 3211/2281/2219
f 3212/2282/2220 3211/2281/2219 3208/2279/2217
f 3208/2279/2217 3209/2277/2215 3212/2282/2220
f 3213/2283/2221 3215/2284/2222 3212/2282/2223
f 3212/2282/2223 3214/2285/2224 3213/2283/2221
f 3216/2286/2225 3217/2287/2226 3215/2284/2222
f 3215/2284/2222 3213/2283/2221 3216/2286/2225
f 3217/2287/2226 3216/2286/2225 3218/2288/2227
f 3220/2289/2228 3219/2290/2229 3218/2288/2227
f 3220/2289/2228 3218/2288/2227 3216/2286/2225
f 3226/2291/2230 3221/2292/2231 3216/2286/2225
f 3222/2293/2232 3220/2289/2228 3216/2286/2225
f 3222/2293/2232 3216/2286/2225 3221/2292/2231
f 3220/2289/2228 3222/2293/2232 3223/2294/2233
f 3223/2294/2233 3224/2295/2234 3220/2289/2228
f 3225/2296/2235 3224/2295/2234 3223/2294/2233
f 3220/2289/2228 3224/2295/2234 3219/2290/2229
f 3216/2286/2225 3228/2297/2236 3227/2298/2237
f 3227/2298/2237 3226/2291/2230 3216/2286/2225
f 3228/2297/2236 3213/2283/2221 3214/2285/2224
f 3214/2285/2224 3229/2299/2238 3228/2297/2236
f 3230/2300/2239 3214/2285/2224 3352/2301/2240
f 3214/2285/2224 3230/2300/2239 3229/2299/2238
f 3230/2300/2239 3231/2302/2241 3229/2299/2238
f 3230/2300/2239 3232/2303/2242 3231/2302/2241
f 3233/2304/2243 3232/2303/2242 3230/2300/2239
f 3344/2305/2244 3233/2304/2243 3230/2300/2239
f 3234/2306/2245 3233/2304/2243 3344/2305/2244
f 3344/2305/2244 3235/2307/2246 3234/2306/2245
f 3240/2308/2247 3254/2309/2248 3344/2305/2244
f 3235/2307/2246 3344/2305/2244 3254/2309/2248
f 3255/2310/2249 3235/2307/2246 3254/2309/2248
f 3254/2309/2248 3240/2308/2247 3236/2311/2250
f 3238/2312/2251 3236/2311/2250 3240/2308/2247
f 3238/2312/2251 3237/2313/2252 3236/2311/2250
f 3239/2314/2253 3238/2312/2251 3240/2308/2247
f 3245/2315/2254 3241/2265/2255 3239/2314/2253
f 3245/2315/2254 3239/2314/2253 3340/2316/2256
f 3242/2317/2257 3241/2265/2255 3245/2315/2254
f 3243/2318/2258 3242/2317/2257 3245/2315/2254
f 3244/2319/2259 3245/2315/2254 3252/2320/2260
f 3244/2319/2259 3243/2318/2258 3245/2315/2254
f 3245/2315/2254 3248/2321/2261 3246/2322/2262
f 3248/2321/2261 3247/2262/2200 3278/2323/2263
f 3247/2262/2200 3248/2321/2261 3340/2263/2201
f 3246/2322/2262 3248/2321/2261 3277/2324/2264
f 3277/2324/2264 3274/2325/2265 3249/2326/2266
f 3249/2326/2266 3246/2322/2262 3277/2324/2264
f 3246/2322/2262 3249/2326/2266 3250/2327/2267
f 3251/2328/2268 3252/2320/2260 3250/2327/2267
f 3250/2327/2267 3236/2311/2250 3251/2328/2268
f 3250/2327/2267 3252/2320/2260 3246/2322/2262
f 3253/2329/2269 3254/2309/2248 3236/2311/2250
f 3256/2330/2270 3255/2310/2249 3254/2309/2248
f 3254/2309/2248 3257/2331/2271 3256/2330/2270
f 3257/2331/2271 3258/2332/2272 3259/2333/2273
f 3259/2333/2273 3263/2334/2274 3257/2331/2271
f 3263/2334/2274 3259/2333/2273 3269/2335/2275
f 3257/2331/2271 3260/2336/2276 3256/2330/2270
f 3260/2336/2276 3257/2331/2271 3263/2334/2274
f 3263/2334/2274 3261/2253/2277 3260/2336/2276
f 3263/2334/2274 3262/2337/2278 3261/2253/2277
f 3263/2334/2274 3264/2338/2279 3262/2337/2278
f 3265/2339/2280 3264/2338/2279 3263/2334/2274
f 3263/2334/2274 3266/2340/2281 3265/2339/2280
f 3266/2340/2281 3268/2341/2282 3267/2342/2283
f 3263/2334/2274 3269/2335/2275 3268/2341/2282
f 3268/2341/2282 3266/2340/2281 3263/2334/2274
f 3266/2340/2281 3270/2343/2284 3265/2339/2280
f 3257/2331/2271 3271/2326/2285 3258/2332/2272
f 3271/2326/2285 3257/2331/2271 3253/2329/2269
f 3254/2309/2248 3253/2329/2269 3257/2331/2271
f 3236/2311/2250 3273/2344/2286 3251/2328/2268
f 3272/2345/2287 3273/2344/2286 3236/2311/2250
f 3237/2313/2252 3272/2345/2287 3236/2311/2250
f 3246/2322/2262 3252/2320/2260 3245/2315/2254
f 3277/2324/2264 3275/2333/2288 3274/2325/2265
f 3276/2346/2289 3339/2347/2290 3275/2333/2288
f 3275/2333/2288 3277/2324/2264 3276/2346/2289
f 3283/2348/2291 3276/2346/2289 3277/2324/2264
f 3278/2323/2263 3283/2348/2291 3248/2321/2261
f 3248/2321/2261 3283/2348/2291 3277/2324/2264
f 3280/2244/2292 3279/2349/2293 3278/2323/2263
f 3278/2323/2263 3247/2262/2200 3280/2244/2292
f 3181/2249/2187 3280/2244/2292 3247/2262/2200
f 3247/2262/2200 3193/2260/2198 3181/2249/2187
f 3279/2349/2293 3281/2241/2294 3278/2323/2263
f 3281/2241/2294 3286/2350/2295 3282/2351/2296
f 3282/2351/2296 3278/2323/2263 3281/2241/2294
f 3306/2352/2297 3283/2348/2291 3282/2351/2296
f 3282/2351/2296 3284/2353/2298 3306/2352/2297
f 3284/2353/2298 3302/2354/2299 3304/2355/2300
f 3301/2356/2301 3302/2354/2299 3284/2353/2298
f 3284/2353/2298 3282/2351/2296 3286/2350/2295
f 3286/2350/2295 3287/2357/2302 3284/2353/2298
f 3287/2357/2302 3286/2350/2295 3288/2358/2303
f 3287/2357/2302 3288/2358/2303 3289/2359/2304
f 3288/2358/2303 3290/2360/2305 3289/2359/2304
f 3291/2361/2306 3290/2360/2305 3288/2358/2303
f 3296/2362/2307 3298/2363/2308 3293/2364/2309
f 3293/2364/2309 3298/2363/2308 3294/2365/2310
f 3295/2366/2311 3294/2365/2310 3298/2363/2308
f 3298/2363/2308 3284/2353/2298 3295/2366/2311
f 3284/2353/2298 3285/2367/2312 3295/2366/2311
f 3301/2356/2301 3284/2353/2298 3298/2363/2308
f 3298/2363/2308 3300/2368/2313 3301/2356/2301
f 3299/2369/2314 3298/2363/2308 3297/2370/2315
f 3298/2363/2308 3299/2369/2314 3300/2368/2313
f 3302/2354/2299 3303/2371/2316 3304/2355/2300
f 3303/2371/2316 3305/2372/2317 3304/2355/2300
f 3306/2352/2297 3304/2355/2300 3305/2372/2317
f 3306/2352/2297 3284/2353/2298 3304/2355/2300
f 3300/2368/2313 3299/2369/2314 3307/2373/2318
f 3298/2363/2308 3308/2374/2319 3297/2370/2315
f 3296/2362/2307 3309/2375/2320 3298/2363/2308
f 3288/2358/2303 3309/2375/2320 3291/2361/2306
f 3309/2375/2320 3292/2376/2321 3291/2361/2306
f 3296/2362/2307 3292/2376/2321 3309/2375/2320
f 3285/2367/2312 3284/2353/2298 3310/2377/2322
f 3310/2377/2322 3284/2353/2298 3311/2378/2323
f 3287/2357/2302 3311/2378/2323 3284/2353/2298
f 3278/2323/2263 3282/2351/2296 3283/2348/2291
f 3276/2346/2289 3283/2348/2291 3334/2379/2324
f 3334/2379/2324 3312/2380/2325 3276/2346/2289
f 3332/2381/2326 3331/2382/2327 3312/2380/2325
f 3312/2380/2325 3331/2382/2327 3326/2383/2328
f 3312/2380/2325 3314/2384/2329 3313/2385/2330
f 3313/2385/2330 3315/2386/2331 3312/2380/2325
f 3315/2386/2331 3316/2387/2332 3312/2380/2325
f 3312/2380/2325 3316/2387/2332 3338/2388/2333
f 3321/2389/2334 3323/2390/2335 3324/2391/2336
f 3321/2389/2334 3322/2392/2337 3323/2390/2335
f 3323/2390/2335 3322/2392/2337 3314/2384/2329
f 3314/2384/2329 3312/2380/2325 3323/2390/2335
f 3323/2390/2335 3312/2380/2325 3326/2383/2328
f 3326/2383/2328 3325/2393/2338 3323/2390/2335
f 3327/2394/2339 3328/2395/2340 3325/2393/2338
f 3329/2396/2341 3323/2390/2335 3328/2395/2340
f 3329/2396/2341 3330/2397/2342 3323/2390/2335
f 3325/2393/2338 3328/2395/2340 3323/2390/2335
f 3332/2381/2326 3333/2398/2343 3331/2382/2327
f 3332/2381/2326 3312/2380/2325 3334/2379/2324
f 3335/2399/2344 3332/2381/2326 3334/2379/2324
f 3332/2381/2326 3335/2399/2344 3333/2398/2343
f 3323/2390/2335 3336/2400/2345 3324/2391/2336
f 3336/2400/2345 3319/2401/2346 3320/2376/2347
f 3319/2401/2346 3336/2400/2345 3337/2402/2348
f 3336/2400/2345 3320/2376/2347 3324/2391/2336
f 3337/2402/2348 3318/2403/2349 3319/2401/2346
f 3317/2404/2350 3318/2403/2349 3337/2402/2348
f 3317/2404/2350 3337/2402/2348 3338/2388/2333
f 3338/2388/2333 3337/2402/2348 3339/2347/2290
f 3312/2380/2325 3338/2388/2333 3339/2347/2290
f 3339/2347/2290 3276/2346/2289 3312/2380/2325
f 3240/2308/2247 3341/2405/2351 3239/2314/2253
f 3340/2316/2256 3239/2314/2253 3341/2405/2351
f 3240/2308/2247 3343/2406/2352 3341/2405/2351
f 3342/2407/2353 3341/2405/2351 3343/2406/2352
f 3344/2305/2244 3230/2300/2239 3352/2301/2240
f 3352/2301/2240 3343/2406/2352 3344/2305/2244
f 3352/2301/2240 3342/2407/2353 3343/2406/2352
f 3342/2407/2353 3352/2301/2240 3351/2408/2354
f 3351/2409/2355 3348/2410/2356 3345/2411/2357
f 3345/2411/2357 3346/2412/2358 3351/2409/2355
f 3345/2411/2357 3342/2413/2359 3346/2412/2358
f 3342/2413/2359 3345/2411/2357 3350/2414/2360
f 3199/2268/2206 3345/2411/2357 3347/2269/2207
f 3350/2414/2360 3345/2411/2357 3199/2268/2206
f 3347/2269/2207 3345/2411/2357 3349/2273/2211
f 3348/2410/2356 3349/2273/2211 3345/2411/2357
f 3349/2273/2211 3348/2410/2356 3209/2277/2215
f 3212/2282/2220 3209/2277/2215 3348/2410/2356
f 3197/2266/2204 3350/2414/2360 3199/2268/2206
f 3350/2414/2360 3197/2266/2204 3340/2263/2201
f 3212/2282/2223 3351/2408/2354 3352/2301/2240
f 3352/2301/2240 3214/2285/2224 3212/2282/2223
f 3344/2305/2244 3343/2406/2352 3240/2308/2247
f 3216/2286/2225 3213/2283/2221 3228/2297/2236
f 3355/2415/2361 3210/2280/2218 3353/2416/2362
f 3211/2281/2219 3353/2416/2362 3210/2280/2218
f 3210/2280/2218 3355/2415/2361 3354/2417/2363
f 3355/2415/2361 3356/2418/2364 3354/2417/2363
f 3356/2418/2364 3357/2419/2365 3354/2417/2363
f 3359/2420/2366 3357/2419/2365 3358/2421/2367
f 3354/2417/2363 3357/2419/2365 3359/2420/2366
f 3359/2420/2366 3360/2422/2368 3354/2417/2363
f 3210/2280/2218 3354/2417/2363 3360/2422/2368
f 3361/2423/2369 3210/2280/2218 3360/2422/2368
f 3210/2280/2218 3361/2423/2369 3362/2424/2370
f 3207/2425/2371 3206/2278/2216 3210/2280/2218
f 3210/2280/2218 3362/2424/2370 3207/2425/2371
f 3180/2248/2186 3192/2259/2197 3189/2246/2184
f 3188/2256/2194 3363/2426/2372 3169/2238/2176
f 3365/2427/2373 3367/2428/2374 3366/2429/2375
f 3367/2428/2374 3369/2430/2376 3368/2431/2377
f 3367/2428/2374 3368/2431/2377 3370/2432/2378
f 3371/2433/2379 3367/2428/2374 3370/2432/2378
f 3371/2433/2379 3370/2432/2378 3372/2434/2380
f 3371/2433/2379 3372/2434/2380 3373/2435/2381
f 3371/2433/2379 3373/2435/2381 3375/2436/2382
f 3371/2433/2379 3375/2436/2382 3376/2437/2383
f 3374/2438/2384 3371/2433/2379 3377/2439/2385
f 3376/2437/2383 3377/2439/2385 3371/2433/2379
f 3377/2439/2385 3376/2437/2383 3378/2440/2386
f 3378/2440/2386 3380/2441/2387 3377/2439/2385
f 3380/2441/2387 3401/2442/2388 3377/2439/2385
f 3380/2441/2387 3378/2440/2386 3379/2443/2389
f 3400/2444/2390 3401/2442/2388 3380/2441/2387
f 3382/2445/2391 3400/2444/2390 3380/2441/2387
f 3385/2446/2392 3380/2441/2387 3379/2443/2389
f 3380/2441/2387 3385/2446/2392 3382/2445/2391
f 3379/2443/2389 3383/2447/2393 3385/2446/2392
f 3385/2446/2392 3386/2448/2394 3382/2445/2391
f 3385/2446/2392 3387/2449/2395 3386/2448/2394
f 3387/2449/2395 3389/2450/2396 3388/2451/2397
f 3395/2452/2398 3388/2451/2397 3389/2450/2396
f 3388/2451/2397 3395/2452/2398 3398/2453/2399
f 3390/2454/2400 3393/2455/2401 3389/2450/2396
f 3389/2450/2396 3387/2449/2395 3390/2454/2400
f 3391/2456/2402 3390/2454/2400 3387/2449/2395
f 3387/2449/2395 3385/2446/2392 3391/2456/2402
f 3385/2446/2392 3392/2457/2403 3391/2456/2402
f 3385/2446/2392 3383/2447/2393 3392/2457/2403
f 3394/2458/2404 3389/2450/2396 3393/2455/2401
f 3396/2459/2405 3395/2452/2398 3394/2458/2404
f 3396/2459/2405 3397/2460/2406 3398/2453/2399
f 3398/2453/2399 3395/2452/2398 3396/2459/2405
f 3389/2450/2396 3394/2458/2404 3395/2452/2398
f 3388/2451/2397 3399/2461/2407 3387/2449/2395
f 3386/2448/2394 3387/2449/2395 3399/2461/2407
f 3386/2448/2394 3399/2461/2407 3384/2462/2408
f 3384/2462/2408 3382/2445/2391 3386/2448/2394
f 3384/2462/2408 3381/2463/2409 3400/2444/2390
f 3400/2444/2390 3382/2445/2391 3384/2462/2408
f 3400/2444/2390 3381/2463/2409 3406/2464/2410
f 3406/2464/2410 3405/2465/2411 3400/2444/2390
f 3405/2465/2411 3401/2442/2388 3400/2444/2390
f 3377/2439/2385 3401/2442/2388 3405/2465/2411
f 3377/2439/2385 3405/2465/2411 3374/2438/2384
f 3374/2438/2384 3405/2465/2411 3402/2466/2412
f 3402/2466/2412 3366/2429/2375 3374/2438/2384
f 3366/2429/2375 3402/2466/2412 3365/2427/2373
f 3374/2438/2384 3366/2429/2375 3367/2428/2374
f 3365/2427/2373 3402/2466/2412 3403/2467/2413
f 3402/2466/2412 3404/2468/2414 3403/2467/2413
f 3404/2468/2414 3402/2466/2412 3405/2465/2411
f 3405/2465/2411 3406/2464/2410 3404/2468/2414
f 3403/2467/2413 3364/2469/2415 3365/2427/2373
f 3367/2428/2374 3371/2433/2379 3374/2438/2384
f 3409/2470/2416 3407/2471/2417 3408/2472/2418
f 3410/2473/2419 3409/2470/2416 3408/2472/2418
f 3408/2472/2418 3411/2474/2420 3410/2473/2419
f 3409/2470/2416 3412/2475/2421 3407/2471/2417
f 3412/2475/2421 3413/2476/2422 3407/2471/2417
f 3412/2475/2421 3414/2477/2423 3413/2476/2422
f 3415/2478/2424 3413/2476/2422 3414/2477/2423
f 3415/2478/2424 3414/2477/2423 3416/2479/2425
f 3419/2480/2426 3418/2481/2427 3417/2482/2428
f 3417/2482/2428 3420/2483/2429 3419/2480/2426
f 3420/2483/2429 3421/2484/2430 3419/2480/2426
f 3422/2485/2431 3419/2480/2426 3421/2484/2430
f 3421/2484/2430 3423/2486/2432 3422/2485/2431
f 3423/2486/2432 3424/2487/2433 3422/2485/2431
f 3423/2486/2432 3425/2488/2434 3424/2487/2433
f 3425/2488/2434 3427/2489/2435 3426/2490/2436
f 3426/2490/2436 3424/2487/2433 3425/2488/2434
f 3427/2489/2435 3429/2491/2437 3428/2492/2438
f 3428/2492/2438 3426/2490/2436 3427/2489/2435
f 3431/2493/2439 3428/2492/2438 3429/2491/2437
f 3429/2491/2437 3430/2494/2440 3431/2493/2439
f 3417/2482/2428 3418/2481/2427 3431/2493/2439
f 3431/2493/2439 3430/2494/2440 3417/2482/2428
s 0
f 3432/2495/2441 3434/2196/2441 3433/2496/2441
s 1
f 3436/2497/2442 3435/2498/2443 3437/2499/2444
f 3435/2498/2443 3438/2500/2445 3437/2499/2444
f 3439/2501/2446 3435/2498/2443 3440/2502/2447
f 3441/2503/2448 3435/2498/2443 3436/2497/2442
f 3435/2498/2443 3441/2503/2448 3440/2502/2447
f 3436/2497/2442 3475/2504/2449 3443/2505/2450
f 3443/2505/2450 3444/2506/2451 3436/2497/2442
f 3445/2507/2452 3444/2506/2451 3443/2505/2450
f 3446/2508/2453 3445/2507/2452 3447/2509/2454
f 3447/2509/2454 3448/2510/2455 3446/2508/2453
f 3450/2511/2456 3448/2510/2455 3462/2512/2457
f 3449/2513/2458 3450/2511/2456 3460/2514/2459
f 3462/2512/2457 3460/2514/2459 3450/2511/2456
f 3451/2515/2460 3453/2516/2461 3450/2511/2456
f 3454/2517/2462 3446/2508/2453 3453/2516/2461
f 3454/2517/2462 3453/2516/2461 3452/2518/2463
f 3455/2519/2464 3454/2517/2462 3456/2520/2465
f 3452/2518/2463 3456/2520/2465 3454/2517/2462
f 3457/2521/2466 3444/2506/2451 3454/2517/2462
f 3444/2506/2451 3457/2521/2466 3442/2522/2467
f 3442/2522/2467 3441/2503/2448 3444/2506/2451
f 3445/2507/2452 3454/2517/2462 3444/2506/2451
f 3446/2508/2453 3454/2517/2462 3445/2507/2452
f 3453/2516/2461 3446/2508/2453 3448/2510/2455
f 3448/2510/2455 3450/2511/2456 3453/2516/2461
f 3460/2514/2459 3458/2523/2468 3449/2513/2458
f 3463/2524/2469 3460/2514/2459 3462/2512/2457
f 3463/2524/2469 3459/2525/2470 3460/2514/2459
f 3448/2510/2455 3447/2509/2454 3461/2526/2471
f 3461/2526/2471 3462/2512/2457 3448/2510/2455
f 3471/2527/2472 3462/2512/2457 3461/2526/2471
f 3462/2512/2457 3471/2527/2472 3463/2524/2469
f 3464/2528/2473 3463/2524/2469 3471/2527/2472
f 3465/2529/2474 3464/2528/2473 3466/2530/2475
f 3466/2530/2475 3467/2531/2476 3472/2532/2477
f 3468/2533/2478 3472/2532/2477 3467/2531/2476
f 3467/2531/2476 3469/2534/2479 3468/2533/2478
f 3470/2535/2480 3469/2534/2479 3467/2531/2476
f 3467/2531/2476 3471/2527/2472 3470/2535/2480
f 3461/2526/2471 3470/2535/2480 3471/2527/2472
f 3471/2527/2472 3467/2531/2476 3464/2528/2473
f 3472/2532/2477 3468/2533/2478 3437/2499/2444
f 3437/2499/2444 3438/2500/2445 3472/2532/2477
f 3438/2500/2445 3473/2536/2481 3466/2530/2475
f 3466/2530/2475 3472/2532/2477 3438/2500/2445
f 3473/2536/2481 3474/2537/2482 3466/2530/2475
f 3439/2501/2446 3473/2536/2481 3438/2500/2445
f 3438/2500/2445 3435/2498/2443 3439/2501/2446
f 3466/2530/2475 3464/2528/2473 3467/2531/2476
f 3441/2503/2448 3436/2497/2442 3444/2506/2451
f 3483/2538/2483 3475/2539/2484 3476/2540/2485
f 3477/2541/2486 3475/2539/2484 3483/2538/2483
f 3478/2542/2487 3483/2538/2483 3481/2543/2488
f 3483/2538/2483 3478/2542/2487 3477/2541/2486
f 3480/2544/2489 3479/2545/2490 3478/2542/2487
f 3478/2542/2487 3481/2543/2488 3480/2544/2489
f 3482/2546/2491 3481/2543/2488 3484/2547/2492
f 3483/2538/2483 3484/2547/2492 3481/2543/2488
f 3482/2546/2491 3484/2547/2492 3485/2548/2493
f 3485/2548/2493 3484/2547/2492 3486/2549/2494
f 3486/2549/2494 3487/2550/2495 3485/2548/2493
f 3488/2551/2496 3486/2549/2494 3516/2552/2497
f 3486/2549/2494 3488/2551/2496 3489/2553/2498
f 3488/2551/2496 3491/2554/2499 3489/2553/2498
f 3491/2554/2499 3490/2555/2500 3489/2553/2498
f 3490/2555/2500 3491/2554/2499 3492/2556/2501
f 3492/2556/2501 3493/2557/2502 3490/2555/2500
f 3493/2557/2502 3492/2556/2501 3494/2558/2503
f 3494/2558/2503 3495/2559/2504 3493/2557/2502
f 3495/2559/2504 3496/2560/2505 3493/2557/2502
f 3489/2553/2498 3490/2555/2500 3497/2561/2506
f 3489/2553/2498 3498/2562/2507 3487/2550/2495
f 3489/2553/2498 3487/2550/2495 3486/2549/2494
f 3500/2563/2508 3499/2564/2509 3495/2559/2504
f 3495/2559/2504 3501/2565/2510 3500/2563/2508
f 3501/2565/2510 3504/2566/2511 3502/2567/2512
f 3505/2568/2513 3511/2569/2514 3504/2566/2511
f 3511/2569/2514 3505/2568/2513 3506/2570/2515
f 3494/2558/2503 3505/2568/2513 3501/2565/2510
f 3501/2565/2510 3495/2559/2504 3494/2558/2503
f 3505/2568/2513 3494/2558/2503 3507/2571/2516
f 3507/2571/2516 3506/2570/2515 3505/2568/2513
f 3492/2556/2501 3508/2572/2517 3507/2571/2516
f 3507/2571/2516 3494/2558/2503 3492/2556/2501
f 3491/2554/2499 3509/2573/2518 3508/2572/2517
f 3508/2572/2517 3492/2556/2501 3491/2554/2499
f 3510/2574/2519 3509/2573/2518 3491/2554/2499
f 3491/2554/2499 3488/2551/2496 3510/2574/2519
f 3516/2552/2497 3510/2574/2519 3488/2551/2496
f 3506/2570/2515 3512/2575/2520 3511/2569/2514
f 3512/2575/2520 3513/2576/2521 3511/2569/2514
f 3504/2566/2511 3511/2569/2514 3513/2576/2521
f 3513/2576/2521 3478/2542/2487 3479/2545/2490
f 3478/2542/2487 3513/2576/2521 3512/2575/2520
f 3514/2577/2522 3515/2578/2523 3513/2576/2521
f 3513/2576/2521 3515/2578/2523 3503/2579/2524
f 3503/2579/2524 3504/2566/2511 3513/2576/2521
f 3477/2541/2486 3478/2542/2487 3512/2575/2520
f 3504/2566/2511 3501/2565/2510 3505/2568/2513
f 3484/2547/2492 3476/2540/2485 3516/2552/2497
f 3516/2552/2497 3486/2549/2494 3484/2547/2492
f 3476/2540/2485 3484/2547/2492 3483/2538/2483
f 3437/2499/2444 3475/2504/2449 3436/2497/2442
f 3519/2580/2525 3518/2581/2526 3517/2582/2527
f 3517/2582/2527 3520/2583/2528 3519/2580/2525
f 3521/2584/2529 3519/2580/2525 3520/2583/2528
f 3522/2585/2530 3521/2584/2529 3523/2586/2531
f 3520/2583/2528 3523/2586/2531 3521/2584/2529
f 3523/2586/2531 3524/2587/2532 3522/2585/2530
f 3525/2588/2533 3522/2585/2530 3524/2587/2532
f 3524/2587/2532 3526/2589/2534 3525/2588/2533
f 3526/2589/2534 3527/2590/2535 3525/2588/2533
f 3525/2588/2533 3529/2591/2536 3528/2592/2537
f 3525/2588/2533 3528/2592/2537 3530/2593/2538
f 3530/2593/2538 3522/2585/2530 3525/2588/2533
f 3531/2594/2539 3533/2595/2540 3532/2596/2541
f 3534/2597/2542 3532/2596/2541 3533/2595/2540
f 3533/2595/2540 3535/2598/2543 3534/2597/2542
f 3536/2599/2544 3534/2597/2542 3535/2598/2543
f 3535/2598/2543 3537/2600/2545 3536/2599/2544
f 3538/2601/2546 3536/2599/2544 3537/2600/2545
f 3537/2600/2545 3539/2602/2547 3538/2601/2546
f 3540/2603/2548 3538/2601/2546 3539/2602/2547
f 3539/2602/2547 3541/2604/2549 3540/2603/2548
f 3542/2605/2550 3540/2603/2548 3541/2604/2549
f 3541/2604/2549 3531/2594/2539 3542/2605/2550
f 3532/2596/2541 3542/2605/2550 3531/2594/2539
f 3544/2606/2551 3543/2607/2552 3546/2608/2553
f 3545/2609/2554 3544/2606/2551 3546/2608/2553
f 3546/2608/2553 3547/2610/2555 3545/2609/2554
f 3544/2606/2551 3548/2611/2556 3543/2607/2552
f 3549/2612/2557 3543/2607/2552 3548/2611/2556
f 3550/2613/2558 3549/2612/2557 3548/2611/2556
f 3550/2613/2558 3548/2611/2556 3551/2614/2559
f 3552/2615/2560 3550/2613/2558 3551/2614/2559
f 3556/2616/2561 3554/2617/2562 3553/2618/2563
f 3553/2618/2563 3555/2619/2564 3556/2616/2561
f 3557/2620/2565 3553/2618/2563 3554/2617/2562
f 3554/2617/2562 3558/2621/2566 3557/2620/2565
f 3558/2621/2566 3554/2617/2562 3560/2622/2567
f 3560/2622/2567 3559/2623/2568 3558/2621/2566
f 3560/2622/2567 3561/2624/2569 3559/2623/2568
f 3560/2622/2567 3562/2625/2570 3563/2626/2571
f 3563/2626/2571 3561/2624/2569 3560/2622/2567
f 3568/2627/2572 3567/2628/2573 3566/2629/2574
f 3569/2630/2575 3568/2627/2572 3566/2629/2574
f 3568/2627/2572 3570/2631/2576 3567/2628/2573
f 3566/2629/2574 3571/2632/2577 3569/2630/2575
f 3571/2632/2577 3566/2629/2574 3565/2633/2578
f 3571/2632/2577 3565/2633/2578 3564/2634/2579
f 3564/2634/2579 3574/2635/2580 3571/2632/2577
f 3572/2636/2581 3573/2637/2582 3564/2634/2579
f 3574/2635/2580 3564/2634/2579 3573/2637/2582
f 3576/2638/2583 3577/2639/2584 3575/2640/2585
f 3577/2639/2584 3576/2638/2583 3578/2641/2586
f 3578/2641/2586 3579/2642/2587 3577/2639/2584
f 3579/2642/2587 3578/2641/2586 3580/2643/2588
f 3580/2643/2588 3581/2644/2589 3579/2642/2587
f 3581/2644/2589 3580/2643/2588 3582/2628/2590
f 3582/2628/2590 3583/2645/2591 3581/2644/2589
f 3583/2645/2591 3582/2628/2590 3585/2631/2592
f 3585/2631/2592 3584/2646/2593 3583/2645/2591
f 3585/2631/2592 3586/2627/2594 3588/2647/2595
f 3587/2648/2596 3584/2646/2593 3585/2631/2592
f 3588/2647/2595 3587/2648/2596 3585/2631/2592
f 3589/2649/1970 3588/2647/2595 3586/2627/2594
f 3586/2627/2594 3590/2630/1970 3589/2649/1970
f 3575/2640/2585 3591/2650/2597 3576/2638/2583
f 3575/2640/2585 3592/2651/2598 3591/2650/2597
f 3593/2652/2599 3595/2653/2600 3594/2654/2601
f 3595/2653/2600 3593/2652/2599 3596/2655/2602
f 3597/2656/2603 3595/2653/2600 3596/2655/2602
f 3596/2655/2602 3598/2657/2604 3597/2656/2603
f 3598/2657/2604 3599/2658/2605 3597/2656/2603
f 3601/2653/2606 3600/2659/2607 3602/2660/2608
f 3602/2660/2608 3603/2661/2609 3601/2653/2606
f 3605/2662/2610 3604/2663/2611 3606/2664/2612
f 3607/2665/2613 3606/2664/2612 3604/2663/2611
f 3606/2664/2612 3608/2666/2118 3605/2662/2610
f 3610/2661/2614 3609/2660/2615 3611/2667/2616
f 3612/2668/2617 3611/2667/2616 3609/2660/2615
f 3609/2660/2615 3613/2669/2618 3612/2668/2617
f 3611/2667/2616 3614/2662/2614 3610/2661/2614
f 3618/2670/2124 3617/2671/2619 3619/2672/2620
f 3619/2672/2620 3620/2673/2125 3618/2670/2124
f 3622/2674/2621 3621/2673/2127 3623/2672/2622
f 3623/2672/2622 3624/2675/2623 3622/2674/2621
f 3628/2676/2624 3627/2677/2130 3629/2678/2130
f 3629/2678/2130 3630/2679/2625 3628/2676/2624
f 3631/2680/2626 3628/2676/2624 3630/2679/2625
f 3630/2679/2625 3632/2681/2627 3631/2680/2626
f 3634/2682/2628 3633/2683/2629 3635/2684/2630
f 3636/2685/2631 3635/2684/2630 3633/2683/2629
f 3636/2685/2631 3637/2686/2632 3635/2684/2630
f 3635/2684/2630 3638/2687/2633 3634/2682/2628
f 3638/2687/2633 3635/2684/2630 3639/2688/2634
f 3639/2688/2634 3640/2689/2635 3638/2687/2633
f 3639/2688/2634 3641/2690/2636 3640/2689/2635
f 3640/2689/2637 3643/2691/2638 3642/2692/2639
f 3642/2692/2639 3644/2684/2640 3640/2689/2637
f 3634/2682/2641 3640/2689/2637 3644/2684/2640
f 3644/2684/2640 3645/2693/2642 3634/2682/2641
f 3646/2694/2643 3645/2693/2642 3644/2684/2640
f 3646/2694/2643 3644/2684/2640 3647/2695/2644
f 3649/2696/2645 3648/2697/2645 3650/2672/2646
f 3650/2672/2646 3651/2671/2645 3649/2696/2645
f 3653/2698/2647 3652/2699/2648 3654/2700/2649
f 3652/2699/2648 3655/2701/2650 3654/2700/2649
f 3656/2702/2651 3654/2700/2649 3655/2701/2650
f 3655/2701/2650 3657/2703/2652 3656/2702/2651
f 3660/2704/2653 3661/2705/2654 3659/2706/2655
f 3661/2705/2654 3662/2707/2656 3659/2706/2655
f 3659/2706/2655 3664/2708/2657 3663/2709/2658
f 3664/2708/2657 3659/2706/2655 3662/2707/2656
f 3665/2710/2659 3666/2711/2660 3664/2708/2657
f 3666/2711/2660 3667/2712/2661 3668/2713/2662
f 3668/2713/2662 3664/2708/2657 3666/2711/2660
f 3664/2708/2657 3668/2713/2662 3669/2714/2663
f 3663/2709/2658 3669/2714/2663 3654/2700/2649
f 3669/2714/2663 3663/2709/2658 3664/2708/2657
f 3665/2710/2659 3664/2708/2657 3671/2715/2664
f 3670/2716/2665 3664/2708/2657 3662/2707/2656
f 3671/2715/2664 3664/2708/2657 3670/2716/2665
f 3659/2706/2655 3663/2709/2658 3658/2717/2666
f 3656/2702/2651 3658/2717/2666 3663/2709/2658
f 3663/2709/2658 3654/2700/2649 3656/2702/2651
f 3660/2704/2653 3659/2706/2655 3672/2718/2667
f 3673/2719/2668 3672/2718/2667 3659/2706/2655
f 3659/2706/2655 3674/2720/2669 3673/2719/2668
f 3675/2721/2670 3673/2719/2668 3674/2720/2669
f 3677/2722/2671 3676/2723/2672 3678/2724/2673
f 3678/2724/2673 3679/2725/2164 3677/2722/2671
f 3681/2726/2674 3680/2725/2166 3682/2724/2675
f 3682/2724/2675 3683/2727/2676 3681/2726/2674
f 3683/2727/2676 3682/2724/2675 3684/2728/2677
f 3685/2729/2678 3688/2730/2679 3686/2731/2680
f 3686/2731/2680 3687/2724/2681 3685/2729/2678
f 3691/2732/2682 3693/2733/2683 3692/2734/2684
f 3693/2733/2683 3694/2735/2685 3715/2736/2686
f 3715/2736/2686 3694/2735/2685 3696/2737/2687
f 3696/2737/2687 3695/2738/2688 3715/2736/2686
f 3696/2737/2687 3698/2739/2689 3697/2740/2690
f 3697/2740/2690 3695/2738/2688 3696/2737/2687
f 3698/2739/2689 3699/2741/2691 3697/2740/2690
f 3699/2741/2691 3698/2739/2689 3700/2742/2692
f 3701/2743/2693 3702/2744/2694 3700/2742/2692
f 3701/2743/2693 3703/2745/2695 3704/2746/2696
f 3704/2746/2696 3702/2744/2694 3701/2743/2693
f 3705/2747/2697 3702/2744/2694 3704/2746/2696
f 3702/2744/2694 3705/2747/2697 3731/2748/2698
f 3706/2749/2699 3731/2748/2698 3705/2747/2697
f 3731/2748/2698 3706/2749/2699 3707/2750/2700
f 3707/2750/2700 3699/2741/2691 3731/2748/2698
f 3699/2741/2691 3707/2750/2700 3708/2751/2701
f 3708/2751/2701 3709/2752/2702 3710/2753/2703
f 3708/2751/2701 3710/2753/2703 3699/2741/2691
f 3697/2740/2690 3699/2741/2691 3710/2753/2703
f 3695/2738/2688 3697/2740/2690 3710/2753/2703
f 3710/2753/2703 3711/2754/2704 3713/2755/2705
f 3713/2755/2705 3712/2756/2706 3710/2753/2703
f 3695/2738/2688 3710/2753/2703 3712/2756/2706
f 3712/2756/2706 3715/2736/2686 3695/2738/2688
f 3712/2756/2706 3714/2757/2707 3715/2736/2686
f 3713/2755/2705 3719/2758/2708 3712/2756/2706
f 3716/2759/2709 3714/2757/2707 3712/2756/2706
f 3715/2736/2686 3714/2757/2707 3692/2734/2684
f 3715/2736/2686 3692/2734/2684 3693/2733/2683
f 3730/2760/2710 3692/2734/2684 3716/2759/2709
f 3692/2734/2684 3714/2757/2707 3716/2759/2709
f 3716/2759/2709 3722/2761/2711 3730/2760/2710
f 3718/2762/2712 3717/2763/2713 3722/2761/2711
f 3722/2761/2711 3716/2759/2709 3718/2762/2712
f 3719/2758/2708 3718/2762/2712 3716/2759/2709
f 3716/2759/2709 3712/2756/2706 3719/2758/2708
f 3717/2763/2713 3720/2764/2714 3722/2761/2711
f 3720/2764/2714 3721/2765/2715 3722/2761/2711
f 3721/2765/2715 3723/2766/2716 3722/2761/2711
f 3723/2766/2716 3724/2767/2717 3722/2761/2711
f 3723/2766/2716 3725/2768/2718 3724/2767/2717
f 3725/2768/2718 3726/2769/2719 3724/2767/2717
f 3727/2770/2720 3724/2767/2717 3728/2771/2721
f 3728/2771/2721 3729/2772/2722 3727/2770/2720
f 3730/2760/2710 3727/2770/2720 3729/2772/2722
f 3724/2767/2717 3727/2770/2720 3730/2760/2710
f 3730/2760/2710 3722/2761/2711 3724/2767/2717
f 3690/2773/2723 3691/2732/2682 3729/2772/2722
f 3729/2772/2722 3692/2734/2684 3730/2760/2710
f 3692/2734/2684 3729/2772/2722 3691/2732/2682
f 3690/2773/2723 3729/2772/2722 3728/2771/2721
f 3728/2771/2721 3689/2774/2724 3690/2773/2723
f 3709/2752/2702 3711/2754/2704 3710/2753/2703
f 3700/2742/2692 3731/2748/2698 3699/2741/2691
f 3731/2748/2698 3700/2742/2692 3702/2744/2694
f 3735/2775/2725 3732/2776/2726 3733/2777/2727
f 3735/2775/2725 3733/2777/2727 3734/2778/2728
f 3734/2778/2728 3736/2779/2729 3735/2775/2725
f 3732/2776/2726 3737/2780/2730 3733/2777/2727
f 3732/2776/2726 3738/2781/2731 3737/2780/2730
f 3738/2781/2731 3739/2782/2732 3737/2780/2730
f 3739/2782/2732 3738/2781/2731 3741/2783/2733
f 3740/2784/2734 3739/2782/2732 3741/2783/2733
f 3742/2785/2735 3756/2786/2736 3743/2787/2737
f 3743/2787/2737 3744/2788/2738 3742/2785/2735
f 3743/2787/2737 3745/2789/2739 3744/2788/2738
f 3745/2789/2739 3743/2787/2737 3746/2790/2740
f 3746/2790/2740 3747/2791/2741 3745/2789/2739
f 3748/2792/2742 3749/2793/2743 3747/2791/2741
f 3746/2790/2740 3748/2792/2742 3747/2791/2741
f 3751/2794/2744 3750/2795/2745 3749/2793/2743
f 3749/2793/2743 3748/2792/2742 3751/2794/2744
f 3750/2795/2745 3751/2794/2744 3752/2796/2746
f 3752/2796/2746 3753/2797/2747 3750/2795/2745
f 3753/2797/2747 3752/2796/2746 3754/2798/2748
f 3754/2798/2748 3755/2799/2749 3753/2797/2747
f 3742/2785/2735 3755/2799/2749 3754/2798/2748
f 3754/2798/2748 3756/2786/2736 3742/2785/2735
s 0
f 3757/2800/2750 3759/2496/2750 3758/2676/2750
s 1
f 3760/2801/2751 3772/2802/2752 3771/2803/2753
f 3771/2803/2753 3761/2804/2754 3760/2801/2751
f 3761/2804/2754 3771/2803/2753 3762/2805/2755
f 3762/2805/2755 3763/2806/2756 3761/2804/2754
f 3763/2806/2756 3762/2805/2755 3764/2807/2757
f 3764/2807/2757 3765/2808/2758 3763/2806/2756
f 3765/2808/2758 3764/2807/2757 3767/2809/2759
f 3767/2809/2759 3766/2810/2760 3765/2808/2758
f 3768/2811/2761 3769/2812/2762 3767/2809/2759
f 3770/2813/2763 3768/2811/2761 3767/2809/2759
f 3767/2809/2759 3764/2807/2757 3770/2813/2763
f 3767/2809/2759 3773/2814/2764 3766/2810/2760
f 3775/2815/2765 3776/2816/2766 3774/2817/2767
f 3776/2816/2766 3775/2815/2765 3777/2818/2768
f 3777/2818/2768 3778/2819/2769 3776/2816/2766
f 3778/2819/2769 3777/2818/2768 3779/2820/2770
f 3779/2820/2770 3780/2821/2771 3778/2819/2769
f 3780/2821/2771 3779/2820/2770 3781/2822/2772
f 3781/2822/2772 3783/2823/2773 3780/2821/2771
f 3783/2823/2773 3781/2822/2772 3782/2824/2774
f 3782/2824/2774 3784/2825/2775 3783/2823/2773
f 3784/2825/2775 3782/2824/2774 3785/2826/2776
f 3785/2826/2776 3774/2817/2767 3784/2825/2775
f 3774/2817/2767 3785/2826/2776 3775/2815/2765
f 3789/2827/2777 3786/2828/2778 3787/2829/2779
f 3789/2827/2777 3787/2829/2779 3788/2830/2780
f 3788/2830/2780 3790/2831/2781 3789/2827/2777
f 3786/2828/2778 3791/2832/2782 3787/2829/2779
f 3791/2832/2782 3786/2828/2778 3792/2833/2783
f 3791/2832/2782 3792/2833/2783 3793/2834/2784
f 3795/2835/2785 3791/2832/2782 3793/2834/2784
f 3795/2835/2785 3793/2834/2784 3794/2836/2786
f 3796/2837/2787 3799/2838/2788 3797/2839/2789
f 3797/2839/2789 3798/2840/2790 3796/2837/2787
f 3799/2838/2788 3796/2837/2787 3800/2841/2791
f 3800/2841/2791 3801/2842/2792 3799/2838/2788
f 3803/2843/2793 3799/2838/2788 3801/2842/2792
f 3801/2842/2792 3802/2844/2794 3803/2843/2793
f 3802/2844/2794 3804/2845/2795 3803/2843/2793
f 3803/2843/2793 3804/2845/2795 3806/2846/2796
f 3806/2846/2796 3805/2847/2797 3803/2843/2793
f 3808/2848/2798 3807/2849/2799 3809/2850/2800
f 3807/2849/2799 3810/2851/2801 3809/2850/2800
f 3810/2851/2801 3807/2849/2799 3811/2852/2802
f 3811/2852/2802 3812/2853/2803 3810/2851/2801
f 3812/2853/2803 3811/2852/2802 3813/2854/2804
f 3814/2855/2805 3812/2853/2803 3813/2854/2804
f 3814/2855/2805 3813/2854/2804 3815/2856/2806
f 3815/2856/2806 3816/2857/2807 3814/2855/2805
f 3816/2857/2807 3815/2856/2806 3817/2858/2808
f 3818/2859/2809 3816/2857/2807 3817/2858/2808
f 3819/2860/2810 3820/2861/2811 3818/2859/2809
f 3817/2858/2808 3819/2860/2810 3818/2859/2809
f 3822/2862/2812 3820/2861/2811 3819/2860/2810
f 3819/2860/2810 3821/2863/2813 3822/2862/2812
f 3821/2863/2813 3808/2848/2798 3822/2862/2812
f 3809/2850/2800 3822/2862/2812 3808/2848/2798
s 0
f 3824/2864/2814 3823/2865/2814 3825/2866/2814
f 3826/2867/2815 3825/2866/2815 3823/2865/2815
f 3823/2865/2816 3827/2868/2816 3826/2867/2816
f 3825/2866/2817 3828/2869/2817 3824/2864/2817
f 3830/2864/2818 3829/2869/2818 3831/2870/2818
f 3831/2870/2819 3832/2871/2819 3830/2864/2819
f 3834/2872/2820 3833/2871/2820 3835/2870/2820
f 3835/2870/2820 3836/2873/2820 3834/2872/2820
f 3838/2872/2821 3837/2873/2821 3839/2874/2821
f 3839/2874/2822 3840/2875/2822 3838/2872/2822
f 3846/2876/2823 3841/2877/2823 3842/2878/2823
f 3841/2877/2824 3843/2879/2824 3842/2878/2824
f 3845/2880/2825 3842/2878/2825 3843/2879/2825
f 3845/2880/2826 3843/2879/2826 3844/2875/2826
s 1
f 3853/2881/2827 3848/2882/2828 3847/2883/2829
f 3851/2884/2830 3849/2885/2831 3850/2886/2832
f 3849/2885/2831 3851/2884/2830 3847/2883/2829
f 3853/2881/2827 3847/2883/2829 3851/2884/2830
f 3851/2884/2830 3852/2887/2833 3853/2881/2827
f 3854/2888/2834 3855/2889/2835 3856/2890/2836
f 3854/2888/2834 3856/2890/2836 3857/2891/2837
f 3854/2888/2834 3857/2891/2837 3858/2892/2838
f 3858/2892/2838 3859/2893/2839 3854/2888/2834
f 3857/2894/2840 3860/2895/2841 3863/2896/2842
f 3861/2897/2843 3857/2894/2840 3863/2896/2842
f 3863/2896/2842 3862/2898/2844 3861/2897/2843
f 3860/2895/2841 3856/2890/2845 3863/2896/2842
f 3856/2890/2845 3864/2899/2846 3863/2896/2842
f 3866/2900/2847 3864/2901/2848 3854/2888/2834
f 3854/2888/2834 3864/2901/2848 3855/2889/2835
f 3866/2900/2847 3865/2902/2849 3864/2901/2848
f 3868/2903/2850 3863/2896/2842 3864/2899/2846
f 3868/2903/2850 3864/2899/2846 3867/2904/2851
f 3868/2903/2850 3869/2905/2852 3863/2896/2842
s 0
f 3868/2903/2853 3872/2906/2853 3869/2905/2853
f 3872/2906/2854 3870/2907/2854 3869/2905/2854
f 3872/2906/2855 3871/2908/2855 3870/2907/2855
f 3872/2906/2855 3873/2909/2855 3871/2908/2855
f 3872/2906/2855 3874/2910/2855 3873/2909/2855
f 3875/2911/2853 3876/2912/2853 3866/2900/2853
s 1
f 3854/2888/2834 3875/2911/2856 3866/2900/2847
s 0
f 3876/2912/2854 3875/2911/2854 3877/2907/2854
f 3877/2907/2855 3878/2913/2855 3876/2912/2855
f 3876/2912/2855 3878/2913/2855 3879/2914/2855
f 3876/2912/2855 3879/2914/2855 3880/2915/2855
s 1
f 3894/2916/2857 3895/2917/2858 3881/2918/2859
f 3881/2918/2859 3895/2917/2858 3883/2919/2860
f 3882/2920/2861 3881/2918/2859 3883/2919/2860
f 3884/2921/2862 3881/2918/2859 3882/2920/2861
f 3882/2920/2861 3885/2922/2863 3884/2921/2862
f 3884/2923/2864 3886/2924/2865 3887/2925/2866
f 3887/2925/2866 3889/2926/2867 3884/2923/2864
f 3887/2925/2866 3888/2927/2868 3889/2926/2867
f 3889/2926/2867 3888/2927/2868 3890/2928/2869
f 3889/2926/2867 3890/2928/2869 3891/2929/2870
f 3891/2929/2870 3892/2930/2871 3889/2926/2867
f 3892/2930/2871 3884/2923/2864 3889/2926/2867
f 3892/2930/2871 3891/2929/2870 3893/2931/2872
f 3893/2932/2873 3894/2916/2857 3884/2921/2862
f 3881/2918/2859 3884/2921/2862 3894/2916/2857
f 3897/2933/2874 3896/2934/2875 3898/2935/2876
f 3898/2935/2876 3899/2936/2877 3897/2933/2874
s 0
f 3899/2936/791 3901/2937/791 3900/2938/791
s 1
f 3900/2938/791 3897/2933/2874 3899/2936/2877
s 0
f 3902/2939/791 3900/2938/791 3901/2937/791
f 3901/2937/791 3903/2940/791 3902/2939/791
s 1
f 3907/2941/2878 3905/2942/2879 3904/2943/2880
f 3904/2943/2880 3906/2944/2881 3907/2941/2878
f 3908/2945/2882 3907/2941/2878 3906/2944/2881
f 3906/2944/2881 3909/2946/2883 3908/2945/2882
f 3910/2947/2884 3904/2943/2880 3905/2942/2879
f 3905/2942/2879 3911/2948/2885 3910/2947/2884
f 3912/2949/2886 3910/2947/2884 3911/2948/2885
f 3911/2948/2885 3913/2950/2887 3912/2949/2886
f 3915/2951/2888 3914/2952/2889 3916/2933/2890
f 3917/2934/2891 3916/2933/2890 3914/2952/2889
s 0
f 3916/2933/2888 3918/2953/2888 3915/2951/2888
s 1
f 3920/2954/2892 3919/2955/2893 3921/2952/2894
f 3920/2954/2892 3922/2956/2895 3919/2955/2893
s 0
f 3923/2957/2896 3922/2956/2896 3920/2954/2896
s 1
f 3924/2958/2897 3926/2959/2898 3922/2956/2899
f 3922/2956/2899 3925/2960/2900 3924/2958/2897
s 0
f 3925/2960/2901 3922/2956/2901 3923/2957/2901
f 3926/2959/2902 3927/2961/2902 3922/2956/2902
s 1
f 3928/2962/2903 3924/2958/2897 3925/2960/2900
f 3925/2960/2900 3929/2963/2904 3928/2962/2903
s 0
f 3923/2957/2905 3920/2954/2905 3930/2964/2905
s 1
f 3921/2952/2894 3931/2951/2906 3920/2954/2892
s 0
f 3933/2953/82 3932/2933/82 3934/2938/82
f 3934/2938/82 3935/2965/82 3933/2953/82
f 3937/2966/46 3936/2967/46 3938/2968/46
f 3938/2968/46 3939/2969/46 3937/2966/46
f 3941/2968/109 3940/2970/109 3942/2971/109
f 3942/2971/109 3943/2969/109 3941/2968/109
f 3945/2972/2907 3944/2965/2907 3946/2938/2907
f 3946/2938/2907 3947/2939/2907 3945/2972/2907
s 1
f 3948/2973/2908 3951/2974/2909 3950/2975/2910
f 3950/2975/2910 3949/2892/2911 3948/2973/2908
f 3952/2970/2912 3951/2974/2909 3948/2973/2908
f 3948/2973/2908 3953/2971/2913 3952/2970/2912
f 3955/2976/2914 3954/2977/2915 3956/2978/2916
f 3957/2979/2917 3954/2977/2915 3955/2976/2914
f 3954/2977/2915 3957/2979/2917 3960/2980/2918
f 3959/2981/2919 3960/2980/2918 3957/2979/2917
f 3955/2976/2914 3958/2982/2920 3957/2979/2917
f 3962/2983/2921 3961/2984/2922 3963/2985/2923
f 3963/2985/2923 3964/2986/2924 3962/2983/2921
f 3964/2986/2924 3963/2985/2923 3965/2987/790
s 0
f 3965/2987/790 3966/2988/790 3964/2986/790
f 3966/2988/790 3965/2987/790 3967/2989/790
f 3967/2989/790 3968/2990/790 3966/2988/790
s 1
f 3969/2991/2925 3974/2992/2926 3970/2993/2927
f 3970/2993/2927 3971/2994/2928 3969/2991/2925
f 3971/2994/2928 3970/2993/2927 3972/2995/2929
f 3972/2995/2929 3973/2996/2930 3971/2994/2928
f 3974/2992/2926 3969/2991/2925 3975/2997/2931
f 3975/2997/2931 3976/2998/2932 3974/2992/2926
f 3976/2998/2932 3975/2997/2931 3977/2999/2933
f 3977/2999/2933 3978/3000/2934 3976/2998/2932
f 3982/2984/2935 3979/3001/2936 3980/2985/2937
f 3980/2985/2937 3979/3001/2936 3981/3002/2888
s 0
f 3981/3002/2888 3983/3003/2888 3980/2985/2888
s 1
f 3985/3001/2938 3984/3004/2939 3986/3005/2940
f 3984/3004/2939 3987/3006/2941 3986/3005/2940
s 0
f 3988/3007/2942 3986/3005/2942 3987/3006/2942
s 1
f 3987/3006/2943 3991/3008/2944 3989/3009/2945
f 3989/3009/2945 3990/3010/2946 3987/3006/2943
s 0
f 3990/3010/2947 3988/3007/2947 3987/3006/2947
s 1
f 3987/3006/2943 3992/3011/2948 3991/3008/2944
f 3994/3012/2949 3993/3013/2950 3990/3010/2946
f 3990/3010/2946 3989/3009/2945 3994/3012/2949
s 0
f 3988/3007/2951 3995/3014/2951 3986/3005/2951
s 1
f 3986/3005/2940 3996/3002/2906 3985/3001/2938
s 0
f 3998/2987/82 3997/2985/82 3999/3003/82
f 3999/3003/82 4000/3015/82 3998/2987/82
f 4002/3016/46 4001/3017/46 4003/3018/46
f 4003/3018/46 4004/3019/46 4002/3016/46
f 4006/3020/109 4005/3021/109 4007/3016/109
f 4007/3016/109 4008/3019/109 4006/3020/109
f 4010/2987/2907 4009/3015/2907 4011/3022/2907
f 4011/3022/2907 4012/2989/2907 4010/2987/2907
s 1
f 4016/3023/2952 4014/3024/2953 4013/3025/2954
f 4013/3025/2954 4015/2897/2955 4016/3023/2952
f 4013/3025/2954 4014/3024/2953 4017/3021/2956
f 4017/3021/2956 4018/3020/2913 4013/3025/2954
f 4019/3026/2957 4035/3027/2958 4030/3028/2959
f 4035/3027/2958 4019/3026/2957 4020/3029/2960
f 4027/3030/2961 4021/3031/2962 4022/3032/2963
f 4022/3032/2963 4019/3026/2957 4027/3030/2961
f 4019/3026/2957 4022/3032/2963 4023/3033/2964
f 4023/3033/2964 4020/3029/2960 4019/3026/2957
f 4020/3029/2960 4023/3033/2964 4024/3034/2965
f 4024/3034/2965 4032/3035/2966 4020/3029/2960
f 4032/3035/2966 4024/3034/2965 4025/3036/2967
f 4032/3035/2966 4025/3036/2967 4026/3037/2968
f 4026/3037/2968 4027/3030/2961 4032/3035/2966
f 4027/3030/2961 4026/3037/2968 4021/3031/2962
f 4032/3035/2966 4027/3030/2961 4028/3038/2969
f 4028/3038/2969 4029/3039/2970 4031/3040/2971
f 4029/3039/2970 4028/3038/2969 4027/3030/2961
f 4027/3030/2961 4030/3028/2959 4029/3039/2970
f 4030/3028/2959 4027/3030/2961 4019/3026/2957
f 4032/3035/2966 4031/3040/2971 4033/3041/2972
f 4031/3040/2971 4032/3035/2966 4028/3038/2969
f 4034/3042/2973 4020/3029/2960 4032/3035/2966
f 4032/3035/2966 4033/3041/2972 4034/3042/2973
f 4020/3029/2960 4034/3042/2973 4035/3027/2958
s 0
f 4038/3043/2974 4037/3044/2974 4036/3045/2974
f 4036/3045/2975 4040/3046/2975 4038/3043/2975
f 4039/3047/2976 4038/3043/2976 4040/3046/2976
f 4039/3047/2977 4040/3046/2977 4041/3048/2977
f 4041/3048/2978 4042/3049/2978 4039/3047/2978
s 1
f 4049/3050/2979 4044/3051/2980 4043/3052/2981
f 4047/3053/2982 4045/3054/2983 4046/3055/2984
f 4045/3054/2983 4047/3053/2982 4043/3052/2981
f 4049/3050/2979 4043/3052/2981 4047/3053/2982
f 4047/3053/2982 4048/3056/2985 4049/3050/2979
f 4050/3057/2986 4052/3058/2987 4051/3059/2988
f 4052/3058/2987 4050/3057/2986 4058/3060/2989
s 0
f 4050/3057/2990 4054/3061/2990 4058/3060/2990
f 4054/3061/2991 4050/3057/2991 4053/3062/2991
s 1
f 4053/3062/2991 4055/3063/2991 4054/3061/2991
s 0
f 4054/3061/2991 4055/3063/2991 4056/3064/2991
s 1
f 4054/3061/2991 4056/3064/2991 4057/3065/2991
f 4058/3060/2989 4059/3066/2992 4052/3058/2987
f 4051/3059/2988 4052/3058/2987 4061/3067/2993
f 4061/3067/2993 4062/3068/2994 4051/3059/2988
f 4062/3068/2994 4063/3069/2995 4051/3059/2988
f 4064/3070/2996 4052/3071/2997 4060/3072/2998
f 4060/3072/2998 4065/3073/2999 4064/3070/2996
f 4065/3073/2999 4060/3072/2998 4066/3069/3000
f 4068/3074/3001 4052/3071/2997 4067/3075/3002
f 4068/3074/3001 4069/3076/3003 4052/3071/2997
f 4069/3076/3003 4060/3072/2998 4052/3071/2997
s 0
f 4068/3074/2990 4071/3077/2990 4069/3076/2990
f 4071/3077/2991 4070/3078/2991 4069/3076/2991
f 4071/3077/2991 4072/3079/2991 4070/3078/2991
f 4071/3077/2991 4073/3064/2991 4072/3079/2991
s 1
f 4071/3077/2991 4074/3080/2991 4073/3064/2991
f 4088/3081/3004 4089/3082/3005 4075/3083/3006
f 4075/3083/3006 4089/3082/3005 4077/3084/3007
f 4076/3085/3008 4075/3083/3006 4077/3084/3007
f 4078/3086/3009 4075/3083/3006 4076/3085/3008
f 4076/3085/3008 4079/3087/3010 4078/3086/3009
f 4080/3088/3011 4079/3089/3012 4086/3090/3013
f 4086/3090/3013 4085/3091/3014 4080/3088/3011
f 4080/3088/3011 4081/3092/3015 4082/3093/3016
f 4085/3091/3014 4084/3094/3017 4083/3095/3018
f 4086/3090/3013 4084/3094/3017 4085/3091/3014
f 4081/3092/3015 4080/3088/3011 4085/3091/3014
f 4085/3091/3014 4083/3095/3018 4081/3092/3015
f 4087/3096/3019 4088/3081/3004 4078/3086/3009
f 4075/3083/3006 4078/3086/3009 4088/3081/3004
f 4091/3097/3020 4090/3098/3021 4092/3099/3022
f 4092/3099/3022 4093/3100/3023 4091/3097/3020
f 4094/3101/791 4091/3097/3020 4093/3100/3023
s 0
f 4093/3100/791 4095/3102/791 4094/3101/791
f 4096/3103/791 4094/3101/791 4095/3102/791
f 4095/3102/791 4097/3104/791 4096/3103/791
s 1
f 4100/3105/3024 4099/3106/3025 4098/3107/3026
f 4098/3107/3026 4101/3108/3027 4100/3105/3024
f 4101/3108/3027 4102/3109/3028 4100/3105/3024
f 4103/3110/3029 4098/3107/3026 4099/3106/3025
f 4099/3106/3025 4104/3111/3030 4103/3110/3029
f 4105/3112/3031 4103/3110/3029 4104/3111/3030
f 4104/3111/3030 4106/3113/3032 4105/3112/3031
f 4108/3114/3033 4107/3115/3034 4109/3097/3035
f 4110/3098/3036 4109/3097/3035 4107/3115/3034
f 4109/3097/3035 4111/3116/3033 4108/3114/3033
f 4113/3117/3037 4112/3118/3038 4114/3115/3039
f 4113/3117/3037 4115/3119/3040 4112/3118/3038
s 0
f 4116/3120/3041 4115/3119/3041 4113/3117/3041
s 1
f 4117/3121/3042 4119/3122/3043 4115/3119/3044
f 4115/3119/3044 4118/3123/3045 4117/3121/3042
s 0
f 4118/3123/3046 4115/3119/3046 4116/3120/3046
f 4119/3122/3047 4120/3124/3047 4115/3119/3047
s 1
f 4118/3123/3045 4121/3125/3048 4122/3126/3049
f 4122/3126/3049 4117/3121/3042 4118/3123/3045
s 0
f 4116/3120/3050 4113/3117/3050 4123/3127/3050
s 1
f 4114/3115/3039 4124/3114/3051 4113/3117/3037
s 0
f 4126/3116/3052 4125/3097/3052 4127/3101/3052
f 4127/3101/3052 4128/3128/3052 4126/3116/3052
f 4130/3129/3053 4129/3130/3053 4131/3131/3053
f 4131/3131/3053 4132/3132/3053 4130/3129/3053
f 4133/3129/3053 4132/3132/3053 4134/3133/3053
f 4134/3133/3053 4135/3134/3053 4133/3129/3053
f 4137/3135/3054 4136/3128/3054 4138/3101/3054
f 4138/3101/3054 4139/3103/3054 4137/3135/3054
s 1
f 4140/3136/3055 4148/3137/3056 4147/3138/3057
f 4147/3138/3057 4141/3067/3058 4140/3136/3055
f 4144/3138/3059 4142/3139/3060 4140/3140/3061
f 4140/3140/3061 4143/3070/3062 4144/3138/3059
f 4140/3140/3061 4142/3139/3060 4145/3134/3063
f 4145/3134/3063 4146/3133/3064 4140/3140/3061
f 4149/3130/3065 4148/3137/3056 4140/3136/3055
f 4140/3136/3055 4150/3131/3064 4149/3130/3065
f 4152/3141/3066 4151/3142/3067 4153/3143/3068
f 4154/3144/3069 4151/3142/3067 4152/3141/3066
f 4151/3142/3067 4154/3144/3069 4156/3145/3070
f 4155/3146/3071 4156/3145/3070 4154/3144/3069
f 4152/3141/3066 4157/3147/3072 4154/3144/3069
f 4159/3148/3073 4158/3149/3074 4160/3150/3075
f 4160/3150/3075 4161/3151/3076 4159/3148/3073
f 4161/3151/3076 4160/3150/3075 4162/3152/790
s 0
f 4162/3152/790 4163/3153/790 4161/3151/790
f 4163/3153/790 4162/3152/790 4164/3154/790
f 4164/3154/790 4165/3155/790 4163/3153/790
s 1
f 4166/3156/3077 4170/3157/3078 4167/3158/3079
f 4167/3158/3079 4168/3159/3080 4166/3156/3077
f 4167/3158/3079 4169/3160/3081 4168/3159/3080
f 4170/3157/3078 4166/3156/3077 4171/3161/3082
f 4171/3161/3082 4172/3162/3083 4170/3157/3078
f 4172/3162/3083 4171/3161/3082 4173/3163/3084
f 4173/3163/3084 4174/3164/3085 4172/3162/3083
f 4178/3149/3086 4175/3165/3087 4176/3150/3088
f 4176/3150/3088 4175/3165/3087 4177/3166/3033
f 4177/3166/3033 4179/3167/3033 4176/3150/3088
f 4181/3165/3089 4180/3168/3090 4182/3169/3091
f 4180/3168/3090 4183/3170/3092 4182/3169/3091
s 0
f 4184/3171/3093 4182/3169/3093 4183/3170/3093
s 1
f 4183/3170/3094 4187/3172/3095 4185/3173/3096
f 4185/3173/3096 4186/3174/3097 4183/3170/3094
s 0
f 4186/3174/3098 4184/3171/3098 4183/3170/3098
f 4183/3170/3047 4188/3175/3047 4187/3172/3047
s 1
f 4190/3176/3099 4189/3177/3100 4186/3174/3097
f 4186/3174/3097 4185/3173/3096 4190/3176/3099
s 0
f 4184/3171/3101 4191/3178/3101 4182/3169/3101
s 1
f 4182/3169/3091 4192/3166/3051 4181/3165/3089
s 0
f 4194/3152/3052 4193/3150/3052 4195/3167/3052
f 4195/3167/3052 4196/3179/3052 4194/3152/3052
f 4198/3152/3054 4197/3179/3054 4199/3180/3054
f 4199/3180/3054 4200/3154/3054 4198/3152/3054
s 1
f 4202/3181/3102 4203/3182/3103 4201/3183/3104
f 4203/3182/3103 4202/3181/3102 4204/3184/3105
f 4204/3184/3105 4205/3185/3106 4203/3182/3103
f 4204/3184/3105 4206/3186/3107 4205/3185/3106
f 4206/3186/3107 4204/3184/3105 4207/3187/3108
f 4207/3187/3108 4208/3188/3109 4206/3186/3107
f 4208/3188/3109 4207/3187/3108 4209/3189/3110
f 4201/3183/3104 4210/3190/3111 4202/3181/3102
f 4210/3190/3111 4201/3183/3104 4211/3191/3112
f 4211/3191/3112 4213/3192/3113 4210/3190/3111
f 4213/3192/3113 4211/3191/3112 4212/3193/3114
f 4215/3194/3115 4214/3195/3116 4216/3196/3117
f 4214/3195/3116 4217/3197/3118 4218/3198/3119
f 4218/3198/3119 4216/3196/3117 4214/3195/3116
f 4216/3196/3117 4218/3198/3119 4219/3199/3120
f 4219/3199/3120 4220/3200/3121 4216/3196/3117
f 4220/3200/3121 4221/3201/3122 4216/3196/3117
f 4220/3200/3121 4222/3202/3123 4221/3201/3122
f 4223/3203/3124 4221/3201/3122 4222/3202/3123
f 4223/3203/3124 4224/3204/3125 4221/3201/3122
f 4216/3196/3117 4221/3201/3122 4224/3204/3125
f 4224/3204/3125 4215/3194/3115 4216/3196/3117
f 4234/3205/3126 4219/3199/3120 4226/3206/3127
f 4218/3198/3119 4226/3206/3127 4219/3199/3120
f 4226/3206/3127 4218/3198/3119 4225/3207/3128
f 4225/3207/3128 4227/3208/3129 4226/3206/3127
f 4229/3209/3130 4226/3206/3127 4227/3208/3129
f 4227/3208/3129 4228/3210/3131 4229/3209/3130
f 4228/3210/3131 4230/3211/3132 4229/3209/3130
f 4232/3212/3133 4229/3209/3130 4230/3211/3132
f 4230/3211/3132 4231/3213/3134 4232/3212/3133
f 4237/3214/3135 4232/3212/3133 4231/3213/3134
f 4232/3212/3133 4237/3214/3135 4235/3215/3136
f 4235/3215/3136 4233/3216/3137 4232/3212/3133
f 4229/3209/3130 4232/3212/3133 4233/3216/3137
f 4233/3216/3137 4234/3205/3126 4229/3209/3130
f 4226/3206/3127 4229/3209/3130 4234/3205/3126
f 4243/3217/3138 4235/3215/3136 4237/3214/3135
f 4236/3218/3139 4238/3219/3140 4237/3214/3135
f 4239/3220/3141 4237/3214/3135 4238/3219/3140
f 4238/3219/3140 4240/3221/3142 4239/3220/3141
f 4241/3222/3143 4239/3220/3141 4240/3221/3142
f 4242/3223/3144 4239/3220/3141 4241/3222/3143
f 4242/3223/3144 4243/3217/3138 4239/3220/3141
f 4237/3214/3135 4239/3220/3141 4243/3217/3138
f 4231/3213/3134 4236/3218/3139 4237/3214/3135
f 4217/3197/3118 4225/3207/3128 4218/3198/3119
f 4246/3224/3145 4245/3225/3146 4244/3226/3147
f 4244/3226/3147 4247/3227/3148 4246/3224/3145
f 4248/3228/3149 4246/3224/3145 4247/3227/3148
f 4247/3227/3148 4249/3229/3150 4248/3228/3149
f 4250/3230/3151 4248/3228/3149 4249/3229/3150
f 4249/3229/3150 4251/3231/3152 4250/3230/3151
f 4252/3232/3153 4250/3230/3151 4251/3231/3152
f 4251/3231/3152 4254/3233/3154 4252/3232/3153
f 4253/3234/3155 4252/3232/3153 4254/3233/3154
f 4255/3235/3156 4253/3234/3155 4254/3233/3154
f 4254/3233/3154 4256/3236/3157 4255/3235/3156
f 4257/3237/3158 4255/3235/3156 4256/3236/3157
f 4256/3236/3157 4258/3238/3159 4257/3237/3158
f 4259/3239/3160 4257/3237/3158 4258/3238/3159
f 4258/3238/3159 4260/3240/3161 4259/3239/3160
f 4261/3241/3162 4259/3239/3160 4260/3240/3161
f 4245/3225/3146 4262/3242/3163 4244/3226/3147
f 4263/3243/3164 4244/3226/3147 4262/3242/3163
f 4262/3242/3163 4264/3244/3165 4263/3243/3164
f 4265/3245/3166 4263/3243/3164 4264/3244/3165
f 4264/3244/3165 4266/3246/3167 4265/3245/3166
f 4267/3247/3168 4265/3245/3166 4266/3246/3167
f 4268/3248/3169 4270/3249/3170 4269/3250/3171
f 4271/3251/3172 4269/3250/3171 4270/3249/3170
f 4270/3249/3170 4272/3252/3173 4271/3251/3172
f 4273/3253/3174 4271/3251/3172 4272/3252/3173
f 4272/3252/3173 4275/3254/3175 4273/3253/3174
f 4274/3255/3176 4273/3253/3174 4275/3254/3175
f 4276/3256/3177 4274/3255/3176 4275/3254/3175
f 4275/3254/3175 4277/3257/3178 4276/3256/3177
f 4278/3258/3179 4276/3256/3177 4277/3257/3178
f 4277/3257/3178 4279/3259/3180 4278/3258/3179
f 4280/3260/3181 4278/3258/3179 4279/3259/3180
f 4279/3259/3180 4281/3261/3182 4280/3260/3181
f 4282/3262/3183 4280/3260/3181 4281/3261/3182
f 4281/3261/3182 4283/3263/3184 4282/3262/3183
f 4284/3264/3185 4282/3262/3183 4283/3263/3184
f 4269/3250/3171 4285/3265/3186 4268/3248/3169
f 4286/3266/3187 4268/3248/3169 4285/3265/3186
f 4287/3267/3188 4286/3266/3187 4285/3265/3186
f 4285/3265/3186 4288/3268/3189 4287/3267/3188
f 4289/3269/3190 4287/3267/3188 4288/3268/3189
f 4288/3268/3189 4290/3270/3191 4289/3269/3190
f 4291/3271/3192 4289/3269/3190 4290/3270/3191
f 4295/3272/3193 4292/3273/3194 4294/3274/3195
f 4292/3273/3194 4295/3272/3193 4293/3275/3196
f 4295/3272/3193 4294/3274/3195 4296/3276/3197
f 4296/3276/3197 4297/3277/3198 4295/3272/3193
f 4297/3277/3198 4296/3276/3197 4298/3278/3199
f 4298/3278/3199 4299/3279/3200 4297/3277/3198
f 4299/3279/3200 4298/3278/3199 4300/3280/3201
f 4300/3280/3201 4302/3281/3202 4299/3279/3200
f 4302/3281/3202 4300/3280/3201 4301/3282/3203
f 4293/3275/3196 4303/3283/3204 4292/3273/3194
f 4303/3283/3204 4293/3275/3196 4304/3284/3205
f 4303/3283/3204 4304/3284/3205 4305/3285/3206
f 4305/3285/3206 4306/3286/3207 4303/3283/3204
f 4307/3287/3208 4314/3288/3209 4308/3289/3210
f 4308/3289/3210 4309/3290/3211 4307/3287/3208
f 4309/3290/3211 4308/3289/3210 4310/3291/3212
f 4309/3290/3211 4310/3291/3212 4311/3292/3213
f 4311/3292/3213 4312/3293/3214 4309/3290/3211
f 4312/3293/3214 4311/3292/3213 4313/3294/3215
f 4314/3288/3209 4307/3287/3208 4316/3295/3216
f 4316/3295/3216 4315/3296/3217 4314/3288/3209
f 4315/3296/3217 4316/3295/3216 4317/3297/3218
f 4317/3297/3218 4318/3298/3219 4315/3296/3217
s 0
f 4319/3299/109 4340/3300/109 4321/3301/109
f 4340/3300/109 4319/3299/109 4320/3302/109
f 4321/3301/109 4322/3303/109 4319/3299/109
f 4322/3303/109 4321/3301/109 4323/3304/109
f 4323/3304/109 4324/3305/109 4322/3303/109
f 4324/3305/109 4323/3304/109 4325/3306/109
f 4325/3306/109 4326/3307/109 4324/3305/109
f 4326/3307/109 4325/3306/109 4327/3308/109
f 4327/3308/109 4328/3309/109 4326/3307/109
f 4328/3309/109 4327/3308/109 4329/3310/109
f 4329/3310/109 4330/3311/109 4328/3309/109
f 4330/3311/109 4329/3310/109 4331/3312/109
f 4331/3312/109 4332/3313/109 4330/3311/109
f 4332/3313/109 4331/3312/109 4333/3314/109
f 4333/3314/109 4334/3315/109 4332/3313/109
f 4334/3315/109 4333/3314/109 4335/3316/109
f 4335/3316/109 4336/3317/109 4334/3315/109
f 4336/3317/109 4335/3316/109 4337/3318/109
f 4337/3318/109 4338/3319/109 4336/3317/109
f 4338/3319/109 4337/3318/109 4339/3320/109
f 4339/3320/109 4320/3302/109 4338/3319/109
f 4320/3302/109 4339/3320/109 4340/3300/109
s 1
f 4341/3321/3220 4344/3322/3221 4342/3323/3222
f 4342/3323/3222 4343/3324/3223 4341/3321/3220
f 4344/3322/3221 4341/3321/3220 4345/3325/3224
f 4345/3325/3224 4346/3326/3225 4344/3322/3221
f 4346/3326/3225 4345/3325/3224 4347/3327/3226
f 4347/3327/3226 4348/3328/3227 4346/3326/3225
f 4348/3328/3227 4347/3327/3226 4350/3329/3228
f 4350/3329/3228 4349/3330/3229 4348/3328/3227
f 4350/3329/3228 4352/3331/3230 4349/3330/3229
f 4352/3331/3230 4350/3329/3228 4351/3332/3231
f 4354/3333/3232 4355/3334/3233 4353/3335/3234
f 4355/3334/3233 4354/3333/3232 4356/3336/3235
f 4355/3334/3233 4356/3336/3235 4357/3337/3236
f 4357/3337/3236 4358/3338/3237 4355/3334/3233
f 4358/3338/3237 4357/3337/3236 4359/3339/3238
f 4359/3339/3238 4360/3340/3239 4358/3338/3237
f 4360/3340/3239 4359/3339/3238 4361/3341/3240
f 4362/3342/3241 4361/3341/3240 4363/3343/3242
f 4361/3341/3240 4362/3342/3241 4360/3340/3239
f 4363/3343/3242 4364/3344/3243 4362/3342/3241
f 4364/3344/3243 4363/3343/3242 4365/3345/3244
f 4366/3346/3245 4365/3345/3244 4368/3347/3246
f 4365/3345/3244 4366/3346/3245 4364/3344/3243
f 4368/3347/3246 4367/3348/3247 4366/3346/3245
f 4367/3348/3247 4368/3347/3246 4369/3349/3248
f 4369/3349/3248 4370/3350/3249 4367/3348/3247
f 4370/3350/3249 4369/3349/3248 4372/3351/3250
f 4372/3351/3250 4371/3352/3251 4370/3350/3249
f 4371/3352/3251 4372/3351/3250 4374/3353/3252
f 4374/3353/3252 4373/3354/3253 4371/3352/3251
f 4374/3353/3252 4353/3335/3234 4373/3354/3253
f 4353/3335/3234 4374/3353/3252 4354/3333/3232
s 0
f 4375/3355/2907 4376/3356/2907 4378/3357/2907
f 4376/3356/2907 4375/3355/2907 4377/3358/2907
f 4378/3357/2907 4379/3359/2907 4375/3355/2907
f 4380/3360/2907 4379/3359/2907 4378/3357/2907
f 4380/3360/2907 4381/3361/2907 4379/3359/2907
f 4380/3360/2907 4382/3362/2907 4386/3363/2907
f 4378/3357/2907 4382/3362/2907 4380/3360/2907
f 4386/3363/2907 4384/3364/2907 4380/3360/2907
f 4380/3360/2907 4384/3364/2907 4383/3365/2907
f 4385/3366/2907 4384/3364/2907 4386/3363/2907
f 4386/3363/2907 4387/3367/2907 4385/3366/2907
f 4388/3368/2907 4385/3366/2907 4387/3367/2907
f 4387/3367/2907 4389/3369/2907 4388/3368/2907
f 4390/3370/2907 4388/3368/2907 4389/3369/2907
f 4377/3358/2907 4391/3371/2907 4376/3356/2907
f 4391/3371/2907 4377/3358/2907 4392/3372/2907
f 4394/3373/109 4393/3374/109 4395/3375/109
f 4395/3375/109 4396/3376/109 4394/3373/109
f 4396/3376/109 4395/3375/109 4397/3377/109
f 4398/3378/109 4396/3376/109 4397/3377/109
f 4397/3377/109 4399/3379/109 4398/3378/109
f 4399/3379/109 4400/3380/109 4398/3378/109
f 4400/3380/109 4399/3379/109 4401/3381/109
f 4401/3381/109 4399/3379/109 4402/3382/109
f 4398/3378/109 4400/3380/109 4404/3383/109
f 4404/3383/109 4403/3384/109 4398/3378/109
f 4400/3380/109 4407/3385/109 4404/3383/109
f 4404/3383/109 4405/3386/109 4408/3387/109
f 4404/3383/109 4407/3385/109 4406/3388/109
f 4408/3387/109 4403/3384/109 4404/3383/109
f 4409/3389/109 4408/3387/109 4410/3390/109
f 4405/3386/109 4410/3390/109 4408/3387/109
f 4410/3390/109 4411/3391/109 4409/3389/109
s 1
f 4413/3392/3254 4412/3393/3255 4414/3394/3256
f 4414/3394/3256 4416/3395/3257 4413/3392/3254
f 4416/3395/3257 4414/3394/3256 4415/3396/3258
f 4415/3396/3258 4417/3397/3259 4416/3395/3257
f 4417/3397/3259 4415/3396/3258 4418/3398/3260
f 4418/3398/3260 4419/3399/3261 4417/3397/3259
f 4419/3399/3261 4418/3398/3260 4420/3400/3262
f 4421/3401/3263 4419/3399/3261 4420/3400/3262
f 4420/3400/3262 4422/3402/3264 4421/3401/3263
f 4422/3402/3264 4424/3403/3265 4421/3401/3263
f 4423/3404/3266 4421/3401/3263 4424/3403/3265
f 4425/3405/3267 4423/3404/3266 4424/3403/3265
f 4424/3403/3265 4426/3406/3268 4425/3405/3267
f 4428/3382/3269 4427/3407/3270 4430/3408/3271
f 4430/3408/3271 4429/3409/3272 4428/3382/3269
f 4430/3408/3271 4427/3407/3270 4431/3375/3273
f 4431/3375/3273 4432/3410/3274 4430/3408/3271
f 4432/3410/3274 4431/3375/3273 4435/3411/3275
f 4435/3411/3275 4433/3412/3276 4432/3410/3274
f 4434/3413/3277 4433/3412/3276 4435/3411/3275
f 4435/3411/3275 4436/3414/3278 4434/3413/3277
f 4436/3414/3278 4435/3411/3275 4437/3415/3279
f 4437/3415/3279 4439/3416/3280 4436/3414/3278
f 4439/3416/3280 4437/3415/3279 4438/3417/3281
f 4438/3417/3281 4440/3418/3282 4439/3416/3280
f 4440/3418/3282 4438/3417/3281 4441/3384/3283
f 4440/3418/3282 4441/3384/3283 4442/3419/3284
f 4442/3419/3284 4443/3420/3285 4440/3418/3282
f 4443/3420/3285 4442/3419/3284 4445/3421/3286
f 4445/3421/3286 4444/3422/3287 4443/3420/3285
f 4445/3421/3286 4446/3423/3288 4444/3422/3287
f 4446/3423/3288 4445/3421/3286 4447/3390/3289
f 4447/3390/3289 4448/3424/3290 4446/3423/3288
f 4448/3424/3290 4447/3390/3289 4449/3425/3291
f 4449/3425/3291 4452/3426/3292 4448/3424/3290
f 4450/3427/3293 4452/3426/3292 4449/3425/3291
f 4449/3425/3291 4451/3388/3294 4450/3427/3293
s 0
f 4454/3428/3295 4453/3429/3295 4455/3430/3295
f 4455/3430/3296 4456/3431/3296 4454/3428/3296
f 4457/3432/3297 4456/3431/3297 4455/3430/3297
f 4455/3430/3297 4458/3433/3297 4457/3432/3297
s 1
f 4460/3434/3298 4459/3435/3299 4461/3436/3298
f 4461/3436/3298 4462/3437/3300 4460/3434/3298
s 0
f 4466/3438/3301 4463/3439/3301 4464/3440/3301
f 4464/3440/3302 4463/3439/3302 4465/3441/3302
f 4464/3440/3301 4467/3442/3301 4466/3438/3301
f 4465/3441/3303 4468/3443/3303 4464/3440/3304
f 4468/3443/3301 4465/3441/3301 4469/3444/3301
s 1
f 4469/3444/3301 4470/3445/3301 4468/3443/3305
s 0
f 4470/3445/3306 4469/3444/3306 4471/3446/3306
f 4471/3446/3307 4472/3447/3307 4470/3445/3307
f 4474/3448/790 4473/3449/790 4475/3450/790
f 4475/3450/790 4476/3451/790 4474/3448/790
f 4479/3452/3308 4478/3453/3308 4477/3454/3308
f 4477/3454/3308 4480/3455/3308 4479/3452/3308
f 4482/3456/3309 4481/3457/3309 4483/3458/3309
f 4483/3458/3310 4484/3459/3310 4482/3456/3310
f 4485/3460/3311 4482/3456/3311 4484/3459/3311
f 4484/3459/3312 4486/3461/3312 4485/3460/3312
f 4487/3462/3313 4485/3460/3313 4486/3461/3313
s 1
f 4486/3461/3314 4488/3463/3315 4487/3462/3316
f 4489/3464/3317 4487/3462/3316 4488/3463/3315
f 4488/3463/3315 4490/3465/3318 4489/3464/3317
f 4490/3465/3318 4492/3466/3319 4489/3464/3317
f 4492/3466/3319 4490/3465/3318 4491/3467/3320
f 4493/3468/3321 4492/3466/3319 4491/3467/3320
f 4491/3467/3320 4494/3469/3322 4493/3468/3321
f 4493/3468/3321 4494/3469/3322 4495/3470/3323
f 4495/3470/3323 4496/3471/3324 4493/3468/3321
f 4497/3472/3325 4496/3471/3324 4495/3470/3323
f 4497/3472/3325 4495/3470/3323 4498/3473/3326
f 4498/3473/3326 4499/3474/3327 4497/3472/3325
s 0
f 4500/3475/3328 4499/3474/3328 4498/3473/3328
s 1
f 4498/3473/3329 4501/3476/3329 4500/3475/3329
f 4502/3477/3330 4504/3478/3331 4503/3479/3332
f 4503/3479/3332 4504/3478/3331 4505/3480/3333
f 4503/3479/3332 4505/3480/3333 4506/3481/3334
f 4503/3479/3332 4506/3481/3334 4507/3482/3335
f 4509/3483/3336 4511/3484/3337 4510/3485/3338
f 4511/3484/3337 4512/3486/3339 4510/3485/3338
f 4513/3487/3340 4510/3485/3338 4512/3486/3339
f 4512/3486/3339 4514/3488/3341 4513/3487/3340
f 4515/3489/3342 4510/3485/3338 4513/3487/3340
f 4510/3485/3338 4515/3489/3342 4509/3483/3336
f 4516/3490/3343 4508/3491/3344 4509/3483/3336
f 4509/3483/3336 4515/3489/3342 4516/3490/3343
f 4517/3492/3345 4516/3490/3343 4515/3489/3342
f 4513/3487/3340 4517/3492/3345 4515/3489/3342
f 4518/3493/3346 4521/3494/3347 4520/3495/3348
f 4521/3494/3347 4518/3493/3346 4519/3496/3349
f 4521/3494/3347 4519/3496/3349 4522/3497/3350
f 4522/3497/3350 4523/3498/3351 4521/3494/3347
f 4523/3498/3351 4522/3497/3350 4525/3499/3352
f 4525/3499/3352 4524/3500/3353 4523/3498/3351
f 4528/3501/3354 4524/3500/3353 4525/3499/3352
f 4525/3499/3352 4526/3502/3355 4528/3501/3354
f 4526/3502/3355 4527/3493/3356 4528/3501/3354
f 4529/3503/3357 4528/3501/3354 4527/3493/3356
f 4531/3504/3358 4530/3479/3307 4532/3482/3359
f 4532/3482/3359 4533/3505/3360 4531/3504/3358
s 0
f 4535/3434/3361 4534/3506/3361 4536/3507/3361
f 4536/3507/3361 4537/3435/3361 4535/3434/3361
f 4539/3437/3362 4538/3508/3362 4540/3506/3362
f 4540/3506/3362 4541/3434/3362 4539/3437/3362
f 4543/3509/3363 4542/3452/3363 4544/3510/3363
f 4544/3510/3363 4545/3511/3363 4543/3509/3363
f 4547/3512/3295 4546/3513/3295 4548/3514/3295
f 4548/3514/3364 4549/3515/3364 4547/3512/3364
f 4547/3512/3297 4549/3515/3297 4550/3516/3297
f 4550/3516/3297 4551/3517/3297 4547/3512/3297
s 1
f 4553/3518/3365 4552/3519/3366 4554/3520/3365
f 4554/3520/3365 4555/3521/3367 4553/3518/3365
s 0
f 4557/3522/3368 4556/3523/3368 4558/3524/3368
f 4558/3524/3301 4556/3523/3301 4559/3525/3301
f 4559/3525/3301 4560/3526/3301 4558/3524/3301
f 4558/3524/3369 4561/3527/3370 4557/3522/3304
f 4562/3528/3301 4557/3522/3301 4561/3527/3301
s 1
f 4561/3527/3301 4563/3529/3301 4562/3528/3305
s 0
f 4564/3530/3371 4562/3528/3371 4563/3529/3371
f 4563/3529/3307 4565/3531/3307 4564/3530/3307
f 4567/3532/791 4566/3533/791 4568/3534/791
f 4568/3534/791 4569/3535/791 4567/3532/791
f 4570/3536/3308 4571/3537/3308 4572/3538/3308
f 4572/3538/3308 4573/3539/3308 4570/3536/3308
f 4575/3540/3309 4574/3541/3309 4576/3542/3309
f 4576/3542/3310 4577/3543/3310 4575/3540/3310
f 4577/3543/3372 4576/3542/3372 4578/3544/3372
f 4578/3544/3373 4579/3545/3373 4577/3543/3373
f 4579/3545/3374 4578/3544/3374 4580/3546/3374
s 1
f 4580/3546/3375 4581/3547/3376 4579/3545/3377
f 4581/3547/3376 4580/3546/3375 4582/3548/3378
f 4582/3548/3378 4583/3549/3379 4581/3547/3376
f 4582/3548/3378 4585/3550/3380 4583/3549/3379
f 4584/3551/3381 4583/3549/3379 4585/3550/3380
f 4584/3551/3381 4585/3550/3380 4586/3552/3382
f 4586/3552/3382 4587/3553/3383 4584/3551/3381
f 4590/3554/3384 4587/3553/3383 4586/3552/3382
f 4586/3552/3382 4588/3555/3385 4590/3554/3384
f 4590/3554/3384 4588/3555/3385 4589/3556/3386
f 4591/3557/3387 4590/3554/3384 4589/3556/3386
f 4589/3556/3386 4592/3558/3327 4591/3557/3387
s 0
f 4591/3557/3388 4592/3558/3388 4593/3559/3388
s 1
f 4593/3559/3329 4594/3560/3329 4591/3557/3329
f 4595/3561/3389 4597/3562/3390 4596/3563/3391
f 4597/3562/3390 4598/3564/3392 4596/3563/3391
f 4597/3562/3390 4599/3565/3393 4598/3564/3392
f 4597/3562/3390 4600/3566/3335 4599/3565/3393
f 4606/3567/3394 4602/3568/3395 4607/3569/3396
f 4606/3567/3394 4603/3570/3397 4602/3568/3395
f 4603/3570/3397 4606/3567/3394 4605/3571/3398
f 4605/3571/3398 4604/3572/3399 4603/3570/3397
f 4605/3571/3398 4606/3567/3394 4608/3573/3400
f 4607/3569/3396 4608/3573/3400 4606/3567/3394
f 4608/3573/3400 4609/3574/3401 4605/3571/3398
f 4610/3575/3402 4608/3573/3400 4607/3569/3396
f 4608/3573/3400 4610/3575/3402 4609/3574/3401
f 4607/3569/3396 4601/3576/3403 4610/3575/3402
f 4612/3566/3404 4611/3562/3307 4613/3577/3358
f 4613/3577/3358 4614/3578/3405 4612/3566/3404
s 0
f 4616/3579/3361 4615/3580/3361 4617/3520/3361
f 4617/3520/3361 4618/3519/3361 4616/3579/3361
f 4620/3580/3362 4619/3581/3362 4621/3521/3362
f 4621/3521/3362 4622/3520/3362 4620/3580/3362
f 4624/3582/3363 4623/3538/3363 4625/3583/3363
f 4625/3583/3363 4626/3584/3363 4624/3582/3363
s 1
usemtl philips_fc7088_01_glass_01_mat
f 19/16/16 18/17/17 20/18/18
f 20/18/18 21/19/19 19/16/16
f 21/19/19 20/18/18 22/20/20
f 22/20/20 23/21/21 21/19/19
f 27/22/22 23/21/21 22/20/20
f 22/20/20 26/23/22 24/24/22
f 24/24/22 25/25/22 22/20/20
f 22/20/20 25/25/22 27/22/22
s 0
f 27/22/22 29/26/22 28/27/22
s 1
f 28/27/22 23/21/21 27/22/22
f 31/28/23 30/29/24 32/30/25
f 32/30/25 33/31/26 31/28/23
f 33/31/26 32/30/25 34/32/27
f 34/32/27 37/33/28 35/34/28
f 35/34/28 36/35/28 34/32/27
f 34/32/27 36/35/28 39/36/28
f 34/32/27 38/37/29 33/31/26
f 39/36/28 38/37/29 34/32/27
f 40/38/28 38/37/29 39/36/28
s 0
f 39/36/28 41/39/28 40/38/28
s 1
f 44/40/30 42/41/31 46/42/32
f 46/42/32 42/41/31 43/43/33
f 46/42/32 45/44/34 44/40/30
f 46/42/32 43/43/33 47/45/35
f 47/45/35 48/46/36 46/42/32
f 48/46/36 47/45/35 49/47/37
f 49/47/37 50/48/38 48/46/36
f 51/46/39 50/48/38 49/47/37
f 49/47/37 52/45/40 51/46/39
f 53/49/41 51/46/39 52/45/40
f 52/45/40 54/43/42 53/49/41
f 54/43/42 55/41/43 53/49/41
f 56/44/44 53/49/41 55/41/43
f 55/41/43 57/40/45 56/44/44
s 0
f 60/44/46 59/50/46 58/51/46
f 58/51/46 61/52/46 60/44/46
f 62/53/46 61/52/46 58/51/46
f 58/51/46 63/54/46 62/53/46
f 63/54/46 58/51/46 64/50/46
f 64/50/46 65/53/46 63/54/46
f 66/52/46 65/53/46 64/50/46
f 64/50/46 67/44/46 66/52/46
f 69/51/46 64/50/46 58/51/46
f 69/51/46 58/51/46 70/47/46
f 70/47/46 68/46/46 69/51/46
f 58/51/46 71/46/46 70/47/46
s 1
f 72/55/47 73/50/48 76/56/49
f 73/50/48 72/55/47 74/57/50
f 72/55/47 76/56/49 75/58/51
f 78/47/52 79/59/53 77/60/54
f 80/60/55 79/59/53 78/47/52
f 82/61/56 84/62/57 83/63/58
f 83/63/58 85/50/59 82/61/56
f 81/57/60 82/61/56 85/50/59
f 85/50/59 86/64/61 81/57/60
f 80/60/55 81/57/60 86/64/61
f 86/64/61 87/46/62 80/60/55
f 79/59/53 80/60/55 87/46/62
f 88/46/63 77/60/54 79/59/53
f 77/60/54 88/46/63 89/64/64
f 89/64/64 74/57/50 77/60/54
f 74/57/50 89/64/64 73/50/48
f 92/65/65 91/66/66 90/67/67
f 90/67/67 93/68/68 92/65/65
f 93/68/68 90/67/67 94/69/69
f 95/70/70 94/69/69 90/67/67
f 96/71/71 91/66/66 92/65/65
f 92/65/65 97/72/72 96/71/71
f 98/73/73 96/71/71 97/72/72
f 99/74/74 98/73/73 97/72/72
f 97/72/72 100/75/75 99/74/74
f 106/76/76 99/74/74 100/75/75
f 100/75/75 101/65/77 106/76/76
f 101/65/77 103/77/78 102/78/79
f 102/78/79 106/76/76 101/65/77
f 104/79/80 102/78/79 103/77/78
f 102/78/79 104/79/80 105/80/81
s 0
f 110/65/82 111/75/82 109/81/82
f 109/81/82 107/75/82 110/65/82
f 112/82/82 114/83/82 110/65/82
f 110/65/82 113/84/82 112/82/82
f 115/85/82 113/84/82 110/65/82
f 107/75/82 116/86/82 115/85/82
f 115/85/82 110/65/82 107/75/82
f 107/75/82 117/85/82 116/86/82
f 108/65/82 118/84/82 117/85/82
f 117/85/82 107/75/82 108/65/82
f 119/82/82 118/84/82 108/65/82
f 108/65/82 120/83/82 119/82/82
s 1
f 122/40/83 121/44/84 123/87/84
f 123/87/84 124/88/85 122/40/83
f 126/89/86 125/90/85 127/91/85
f 127/91/85 128/92/86 126/89/86
f 129/58/87 126/89/86 130/93/86
f 130/93/86 131/94/88 129/58/87
f 133/88/89 132/87/90 134/44/90
f 134/44/90 135/40/89 133/88/89
f 137/92/91 136/91/92 138/90/89
f 138/90/89 139/89/93 137/92/91
f 139/89/91 142/62/94 140/94/95
f 140/94/95 141/93/93 139/89/91
f 144/48/96 143/95/96 145/96/97
f 145/96/97 146/47/97 144/48/96
f 148/48/98 147/95/98 149/96/99
f 149/96/99 150/47/99 148/48/98
f 152/48/100 151/97/101 153/98/102
f 153/98/102 154/47/103 152/48/100
f 156/48/103 155/95/104 157/96/105
f 157/96/105 158/47/105 156/48/103
f 160/48/106 159/99/106 161/100/107
f 161/100/107 162/47/100 160/48/106
f 164/48/108 163/95/108 165/96/109
f 165/96/109 166/47/109 164/48/108
f 168/48/110 167/101/111 169/102/106
f 169/102/106 170/47/106 168/48/110
f 172/48/109 171/95/109 173/96/112
f 173/96/112 174/47/112 172/48/109
f 176/48/113 175/103/113 177/104/110
f 177/104/110 178/47/111 176/48/113
f 180/48/114 179/95/114 181/98/115
f 181/98/115 182/47/116 180/48/114
f 184/48/117 183/95/118 185/105/119
f 185/105/119 186/47/120 184/48/117
f 188/48/121 187/106/122 189/107/113
f 189/107/113 190/47/123 188/48/121
f 192/48/120 191/97/124 193/102/125
f 193/102/125 194/47/125 192/48/120
f 196/48/125 195/99/125 197/108/126
f 197/108/126 198/47/127 196/48/125
f 200/48/128 199/95/128 201/109/129
f 201/109/129 202/47/130 200/48/128
f 204/110/121 203/47/121 205/48/131
f 205/48/131 206/111/132 204/110/121
f 208/48/126 207/101/127 209/112/133
f 209/112/133 210/47/134 208/48/126
f 212/48/134 211/113/135 213/114/136
f 213/114/136 214/47/136 212/48/134
f 216/115/137 215/47/138 217/48/136
f 217/48/136 218/116/136 216/115/137
f 220/48/139 219/117/140 221/96/141
f 221/96/141 222/47/141 220/48/139
f 224/48/109 223/95/109 225/96/142
f 225/96/142 226/47/142 224/48/109
f 228/48/143 227/95/143 229/96/109
f 229/96/109 230/47/109 228/48/143
f 231/118/144 233/119/145 232/120/146
f 234/121/147 233/119/145 231/118/144
f 231/118/144 243/122/148 234/121/147
f 237/123/149 233/119/145 234/121/147
f 234/121/147 235/124/150 237/123/149
f 233/119/145 236/125/151 232/120/146
f 236/125/151 233/119/145 237/123/149
f 237/123/149 238/126/152 236/125/151
f 239/127/153 240/128/154 241/129/155
f 241/129/155 231/118/144 239/127/153
f 231/118/144 241/129/155 242/130/156
f 242/130/156 243/122/148 231/118/144
f 232/120/146 239/127/153 231/118/144
f 245/131/157 244/132/158 246/133/159
f 247/134/160 244/132/158 245/131/157
f 245/131/157 248/135/161 247/134/160
f 247/134/160 248/135/161 249/136/162
f 249/136/162 250/137/163 247/134/160
f 246/133/159 251/138/164 245/131/157
f 254/139/165 252/50/166 269/140/167
s 0
f 269/140/46 252/50/46 253/140/46
s 1
f 254/139/165 266/141/168 252/50/166
f 254/139/165 269/140/167 255/50/169
f 255/50/169 256/142/170 254/139/165
f 257/143/171 254/139/165 256/142/170
s 0
f 257/143/172 258/50/172 259/140/172
f 260/47/82 262/46/82 261/51/82
f 261/51/173 267/144/173 260/47/173
f 260/47/174 267/144/174 259/140/174
f 261/51/175 264/50/175 263/145/175
s 1
f 266/141/168 265/146/176 263/145/177
f 254/139/165 267/144/178 265/146/176
f 265/146/176 266/141/168 254/139/165
f 254/139/165 257/143/171 267/144/178
s 0
f 261/51/179 263/145/179 267/144/179
s 1
f 267/144/178 263/145/177 265/146/176
s 0
f 267/144/180 257/143/180 259/140/180
f 268/47/46 269/140/46 253/140/46
l 16 17
l 804 815
l 804 805
l 805 806
l 806 807
l 807 808
l 808 809
l 814 813
l 815 814
l 816 817
l 816 818
l 821 822
l 817 827
l 827 826
l 820 821
l 819 820
l 818 819
l 1012 1013
l 1014 1015
l 1016 1017
l 1022 1023
l 1024 1025
l 2730 2731
l 2736 2735
l 2735 2734
l 2734 2733
l 2733 2732
l 2732 2731
l 2730 2737
l 2737 2738
l 2738 2739
l 2739 2740
l 2741 2748
l 2741 2742
l 2744 2743
l 2743 2742
l 2745 2744
l 2747 2746
l 2746 2745
l 2748 2749
l 2749 2750
l 2750 2751
l 2869 2870
l 2869 2871
l 2872 2871
l 2874 2873
l 2875 2874
l 2876 2875
l 2873 2872
l 2870 2877
l 2877 2878
l 2878 2879
l 2880 2881
l 2880 2882
l 2883 2882
l 2887 2886
l 2886 2885
l 2885 2884
l 2884 2883
l 2881 2888
l 2888 2889
l 2889 2890
l 2908 2909
l 2908 2910
l 2911 2910
l 2913 2912
l 2912 2911
l 2909 2914
l 2914 2915
l 2915 2916
l 2916 2917
l 2917 2918
l 2919 2920
l 2919 2921
l 2921 2922
l 2922 2923
l 2920 2924
l 2925 2924
l 2928 2929
l 2928 2927
l 2927 2926
l 2926 2925
l 3108 3109
l 3118 3119
l 3120 3121
l 3615 3616
l 3625 3626
l 4627 4628
