# Blender 4.5.13 LTS
# www.blender.org
mtllib robvac.mtl
o Object_5
v -0.009265 0.008828 0.007734
v -0.008647 0.008828 0.007734
v -0.009265 0.008828 -0.005993
v -0.008647 0.008828 -0.005993
v -0.012491 0.008936 -0.005857
v -0.012832 0.008936 -0.005857
v -0.012832 0.008936 0.007381
v -0.012491 0.008936 0.007381
v 0.014979 0.002343 0.005615
v 0.013481 0.002343 0.008418
v 0.013481 0.005585 0.008418
v 0.014979 0.005585 0.005615
v 0.011464 0.002343 0.010875
v 0.009007 0.002343 0.012891
v 0.009007 0.005585 0.012891
v 0.011464 0.005585 0.010875
v 0.015901 0.002343 0.002574
v 0.015901 0.005585 0.002574
v 0.014979 0.001802 -0.006793
v 0.014979 0.006666 -0.006793
v 0.015901 0.006666 -0.003752
v 0.015901 0.001802 -0.003752
v 0.015901 0.001802 -0.003752
v 0.016213 0.006666 -0.000589
v 0.016213 0.001802 -0.000589
v 0.015901 0.006666 0.002574
v 0.015901 0.001802 0.002574
v 0.015901 0.001802 0.002574
v 0.014979 0.006666 0.005615
v 0.014979 0.001802 0.005615
v 0.011464 0.001802 0.010875
v 0.011464 0.006126 0.010875
v 0.009007 0.006126 0.012891
v 0.009007 0.001802 0.012891
v 0.009007 0.001802 0.012891
v 0.006204 0.006126 0.014390
v 0.006204 0.001802 0.014390
v 0.003163 0.006126 0.015312
v 0.003163 0.001802 0.015312
v -0.000000 0.006126 0.015624
v -0.000000 0.001802 0.015624
v -0.000000 0.001802 0.015624
v -0.003163 0.006126 0.015312
v -0.003163 0.001802 0.015312
v 0.013481 0.001802 0.008418
v 0.013481 0.006126 0.008418
v 0.016213 0.008288 -0.000589
v 0.015901 0.008288 0.002574
v 0.014979 0.008288 -0.006793
v 0.015901 0.008288 -0.003752
v 0.014979 0.008288 0.005615
v 0.013735 0.006666 0.007942
v 0.013735 0.008288 0.007942
v 0.013735 0.006666 0.007942
v 0.000713 0.007265 0.009139
v 0.003783 0.007265 0.009139
v 0.003783 0.007581 0.009139
v 0.000713 0.007581 0.009139
v -0.000000 0.001802 -0.002210
v 0.008647 0.001802 -0.002210
v 0.008647 0.001486 -0.002179
v -0.000000 0.001486 -0.002179
v -0.003163 0.001802 -0.016490
v -0.003163 0.006666 -0.016490
v -0.000000 0.006666 -0.016802
v -0.000000 0.001802 -0.016802
v -0.014979 0.001802 -0.006794
v -0.014979 0.006666 -0.006794
v -0.013481 0.006666 -0.009597
v -0.013481 0.001802 -0.009597
v -0.013481 0.001802 -0.009597
v -0.011464 0.006666 -0.012053
v -0.011464 0.001802 -0.012053
v -0.011464 0.001802 -0.012053
v -0.009007 0.006666 -0.014070
v -0.009007 0.001802 -0.014070
v -0.009007 0.001802 -0.014070
v -0.006204 0.006666 -0.015568
v -0.006204 0.001802 -0.015568
v -0.006204 0.008288 -0.015568
v -0.003163 0.008288 -0.016490
v -0.011464 0.008288 -0.012053
v -0.009007 0.008288 -0.014070
v -0.014979 0.008288 -0.006794
v -0.013481 0.008288 -0.009597
v -0.000000 0.008288 -0.016802
v -0.000000 0.007575 0.007517
v -0.000000 0.008277 0.007517
v 0.000633 0.008277 0.007580
v 0.000633 0.007575 0.007580
v 0.001241 0.008277 0.007764
v 0.001241 0.007575 0.007764
v 0.001801 0.008277 0.008064
v 0.002293 0.008277 0.008467
v 0.002293 0.007575 0.008467
v 0.002696 0.008277 0.008958
v 0.002696 0.007575 0.008958
v 0.002996 0.008277 0.009519
v 0.003180 0.008277 0.010127
v 0.003180 0.007737 0.010127
v 0.003243 0.008277 0.010760
v 0.003180 0.008277 0.011393
v 0.002996 0.008277 0.012001
v 0.002996 0.007494 0.012001
v 0.002696 0.008277 0.012561
v 0.002696 0.007575 0.012561
v 0.002293 0.008277 0.013053
v 0.002293 0.007494 0.013053
v 0.001801 0.008277 0.013456
v 0.001241 0.008277 0.013756
v 0.000633 0.008277 0.013940
v 0.000633 0.007494 0.013940
v -0.000000 0.008277 0.014003
v -0.000633 0.008277 0.013940
v -0.001241 0.008277 0.013756
v -0.001241 0.007332 0.013756
v -0.001621 0.007737 0.013553
v -0.001801 0.008277 0.013456
v -0.001801 0.007737 0.013456
v -0.002293 0.008277 0.013053
v -0.002293 0.007494 0.013053
v -0.002696 0.008277 0.012561
v -0.002696 0.007575 0.012561
v -0.002996 0.008277 0.012001
v -0.003180 0.008277 0.011393
v -0.003243 0.008277 0.010760
v -0.003243 0.007494 0.010760
v -0.003180 0.008277 0.010127
v -0.003180 0.007575 0.010127
v -0.002996 0.008277 0.009519
v -0.002696 0.008277 0.008958
v -0.002696 0.007737 0.008958
v -0.002293 0.008277 0.008467
v -0.002293 0.007575 0.008467
v -0.001801 0.008277 0.008064
v -0.001801 0.007494 0.008064
v -0.001241 0.008277 0.007764
v -0.000633 0.008277 0.007580
v -0.000633 0.007737 0.007580
v -0.000000 0.008277 0.007517
v -0.000000 0.007494 0.007517
v -0.000633 0.007250 0.007580
v -0.001241 0.007332 0.007764
v -0.002293 0.007088 0.008467
v -0.002696 0.007250 0.008958
v -0.002996 0.007332 0.009519
v -0.003180 0.007088 0.010127
v -0.003180 0.007332 0.011393
v -0.002996 0.007332 0.012001
v -0.002696 0.007088 0.012561
v -0.001944 0.007332 0.013339
v -0.001621 0.007088 0.013553
v -0.001801 0.007250 0.013456
v -0.000633 0.007332 0.013940
v -0.000000 0.007332 0.014003
v 0.001241 0.007332 0.013756
v 0.001801 0.007332 0.013456
v 0.002696 0.007088 0.012561
v 0.003180 0.007332 0.011393
v 0.003243 0.007332 0.010760
v 0.003180 0.007250 0.010127
v 0.002996 0.007332 0.009519
v 0.002696 0.007088 0.008958
v 0.002293 0.007088 0.008467
v 0.001801 0.007332 0.008064
v 0.001241 0.007088 0.007764
v 0.000633 0.007088 0.007580
v -0.000000 0.007088 0.007517
v -0.000000 0.006116 0.007517
v 0.000633 0.006116 0.007580
v 0.001241 0.006116 0.007764
v 0.001801 0.006116 0.008064
v 0.002293 0.006116 0.008467
v 0.002696 0.006116 0.008958
v 0.002996 0.006116 0.009519
v 0.003180 0.006116 0.010127
v 0.003243 0.006116 0.010760
v 0.003180 0.006116 0.011393
v 0.002996 0.006116 0.012001
v 0.002696 0.006116 0.012561
v 0.002293 0.006116 0.013053
v 0.001801 0.006116 0.013456
v 0.001241 0.006116 0.013756
v 0.000633 0.006116 0.013940
v -0.000000 0.006116 0.014003
v -0.000633 0.006116 0.013940
v -0.001241 0.006116 0.013756
v -0.001801 0.006116 0.013456
v -0.002293 0.006116 0.013053
v -0.002696 0.006116 0.012561
v -0.002996 0.006116 0.012001
v -0.003180 0.006116 0.011393
v -0.003243 0.006116 0.010760
v -0.003180 0.006116 0.010127
v -0.002996 0.006116 0.009519
v -0.002696 0.006116 0.008958
v -0.002293 0.006116 0.008467
v -0.001801 0.006116 0.008064
v -0.001241 0.006116 0.007764
v -0.000633 0.006116 0.007580
v -0.000000 0.006116 0.007517
v -0.001323 0.007413 0.013712
v -0.001423 0.007199 0.013659
v -0.001417 0.007615 0.013662
v -0.001885 0.007413 0.013570
v -0.001880 0.007361 0.013570
v -0.001865 0.007312 0.013570
v -0.001840 0.007266 0.013570
v -0.001807 0.007226 0.013570
v -0.001768 0.007194 0.013570
v -0.001722 0.007169 0.013570
v -0.001673 0.007154 0.013570
v -0.001621 0.007149 0.013570
v -0.001570 0.007154 0.013570
v -0.001521 0.007169 0.013570
v -0.001475 0.007194 0.013570
v -0.001435 0.007226 0.013570
v -0.001402 0.007266 0.013570
v -0.001378 0.007312 0.013570
v -0.001363 0.007361 0.013570
v -0.001358 0.007413 0.013570
v -0.001363 0.007464 0.013570
v -0.001378 0.007513 0.013570
v -0.001402 0.007559 0.013570
v -0.001435 0.007599 0.013570
v -0.001475 0.007631 0.013570
v -0.001521 0.007656 0.013570
v -0.001570 0.007671 0.013570
v -0.001621 0.007676 0.013570
v -0.001673 0.007671 0.013570
v -0.001722 0.007656 0.013570
v -0.001768 0.007631 0.013570
v -0.001807 0.007599 0.013570
v -0.001840 0.007559 0.013570
v -0.001865 0.007513 0.013570
v -0.001880 0.007464 0.013570
v -0.000000 0.002119 0.011434
v 0.000269 0.002119 0.011434
v 0.000269 0.001802 0.011402
v -0.000000 0.001802 0.011402
v -0.000269 0.001182 0.011526
v -0.000000 0.001182 0.011526
v -0.000000 0.000902 0.011676
v -0.000269 0.000902 0.011676
v 0.011889 0.006116 -0.002740
v 0.011889 0.005128 -0.003400
v 0.011889 0.004688 -0.002337
v 0.011889 0.005302 -0.001927
v 0.011889 0.006116 0.001562
v 0.011889 0.006775 0.000575
v 0.011889 0.005712 0.000135
v 0.011889 0.005302 0.000748
v 0.011889 0.001153 0.000575
v 0.011889 0.001813 0.001562
v 0.011889 0.002627 0.000748
v 0.011889 0.002217 0.000135
v 0.011889 0.003964 -0.003632
v 0.011889 0.002800 -0.003400
v 0.011889 0.003240 -0.002337
v 0.011889 0.003964 -0.002481
v 0.011889 0.002800 0.002222
v 0.011889 0.003964 0.002453
v 0.011889 0.003964 0.001302
v 0.011889 0.003240 0.001158
v 0.011889 0.001813 -0.002740
v 0.011889 0.001153 -0.001753
v 0.011889 0.002217 -0.001313
v 0.011889 0.002627 -0.001927
v 0.011889 0.006775 -0.001753
v 0.011889 0.005712 -0.001313
v 0.011889 0.005128 0.002222
v 0.011889 0.004688 0.001158
v 0.011889 0.000922 -0.000589
v 0.011889 0.002073 -0.000589
v 0.011889 0.007007 -0.000589
v 0.011889 0.005856 -0.000589
v 0.011889 0.007007 -0.000589
v 0.011889 0.005856 -0.000589
v 0.011349 0.007747 -0.000589
v 0.009728 0.007747 -0.000589
v 0.009728 0.007459 -0.002037
v 0.011349 0.007459 -0.002037
v 0.009728 0.006639 -0.003264
v 0.011349 0.006639 -0.003264
v 0.009728 0.005412 -0.004084
v 0.011349 0.005412 -0.004084
v 0.009728 0.003964 -0.004372
v 0.011349 0.003964 -0.004372
v 0.009728 0.002516 -0.004084
v 0.011349 0.002516 -0.004084
v 0.009728 0.001289 -0.003264
v 0.011349 0.001289 -0.003264
v 0.009728 0.000469 -0.002037
v 0.011349 0.000469 -0.002037
v 0.009728 0.000181 -0.000589
v 0.011349 0.000181 -0.000589
v 0.009728 0.000469 0.000859
v 0.011349 0.000469 0.000859
v 0.009728 0.001289 0.002086
v 0.011349 0.001289 0.002086
v 0.009728 0.002516 0.002906
v 0.011349 0.002516 0.002906
v 0.009728 0.003964 0.003194
v 0.011349 0.003964 0.003194
v 0.009728 0.005412 0.002906
v 0.011349 0.005412 0.002906
v 0.009728 0.006639 0.002086
v 0.011349 0.006639 0.002086
v 0.009728 0.007459 0.000859
v 0.011349 0.007459 0.000859
v 0.009728 0.007747 -0.000589
v 0.011349 0.007747 -0.000589
v 0.003088 0.009044 0.007517
v 0.002471 0.009044 0.007734
v 0.002471 0.009044 0.007517
v 0.003088 0.009044 0.007734
v 0.003706 0.009044 0.007517
v 0.003706 0.009044 0.007734
v 0.004323 0.009044 0.007517
v 0.004323 0.009044 0.007734
v 0.004941 0.009044 0.007517
v 0.004941 0.009044 0.007734
v 0.005559 0.009044 0.007517
v 0.005559 0.009044 0.007734
v 0.006176 0.009044 0.007517
v 0.006176 0.009044 0.007734
v 0.006794 0.009044 0.007517
v 0.006794 0.009044 0.007734
v 0.007412 0.009044 0.007517
v 0.007412 0.009044 0.007734
v 0.008029 0.009044 0.007517
v 0.008029 0.009044 0.007734
v 0.008647 0.009044 0.007517
v 0.008647 0.009044 0.007734
v 0.009265 0.009044 0.007517
v 0.009265 0.009044 0.007734
v 0.009882 0.009044 0.007517
v 0.009882 0.009044 0.007734
v 0.010500 0.009044 0.007517
v 0.010500 0.009044 0.007734
v 0.011117 0.009044 0.007517
v 0.011117 0.009044 0.007734
v 0.011735 0.009044 0.007517
v 0.011735 0.009044 0.007734
v 0.012353 0.009044 0.007517
v 0.012353 0.009044 0.007734
v 0.012970 0.009044 0.007517
v 0.013187 0.009044 0.007517
v 0.012970 0.009044 0.007734
v 0.012970 0.009044 -0.005993
v 0.012970 0.009044 -0.006210
v 0.013187 0.009044 -0.005993
v 0.012353 0.009044 -0.005993
v 0.011735 0.009044 -0.005993
v 0.012353 0.009044 -0.006210
v 0.011735 0.009044 -0.006210
v 0.011117 0.009044 -0.005993
v 0.011117 0.009044 -0.006210
v 0.010500 0.009044 -0.005993
v 0.010500 0.009044 -0.006210
v 0.009882 0.009044 -0.005993
v 0.009882 0.009044 -0.006210
v 0.009265 0.009044 -0.005993
v 0.009265 0.009044 -0.006210
v 0.008647 0.009044 -0.005993
v 0.008647 0.009044 -0.006210
v 0.008029 0.009044 -0.005993
v 0.008029 0.009044 -0.006210
v 0.007412 0.009044 -0.005993
v 0.007412 0.009044 -0.006210
v 0.006794 0.009044 -0.005993
v 0.006794 0.009044 -0.006210
v 0.006176 0.009044 -0.005993
v 0.006176 0.009044 -0.006210
v 0.005559 0.009044 -0.005993
v 0.005559 0.009044 -0.006210
v 0.004941 0.009044 -0.005993
v 0.004941 0.009044 -0.006210
v 0.004323 0.009044 -0.005993
v 0.004323 0.009044 -0.006210
v 0.003706 0.009044 -0.005993
v 0.003706 0.009044 -0.006210
v 0.003088 0.009044 -0.005993
v 0.003088 0.009044 -0.006210
v 0.002471 0.009044 -0.005993
v 0.002471 0.009044 -0.006210
v 0.001853 0.009044 -0.005993
v 0.001853 0.009044 -0.006210
v 0.001235 0.009044 -0.005993
v 0.001235 0.009044 -0.006210
v 0.000618 0.009044 -0.005993
v 0.000618 0.009044 -0.006210
v -0.000000 0.009044 -0.005993
v -0.000000 0.009044 -0.006210
v -0.000618 0.009044 -0.005993
v -0.000618 0.009044 -0.006210
v -0.001235 0.009044 -0.005993
v -0.001235 0.009044 -0.006210
v -0.001853 0.009044 -0.005993
v -0.001853 0.009044 -0.006210
v -0.002471 0.009044 -0.005993
v -0.002471 0.009044 -0.006210
v -0.003088 0.009044 -0.005993
v -0.003088 0.009044 -0.006210
v -0.003706 0.009044 -0.005993
v -0.003706 0.009044 -0.006210
v -0.004323 0.009044 -0.005993
v -0.004323 0.009044 -0.006210
v -0.004941 0.009044 -0.005993
v -0.004941 0.009044 -0.006210
v -0.005559 0.009044 -0.005993
v -0.005559 0.009044 -0.006210
v -0.006176 0.009044 -0.005993
v -0.006176 0.009044 -0.006210
v -0.006794 0.009044 -0.005993
v -0.006794 0.009044 -0.006210
v -0.007412 0.009044 -0.005993
v -0.007412 0.009044 -0.006210
v -0.008029 0.009044 -0.005993
v -0.008029 0.009044 -0.006210
v -0.008647 0.009044 -0.005993
v -0.008647 0.009044 -0.006210
v -0.009265 0.009044 -0.005993
v -0.009265 0.009044 -0.006210
v -0.009882 0.009044 -0.005993
v -0.009882 0.009044 -0.006210
v -0.010500 0.009044 -0.005993
v -0.010500 0.009044 -0.006210
v -0.011117 0.009044 -0.005993
v -0.011117 0.009044 -0.006210
v -0.011735 0.009044 -0.005993
v -0.011735 0.009044 -0.006210
v -0.012353 0.009044 -0.005993
v -0.012353 0.009044 -0.006210
v -0.012970 0.009044 -0.005993
v -0.012970 0.009044 -0.006210
v -0.013187 0.009044 -0.005993
v -0.012970 0.009044 0.007517
v -0.013187 0.009044 0.007517
v -0.012970 0.009044 0.007734
v -0.012353 0.009044 0.007517
v -0.012353 0.009044 0.007734
v -0.011735 0.009044 0.007517
v -0.011735 0.009044 0.007734
v -0.011117 0.009044 0.007517
v -0.011117 0.009044 0.007734
v -0.010500 0.009044 0.007517
v -0.010500 0.009044 0.007734
v -0.009882 0.009044 0.007517
v -0.009882 0.009044 0.007734
v -0.009265 0.009044 0.007517
v -0.009265 0.009044 0.007734
v -0.008647 0.009044 0.007517
v -0.008647 0.009044 0.007734
v -0.008029 0.009044 0.007517
v -0.008029 0.009044 0.007734
v -0.007412 0.009044 0.007517
v -0.007412 0.009044 0.007734
v -0.006794 0.009044 0.007517
v -0.006794 0.009044 0.007734
v -0.006176 0.009044 0.007517
v -0.006176 0.009044 0.007734
v -0.005559 0.009044 0.007517
v -0.005559 0.009044 0.007734
v -0.004941 0.009044 0.007517
v -0.004941 0.009044 0.007734
v -0.004323 0.009044 0.007517
v -0.004323 0.009044 0.007734
v -0.003706 0.009044 0.007517
v -0.003706 0.009044 0.007734
v -0.003088 0.009044 0.007517
v -0.003088 0.009044 0.007734
v -0.002471 0.009044 0.007517
v -0.002471 0.009044 0.007734
v -0.001853 0.009044 0.007517
v -0.001853 0.009044 0.007734
v -0.001235 0.009044 0.007517
v -0.001235 0.009044 0.007734
v -0.000618 0.009044 0.007517
v -0.000618 0.009044 0.007734
v -0.000000 0.009044 0.007517
v -0.000000 0.009044 0.007734
v 0.000618 0.009044 0.007517
v 0.000618 0.009044 0.007734
v 0.001235 0.009044 0.007517
v 0.001235 0.009044 0.007734
v 0.001853 0.009044 0.007517
v 0.001853 0.009044 0.007734
v 0.012970 0.008828 0.007734
v 0.013187 0.008828 0.007517
v 0.013187 0.008828 -0.005993
v 0.012970 0.008828 -0.005993
v 0.012970 0.008828 -0.006210
v 0.012353 0.008828 -0.006210
v 0.012353 0.008828 -0.005993
v 0.011735 0.008828 -0.006210
v 0.011735 0.008828 -0.005993
v 0.011117 0.008828 -0.006210
v 0.011117 0.008828 -0.005993
v 0.010500 0.008828 -0.006210
v 0.010500 0.008828 -0.005993
v 0.009882 0.008828 -0.006210
v 0.009882 0.008828 -0.005993
v 0.009265 0.008828 -0.006210
v 0.009265 0.008828 -0.005993
v 0.008647 0.008828 -0.006210
v 0.008647 0.008828 -0.005993
v 0.008029 0.008828 -0.006210
v 0.008029 0.008828 -0.005993
v 0.007412 0.008828 -0.006210
v 0.007412 0.008828 -0.005993
v 0.006794 0.008828 -0.006210
v 0.006794 0.008828 -0.005993
v 0.006176 0.008828 -0.006210
v 0.006176 0.008828 -0.005993
v 0.005559 0.008828 -0.006210
v 0.005559 0.008828 -0.005993
v 0.004941 0.008828 -0.006210
v 0.004941 0.008828 -0.005993
v 0.004323 0.008828 -0.006210
v 0.004323 0.008828 -0.005993
v 0.003706 0.008828 -0.006210
v 0.003706 0.008828 -0.005993
v 0.003088 0.008828 -0.006210
v 0.003088 0.008828 -0.005993
v 0.002471 0.008828 -0.006210
v 0.002471 0.008828 -0.005993
v 0.001853 0.008828 -0.006210
v 0.001853 0.008828 -0.005993
v 0.001235 0.008828 -0.006210
v 0.001235 0.008828 -0.005993
v 0.000618 0.008828 -0.006210
v 0.000618 0.008828 -0.005993
v -0.000000 0.008828 -0.006210
v -0.000000 0.008828 -0.005993
v -0.000618 0.008828 -0.006210
v -0.000618 0.008828 -0.005993
v -0.001235 0.008828 -0.006210
v -0.001235 0.008828 -0.005993
v -0.001853 0.008828 -0.006210
v -0.001853 0.008828 -0.005993
v -0.002471 0.008828 -0.006210
v -0.002471 0.008828 -0.005993
v -0.003088 0.008828 -0.006210
v -0.003088 0.008828 -0.005993
v -0.003706 0.008828 -0.006210
v -0.003706 0.008828 -0.005993
v -0.004323 0.008828 -0.006210
v -0.004323 0.008828 -0.005993
v -0.004941 0.008828 -0.006210
v -0.004941 0.008828 -0.005993
v -0.005559 0.008828 -0.006210
v -0.005559 0.008828 -0.005993
v -0.006176 0.008828 -0.006210
v -0.006176 0.008828 -0.005993
v -0.006794 0.008828 -0.006210
v -0.006794 0.008828 -0.005993
v -0.007412 0.008828 -0.006210
v -0.007412 0.008828 -0.005993
v -0.008029 0.008828 -0.006210
v -0.008029 0.008828 -0.005993
v -0.008647 0.008828 -0.006210
v -0.008647 0.008828 -0.005993
v -0.009265 0.008828 -0.006210
v -0.009265 0.008828 -0.005993
v -0.009882 0.008828 -0.006210
v -0.009882 0.008828 -0.005993
v -0.010500 0.008828 -0.006210
v -0.010500 0.008828 -0.005993
v -0.011117 0.008828 -0.006210
v -0.011117 0.008828 -0.005993
v -0.011735 0.008828 -0.006210
v -0.011735 0.008828 -0.005993
v -0.012353 0.008828 -0.006210
v -0.012353 0.008828 -0.005993
v -0.012970 0.008828 -0.006210
v -0.013187 0.008828 -0.005993
v 0.012353 0.008828 -0.005993
v 0.012970 0.008828 0.007734
v 0.012970 0.008828 -0.005993
v 0.012353 0.008828 0.007517
v 0.011735 0.008828 -0.005993
v 0.011117 0.008828 -0.005993
v 0.011735 0.008828 0.007517
v 0.011117 0.008828 0.007734
v 0.012353 0.008828 0.007734
v 0.011735 0.008828 0.007734
v -0.012970 0.008828 -0.005993
v -0.012353 0.008828 0.007517
v -0.012353 0.008828 -0.005993
v -0.012970 0.008828 0.007517
v -0.012353 0.008828 -0.005993
v -0.011735 0.008828 0.007734
v -0.011735 0.008828 -0.005993
v -0.012353 0.008828 0.007734
v -0.011735 0.008828 -0.005993
v -0.011117 0.008828 0.007517
v -0.011117 0.008828 -0.005993
v -0.011735 0.008828 0.007517
v -0.011117 0.008828 -0.005993
v -0.010500 0.008828 0.007517
v -0.010500 0.008828 -0.005993
v -0.011117 0.008828 0.007517
v -0.010500 0.008828 -0.005993
v -0.009882 0.008828 0.007517
v -0.009882 0.008828 -0.005993
v -0.010500 0.008828 0.007517
v -0.009882 0.008828 -0.005993
v -0.009265 0.008828 0.007734
v -0.009265 0.008828 -0.005993
v -0.009882 0.008828 0.007734
v -0.008647 0.008828 -0.005993
v -0.008029 0.008828 0.007734
v -0.008029 0.008828 -0.005993
v -0.008647 0.008828 0.007734
v -0.008029 0.008828 -0.005993
v -0.007412 0.008828 0.007517
v -0.007412 0.008828 -0.005993
v -0.008029 0.008828 0.007734
v -0.007412 0.008828 0.007734
v -0.006794 0.008828 0.007734
v -0.006794 0.008828 0.007517
v -0.006176 0.008828 0.007734
v -0.006176 0.008828 0.007517
v -0.005559 0.008828 0.007734
v -0.005559 0.008828 0.007517
v -0.004941 0.008828 0.007734
v -0.004941 0.008828 0.007517
v -0.004323 0.008828 0.007734
v -0.004941 0.008828 -0.005993
v -0.004323 0.008828 -0.005993
v -0.005559 0.008828 -0.005993
v -0.006176 0.008828 -0.005993
v -0.006794 0.008828 -0.005993
v -0.004323 0.008828 -0.005993
v -0.003706 0.008828 0.007734
v -0.003706 0.008828 -0.005993
v -0.004323 0.008828 0.007734
v -0.003706 0.008828 -0.005993
v -0.003088 0.008828 0.007517
v -0.003088 0.008828 -0.005993
v -0.003706 0.008828 0.007517
v -0.003088 0.008828 -0.005993
v -0.002471 0.008828 0.007517
v -0.002471 0.008828 -0.005993
v -0.003088 0.008828 0.007517
v -0.002471 0.008828 -0.005993
v -0.001853 0.008828 0.007517
v -0.001853 0.008828 -0.005993
v -0.002471 0.008828 0.007517
v -0.001853 0.008828 -0.005993
v -0.001235 0.008828 0.007517
v -0.001235 0.008828 -0.005993
v -0.001853 0.008828 0.007517
v -0.001235 0.008828 -0.005993
v -0.000618 0.008828 0.007517
v -0.000618 0.008828 -0.005993
v -0.001235 0.008828 0.007517
v -0.000000 0.008828 0.007517
v -0.000000 0.008828 -0.005993
v 0.000618 0.008828 0.007517
v 0.000618 0.008828 -0.005993
v 0.000618 0.008828 -0.005993
v 0.001235 0.008828 0.007517
v 0.001235 0.008828 -0.005993
v 0.000618 0.008828 0.007517
v 0.001235 0.008828 -0.005993
v 0.001853 0.008828 0.007517
v 0.001853 0.008828 -0.005993
v 0.001235 0.008828 0.007517
v 0.001853 0.008828 -0.005993
v 0.002471 0.008828 0.007517
v 0.002471 0.008828 -0.005993
v 0.001853 0.008828 0.007517
v 0.002471 0.008828 -0.005993
v 0.003088 0.008828 0.007517
v 0.003088 0.008828 -0.005993
v 0.002471 0.008828 0.007517
v 0.003706 0.008828 0.007517
v 0.003706 0.008828 -0.005993
v 0.004323 0.008828 0.007517
v 0.004323 0.008828 -0.005993
v 0.004941 0.008828 0.007517
v 0.004941 0.008828 -0.005993
v 0.005559 0.008828 0.007734
v 0.005559 0.008828 -0.005993
v 0.004941 0.008828 0.007734
v 0.004323 0.008828 0.007734
v 0.003706 0.008828 0.007734
v 0.005559 0.008828 -0.005993
v 0.006176 0.008828 0.007517
v 0.006176 0.008828 -0.005993
v 0.005559 0.008828 0.007517
v 0.006176 0.008828 -0.005993
v 0.006794 0.008828 0.007517
v 0.006794 0.008828 -0.005993
v 0.006176 0.008828 0.007517
v 0.006794 0.008828 -0.005993
v 0.007412 0.008828 0.007734
v 0.007412 0.008828 -0.005993
v 0.006794 0.008828 0.007734
v 0.007412 0.008828 -0.005993
v 0.008029 0.008828 0.007517
v 0.008029 0.008828 -0.005993
v 0.007412 0.008828 0.007734
v 0.008029 0.008828 0.007734
v 0.008647 0.008828 0.007734
v 0.008647 0.008828 0.007517
v 0.009265 0.008828 0.007734
v 0.008647 0.008828 -0.005993
v 0.009265 0.008828 -0.005993
v 0.009265 0.008828 -0.005993
v 0.009882 0.008828 0.007734
v 0.009882 0.008828 -0.005993
v 0.009265 0.008828 0.007734
v 0.009882 0.008828 -0.005993
v 0.010500 0.008828 0.007517
v 0.010500 0.008828 -0.005993
v 0.009882 0.008828 0.007517
v 0.010500 0.008828 -0.005993
v 0.011117 0.008828 0.007517
v 0.011117 0.008828 -0.005993
v 0.010500 0.008828 0.007517
v -0.010500 0.008828 0.007517
v -0.009882 0.008828 0.007734
v -0.009882 0.008828 0.007517
v -0.010500 0.008828 0.007734
v -0.011117 0.008828 0.007517
v -0.010500 0.008828 0.007734
v -0.010500 0.008828 0.007517
v -0.011117 0.008828 0.007734
v -0.011735 0.008828 0.007517
v -0.011117 0.008828 0.007734
v -0.011117 0.008828 0.007517
v -0.011735 0.008828 0.007734
v -0.012970 0.008828 0.007517
v -0.012353 0.008828 0.007734
v -0.012353 0.008828 0.007517
v -0.012970 0.008828 0.007734
v 0.010500 0.008828 0.007517
v 0.011117 0.008828 0.007734
v 0.011117 0.008828 0.007517
v 0.010500 0.008828 0.007734
v 0.009882 0.008828 0.007517
v 0.010500 0.008828 0.007734
v 0.010500 0.008828 0.007517
v 0.009882 0.008828 0.007734
v 0.006176 0.008828 0.007517
v 0.006794 0.008828 0.007734
v 0.006794 0.008828 0.007517
v 0.006176 0.008828 0.007734
v 0.005559 0.008828 0.007517
v 0.006176 0.008828 0.007734
v 0.006176 0.008828 0.007517
v 0.005559 0.008828 0.007734
v -0.012970 0.009044 -0.005993
v -0.012491 0.008936 -0.005857
v -0.012832 0.008936 -0.005857
v -0.012353 0.009044 -0.005993
v -0.011873 0.008936 -0.005857
v -0.012215 0.008936 -0.005857
v -0.011735 0.009044 -0.005993
v -0.011255 0.008936 -0.005857
v -0.011597 0.008936 -0.005857
v -0.011117 0.009044 -0.005993
v -0.010638 0.008936 -0.005857
v -0.010979 0.008936 -0.005857
v -0.010500 0.009044 -0.005993
v -0.010020 0.008936 -0.005857
v -0.010362 0.008936 -0.005857
v -0.009882 0.009044 -0.005993
v -0.009403 0.008936 -0.005857
v -0.009744 0.008936 -0.005857
v -0.009265 0.009044 -0.005993
v -0.008785 0.008936 -0.005857
v -0.009127 0.008936 -0.005857
v -0.008647 0.009044 -0.005993
v -0.008167 0.008936 -0.005857
v -0.008509 0.008936 -0.005857
v -0.008029 0.009044 -0.005993
v -0.007550 0.008936 -0.005857
v -0.007891 0.008936 -0.005857
v -0.007412 0.009044 -0.005993
v -0.006932 0.008936 -0.005857
v -0.007274 0.008936 -0.005857
v -0.006794 0.009044 -0.005993
v -0.006314 0.008936 -0.005857
v -0.006656 0.008936 -0.005857
v -0.006176 0.009044 -0.005993
v -0.005697 0.008936 -0.005857
v -0.006038 0.008936 -0.005857
v -0.005559 0.009044 -0.005993
v -0.005079 0.008936 -0.005857
v -0.005421 0.008936 -0.005857
v -0.004941 0.009044 -0.005993
v -0.004461 0.008936 -0.005857
v -0.004803 0.008936 -0.005857
v -0.004323 0.009044 -0.005993
v -0.003844 0.008936 -0.005857
v -0.004185 0.008936 -0.005857
v -0.003706 0.009044 -0.005993
v -0.003226 0.008936 -0.005857
v -0.003568 0.008936 -0.005857
v -0.003088 0.009044 -0.005993
v -0.002609 0.008936 -0.005857
v -0.002950 0.008936 -0.005857
v -0.002471 0.009044 -0.005993
v -0.001991 0.008936 -0.005857
v -0.002333 0.008936 -0.005857
v -0.001853 0.009044 -0.005993
v -0.001373 0.008936 -0.005857
v -0.001715 0.008936 -0.005857
v -0.001235 0.009044 -0.005993
v -0.000756 0.008936 -0.005857
v -0.001097 0.008936 -0.005857
v -0.000618 0.009044 -0.005993
v -0.000138 0.008936 -0.005857
v -0.000480 0.008936 -0.005857
v -0.000000 0.009044 -0.005993
v 0.000480 0.008936 -0.005857
v 0.000138 0.008936 -0.005857
v 0.000618 0.009044 -0.005993
v 0.001097 0.008936 -0.005857
v 0.000756 0.008936 -0.005857
v 0.001235 0.009044 -0.005993
v 0.001715 0.008936 -0.005857
v 0.001373 0.008936 -0.005857
v 0.001853 0.009044 -0.005993
v 0.002333 0.008936 -0.005857
v 0.001991 0.008936 -0.005857
v 0.002471 0.009044 -0.005993
v 0.002950 0.008936 -0.005857
v 0.002609 0.008936 -0.005857
v 0.003088 0.009044 -0.005993
v 0.003568 0.008936 -0.005857
v 0.003226 0.008936 -0.005857
v 0.003706 0.009044 -0.005993
v 0.004185 0.008936 -0.005857
v 0.003844 0.008936 -0.005857
v 0.004323 0.009044 -0.005993
v 0.004803 0.008936 -0.005857
v 0.004461 0.008936 -0.005857
v 0.004941 0.009044 -0.005993
v 0.005421 0.008936 -0.005857
v 0.005079 0.008936 -0.005857
v 0.005559 0.009044 -0.005993
v 0.006038 0.008936 -0.005857
v 0.005697 0.008936 -0.005857
v 0.006176 0.009044 -0.005993
v 0.006656 0.008936 -0.005857
v 0.006314 0.008936 -0.005857
v 0.006794 0.009044 -0.005993
v 0.007274 0.008936 -0.005857
v 0.006932 0.008936 -0.005857
v 0.007412 0.009044 -0.005993
v 0.007891 0.008936 -0.005857
v 0.007550 0.008936 -0.005857
v 0.008029 0.009044 -0.005993
v 0.008509 0.008936 -0.005857
v 0.008167 0.008936 -0.005857
v 0.008647 0.009044 -0.005993
v 0.009127 0.008936 -0.005857
v 0.008785 0.008936 -0.005857
v 0.009265 0.009044 -0.005993
v 0.009744 0.008936 -0.005857
v 0.009403 0.008936 -0.005857
v 0.009882 0.009044 -0.005993
v 0.010362 0.008936 -0.005857
v 0.010020 0.008936 -0.005857
v 0.010500 0.009044 -0.005993
v -0.012970 0.009044 0.007517
v -0.012832 0.008936 -0.005857
v -0.012832 0.008936 0.007381
v -0.012970 0.009044 -0.005993
v -0.012353 0.009044 0.007517
v -0.012832 0.008936 0.007381
v -0.012491 0.008936 0.007381
v -0.012970 0.009044 0.007517
v -0.012353 0.009044 -0.005993
v -0.012491 0.008936 0.007381
v -0.012491 0.008936 -0.005857
v -0.012353 0.009044 0.007517
v 0.012353 0.009044 -0.005993
v 0.012832 0.008936 -0.005857
v 0.012491 0.008936 -0.005857
v 0.012970 0.009044 -0.005993
v 0.012353 0.009044 0.007517
v 0.012491 0.008936 -0.005857
v 0.012491 0.008936 0.007381
v 0.012353 0.009044 -0.005993
v 0.012970 0.009044 0.007517
v 0.012491 0.008936 0.007381
v 0.012832 0.008936 0.007381
v 0.012353 0.009044 0.007517
v 0.011873 0.008936 0.007381
v 0.012215 0.008936 0.007381
v 0.011735 0.009044 0.007517
v 0.012970 0.009044 -0.005993
v 0.012832 0.008936 0.007381
v 0.012832 0.008936 -0.005857
v 0.012970 0.009044 0.007517
v 0.011735 0.009044 -0.005993
v 0.012215 0.008936 -0.005857
v 0.011873 0.008936 -0.005857
v 0.012353 0.009044 -0.005993
v 0.011117 0.009044 -0.005993
v 0.011597 0.008936 -0.005857
v 0.011255 0.008936 -0.005857
v 0.011735 0.009044 0.007517
v 0.011873 0.008936 -0.005857
v 0.011873 0.008936 0.007381
v 0.011735 0.009044 -0.005993
v 0.012353 0.009044 -0.005993
v 0.012215 0.008936 0.007381
v 0.012215 0.008936 -0.005857
v 0.012353 0.009044 0.007517
v 0.011117 0.009044 0.007517
v 0.011255 0.008936 -0.005857
v 0.011255 0.008936 0.007381
v 0.011117 0.009044 -0.005993
v 0.011735 0.009044 0.007517
v 0.011255 0.008936 0.007381
v 0.011597 0.008936 0.007381
v 0.011117 0.009044 0.007517
v 0.010638 0.008936 0.007381
v 0.010979 0.008936 0.007381
v 0.010500 0.009044 0.007517
v 0.011735 0.009044 -0.005993
v 0.011597 0.008936 0.007381
v 0.011597 0.008936 -0.005857
v 0.011735 0.009044 0.007517
v 0.010500 0.009044 -0.005993
v 0.010979 0.008936 -0.005857
v 0.010638 0.008936 -0.005857
v 0.011117 0.009044 -0.005993
v 0.010500 0.009044 0.007517
v 0.010638 0.008936 -0.005857
v 0.010638 0.008936 0.007381
v 0.010500 0.009044 -0.005993
v 0.011117 0.009044 -0.005993
v 0.010979 0.008936 0.007381
v 0.010979 0.008936 -0.005857
v 0.011117 0.009044 0.007517
v 0.009882 0.009044 0.007517
v 0.010020 0.008936 -0.005857
v 0.010020 0.008936 0.007381
v 0.009882 0.009044 -0.005993
v 0.010500 0.009044 0.007517
v 0.010020 0.008936 0.007381
v 0.010362 0.008936 0.007381
v 0.009882 0.009044 0.007517
v 0.010500 0.009044 -0.005993
v 0.010362 0.008936 0.007381
v 0.010362 0.008936 -0.005857
v 0.010500 0.009044 0.007517
v 0.009265 0.009044 0.007517
v 0.009403 0.008936 -0.005857
v 0.009403 0.008936 0.007381
v 0.009265 0.009044 -0.005993
v 0.009882 0.009044 0.007517
v 0.009403 0.008936 0.007381
v 0.009744 0.008936 0.007381
v 0.009265 0.009044 0.007517
v 0.008785 0.008936 0.007381
v 0.009127 0.008936 0.007381
v 0.008647 0.009044 0.007517
v 0.008167 0.008936 0.007381
v 0.008509 0.008936 0.007381
v 0.008029 0.009044 0.007517
v 0.009882 0.009044 -0.005993
v 0.009744 0.008936 0.007381
v 0.009744 0.008936 -0.005857
v 0.009882 0.009044 0.007517
v 0.008647 0.009044 0.007517
v 0.008785 0.008936 -0.005857
v 0.008785 0.008936 0.007381
v 0.008647 0.009044 -0.005993
v 0.009265 0.009044 -0.005993
v 0.009127 0.008936 0.007381
v 0.009127 0.008936 -0.005857
v 0.009265 0.009044 0.007517
v 0.008029 0.009044 0.007517
v 0.008167 0.008936 -0.005857
v 0.008167 0.008936 0.007381
v 0.008029 0.009044 -0.005993
v 0.008647 0.009044 -0.005993
v 0.008509 0.008936 0.007381
v 0.008509 0.008936 -0.005857
v 0.008647 0.009044 0.007517
v 0.007412 0.009044 0.007517
v 0.007550 0.008936 -0.005857
v 0.007550 0.008936 0.007381
v 0.007412 0.009044 -0.005993
v 0.008029 0.009044 0.007517
v 0.007550 0.008936 0.007381
v 0.007891 0.008936 0.007381
v 0.007412 0.009044 0.007517
v 0.008029 0.009044 -0.005993
v 0.007891 0.008936 0.007381
v 0.007891 0.008936 -0.005857
v 0.008029 0.009044 0.007517
v 0.006794 0.009044 0.007517
v 0.006932 0.008936 -0.005857
v 0.006932 0.008936 0.007381
v 0.006794 0.009044 -0.005993
v 0.007412 0.009044 0.007517
v 0.006932 0.008936 0.007381
v 0.007274 0.008936 0.007381
v 0.006794 0.009044 0.007517
v 0.007412 0.009044 -0.005993
v 0.007274 0.008936 0.007381
v 0.007274 0.008936 -0.005857
v 0.007412 0.009044 0.007517
v 0.006176 0.009044 0.007517
v 0.006314 0.008936 -0.005857
v 0.006314 0.008936 0.007381
v 0.006176 0.009044 -0.005993
v 0.006794 0.009044 0.007517
v 0.006314 0.008936 0.007381
v 0.006656 0.008936 0.007381
v 0.006176 0.009044 0.007517
v 0.005697 0.008936 0.007381
v 0.006038 0.008936 0.007381
v 0.005559 0.009044 0.007517
v 0.005079 0.008936 0.007381
v 0.005421 0.008936 0.007381
v 0.004941 0.009044 0.007517
v 0.004461 0.008936 0.007381
v 0.004803 0.008936 0.007381
v 0.004323 0.009044 0.007517
v 0.003844 0.008936 0.007381
v 0.004185 0.008936 0.007381
v 0.003706 0.009044 0.007517
v 0.003226 0.008936 0.007381
v 0.003568 0.008936 0.007381
v 0.003088 0.009044 0.007517
v 0.002609 0.008936 0.007381
v 0.002950 0.008936 0.007381
v 0.002471 0.009044 0.007517
v 0.001991 0.008936 0.007381
v 0.002333 0.008936 0.007381
v 0.001853 0.009044 0.007517
v 0.001373 0.008936 0.007381
v 0.001715 0.008936 0.007381
v 0.001235 0.009044 0.007517
v 0.000756 0.008936 0.007381
v 0.001097 0.008936 0.007381
v 0.000618 0.009044 0.007517
v 0.000138 0.008936 0.007381
v 0.000480 0.008936 0.007381
v -0.000000 0.009044 0.007517
v -0.000480 0.008936 0.007381
v -0.000138 0.008936 0.007381
v -0.000618 0.009044 0.007517
v -0.001097 0.008936 0.007381
v -0.000756 0.008936 0.007381
v -0.001235 0.009044 0.007517
v -0.001715 0.008936 0.007381
v -0.001373 0.008936 0.007381
v -0.001853 0.009044 0.007517
v -0.002333 0.008936 0.007381
v -0.001991 0.008936 0.007381
v -0.002471 0.009044 0.007517
v -0.002950 0.008936 0.007381
v -0.002609 0.008936 0.007381
v -0.003088 0.009044 0.007517
v -0.003568 0.008936 0.007381
v -0.003226 0.008936 0.007381
v -0.003706 0.009044 0.007517
v -0.004185 0.008936 0.007381
v -0.003844 0.008936 0.007381
v -0.004323 0.009044 0.007517
v -0.004803 0.008936 0.007381
v -0.004461 0.008936 0.007381
v -0.004941 0.009044 0.007517
v -0.005421 0.008936 0.007381
v -0.005079 0.008936 0.007381
v -0.005559 0.009044 0.007517
v -0.006038 0.008936 0.007381
v -0.005697 0.008936 0.007381
v -0.006176 0.009044 0.007517
v 0.006794 0.009044 -0.005993
v 0.006656 0.008936 0.007381
v 0.006656 0.008936 -0.005857
v 0.006794 0.009044 0.007517
v 0.005559 0.009044 0.007517
v 0.005697 0.008936 -0.005857
v 0.005697 0.008936 0.007381
v 0.005559 0.009044 -0.005993
v 0.006176 0.009044 -0.005993
v 0.006038 0.008936 0.007381
v 0.006038 0.008936 -0.005857
v 0.006176 0.009044 0.007517
v 0.004941 0.009044 0.007517
v 0.005079 0.008936 -0.005857
v 0.005079 0.008936 0.007381
v 0.004941 0.009044 -0.005993
v 0.005559 0.009044 -0.005993
v 0.005421 0.008936 0.007381
v 0.005421 0.008936 -0.005857
v 0.005559 0.009044 0.007517
v 0.004323 0.009044 0.007517
v 0.004461 0.008936 -0.005857
v 0.004461 0.008936 0.007381
v 0.004323 0.009044 -0.005993
v 0.004941 0.009044 -0.005993
v 0.004803 0.008936 0.007381
v 0.004803 0.008936 -0.005857
v 0.004941 0.009044 0.007517
v 0.003706 0.009044 0.007517
v 0.003844 0.008936 -0.005857
v 0.003844 0.008936 0.007381
v 0.003706 0.009044 -0.005993
v 0.004323 0.009044 -0.005993
v 0.004185 0.008936 0.007381
v 0.004185 0.008936 -0.005857
v 0.004323 0.009044 0.007517
v 0.003088 0.009044 0.007517
v 0.003226 0.008936 -0.005857
v 0.003226 0.008936 0.007381
v 0.003088 0.009044 -0.005993
v 0.003706 0.009044 -0.005993
v 0.003568 0.008936 0.007381
v 0.003568 0.008936 -0.005857
v 0.003706 0.009044 0.007517
v 0.002471 0.009044 0.007517
v 0.002609 0.008936 -0.005857
v 0.002609 0.008936 0.007381
v 0.002471 0.009044 -0.005993
v 0.003088 0.009044 -0.005993
v 0.002950 0.008936 0.007381
v 0.002950 0.008936 -0.005857
v 0.003088 0.009044 0.007517
v 0.001853 0.009044 0.007517
v 0.001991 0.008936 -0.005857
v 0.001991 0.008936 0.007381
v 0.001853 0.009044 -0.005993
v 0.002471 0.009044 -0.005993
v 0.002333 0.008936 0.007381
v 0.002333 0.008936 -0.005857
v 0.002471 0.009044 0.007517
v 0.001235 0.009044 0.007517
v 0.001373 0.008936 -0.005857
v 0.001373 0.008936 0.007381
v 0.001235 0.009044 -0.005993
v 0.001853 0.009044 -0.005993
v 0.001715 0.008936 0.007381
v 0.001715 0.008936 -0.005857
v 0.001853 0.009044 0.007517
v 0.000618 0.009044 0.007517
v 0.000756 0.008936 -0.005857
v 0.000756 0.008936 0.007381
v 0.000618 0.009044 -0.005993
v 0.001235 0.009044 -0.005993
v 0.001097 0.008936 0.007381
v 0.001097 0.008936 -0.005857
v 0.001235 0.009044 0.007517
v -0.000000 0.009044 0.007517
v 0.000138 0.008936 -0.005857
v 0.000138 0.008936 0.007381
v -0.000000 0.009044 -0.005993
v 0.000618 0.009044 -0.005993
v 0.000480 0.008936 0.007381
v 0.000480 0.008936 -0.005857
v 0.000618 0.009044 0.007517
v -0.000618 0.009044 0.007517
v -0.000480 0.008936 -0.005857
v -0.000480 0.008936 0.007381
v -0.000618 0.009044 -0.005993
v -0.000000 0.009044 -0.005993
v -0.000138 0.008936 0.007381
v -0.000138 0.008936 -0.005857
v -0.000000 0.009044 0.007517
v -0.001235 0.009044 0.007517
v -0.001097 0.008936 -0.005857
v -0.001097 0.008936 0.007381
v -0.001235 0.009044 -0.005993
v -0.000618 0.009044 -0.005993
v -0.000756 0.008936 0.007381
v -0.000756 0.008936 -0.005857
v -0.000618 0.009044 0.007517
v -0.001853 0.009044 0.007517
v -0.001715 0.008936 -0.005857
v -0.001715 0.008936 0.007381
v -0.001853 0.009044 -0.005993
v -0.001235 0.009044 -0.005993
v -0.001373 0.008936 0.007381
v -0.001373 0.008936 -0.005857
v -0.001235 0.009044 0.007517
v -0.002471 0.009044 0.007517
v -0.002333 0.008936 -0.005857
v -0.002333 0.008936 0.007381
v -0.002471 0.009044 -0.005993
v -0.001853 0.009044 -0.005993
v -0.001991 0.008936 0.007381
v -0.001991 0.008936 -0.005857
v -0.001853 0.009044 0.007517
v -0.003088 0.009044 0.007517
v -0.002950 0.008936 -0.005857
v -0.002950 0.008936 0.007381
v -0.003088 0.009044 -0.005993
v -0.002471 0.009044 -0.005993
v -0.002609 0.008936 0.007381
v -0.002609 0.008936 -0.005857
v -0.002471 0.009044 0.007517
v -0.003706 0.009044 0.007517
v -0.003568 0.008936 -0.005857
v -0.003568 0.008936 0.007381
v -0.003706 0.009044 -0.005993
v -0.003088 0.009044 -0.005993
v -0.003226 0.008936 0.007381
v -0.003226 0.008936 -0.005857
v -0.003088 0.009044 0.007517
v -0.004323 0.009044 0.007517
v -0.004185 0.008936 -0.005857
v -0.004185 0.008936 0.007381
v -0.004323 0.009044 -0.005993
v -0.003706 0.009044 -0.005993
v -0.003844 0.008936 0.007381
v -0.003844 0.008936 -0.005857
v -0.003706 0.009044 0.007517
v -0.004941 0.009044 0.007517
v -0.004803 0.008936 -0.005857
v -0.004803 0.008936 0.007381
v -0.004941 0.009044 -0.005993
v -0.004323 0.009044 -0.005993
v -0.004461 0.008936 0.007381
v -0.004461 0.008936 -0.005857
v -0.004323 0.009044 0.007517
v -0.005559 0.009044 0.007517
v -0.005421 0.008936 -0.005857
v -0.005421 0.008936 0.007381
v -0.005559 0.009044 -0.005993
v -0.004941 0.009044 -0.005993
v -0.005079 0.008936 0.007381
v -0.005079 0.008936 -0.005857
v -0.004941 0.009044 0.007517
v -0.006176 0.009044 0.007517
v -0.006038 0.008936 -0.005857
v -0.006038 0.008936 0.007381
v -0.006176 0.009044 -0.005993
v -0.005559 0.009044 -0.005993
v -0.005697 0.008936 0.007381
v -0.005697 0.008936 -0.005857
v -0.005559 0.009044 0.007517
v -0.006794 0.009044 0.007517
v -0.006656 0.008936 -0.005857
v -0.006656 0.008936 0.007381
v -0.006794 0.009044 -0.005993
v -0.006176 0.009044 0.007517
v -0.006656 0.008936 0.007381
v -0.006314 0.008936 0.007381
v -0.006794 0.009044 0.007517
v -0.006176 0.009044 -0.005993
v -0.006314 0.008936 0.007381
v -0.006314 0.008936 -0.005857
v -0.006176 0.009044 0.007517
v -0.007412 0.009044 0.007517
v -0.007274 0.008936 -0.005857
v -0.007274 0.008936 0.007381
v -0.007412 0.009044 -0.005993
v -0.006794 0.009044 0.007517
v -0.007274 0.008936 0.007381
v -0.006932 0.008936 0.007381
v -0.007412 0.009044 0.007517
v -0.006794 0.009044 -0.005993
v -0.006932 0.008936 0.007381
v -0.006932 0.008936 -0.005857
v -0.006794 0.009044 0.007517
v -0.008029 0.009044 0.007517
v -0.007891 0.008936 -0.005857
v -0.007891 0.008936 0.007381
v -0.008029 0.009044 -0.005993
v -0.007412 0.009044 0.007517
v -0.007891 0.008936 0.007381
v -0.007550 0.008936 0.007381
v -0.008029 0.009044 0.007517
v -0.008509 0.008936 0.007381
v -0.008167 0.008936 0.007381
v -0.008647 0.009044 0.007517
v -0.009127 0.008936 0.007381
v -0.008785 0.008936 0.007381
v -0.009265 0.009044 0.007517
v -0.007412 0.009044 -0.005993
v -0.007550 0.008936 0.007381
v -0.007550 0.008936 -0.005857
v -0.007412 0.009044 0.007517
v -0.008647 0.009044 0.007517
v -0.008509 0.008936 -0.005857
v -0.008509 0.008936 0.007381
v -0.008647 0.009044 -0.005993
v -0.008029 0.009044 -0.005993
v -0.008167 0.008936 0.007381
v -0.008167 0.008936 -0.005857
v -0.008029 0.009044 0.007517
v -0.009265 0.009044 0.007517
v -0.009127 0.008936 -0.005857
v -0.009127 0.008936 0.007381
v -0.009265 0.009044 -0.005993
v -0.008647 0.009044 -0.005993
v -0.008785 0.008936 0.007381
v -0.008785 0.008936 -0.005857
v -0.008647 0.009044 0.007517
v -0.009882 0.009044 0.007517
v -0.009744 0.008936 -0.005857
v -0.009744 0.008936 0.007381
v -0.009882 0.009044 -0.005993
v -0.009265 0.009044 0.007517
v -0.009744 0.008936 0.007381
v -0.009403 0.008936 0.007381
v -0.009882 0.009044 0.007517
v -0.010362 0.008936 0.007381
v -0.010020 0.008936 0.007381
v -0.010500 0.009044 0.007517
v -0.009265 0.009044 -0.005993
v -0.009403 0.008936 0.007381
v -0.009403 0.008936 -0.005857
v -0.009265 0.009044 0.007517
v -0.010500 0.009044 0.007517
v -0.010362 0.008936 -0.005857
v -0.010362 0.008936 0.007381
v -0.010500 0.009044 -0.005993
v -0.009882 0.009044 -0.005993
v -0.010020 0.008936 0.007381
v -0.010020 0.008936 -0.005857
v -0.009882 0.009044 0.007517
v -0.011117 0.009044 0.007517
v -0.010979 0.008936 -0.005857
v -0.010979 0.008936 0.007381
v -0.011117 0.009044 -0.005993
v -0.010500 0.009044 0.007517
v -0.010979 0.008936 0.007381
v -0.010638 0.008936 0.007381
v -0.011117 0.009044 0.007517
v -0.010500 0.009044 -0.005993
v -0.010638 0.008936 0.007381
v -0.010638 0.008936 -0.005857
v -0.010500 0.009044 0.007517
v -0.011735 0.009044 0.007517
v -0.011597 0.008936 -0.005857
v -0.011597 0.008936 0.007381
v -0.011735 0.009044 -0.005993
v -0.011117 0.009044 0.007517
v -0.011597 0.008936 0.007381
v -0.011255 0.008936 0.007381
v -0.011735 0.009044 0.007517
v -0.012215 0.008936 0.007381
v -0.011873 0.008936 0.007381
v -0.012353 0.009044 0.007517
v -0.011117 0.009044 -0.005993
v -0.011255 0.008936 0.007381
v -0.011255 0.008936 -0.005857
v -0.011117 0.009044 0.007517
v -0.012353 0.009044 0.007517
v -0.012215 0.008936 -0.005857
v -0.012215 0.008936 0.007381
v -0.012353 0.009044 -0.005993
v -0.011735 0.009044 -0.005993
v -0.011873 0.008936 0.007381
v -0.011873 0.008936 -0.005857
v -0.011735 0.009044 0.007517
v -0.013187 0.008828 0.007517
v -0.013187 0.009044 -0.005993
v -0.013187 0.009044 0.007517
v -0.013187 0.008828 -0.005993
v -0.012970 0.008828 -0.005993
v -0.013187 0.008828 0.007517
v -0.012970 0.008828 0.007517
v -0.013187 0.008828 -0.005993
v 0.013187 0.008828 -0.005993
v 0.013187 0.009044 0.007517
v 0.013187 0.009044 -0.005993
v 0.013187 0.008828 0.007517
v 0.012353 0.008828 -0.006210
v 0.012970 0.009044 -0.006210
v 0.012353 0.009044 -0.006210
v 0.012970 0.008828 -0.006210
v -0.012353 0.008828 0.007734
v -0.012970 0.009044 0.007734
v -0.012353 0.009044 0.007734
v -0.012970 0.008828 0.007734
v 0.012970 0.008828 0.007734
v 0.012353 0.009044 0.007734
v 0.012970 0.009044 0.007734
v 0.012353 0.008828 0.007734
v 0.012353 0.008828 0.007734
v 0.011735 0.009044 0.007734
v 0.012353 0.009044 0.007734
v 0.011735 0.008828 0.007734
v 0.011735 0.008828 0.007734
v 0.011117 0.009044 0.007734
v 0.011735 0.009044 0.007734
v 0.011117 0.008828 0.007734
v 0.011117 0.008828 0.007734
v 0.010500 0.009044 0.007734
v 0.011117 0.009044 0.007734
v 0.010500 0.008828 0.007734
v 0.010500 0.008828 0.007734
v 0.009882 0.009044 0.007734
v 0.010500 0.009044 0.007734
v 0.009882 0.008828 0.007734
v 0.009882 0.008828 0.007734
v 0.009265 0.009044 0.007734
v 0.009882 0.009044 0.007734
v 0.009265 0.008828 0.007734
v 0.009265 0.008828 0.007734
v 0.008647 0.009044 0.007734
v 0.009265 0.009044 0.007734
v 0.008647 0.008828 0.007734
v 0.008647 0.008828 0.007734
v 0.008029 0.009044 0.007734
v 0.008647 0.009044 0.007734
v 0.008029 0.008828 0.007734
v 0.008029 0.008828 0.007734
v 0.007412 0.009044 0.007734
v 0.008029 0.009044 0.007734
v 0.007412 0.008828 0.007734
v 0.007412 0.008828 0.007734
v 0.006794 0.009044 0.007734
v 0.007412 0.009044 0.007734
v 0.006794 0.008828 0.007734
v 0.006794 0.008828 0.007734
v 0.006176 0.009044 0.007734
v 0.006794 0.009044 0.007734
v 0.006176 0.008828 0.007734
v 0.006176 0.008828 0.007734
v 0.005559 0.009044 0.007734
v 0.006176 0.009044 0.007734
v 0.005559 0.008828 0.007734
v 0.005559 0.008828 0.007734
v 0.004941 0.009044 0.007734
v 0.005559 0.009044 0.007734
v 0.004941 0.008828 0.007734
v 0.004941 0.008828 0.007734
v 0.004323 0.009044 0.007734
v 0.004941 0.009044 0.007734
v 0.004323 0.008828 0.007734
v 0.004323 0.008828 0.007734
v 0.003706 0.009044 0.007734
v 0.004323 0.009044 0.007734
v 0.003706 0.008828 0.007734
v 0.003706 0.008828 0.007734
v 0.003088 0.009044 0.007734
v 0.003706 0.009044 0.007734
v 0.003088 0.008828 0.007734
v 0.003088 0.008828 0.007734
v 0.002471 0.009044 0.007734
v 0.003088 0.009044 0.007734
v 0.002471 0.008828 0.007734
v 0.002471 0.008828 0.007734
v 0.001853 0.009044 0.007734
v 0.002471 0.009044 0.007734
v 0.001853 0.008828 0.007734
v 0.001853 0.008828 0.007734
v 0.001235 0.009044 0.007734
v 0.001853 0.009044 0.007734
v 0.001235 0.008828 0.007734
v 0.001235 0.008828 0.007734
v 0.000618 0.009044 0.007734
v 0.001235 0.009044 0.007734
v 0.000618 0.008828 0.007734
v 0.000618 0.008828 0.007734
v -0.000000 0.009044 0.007734
v 0.000618 0.009044 0.007734
v -0.000000 0.008828 0.007734
v -0.000618 0.009044 0.007734
v -0.000618 0.008828 0.007734
v -0.000618 0.008828 0.007734
v -0.001235 0.009044 0.007734
v -0.000618 0.009044 0.007734
v -0.001235 0.008828 0.007734
v -0.001235 0.008828 0.007734
v -0.001853 0.009044 0.007734
v -0.001235 0.009044 0.007734
v -0.001853 0.008828 0.007734
v -0.001853 0.008828 0.007734
v -0.002471 0.009044 0.007734
v -0.001853 0.009044 0.007734
v -0.002471 0.008828 0.007734
v -0.002471 0.008828 0.007734
v -0.003088 0.009044 0.007734
v -0.002471 0.009044 0.007734
v -0.003088 0.008828 0.007734
v -0.003088 0.008828 0.007734
v -0.003706 0.009044 0.007734
v -0.003088 0.009044 0.007734
v -0.003706 0.008828 0.007734
v -0.003706 0.008828 0.007734
v -0.004323 0.009044 0.007734
v -0.003706 0.009044 0.007734
v -0.004323 0.008828 0.007734
v -0.004323 0.008828 0.007734
v -0.004941 0.009044 0.007734
v -0.004323 0.009044 0.007734
v -0.004941 0.008828 0.007734
v -0.004941 0.008828 0.007734
v -0.005559 0.009044 0.007734
v -0.004941 0.009044 0.007734
v -0.005559 0.008828 0.007734
v -0.005559 0.008828 0.007734
v -0.006176 0.009044 0.007734
v -0.005559 0.009044 0.007734
v -0.006176 0.008828 0.007734
v -0.006176 0.008828 0.007734
v -0.006794 0.009044 0.007734
v -0.006176 0.009044 0.007734
v -0.006794 0.008828 0.007734
v -0.006794 0.008828 0.007734
v -0.007412 0.009044 0.007734
v -0.006794 0.009044 0.007734
v -0.007412 0.008828 0.007734
v -0.007412 0.008828 0.007734
v -0.008029 0.009044 0.007734
v -0.007412 0.009044 0.007734
v -0.008029 0.008828 0.007734
v -0.008029 0.008828 0.007734
v -0.008647 0.009044 0.007734
v -0.008029 0.009044 0.007734
v -0.008647 0.008828 0.007734
v -0.008647 0.008828 0.007734
v -0.009265 0.009044 0.007734
v -0.008647 0.009044 0.007734
v -0.009265 0.008828 0.007734
v -0.009265 0.008828 0.007734
v -0.009882 0.009044 0.007734
v -0.009265 0.009044 0.007734
v -0.009882 0.008828 0.007734
v -0.009882 0.008828 0.007734
v -0.010500 0.009044 0.007734
v -0.009882 0.009044 0.007734
v -0.010500 0.008828 0.007734
v -0.010500 0.008828 0.007734
v -0.011117 0.009044 0.007734
v -0.010500 0.009044 0.007734
v -0.011117 0.008828 0.007734
v -0.011117 0.008828 0.007734
v -0.011735 0.009044 0.007734
v -0.011117 0.009044 0.007734
v -0.011735 0.008828 0.007734
v -0.011735 0.008828 0.007734
v -0.012353 0.009044 0.007734
v -0.011735 0.009044 0.007734
v -0.012353 0.008828 0.007734
v -0.012970 0.008828 -0.006210
v -0.012353 0.009044 -0.006210
v -0.012970 0.009044 -0.006210
v -0.012353 0.008828 -0.006210
v -0.012353 0.008828 -0.006210
v -0.011735 0.009044 -0.006210
v -0.012353 0.009044 -0.006210
v -0.011735 0.008828 -0.006210
v -0.011735 0.008828 -0.006210
v -0.011117 0.009044 -0.006210
v -0.011735 0.009044 -0.006210
v -0.011117 0.008828 -0.006210
v -0.011117 0.008828 -0.006210
v -0.010500 0.009044 -0.006210
v -0.011117 0.009044 -0.006210
v -0.010500 0.008828 -0.006210
v -0.010500 0.008828 -0.006210
v -0.009882 0.009044 -0.006210
v -0.010500 0.009044 -0.006210
v -0.009882 0.008828 -0.006210
v -0.009882 0.008828 -0.006210
v -0.009265 0.009044 -0.006210
v -0.009882 0.009044 -0.006210
v -0.009265 0.008828 -0.006210
v -0.009265 0.008828 -0.006210
v -0.008647 0.009044 -0.006210
v -0.009265 0.009044 -0.006210
v -0.008647 0.008828 -0.006210
v -0.008647 0.008828 -0.006210
v -0.008029 0.009044 -0.006210
v -0.008647 0.009044 -0.006210
v -0.008029 0.008828 -0.006210
v -0.008029 0.008828 -0.006210
v -0.007412 0.009044 -0.006210
v -0.008029 0.009044 -0.006210
v -0.007412 0.008828 -0.006210
v -0.007412 0.008828 -0.006210
v -0.006794 0.009044 -0.006210
v -0.007412 0.009044 -0.006210
v -0.006794 0.008828 -0.006210
v -0.006794 0.008828 -0.006210
v -0.006176 0.009044 -0.006210
v -0.006794 0.009044 -0.006210
v -0.006176 0.008828 -0.006210
v -0.006176 0.008828 -0.006210
v -0.005559 0.009044 -0.006210
v -0.006176 0.009044 -0.006210
v -0.005559 0.008828 -0.006210
v -0.005559 0.008828 -0.006210
v -0.004941 0.009044 -0.006210
v -0.005559 0.009044 -0.006210
v -0.004941 0.008828 -0.006210
v -0.004941 0.008828 -0.006210
v -0.004323 0.009044 -0.006210
v -0.004941 0.009044 -0.006210
v -0.004323 0.008828 -0.006210
v -0.004323 0.008828 -0.006210
v -0.003706 0.009044 -0.006210
v -0.004323 0.009044 -0.006210
v -0.003706 0.008828 -0.006210
v -0.003706 0.008828 -0.006210
v -0.003088 0.009044 -0.006210
v -0.003706 0.009044 -0.006210
v -0.003088 0.008828 -0.006210
v -0.003088 0.008828 -0.006210
v -0.002471 0.009044 -0.006210
v -0.003088 0.009044 -0.006210
v -0.002471 0.008828 -0.006210
v -0.002471 0.008828 -0.006210
v -0.001853 0.009044 -0.006210
v -0.002471 0.009044 -0.006210
v -0.001853 0.008828 -0.006210
v -0.001853 0.008828 -0.006210
v -0.001235 0.009044 -0.006210
v -0.001853 0.009044 -0.006210
v -0.001235 0.008828 -0.006210
v -0.001235 0.008828 -0.006210
v -0.000618 0.009044 -0.006210
v -0.001235 0.009044 -0.006210
v -0.000618 0.008828 -0.006210
v -0.000618 0.008828 -0.006210
v -0.000000 0.009044 -0.006210
v -0.000618 0.009044 -0.006210
v -0.000000 0.008828 -0.006210
v -0.000000 0.008828 -0.006210
v 0.000618 0.009044 -0.006210
v -0.000000 0.009044 -0.006210
v 0.000618 0.008828 -0.006210
v 0.000618 0.008828 -0.006210
v 0.001235 0.009044 -0.006210
v 0.000618 0.009044 -0.006210
v 0.001235 0.008828 -0.006210
v 0.001235 0.008828 -0.006210
v 0.001853 0.009044 -0.006210
v 0.001235 0.009044 -0.006210
v 0.001853 0.008828 -0.006210
v 0.001853 0.008828 -0.006210
v 0.002471 0.009044 -0.006210
v 0.001853 0.009044 -0.006210
v 0.002471 0.008828 -0.006210
v 0.002471 0.008828 -0.006210
v 0.003088 0.009044 -0.006210
v 0.002471 0.009044 -0.006210
v 0.003088 0.008828 -0.006210
v 0.003088 0.008828 -0.006210
v 0.003706 0.009044 -0.006210
v 0.003088 0.009044 -0.006210
v 0.003706 0.008828 -0.006210
v 0.003706 0.008828 -0.006210
v 0.004323 0.009044 -0.006210
v 0.003706 0.009044 -0.006210
v 0.004323 0.008828 -0.006210
v 0.004323 0.008828 -0.006210
v 0.004941 0.009044 -0.006210
v 0.004323 0.009044 -0.006210
v 0.004941 0.008828 -0.006210
v 0.004941 0.008828 -0.006210
v 0.005559 0.009044 -0.006210
v 0.004941 0.009044 -0.006210
v 0.005559 0.008828 -0.006210
v 0.005559 0.008828 -0.006210
v 0.006176 0.009044 -0.006210
v 0.005559 0.009044 -0.006210
v 0.006176 0.008828 -0.006210
v 0.006176 0.008828 -0.006210
v 0.006794 0.009044 -0.006210
v 0.006176 0.009044 -0.006210
v 0.006794 0.008828 -0.006210
v 0.006794 0.008828 -0.006210
v 0.007412 0.009044 -0.006210
v 0.006794 0.009044 -0.006210
v 0.007412 0.008828 -0.006210
v 0.007412 0.008828 -0.006210
v 0.008029 0.009044 -0.006210
v 0.007412 0.009044 -0.006210
v 0.008029 0.008828 -0.006210
v 0.008029 0.008828 -0.006210
v 0.008647 0.009044 -0.006210
v 0.008029 0.009044 -0.006210
v 0.008647 0.008828 -0.006210
v 0.008647 0.008828 -0.006210
v 0.009265 0.009044 -0.006210
v 0.008647 0.009044 -0.006210
v 0.009265 0.008828 -0.006210
v 0.009265 0.008828 -0.006210
v 0.009882 0.009044 -0.006210
v 0.009265 0.009044 -0.006210
v 0.009882 0.008828 -0.006210
v 0.009882 0.008828 -0.006210
v 0.010500 0.009044 -0.006210
v 0.009882 0.009044 -0.006210
v 0.010500 0.008828 -0.006210
v 0.010500 0.008828 -0.006210
v 0.011117 0.009044 -0.006210
v 0.010500 0.009044 -0.006210
v 0.011117 0.008828 -0.006210
v 0.011117 0.008828 -0.006210
v 0.011735 0.009044 -0.006210
v 0.011117 0.009044 -0.006210
v 0.011735 0.008828 -0.006210
v 0.011735 0.008828 -0.006210
v 0.012353 0.009044 -0.006210
v 0.011735 0.009044 -0.006210
v 0.012353 0.008828 -0.006210
v -0.003706 0.008828 0.007517
v -0.003088 0.008828 0.007734
v -0.003088 0.008828 0.007517
v -0.003706 0.008828 0.007734
v -0.002471 0.008828 0.007734
v -0.002471 0.008828 0.007517
v -0.001853 0.008828 0.007734
v -0.001853 0.008828 0.007517
v -0.001235 0.008828 0.007734
v -0.001235 0.008828 0.007517
v -0.000618 0.008828 0.007734
v -0.000618 0.008828 0.007517
v -0.000000 0.008828 0.007734
v -0.000000 0.008828 0.007517
v 0.000618 0.008828 0.007734
v 0.000618 0.008828 0.007517
v 0.001235 0.008828 0.007734
v 0.001235 0.008828 0.007517
v 0.001853 0.008828 0.007734
v 0.001853 0.008828 0.007517
v 0.002471 0.008828 0.007734
v 0.002471 0.008828 0.007517
v 0.003088 0.008828 0.007734
v 0.003088 0.008828 0.007517
v 0.003706 0.008828 0.007734
v 0.003706 0.008828 0.007517
v 0.012832 0.008936 -0.005857
v 0.012491 0.008936 0.007381
v 0.012491 0.008936 -0.005857
v 0.012832 0.008936 0.007381
v 0.012215 0.008936 -0.005857
v 0.011873 0.008936 0.007381
v 0.011873 0.008936 -0.005857
v 0.012215 0.008936 0.007381
v 0.011597 0.008936 -0.005857
v 0.011255 0.008936 0.007381
v 0.011255 0.008936 -0.005857
v 0.011597 0.008936 0.007381
v 0.010979 0.008936 -0.005857
v 0.010638 0.008936 0.007381
v 0.010638 0.008936 -0.005857
v 0.010979 0.008936 0.007381
v 0.010362 0.008936 -0.005857
v 0.010020 0.008936 0.007381
v 0.010020 0.008936 -0.005857
v 0.010362 0.008936 0.007381
v 0.009744 0.008936 -0.005857
v 0.009403 0.008936 0.007381
v 0.009403 0.008936 -0.005857
v 0.009744 0.008936 0.007381
v 0.009127 0.008936 -0.005857
v 0.008785 0.008936 0.007381
v 0.008785 0.008936 -0.005857
v 0.009127 0.008936 0.007381
v 0.008509 0.008936 -0.005857
v 0.008167 0.008936 0.007381
v 0.008167 0.008936 -0.005857
v 0.008509 0.008936 0.007381
v 0.007891 0.008936 -0.005857
v 0.007550 0.008936 0.007381
v 0.007550 0.008936 -0.005857
v 0.007891 0.008936 0.007381
v 0.007274 0.008936 -0.005857
v 0.006932 0.008936 0.007381
v 0.006932 0.008936 -0.005857
v 0.007274 0.008936 0.007381
v 0.006656 0.008936 -0.005857
v 0.006314 0.008936 0.007381
v 0.006314 0.008936 -0.005857
v 0.006656 0.008936 0.007381
v 0.006038 0.008936 -0.005857
v 0.005697 0.008936 0.007381
v 0.005697 0.008936 -0.005857
v 0.006038 0.008936 0.007381
v 0.005421 0.008936 -0.005857
v 0.005079 0.008936 0.007381
v 0.005079 0.008936 -0.005857
v 0.005421 0.008936 0.007381
v 0.004803 0.008936 -0.005857
v 0.004461 0.008936 0.007381
v 0.004461 0.008936 -0.005857
v 0.004803 0.008936 0.007381
v 0.004185 0.008936 -0.005857
v 0.003844 0.008936 0.007381
v 0.003844 0.008936 -0.005857
v 0.004185 0.008936 0.007381
v 0.003568 0.008936 -0.005857
v 0.003226 0.008936 0.007381
v 0.003226 0.008936 -0.005857
v 0.003568 0.008936 0.007381
v 0.002950 0.008936 -0.005857
v 0.002609 0.008936 0.007381
v 0.002609 0.008936 -0.005857
v 0.002950 0.008936 0.007381
v 0.002333 0.008936 -0.005857
v 0.001991 0.008936 0.007381
v 0.001991 0.008936 -0.005857
v 0.002333 0.008936 0.007381
v 0.001715 0.008936 -0.005857
v 0.001373 0.008936 0.007381
v 0.001373 0.008936 -0.005857
v 0.001715 0.008936 0.007381
v 0.001097 0.008936 -0.005857
v 0.000756 0.008936 0.007381
v 0.000756 0.008936 -0.005857
v 0.001097 0.008936 0.007381
v 0.000480 0.008936 -0.005857
v 0.000138 0.008936 0.007381
v 0.000138 0.008936 -0.005857
v 0.000480 0.008936 0.007381
v -0.000138 0.008936 -0.005857
v -0.000480 0.008936 0.007381
v -0.000480 0.008936 -0.005857
v -0.000138 0.008936 0.007381
v -0.000756 0.008936 -0.005857
v -0.001097 0.008936 0.007381
v -0.001097 0.008936 -0.005857
v -0.000756 0.008936 0.007381
v -0.001373 0.008936 -0.005857
v -0.001715 0.008936 0.007381
v -0.001715 0.008936 -0.005857
v -0.001373 0.008936 0.007381
v -0.001991 0.008936 -0.005857
v -0.002333 0.008936 0.007381
v -0.002333 0.008936 -0.005857
v -0.001991 0.008936 0.007381
v -0.002609 0.008936 -0.005857
v -0.002950 0.008936 0.007381
v -0.002950 0.008936 -0.005857
v -0.002609 0.008936 0.007381
v -0.003226 0.008936 -0.005857
v -0.003568 0.008936 0.007381
v -0.003568 0.008936 -0.005857
v -0.003226 0.008936 0.007381
v -0.003844 0.008936 -0.005857
v -0.004185 0.008936 0.007381
v -0.004185 0.008936 -0.005857
v -0.003844 0.008936 0.007381
v -0.004461 0.008936 -0.005857
v -0.004803 0.008936 0.007381
v -0.004803 0.008936 -0.005857
v -0.004461 0.008936 0.007381
v -0.005079 0.008936 -0.005857
v -0.005421 0.008936 0.007381
v -0.005421 0.008936 -0.005857
v -0.005079 0.008936 0.007381
v -0.005697 0.008936 -0.005857
v -0.006038 0.008936 0.007381
v -0.006038 0.008936 -0.005857
v -0.005697 0.008936 0.007381
v -0.006314 0.008936 -0.005857
v -0.006656 0.008936 0.007381
v -0.006656 0.008936 -0.005857
v -0.006314 0.008936 0.007381
v -0.006932 0.008936 -0.005857
v -0.007274 0.008936 0.007381
v -0.007274 0.008936 -0.005857
v -0.006932 0.008936 0.007381
v -0.007550 0.008936 -0.005857
v -0.007891 0.008936 0.007381
v -0.007891 0.008936 -0.005857
v -0.007550 0.008936 0.007381
v -0.008167 0.008936 -0.005857
v -0.008509 0.008936 0.007381
v -0.008509 0.008936 -0.005857
v -0.008167 0.008936 0.007381
v -0.008785 0.008936 -0.005857
v -0.009127 0.008936 0.007381
v -0.009127 0.008936 -0.005857
v -0.008785 0.008936 0.007381
v -0.009403 0.008936 -0.005857
v -0.009744 0.008936 0.007381
v -0.009744 0.008936 -0.005857
v -0.009403 0.008936 0.007381
v -0.010020 0.008936 -0.005857
v -0.010362 0.008936 0.007381
v -0.010362 0.008936 -0.005857
v -0.010020 0.008936 0.007381
v -0.010638 0.008936 -0.005857
v -0.010979 0.008936 0.007381
v -0.010979 0.008936 -0.005857
v -0.010638 0.008936 0.007381
v -0.011255 0.008936 -0.005857
v -0.011597 0.008936 0.007381
v -0.011597 0.008936 -0.005857
v -0.011255 0.008936 0.007381
v -0.011873 0.008936 -0.005857
v -0.012215 0.008936 0.007381
v -0.012215 0.008936 -0.005857
v -0.011873 0.008936 0.007381
v 0.006388 0.002519 0.014574
v 0.003347 0.005409 0.015496
v 0.006388 0.005409 0.014574
v 0.003347 0.002519 0.015496
v 0.009191 0.002519 0.013076
v 0.009191 0.005409 0.013076
v 0.000412 0.005409 0.015785
v 0.000412 0.002519 0.015785
v 0.013665 0.002519 0.008602
v 0.011648 0.005409 0.011059
v 0.013665 0.005409 0.008602
v 0.011648 0.002519 0.011059
v 0.015163 0.002519 0.005799
v 0.016085 0.002519 0.002758
v 0.015163 0.005409 0.005799
v 0.016085 0.005409 0.002758
v 0.009191 0.005409 0.013076
v 0.009191 0.002519 0.013076
v 0.016397 0.002519 -0.000405
v 0.016085 0.005409 0.002758
v 0.016397 0.005409 -0.000405
v 0.016085 0.002519 0.002758
v 0.011464 0.002343 0.010875
v 0.013665 0.002519 0.008602
v 0.013481 0.002343 0.008418
v 0.011648 0.002519 0.011059
v 0.009007 0.002343 0.012891
v 0.009191 0.002519 0.013076
v 0.015163 0.002519 0.005799
v 0.014979 0.002343 0.005615
v 0.016085 0.002519 0.002758
v 0.015901 0.002343 0.002574
v 0.014979 0.005585 0.005615
v 0.013665 0.005409 0.008602
v 0.013481 0.005585 0.008418
v 0.015163 0.005409 0.005799
v 0.015901 0.005585 0.002574
v 0.016213 0.005585 -0.000589
v 0.016085 0.005409 0.002758
v 0.016397 0.005409 -0.000405
v 0.011648 0.005409 0.011059
v 0.011464 0.005585 0.010875
v 0.009191 0.005409 0.013076
v 0.009007 0.005585 0.012891
v 0.006388 0.005409 0.014574
v 0.006204 0.005585 0.014390
v 0.003347 0.005409 0.015496
v 0.003163 0.005585 0.015312
v 0.000412 0.005409 0.015785
v 0.000228 0.005585 0.015601
v 0.009007 0.002343 0.012891
v 0.006204 0.005585 0.014390
v 0.006204 0.002343 0.014390
v 0.009007 0.005585 0.012891
v 0.003163 0.005585 0.015312
v 0.003163 0.002343 0.015312
v 0.000228 0.005585 0.015601
v 0.000228 0.002343 0.015601
v 0.015901 0.002343 0.002574
v 0.016397 0.002519 -0.000405
v 0.016213 0.002343 -0.000589
v 0.016085 0.002519 0.002758
v 0.006204 0.002343 0.014390
v 0.009191 0.002519 0.013076
v 0.009007 0.002343 0.012891
v 0.006388 0.002519 0.014574
v 0.003163 0.002343 0.015312
v 0.000228 0.002343 0.015601
v 0.003347 0.002519 0.015496
v 0.000412 0.002519 0.015785
v 0.000228 0.002343 0.015601
v 0.000412 0.005409 0.015785
v 0.000412 0.002519 0.015785
v 0.000228 0.005585 0.015601
v 0.016213 0.002343 -0.000589
v 0.015901 0.005585 0.002574
v 0.015901 0.002343 0.002574
v 0.016213 0.005585 -0.000589
v 0.016213 0.002343 -0.000589
v 0.016397 0.005409 -0.000405
v 0.016213 0.005585 -0.000589
v 0.016397 0.002519 -0.000405
v -0.014979 0.002343 0.005615
v -0.013481 0.005585 0.008418
v -0.014979 0.005585 0.005615
v -0.013481 0.002343 0.008418
v -0.015901 0.002343 0.002574
v -0.015901 0.005585 0.002574
v -0.011464 0.005585 0.010875
v -0.011464 0.002343 0.010875
v -0.009007 0.005585 0.012891
v -0.009007 0.002343 0.012891
v -0.006388 0.002519 0.014574
v -0.003347 0.005409 0.015496
v -0.003347 0.002519 0.015496
v -0.006388 0.005409 0.014574
v -0.009191 0.002519 0.013076
v -0.009191 0.005409 0.013076
v -0.000412 0.005409 0.015785
v -0.000412 0.002519 0.015785
v -0.013665 0.002519 0.008602
v -0.011648 0.005409 0.011059
v -0.011648 0.002519 0.011059
v -0.013665 0.005409 0.008602
v -0.015163 0.002519 0.005799
v -0.016085 0.002519 0.002758
v -0.015163 0.005409 0.005799
v -0.016085 0.005409 0.002758
v -0.009191 0.005409 0.013076
v -0.009191 0.002519 0.013076
v -0.016397 0.002519 -0.000405
v -0.016085 0.005409 0.002758
v -0.016085 0.002519 0.002758
v -0.016397 0.005409 -0.000405
v -0.011464 0.002343 0.010875
v -0.013665 0.002519 0.008602
v -0.011648 0.002519 0.011059
v -0.013481 0.002343 0.008418
v -0.009007 0.002343 0.012891
v -0.009191 0.002519 0.013076
v -0.015163 0.002519 0.005799
v -0.014979 0.002343 0.005615
v -0.016085 0.002519 0.002758
v -0.015901 0.002343 0.002574
v -0.014979 0.005585 0.005615
v -0.013665 0.005409 0.008602
v -0.015163 0.005409 0.005799
v -0.013481 0.005585 0.008418
v -0.015901 0.005585 0.002574
v -0.016213 0.005585 -0.000589
v -0.016085 0.005409 0.002758
v -0.016397 0.005409 -0.000405
v -0.011648 0.005409 0.011059
v -0.011464 0.005585 0.010875
v -0.009191 0.005409 0.013076
v -0.009007 0.005585 0.012891
v -0.006388 0.005409 0.014574
v -0.006204 0.005585 0.014390
v -0.003347 0.005409 0.015496
v -0.003163 0.005585 0.015312
v -0.000412 0.005409 0.015785
v -0.000228 0.005585 0.015601
v -0.009007 0.002343 0.012891
v -0.006204 0.005585 0.014390
v -0.009007 0.005585 0.012891
v -0.006204 0.002343 0.014390
v -0.003163 0.005585 0.015312
v -0.003163 0.002343 0.015312
v -0.000228 0.005585 0.015601
v -0.000228 0.002343 0.015601
v -0.015901 0.002343 0.002574
v -0.016397 0.002519 -0.000405
v -0.016085 0.002519 0.002758
v -0.016213 0.002343 -0.000589
v -0.006204 0.002343 0.014390
v -0.009191 0.002519 0.013076
v -0.006388 0.002519 0.014574
v -0.009007 0.002343 0.012891
v -0.003163 0.002343 0.015312
v -0.000228 0.002343 0.015601
v -0.003347 0.002519 0.015496
v -0.000412 0.002519 0.015785
v -0.000228 0.002343 0.015601
v -0.000412 0.005409 0.015785
v -0.000228 0.005585 0.015601
v -0.000412 0.002519 0.015785
v -0.016213 0.002343 -0.000589
v -0.015901 0.005585 0.002574
v -0.016213 0.005585 -0.000589
v -0.015901 0.002343 0.002574
v -0.016213 0.002343 -0.000589
v -0.016397 0.005409 -0.000405
v -0.016397 0.002519 -0.000405
v -0.016213 0.005585 -0.000589
v -0.003163 0.001802 0.015312
v -0.006204 0.006126 0.014390
v -0.003163 0.006126 0.015312
v -0.006204 0.001802 0.014390
v -0.006204 0.001802 0.014390
v -0.009007 0.006126 0.012891
v -0.009007 0.001802 0.012891
v -0.011464 0.006126 0.010875
v -0.011464 0.001802 0.010875
v -0.011464 0.001802 0.010875
v -0.013481 0.006126 0.008418
v -0.011464 0.006126 0.010875
v -0.013481 0.001802 0.008418
v -0.013481 0.001802 0.008418
v -0.014979 0.001802 0.005615
v -0.014979 0.006666 0.005615
v -0.013735 0.006666 0.007942
v -0.015901 0.006666 0.002574
v -0.014979 0.008288 0.005615
v -0.013735 0.008288 0.007942
v -0.013735 0.006666 0.007942
v -0.015901 0.008288 0.002574
v -0.016213 0.006666 -0.000589
v -0.016213 0.008288 -0.000589
v -0.015901 0.006666 -0.003752
v -0.015901 0.008288 -0.003752
v -0.014979 0.006666 -0.006794
v -0.014979 0.008288 -0.006794
v -0.015901 0.001802 -0.003752
v -0.014979 0.001802 -0.006794
v -0.016213 0.001802 -0.000589
v -0.015901 0.001802 -0.003752
v -0.015901 0.001802 0.002574
v -0.015901 0.001802 0.002574
v -0.012873 0.007207 0.008418
v 0.012870 0.008288 0.008418
v 0.012873 0.007207 0.008418
v -0.012870 0.008288 0.008418
v -0.013735 0.008288 0.007942
v -0.013735 0.006666 0.007942
v 0.012781 0.006666 0.008418
v -0.012873 0.007207 0.008418
v 0.013735 0.006666 0.007942
v 0.013481 0.006126 0.008418
v 0.013735 0.006666 0.007942
v 0.013735 0.008288 0.007942
v -0.012781 0.006666 0.008418
v -0.013481 0.006126 0.008418
v -0.013735 0.006666 0.007942
v 0.016213 0.008288 -0.000589
v 0.015369 0.008828 -0.003646
v 0.015901 0.008288 -0.003752
v 0.015670 0.008828 -0.000589
v 0.015901 0.008288 0.002574
v 0.015369 0.008828 0.002468
v 0.014979 0.008288 0.005615
v 0.014477 0.008828 0.005408
v 0.013735 0.008288 0.007942
v 0.013364 0.008828 0.007596
v 0.012468 0.008828 0.008058
v 0.012870 0.008288 0.008418
v -0.012870 0.008288 0.008418
v -0.013364 0.008828 0.007596
v -0.012468 0.008828 0.008058
v -0.013735 0.008288 0.007942
v -0.014979 0.008288 0.005615
v -0.015901 0.008288 0.002574
v -0.014477 0.008828 0.005408
v -0.015369 0.008828 0.002468
v -0.016213 0.008288 -0.000589
v -0.015670 0.008828 -0.000589
v -0.015901 0.008288 -0.003752
v -0.015369 0.008828 -0.003646
v -0.014366 0.008828 -0.006794
v -0.014979 0.008288 -0.006794
v 0.014366 0.008828 -0.006793
v 0.014979 0.008288 -0.006793
v -0.014366 0.001262 -0.006794
v -0.015901 0.001802 -0.003752
v -0.015369 0.001262 -0.003646
v -0.014979 0.001802 -0.006794
v 0.015901 0.001802 -0.003752
v 0.015670 0.001262 -0.000589
v 0.016213 0.001802 -0.000589
v 0.015369 0.001262 -0.003646
v 0.015369 0.001262 0.002468
v 0.015901 0.001802 0.002574
v 0.015670 0.001262 -0.000589
v 0.015901 0.001802 0.002574
v 0.014477 0.001262 0.005408
v 0.014979 0.001802 0.005615
v 0.015369 0.001262 0.002468
v 0.013029 0.001262 0.008117
v 0.013481 0.001802 0.008418
v 0.014477 0.001262 0.005408
v 0.011080 0.001262 0.010491
v 0.011464 0.001802 0.010875
v 0.013029 0.001262 0.008117
v 0.008706 0.001262 0.012440
v 0.009007 0.001802 0.012891
v 0.011080 0.001262 0.010491
v 0.009007 0.001802 0.012891
v 0.005997 0.001262 0.013888
v 0.006204 0.001802 0.014390
v 0.008706 0.001262 0.012440
v 0.003057 0.001262 0.014780
v 0.003163 0.001802 0.015312
v 0.005997 0.001262 0.013888
v -0.000000 0.001262 0.015081
v -0.000000 0.001802 0.015624
v 0.003057 0.001262 0.014780
v -0.000000 0.001802 0.015624
v -0.003057 0.001262 0.014780
v -0.003163 0.001802 0.015312
v -0.000000 0.001262 0.015081
v -0.003163 0.001802 0.015312
v -0.005997 0.001262 0.013888
v -0.006204 0.001802 0.014390
v -0.003057 0.001262 0.014780
v -0.006204 0.001802 0.014390
v -0.008706 0.001262 0.012440
v -0.009007 0.001802 0.012891
v -0.005997 0.001262 0.013888
v -0.011080 0.001262 0.010491
v -0.011464 0.001802 0.010875
v -0.008706 0.001262 0.012440
v -0.011464 0.001802 0.010875
v -0.013029 0.001262 0.008117
v -0.013481 0.001802 0.008418
v -0.011080 0.001262 0.010491
v -0.013481 0.001802 0.008418
v -0.014477 0.001262 0.005408
v -0.014979 0.001802 0.005615
v -0.013029 0.001262 0.008117
v -0.015369 0.001262 0.002468
v -0.015901 0.001802 0.002574
v -0.014477 0.001262 0.005408
v -0.015901 0.001802 0.002574
v -0.015670 0.001262 -0.000589
v -0.016213 0.001802 -0.000589
v -0.015369 0.001262 0.002468
v -0.015369 0.001262 -0.003646
v -0.015901 0.001802 -0.003752
v -0.015670 0.001262 -0.000589
v -0.014366 0.001262 -0.006794
v 0.014366 0.001262 -0.006793
v -0.015369 0.001262 -0.003646
v 0.015369 0.001262 -0.003646
v -0.015670 0.001262 -0.000589
v 0.015670 0.001262 -0.000589
v -0.015369 0.001262 0.002468
v 0.015369 0.001262 0.002468
v -0.014477 0.001262 0.005408
v 0.014477 0.001262 0.005408
v -0.013029 0.001262 0.008117
v 0.013029 0.001262 0.008117
v -0.011080 0.001262 0.010491
v 0.011080 0.001262 0.010491
v -0.008706 0.001262 0.012440
v 0.008706 0.001262 0.012440
v -0.005997 0.001262 0.013888
v 0.005997 0.001262 0.013888
v -0.003057 0.001262 0.014780
v 0.003057 0.001262 0.014780
v -0.000000 0.001262 0.015081
v 0.009007 0.006126 0.012891
v 0.011080 0.006666 0.010491
v 0.011464 0.006126 0.010875
v 0.008706 0.006666 0.012440
v 0.006204 0.006126 0.014390
v 0.005997 0.006666 0.013888
v 0.003163 0.006126 0.015312
v 0.003057 0.006666 0.014780
v -0.000000 0.006126 0.015624
v -0.000000 0.006666 0.015081
v -0.003163 0.006126 0.015312
v -0.003057 0.006666 0.014780
v -0.006204 0.006126 0.014390
v -0.003163 0.006126 0.015312
v -0.005997 0.006666 0.013888
v -0.009007 0.006126 0.012891
v -0.008706 0.006666 0.012440
v -0.011464 0.006126 0.010875
v -0.011080 0.006666 0.010491
v -0.013481 0.006126 0.008418
v -0.011464 0.006126 0.010875
v -0.012781 0.006666 0.008418
v 0.012781 0.006666 0.008418
v 0.013481 0.006126 0.008418
v 0.005997 0.006666 0.013888
v 0.008706 0.006666 0.012440
v -0.005997 0.006666 0.013888
v -0.003057 0.006666 0.014780
v 0.003057 0.006666 0.014780
v -0.000000 0.006666 0.015081
v -0.008706 0.006666 0.012440
v 0.011080 0.006666 0.010491
v -0.011080 0.006666 0.010491
v -0.012781 0.006666 0.008418
v 0.012781 0.006666 0.008418
v -0.014366 0.001262 -0.006794
v 0.014979 0.001802 -0.006793
v -0.014979 0.001802 -0.006794
v 0.014366 0.001262 -0.006793
v -0.014979 0.006666 -0.006794
v 0.014979 0.006666 -0.006793
v -0.014979 0.008288 -0.006794
v 0.014979 0.008288 -0.006793
v -0.014366 0.008828 -0.006794
v 0.014366 0.008828 -0.006793
v 0.014366 0.008828 -0.006793
v -0.015369 0.008828 -0.003646
v -0.014366 0.008828 -0.006794
v 0.015369 0.008828 -0.003646
v -0.015670 0.008828 -0.000589
v 0.015670 0.008828 -0.000589
v -0.015369 0.008828 0.002468
v 0.015369 0.008828 0.002468
v -0.014477 0.008828 0.005408
v 0.014477 0.008828 0.005408
v -0.013364 0.008828 0.007596
v 0.013364 0.008828 0.007596
v -0.012468 0.008828 0.008058
v 0.012468 0.008828 0.008058
v 0.014366 0.001262 -0.006793
v 0.015901 0.001802 -0.003752
v 0.014979 0.001802 -0.006793
v 0.015369 0.001262 -0.003646
v 0.001089 0.006882 0.009521
v 0.000737 0.006994 0.014396
v 0.000823 0.006994 0.009251
v 0.001008 0.006882 0.014343
v 0.000823 0.006994 0.009251
v 0.000624 0.007265 0.014419
v 0.000713 0.007265 0.009139
v 0.000737 0.006994 0.014396
v 0.001089 0.007963 0.009521
v 0.003783 0.007851 0.009251
v 0.000823 0.007851 0.009251
v 0.003783 0.007963 0.009521
v 0.000823 0.007851 0.009251
v 0.003783 0.007581 0.009139
v 0.000713 0.007581 0.009139
v 0.003783 0.007851 0.009251
v 0.001089 0.006882 0.009521
v 0.001008 0.006882 0.014343
v 0.003783 0.006882 0.009521
v 0.003783 0.006882 0.010760
v 0.003495 0.006882 0.012208
v 0.002675 0.006882 0.013435
v 0.001448 0.006882 0.014255
v 0.003495 0.005585 0.012208
v 0.002675 0.006882 0.013435
v 0.003495 0.006882 0.012208
v 0.002675 0.005585 0.013435
v 0.003783 0.005585 0.010760
v 0.003495 0.006882 0.012208
v 0.003783 0.006882 0.010760
v 0.003783 0.005585 0.009515
v 0.003783 0.006882 0.009521
v 0.003783 0.006994 0.009251
v 0.003783 0.007265 0.009139
v 0.003783 0.008396 0.008868
v 0.003783 0.007581 0.009139
v 0.003783 0.007851 0.009251
v 0.003783 0.007963 0.009521
v 0.003783 0.008396 0.010760
v 0.003783 0.007963 0.010760
v 0.003783 0.008396 0.009523
v 0.003495 0.007963 0.012208
v 0.003783 0.008396 0.010760
v 0.003495 0.008396 0.012208
v 0.003783 0.005585 0.006977
v 0.003783 0.005585 0.008868
v 0.003783 0.008396 0.006977
v 0.001448 0.006882 0.014255
v 0.001448 0.005585 0.014255
v 0.001008 0.006882 0.014343
v 0.000737 0.006994 0.014396
v 0.000738 0.005585 0.014396
v -0.000000 0.005585 0.014543
v -0.000000 0.008396 0.014543
v 0.000624 0.007265 0.014419
v 0.000624 0.007581 0.014419
v 0.000731 0.008396 0.014398
v 0.000737 0.007851 0.014396
v 0.001008 0.007963 0.014343
v 0.001448 0.007963 0.014255
v 0.002675 0.008396 0.013435
v 0.002675 0.007963 0.013435
v 0.001448 0.008396 0.014255
v 0.003495 0.008396 0.012208
v 0.003495 0.007963 0.012208
v -0.000731 0.008396 0.014398
v -0.000624 0.007581 0.014419
v -0.000624 0.007265 0.014419
v -0.000737 0.007851 0.014396
v -0.001008 0.007963 0.014343
v -0.001448 0.007963 0.014255
v -0.002675 0.008396 0.013435
v -0.001448 0.008396 0.014255
v -0.002675 0.007963 0.013435
v -0.003495 0.008396 0.012208
v -0.003495 0.007963 0.012208
v -0.000737 0.006994 0.014396
v -0.000738 0.005585 0.014396
v -0.001008 0.006882 0.014343
v -0.001448 0.005585 0.014255
v -0.001448 0.006882 0.014255
v -0.002675 0.005585 0.013435
v -0.002675 0.006882 0.013435
v -0.003495 0.005585 0.012208
v -0.003495 0.006882 0.012208
v -0.003783 0.005585 0.010760
v -0.003495 0.006882 0.012208
v -0.003783 0.006882 0.010760
v -0.003783 0.005585 0.009515
v -0.003783 0.006882 0.009521
v -0.003783 0.005585 0.008868
v -0.003783 0.006994 0.009251
v -0.003783 0.007265 0.009139
v -0.003783 0.008396 0.008868
v -0.003783 0.007581 0.009139
v -0.003783 0.007851 0.009251
v -0.003783 0.007963 0.009521
v -0.003783 0.008396 0.010760
v -0.003783 0.008396 0.009523
v -0.003783 0.007963 0.010760
v -0.003495 0.007963 0.012208
v -0.003783 0.008396 0.010760
v -0.003495 0.008396 0.012208
v -0.003783 0.005585 0.006977
v -0.003783 0.008396 0.006977
v 0.003291 0.008612 0.012123
v 0.003567 0.008612 0.010739
v 0.001000 0.008612 0.014124
v 0.002519 0.008612 0.013279
v 0.001363 0.008612 0.014051
v 0.000851 0.008612 0.009527
v 0.000728 0.008612 0.014178
v -0.000000 0.008612 0.009528
v -0.000000 0.008612 0.014323
v -0.000728 0.008612 0.014178
v -0.001000 0.008612 0.014124
v -0.000849 0.008612 0.008867
v -0.000851 0.008612 0.009527
v -0.003567 0.008612 0.009524
v -0.003567 0.008612 0.010739
v -0.003291 0.008612 0.012123
v -0.002519 0.008612 0.013279
v -0.001363 0.008612 0.014051
v -0.003567 0.008612 0.008868
v -0.003567 0.008612 0.006977
v -0.000844 0.008612 0.006977
v -0.000000 0.008612 0.008867
v -0.000000 0.008612 0.006977
v 0.000844 0.008612 0.006977
v 0.000849 0.008612 0.008867
v 0.003567 0.008612 0.008868
v 0.003567 0.008612 0.006977
v 0.003567 0.008612 0.009524
v 0.003495 0.008396 0.012208
v 0.003567 0.008612 0.010739
v 0.003783 0.008396 0.010760
v 0.003291 0.008612 0.012123
v 0.002675 0.008396 0.013435
v 0.003495 0.008396 0.012208
v 0.002519 0.008612 0.013279
v 0.001448 0.008396 0.014255
v 0.001363 0.008612 0.014051
v 0.001000 0.008612 0.014124
v 0.000728 0.008612 0.014178
v -0.000000 0.008396 0.014543
v 0.000731 0.008396 0.014398
v -0.000000 0.008612 0.014323
v -0.000728 0.008612 0.014178
v -0.000731 0.008396 0.014398
v -0.001000 0.008612 0.014124
v -0.001448 0.008396 0.014255
v -0.001363 0.008612 0.014051
v -0.002519 0.008612 0.013279
v -0.002675 0.008396 0.013435
v -0.003291 0.008612 0.012123
v -0.003495 0.008396 0.012208
v -0.003567 0.008612 0.010739
v -0.003495 0.008396 0.012208
v -0.003783 0.008396 0.010760
v -0.003783 0.008396 0.009523
v -0.003783 0.008396 0.010760
v -0.003567 0.008612 0.009524
v -0.003783 0.008396 0.008868
v -0.003567 0.008612 0.008868
v -0.003567 0.008612 0.006977
v -0.003783 0.008396 0.006977
v 0.003783 0.008396 0.009523
v 0.003567 0.008612 0.009524
v 0.003783 0.008396 0.010760
v 0.003783 0.008396 0.008868
v 0.003567 0.008612 0.008868
v 0.003567 0.008612 0.006977
v 0.003783 0.008396 0.006977
v -0.000000 0.008612 0.006977
v 0.000844 0.008612 0.006977
v -0.000000 0.008396 0.006977
v -0.000844 0.008612 0.006977
v -0.003567 0.008612 0.006977
v -0.003783 0.008396 0.006977
v -0.003783 0.005585 0.006977
v -0.000000 0.005585 0.006977
v 0.003783 0.005585 0.006977
v 0.003783 0.008396 0.006977
v 0.003567 0.008612 0.006977
v 0.001008 0.007963 0.014343
v 0.001089 0.007963 0.009521
v 0.003783 0.007963 0.010760
v 0.003495 0.007963 0.012208
v 0.002675 0.007963 0.013435
v 0.001448 0.007963 0.014255
v 0.003783 0.007963 0.009521
v 0.000737 0.007851 0.014396
v 0.001089 0.007963 0.009521
v 0.000823 0.007851 0.009251
v 0.001008 0.007963 0.014343
v 0.000624 0.007265 0.014419
v 0.000713 0.007581 0.009139
v 0.000713 0.007265 0.009139
v 0.000624 0.007581 0.014419
v 0.000624 0.007581 0.014419
v 0.000823 0.007851 0.009251
v 0.000713 0.007581 0.009139
v 0.000737 0.007851 0.014396
v 0.003783 0.007265 0.009139
v 0.000823 0.006994 0.009251
v 0.000713 0.007265 0.009139
v 0.003783 0.006994 0.009251
v 0.003783 0.006994 0.009251
v 0.001089 0.006882 0.009521
v 0.000823 0.006994 0.009251
v 0.003783 0.006882 0.009521
v -0.000000 0.005585 0.014543
v 0.001448 0.005585 0.007265
v -0.000000 0.005585 0.006977
v 0.002675 0.005585 0.008085
v 0.003495 0.005585 0.009312
v 0.003783 0.005585 0.010760
v 0.003495 0.005585 0.012208
v 0.002675 0.005585 0.013435
v 0.001011 0.005585 0.014342
v 0.000738 0.005585 0.014396
v -0.001448 0.005585 0.007265
v -0.002675 0.005585 0.008085
v -0.003495 0.005585 0.009312
v -0.003783 0.005585 0.010760
v -0.003495 0.005585 0.012208
v -0.002675 0.005585 0.013435
v -0.001011 0.005585 0.014342
v -0.000738 0.005585 0.014396
v -0.001448 0.005585 0.014255
v 0.001448 0.005585 0.014255
v -0.000713 0.007265 0.009139
v -0.003783 0.007581 0.009139
v -0.000713 0.007581 0.009139
v -0.003783 0.007265 0.009139
v -0.001089 0.006882 0.009521
v -0.000737 0.006994 0.014396
v -0.001008 0.006882 0.014343
v -0.000823 0.006994 0.009251
v -0.000823 0.006994 0.009251
v -0.000624 0.007265 0.014419
v -0.000737 0.006994 0.014396
v -0.000713 0.007265 0.009139
v -0.001089 0.007963 0.009521
v -0.003783 0.007851 0.009251
v -0.003783 0.007963 0.009521
v -0.000823 0.007851 0.009251
v -0.000823 0.007851 0.009251
v -0.003783 0.007581 0.009139
v -0.003783 0.007851 0.009251
v -0.000713 0.007581 0.009139
v -0.001089 0.006882 0.009521
v -0.003783 0.006882 0.010760
v -0.003783 0.006882 0.009521
v -0.001008 0.006882 0.014343
v -0.003495 0.006882 0.012208
v -0.002675 0.006882 0.013435
v -0.001448 0.006882 0.014255
v -0.001008 0.007963 0.014343
v -0.001089 0.007963 0.009521
v -0.003783 0.007963 0.009521
v -0.003783 0.007963 0.010760
v -0.003495 0.007963 0.012208
v -0.002675 0.007963 0.013435
v -0.001448 0.007963 0.014255
v -0.000737 0.007851 0.014396
v -0.001089 0.007963 0.009521
v -0.001008 0.007963 0.014343
v -0.000823 0.007851 0.009251
v -0.000624 0.007265 0.014419
v -0.000713 0.007581 0.009139
v -0.000624 0.007581 0.014419
v -0.000713 0.007265 0.009139
v -0.000624 0.007581 0.014419
v -0.000823 0.007851 0.009251
v -0.000737 0.007851 0.014396
v -0.000713 0.007581 0.009139
v -0.003783 0.007265 0.009139
v -0.000823 0.006994 0.009251
v -0.003783 0.006994 0.009251
v -0.000713 0.007265 0.009139
v -0.003783 0.006994 0.009251
v -0.001089 0.006882 0.009521
v -0.003783 0.006882 0.009521
v -0.000823 0.006994 0.009251
v 0.010448 0.000644 0.009680
v 0.010350 0.000644 0.009761
v 0.010448 0.001076 0.009680
v 0.010350 0.001076 0.009761
v 0.010269 0.000644 0.009859
v 0.010209 0.000644 0.009971
v 0.010269 0.001076 0.009859
v 0.010209 0.001076 0.009971
v 0.010209 0.000644 0.009971
v 0.010173 0.000644 0.010093
v 0.010209 0.001076 0.009971
v 0.010173 0.001076 0.010093
v 0.010173 0.000644 0.010346
v 0.010209 0.000644 0.010468
v 0.010173 0.001076 0.010346
v 0.010209 0.001076 0.010468
v 0.010209 0.000644 0.010468
v 0.010269 0.000644 0.010580
v 0.010209 0.001076 0.010468
v 0.010269 0.001076 0.010580
v 0.010682 0.000644 0.009583
v 0.010935 0.000644 0.009583
v 0.010809 0.000644 0.009571
v 0.011057 0.000644 0.009620
v 0.010560 0.000644 0.009620
v 0.011169 0.000644 0.009680
v 0.010448 0.000644 0.009680
v 0.011267 0.000644 0.009761
v 0.010350 0.000644 0.009761
v 0.011348 0.000644 0.009859
v 0.010269 0.000644 0.009859
v 0.011408 0.000644 0.009971
v 0.010209 0.000644 0.009971
v 0.011445 0.000644 0.010093
v 0.010173 0.000644 0.010093
v 0.011457 0.000644 0.010220
v 0.010160 0.000644 0.010220
v 0.011445 0.000644 0.010346
v 0.010173 0.000644 0.010346
v 0.011408 0.000644 0.010468
v 0.010209 0.000644 0.010468
v 0.011348 0.000644 0.010580
v 0.010269 0.000644 0.010580
v 0.011267 0.000644 0.010678
v 0.010350 0.000644 0.010678
v 0.011169 0.000644 0.010759
v 0.010448 0.000644 0.010759
v 0.011057 0.000644 0.010819
v 0.010560 0.000644 0.010819
v 0.010935 0.000644 0.010856
v 0.010682 0.000644 0.010856
v 0.010809 0.000644 0.010868
v 0.010935 0.001508 0.009583
v 0.010809 0.001076 0.009571
v 0.010935 0.001076 0.009583
v 0.010809 0.001508 0.009571
v 0.011057 0.001508 0.009620
v 0.010935 0.001076 0.009583
v 0.011057 0.001076 0.009620
v 0.010935 0.001508 0.009583
v 0.011169 0.001508 0.009680
v 0.011057 0.001076 0.009620
v 0.011169 0.001076 0.009680
v 0.011057 0.001508 0.009620
v 0.011267 0.001508 0.009761
v 0.011169 0.001076 0.009680
v 0.011267 0.001076 0.009761
v 0.011169 0.001508 0.009680
v 0.011348 0.001508 0.009859
v 0.011267 0.001076 0.009761
v 0.011348 0.001076 0.009859
v 0.011267 0.001508 0.009761
v 0.011408 0.001508 0.009971
v 0.011348 0.001076 0.009859
v 0.011408 0.001076 0.009971
v 0.011348 0.001508 0.009859
v 0.011445 0.001508 0.010093
v 0.011408 0.001076 0.009971
v 0.011445 0.001076 0.010093
v 0.011408 0.001508 0.009971
v 0.011457 0.001508 0.010220
v 0.011445 0.001076 0.010093
v 0.011457 0.001076 0.010220
v 0.011445 0.001508 0.010093
v 0.011445 0.001508 0.010346
v 0.011457 0.001076 0.010220
v 0.011445 0.001076 0.010346
v 0.011457 0.001508 0.010220
v 0.011408 0.001508 0.010468
v 0.011445 0.001076 0.010346
v 0.011408 0.001076 0.010468
v 0.011445 0.001508 0.010346
v 0.011348 0.001508 0.010580
v 0.011408 0.001076 0.010468
v 0.011348 0.001076 0.010580
v 0.011408 0.001508 0.010468
v 0.011267 0.001508 0.010678
v 0.011348 0.001076 0.010580
v 0.011267 0.001076 0.010678
v 0.011348 0.001508 0.010580
v 0.011169 0.001508 0.010759
v 0.011267 0.001076 0.010678
v 0.011169 0.001076 0.010759
v 0.011267 0.001508 0.010678
v 0.011057 0.001508 0.010819
v 0.011169 0.001076 0.010759
v 0.011057 0.001076 0.010819
v 0.011169 0.001508 0.010759
v 0.010935 0.001508 0.010856
v 0.011057 0.001076 0.010819
v 0.010935 0.001076 0.010856
v 0.011057 0.001508 0.010819
v 0.010809 0.001508 0.010868
v 0.010935 0.001076 0.010856
v 0.010809 0.001076 0.010868
v 0.010935 0.001508 0.010856
v 0.010682 0.001508 0.010856
v 0.010809 0.001076 0.010868
v 0.010682 0.001076 0.010856
v 0.010809 0.001508 0.010868
v 0.010560 0.001508 0.010819
v 0.010682 0.001076 0.010856
v 0.010560 0.001076 0.010819
v 0.010682 0.001508 0.010856
v 0.010448 0.001508 0.010759
v 0.010560 0.001076 0.010819
v 0.010448 0.001076 0.010759
v 0.010560 0.001508 0.010819
v 0.010350 0.001508 0.010678
v 0.010448 0.001076 0.010759
v 0.010350 0.001076 0.010678
v 0.010448 0.001508 0.010759
v 0.010269 0.001508 0.010580
v 0.010350 0.001076 0.010678
v 0.010269 0.001076 0.010580
v 0.010350 0.001508 0.010678
v 0.010209 0.001508 0.010468
v 0.010269 0.001076 0.010580
v 0.010209 0.001076 0.010468
v 0.010269 0.001508 0.010580
v 0.010173 0.001508 0.010346
v 0.010209 0.001076 0.010468
v 0.010173 0.001076 0.010346
v 0.010209 0.001508 0.010468
v 0.010160 0.001508 0.010220
v 0.010173 0.001076 0.010346
v 0.010160 0.001076 0.010220
v 0.010173 0.001508 0.010346
v 0.010173 0.001508 0.010093
v 0.010160 0.001076 0.010220
v 0.010173 0.001076 0.010093
v 0.010160 0.001508 0.010220
v 0.010209 0.001508 0.009971
v 0.010173 0.001076 0.010093
v 0.010209 0.001076 0.009971
v 0.010173 0.001508 0.010093
v 0.010269 0.001508 0.009859
v 0.010209 0.001076 0.009971
v 0.010269 0.001076 0.009859
v 0.010209 0.001508 0.009971
v 0.010350 0.001508 0.009761
v 0.010269 0.001076 0.009859
v 0.010350 0.001076 0.009761
v 0.010269 0.001508 0.009859
v 0.010448 0.001508 0.009680
v 0.010350 0.001076 0.009761
v 0.010448 0.001076 0.009680
v 0.010350 0.001508 0.009761
v 0.010560 0.001508 0.009620
v 0.010448 0.001076 0.009680
v 0.010560 0.001076 0.009620
v 0.010448 0.001508 0.009680
v 0.010682 0.001508 0.009583
v 0.010560 0.001076 0.009620
v 0.010682 0.001076 0.009583
v 0.010560 0.001508 0.009620
v 0.010809 0.001508 0.009571
v 0.010682 0.001076 0.009583
v 0.010809 0.001076 0.009571
v 0.010682 0.001508 0.009583
v 0.011445 0.001076 0.010346
v 0.017265 0.000860 0.011504
v 0.011445 0.000860 0.010346
v 0.017265 0.001076 0.011504
v 0.010160 0.000860 0.010220
v 0.004353 0.000860 0.011504
v 0.010173 0.000860 0.010346
v 0.004226 0.000860 0.010220
v 0.010173 0.000860 0.010093
v 0.004353 0.000860 0.008935
v 0.011445 0.000860 0.010346
v 0.017391 0.000860 0.010220
v 0.011457 0.000860 0.010220
v 0.017265 0.000860 0.011504
v 0.017265 0.000860 0.008935
v 0.011445 0.000860 0.010093
v 0.010682 0.001076 0.010856
v 0.009524 0.000860 0.016676
v 0.010682 0.000860 0.010856
v 0.009524 0.001076 0.016676
v 0.010809 0.000860 0.010868
v 0.012093 0.000860 0.016676
v 0.010935 0.000860 0.010856
v 0.010809 0.000860 0.016802
v 0.010682 0.000860 0.010856
v 0.009524 0.000860 0.016676
v 0.010935 0.000860 0.009583
v 0.010809 0.000860 0.003637
v 0.010809 0.000860 0.009571
v 0.012093 0.000860 0.003764
v 0.010173 0.001076 0.010093
v 0.004353 0.000860 0.008935
v 0.010173 0.000860 0.010093
v 0.004353 0.001076 0.008935
v 0.012093 0.001076 0.003764
v 0.010809 0.000860 0.003637
v 0.012093 0.000860 0.003764
v 0.010809 0.001076 0.003637
v 0.017391 0.001076 0.010220
v 0.017265 0.000860 0.008935
v 0.017391 0.000860 0.010220
v 0.017265 0.001076 0.008935
v 0.017265 0.001076 0.011504
v 0.017391 0.000860 0.010220
v 0.017265 0.000860 0.011504
v 0.017391 0.001076 0.010220
v 0.010809 0.001076 0.016802
v 0.012093 0.000860 0.016676
v 0.010809 0.000860 0.016802
v 0.012093 0.001076 0.016676
v 0.009524 0.001076 0.016676
v 0.010809 0.000860 0.016802
v 0.009524 0.000860 0.016676
v 0.010809 0.001076 0.016802
v 0.004226 0.001076 0.010220
v 0.004353 0.000860 0.011504
v 0.004226 0.000860 0.010220
v 0.004353 0.001076 0.011504
v 0.004353 0.001076 0.008935
v 0.004226 0.000860 0.010220
v 0.004353 0.000860 0.008935
v 0.004226 0.001076 0.010220
v 0.010809 0.001076 0.003637
v 0.009524 0.000860 0.003764
v 0.010809 0.000860 0.003637
v 0.009524 0.001076 0.003764
v 0.010682 0.000860 0.009583
v 0.009524 0.001076 0.003764
v 0.010682 0.001076 0.009583
v 0.009524 0.000860 0.003764
v 0.010809 0.000860 0.009571
v 0.009524 0.000860 0.003764
v 0.010682 0.000860 0.009583
v 0.010809 0.000860 0.003637
v 0.010935 0.001076 0.009583
v 0.012093 0.000860 0.003764
v 0.010935 0.000860 0.009583
v 0.012093 0.001076 0.003764
v 0.010173 0.000860 0.010346
v 0.004353 0.001076 0.011504
v 0.010173 0.001076 0.010346
v 0.004353 0.000860 0.011504
v 0.011445 0.001076 0.010093
v 0.017391 0.001076 0.010220
v 0.011457 0.001076 0.010220
v 0.017265 0.001076 0.008935
v 0.010935 0.000860 0.010856
v 0.012093 0.001076 0.016676
v 0.010935 0.001076 0.010856
v 0.012093 0.000860 0.016676
v 0.010809 0.001076 0.009571
v 0.012093 0.001076 0.003764
v 0.010935 0.001076 0.009583
v 0.010809 0.001076 0.003637
v 0.010935 0.001076 0.010856
v 0.010809 0.001076 0.016802
v 0.010809 0.001076 0.010868
v 0.012093 0.001076 0.016676
v 0.011445 0.000860 0.010093
v 0.017265 0.001076 0.008935
v 0.011445 0.001076 0.010093
v 0.017265 0.000860 0.008935
v 0.011457 0.001076 0.010220
v 0.017265 0.001076 0.011504
v 0.011445 0.001076 0.010346
v 0.017391 0.001076 0.010220
v 0.010173 0.001076 0.010346
v 0.004226 0.001076 0.010220
v 0.010160 0.001076 0.010220
v 0.004353 0.001076 0.011504
v 0.004353 0.001076 0.008935
v 0.010173 0.001076 0.010093
v 0.010809 0.001076 0.010868
v 0.009524 0.001076 0.016676
v 0.010682 0.001076 0.010856
v 0.010809 0.001076 0.016802
v 0.010682 0.001076 0.009583
v 0.010809 0.001076 0.003637
v 0.010809 0.001076 0.009571
v 0.009524 0.001076 0.003764
v -0.011169 0.000644 0.009680
v -0.011267 0.000644 0.009761
v -0.011169 0.001076 0.009680
v -0.011267 0.001076 0.009761
v -0.011348 0.000644 0.009859
v -0.011408 0.000644 0.009971
v -0.011348 0.001076 0.009859
v -0.011408 0.001076 0.009971
v -0.011408 0.000644 0.009971
v -0.011445 0.000644 0.010093
v -0.011408 0.001076 0.009971
v -0.011445 0.001076 0.010093
v -0.011445 0.000644 0.010346
v -0.011408 0.000644 0.010468
v -0.011445 0.001076 0.010346
v -0.011408 0.001076 0.010468
v -0.011408 0.000644 0.010468
v -0.011348 0.000644 0.010580
v -0.011408 0.001076 0.010468
v -0.011348 0.001076 0.010580
v -0.010935 0.000644 0.009583
v -0.010682 0.000644 0.009583
v -0.010809 0.000644 0.009571
v -0.010560 0.000644 0.009620
v -0.011057 0.000644 0.009620
v -0.010448 0.000644 0.009680
v -0.011169 0.000644 0.009680
v -0.010350 0.000644 0.009761
v -0.011267 0.000644 0.009761
v -0.010269 0.000644 0.009859
v -0.011348 0.000644 0.009859
v -0.010209 0.000644 0.009971
v -0.011408 0.000644 0.009971
v -0.010173 0.000644 0.010093
v -0.011445 0.000644 0.010093
v -0.010160 0.000644 0.010220
v -0.011457 0.000644 0.010220
v -0.010173 0.000644 0.010346
v -0.011445 0.000644 0.010346
v -0.010209 0.000644 0.010468
v -0.011408 0.000644 0.010468
v -0.010269 0.000644 0.010580
v -0.011348 0.000644 0.010580
v -0.010350 0.000644 0.010678
v -0.011267 0.000644 0.010678
v -0.010448 0.000644 0.010759
v -0.011169 0.000644 0.010759
v -0.010560 0.000644 0.010819
v -0.011057 0.000644 0.010819
v -0.010682 0.000644 0.010856
v -0.010935 0.000644 0.010856
v -0.010809 0.000644 0.010868
v -0.010682 0.001508 0.009583
v -0.010809 0.001076 0.009571
v -0.010682 0.001076 0.009583
v -0.010809 0.001508 0.009571
v -0.010560 0.001508 0.009620
v -0.010682 0.001076 0.009583
v -0.010560 0.001076 0.009620
v -0.010682 0.001508 0.009583
v -0.010448 0.001508 0.009680
v -0.010560 0.001076 0.009620
v -0.010448 0.001076 0.009680
v -0.010560 0.001508 0.009620
v -0.010350 0.001508 0.009761
v -0.010448 0.001076 0.009680
v -0.010350 0.001076 0.009761
v -0.010448 0.001508 0.009680
v -0.010269 0.001508 0.009859
v -0.010350 0.001076 0.009761
v -0.010269 0.001076 0.009859
v -0.010350 0.001508 0.009761
v -0.010209 0.001508 0.009971
v -0.010269 0.001076 0.009859
v -0.010209 0.001076 0.009971
v -0.010269 0.001508 0.009859
v -0.010173 0.001508 0.010093
v -0.010209 0.001076 0.009971
v -0.010173 0.001076 0.010093
v -0.010209 0.001508 0.009971
v -0.010160 0.001508 0.010220
v -0.010173 0.001076 0.010093
v -0.010160 0.001076 0.010220
v -0.010173 0.001508 0.010093
v -0.010173 0.001508 0.010346
v -0.010160 0.001076 0.010220
v -0.010173 0.001076 0.010346
v -0.010160 0.001508 0.010220
v -0.010209 0.001508 0.010468
v -0.010173 0.001076 0.010346
v -0.010209 0.001076 0.010468
v -0.010173 0.001508 0.010346
v -0.010269 0.001508 0.010580
v -0.010209 0.001076 0.010468
v -0.010269 0.001076 0.010580
v -0.010209 0.001508 0.010468
v -0.010350 0.001508 0.010678
v -0.010269 0.001076 0.010580
v -0.010350 0.001076 0.010678
v -0.010269 0.001508 0.010580
v -0.010448 0.001508 0.010759
v -0.010350 0.001076 0.010678
v -0.010448 0.001076 0.010759
v -0.010350 0.001508 0.010678
v -0.010560 0.001508 0.010819
v -0.010448 0.001076 0.010759
v -0.010560 0.001076 0.010819
v -0.010448 0.001508 0.010759
v -0.010682 0.001508 0.010856
v -0.010560 0.001076 0.010819
v -0.010682 0.001076 0.010856
v -0.010560 0.001508 0.010819
v -0.010809 0.001508 0.010868
v -0.010682 0.001076 0.010856
v -0.010809 0.001076 0.010868
v -0.010682 0.001508 0.010856
v -0.010935 0.001508 0.010856
v -0.010809 0.001076 0.010868
v -0.010935 0.001076 0.010856
v -0.010809 0.001508 0.010868
v -0.011057 0.001508 0.010819
v -0.010935 0.001076 0.010856
v -0.011057 0.001076 0.010819
v -0.010935 0.001508 0.010856
v -0.011169 0.001508 0.010759
v -0.011057 0.001076 0.010819
v -0.011169 0.001076 0.010759
v -0.011057 0.001508 0.010819
v -0.011267 0.001508 0.010678
v -0.011169 0.001076 0.010759
v -0.011267 0.001076 0.010678
v -0.011169 0.001508 0.010759
v -0.011348 0.001508 0.010580
v -0.011267 0.001076 0.010678
v -0.011348 0.001076 0.010580
v -0.011267 0.001508 0.010678
v -0.011408 0.001508 0.010468
v -0.011348 0.001076 0.010580
v -0.011408 0.001076 0.010468
v -0.011348 0.001508 0.010580
v -0.011445 0.001508 0.010346
v -0.011408 0.001076 0.010468
v -0.011445 0.001076 0.010346
v -0.011408 0.001508 0.010468
v -0.011457 0.001508 0.010220
v -0.011445 0.001076 0.010346
v -0.011457 0.001076 0.010220
v -0.011445 0.001508 0.010346
v -0.011445 0.001508 0.010093
v -0.011457 0.001076 0.010220
v -0.011445 0.001076 0.010093
v -0.011457 0.001508 0.010220
v -0.011408 0.001508 0.009971
v -0.011445 0.001076 0.010093
v -0.011408 0.001076 0.009971
v -0.011445 0.001508 0.010093
v -0.011348 0.001508 0.009859
v -0.011408 0.001076 0.009971
v -0.011348 0.001076 0.009859
v -0.011408 0.001508 0.009971
v -0.011267 0.001508 0.009761
v -0.011348 0.001076 0.009859
v -0.011267 0.001076 0.009761
v -0.011348 0.001508 0.009859
v -0.011169 0.001508 0.009680
v -0.011267 0.001076 0.009761
v -0.011169 0.001076 0.009680
v -0.011267 0.001508 0.009761
v -0.011057 0.001508 0.009620
v -0.011169 0.001076 0.009680
v -0.011057 0.001076 0.009620
v -0.011169 0.001508 0.009680
v -0.010935 0.001508 0.009583
v -0.011057 0.001076 0.009620
v -0.010935 0.001076 0.009583
v -0.011057 0.001508 0.009620
v -0.010809 0.001508 0.009571
v -0.010935 0.001076 0.009583
v -0.010809 0.001076 0.009571
v -0.010935 0.001508 0.009583
v -0.010173 0.001076 0.010346
v -0.004353 0.000860 0.011504
v -0.010173 0.000860 0.010346
v -0.004353 0.001076 0.011504
v -0.011457 0.000860 0.010220
v -0.017265 0.000860 0.011504
v -0.011445 0.000860 0.010346
v -0.017391 0.000860 0.010220
v -0.011445 0.000860 0.010093
v -0.017265 0.000860 0.008935
v -0.010173 0.000860 0.010346
v -0.004226 0.000860 0.010220
v -0.010160 0.000860 0.010220
v -0.004353 0.000860 0.011504
v -0.004353 0.000860 0.008935
v -0.010173 0.000860 0.010093
v -0.010935 0.001076 0.010856
v -0.012093 0.000860 0.016676
v -0.010935 0.000860 0.010856
v -0.012093 0.001076 0.016676
v -0.010809 0.000860 0.010868
v -0.009524 0.000860 0.016676
v -0.010682 0.000860 0.010856
v -0.010809 0.000860 0.016802
v -0.010935 0.000860 0.010856
v -0.012093 0.000860 0.016676
v -0.010682 0.000860 0.009583
v -0.010809 0.000860 0.003637
v -0.010809 0.000860 0.009571
v -0.009524 0.000860 0.003764
v -0.011445 0.001076 0.010093
v -0.017265 0.000860 0.008935
v -0.011445 0.000860 0.010093
v -0.017265 0.001076 0.008935
v -0.009524 0.001076 0.003764
v -0.010809 0.000860 0.003637
v -0.009524 0.000860 0.003764
v -0.010809 0.001076 0.003637
v -0.004226 0.001076 0.010220
v -0.004353 0.000860 0.008935
v -0.004226 0.000860 0.010220
v -0.004353 0.001076 0.008935
v -0.004353 0.001076 0.011504
v -0.004226 0.000860 0.010220
v -0.004353 0.000860 0.011504
v -0.004226 0.001076 0.010220
v -0.010809 0.001076 0.016802
v -0.009524 0.000860 0.016676
v -0.010809 0.000860 0.016802
v -0.009524 0.001076 0.016676
v -0.012093 0.001076 0.016676
v -0.010809 0.000860 0.016802
v -0.012093 0.000860 0.016676
v -0.010809 0.001076 0.016802
v -0.017391 0.001076 0.010220
v -0.017265 0.000860 0.011504
v -0.017391 0.000860 0.010220
v -0.017265 0.001076 0.011504
v -0.017265 0.001076 0.008935
v -0.017391 0.000860 0.010220
v -0.017265 0.000860 0.008935
v -0.017391 0.001076 0.010220
v -0.010809 0.001076 0.003637
v -0.012093 0.000860 0.003764
v -0.010809 0.000860 0.003637
v -0.012093 0.001076 0.003764
v -0.010935 0.000860 0.009583
v -0.012093 0.001076 0.003764
v -0.010935 0.001076 0.009583
v -0.012093 0.000860 0.003764
v -0.010809 0.000860 0.009571
v -0.012093 0.000860 0.003764
v -0.010935 0.000860 0.009583
v -0.010809 0.000860 0.003637
v -0.010682 0.001076 0.009583
v -0.009524 0.000860 0.003764
v -0.010682 0.000860 0.009583
v -0.009524 0.001076 0.003764
v -0.011445 0.000860 0.010346
v -0.017265 0.001076 0.011504
v -0.011445 0.001076 0.010346
v -0.017265 0.000860 0.011504
v -0.010173 0.001076 0.010093
v -0.004226 0.001076 0.010220
v -0.010160 0.001076 0.010220
v -0.004353 0.001076 0.008935
v -0.010682 0.000860 0.010856
v -0.009524 0.001076 0.016676
v -0.010682 0.001076 0.010856
v -0.009524 0.000860 0.016676
v -0.010809 0.001076 0.009571
v -0.009524 0.001076 0.003764
v -0.010682 0.001076 0.009583
v -0.010809 0.001076 0.003637
v -0.010682 0.001076 0.010856
v -0.010809 0.001076 0.016802
v -0.010809 0.001076 0.010868
v -0.009524 0.001076 0.016676
v -0.010173 0.000860 0.010093
v -0.004353 0.001076 0.008935
v -0.010173 0.001076 0.010093
v -0.004353 0.000860 0.008935
v -0.010160 0.001076 0.010220
v -0.004353 0.001076 0.011504
v -0.010173 0.001076 0.010346
v -0.004226 0.001076 0.010220
v -0.011445 0.001076 0.010346
v -0.017391 0.001076 0.010220
v -0.011457 0.001076 0.010220
v -0.017265 0.001076 0.011504
v -0.017265 0.001076 0.008935
v -0.011445 0.001076 0.010093
v -0.010809 0.001076 0.010868
v -0.012093 0.001076 0.016676
v -0.010935 0.001076 0.010856
v -0.010809 0.001076 0.016802
v -0.010935 0.001076 0.009583
v -0.010809 0.001076 0.003637
v -0.010809 0.001076 0.009571
v -0.012093 0.001076 0.003764
v -0.000000 0.001486 -0.002179
v 0.008647 0.001182 -0.002087
v 0.008647 0.001486 -0.002179
v -0.000000 0.001182 -0.002087
v -0.000000 0.001182 -0.002087
v 0.008647 0.000902 -0.001937
v 0.008647 0.001182 -0.002087
v -0.000000 0.000902 -0.001937
v -0.000000 0.000902 -0.001937
v 0.008647 0.000656 -0.001735
v 0.008647 0.000902 -0.001937
v -0.000000 0.000656 -0.001735
v -0.000000 0.000656 -0.001735
v 0.008647 0.000454 -0.001490
v 0.008647 0.000656 -0.001735
v -0.000000 0.000454 -0.001490
v -0.000000 0.000454 -0.001490
v 0.008647 0.000305 -0.001210
v 0.008647 0.000454 -0.001490
v -0.000000 0.000305 -0.001210
v -0.000000 0.000305 -0.001210
v 0.008647 0.000212 -0.000905
v 0.008647 0.000305 -0.001210
v -0.000000 0.000212 -0.000905
v -0.000000 0.000212 -0.000905
v 0.008647 0.000181 -0.000589
v 0.008647 0.000212 -0.000905
v -0.000000 0.000181 -0.000589
v -0.000000 0.000181 -0.000589
v 0.008647 0.000212 -0.000273
v 0.008647 0.000181 -0.000589
v -0.000000 0.000212 -0.000273
v -0.000000 0.000212 -0.000273
v 0.008647 0.000305 0.000031
v 0.008647 0.000212 -0.000273
v -0.000000 0.000305 0.000031
v -0.000000 0.000305 0.000031
v 0.008647 0.000454 0.000312
v 0.008647 0.000305 0.000031
v -0.000000 0.000454 0.000312
v -0.000000 0.000454 0.000312
v 0.008647 0.000656 0.000557
v 0.008647 0.000454 0.000312
v -0.000000 0.000656 0.000557
v -0.000000 0.000656 0.000557
v 0.008647 0.000902 0.000759
v 0.008647 0.000656 0.000557
v -0.000000 0.000902 0.000759
v -0.000000 0.000902 0.000759
v 0.008647 0.001182 0.000909
v 0.008647 0.000902 0.000759
v -0.000000 0.001182 0.000909
v -0.000000 0.001182 0.000909
v 0.008647 0.001486 0.001001
v 0.008647 0.001182 0.000909
v -0.000000 0.001486 0.001001
v -0.000000 0.001486 0.001001
v 0.008647 0.001802 0.001032
v 0.008647 0.001486 0.001001
v -0.000000 0.001802 0.001032
v -0.000000 0.001802 0.001032
v 0.008647 0.002119 0.001001
v 0.008647 0.001802 0.001032
v -0.000000 0.002119 0.001001
v -0.000000 0.002119 0.001001
v 0.008647 0.002423 0.000909
v 0.008647 0.002119 0.001001
v -0.000000 0.002423 0.000909
v -0.000000 0.002423 0.000909
v 0.008647 0.002703 0.000759
v 0.008647 0.002423 0.000909
v -0.000000 0.002703 0.000759
v -0.000000 0.002703 0.000759
v 0.008647 0.002949 0.000557
v 0.008647 0.002703 0.000759
v -0.000000 0.002949 0.000557
v -0.000000 0.002949 0.000557
v 0.008647 0.003150 0.000312
v 0.008647 0.002949 0.000557
v -0.000000 0.003150 0.000312
v -0.000000 0.003150 0.000312
v 0.008647 0.003300 0.000031
v 0.008647 0.003150 0.000312
v -0.000000 0.003300 0.000031
v -0.000000 0.003300 0.000031
v 0.008647 0.003393 -0.000273
v 0.008647 0.003300 0.000031
v -0.000000 0.003393 -0.000273
v -0.000000 0.003393 -0.000273
v 0.008647 0.003424 -0.000589
v 0.008647 0.003393 -0.000273
v -0.000000 0.003424 -0.000589
v -0.000000 0.003424 -0.000589
v 0.008647 0.003393 -0.000905
v 0.008647 0.003424 -0.000589
v -0.000000 0.003393 -0.000905
v -0.000000 0.003393 -0.000905
v 0.008647 0.003300 -0.001210
v 0.008647 0.003393 -0.000905
v -0.000000 0.003300 -0.001210
v -0.000000 0.003300 -0.001210
v 0.008647 0.003150 -0.001490
v 0.008647 0.003300 -0.001210
v -0.000000 0.003150 -0.001490
v -0.000000 0.003150 -0.001490
v 0.008647 0.002949 -0.001735
v 0.008647 0.003150 -0.001490
v -0.000000 0.002949 -0.001735
v -0.000000 0.002949 -0.001735
v 0.008647 0.002703 -0.001937
v 0.008647 0.002949 -0.001735
v -0.000000 0.002703 -0.001937
v -0.000000 0.002703 -0.001937
v 0.008647 0.002423 -0.002087
v 0.008647 0.002703 -0.001937
v -0.000000 0.002423 -0.002087
v 0.008647 0.001486 -0.002179
v 0.008647 0.001182 0.000909
v 0.008647 0.001182 -0.002087
v 0.008647 0.001486 0.001001
v 0.008647 0.001802 -0.002210
v 0.008647 0.001802 0.001032
v 0.008647 0.002119 -0.002179
v 0.008647 0.002119 0.001001
v 0.008647 0.002423 -0.002087
v 0.008647 0.002423 0.000909
v 0.008647 0.002703 -0.001937
v 0.008647 0.002703 0.000759
v 0.008647 0.002949 -0.001735
v 0.008647 0.002949 0.000557
v 0.008647 0.003150 -0.001490
v 0.008647 0.003150 0.000312
v 0.008647 0.003300 -0.001210
v 0.008647 0.003300 0.000031
v 0.008647 0.003393 -0.000905
v 0.008647 0.003393 -0.000273
v 0.008647 0.003424 -0.000589
v 0.008647 0.000902 0.000759
v 0.008647 0.000902 -0.001937
v 0.008647 0.000656 0.000557
v 0.008647 0.000656 -0.001735
v 0.008647 0.000454 0.000312
v 0.008647 0.000454 -0.001490
v 0.008647 0.000305 -0.001210
v 0.008647 0.000305 0.000031
v 0.008647 0.000212 -0.000905
v 0.008647 0.000181 -0.000589
v 0.008647 0.000212 -0.000273
v -0.000000 0.002423 -0.002087
v 0.008647 0.002119 -0.002179
v 0.008647 0.002423 -0.002087
v -0.000000 0.002119 -0.002179
v -0.000000 0.002119 -0.002179
v 0.008647 0.001802 -0.002210
v 0.008647 0.002119 -0.002179
v -0.000000 0.001802 -0.002210
v -0.008647 0.001802 -0.002210
v -0.008647 0.001486 -0.002179
v -0.008647 0.001486 0.001001
v -0.008647 0.001802 0.001032
v -0.008647 0.002119 -0.002179
v -0.008647 0.002119 0.001001
v -0.008647 0.002423 -0.002087
v -0.008647 0.002423 0.000909
v -0.008647 0.002703 -0.001937
v -0.008647 0.002703 0.000759
v -0.008647 0.002949 -0.001735
v -0.008647 0.002949 0.000557
v -0.008647 0.003150 -0.001490
v -0.008647 0.003150 0.000312
v -0.008647 0.003300 -0.001210
v -0.008647 0.003300 0.000031
v -0.008647 0.003393 -0.000905
v -0.008647 0.003393 -0.000273
v -0.008647 0.003424 -0.000589
v -0.008647 0.001182 0.000909
v -0.008647 0.001182 -0.002087
v -0.008647 0.000902 0.000759
v -0.008647 0.000656 -0.001735
v -0.008647 0.000656 0.000557
v -0.008647 0.000902 -0.001937
v -0.008647 0.000454 -0.001490
v -0.008647 0.000454 0.000312
v -0.008647 0.000305 -0.001210
v -0.008647 0.000305 0.000031
v -0.008647 0.000212 -0.000905
v -0.008647 0.000212 -0.000273
v -0.008647 0.000181 -0.000589
v -0.008647 0.002119 -0.002179
v -0.000000 0.001802 -0.002210
v -0.000000 0.002119 -0.002179
v -0.008647 0.001802 -0.002210
v -0.008647 0.002423 -0.002087
v -0.000000 0.002119 -0.002179
v -0.000000 0.002423 -0.002087
v -0.008647 0.002119 -0.002179
v -0.008647 0.002703 -0.001937
v -0.000000 0.002423 -0.002087
v -0.000000 0.002703 -0.001937
v -0.008647 0.002423 -0.002087
v -0.008647 0.002949 -0.001735
v -0.000000 0.002703 -0.001937
v -0.000000 0.002949 -0.001735
v -0.008647 0.002703 -0.001937
v -0.008647 0.003150 -0.001490
v -0.000000 0.002949 -0.001735
v -0.000000 0.003150 -0.001490
v -0.008647 0.002949 -0.001735
v -0.008647 0.003300 -0.001210
v -0.000000 0.003150 -0.001490
v -0.000000 0.003300 -0.001210
v -0.008647 0.003150 -0.001490
v -0.008647 0.003393 -0.000905
v -0.000000 0.003300 -0.001210
v -0.000000 0.003393 -0.000905
v -0.008647 0.003300 -0.001210
v -0.008647 0.003424 -0.000589
v -0.000000 0.003393 -0.000905
v -0.000000 0.003424 -0.000589
v -0.008647 0.003393 -0.000905
v -0.008647 0.003393 -0.000273
v -0.000000 0.003424 -0.000589
v -0.000000 0.003393 -0.000273
v -0.008647 0.003424 -0.000589
v -0.008647 0.003300 0.000031
v -0.000000 0.003393 -0.000273
v -0.000000 0.003300 0.000031
v -0.008647 0.003393 -0.000273
v -0.008647 0.003150 0.000312
v -0.000000 0.003300 0.000031
v -0.000000 0.003150 0.000312
v -0.008647 0.003300 0.000031
v -0.008647 0.002949 0.000557
v -0.000000 0.003150 0.000312
v -0.000000 0.002949 0.000557
v -0.008647 0.003150 0.000312
v -0.008647 0.002703 0.000759
v -0.000000 0.002949 0.000557
v -0.000000 0.002703 0.000759
v -0.008647 0.002949 0.000557
v -0.008647 0.002423 0.000909
v -0.000000 0.002703 0.000759
v -0.000000 0.002423 0.000909
v -0.008647 0.002703 0.000759
v -0.008647 0.002119 0.001001
v -0.000000 0.002423 0.000909
v -0.000000 0.002119 0.001001
v -0.008647 0.002423 0.000909
v -0.008647 0.001802 0.001032
v -0.000000 0.002119 0.001001
v -0.000000 0.001802 0.001032
v -0.008647 0.002119 0.001001
v -0.008647 0.001486 0.001001
v -0.000000 0.001802 0.001032
v -0.000000 0.001486 0.001001
v -0.008647 0.001802 0.001032
v -0.008647 0.001182 0.000909
v -0.000000 0.001486 0.001001
v -0.000000 0.001182 0.000909
v -0.008647 0.001486 0.001001
v -0.008647 0.000902 0.000759
v -0.000000 0.001182 0.000909
v -0.000000 0.000902 0.000759
v -0.008647 0.001182 0.000909
v -0.008647 0.000656 0.000557
v -0.000000 0.000902 0.000759
v -0.000000 0.000656 0.000557
v -0.008647 0.000902 0.000759
v -0.008647 0.000454 0.000312
v -0.000000 0.000656 0.000557
v -0.000000 0.000454 0.000312
v -0.008647 0.000656 0.000557
v -0.008647 0.000305 0.000031
v -0.000000 0.000454 0.000312
v -0.000000 0.000305 0.000031
v -0.008647 0.000454 0.000312
v -0.008647 0.000212 -0.000273
v -0.000000 0.000305 0.000031
v -0.000000 0.000212 -0.000273
v -0.008647 0.000305 0.000031
v -0.008647 0.000181 -0.000589
v -0.000000 0.000212 -0.000273
v -0.000000 0.000181 -0.000589
v -0.008647 0.000212 -0.000273
v -0.008647 0.000212 -0.000905
v -0.000000 0.000181 -0.000589
v -0.000000 0.000212 -0.000905
v -0.008647 0.000181 -0.000589
v -0.008647 0.000305 -0.001210
v -0.000000 0.000212 -0.000905
v -0.000000 0.000305 -0.001210
v -0.008647 0.000212 -0.000905
v -0.008647 0.000454 -0.001490
v -0.000000 0.000305 -0.001210
v -0.000000 0.000454 -0.001490
v -0.008647 0.000305 -0.001210
v -0.008647 0.000656 -0.001735
v -0.000000 0.000454 -0.001490
v -0.000000 0.000656 -0.001735
v -0.008647 0.000454 -0.001490
v -0.008647 0.000902 -0.001937
v -0.000000 0.000656 -0.001735
v -0.000000 0.000902 -0.001937
v -0.008647 0.000656 -0.001735
v -0.008647 0.001182 -0.002087
v -0.000000 0.000902 -0.001937
v -0.000000 0.001182 -0.002087
v -0.008647 0.000902 -0.001937
v -0.008647 0.001486 -0.002179
v -0.000000 0.001182 -0.002087
v -0.000000 0.001486 -0.002179
v -0.008647 0.001182 -0.002087
v -0.008647 0.001802 -0.002210
v -0.000000 0.001486 -0.002179
v -0.000000 0.001802 -0.002210
v -0.008647 0.001486 -0.002179
v 0.006204 0.001802 -0.015568
v 0.009007 0.006666 -0.014070
v 0.006204 0.006666 -0.015568
v 0.009007 0.001802 -0.014070
v 0.003163 0.001802 -0.016490
v 0.003163 0.006666 -0.016490
v 0.006204 0.001802 -0.015568
v 0.003163 0.008288 -0.016490
v 0.006204 0.008288 -0.015568
v 0.009007 0.008288 -0.014070
v 0.011464 0.006666 -0.012053
v 0.011464 0.008288 -0.012053
v 0.013481 0.006666 -0.009596
v 0.013481 0.008288 -0.009596
v 0.014979 0.006666 -0.006793
v 0.014979 0.008288 -0.006793
v 0.013481 0.001802 -0.009596
v 0.014979 0.001802 -0.006793
v 0.011464 0.001802 -0.012053
v 0.013481 0.001802 -0.009596
v 0.009007 0.001802 -0.014070
v -0.000000 0.008288 -0.016802
v -0.000000 0.006666 -0.016802
v -0.000000 0.001802 -0.016802
v 0.003163 0.001802 -0.016490
v 0.003163 0.008288 -0.016490
v -0.000000 0.008828 -0.016259
v -0.000000 0.008288 -0.016802
v 0.003057 0.008828 -0.015958
v 0.006204 0.008288 -0.015568
v 0.003057 0.008828 -0.015958
v 0.005997 0.008828 -0.015066
v 0.009007 0.008288 -0.014070
v 0.008706 0.008828 -0.013618
v 0.011464 0.008288 -0.012053
v 0.011080 0.008828 -0.011669
v 0.013481 0.008288 -0.009596
v 0.013029 0.008828 -0.009295
v 0.014979 0.008288 -0.006793
v 0.014366 0.008828 -0.006793
v -0.013481 0.008288 -0.009597
v -0.014366 0.008828 -0.006794
v -0.014979 0.008288 -0.006794
v -0.013029 0.008828 -0.009295
v -0.011464 0.008288 -0.012053
v -0.011080 0.008828 -0.011669
v -0.009007 0.008288 -0.014070
v -0.008706 0.008828 -0.013618
v -0.006204 0.008288 -0.015568
v -0.005997 0.008828 -0.015066
v -0.003163 0.008288 -0.016490
v -0.003057 0.008828 -0.015958
v -0.000000 0.008288 -0.016802
v -0.000000 0.008828 -0.016259
v -0.000000 0.001802 -0.016802
v 0.003057 0.001262 -0.015958
v 0.003163 0.001802 -0.016490
v -0.000000 0.001262 -0.016259
v 0.003163 0.001802 -0.016490
v 0.005997 0.001262 -0.015066
v 0.006204 0.001802 -0.015568
v 0.003057 0.001262 -0.015958
v 0.006204 0.001802 -0.015568
v 0.008706 0.001262 -0.013618
v 0.009007 0.001802 -0.014070
v 0.005997 0.001262 -0.015066
v 0.009007 0.001802 -0.014070
v 0.011080 0.001262 -0.011669
v 0.011464 0.001802 -0.012053
v 0.008706 0.001262 -0.013618
v 0.013029 0.001262 -0.009295
v 0.013481 0.001802 -0.009596
v 0.011080 0.001262 -0.011669
v 0.013481 0.001802 -0.009596
v 0.014366 0.001262 -0.006793
v 0.014979 0.001802 -0.006793
v 0.013029 0.001262 -0.009295
v -0.014979 0.001802 -0.006794
v -0.013029 0.001262 -0.009295
v -0.013481 0.001802 -0.009597
v -0.014366 0.001262 -0.006794
v -0.013481 0.001802 -0.009597
v -0.011080 0.001262 -0.011669
v -0.011464 0.001802 -0.012053
v -0.013029 0.001262 -0.009295
v -0.011464 0.001802 -0.012053
v -0.008706 0.001262 -0.013618
v -0.009007 0.001802 -0.014070
v -0.011080 0.001262 -0.011669
v -0.009007 0.001802 -0.014070
v -0.005997 0.001262 -0.015066
v -0.006204 0.001802 -0.015568
v -0.008706 0.001262 -0.013618
v -0.003057 0.001262 -0.015958
v -0.003163 0.001802 -0.016490
v -0.005997 0.001262 -0.015066
v -0.000000 0.001262 -0.016259
v -0.000000 0.001802 -0.016802
v -0.003057 0.001262 -0.015958
v -0.000000 0.001262 -0.016259
v 0.003057 0.001262 -0.015958
v -0.003057 0.001262 -0.015958
v -0.005997 0.001262 -0.015066
v 0.005997 0.001262 -0.015066
v -0.008706 0.001262 -0.013618
v 0.008706 0.001262 -0.013618
v -0.011080 0.001262 -0.011669
v 0.011080 0.001262 -0.011669
v -0.013029 0.001262 -0.009295
v 0.013029 0.001262 -0.009295
v -0.014366 0.001262 -0.006794
v 0.014366 0.001262 -0.006793
v -0.014366 0.008828 -0.006794
v 0.013029 0.008828 -0.009295
v -0.013029 0.008828 -0.009295
v 0.014366 0.008828 -0.006793
v 0.011080 0.008828 -0.011669
v -0.011080 0.008828 -0.011669
v 0.008706 0.008828 -0.013618
v -0.008706 0.008828 -0.013618
v 0.005997 0.008828 -0.015066
v -0.005997 0.008828 -0.015066
v 0.003057 0.008828 -0.015958
v -0.003057 0.008828 -0.015958
v -0.000000 0.008828 -0.016259
v -0.014366 0.001262 -0.006794
v 0.014979 0.001802 -0.006793
v 0.014366 0.001262 -0.006793
v -0.014979 0.001802 -0.006794
v -0.014979 0.006666 -0.006794
v 0.014979 0.006666 -0.006793
v -0.014979 0.008288 -0.006794
v 0.014979 0.008288 -0.006793
v -0.014366 0.008828 -0.006794
v 0.014366 0.008828 -0.006793
v 0.000633 0.008277 0.007580
v -0.000633 0.008277 0.007580
v -0.000000 0.008277 0.007517
v -0.001241 0.008277 0.007764
v 0.001241 0.008277 0.007764
v -0.001801 0.008277 0.008064
v 0.001801 0.008277 0.008064
v -0.002293 0.008277 0.008467
v 0.002293 0.008277 0.008467
v -0.002696 0.008277 0.008958
v 0.002696 0.008277 0.008958
v -0.002996 0.008277 0.009519
v 0.002996 0.008277 0.009519
v -0.003180 0.008277 0.010127
v 0.003180 0.008277 0.010127
v -0.003243 0.008277 0.010760
v 0.003243 0.008277 0.010760
v -0.003180 0.008277 0.011393
v 0.003180 0.008277 0.011393
v -0.002996 0.008277 0.012001
v 0.002996 0.008277 0.012001
v -0.002696 0.008277 0.012561
v 0.002696 0.008277 0.012561
v -0.002293 0.008277 0.013053
v 0.002293 0.008277 0.013053
v -0.001801 0.008277 0.013456
v 0.001801 0.008277 0.013456
v 0.001241 0.008277 0.013756
v -0.001323 0.008277 0.013712
v -0.001241 0.008277 0.013756
v -0.000633 0.008277 0.013940
v 0.000633 0.008277 0.013940
v -0.000000 0.008277 0.014003
v -0.000000 0.006116 0.007517
v 0.000633 0.006116 0.007580
v -0.000633 0.006116 0.007580
v -0.001241 0.006116 0.007764
v 0.001241 0.006116 0.007764
v -0.001801 0.006116 0.008064
v 0.001801 0.006116 0.008064
v -0.002293 0.006116 0.008467
v 0.002293 0.006116 0.008467
v -0.002696 0.006116 0.008958
v 0.002696 0.006116 0.008958
v -0.002996 0.006116 0.009519
v 0.002996 0.006116 0.009519
v -0.003180 0.006116 0.010127
v 0.003180 0.006116 0.010127
v -0.003243 0.006116 0.010760
v 0.003243 0.006116 0.010760
v -0.003180 0.006116 0.011393
v 0.003180 0.006116 0.011393
v -0.002996 0.006116 0.012001
v 0.002996 0.006116 0.012001
v -0.002696 0.006116 0.012561
v 0.002696 0.006116 0.012561
v 0.002293 0.006116 0.013053
v -0.002293 0.006116 0.013053
v 0.001801 0.006116 0.013456
v -0.001801 0.006116 0.013456
v 0.001241 0.006116 0.013756
v -0.001323 0.006116 0.013712
v -0.001241 0.006116 0.013756
v 0.000633 0.006116 0.013940
v -0.000633 0.006116 0.013940
v -0.000000 0.006116 0.014003
v 0.001297 0.007413 0.013192
v 0.001303 0.007476 0.013732
v 0.001297 0.007413 0.013732
v 0.001303 0.007476 0.013192
v 0.001322 0.007537 0.013732
v 0.001322 0.007537 0.013192
v 0.001352 0.007593 0.013732
v 0.001352 0.007593 0.013192
v 0.001392 0.007642 0.013732
v 0.001392 0.007642 0.013192
v 0.001441 0.007682 0.013732
v 0.001441 0.007682 0.013192
v 0.001497 0.007712 0.013732
v 0.001497 0.007712 0.013192
v 0.001558 0.007731 0.013732
v 0.001558 0.007731 0.013192
v 0.001621 0.007737 0.013732
v 0.001621 0.007737 0.013192
v 0.001685 0.007731 0.013732
v 0.001685 0.007731 0.013192
v 0.001745 0.007712 0.013732
v 0.001745 0.007712 0.013192
v 0.001801 0.007682 0.013732
v 0.001801 0.007682 0.013192
v 0.001851 0.007642 0.013732
v 0.001851 0.007642 0.013192
v 0.001891 0.007593 0.013732
v 0.001891 0.007593 0.013192
v 0.001921 0.007537 0.013732
v 0.001921 0.007537 0.013192
v 0.001939 0.007476 0.013732
v 0.001939 0.007476 0.013192
v 0.001946 0.007413 0.013732
v 0.001946 0.007413 0.013192
v 0.001939 0.007349 0.013732
v 0.001939 0.007349 0.013192
v 0.001921 0.007289 0.013732
v 0.001921 0.007289 0.013192
v 0.001891 0.007232 0.013732
v 0.001891 0.007232 0.013192
v 0.001851 0.007183 0.013732
v 0.001851 0.007183 0.013192
v 0.001801 0.007143 0.013732
v 0.001801 0.007143 0.013192
v 0.001745 0.007113 0.013732
v 0.001745 0.007113 0.013192
v 0.001685 0.007095 0.013732
v 0.001685 0.007095 0.013192
v 0.001621 0.007088 0.013732
v 0.001621 0.007088 0.013192
v 0.001558 0.007095 0.013732
v 0.001558 0.007095 0.013192
v 0.001497 0.007113 0.013732
v 0.001497 0.007113 0.013192
v 0.001441 0.007143 0.013732
v 0.001441 0.007143 0.013192
v 0.001392 0.007183 0.013732
v 0.001392 0.007183 0.013192
v 0.001352 0.007232 0.013732
v 0.001352 0.007232 0.013192
v 0.001322 0.007289 0.013732
v 0.001322 0.007289 0.013192
v 0.001303 0.007349 0.013732
v 0.001303 0.007349 0.013192
v 0.001297 0.007413 0.013732
v 0.001297 0.007413 0.013192
v 0.001558 0.007731 0.013732
v 0.001573 0.007529 0.013732
v 0.001497 0.007712 0.013732
v 0.001597 0.007536 0.013732
v 0.001621 0.007737 0.013732
v 0.001621 0.007539 0.013732
v 0.001685 0.007731 0.013732
v 0.001646 0.007536 0.013732
v 0.001745 0.007712 0.013732
v 0.001670 0.007529 0.013732
v 0.001801 0.007682 0.013732
v 0.001851 0.007642 0.013732
v 0.001691 0.007517 0.013732
v 0.001710 0.007502 0.013732
v 0.001891 0.007593 0.013732
v 0.001726 0.007483 0.013732
v 0.001921 0.007537 0.013732
v 0.001738 0.007461 0.013732
v 0.001939 0.007476 0.013732
v 0.001745 0.007437 0.013732
v 0.001946 0.007413 0.013732
v 0.001747 0.007413 0.013732
v 0.001939 0.007349 0.013732
v 0.001745 0.007388 0.013732
v 0.001921 0.007289 0.013732
v 0.001738 0.007364 0.013732
v 0.001891 0.007232 0.013732
v 0.001726 0.007343 0.013732
v 0.001851 0.007183 0.013732
v 0.001710 0.007323 0.013732
v 0.001801 0.007143 0.013732
v 0.001691 0.007308 0.013732
v 0.001745 0.007113 0.013732
v 0.001670 0.007296 0.013732
v 0.001685 0.007095 0.013732
v 0.001646 0.007289 0.013732
v 0.001621 0.007088 0.013732
v 0.001621 0.007287 0.013732
v 0.001558 0.007095 0.013732
v 0.001597 0.007289 0.013732
v 0.001497 0.007113 0.013732
v 0.001573 0.007296 0.013732
v 0.001441 0.007143 0.013732
v 0.001551 0.007308 0.013732
v 0.001392 0.007183 0.013732
v 0.001532 0.007323 0.013732
v 0.001352 0.007232 0.013732
v 0.001516 0.007343 0.013732
v 0.001322 0.007289 0.013732
v 0.001505 0.007364 0.013732
v 0.001303 0.007349 0.013732
v 0.001498 0.007388 0.013732
v 0.001297 0.007413 0.013732
v 0.001495 0.007413 0.013732
v 0.001551 0.007517 0.013732
v 0.001441 0.007682 0.013732
v 0.001532 0.007502 0.013732
v 0.001392 0.007642 0.013732
v 0.001516 0.007483 0.013732
v 0.001352 0.007593 0.013732
v 0.001505 0.007461 0.013732
v 0.001322 0.007537 0.013732
v 0.001498 0.007437 0.013732
v 0.001303 0.007476 0.013732
v 0.001495 0.007413 0.013732
v 0.001297 0.007413 0.013732
v 0.001297 0.007413 0.013192
v 0.001303 0.007476 0.013192
v 0.001303 0.007349 0.013192
v 0.001322 0.007537 0.013192
v 0.001322 0.007289 0.013192
v 0.001352 0.007593 0.013192
v 0.001352 0.007232 0.013192
v 0.001392 0.007183 0.013192
v 0.001392 0.007642 0.013192
v 0.001441 0.007143 0.013192
v 0.001441 0.007682 0.013192
v 0.001497 0.007113 0.013192
v 0.001497 0.007712 0.013192
v 0.001558 0.007095 0.013192
v 0.001558 0.007731 0.013192
v 0.001621 0.007088 0.013192
v 0.001621 0.007737 0.013192
v 0.001685 0.007095 0.013192
v 0.001685 0.007731 0.013192
v 0.001745 0.007113 0.013192
v 0.001745 0.007712 0.013192
v 0.001801 0.007143 0.013192
v 0.001801 0.007682 0.013192
v 0.001851 0.007183 0.013192
v 0.001851 0.007642 0.013192
v 0.001891 0.007593 0.013192
v 0.001891 0.007232 0.013192
v 0.001921 0.007537 0.013192
v 0.001921 0.007289 0.013192
v 0.001939 0.007349 0.013192
v 0.001939 0.007476 0.013192
v 0.001946 0.007413 0.013192
v -0.001946 0.007413 0.013192
v -0.001939 0.007476 0.013732
v -0.001946 0.007413 0.013732
v -0.001939 0.007476 0.013192
v -0.001921 0.007537 0.013732
v -0.001921 0.007537 0.013192
v -0.001891 0.007593 0.013732
v -0.001891 0.007593 0.013192
v -0.001851 0.007642 0.013732
v -0.001851 0.007642 0.013192
v -0.001801 0.007682 0.013732
v -0.001801 0.007682 0.013192
v -0.001745 0.007712 0.013732
v -0.001745 0.007712 0.013192
v -0.001685 0.007731 0.013732
v -0.001685 0.007731 0.013192
v -0.001621 0.007737 0.013732
v -0.001621 0.007737 0.013192
v -0.001558 0.007731 0.013732
v -0.001558 0.007731 0.013192
v -0.001497 0.007712 0.013732
v -0.001497 0.007712 0.013192
v -0.001441 0.007682 0.013732
v -0.001441 0.007682 0.013192
v -0.001392 0.007642 0.013732
v -0.001392 0.007642 0.013192
v -0.001352 0.007593 0.013732
v -0.001352 0.007593 0.013192
v -0.001322 0.007537 0.013732
v -0.001322 0.007537 0.013192
v -0.001303 0.007476 0.013732
v -0.001303 0.007476 0.013192
v -0.001297 0.007413 0.013732
v -0.001297 0.007413 0.013192
v -0.001303 0.007349 0.013732
v -0.001303 0.007349 0.013192
v -0.001322 0.007289 0.013732
v -0.001322 0.007289 0.013192
v -0.001352 0.007232 0.013732
v -0.001352 0.007232 0.013192
v -0.001392 0.007183 0.013732
v -0.001392 0.007183 0.013192
v -0.001441 0.007143 0.013732
v -0.001441 0.007143 0.013192
v -0.001497 0.007113 0.013732
v -0.001497 0.007113 0.013192
v -0.001558 0.007095 0.013732
v -0.001558 0.007095 0.013192
v -0.001621 0.007088 0.013732
v -0.001621 0.007088 0.013192
v -0.001685 0.007095 0.013732
v -0.001685 0.007095 0.013192
v -0.001745 0.007113 0.013732
v -0.001745 0.007113 0.013192
v -0.001801 0.007143 0.013732
v -0.001801 0.007143 0.013192
v -0.001851 0.007183 0.013732
v -0.001851 0.007183 0.013192
v -0.001891 0.007232 0.013732
v -0.001891 0.007232 0.013192
v -0.001921 0.007289 0.013732
v -0.001921 0.007289 0.013192
v -0.001939 0.007349 0.013732
v -0.001939 0.007349 0.013192
v -0.001946 0.007413 0.013732
v -0.001946 0.007413 0.013192
v -0.001921 0.007537 0.013732
v -0.001880 0.007464 0.013732
v -0.001939 0.007476 0.013732
v -0.001865 0.007513 0.013732
v -0.001891 0.007593 0.013732
v -0.001840 0.007559 0.013732
v -0.001851 0.007642 0.013732
v -0.001807 0.007599 0.013732
v -0.001801 0.007682 0.013732
v -0.001768 0.007631 0.013732
v -0.001745 0.007712 0.013732
v -0.001685 0.007731 0.013732
v -0.001722 0.007656 0.013732
v -0.001673 0.007671 0.013732
v -0.001621 0.007737 0.013732
v -0.001621 0.007676 0.013732
v -0.001558 0.007731 0.013732
v -0.001570 0.007671 0.013732
v -0.001497 0.007712 0.013732
v -0.001521 0.007656 0.013732
v -0.001441 0.007682 0.013732
v -0.001475 0.007631 0.013732
v -0.001392 0.007642 0.013732
v -0.001435 0.007599 0.013732
v -0.001352 0.007593 0.013732
v -0.001402 0.007559 0.013732
v -0.001322 0.007537 0.013732
v -0.001378 0.007513 0.013732
v -0.001303 0.007476 0.013732
v -0.001363 0.007464 0.013732
v -0.001297 0.007413 0.013732
v -0.001358 0.007413 0.013732
v -0.001303 0.007349 0.013732
v -0.001363 0.007361 0.013732
v -0.001322 0.007289 0.013732
v -0.001378 0.007312 0.013732
v -0.001352 0.007232 0.013732
v -0.001402 0.007266 0.013732
v -0.001392 0.007183 0.013732
v -0.001435 0.007226 0.013732
v -0.001441 0.007143 0.013732
v -0.001475 0.007194 0.013732
v -0.001497 0.007113 0.013732
v -0.001521 0.007169 0.013732
v -0.001558 0.007095 0.013732
v -0.001570 0.007154 0.013732
v -0.001621 0.007088 0.013732
v -0.001621 0.007149 0.013732
v -0.001685 0.007095 0.013732
v -0.001673 0.007154 0.013732
v -0.001745 0.007113 0.013732
v -0.001722 0.007169 0.013732
v -0.001801 0.007143 0.013732
v -0.001768 0.007194 0.013732
v -0.001851 0.007183 0.013732
v -0.001807 0.007226 0.013732
v -0.001891 0.007232 0.013732
v -0.001840 0.007266 0.013732
v -0.001921 0.007289 0.013732
v -0.001865 0.007312 0.013732
v -0.001939 0.007349 0.013732
v -0.001880 0.007361 0.013732
v -0.001946 0.007413 0.013732
v -0.001885 0.007413 0.013732
v -0.001885 0.007413 0.013732
v -0.001946 0.007413 0.013732
v -0.001946 0.007413 0.013192
v -0.001939 0.007476 0.013192
v -0.001939 0.007349 0.013192
v -0.001921 0.007537 0.013192
v -0.001921 0.007289 0.013192
v -0.001891 0.007593 0.013192
v -0.001891 0.007232 0.013192
v -0.001851 0.007183 0.013192
v -0.001851 0.007642 0.013192
v -0.001801 0.007143 0.013192
v -0.001801 0.007682 0.013192
v -0.001745 0.007113 0.013192
v -0.001745 0.007712 0.013192
v -0.001685 0.007095 0.013192
v -0.001685 0.007731 0.013192
v -0.001621 0.007088 0.013192
v -0.001621 0.007737 0.013192
v -0.001558 0.007095 0.013192
v -0.001558 0.007731 0.013192
v -0.001497 0.007113 0.013192
v -0.001497 0.007712 0.013192
v -0.001441 0.007143 0.013192
v -0.001441 0.007682 0.013192
v -0.001392 0.007183 0.013192
v -0.001392 0.007642 0.013192
v -0.001352 0.007593 0.013192
v -0.001352 0.007232 0.013192
v -0.001322 0.007537 0.013192
v -0.001322 0.007289 0.013192
v -0.001303 0.007349 0.013192
v -0.001303 0.007476 0.013192
v -0.001297 0.007413 0.013192
v -0.001358 0.007413 0.013732
v -0.001363 0.007464 0.013570
v -0.001363 0.007464 0.013732
v -0.001358 0.007413 0.013570
v -0.001363 0.007361 0.013732
v -0.001378 0.007312 0.013732
v -0.001363 0.007361 0.013570
v -0.001378 0.007312 0.013570
v -0.001402 0.007266 0.013732
v -0.001402 0.007266 0.013570
v -0.001435 0.007226 0.013732
v -0.001435 0.007226 0.013570
v -0.001475 0.007194 0.013732
v -0.001475 0.007194 0.013570
v -0.001521 0.007169 0.013732
v -0.001521 0.007169 0.013570
v -0.001570 0.007154 0.013732
v -0.001570 0.007154 0.013570
v -0.001621 0.007149 0.013732
v -0.001621 0.007149 0.013570
v -0.001673 0.007154 0.013732
v -0.001673 0.007154 0.013570
v -0.001722 0.007169 0.013732
v -0.001722 0.007169 0.013570
v -0.001768 0.007194 0.013732
v -0.001768 0.007194 0.013570
v -0.001807 0.007226 0.013732
v -0.001807 0.007226 0.013570
v -0.001840 0.007266 0.013732
v -0.001840 0.007266 0.013570
v -0.001865 0.007312 0.013732
v -0.001865 0.007312 0.013570
v -0.001880 0.007361 0.013732
v -0.001880 0.007361 0.013570
v -0.001885 0.007413 0.013732
v -0.001885 0.007413 0.013570
v -0.001378 0.007513 0.013570
v -0.001378 0.007513 0.013732
v -0.001402 0.007559 0.013570
v -0.001402 0.007559 0.013732
v -0.001435 0.007599 0.013570
v -0.001435 0.007599 0.013732
v -0.001475 0.007631 0.013570
v -0.001475 0.007631 0.013732
v -0.001521 0.007656 0.013570
v -0.001521 0.007656 0.013732
v -0.001570 0.007671 0.013570
v -0.001570 0.007671 0.013732
v -0.001621 0.007676 0.013570
v -0.001621 0.007676 0.013732
v -0.001673 0.007671 0.013570
v -0.001673 0.007671 0.013732
v -0.001722 0.007656 0.013570
v -0.001722 0.007656 0.013732
v -0.001768 0.007631 0.013570
v -0.001768 0.007631 0.013732
v -0.001807 0.007599 0.013570
v -0.001807 0.007599 0.013732
v -0.001840 0.007559 0.013570
v -0.001840 0.007559 0.013732
v -0.001865 0.007513 0.013570
v -0.001865 0.007513 0.013732
v -0.001880 0.007464 0.013570
v -0.001880 0.007464 0.013732
v -0.001885 0.007413 0.013570
v -0.001885 0.007413 0.013732
v -0.000269 0.000454 0.012123
v -0.000000 0.000305 0.012403
v -0.000000 0.000454 0.012123
v -0.000269 0.000305 0.012403
v -0.000269 0.000305 0.012403
v -0.000000 0.000212 0.012707
v -0.000000 0.000305 0.012403
v -0.000269 0.000212 0.012707
v -0.000269 0.000212 0.012707
v -0.000000 0.000181 0.013024
v -0.000000 0.000212 0.012707
v -0.000269 0.000181 0.013024
v -0.000269 0.000454 0.013924
v -0.000000 0.000656 0.014170
v -0.000000 0.000454 0.013924
v -0.000269 0.000656 0.014170
v -0.000269 0.000656 0.014170
v -0.000000 0.000902 0.014372
v -0.000000 0.000656 0.014170
v -0.000269 0.000902 0.014372
v -0.000269 0.000902 0.014372
v -0.000000 0.001182 0.014522
v -0.000000 0.000902 0.014372
v -0.000269 0.001182 0.014522
v -0.000269 0.002423 0.014522
v -0.000000 0.002703 0.014372
v -0.000000 0.002423 0.014522
v -0.000269 0.002703 0.014372
v -0.000269 0.002703 0.014372
v -0.000000 0.002949 0.014170
v -0.000000 0.002703 0.014372
v -0.000269 0.002949 0.014170
v -0.000269 0.002949 0.014170
v -0.000000 0.003150 0.013924
v -0.000000 0.002949 0.014170
v -0.000269 0.003150 0.013924
v -0.000269 0.003150 0.013924
v -0.000000 0.003300 0.013644
v -0.000000 0.003150 0.013924
v -0.000269 0.003300 0.013644
v -0.000269 0.003300 0.013644
v -0.000000 0.003393 0.013340
v -0.000000 0.003300 0.013644
v -0.000269 0.003393 0.013340
v -0.000269 0.003393 0.013340
v -0.000000 0.003424 0.013024
v -0.000000 0.003393 0.013340
v -0.000269 0.003424 0.013024
v -0.000269 0.003424 0.013024
v -0.000000 0.003393 0.012707
v -0.000000 0.003424 0.013024
v -0.000269 0.003393 0.012707
v -0.000269 0.003393 0.012707
v -0.000000 0.003300 0.012403
v -0.000000 0.003393 0.012707
v -0.000269 0.003300 0.012403
v -0.000269 0.003300 0.012403
v -0.000000 0.003150 0.012123
v -0.000000 0.003300 0.012403
v -0.000269 0.003150 0.012123
v -0.000269 0.003150 0.012123
v 0.000269 0.002949 0.011877
v 0.000269 0.003150 0.012123
v -0.000269 0.002949 0.011877
v -0.000269 0.002949 0.011877
v -0.000000 0.002703 0.011676
v -0.000000 0.002949 0.011877
v -0.000269 0.002703 0.011676
v -0.000269 0.002703 0.011676
v -0.000000 0.002423 0.011526
v -0.000000 0.002703 0.011676
v -0.000269 0.002423 0.011526
v -0.000269 0.002423 0.011526
v -0.000000 0.002119 0.011434
v -0.000000 0.002423 0.011526
v -0.000269 0.002119 0.011434
v -0.000269 0.001486 0.011434
v -0.000000 0.001182 0.011526
v -0.000000 0.001486 0.011434
v -0.000269 0.001182 0.011526
v -0.000269 0.002119 0.011434
v -0.000000 0.001802 0.011402
v -0.000000 0.002119 0.011434
v -0.000269 0.001802 0.011402
v 0.000865 0.001603 0.012021
v 0.000865 0.001603 0.014026
v 0.000865 0.001411 0.012079
v 0.000865 0.001802 0.012001
v 0.000865 0.001802 0.014046
v 0.000865 0.002002 0.012021
v 0.000865 0.002002 0.014026
v 0.000865 0.002194 0.012079
v 0.000865 0.002194 0.013968
v 0.000865 0.002370 0.012174
v 0.000865 0.002370 0.013874
v 0.000865 0.002525 0.012301
v 0.000865 0.002525 0.013747
v 0.000865 0.002652 0.012456
v 0.000865 0.002652 0.013592
v 0.000865 0.002747 0.012632
v 0.000865 0.002747 0.013415
v 0.000865 0.002805 0.012824
v 0.000865 0.002805 0.013223
v 0.000865 0.002825 0.013024
v 0.000865 0.001234 0.013874
v 0.000865 0.001234 0.012174
v 0.000865 0.001411 0.013968
v 0.000865 0.001079 0.013747
v 0.000865 0.001079 0.012301
v 0.000865 0.000952 0.013592
v 0.000865 0.000952 0.012456
v 0.000865 0.000858 0.012632
v 0.000865 0.000800 0.013223
v 0.000865 0.000800 0.012824
v 0.000865 0.000858 0.013415
v 0.000865 0.000780 0.013024
v -0.000000 0.002423 0.011526
v 0.000269 0.002119 0.011434
v 0.000269 0.002423 0.011526
v -0.000000 0.002119 0.011434
v -0.000000 0.002703 0.011676
v 0.000269 0.002423 0.011526
v 0.000269 0.002703 0.011676
v -0.000000 0.002423 0.011526
v -0.000000 0.002949 0.011877
v 0.000269 0.002703 0.011676
v 0.000269 0.002949 0.011877
v -0.000000 0.002703 0.011676
v -0.000000 0.003300 0.012403
v 0.000269 0.003150 0.012123
v 0.000269 0.003300 0.012403
v -0.000000 0.003150 0.012123
v -0.000000 0.003393 0.012707
v 0.000269 0.003300 0.012403
v 0.000269 0.003393 0.012707
v -0.000000 0.003300 0.012403
v -0.000000 0.003424 0.013024
v 0.000269 0.003393 0.012707
v 0.000269 0.003424 0.013024
v -0.000000 0.003393 0.012707
v -0.000000 0.003393 0.013340
v 0.000269 0.003424 0.013024
v 0.000269 0.003393 0.013340
v -0.000000 0.003424 0.013024
v -0.000000 0.003300 0.013644
v 0.000269 0.003393 0.013340
v 0.000269 0.003300 0.013644
v -0.000000 0.003393 0.013340
v -0.000000 0.003150 0.013924
v 0.000269 0.003300 0.013644
v 0.000269 0.003150 0.013924
v -0.000000 0.003300 0.013644
v -0.000000 0.002949 0.014170
v 0.000269 0.003150 0.013924
v 0.000269 0.002949 0.014170
v -0.000000 0.003150 0.013924
v -0.000000 0.002703 0.014372
v 0.000269 0.002949 0.014170
v 0.000269 0.002703 0.014372
v -0.000000 0.002949 0.014170
v -0.000000 0.002423 0.014522
v 0.000269 0.002703 0.014372
v 0.000269 0.002423 0.014522
v -0.000000 0.002703 0.014372
v -0.000000 0.002119 0.014614
v 0.000269 0.002423 0.014522
v 0.000269 0.002119 0.014614
v -0.000000 0.002423 0.014522
v -0.000000 0.001802 0.014645
v 0.000269 0.002119 0.014614
v 0.000269 0.001802 0.014645
v -0.000000 0.002119 0.014614
v -0.000000 0.001182 0.014522
v 0.000269 0.001486 0.014614
v 0.000269 0.001182 0.014522
v -0.000000 0.001486 0.014614
v -0.000000 0.000305 0.013644
v 0.000269 0.000454 0.013924
v 0.000269 0.000305 0.013644
v -0.000000 0.000454 0.013924
v -0.000000 0.000212 0.013340
v 0.000269 0.000305 0.013644
v 0.000269 0.000212 0.013340
v -0.000000 0.000305 0.013644
v -0.000000 0.000181 0.013024
v 0.000269 0.000212 0.013340
v 0.000269 0.000181 0.013024
v -0.000000 0.000212 0.013340
v -0.000000 0.000656 0.011877
v 0.000269 0.000454 0.012123
v 0.000269 0.000656 0.011877
v -0.000000 0.000454 0.012123
v -0.000000 0.000902 0.011676
v 0.000269 0.000656 0.011877
v 0.000269 0.000902 0.011676
v -0.000000 0.000656 0.011877
v -0.000000 0.001182 0.011526
v 0.000269 0.000902 0.011676
v 0.000269 0.001182 0.011526
v -0.000000 0.000902 0.011676
v -0.000865 0.001802 0.012001
v -0.000865 0.001603 0.012021
v -0.000865 0.001603 0.014026
v -0.000865 0.001802 0.014046
v -0.000865 0.002002 0.012021
v -0.000865 0.002002 0.014026
v -0.000865 0.002194 0.012079
v -0.000865 0.002194 0.013968
v -0.000865 0.002370 0.012174
v -0.000865 0.002370 0.013874
v -0.000865 0.002525 0.012301
v -0.000865 0.002525 0.013747
v -0.000865 0.002652 0.012456
v -0.000865 0.002652 0.013592
v -0.000865 0.002747 0.012632
v -0.000865 0.002747 0.013415
v -0.000865 0.002805 0.012824
v -0.000865 0.002805 0.013223
v -0.000865 0.002825 0.013024
v -0.000865 0.001411 0.013968
v -0.000865 0.001234 0.012174
v -0.000865 0.001234 0.013874
v -0.000865 0.001411 0.012079
v -0.000865 0.001079 0.012301
v -0.000865 0.001079 0.013747
v -0.000865 0.000952 0.013592
v -0.000865 0.000858 0.012632
v -0.000865 0.000858 0.013415
v -0.000865 0.000952 0.012456
v -0.000865 0.000800 0.012824
v -0.000865 0.000800 0.013223
v -0.000865 0.000780 0.013024
v -0.000269 0.001802 0.011402
v -0.000690 0.001520 0.011606
v -0.000269 0.001486 0.011434
v -0.000690 0.001802 0.011578
v -0.000690 0.001802 0.011578
v -0.000865 0.001603 0.012021
v -0.000690 0.001520 0.011606
v -0.000865 0.001802 0.012001
v -0.000269 0.001486 0.011434
v -0.000690 0.001249 0.011688
v -0.000269 0.001182 0.011526
v -0.000690 0.001520 0.011606
v -0.000690 0.001520 0.011606
v -0.000865 0.001411 0.012079
v -0.000690 0.001249 0.011688
v -0.000865 0.001603 0.012021
v 0.000269 0.000902 0.011676
v 0.000690 0.001249 0.011688
v 0.000269 0.001182 0.011526
v 0.000690 0.000999 0.011821
v 0.000690 0.000999 0.011821
v 0.000865 0.001411 0.012079
v 0.000690 0.001249 0.011688
v 0.000865 0.001234 0.012174
v 0.000269 0.000656 0.011877
v 0.000690 0.000999 0.011821
v 0.000269 0.000902 0.011676
v 0.000690 0.000780 0.012001
v 0.000690 0.000780 0.012001
v 0.000865 0.001234 0.012174
v 0.000690 0.000999 0.011821
v 0.000865 0.001079 0.012301
v 0.000269 0.000454 0.012123
v 0.000690 0.000780 0.012001
v 0.000269 0.000656 0.011877
v 0.000690 0.000600 0.012220
v 0.000690 0.000600 0.012220
v 0.000865 0.001079 0.012301
v 0.000690 0.000780 0.012001
v 0.000865 0.000952 0.012456
v -0.000269 0.000454 0.012123
v -0.000690 0.000467 0.012470
v -0.000269 0.000305 0.012403
v -0.000690 0.000600 0.012220
v -0.000690 0.000600 0.012220
v -0.000865 0.000858 0.012632
v -0.000690 0.000467 0.012470
v -0.000865 0.000952 0.012456
v -0.000269 0.000305 0.012403
v -0.000690 0.000384 0.012742
v -0.000269 0.000212 0.012707
v -0.000690 0.000467 0.012470
v -0.000690 0.000467 0.012470
v -0.000865 0.000800 0.012824
v -0.000690 0.000384 0.012742
v -0.000865 0.000858 0.012632
v -0.000269 0.000212 0.012707
v -0.000690 0.000357 0.013024
v -0.000269 0.000181 0.013024
v -0.000690 0.000384 0.012742
v -0.000690 0.000384 0.012742
v -0.000865 0.000780 0.013024
v -0.000690 0.000357 0.013024
v -0.000865 0.000800 0.012824
v 0.000269 0.000212 0.013340
v 0.000690 0.000357 0.013024
v 0.000269 0.000181 0.013024
v 0.000690 0.000384 0.013306
v 0.000690 0.000384 0.013306
v 0.000865 0.000780 0.013024
v 0.000690 0.000357 0.013024
v 0.000865 0.000800 0.013223
v 0.000269 0.000305 0.013644
v 0.000690 0.000384 0.013306
v 0.000269 0.000212 0.013340
v 0.000690 0.000467 0.013577
v 0.000690 0.000467 0.013577
v 0.000865 0.000800 0.013223
v 0.000690 0.000384 0.013306
v 0.000865 0.000858 0.013415
v 0.000269 0.000454 0.013924
v 0.000690 0.000467 0.013577
v 0.000269 0.000305 0.013644
v 0.000690 0.000600 0.013827
v 0.000690 0.000600 0.013827
v 0.000865 0.000858 0.013415
v 0.000690 0.000467 0.013577
v 0.000865 0.000952 0.013592
v -0.000269 0.000454 0.013924
v -0.000690 0.000780 0.014046
v -0.000269 0.000656 0.014170
v -0.000690 0.000600 0.013827
v -0.000690 0.000600 0.013827
v -0.000865 0.001079 0.013747
v -0.000690 0.000780 0.014046
v -0.000865 0.000952 0.013592
v -0.000269 0.000656 0.014170
v -0.000690 0.000999 0.014226
v -0.000269 0.000902 0.014372
v -0.000690 0.000780 0.014046
v -0.000690 0.000780 0.014046
v -0.000865 0.001234 0.013874
v -0.000690 0.000999 0.014226
v -0.000865 0.001079 0.013747
v -0.000269 0.000902 0.014372
v -0.000690 0.001249 0.014359
v -0.000269 0.001182 0.014522
v -0.000690 0.000999 0.014226
v -0.000690 0.000999 0.014226
v -0.000865 0.001411 0.013968
v -0.000690 0.001249 0.014359
v -0.000865 0.001234 0.013874
v 0.000269 0.001486 0.014614
v 0.000690 0.001249 0.014359
v 0.000269 0.001182 0.014522
v 0.000690 0.001520 0.014442
v 0.000690 0.001520 0.014442
v 0.000865 0.001411 0.013968
v 0.000690 0.001249 0.014359
v 0.000865 0.001603 0.014026
v 0.000269 0.001802 0.014645
v 0.000690 0.001520 0.014442
v 0.000269 0.001486 0.014614
v 0.000690 0.001802 0.014470
v 0.000690 0.001802 0.014470
v 0.000865 0.001603 0.014026
v 0.000690 0.001520 0.014442
v 0.000865 0.001802 0.014046
v 0.000269 0.002119 0.014614
v 0.000690 0.001802 0.014470
v 0.000269 0.001802 0.014645
v 0.000690 0.002084 0.014442
v 0.000690 0.002084 0.014442
v 0.000865 0.001802 0.014046
v 0.000690 0.001802 0.014470
v 0.000865 0.002002 0.014026
v 0.000269 0.002423 0.014522
v 0.000690 0.002084 0.014442
v 0.000269 0.002119 0.014614
v 0.000690 0.002356 0.014359
v 0.000690 0.002356 0.014359
v 0.000865 0.002002 0.014026
v 0.000690 0.002084 0.014442
v 0.000865 0.002194 0.013968
v -0.000690 0.002356 0.014359
v -0.000865 0.002370 0.013874
v -0.000690 0.002606 0.014226
v -0.000865 0.002194 0.013968
v 0.000269 0.002703 0.014372
v 0.000690 0.002356 0.014359
v 0.000269 0.002423 0.014522
v 0.000690 0.002606 0.014226
v 0.000690 0.002606 0.014226
v 0.000865 0.002194 0.013968
v 0.000690 0.002356 0.014359
v 0.000865 0.002370 0.013874
v -0.000269 0.002703 0.014372
v -0.000690 0.002825 0.014046
v -0.000269 0.002949 0.014170
v -0.000690 0.002606 0.014226
v -0.000690 0.002606 0.014226
v -0.000865 0.002525 0.013747
v -0.000690 0.002825 0.014046
v -0.000865 0.002370 0.013874
v 0.000269 0.002949 0.014170
v 0.000690 0.002606 0.014226
v 0.000269 0.002703 0.014372
v 0.000690 0.002825 0.014046
v 0.000690 0.002825 0.014046
v 0.000865 0.002370 0.013874
v 0.000690 0.002606 0.014226
v 0.000865 0.002525 0.013747
v -0.000269 0.002949 0.014170
v -0.000690 0.003005 0.013827
v -0.000269 0.003150 0.013924
v -0.000690 0.002825 0.014046
v -0.000690 0.002825 0.014046
v -0.000865 0.002652 0.013592
v -0.000690 0.003005 0.013827
v -0.000865 0.002525 0.013747
v 0.000269 0.003150 0.013924
v 0.000690 0.002825 0.014046
v 0.000269 0.002949 0.014170
v 0.000690 0.003005 0.013827
v 0.000690 0.003005 0.013827
v 0.000865 0.002525 0.013747
v 0.000690 0.002825 0.014046
v 0.000865 0.002652 0.013592
v -0.000269 0.003150 0.013924
v -0.000690 0.003138 0.013577
v -0.000269 0.003300 0.013644
v -0.000690 0.003005 0.013827
v -0.000690 0.003005 0.013827
v -0.000865 0.002747 0.013415
v -0.000690 0.003138 0.013577
v -0.000865 0.002652 0.013592
v 0.000269 0.003300 0.013644
v 0.000690 0.003005 0.013827
v 0.000269 0.003150 0.013924
v 0.000690 0.003138 0.013577
v 0.000690 0.003138 0.013577
v 0.000865 0.002652 0.013592
v 0.000690 0.003005 0.013827
v 0.000865 0.002747 0.013415
v -0.000269 0.003300 0.013644
v -0.000690 0.003220 0.013306
v -0.000269 0.003393 0.013340
v -0.000690 0.003138 0.013577
v -0.000690 0.003138 0.013577
v -0.000865 0.002805 0.013223
v -0.000690 0.003220 0.013306
v -0.000865 0.002747 0.013415
v 0.000269 0.003393 0.013340
v 0.000690 0.003138 0.013577
v 0.000269 0.003300 0.013644
v 0.000690 0.003220 0.013306
v 0.000690 0.003220 0.013306
v 0.000865 0.002747 0.013415
v 0.000690 0.003138 0.013577
v 0.000865 0.002805 0.013223
v -0.000269 0.003393 0.013340
v -0.000690 0.003248 0.013024
v -0.000269 0.003424 0.013024
v -0.000690 0.003220 0.013306
v -0.000690 0.003220 0.013306
v -0.000865 0.002825 0.013024
v -0.000690 0.003248 0.013024
v -0.000865 0.002805 0.013223
v 0.000269 0.003424 0.013024
v 0.000690 0.003220 0.013306
v 0.000269 0.003393 0.013340
v 0.000690 0.003248 0.013024
v 0.000690 0.003248 0.013024
v 0.000865 0.002805 0.013223
v 0.000690 0.003220 0.013306
v 0.000865 0.002825 0.013024
v -0.000269 0.003424 0.013024
v -0.000690 0.003220 0.012742
v -0.000269 0.003393 0.012707
v -0.000690 0.003248 0.013024
v -0.000690 0.003248 0.013024
v -0.000865 0.002805 0.012824
v -0.000690 0.003220 0.012742
v -0.000865 0.002825 0.013024
v 0.000269 0.003393 0.012707
v 0.000690 0.003248 0.013024
v 0.000269 0.003424 0.013024
v 0.000690 0.003220 0.012742
v 0.000690 0.003220 0.012742
v 0.000865 0.002825 0.013024
v 0.000690 0.003248 0.013024
v 0.000865 0.002805 0.012824
v -0.000269 0.003393 0.012707
v -0.000690 0.003138 0.012470
v -0.000269 0.003300 0.012403
v -0.000690 0.003220 0.012742
v -0.000690 0.003220 0.012742
v -0.000865 0.002747 0.012632
v -0.000690 0.003138 0.012470
v -0.000865 0.002805 0.012824
v 0.000269 0.003300 0.012403
v 0.000690 0.003220 0.012742
v 0.000269 0.003393 0.012707
v 0.000690 0.003138 0.012470
v 0.000690 0.003138 0.012470
v 0.000865 0.002805 0.012824
v 0.000690 0.003220 0.012742
v 0.000865 0.002747 0.012632
v -0.000269 0.003300 0.012403
v -0.000690 0.003005 0.012220
v -0.000269 0.003150 0.012123
v -0.000690 0.003138 0.012470
v -0.000690 0.003138 0.012470
v -0.000865 0.002652 0.012456
v -0.000690 0.003005 0.012220
v -0.000865 0.002747 0.012632
v 0.000269 0.003150 0.012123
v 0.000690 0.003138 0.012470
v 0.000269 0.003300 0.012403
v 0.000690 0.003005 0.012220
v 0.000690 0.003005 0.012220
v 0.000865 0.002747 0.012632
v 0.000690 0.003138 0.012470
v 0.000865 0.002652 0.012456
v -0.000269 0.003150 0.012123
v -0.000690 0.002825 0.012001
v -0.000269 0.002949 0.011877
v -0.000690 0.003005 0.012220
v -0.000690 0.003005 0.012220
v -0.000865 0.002525 0.012301
v -0.000690 0.002825 0.012001
v -0.000865 0.002652 0.012456
v 0.000269 0.002949 0.011877
v 0.000690 0.003005 0.012220
v 0.000269 0.003150 0.012123
v 0.000690 0.002825 0.012001
v 0.000690 0.002825 0.012001
v 0.000865 0.002652 0.012456
v 0.000690 0.003005 0.012220
v 0.000865 0.002525 0.012301
v -0.000269 0.002949 0.011877
v -0.000690 0.002606 0.011821
v -0.000269 0.002703 0.011676
v -0.000690 0.002825 0.012001
v -0.000690 0.002825 0.012001
v -0.000865 0.002370 0.012174
v -0.000690 0.002606 0.011821
v -0.000865 0.002525 0.012301
v 0.000269 0.002703 0.011676
v 0.000690 0.002825 0.012001
v 0.000269 0.002949 0.011877
v 0.000690 0.002606 0.011821
v 0.000690 0.002606 0.011821
v 0.000865 0.002525 0.012301
v 0.000690 0.002825 0.012001
v 0.000865 0.002370 0.012174
v -0.000269 0.002703 0.011676
v -0.000690 0.002356 0.011688
v -0.000269 0.002423 0.011526
v -0.000690 0.002606 0.011821
v -0.000690 0.002606 0.011821
v -0.000865 0.002194 0.012079
v -0.000690 0.002356 0.011688
v -0.000865 0.002370 0.012174
v 0.000269 0.002423 0.011526
v 0.000690 0.002606 0.011821
v 0.000269 0.002703 0.011676
v 0.000690 0.002356 0.011688
v 0.000690 0.002356 0.011688
v 0.000865 0.002370 0.012174
v 0.000690 0.002606 0.011821
v 0.000865 0.002194 0.012079
v -0.000269 0.002423 0.011526
v -0.000690 0.002084 0.011606
v -0.000269 0.002119 0.011434
v -0.000690 0.002356 0.011688
v -0.000690 0.002356 0.011688
v -0.000865 0.002002 0.012021
v -0.000690 0.002084 0.011606
v -0.000865 0.002194 0.012079
v 0.000269 0.002119 0.011434
v 0.000690 0.002356 0.011688
v 0.000269 0.002423 0.011526
v 0.000690 0.002084 0.011606
v -0.000269 0.002119 0.011434
v -0.000690 0.001802 0.011578
v -0.000269 0.001802 0.011402
v -0.000690 0.002084 0.011606
v -0.000690 0.002084 0.011606
v -0.000865 0.001802 0.012001
v -0.000690 0.001802 0.011578
v -0.000865 0.002002 0.012021
v -0.000269 0.001802 0.011402
v -0.000000 0.001486 0.011434
v -0.000000 0.001802 0.011402
v -0.000269 0.001486 0.011434
v -0.000269 0.000902 0.011676
v -0.000000 0.000656 0.011877
v -0.000000 0.000902 0.011676
v -0.000269 0.000656 0.011877
v -0.000269 0.000656 0.011877
v -0.000000 0.000454 0.012123
v -0.000000 0.000656 0.011877
v -0.000269 0.000454 0.012123
v -0.000269 0.000181 0.013024
v -0.000000 0.000212 0.013340
v -0.000000 0.000181 0.013024
v -0.000269 0.000212 0.013340
v -0.000269 0.000212 0.013340
v -0.000000 0.000305 0.013644
v -0.000000 0.000212 0.013340
v -0.000269 0.000305 0.013644
v -0.000269 0.000305 0.013644
v -0.000000 0.000454 0.013924
v -0.000000 0.000305 0.013644
v -0.000269 0.000454 0.013924
v -0.000269 0.001182 0.014522
v -0.000000 0.001486 0.014614
v -0.000000 0.001182 0.014522
v -0.000269 0.001486 0.014614
v -0.000269 0.001486 0.014614
v -0.000000 0.001802 0.014645
v -0.000000 0.001486 0.014614
v -0.000269 0.001802 0.014645
v -0.000269 0.001802 0.014645
v -0.000000 0.002119 0.014614
v -0.000000 0.001802 0.014645
v -0.000269 0.002119 0.014614
v -0.000269 0.002119 0.014614
v -0.000000 0.002423 0.014522
v -0.000000 0.002119 0.014614
v -0.000269 0.002423 0.014522
v -0.000000 0.001802 0.011402
v 0.000269 0.001486 0.011434
v 0.000269 0.001802 0.011402
v -0.000000 0.001486 0.011434
v -0.000000 0.001486 0.014614
v 0.000269 0.001802 0.014645
v 0.000269 0.001486 0.014614
v -0.000000 0.001802 0.014645
v -0.000000 0.000902 0.014372
v 0.000269 0.001182 0.014522
v 0.000269 0.000902 0.014372
v -0.000000 0.001182 0.014522
v -0.000000 0.000656 0.014170
v 0.000269 0.000902 0.014372
v 0.000269 0.000656 0.014170
v -0.000000 0.000902 0.014372
v -0.000000 0.000454 0.013924
v 0.000269 0.000656 0.014170
v 0.000269 0.000454 0.013924
v -0.000000 0.000656 0.014170
v -0.000000 0.000212 0.012707
v 0.000269 0.000181 0.013024
v 0.000269 0.000212 0.012707
v -0.000000 0.000181 0.013024
v -0.000000 0.000305 0.012403
v 0.000269 0.000212 0.012707
v 0.000269 0.000305 0.012403
v -0.000000 0.000212 0.012707
v -0.000000 0.000454 0.012123
v 0.000269 0.000305 0.012403
v 0.000269 0.000454 0.012123
v -0.000000 0.000305 0.012403
v -0.000000 0.001486 0.011434
v 0.000269 0.001182 0.011526
v 0.000269 0.001486 0.011434
v -0.000000 0.001182 0.011526
v 0.000269 0.001486 0.011434
v 0.000690 0.001802 0.011578
v 0.000269 0.001802 0.011402
v 0.000690 0.001520 0.011606
v 0.000690 0.001520 0.011606
v 0.000865 0.001802 0.012001
v 0.000690 0.001802 0.011578
v 0.000865 0.001603 0.012021
v 0.000269 0.001182 0.011526
v 0.000690 0.001520 0.011606
v 0.000269 0.001486 0.011434
v 0.000690 0.001249 0.011688
v 0.000690 0.001249 0.011688
v 0.000865 0.001603 0.012021
v 0.000690 0.001520 0.011606
v 0.000865 0.001411 0.012079
v -0.000269 0.001182 0.011526
v -0.000690 0.000999 0.011821
v -0.000269 0.000902 0.011676
v -0.000690 0.001249 0.011688
v -0.000690 0.001249 0.011688
v -0.000865 0.001234 0.012174
v -0.000690 0.000999 0.011821
v -0.000865 0.001411 0.012079
v -0.000269 0.000902 0.011676
v -0.000690 0.000780 0.012001
v -0.000269 0.000656 0.011877
v -0.000690 0.000999 0.011821
v -0.000690 0.000999 0.011821
v -0.000865 0.001079 0.012301
v -0.000690 0.000780 0.012001
v -0.000865 0.001234 0.012174
v -0.000269 0.000656 0.011877
v -0.000690 0.000600 0.012220
v -0.000269 0.000454 0.012123
v -0.000690 0.000780 0.012001
v -0.000690 0.000780 0.012001
v -0.000865 0.000952 0.012456
v -0.000690 0.000600 0.012220
v -0.000865 0.001079 0.012301
v 0.000269 0.000305 0.012403
v 0.000690 0.000600 0.012220
v 0.000269 0.000454 0.012123
v 0.000690 0.000467 0.012470
v 0.000690 0.000467 0.012470
v 0.000865 0.000952 0.012456
v 0.000690 0.000600 0.012220
v 0.000865 0.000858 0.012632
v 0.000269 0.000212 0.012707
v 0.000690 0.000467 0.012470
v 0.000269 0.000305 0.012403
v 0.000690 0.000384 0.012742
v 0.000690 0.000384 0.012742
v 0.000865 0.000858 0.012632
v 0.000690 0.000467 0.012470
v 0.000865 0.000800 0.012824
v 0.000269 0.000181 0.013024
v 0.000690 0.000384 0.012742
v 0.000269 0.000212 0.012707
v 0.000690 0.000357 0.013024
v 0.000690 0.000357 0.013024
v 0.000865 0.000800 0.012824
v 0.000690 0.000384 0.012742
v 0.000865 0.000780 0.013024
v -0.000269 0.000181 0.013024
v -0.000690 0.000384 0.013306
v -0.000269 0.000212 0.013340
v -0.000690 0.000357 0.013024
v -0.000690 0.000357 0.013024
v -0.000865 0.000800 0.013223
v -0.000690 0.000384 0.013306
v -0.000865 0.000780 0.013024
v -0.000269 0.000212 0.013340
v -0.000690 0.000467 0.013577
v -0.000269 0.000305 0.013644
v -0.000690 0.000384 0.013306
v -0.000690 0.000384 0.013306
v -0.000865 0.000858 0.013415
v -0.000690 0.000467 0.013577
v -0.000865 0.000800 0.013223
v -0.000269 0.000305 0.013644
v -0.000690 0.000600 0.013827
v -0.000269 0.000454 0.013924
v -0.000690 0.000467 0.013577
v -0.000690 0.000467 0.013577
v -0.000865 0.000952 0.013592
v -0.000690 0.000600 0.013827
v -0.000865 0.000858 0.013415
v 0.000269 0.000656 0.014170
v 0.000690 0.000600 0.013827
v 0.000269 0.000454 0.013924
v 0.000690 0.000780 0.014046
v 0.000690 0.000780 0.014046
v 0.000865 0.000952 0.013592
v 0.000690 0.000600 0.013827
v 0.000865 0.001079 0.013747
v 0.000269 0.000902 0.014372
v 0.000690 0.000780 0.014046
v 0.000269 0.000656 0.014170
v 0.000690 0.000999 0.014226
v 0.000690 0.000999 0.014226
v 0.000865 0.001079 0.013747
v 0.000690 0.000780 0.014046
v 0.000865 0.001234 0.013874
v 0.000269 0.001182 0.014522
v 0.000690 0.000999 0.014226
v 0.000269 0.000902 0.014372
v 0.000690 0.001249 0.014359
v 0.000690 0.001249 0.014359
v 0.000865 0.001234 0.013874
v 0.000690 0.000999 0.014226
v 0.000865 0.001411 0.013968
v -0.000269 0.001182 0.014522
v -0.000690 0.001520 0.014442
v -0.000269 0.001486 0.014614
v -0.000690 0.001249 0.014359
v -0.000690 0.001249 0.014359
v -0.000865 0.001603 0.014026
v -0.000690 0.001520 0.014442
v -0.000865 0.001411 0.013968
v -0.000269 0.001486 0.014614
v -0.000690 0.001802 0.014470
v -0.000269 0.001802 0.014645
v -0.000690 0.001520 0.014442
v -0.000690 0.001520 0.014442
v -0.000865 0.001802 0.014046
v -0.000690 0.001802 0.014470
v -0.000865 0.001603 0.014026
v -0.000269 0.001802 0.014645
v -0.000690 0.002084 0.014442
v -0.000269 0.002119 0.014614
v -0.000690 0.001802 0.014470
v -0.000690 0.001802 0.014470
v -0.000865 0.002002 0.014026
v -0.000690 0.002084 0.014442
v -0.000865 0.001802 0.014046
v -0.000269 0.002119 0.014614
v -0.000690 0.002356 0.014359
v -0.000269 0.002423 0.014522
v -0.000690 0.002084 0.014442
v -0.000690 0.002084 0.014442
v -0.000865 0.002194 0.013968
v -0.000690 0.002356 0.014359
v -0.000865 0.002002 0.014026
v -0.000269 0.002423 0.014522
v -0.000690 0.002606 0.014226
v -0.000269 0.002703 0.014372
v -0.000690 0.002356 0.014359
v 0.000690 0.002084 0.011606
v 0.000865 0.002194 0.012079
v 0.000690 0.002356 0.011688
v 0.000865 0.002002 0.012021
v 0.000269 0.001802 0.011402
v 0.000690 0.002084 0.011606
v 0.000269 0.002119 0.011434
v 0.000690 0.001802 0.011578
v 0.000690 0.001802 0.011578
v 0.000865 0.002002 0.012021
v 0.000690 0.002084 0.011606
v 0.000865 0.001802 0.012001
v 0.011889 0.003352 0.006833
v 0.013511 0.003964 0.006955
v 0.011889 0.003964 0.006955
v 0.013511 0.003352 0.006833
v 0.011889 0.002833 0.006487
v 0.007566 0.003352 0.006833
v 0.007566 0.002833 0.006487
v 0.007566 0.002486 0.005968
v 0.011889 0.002486 0.005968
v 0.007566 0.002365 0.005356
v 0.011889 0.002365 0.005356
v 0.007566 0.002486 0.004744
v 0.011889 0.002486 0.004744
v 0.007566 0.002833 0.004225
v 0.011889 0.002833 0.004225
v 0.007566 0.003352 0.003878
v 0.011889 0.003352 0.003878
v 0.007566 0.003964 0.003756
v 0.011889 0.003964 0.003756
v 0.007566 0.004576 0.003878
v 0.011889 0.004576 0.003878
v 0.007566 0.005095 0.004225
v 0.011889 0.005095 0.004225
v 0.007566 0.005442 0.004744
v 0.011889 0.005442 0.004744
v 0.007566 0.005564 0.005356
v 0.011889 0.005564 0.005356
v 0.013511 0.005442 0.004744
v 0.013511 0.005564 0.005356
v 0.013511 0.005095 0.004225
v 0.013511 0.002486 0.004744
v 0.013511 0.002833 0.004225
v 0.013511 0.002365 0.005356
v 0.013511 0.002486 0.005968
v 0.013511 0.002833 0.006487
v 0.007566 0.003964 0.006955
v 0.011889 0.004576 0.006833
v 0.007566 0.004576 0.006833
v 0.011889 0.005095 0.006487
v 0.007566 0.005095 0.006487
v 0.011889 0.005442 0.005968
v 0.007566 0.005442 0.005968
v 0.011889 0.005564 0.005356
v 0.007566 0.005564 0.005356
v 0.013511 0.005564 0.005356
v 0.013511 0.005442 0.005968
v 0.013511 0.005095 0.006487
v 0.013511 0.004576 0.006833
v 0.013511 0.003240 0.001158
v 0.013511 0.003964 0.003756
v 0.013511 0.003352 0.003878
v 0.013511 0.003964 0.001302
v 0.013511 0.002833 0.004225
v 0.013511 0.002627 0.000748
v 0.013511 0.002627 -0.001927
v 0.013511 0.003240 -0.002337
v 0.013511 0.003964 -0.002481
v 0.013511 0.004688 -0.002337
v 0.013511 0.004688 0.001158
v 0.013511 0.005302 -0.001927
v 0.013511 0.005302 0.000748
v 0.013511 0.005712 -0.001313
v 0.013511 0.005712 0.000135
v 0.013511 0.005856 -0.000589
v 0.013511 0.005095 0.004225
v 0.013511 0.004576 0.003878
v 0.013511 0.004576 0.006833
v 0.013511 0.005095 0.006487
v 0.013511 0.005095 0.004225
v 0.013511 0.005442 0.004744
v 0.013511 0.005442 0.005968
v 0.013511 0.005564 0.005356
v 0.013511 0.003964 0.006955
v 0.013511 0.003352 0.006833
v 0.013511 0.002833 0.006487
v 0.013511 0.002486 0.004744
v 0.013511 0.002486 0.005968
v 0.013511 0.002365 0.005356
v 0.013511 0.002217 -0.001313
v 0.013511 0.002217 0.000135
v 0.013511 0.002073 -0.000589
v 0.011889 0.002833 0.004225
v 0.013511 0.002627 0.000748
v 0.013511 0.002833 0.004225
v 0.011889 0.002627 0.000748
v 0.007566 0.005442 0.004744
v 0.007566 0.005095 0.006487
v 0.007566 0.005095 0.004225
v 0.007566 0.005442 0.005968
v 0.007566 0.005564 0.005356
v 0.007566 0.004576 0.006833
v 0.007566 0.004576 0.003878
v 0.007566 0.003964 0.006955
v 0.007566 0.003964 0.003756
v 0.007566 0.003352 0.006833
v 0.007566 0.003352 0.003878
v 0.007566 0.002833 0.004225
v 0.007566 0.002833 0.006487
v 0.007566 0.002486 0.004744
v 0.007566 0.002365 0.005356
v 0.007566 0.002486 0.005968
v 0.011889 0.002833 0.004225
v 0.011889 0.003240 0.001158
v 0.011889 0.002627 0.000748
v 0.011889 0.003352 0.003878
v 0.011889 0.003964 0.001302
v 0.011889 0.003964 0.003756
v 0.011889 0.004688 0.001158
v 0.011889 0.004576 0.003878
v 0.011889 0.005095 0.004225
v 0.011889 0.005302 0.000748
v 0.011889 0.005302 -0.001927
v 0.013511 0.004688 -0.002337
v 0.011889 0.004688 -0.002337
v 0.013511 0.005302 -0.001927
v 0.011889 0.005712 -0.001313
v 0.011889 0.005856 -0.000589
v 0.013511 0.005712 -0.001313
v 0.013511 0.005856 -0.000589
v 0.013511 0.003964 -0.002481
v 0.011889 0.003964 -0.002481
v 0.013511 0.003240 -0.002337
v 0.011889 0.003240 -0.002337
v 0.013511 0.002627 -0.001927
v 0.011889 0.002627 -0.001927
v 0.013511 0.002217 -0.001313
v 0.011889 0.002217 -0.001313
v 0.013511 0.002073 -0.000589
v 0.011889 0.002073 -0.000589
v 0.013511 0.002217 0.000135
v 0.011889 0.002217 0.000135
v 0.013511 0.002627 0.000748
v 0.011889 0.002627 0.000748
v 0.011889 0.005302 0.000748
v 0.013511 0.005712 0.000135
v 0.011889 0.005712 0.000135
v 0.013511 0.005302 0.000748
v 0.013511 0.005856 -0.000589
v 0.011889 0.005856 -0.000589
v 0.011889 0.005095 0.004225
v 0.013511 0.005302 0.000748
v 0.011889 0.005302 0.000748
v 0.013511 0.005095 0.004225
v 0.009728 0.006772 -0.001752
v 0.009728 0.006113 0.001560
v 0.009728 0.006113 -0.002738
v 0.009728 0.006772 0.000574
v 0.009728 0.007003 -0.000589
v 0.009728 0.005127 0.002219
v 0.009728 0.005127 -0.003397
v 0.009728 0.003964 0.002450
v 0.009728 0.003964 -0.003628
v 0.009728 0.002801 -0.003397
v 0.009728 0.002801 0.002219
v 0.009728 0.001815 -0.002738
v 0.009728 0.001815 0.001560
v 0.009728 0.001156 -0.001752
v 0.009728 0.000925 -0.000589
v 0.009728 0.001156 0.000574
v -0.011889 0.006116 -0.002740
v -0.011889 0.004688 -0.002337
v -0.011889 0.005302 -0.001927
v -0.011889 0.005128 -0.003400
v -0.011889 0.006775 -0.001753
v -0.011889 0.005712 -0.001313
v -0.011889 0.007007 -0.000589
v -0.011889 0.005856 -0.000589
v -0.011889 0.003964 -0.002481
v -0.011889 0.003964 -0.003632
v -0.011889 0.003240 -0.002337
v -0.011889 0.002800 -0.003400
v -0.011889 0.002627 -0.001927
v -0.011889 0.001813 -0.002740
v -0.011889 0.002217 -0.001313
v -0.011889 0.001153 -0.001753
v -0.011889 0.002073 -0.000589
v -0.011889 0.000922 -0.000589
v -0.011889 0.002217 0.000135
v -0.011889 0.001153 0.000575
v -0.011889 0.002627 0.000748
v -0.011889 0.001813 0.001562
v -0.011889 0.003240 0.001158
v -0.011889 0.002800 0.002222
v -0.011889 0.003964 0.001302
v -0.011889 0.003964 0.002453
v -0.011889 0.004688 0.001158
v -0.011889 0.005128 0.002222
v -0.011889 0.005302 0.000748
v -0.011889 0.006116 0.001562
v -0.011889 0.005712 0.000135
v -0.011889 0.006775 0.000575
v -0.011889 0.005856 -0.000589
v -0.011889 0.007007 -0.000589
v -0.011889 0.003352 0.006833
v -0.013511 0.003964 0.006955
v -0.013511 0.003352 0.006833
v -0.011889 0.003964 0.006955
v -0.011889 0.002833 0.006487
v -0.007566 0.003352 0.006833
v -0.007566 0.002833 0.006487
v -0.007566 0.002486 0.005968
v -0.011889 0.002486 0.005968
v -0.007566 0.002365 0.005356
v -0.011889 0.002365 0.005356
v -0.007566 0.002486 0.004744
v -0.011889 0.002486 0.004744
v -0.007566 0.002833 0.004225
v -0.011889 0.002833 0.004225
v -0.007566 0.003352 0.003878
v -0.011889 0.003352 0.003878
v -0.007566 0.003964 0.003756
v -0.011889 0.003964 0.003756
v -0.007566 0.004576 0.003878
v -0.011889 0.004576 0.003878
v -0.007566 0.005095 0.004225
v -0.011889 0.005095 0.004225
v -0.007566 0.005442 0.004744
v -0.011889 0.005442 0.004744
v -0.007566 0.005564 0.005356
v -0.011889 0.005564 0.005356
v -0.013511 0.005442 0.004744
v -0.013511 0.005564 0.005356
v -0.013511 0.005095 0.004225
v -0.013511 0.002486 0.004744
v -0.013511 0.002833 0.004225
v -0.013511 0.002365 0.005356
v -0.013511 0.002486 0.005968
v -0.013511 0.002833 0.006487
v -0.007566 0.003964 0.006955
v -0.011889 0.004576 0.006833
v -0.007566 0.004576 0.006833
v -0.011889 0.005095 0.006487
v -0.007566 0.005095 0.006487
v -0.011889 0.005442 0.005968
v -0.007566 0.005442 0.005968
v -0.011889 0.005564 0.005356
v -0.007566 0.005564 0.005356
v -0.013511 0.005564 0.005356
v -0.013511 0.005442 0.005968
v -0.013511 0.005095 0.006487
v -0.013511 0.004576 0.006833
v -0.013511 0.003240 0.001158
v -0.013511 0.003964 0.003756
v -0.013511 0.003964 0.001302
v -0.013511 0.003352 0.003878
v -0.013511 0.002833 0.004225
v -0.013511 0.002627 0.000748
v -0.013511 0.002627 -0.001927
v -0.013511 0.003240 -0.002337
v -0.013511 0.003964 -0.002481
v -0.013511 0.004688 -0.002337
v -0.013511 0.004688 0.001158
v -0.013511 0.005302 -0.001927
v -0.013511 0.005302 0.000748
v -0.013511 0.005712 -0.001313
v -0.013511 0.005712 0.000135
v -0.013511 0.005856 -0.000589
v -0.013511 0.005095 0.004225
v -0.013511 0.004576 0.003878
v -0.013511 0.003964 0.006955
v -0.013511 0.004576 0.006833
v -0.013511 0.005095 0.004225
v -0.013511 0.005095 0.006487
v -0.013511 0.005442 0.004744
v -0.013511 0.005442 0.005968
v -0.013511 0.005564 0.005356
v -0.013511 0.003352 0.006833
v -0.013511 0.002833 0.006487
v -0.013511 0.002486 0.005968
v -0.013511 0.002486 0.004744
v -0.013511 0.002365 0.005356
v -0.013511 0.002217 -0.001313
v -0.013511 0.002073 -0.000589
v -0.013511 0.002217 0.000135
v -0.011889 0.002833 0.004225
v -0.013511 0.002627 0.000748
v -0.011889 0.002627 0.000748
v -0.013511 0.002833 0.004225
v -0.007566 0.005442 0.004744
v -0.007566 0.005095 0.004225
v -0.007566 0.005095 0.006487
v -0.007566 0.005442 0.005968
v -0.007566 0.005564 0.005356
v -0.007566 0.004576 0.003878
v -0.007566 0.004576 0.006833
v -0.007566 0.003964 0.003756
v -0.007566 0.003964 0.006955
v -0.007566 0.003352 0.003878
v -0.007566 0.003352 0.006833
v -0.007566 0.002833 0.004225
v -0.007566 0.002833 0.006487
v -0.007566 0.002486 0.004744
v -0.007566 0.002486 0.005968
v -0.007566 0.002365 0.005356
v -0.011889 0.002833 0.004225
v -0.011889 0.003240 0.001158
v -0.011889 0.003352 0.003878
v -0.011889 0.002627 0.000748
v -0.011889 0.003964 0.001302
v -0.011889 0.003964 0.003756
v -0.011889 0.004688 0.001158
v -0.011889 0.004576 0.003878
v -0.011889 0.005095 0.004225
v -0.011889 0.005302 0.000748
v -0.011889 0.005302 -0.001927
v -0.013511 0.004688 -0.002337
v -0.013511 0.005302 -0.001927
v -0.011889 0.004688 -0.002337
v -0.011889 0.005712 -0.001313
v -0.011889 0.005856 -0.000589
v -0.013511 0.005712 -0.001313
v -0.013511 0.005856 -0.000589
v -0.013511 0.003964 -0.002481
v -0.011889 0.003964 -0.002481
v -0.013511 0.003240 -0.002337
v -0.011889 0.003240 -0.002337
v -0.013511 0.002627 -0.001927
v -0.011889 0.002627 -0.001927
v -0.013511 0.002217 -0.001313
v -0.011889 0.002217 -0.001313
v -0.013511 0.002073 -0.000589
v -0.011889 0.002073 -0.000589
v -0.013511 0.002217 0.000135
v -0.011889 0.002217 0.000135
v -0.013511 0.002627 0.000748
v -0.011889 0.002627 0.000748
v -0.011889 0.005302 0.000748
v -0.013511 0.005712 0.000135
v -0.013511 0.005302 0.000748
v -0.011889 0.005712 0.000135
v -0.013511 0.005856 -0.000589
v -0.011889 0.005856 -0.000589
v -0.011889 0.005095 0.004225
v -0.013511 0.005302 0.000748
v -0.013511 0.005095 0.004225
v -0.011889 0.005302 0.000748
v -0.009728 0.006772 -0.001752
v -0.009728 0.006113 -0.002738
v -0.009728 0.006772 0.000574
v -0.009728 0.007003 -0.000589
v -0.009728 0.006113 0.001560
v -0.009728 0.005127 -0.003397
v -0.009728 0.005127 0.002219
v -0.009728 0.003964 -0.003628
v -0.009728 0.003964 0.002450
v -0.009728 0.002801 -0.003397
v -0.009728 0.002801 0.002219
v -0.009728 0.001815 -0.002738
v -0.009728 0.001815 0.001560
v -0.009728 0.001156 -0.001752
v -0.009728 0.001156 0.000574
v -0.009728 0.000925 -0.000589
v 0.009728 0.003964 -0.004372
v 0.009728 0.005127 -0.003397
v 0.009728 0.005412 -0.004084
v 0.009728 0.003964 -0.003628
v 0.009728 0.002516 -0.004084
v 0.009728 0.002801 -0.003397
v 0.009728 0.001289 -0.003264
v 0.009728 0.000469 -0.002037
v 0.009728 0.001815 -0.002738
v 0.009728 0.001156 -0.001752
v 0.009728 0.000181 -0.000589
v 0.009728 0.000925 -0.000589
v 0.009728 0.000469 0.000859
v 0.009728 0.001156 0.000574
v 0.009728 0.001289 0.002086
v 0.009728 0.001815 0.001560
v 0.009728 0.002516 0.002906
v 0.009728 0.002801 0.002219
v 0.009728 0.003964 0.003194
v 0.009728 0.003964 0.002450
v 0.009728 0.005412 0.002906
v 0.009728 0.005127 0.002219
v 0.009728 0.006639 0.002086
v 0.009728 0.006113 0.001560
v 0.009728 0.007459 0.000859
v 0.009728 0.006772 0.000574
v 0.009728 0.007747 -0.000589
v 0.009728 0.007003 -0.000589
v 0.009728 0.006113 -0.002738
v 0.009728 0.006639 -0.003264
v 0.009728 0.006772 -0.001752
v 0.009728 0.007459 -0.002037
v 0.009728 0.007003 -0.000589
v 0.009728 0.007747 -0.000589
v 0.011889 0.001813 0.001562
v 0.011902 0.000302 0.000928
v 0.011889 0.001153 0.000575
v 0.011902 0.001161 0.002214
v 0.011889 0.002800 0.002222
v 0.011902 0.002447 0.003073
v 0.011889 0.003964 0.002453
v 0.011889 0.005128 0.002222
v 0.011902 0.003964 0.003375
v 0.011902 0.005481 0.003073
v 0.011889 0.006116 0.001562
v 0.011902 0.006767 0.002214
v 0.011889 0.006775 0.000575
v 0.011902 0.007627 0.000928
v 0.011889 0.007007 -0.000589
v 0.011902 0.007928 -0.000589
v 0.011902 0.000000 -0.000589
v 0.011889 0.000922 -0.000589
v 0.011902 0.000302 -0.002106
v 0.011889 0.001153 -0.001753
v 0.011902 0.001161 -0.003392
v 0.011889 0.001813 -0.002740
v 0.011902 0.002447 -0.004251
v 0.011889 0.002800 -0.003400
v 0.011902 0.003964 -0.004553
v 0.011889 0.003964 -0.003632
v 0.011902 0.005481 -0.004251
v 0.011889 0.005128 -0.003400
v 0.011902 0.006767 -0.003392
v 0.011889 0.006116 -0.002740
v 0.011902 0.007627 -0.002106
v 0.011889 0.006775 -0.001753
v 0.011902 0.007928 -0.000589
v 0.011889 0.007007 -0.000589
v 0.011349 0.006639 0.002086
v 0.011336 0.007627 0.000928
v 0.011349 0.007459 0.000859
v 0.011336 0.006767 0.002214
v 0.011349 0.005412 0.002906
v 0.011336 0.005481 0.003073
v 0.011349 0.003964 0.003194
v 0.011336 0.003964 0.003375
v 0.011349 0.002516 0.002906
v 0.011336 0.002447 0.003073
v 0.011349 0.001289 0.002086
v 0.011336 0.001161 0.002214
v 0.011349 0.000469 0.000859
v 0.011336 0.000302 0.000928
v 0.011349 0.000181 -0.000589
v 0.011336 0.000000 -0.000589
v 0.011349 0.000469 -0.002037
v 0.011349 0.001289 -0.003264
v 0.011336 0.000302 -0.002106
v 0.011336 0.001161 -0.003392
v 0.011349 0.002516 -0.004084
v 0.011336 0.002447 -0.004251
v 0.011349 0.003964 -0.004372
v 0.011336 0.003964 -0.004553
v 0.011349 0.005412 -0.004084
v 0.011336 0.005481 -0.004251
v 0.011349 0.006639 -0.003264
v 0.011336 0.006767 -0.003392
v 0.011349 0.007459 -0.002037
v 0.011336 0.007627 -0.002106
v 0.011349 0.007747 -0.000589
v 0.011336 0.007928 -0.000589
v 0.011336 0.007928 -0.000589
v 0.011349 0.007747 -0.000589
v 0.011902 0.007627 0.000928
v 0.011336 0.007928 -0.000589
v 0.011336 0.007627 0.000928
v 0.011902 0.007928 -0.000589
v 0.011902 0.006767 0.002214
v 0.011336 0.006767 0.002214
v 0.011902 0.005481 0.003073
v 0.011336 0.005481 0.003073
v 0.011902 0.003964 0.003375
v 0.011336 0.003964 0.003375
v 0.011902 0.002447 0.003073
v 0.011336 0.002447 0.003073
v 0.011902 0.001161 0.002214
v 0.011336 0.001161 0.002214
v 0.011902 0.000302 0.000928
v 0.011336 0.000302 0.000928
v 0.011902 0.000000 -0.000589
v 0.011336 0.000000 -0.000589
v 0.011902 0.000302 -0.002106
v 0.011336 0.000302 -0.002106
v 0.011902 0.001161 -0.003392
v 0.011336 0.001161 -0.003392
v 0.011902 0.002447 -0.004251
v 0.011336 0.002447 -0.004251
v 0.011902 0.003964 -0.004553
v 0.011336 0.003964 -0.004553
v 0.011902 0.005481 -0.004251
v 0.011336 0.005481 -0.004251
v 0.011902 0.006767 -0.003392
v 0.011336 0.006767 -0.003392
v 0.011902 0.007627 -0.002106
v 0.011336 0.007627 -0.002106
v 0.011902 0.007928 -0.000589
v 0.011336 0.007928 -0.000589
v -0.011349 0.007747 -0.000589
v -0.009728 0.007459 -0.002037
v -0.011349 0.007459 -0.002037
v -0.009728 0.007747 -0.000589
v -0.009728 0.006639 -0.003264
v -0.011349 0.006639 -0.003264
v -0.009728 0.005412 -0.004084
v -0.011349 0.005412 -0.004084
v -0.009728 0.003964 -0.004372
v -0.011349 0.003964 -0.004372
v -0.009728 0.002516 -0.004084
v -0.011349 0.002516 -0.004084
v -0.009728 0.001289 -0.003264
v -0.011349 0.001289 -0.003264
v -0.009728 0.000469 -0.002037
v -0.011349 0.000469 -0.002037
v -0.009728 0.000181 -0.000589
v -0.011349 0.000181 -0.000589
v -0.009728 0.000469 0.000859
v -0.011349 0.000469 0.000859
v -0.009728 0.001289 0.002086
v -0.011349 0.001289 0.002086
v -0.009728 0.002516 0.002906
v -0.011349 0.002516 0.002906
v -0.009728 0.003964 0.003194
v -0.011349 0.003964 0.003194
v -0.009728 0.005412 0.002906
v -0.011349 0.005412 0.002906
v -0.009728 0.006639 0.002086
v -0.011349 0.006639 0.002086
v -0.009728 0.007459 0.000859
v -0.011349 0.007459 0.000859
v -0.009728 0.007747 -0.000589
v -0.011349 0.007747 -0.000589
v -0.009728 0.003964 -0.004372
v -0.009728 0.005127 -0.003397
v -0.009728 0.003964 -0.003628
v -0.009728 0.005412 -0.004084
v -0.009728 0.002516 -0.004084
v -0.009728 0.002801 -0.003397
v -0.009728 0.001289 -0.003264
v -0.009728 0.000469 -0.002037
v -0.009728 0.001815 -0.002738
v -0.009728 0.001156 -0.001752
v -0.009728 0.000181 -0.000589
v -0.009728 0.000925 -0.000589
v -0.009728 0.000469 0.000859
v -0.009728 0.001156 0.000574
v -0.009728 0.001289 0.002086
v -0.009728 0.001815 0.001560
v -0.009728 0.002516 0.002906
v -0.009728 0.002801 0.002219
v -0.009728 0.003964 0.003194
v -0.009728 0.003964 0.002450
v -0.009728 0.005412 0.002906
v -0.009728 0.005127 0.002219
v -0.009728 0.006639 0.002086
v -0.009728 0.006113 0.001560
v -0.009728 0.007459 0.000859
v -0.009728 0.006772 0.000574
v -0.009728 0.007747 -0.000589
v -0.009728 0.007003 -0.000589
v -0.009728 0.006113 -0.002738
v -0.009728 0.006639 -0.003264
v -0.009728 0.006772 -0.001752
v -0.009728 0.007459 -0.002037
v -0.009728 0.007003 -0.000589
v -0.009728 0.007747 -0.000589
v -0.011889 0.001813 0.001562
v -0.011902 0.000302 0.000928
v -0.011902 0.001161 0.002214
v -0.011889 0.001153 0.000575
v -0.011889 0.002800 0.002222
v -0.011902 0.002447 0.003073
v -0.011889 0.003964 0.002453
v -0.011889 0.005128 0.002222
v -0.011902 0.003964 0.003375
v -0.011902 0.005481 0.003073
v -0.011889 0.006116 0.001562
v -0.011902 0.006767 0.002214
v -0.011889 0.006775 0.000575
v -0.011902 0.007627 0.000928
v -0.011889 0.007007 -0.000589
v -0.011902 0.007928 -0.000589
v -0.011902 0.000000 -0.000589
v -0.011889 0.000922 -0.000589
v -0.011902 0.000302 -0.002106
v -0.011889 0.001153 -0.001753
v -0.011902 0.001161 -0.003392
v -0.011889 0.001813 -0.002740
v -0.011902 0.002447 -0.004251
v -0.011889 0.002800 -0.003400
v -0.011902 0.003964 -0.004553
v -0.011889 0.003964 -0.003632
v -0.011902 0.005481 -0.004251
v -0.011889 0.005128 -0.003400
v -0.011902 0.006767 -0.003392
v -0.011889 0.006116 -0.002740
v -0.011902 0.007627 -0.002106
v -0.011889 0.006775 -0.001753
v -0.011902 0.007928 -0.000589
v -0.011889 0.007007 -0.000589
v -0.011349 0.006639 0.002086
v -0.011336 0.007627 0.000928
v -0.011336 0.006767 0.002214
v -0.011349 0.007459 0.000859
v -0.011349 0.005412 0.002906
v -0.011336 0.005481 0.003073
v -0.011349 0.003964 0.003194
v -0.011336 0.003964 0.003375
v -0.011349 0.002516 0.002906
v -0.011336 0.002447 0.003073
v -0.011349 0.001289 0.002086
v -0.011336 0.001161 0.002214
v -0.011349 0.000469 0.000859
v -0.011336 0.000302 0.000928
v -0.011349 0.000181 -0.000589
v -0.011336 0.000000 -0.000589
v -0.011349 0.000469 -0.002037
v -0.011349 0.001289 -0.003264
v -0.011336 0.000302 -0.002106
v -0.011336 0.001161 -0.003392
v -0.011349 0.002516 -0.004084
v -0.011336 0.002447 -0.004251
v -0.011349 0.003964 -0.004372
v -0.011336 0.003964 -0.004553
v -0.011349 0.005412 -0.004084
v -0.011336 0.005481 -0.004251
v -0.011349 0.006639 -0.003264
v -0.011336 0.006767 -0.003392
v -0.011349 0.007459 -0.002037
v -0.011336 0.007627 -0.002106
v -0.011349 0.007747 -0.000589
v -0.011336 0.007928 -0.000589
v -0.011336 0.007928 -0.000589
v -0.011349 0.007747 -0.000589
v -0.011902 0.007627 0.000928
v -0.011336 0.007928 -0.000589
v -0.011902 0.007928 -0.000589
v -0.011336 0.007627 0.000928
v -0.011902 0.006767 0.002214
v -0.011336 0.006767 0.002214
v -0.011902 0.005481 0.003073
v -0.011336 0.005481 0.003073
v -0.011902 0.003964 0.003375
v -0.011336 0.003964 0.003375
v -0.011902 0.002447 0.003073
v -0.011336 0.002447 0.003073
v -0.011902 0.001161 0.002214
v -0.011336 0.001161 0.002214
v -0.011902 0.000302 0.000928
v -0.011336 0.000302 0.000928
v -0.011902 0.000000 -0.000589
v -0.011336 0.000000 -0.000589
v -0.011902 0.000302 -0.002106
v -0.011336 0.000302 -0.002106
v -0.011902 0.001161 -0.003392
v -0.011336 0.001161 -0.003392
v -0.011902 0.002447 -0.004251
v -0.011336 0.002447 -0.004251
v -0.011902 0.003964 -0.004553
v -0.011336 0.003964 -0.004553
v -0.011902 0.005481 -0.004251
v -0.011336 0.005481 -0.004251
v -0.011902 0.006767 -0.003392
v -0.011336 0.006767 -0.003392
v -0.011902 0.007627 -0.002106
v -0.011336 0.007627 -0.002106
v -0.011902 0.007928 -0.000589
v -0.011336 0.007928 -0.000589
vn -0.0000 -1.0000 -0.0000
vn -0.0000 1.0000 -0.0000
vn -0.9239 -0.0000 -0.3827
vn -0.8315 -0.0000 -0.5556
vn -0.7071 -0.0000 -0.7071
vn -0.5556 -0.0000 -0.8314
vn -0.9808 -0.0000 -0.1951
vn 0.9569 -0.0000 -0.2903
vn 0.9808 -0.0000 -0.1951
vn 0.9808 -0.0000 -0.1950
vn 1.0000 -0.0000 -0.0000
vn 0.9808 -0.0000 0.1951
vn 0.9808 -0.0000 0.1950
vn 0.9239 -0.0000 0.3827
vn 0.7071 -0.0000 0.7071
vn 0.5556 -0.0000 0.8314
vn 0.5555 -0.0000 0.8315
vn 0.3827 -0.0000 0.9239
vn 0.1951 -0.0000 0.9808
vn 0.0001 -0.0000 1.0000
vn -0.0001 -0.0000 1.0000
vn -0.1950 -0.0000 0.9808
vn 0.8315 -0.0000 0.5556
vn 0.8423 -0.0000 0.5391
vn 0.8819 -0.0000 0.4714
vn -0.0000 -0.0000 1.0000
vn -0.0000 -0.0980 -0.9952
vn -0.1951 -0.0000 -0.9808
vn -0.0001 -0.0000 -1.0000
vn -0.8819 -0.0000 -0.4714
vn -0.8315 -0.0000 -0.5555
vn -0.8314 -0.0000 -0.5556
vn -0.7072 -0.0000 -0.7070
vn -0.7070 -0.0000 -0.7072
vn -0.5556 -0.0000 -0.8315
vn -0.5555 -0.0000 -0.8315
vn -0.3827 -0.0000 -0.9239
vn 0.0001 -0.0000 -1.0000
vn 0.1951 -0.0000 -0.9808
vn 0.3827 -0.0000 -0.9239
vn 0.5556 -0.0000 -0.8315
vn 0.7071 -0.0000 -0.7071
vn 0.8315 -0.0000 -0.5556
vn 0.9239 -0.0000 -0.3827
vn 0.5556 -0.0000 0.8315
vn -0.1951 -0.0000 0.9808
vn -0.3023 -0.0000 0.9532
vn -0.3827 -0.0000 0.9239
vn -0.4714 -0.0000 0.8819
vn -0.6056 -0.0000 0.7958
vn -0.5556 -0.0000 0.8315
vn -0.6344 -0.0000 0.7730
vn -0.7071 -0.0000 0.7071
vn -0.8315 -0.0000 0.5556
vn -0.9239 -0.0000 0.3827
vn -0.9808 -0.0000 0.1951
vn -1.0000 -0.0000 -0.0000
vn -0.3102 -0.0000 0.9507
vn -0.6166 -0.0000 0.7873
vn -0.4717 0.0001 0.8818
vn -0.0000 0.0980 -0.9952
vn -0.0000 -0.4714 -0.8819
vn -1.0000 -0.0056 0.0056
vn -1.0000 -0.0030 0.0073
vn -1.0000 -0.0056 -0.0056
vn -1.0000 -0.0073 -0.0030
vn -1.0000 0.0073 -0.0030
vn -1.0000 0.0056 -0.0056
vn -1.0000 -0.0000 0.0079
vn -1.0000 0.0030 0.0073
vn -1.0000 0.0030 -0.0073
vn -1.0000 -0.0000 -0.0079
vn -1.0000 0.0056 0.0056
vn -1.0000 0.0073 0.0030
vn -1.0000 -0.0073 0.0030
vn -1.0000 -0.0030 -0.0073
vn -1.0000 0.0079 -0.0000
vn -1.0000 -0.0079 -0.0000
vn -0.0000 -0.9239 0.3826
vn -0.0000 -0.9239 0.3827
vn -0.0000 -0.7071 0.7071
vn -0.0000 -0.3827 0.9239
vn -0.0000 0.3827 0.9239
vn -0.0000 0.7071 0.7071
vn -0.0000 0.9239 0.3827
vn -0.0000 0.9239 -0.3827
vn -0.0000 0.7071 -0.7071
vn -0.0000 0.3827 -0.9239
vn -0.0000 -0.0000 -1.0000
vn -0.0000 -0.3827 -0.9239
vn -0.0000 -0.7071 -0.7071
vn -0.0000 -0.9239 -0.3827
vn -0.0000 -0.9239 -0.3826
vn -0.0000 0.7837 0.6212
vn 0.6166 0.7873 -0.0000
vn -0.0000 0.7837 -0.6212
vn -0.6166 0.7873 -0.0000
vn 0.0980 -0.0000 0.9952
vn 0.9808 -0.0000 0.1952
vn 0.5557 -0.0000 0.8314
vn 0.9952 -0.0000 0.0980
vn 0.3964 -0.8281 0.3964
vn 0.4687 -0.8235 0.3196
vn 0.4764 -0.8224 0.3108
vn 0.3109 -0.8224 0.4764
vn 0.3196 -0.8235 0.4687
vn 0.5390 -0.8088 0.2352
vn 0.5541 -0.8041 0.2156
vn 0.6088 -0.7811 0.1389
vn 0.6311 -0.7686 0.1047
vn 0.5541 0.8041 0.2155
vn 0.4687 0.8235 0.3196
vn 0.5390 0.8088 0.2352
vn 0.4764 0.8224 0.3108
vn 0.6311 0.7686 0.1046
vn 0.6556 0.7523 0.0646
vn 0.6088 0.7811 0.1389
vn 0.3964 0.8281 0.3964
vn 0.3196 0.8235 0.4687
vn 0.3108 0.8224 0.4764
vn 0.2352 0.8088 0.5390
vn 0.2156 0.8041 0.5541
vn 0.1389 0.7811 0.6088
vn 0.1046 0.7686 0.6311
vn 0.0646 0.7523 0.6556
vn -0.0980 -0.0000 -0.9952
vn 0.6311 -0.7686 0.1046
vn 0.6556 -0.7523 0.0646
vn 0.6088 -0.7811 0.1388
vn 0.2155 -0.8041 0.5541
vn 0.2352 -0.8088 0.5390
vn 0.3108 -0.8224 0.4764
vn 0.1046 -0.7686 0.6311
vn 0.0646 -0.7524 0.6556
vn 0.1389 -0.7811 0.6088
vn -0.9952 -0.0000 -0.0980
vn -0.9808 -0.0000 -0.1950
vn 0.9808 -0.0000 -0.1952
vn 0.5557 -0.0000 -0.8314
vn -0.5555 -0.0000 0.8315
vn -0.0980 -0.0000 0.9952
vn -0.9808 -0.0000 0.1952
vn -0.5557 -0.0000 0.8314
vn -0.9952 -0.0000 0.0980
vn -0.9808 -0.0000 0.1950
vn -0.3964 -0.8281 0.3964
vn -0.4687 -0.8235 0.3196
vn -0.4764 -0.8224 0.3108
vn -0.3109 -0.8224 0.4764
vn -0.3196 -0.8235 0.4687
vn -0.5390 -0.8088 0.2352
vn -0.5541 -0.8041 0.2156
vn -0.6088 -0.7811 0.1389
vn -0.6311 -0.7686 0.1047
vn -0.5541 0.8041 0.2155
vn -0.4687 0.8235 0.3196
vn -0.4764 0.8224 0.3108
vn -0.5390 0.8088 0.2352
vn -0.6311 0.7686 0.1046
vn -0.6556 0.7523 0.0646
vn -0.6088 0.7811 0.1389
vn -0.3964 0.8281 0.3964
vn -0.3196 0.8235 0.4687
vn -0.3108 0.8224 0.4764
vn -0.2352 0.8088 0.5390
vn -0.2156 0.8041 0.5541
vn -0.1389 0.7811 0.6088
vn -0.1046 0.7686 0.6311
vn -0.0646 0.7523 0.6556
vn 0.5555 -0.0000 -0.8315
vn 0.0980 -0.0000 -0.9952
vn -0.6311 -0.7686 0.1046
vn -0.6556 -0.7523 0.0646
vn -0.6088 -0.7811 0.1388
vn -0.2155 -0.8041 0.5541
vn -0.3108 -0.8224 0.4764
vn -0.2352 -0.8088 0.5390
vn -0.1046 -0.7686 0.6311
vn -0.0646 -0.7524 0.6556
vn -0.1389 -0.7811 0.6088
vn 0.9952 -0.0000 -0.0980
vn -0.1952 -0.0000 0.9808
vn -0.3826 -0.0000 0.9239
vn -0.3828 -0.0000 0.9238
vn -0.7070 -0.0000 0.7072
vn -0.7072 -0.0000 0.7070
vn -0.8422 -0.0000 0.5392
vn -0.8314 -0.0000 0.5557
vn -0.8423 -0.0000 0.5391
vn -0.8315 -0.0000 0.5555
vn -0.8819 -0.0000 0.4714
vn -0.9569 -0.0000 -0.2903
vn -0.9808 -0.0000 -0.1952
vn -0.2530 0.0492 0.9662
vn 0.2491 0.0002 0.9685
vn -0.2491 0.0003 0.9685
vn 0.2530 0.0492 0.9662
vn -0.4831 0.0007 0.8756
vn -0.4571 0.1462 0.8773
vn 0.4571 0.1462 0.8773
vn 0.4335 0.2438 0.8676
vn 0.2529 0.0493 0.9662
vn 0.2432 0.1367 0.9603
vn -0.2528 0.0493 0.9663
vn 0.4459 0.1954 0.8735
vn 0.4832 0.0005 0.8755
vn -0.2432 0.1368 0.9603
vn -0.4335 0.2438 0.8676
vn -0.4459 0.1953 0.8735
vn 0.7054 0.7088 -0.0000
vn 0.6843 0.7160 -0.1381
vn 0.6844 0.7160 -0.1379
vn 0.6918 0.7088 0.1376
vn 0.6608 0.7001 0.2707
vn 0.6608 0.7001 0.2704
vn 0.5087 0.6986 0.5031
vn 0.5048 0.6984 0.5074
vn 0.1356 0.6129 0.7785
vn 0.2266 0.6437 0.7309
vn -0.2266 0.6438 0.7309
vn -0.5048 0.6984 0.5074
vn -0.5087 0.6986 0.5031
vn -0.1356 0.6128 0.7785
vn -0.6608 0.7001 0.2707
vn -0.6918 0.7088 0.1376
vn -0.6609 0.7001 0.2704
vn -0.7054 0.7088 -0.0000
vn -0.6844 0.7160 -0.1379
vn -0.6843 0.7160 -0.1381
vn -0.6615 0.7212 -0.2058
vn 0.6615 0.7212 -0.2058
vn -0.6615 -0.7212 -0.2058
vn -0.6844 -0.7160 -0.1379
vn -0.6843 -0.7160 -0.1381
vn 0.6844 -0.7160 -0.1379
vn 0.7054 -0.7088 -0.0000
vn 0.6843 -0.7160 -0.1381
vn 0.6918 -0.7088 0.1376
vn 0.6517 -0.7088 0.2699
vn 0.5865 -0.7088 0.3919
vn 0.4988 -0.7088 0.4988
vn 0.3919 -0.7088 0.5865
vn 0.2699 -0.7088 0.6517
vn 0.1376 -0.7088 0.6918
vn 0.1376 -0.7088 0.6919
vn -0.0000 -0.7088 0.7054
vn -0.1376 -0.7088 0.6919
vn -0.1376 -0.7088 0.6918
vn -0.2699 -0.7088 0.6517
vn -0.3919 -0.7088 0.5865
vn -0.4988 -0.7088 0.4988
vn -0.5865 -0.7088 0.3919
vn -0.6517 -0.7088 0.2699
vn -0.6918 -0.7088 0.1376
vn -0.6919 -0.7088 0.1376
vn -0.7054 -0.7088 -0.0000
vn 0.3919 0.7088 0.5865
vn 0.4988 0.7088 0.4988
vn 0.2699 0.7088 0.6517
vn 0.1376 0.7088 0.6918
vn -0.0000 0.7088 0.7054
vn -0.1376 0.7088 0.6918
vn -0.1376 0.7088 0.6919
vn -0.2699 0.7088 0.6517
vn -0.3919 0.7088 0.5865
vn -0.4988 0.7088 0.4988
vn -0.5466 0.7071 0.4486
vn 0.5466 0.7071 0.4486
vn 0.6615 -0.7212 -0.2058
vn 0.3826 0.9239 0.0065
vn 0.9237 0.3827 0.0156
vn 0.9238 -0.0000 0.3828
vn 0.9239 -0.0000 0.3826
vn 0.9952 -0.0000 0.0979
vn 0.9239 -0.0001 0.3826
vn 0.9952 -0.0000 0.0981
vn 0.4980 -0.0000 0.8672
vn 0.4411 -0.0000 0.8974
vn -0.4411 -0.0000 0.8974
vn -0.9238 -0.0000 0.3828
vn -0.4980 -0.0000 0.8672
vn -0.9239 -0.0000 0.3826
vn -0.9952 -0.0000 0.0979
vn -0.9952 -0.0000 0.0981
vn 0.6470 0.7139 0.2678
vn 0.7020 0.7088 0.0691
vn 0.4951 0.7139 0.4951
vn 0.6469 0.7139 0.2681
vn 0.3045 0.7134 0.6312
vn 0.2680 0.7139 0.6469
vn 0.1379 0.7071 0.6935
vn 0.1380 0.7071 0.6935
vn -0.0000 0.7139 0.7002
vn -0.1379 0.7071 0.6935
vn -0.1380 0.7071 0.6935
vn -0.2680 0.7139 0.6469
vn -0.3045 0.7134 0.6312
vn -0.4951 0.7139 0.4951
vn -0.6469 0.7139 0.2681
vn -0.6470 0.7139 0.2678
vn -0.7020 0.7088 0.0691
vn -0.7071 0.7071 -0.0000
vn 0.7071 0.7071 -0.0000
vn 0.3826 -0.9239 0.0065
vn 0.9999 -0.0000 0.0169
vn 0.9237 -0.3827 0.0156
vn -0.0208 -0.9998 -0.0000
vn 0.0312 -0.9995 -0.0000
vn -0.3826 0.9239 0.0065
vn -0.9237 0.3827 0.0156
vn -0.3826 -0.9239 0.0065
vn -0.9999 -0.0000 0.0169
vn -0.9237 -0.3827 0.0156
vn -0.6344 -0.0000 -0.7730
vn -0.9569 -0.0000 0.2903
vn 0.2903 -0.0000 -0.9569
vn 0.4714 -0.0000 -0.8819
vn 0.6344 -0.0000 -0.7730
vn 0.7730 -0.0000 -0.6344
vn 0.8819 -0.0000 -0.4714
vn 0.9569 -0.0000 0.2903
vn 0.7730 -0.0000 0.6344
vn 0.6344 -0.0000 0.7730
vn 0.4714 -0.0000 0.8819
vn 0.2903 -0.0000 0.9569
vn -0.2903 -0.0000 0.9569
vn -0.7730 -0.0000 0.6344
vn -0.7730 -0.0000 -0.6344
vn -0.4714 -0.0000 -0.8819
vn -0.2903 -0.0000 -0.9569
vn -0.0000 -0.2903 -0.9569
vn -0.0000 -0.6344 -0.7730
vn -0.0000 -0.7730 -0.6344
vn -0.0000 -0.8819 -0.4714
vn -0.0000 -0.9569 -0.2903
vn -0.0000 -0.9952 -0.0980
vn -0.0000 -0.9952 0.0980
vn -0.0000 -0.9569 0.2903
vn -0.0000 -0.8819 0.4714
vn -0.0000 -0.7730 0.6344
vn -0.0000 -0.6344 0.7730
vn -0.0000 -0.4714 0.8819
vn -0.0000 -0.2903 0.9569
vn -0.0000 -0.0980 0.9952
vn -0.0000 0.0980 0.9952
vn -0.0000 0.2903 0.9569
vn -0.0000 0.4714 0.8819
vn -0.0000 0.6344 0.7730
vn -0.0000 0.7730 0.6344
vn -0.0000 0.8819 0.4714
vn -0.0000 0.9569 0.2903
vn -0.0000 0.9952 0.0980
vn -0.0000 0.9952 -0.0980
vn -0.0000 0.9569 -0.2903
vn -0.0000 0.8819 -0.4714
vn -0.0000 0.7730 -0.6344
vn -0.0000 0.6344 -0.7730
vn -0.0000 0.4714 -0.8819
vn -0.0000 0.2903 -0.9569
vn 0.3828 -0.0000 -0.9238
vn 0.1952 -0.0000 -0.9808
vn 0.3826 -0.0000 -0.9239
vn 0.8315 -0.0000 -0.5555
vn 0.8314 -0.0000 -0.5557
vn 0.1950 -0.0000 -0.9808
vn 0.1376 0.7088 -0.6918
vn -0.0000 0.7088 -0.7054
vn 0.2699 0.7088 -0.6517
vn 0.3919 0.7088 -0.5865
vn 0.4988 0.7088 -0.4988
vn 0.5865 0.7088 -0.3919
vn 0.6236 0.7071 -0.3333
vn -0.5865 0.7088 -0.3919
vn -0.6236 0.7071 -0.3333
vn -0.4988 0.7088 -0.4988
vn -0.3919 0.7088 -0.5865
vn -0.2699 0.7088 -0.6517
vn -0.1376 0.7088 -0.6918
vn -0.0000 -0.7088 -0.7054
vn 0.1376 -0.7088 -0.6919
vn 0.1376 -0.7088 -0.6918
vn 0.2699 -0.7088 -0.6517
vn 0.3919 -0.7088 -0.5865
vn 0.4988 -0.7088 -0.4988
vn 0.5865 -0.7088 -0.3919
vn 0.6236 -0.7071 -0.3333
vn -0.6236 -0.7071 -0.3333
vn -0.5865 -0.7088 -0.3919
vn -0.4988 -0.7088 -0.4988
vn -0.3919 -0.7088 -0.5865
vn -0.2699 -0.7088 -0.6517
vn -0.1376 -0.7088 -0.6918
vn -0.1376 -0.7088 -0.6919
vn -1.0000 0.0001 -0.0000
vn -0.9808 0.1951 -0.0000
vn -0.9239 0.3827 -0.0000
vn -0.8315 0.5556 -0.0000
vn -0.5556 0.8315 -0.0000
vn -0.3827 0.9239 -0.0000
vn -0.1951 0.9808 -0.0000
vn 0.1951 0.9808 -0.0000
vn 0.3827 0.9239 -0.0000
vn 0.5556 0.8315 -0.0000
vn 0.8315 0.5556 -0.0000
vn 0.9239 0.3827 -0.0000
vn 0.9808 0.1951 -0.0000
vn 0.9808 -0.1951 -0.0000
vn 0.9239 -0.3827 -0.0000
vn 0.8315 -0.5556 -0.0000
vn 0.7071 -0.7071 -0.0000
vn 0.5556 -0.8315 -0.0000
vn 0.3827 -0.9239 -0.0000
vn 0.1951 -0.9808 -0.0000
vn -0.1951 -0.9808 -0.0000
vn -0.3827 -0.9239 -0.0000
vn -0.5556 -0.8315 -0.0000
vn -0.7071 -0.7071 -0.0000
vn -0.8315 -0.5556 -0.0000
vn -0.9239 -0.3827 -0.0000
vn -0.9808 -0.1951 -0.0000
vn -1.0000 -0.0001 -0.0000
vn -0.0000 -0.0001 1.0000
vn -0.0000 0.0001 1.0000
vn 1.0000 0.0001 -0.0000
vn 1.0000 -0.0001 -0.0000
vn -0.3827 -0.0906 -0.9194
vn -0.3827 -0.0905 -0.9194
vn -0.9239 -0.0375 -0.3808
vn -0.3827 -0.2682 -0.8841
vn -0.9239 -0.1111 -0.3662
vn 0.3827 -0.4355 -0.8148
vn 0.9239 -0.1804 -0.3375
vn 0.3827 -0.5861 -0.7142
vn 0.9239 -0.2428 -0.2958
vn 0.3827 -0.7142 -0.5861
vn 0.9239 -0.2958 -0.2428
vn -0.3827 -0.8148 -0.4355
vn -0.9239 -0.3375 -0.1804
vn -0.3827 -0.8841 -0.2682
vn -0.9239 -0.3662 -0.1111
vn -0.3827 -0.9194 -0.0906
vn -0.9239 -0.3808 -0.0375
vn 0.3827 -0.9194 0.0906
vn 0.9239 -0.3808 0.0375
vn 0.3827 -0.8841 0.2682
vn 0.9239 -0.3662 0.1111
vn 0.3827 -0.8148 0.4355
vn 0.9239 -0.3375 0.1804
vn -0.3827 -0.7142 0.5861
vn -0.9239 -0.2958 0.2428
vn -0.3827 -0.5861 0.7142
vn -0.9239 -0.2428 0.2958
vn -0.3827 -0.4355 0.8148
vn -0.9239 -0.1804 0.3375
vn 0.3827 -0.2682 0.8841
vn 0.9239 -0.1111 0.3662
vn 0.3827 -0.0906 0.9194
vn 0.9239 -0.0375 0.3808
vn 0.3827 0.0906 0.9194
vn 0.9239 0.0375 0.3808
vn 0.3827 0.2682 0.8841
vn 0.9239 0.1111 0.3662
vn -0.9239 0.1804 0.3375
vn 0.3827 0.4355 0.8148
vn 0.9239 0.1804 0.3375
vn -0.3827 0.5861 0.7142
vn -0.9239 0.2428 0.2958
vn 0.3827 0.5861 0.7142
vn 0.9239 0.2428 0.2958
vn -0.3827 0.7142 0.5861
vn -0.9239 0.2958 0.2428
vn 0.3827 0.7142 0.5861
vn 0.9239 0.2958 0.2428
vn -0.3827 0.8148 0.4355
vn -0.9239 0.3375 0.1804
vn 0.3827 0.8148 0.4355
vn 0.9239 0.3375 0.1804
vn -0.3827 0.8841 0.2682
vn -0.9239 0.3662 0.1111
vn 0.3827 0.8841 0.2682
vn 0.9239 0.3662 0.1111
vn -0.3827 0.9194 0.0906
vn -0.9239 0.3808 0.0375
vn 0.3827 0.9194 0.0906
vn 0.9239 0.3808 0.0375
vn -0.3827 0.9194 -0.0906
vn -0.9239 0.3808 -0.0375
vn 0.3827 0.9194 -0.0906
vn 0.9239 0.3808 -0.0375
vn -0.3827 0.8841 -0.2682
vn -0.9239 0.3662 -0.1111
vn 0.3827 0.8841 -0.2682
vn 0.9239 0.3662 -0.1111
vn -0.3827 0.8148 -0.4355
vn -0.9239 0.3375 -0.1804
vn 0.3827 0.8148 -0.4355
vn 0.9239 0.3375 -0.1804
vn -0.3827 0.7142 -0.5861
vn -0.9239 0.2958 -0.2428
vn 0.3827 0.7142 -0.5861
vn 0.9239 0.2958 -0.2428
vn -0.3827 0.5861 -0.7142
vn -0.9239 0.2428 -0.2958
vn 0.3827 0.5861 -0.7142
vn 0.9239 0.2428 -0.2958
vn -0.3827 0.4355 -0.8148
vn -0.9239 0.1804 -0.3375
vn 0.3827 0.4355 -0.8148
vn 0.9239 0.1804 -0.3375
vn -0.3827 0.2682 -0.8841
vn -0.9239 0.1111 -0.3662
vn 0.3827 0.2682 -0.8841
vn -0.3827 0.0906 -0.9194
vn -0.9239 0.0375 -0.3808
vn 0.3827 -0.0906 -0.9194
vn 0.9239 -0.0375 -0.3808
vn 0.3827 -0.2682 -0.8841
vn 0.9239 -0.1111 -0.3662
vn -0.3827 -0.4355 -0.8148
vn -0.9239 -0.1804 -0.3375
vn -0.3827 -0.5861 -0.7142
vn -0.9239 -0.2428 -0.2958
vn -0.3827 -0.7142 -0.5861
vn -0.9239 -0.2958 -0.2428
vn 0.3827 -0.8148 -0.4355
vn 0.9239 -0.3375 -0.1804
vn 0.3827 -0.8841 -0.2682
vn 0.9239 -0.3662 -0.1111
vn 0.3827 -0.9194 -0.0906
vn 0.9239 -0.3808 -0.0375
vn -0.3827 -0.9194 0.0906
vn -0.9239 -0.3808 0.0375
vn -0.3827 -0.8841 0.2682
vn -0.9239 -0.3662 0.1111
vn -0.3827 -0.8148 0.4355
vn -0.9239 -0.3375 0.1804
vn 0.3827 -0.7142 0.5861
vn 0.9239 -0.2958 0.2428
vn 0.3827 -0.5861 0.7142
vn 0.9239 -0.2428 0.2958
vn 0.3827 -0.4355 0.8148
vn 0.9239 -0.1804 0.3375
vn -0.3827 -0.2682 0.8841
vn -0.9239 -0.1111 0.3662
vn -0.3827 -0.0906 0.9194
vn -0.9239 -0.0375 0.3808
vn -0.3827 0.0906 0.9194
vn -0.9239 0.0375 0.3808
vn -0.3827 0.2682 0.8841
vn -0.9239 0.1111 0.3662
vn -0.3827 0.4355 0.8148
vn 0.9239 0.1111 -0.3662
vn 0.3827 0.0906 -0.9194
vn 0.9239 0.0375 -0.3808
vn -0.0000 0.7523 0.6588
vn -0.0000 -0.7523 0.6588
vn -0.0001 -0.9239 0.3826
vn -0.0000 -0.8315 0.5556
vn -0.0000 0.8315 0.5556
vn -0.0000 0.9982 -0.0593
vn 0.0001 -0.9239 0.3826
vn -0.0000 0.8315 -0.5556
vn -0.0000 -0.8315 -0.5556
vn -0.0000 -0.9982 -0.0593
vn 1.0000 -0.0056 0.0056
vn 1.0000 -0.0030 0.0073
vn 1.0000 -0.0073 0.0030
vn 1.0000 -0.0079 -0.0000
vn 1.0000 -0.0000 0.0079
vn 1.0000 0.0030 0.0073
vn 1.0000 0.0056 0.0056
vn 1.0000 0.0073 0.0030
vn 1.0000 0.0079 -0.0000
vn 1.0000 0.0073 -0.0030
vn 1.0000 0.0056 -0.0056
vn 1.0000 0.0030 -0.0073
vn 1.0000 -0.0000 -0.0079
vn 1.0000 -0.0030 -0.0073
vn 1.0000 -0.0056 -0.0056
vn 1.0000 -0.0073 -0.0030
vn -0.9998 -0.0143 0.0143
vn -0.9999 -0.0130 0.0054
vn -0.9999 -0.0099 0.0099
vn -0.9998 -0.0186 0.0077
vn -0.9998 -0.0077 0.0186
vn -0.9999 -0.0054 0.0130
vn -0.9998 -0.0000 0.0202
vn -0.9998 0.0077 0.0186
vn -0.9999 -0.0000 0.0140
vn -0.9999 0.0054 0.0130
vn -0.9998 0.0143 0.0143
vn -0.9999 0.0099 0.0099
vn -0.9998 0.0186 0.0077
vn -0.9999 0.0130 0.0054
vn -0.9998 0.0202 0.0056
vn -0.9999 0.0141 0.0056
vn -0.9999 -0.0140 -0.0000
vn -0.9998 -0.0202 -0.0000
vn -0.9999 -0.0130 -0.0054
vn -0.9998 -0.0186 -0.0077
vn -0.9999 -0.0099 -0.0099
vn -0.9998 -0.0143 -0.0143
vn -0.9999 -0.0054 -0.0130
vn -0.9998 -0.0077 -0.0186
vn -0.9999 -0.0000 -0.0140
vn -0.9998 -0.0000 -0.0202
vn -0.9999 0.0054 -0.0130
vn -0.9998 0.0077 -0.0186
vn -0.9999 0.0099 -0.0099
vn -0.9998 0.0143 -0.0143
vn -0.9999 0.0130 -0.0054
vn -0.9998 0.0186 -0.0077
vn -0.9999 0.0141 -0.0056
vn -0.9998 0.0202 -0.0056
vn 0.9975 0.0504 0.0504
vn 0.9975 0.0658 0.0273
vn 0.9975 0.0273 0.0658
vn 0.9975 -0.0000 0.0713
vn 0.9975 -0.0273 0.0658
vn 0.9975 -0.0504 0.0504
vn 0.9975 -0.0658 0.0273
vn 0.9975 -0.0712 -0.0000
vn 0.9975 -0.0658 -0.0273
vn 0.9975 -0.0504 -0.0504
vn 0.9975 -0.0273 -0.0658
vn 0.9975 -0.0000 -0.0713
vn 0.9975 0.0273 -0.0658
vn 0.9975 0.0504 -0.0504
vn 0.9975 0.0658 -0.0273
vn 0.9971 0.0712 -0.0283
vn 0.9971 0.0712 0.0283
vn 0.9971 0.0712 0.0284
vn 0.9998 -0.0143 0.0143
vn 0.9999 -0.0130 0.0054
vn 0.9998 -0.0186 0.0077
vn 0.9999 -0.0099 0.0099
vn 0.9998 -0.0077 0.0186
vn 0.9999 -0.0054 0.0130
vn 0.9998 -0.0000 0.0202
vn 0.9998 0.0077 0.0186
vn 0.9999 -0.0000 0.0140
vn 0.9999 0.0054 0.0130
vn 0.9998 0.0143 0.0143
vn 0.9999 0.0099 0.0099
vn 0.9998 0.0186 0.0077
vn 0.9999 0.0130 0.0054
vn 0.9998 0.0202 0.0056
vn 0.9999 0.0141 0.0055
vn 0.9999 -0.0140 -0.0000
vn 0.9998 -0.0202 -0.0000
vn 0.9999 -0.0130 -0.0054
vn 0.9998 -0.0186 -0.0077
vn 0.9999 -0.0099 -0.0099
vn 0.9998 -0.0143 -0.0143
vn 0.9999 -0.0054 -0.0130
vn 0.9998 -0.0077 -0.0186
vn 0.9999 -0.0000 -0.0140
vn 0.9998 -0.0000 -0.0202
vn 0.9999 0.0054 -0.0130
vn 0.9998 0.0077 -0.0186
vn 0.9999 0.0099 -0.0099
vn 0.9998 0.0143 -0.0143
vn 0.9999 0.0130 -0.0054
vn 0.9998 0.0186 -0.0077
vn 0.9999 0.0141 -0.0056
vn 0.9998 0.0202 -0.0056
vn -0.9975 0.0504 0.0504
vn -0.9975 0.0658 0.0273
vn -0.9975 0.0273 0.0658
vn -0.9975 -0.0000 0.0712
vn -0.9975 -0.0273 0.0658
vn -0.9975 -0.0504 0.0504
vn -0.9975 -0.0658 0.0273
vn -0.9975 -0.0712 -0.0000
vn -0.9975 -0.0658 -0.0273
vn -0.9975 -0.0504 -0.0504
vn -0.9975 -0.0273 -0.0658
vn -0.9975 -0.0000 -0.0712
vn -0.9975 0.0273 -0.0658
vn -0.9975 0.0504 -0.0504
vn -0.9975 0.0658 -0.0273
vn -0.9971 0.0712 -0.0283
vn -0.9971 0.0712 0.0283
vn -0.9971 0.0712 0.0284
vt 0.160714 0.500000
vt 0.166667 0.500000
vt 0.166667 0.250000
vt 0.160714 0.250000
vt 0.869048 0.500000
vt 0.875000 0.500000
vt 0.875000 0.250000
vt 0.869048 0.250000
vt 0.687500 0.450000
vt 0.656250 0.450000
vt 0.656250 0.050000
vt 0.687500 0.000000
vt 0.625000 0.450000
vt 0.593750 0.450000
vt 0.593750 0.050000
vt 0.625000 0.050000
vt 0.718750 0.450000
vt 0.718750 0.000000
vt 0.812500 0.450000
vt 0.812500 0.000000
vt 0.781250 0.000000
vt 0.781250 0.450000
vt 0.781250 0.450000
vt 0.750000 0.000000
vt 0.750000 0.450000
vt 0.718750 0.450000
vt 0.593750 0.450000
vt 0.562500 0.050000
vt 0.562500 0.450000
vt 0.531250 0.050000
vt 0.531250 0.450000
vt 0.500000 0.050000
vt 0.500000 0.450000
vt 0.500000 0.450000
vt 0.468750 0.050000
vt 0.468750 0.450000
vt 0.661564 0.000000
vt 0.661565 0.000000
vt 0.463388 0.750000
vt 0.463388 0.674060
vt 0.536612 0.674060
vt 0.536612 0.750000
vt 1.000000 0.250000
vt 1.000000 0.000000
vt 0.968750 0.000000
vt 0.968750 0.250000
vt 0.031250 0.450000
vt 0.031250 0.000000
vt 0.000000 0.000000
vt 0.000000 0.450000
vt 0.187500 0.450000
vt 0.187500 0.000000
vt 0.156250 0.000000
vt 0.156250 0.450000
vt 0.156250 0.450000
vt 0.125000 0.000000
vt 0.125000 0.450000
vt 0.125000 0.450000
vt 0.093750 0.000000
vt 0.093750 0.450000
vt 0.093750 0.450000
vt 0.062500 0.000000
vt 0.062500 0.450000
vt 1.000000 0.135972
vt 0.968750 0.135972
vt 0.937500 0.000000
vt 0.937500 0.135972
vt 0.906250 0.000000
vt 0.906250 0.179208
vt 0.875000 0.000000
vt 0.875000 0.135972
vt 0.843750 0.000000
vt 0.843750 0.135972
vt 0.812500 0.179208
vt 0.781250 0.104191
vt 0.750000 0.179208
vt 0.718750 0.179208
vt 0.687500 0.149645
vt 0.656250 0.000000
vt 0.656250 0.135972
vt 0.625000 0.000000
vt 0.625000 0.149645
vt 0.593750 0.000000
vt 0.593750 0.179208
vt 0.562500 0.000000
vt 0.562500 0.179208
vt 0.531250 0.000000
vt 0.531250 0.149645
vt 0.500000 0.000000
vt 0.500000 0.179208
vt 0.468750 0.000000
vt 0.468750 0.179208
vt 0.437500 0.000000
vt 0.437500 0.179208
vt 0.416333 0.104191
vt 0.406250 0.000000
vt 0.406250 0.104191
vt 0.397183 0.179208
vt 0.375000 0.000000
vt 0.375000 0.149645
vt 0.343750 0.000000
vt 0.343750 0.135972
vt 0.312500 0.000000
vt 0.312500 0.179208
vt 0.281250 0.000000
vt 0.281250 0.179208
vt 0.250000 0.000000
vt 0.250000 0.149645
vt 0.218750 0.000000
vt 0.218750 0.135972
vt 0.187500 0.179208
vt 0.156250 0.104191
vt 0.125000 0.135972
vt 0.093750 0.149645
vt 0.062500 0.179208
vt 0.031250 0.104191
vt -0.000000 0.149645
vt 0.125000 0.222444
vt 0.156250 0.195099
vt 0.218750 0.222444
vt 0.343750 0.222444
vt 0.416333 0.222444
vt 0.406250 0.195099
vt 0.656250 0.222444
vt 0.843750 0.222444
vt 0.875000 0.222444
vt 0.937500 0.222444
vt 0.968750 0.222444
vt 1.000000 0.222444
vt 1.000000 0.500000
vt 0.968750 0.500000
vt 0.937500 0.500000
vt 0.906250 0.500000
vt 0.843750 0.500000
vt 0.812500 0.500000
vt 0.781250 0.195099
vt 0.781250 0.500000
vt 0.750000 0.500000
vt 0.718750 0.500000
vt 0.687500 0.500000
vt 0.656250 0.500000
vt 0.625000 0.500000
vt 0.593750 0.500000
vt 0.562500 0.500000
vt 0.531250 0.500000
vt 0.500000 0.500000
vt 0.468750 0.500000
vt 0.437500 0.500000
vt 0.406250 0.500000
vt 0.375000 0.500000
vt 0.343750 0.500000
vt 0.312500 0.500000
vt 0.281250 0.500000
vt 0.250000 0.500000
vt 0.218750 0.500000
vt 0.187500 0.500000
vt 0.156250 0.500000
vt 0.125000 0.500000
vt 0.093750 0.500000
vt 0.062500 0.500000
vt 0.031250 0.195099
vt 0.031250 0.500000
vt 0.000000 0.500000
vt 0.427370 0.203807
vt 0.432900 0.167753
vt 0.427685 0.128099
vt 0.406250 0.000000
vt 0.437500 0.000000
vt 0.031250 0.250000
vt 0.031250 0.172324
vt 0.000000 0.172324
vt 0.000000 0.250000
vt 0.937500 0.327676
vt 0.937500 0.250000
vt 0.906250 0.250000
vt 0.906250 0.327676
vt 0.437500 0.500000
vt 1.000000 0.403072
vt 0.937500 0.403072
vt 0.875000 0.403072
vt 0.812500 0.403072
vt 0.750000 0.403072
vt 0.687500 0.403072
vt 0.625000 0.403072
vt 0.562500 0.403072
vt 0.500000 0.403072
vt 0.437500 0.403072
vt 0.375000 0.403072
vt 0.312500 0.403072
vt 0.250000 0.403072
vt 0.187500 0.403072
vt 0.125000 0.403072
vt 0.062500 0.403072
vt -0.000000 0.403072
vt 0.720238 0.250000
vt 0.726190 0.250000
vt 0.714286 0.250000
vt 0.708333 0.250000
vt 0.702381 0.250000
vt 0.696428 0.250000
vt 0.690476 0.250000
vt 0.684524 0.250000
vt 0.678571 0.250000
vt 0.672619 0.250000
vt 0.666667 0.250000
vt 0.660714 0.250000
vt 0.654762 0.250000
vt 0.648810 0.250000
vt 0.642857 0.250000
vt 0.636905 0.250000
vt 0.630952 0.250000
vt 0.625000 0.250000
vt 0.630952 0.500000
vt 0.636905 0.500000
vt 0.642857 0.500000
vt 0.648810 0.500000
vt 0.654762 0.500000
vt 0.660714 0.500000
vt 0.666667 0.500000
vt 0.672619 0.500000
vt 0.678571 0.500000
vt 0.684524 0.500000
vt 0.690476 0.500000
vt 0.696429 0.500000
vt 0.702381 0.500000
vt 0.708333 0.500000
vt 0.714286 0.500000
vt 0.720238 0.500000
vt 0.726190 0.500000
vt 0.732143 0.500000
vt 0.738095 0.500000
vt 0.744048 0.500000
vt 0.750000 0.500000
vt 0.755952 0.500000
vt 0.761905 0.500000
vt 0.767857 0.500000
vt 0.773809 0.500000
vt 0.779762 0.500000
vt 0.785714 0.500000
vt 0.791667 0.500000
vt 0.797619 0.500000
vt 0.803572 0.500000
vt 0.809524 0.500000
vt 0.815476 0.500000
vt 0.821429 0.500000
vt 0.827381 0.500000
vt 0.833333 0.500000
vt 0.839286 0.500000
vt 0.845238 0.500000
vt 0.851190 0.500000
vt 0.857143 0.500000
vt 0.863095 0.500000
vt 0.863095 0.250000
vt 0.857143 0.250000
vt 0.851190 0.250000
vt 0.845238 0.250000
vt 0.839286 0.250000
vt 0.833333 0.250000
vt 0.827381 0.250000
vt 0.821429 0.250000
vt 0.815476 0.250000
vt 0.809524 0.250000
vt 0.803571 0.250000
vt 0.797619 0.250000
vt 0.791667 0.250000
vt 0.785714 0.250000
vt 0.779762 0.250000
vt 0.773810 0.250000
vt 0.767857 0.250000
vt 0.761905 0.250000
vt 0.755952 0.250000
vt 0.750000 0.250000
vt 0.744048 0.250000
vt 0.738095 0.250000
vt 0.732143 0.250000
vt 0.375000 0.250000
vt 0.369048 0.500000
vt 0.363095 0.500000
vt 0.357143 0.500000
vt 0.351190 0.500000
vt 0.345238 0.500000
vt 0.339286 0.500000
vt 0.333333 0.500000
vt 0.327381 0.500000
vt 0.321429 0.500000
vt 0.315476 0.500000
vt 0.309524 0.500000
vt 0.303571 0.500000
vt 0.297619 0.500000
vt 0.291667 0.500000
vt 0.285714 0.500000
vt 0.279762 0.500000
vt 0.273809 0.500000
vt 0.267857 0.500000
vt 0.261905 0.500000
vt 0.255952 0.500000
vt 0.250000 0.500000
vt 0.244048 0.500000
vt 0.238095 0.500000
vt 0.232143 0.500000
vt 0.226190 0.500000
vt 0.220238 0.500000
vt 0.214286 0.500000
vt 0.208333 0.500000
vt 0.202381 0.500000
vt 0.196429 0.500000
vt 0.190476 0.500000
vt 0.184524 0.500000
vt 0.178571 0.500000
vt 0.172619 0.500000
vt 0.154762 0.500000
vt 0.148810 0.500000
vt 0.142857 0.500000
vt 0.136905 0.500000
vt 0.130952 0.500000
vt 0.369048 0.250000
vt 0.363095 0.250000
vt 0.357143 0.250000
vt 0.130952 0.250000
vt 0.125000 0.250000
vt 0.136905 0.250000
vt 0.142857 0.250000
vt 0.148810 0.250000
vt 0.154762 0.250000
vt 0.172619 0.250000
vt 0.178571 0.250000
vt 0.184524 0.250000
vt 0.190476 0.250000
vt 0.196429 0.250000
vt 0.202381 0.250000
vt 0.208333 0.250000
vt 0.214286 0.250000
vt 0.220238 0.250000
vt 0.226190 0.250000
vt 0.232143 0.250000
vt 0.238095 0.250000
vt 0.244048 0.250000
vt 0.250000 0.250000
vt 0.255952 0.250000
vt 0.261905 0.250000
vt 0.267857 0.250000
vt 0.273809 0.250000
vt 0.279762 0.250000
vt 0.285714 0.250000
vt 0.291667 0.250000
vt 0.297619 0.250000
vt 0.303571 0.250000
vt 0.309524 0.250000
vt 0.315476 0.250000
vt 0.321429 0.250000
vt 0.327381 0.250000
vt 0.333333 0.250000
vt 0.339286 0.250000
vt 0.345238 0.250000
vt 0.351191 0.250000
vt 0.375000 1.000000
vt 0.625000 0.750000
vt 0.375000 0.750000
vt 0.625000 1.000000
vt 0.375000 0.505952
vt 0.625000 0.505952
vt 0.375000 0.005952
vt 0.625000 0.005952
vt 0.625000 0.244048
vt 0.375000 0.244048
vt 0.625000 0.238095
vt 0.375000 0.238095
vt 0.625000 0.232143
vt 0.375000 0.232143
vt 0.625000 0.226191
vt 0.375000 0.226190
vt 0.625000 0.220238
vt 0.375000 0.220238
vt 0.625000 0.214286
vt 0.375000 0.214286
vt 0.625000 0.208333
vt 0.375000 0.208333
vt 0.625000 0.202381
vt 0.375000 0.202381
vt 0.625000 0.196429
vt 0.375000 0.196429
vt 0.625000 0.190476
vt 0.375000 0.190476
vt 0.625000 0.184524
vt 0.375000 0.184524
vt 0.625000 0.178572
vt 0.375000 0.178571
vt 0.625000 0.172619
vt 0.375000 0.172619
vt 0.625000 0.166667
vt 0.375000 0.166667
vt 0.625000 0.160714
vt 0.375000 0.160714
vt 0.625000 0.154762
vt 0.375000 0.154762
vt 0.625000 0.148810
vt 0.375000 0.148809
vt 0.625000 0.142857
vt 0.375000 0.142857
vt 0.625000 0.136905
vt 0.375000 0.136905
vt 0.625000 0.130952
vt 0.375000 0.130952
vt 0.625000 0.125000
vt 0.375000 0.125000
vt 0.625000 0.119048
vt 0.375000 0.119048
vt 0.625000 0.113095
vt 0.375000 0.113095
vt 0.625000 0.107143
vt 0.375000 0.107143
vt 0.625000 0.101191
vt 0.375000 0.101190
vt 0.625000 0.095238
vt 0.375000 0.095238
vt 0.625000 0.089286
vt 0.375000 0.089286
vt 0.625000 0.083333
vt 0.375000 0.083333
vt 0.625000 0.077381
vt 0.375000 0.077381
vt 0.625000 0.071429
vt 0.375000 0.071429
vt 0.625000 0.065476
vt 0.375000 0.065476
vt 0.625000 0.059524
vt 0.375000 0.059524
vt 0.625000 0.053572
vt 0.375000 0.053571
vt 0.625000 0.047619
vt 0.375000 0.047619
vt 0.625000 0.041667
vt 0.375000 0.041667
vt 0.625000 0.035714
vt 0.375000 0.035714
vt 0.625000 0.029762
vt 0.375000 0.029762
vt 0.625000 0.023810
vt 0.375000 0.023809
vt 0.625000 0.017857
vt 0.375000 0.017857
vt 0.625000 0.011905
vt 0.375000 0.011905
vt 0.625000 0.744048
vt 0.375000 0.744048
vt 0.625000 0.738095
vt 0.375000 0.738095
vt 0.625000 0.732143
vt 0.375000 0.732143
vt 0.625000 0.726190
vt 0.375000 0.726190
vt 0.625000 0.720238
vt 0.375000 0.720238
vt 0.625000 0.714286
vt 0.375000 0.714286
vt 0.625000 0.708333
vt 0.375000 0.708333
vt 0.625000 0.702381
vt 0.375000 0.702381
vt 0.625000 0.696429
vt 0.375000 0.696429
vt 0.625000 0.690476
vt 0.375000 0.690476
vt 0.625000 0.684524
vt 0.375000 0.684524
vt 0.625000 0.678571
vt 0.375000 0.678571
vt 0.625000 0.672619
vt 0.375000 0.672619
vt 0.625000 0.666667
vt 0.375000 0.666667
vt 0.625000 0.660714
vt 0.375000 0.660714
vt 0.625000 0.654762
vt 0.375000 0.654762
vt 0.625000 0.648809
vt 0.375000 0.648810
vt 0.625000 0.642857
vt 0.375000 0.642857
vt 0.625000 0.636905
vt 0.375000 0.636905
vt 0.625000 0.630952
vt 0.375000 0.630952
vt 0.625000 0.625000
vt 0.375000 0.625000
vt 0.625000 0.619047
vt 0.375000 0.619048
vt 0.625000 0.613095
vt 0.375000 0.613095
vt 0.625000 0.607143
vt 0.375000 0.607143
vt 0.625000 0.601190
vt 0.375000 0.601191
vt 0.625000 0.595238
vt 0.375000 0.595238
vt 0.625000 0.589286
vt 0.375000 0.589286
vt 0.625000 0.583333
vt 0.375000 0.583333
vt 0.625000 0.577381
vt 0.375000 0.577381
vt 0.625000 0.571428
vt 0.375000 0.571429
vt 0.625000 0.565476
vt 0.375000 0.565476
vt 0.625000 0.559524
vt 0.375000 0.559524
vt 0.625000 0.553571
vt 0.375000 0.553571
vt 0.625000 0.547619
vt 0.375000 0.547619
vt 0.625000 0.541667
vt 0.375000 0.541667
vt 0.625000 0.535714
vt 0.375000 0.535714
vt 0.625000 0.529762
vt 0.375000 0.529762
vt 0.625000 0.523809
vt 0.375000 0.523810
vt 0.625000 0.517857
vt 0.375000 0.517857
vt 0.625000 0.511905
vt 0.375000 0.511905
vt 0.502256 0.050000
vt 0.502256 0.450000
vt 0.502256 0.050000
vt 0.502256 0.450000
vt 0.468750 0.450000
vt 0.437500 0.050000
vt 0.437500 0.450000
vt 0.468750 0.050000
vt 0.437500 0.450000
vt 0.406250 0.050000
vt 0.406250 0.450000
vt 0.375000 0.050000
vt 0.375000 0.450000
vt 0.375000 0.450000
vt 0.343750 0.050000
vt 0.343750 0.450000
vt 0.375000 0.050000
vt 0.312500 0.450000
vt 0.343750 0.450000
vt 0.338436 0.000000
vt 0.338435 0.000000
vt 0.218750 0.450000
vt 0.250000 0.450000
vt 0.218750 0.450000
vt 0.281250 0.450000
vt 0.281250 0.450000
vt 0.350795 0.000000
vt 0.649174 0.000000
vt 0.350826 0.000000
vt 0.649205 0.000000
vt 0.648147 0.000000
vt 0.350795 0.000000
vt 0.351853 0.000000
vt 0.772521 -0.000000
vt 0.742478 0.000000
vt 0.712300 0.000000
vt 0.682023 -0.000000
vt 0.654876 0.000000
vt 0.642012 0.000000
vt 0.344972 0.000000
vt 0.357988 0.000000
vt 0.317109 -0.000000
vt 0.286748 0.000000
vt 0.256470 0.000000
vt 0.226294 0.000000
vt 0.193965 0.000000
vt 0.804641 -0.000000
vt 0.184660 0.500000
vt 0.218227 0.500000
vt 0.750523 0.500000
vt 0.780727 0.500000
vt 0.719273 0.500000
vt 0.749477 0.500000
vt 0.688023 0.500000
vt 0.718227 0.500000
vt 0.656773 0.500000
vt 0.686977 0.500000
vt 0.625523 0.500000
vt 0.655727 0.500000
vt 0.594273 0.500000
vt 0.624477 0.500000
vt 0.563023 0.500000
vt 0.593227 0.500000
vt 0.531773 0.500000
vt 0.561977 0.500000
vt 0.500523 0.500000
vt 0.530727 0.500000
vt 0.469273 0.500000
vt 0.499477 0.500000
vt 0.438023 0.500000
vt 0.468227 0.500000
vt 0.406773 0.500000
vt 0.436977 0.500000
vt 0.375523 0.500000
vt 0.405727 0.500000
vt 0.344273 0.500000
vt 0.374477 0.500000
vt 0.313023 0.500000
vt 0.343227 0.500000
vt 0.281773 0.500000
vt 0.311977 0.500000
vt 0.250523 0.500000
vt 0.280727 0.500000
vt 0.219273 0.500000
vt 0.249477 0.500000
vt 0.962660 0.658156
vt 0.522496 0.704746
vt 0.537340 0.658156
vt 0.977504 0.704747
vt 0.518039 0.750000
vt 0.981961 0.750000
vt 0.522496 0.795253
vt 0.977504 0.795253
vt 0.535696 0.838768
vt 0.964304 0.838768
vt 0.557131 0.878871
vt 0.942869 0.878871
vt 0.585979 0.914021
vt 0.914021 0.914021
vt 0.621129 0.942869
vt 0.878871 0.942869
vt 0.661232 0.964304
vt 0.838768 0.964304
vt 0.704746 0.977504
vt 0.795253 0.977504
vt 0.750000 0.981961
vt 0.622269 0.000000
vt 0.591754 0.000000
vt 0.561185 -0.000000
vt 0.530596 0.000000
vt 0.469404 0.000000
vt 0.438815 0.000000
vt 0.408246 0.000000
vt 0.377731 0.000000
vt 0.812500 0.450000
vt 0.815340 0.500000
vt 0.344972 0.000000
vt 0.642012 0.000000
vt 0.781773 0.500000
vt 0.134425 0.490684
vt 0.125000 0.371871
vt 0.134362 0.373140
vt 0.125000 0.497317
vt 0.375000 0.752683
vt 0.463388 0.878720
vt 0.375000 0.878129
vt 0.463388 0.750000
vt 0.865575 0.490684
vt 0.799060 0.500000
vt 0.798966 0.490684
vt 0.872277 0.500000
vt 0.625000 0.747277
vt 0.625000 0.674060
vt 0.201034 0.490684
vt 0.201355 0.460476
vt 0.194684 0.425184
vt 0.174928 0.395264
vt 0.145115 0.375273
vt 0.625000 0.285714
vt 0.687500 0.285714
vt 0.687500 0.285714
vt 0.750000 0.285714
vt 0.750000 0.285714
vt 0.750000 0.267223
vt 0.750000 0.222580
vt 0.750000 0.035714
vt 0.750000 0.170277
vt 0.750000 0.125634
vt 0.750000 0.107143
vt 0.687500 0.107143
vt 0.750000 0.035714
vt 0.687500 0.035714
vt 0.562500 0.285714
vt 0.562500 0.500000
vt 0.543509 0.285714
vt 0.531802 0.267223
vt 0.531860 0.500000
vt 0.526953 0.222580
vt 0.500000 0.035714
vt 0.526953 0.170277
vt 0.531570 0.035714
vt 0.531802 0.125634
vt 0.543509 0.107143
vt 0.562500 0.035714
vt 0.562500 0.107143
vt 0.625000 0.035714
vt 0.625000 0.107143
vt 0.687500 0.035714
vt 0.687500 0.107143
vt 0.562500 0.035714
vt 0.562500 0.500000
vt 0.732545 -0.000000
vt 0.543929 0.000000
vt 0.678697 0.000000
vt 0.619582 0.000000
vt 0.559891 0.000000
vt 0.555741 0.000000
vt 0.532000 0.000000
vt 0.555749 0.000000
vt 0.733548 0.000000
vt 0.734090 0.000000
vt 0.555770 0.000000
vt 0.735652 0.000000
vt 0.562500 0.035714
vt 0.798645 0.460476
vt 0.865638 0.373140
vt 0.805316 0.425184
vt 0.825072 0.395264
vt 0.854885 0.375273
vt 0.875000 0.371871
vt 0.875000 0.497317
vt 0.536612 0.750000
vt 0.536612 0.878720
vt 0.625000 0.752683
vt 0.625000 0.878129
vt 0.375000 0.747277
vt 0.375000 0.674060
vt 0.200940 0.500000
vt 0.127723 0.500000
vt 0.750000 0.990000
vt 0.841844 0.528269
vt 0.919706 0.580294
vt 0.750000 0.510000
vt 0.971731 0.658156
vt 0.990000 0.750000
vt 0.971731 0.841844
vt 0.919706 0.919706
vt 0.814125 0.977245
vt 0.796818 0.980687
vt 0.841844 0.971731
vt 0.906250 0.125000
vt 0.875000 0.125000
vt 0.843750 0.125000
vt 0.812500 0.125000
vt 0.781250 0.125000
vt 0.718750 0.125000
vt 0.687500 0.125000
vt 0.656250 0.125000
vt 0.296822 0.514612
vt 0.203179 0.514611
vt 0.158156 0.528269
vt 0.250000 0.510000
vt 0.341844 0.528269
vt 0.116663 0.550447
vt 0.383337 0.550447
vt 0.080295 0.580294
vt 0.419706 0.580294
vt 0.050447 0.616663
vt 0.449553 0.616663
vt 0.028269 0.658156
vt 0.471731 0.658156
vt 0.014612 0.703178
vt 0.485388 0.703178
vt 0.010000 0.750000
vt 0.490000 0.750000
vt 0.014611 0.796821
vt 0.485388 0.796822
vt 0.028269 0.841844
vt 0.471731 0.841844
vt 0.050447 0.883337
vt 0.449553 0.883337
vt 0.080294 0.919706
vt 0.419706 0.919706
vt 0.116663 0.949553
vt 0.383337 0.949553
vt 0.158156 0.971731
vt 0.341844 0.971731
vt 0.203178 0.985388
vt 0.296822 0.985388
vt 0.250000 0.990000
vt 0.000000 0.125000
vt 0.031250 0.125000
vt 0.062500 0.250000
vt 0.062500 0.125000
vt 0.093750 0.250000
vt 0.093750 0.125000
vt 0.125000 0.250000
vt 0.125000 0.125000
vt 0.156250 0.250000
vt 0.156250 0.125000
vt 0.187500 0.250000
vt 0.187500 0.125000
vt 0.218750 0.250000
vt 0.218750 0.125000
vt 0.250000 0.250000
vt 0.250000 0.125000
vt 0.281250 0.250000
vt 0.281250 0.125000
vt 0.312500 0.250000
vt 0.312500 0.125000
vt 0.343750 0.250000
vt 0.343750 0.125000
vt 0.375000 0.250000
vt 0.375000 0.125000
vt 0.406250 0.250000
vt 0.406250 0.125000
vt 0.437500 0.250000
vt 0.437500 0.125000
vt 0.468750 0.250000
vt 0.468750 0.125000
vt 0.500000 0.250000
vt 0.500000 0.125000
vt 0.531250 0.250000
vt 0.531250 0.125000
vt 0.562500 0.250000
vt 0.562500 0.125000
vt 0.593750 0.250000
vt 0.593750 0.125000
vt 0.625000 0.125000
vt 0.656250 0.250000
vt 0.687500 0.250000
vt 0.718750 0.250000
vt 0.750000 0.250000
vt 0.750000 0.125000
vt 0.781250 0.250000
vt 0.812500 0.250000
vt 0.843750 0.250000
vt 0.937500 0.125000
vt 0.968750 0.125000
vt 1.000000 0.125000
vt 0.281250 0.062500
vt 0.750000 0.062500
vt 0.718750 0.062500
vt 0.781250 0.062500
vt 0.250000 0.062500
vt 0.218750 0.062500
vt 0.531250 0.062500
vt 0.500000 0.062500
vt 0.468750 0.062500
vt 0.031250 0.062500
vt 0.000000 0.062500
vt 0.968750 0.062500
vt 1.000000 0.062500
vt 0.796822 0.514612
vt 0.796822 0.985388
vt 0.750000 0.990000
vt 0.703179 0.514611
vt 0.703178 0.985388
vt 0.658156 0.528269
vt 0.658156 0.971731
vt 0.616663 0.550447
vt 0.616663 0.949553
vt 0.580295 0.580294
vt 0.580294 0.919706
vt 0.550447 0.616663
vt 0.550447 0.883337
vt 0.528269 0.658156
vt 0.528269 0.841844
vt 0.514612 0.703178
vt 0.514611 0.796821
vt 0.510000 0.750000
vt 0.841844 0.971731
vt 0.883337 0.949553
vt 0.883337 0.550447
vt 0.949553 0.616663
vt 0.949553 0.883337
vt 0.971731 0.841844
vt 0.985388 0.703178
vt 0.985388 0.796822
vt 0.406250 0.500000
vt 0.937500 0.450000
vt 0.906250 0.450000
vt 0.968750 0.450000
vt 0.937500 0.450000
vt 0.843750 0.450000
vt 0.875000 0.450000
vt 0.843750 0.450000
vt 0.906250 0.450000
vt 1.000000 0.450000
vt 0.968750 0.450000
vt 0.999477 0.000000
vt 0.969273 0.000000
vt 0.870168 -0.000000
vt 0.914525 0.000000
vt 0.889192 -0.000000
vt 0.861034 0.000000
vt 0.831940 0.000000
vt 0.166408 0.000000
vt 0.136847 0.000000
vt 0.107761 0.000000
vt 0.079613 0.000000
vt 0.054294 0.000000
vt 0.098671 -0.000000
vt 0.969273 0.500000
vt 0.999477 0.500000
vt 0.938023 0.500000
vt 0.968227 0.500000
vt 0.906773 0.500000
vt 0.936977 0.500000
vt 0.875523 0.500000
vt 0.905727 0.500000
vt 0.844273 0.500000
vt 0.874477 0.500000
vt 0.843227 0.500000
vt 0.156773 0.500000
vt 0.125523 0.500000
vt 0.155727 0.500000
vt 0.094273 0.500000
vt 0.124477 0.500000
vt 0.063023 0.500000
vt 0.093227 0.500000
vt 0.031773 0.500000
vt 0.061977 0.500000
vt 0.000523 0.500000
vt 0.030727 0.500000
vt 0.795254 0.522496
vt 0.704747 0.522496
vt 0.750000 0.518039
vt 0.661233 0.535696
vt 0.838768 0.535696
vt 0.621129 0.557131
vt 0.878871 0.557131
vt 0.585979 0.585978
vt 0.914021 0.585979
vt 0.557131 0.621129
vt 0.942869 0.621129
vt 0.116663 0.949553
vt 0.383337 0.949553
vt 0.341844 0.971731
vt 0.152049 0.968467
vt 0.203178 0.985388
vt 0.296822 0.985389
vt 0.580294 0.919705
vt 0.883337 0.949553
vt 0.616663 0.949553
vt 0.841844 0.971731
vt 0.652049 0.968467
vt 0.796822 0.985389
vt 0.703178 0.985388
vt 0.843750 0.327676
vt 0.812500 0.327676
vt 0.812500 0.327676
vt 0.781250 0.327676
vt 0.750000 0.327676
vt 0.656250 0.327676
vt 0.625000 0.327676
vt 0.593750 0.327676
vt 0.562500 0.327676
vt 0.437500 0.327676
vt 0.406250 0.327676
vt 0.406250 0.327676
vt 0.375000 0.327676
vt 0.375000 0.327676
vt 0.343750 0.327676
vt 0.312500 0.327676
vt 0.281250 0.327676
vt 0.281250 0.327676
vt 0.250000 0.327676
vt 0.250000 0.327676
vt 0.218750 0.327676
vt 0.218750 0.327676
vt 0.187500 0.327676
vt 0.187500 0.327676
vt 0.156250 0.327676
vt 0.156250 0.327676
vt 0.125000 0.172324
vt 0.125000 0.327676
vt 0.156250 0.172324
vt 0.093750 0.327676
vt 0.093750 0.327676
vt 0.062500 0.327676
vt 0.062500 0.327676
vt 0.031250 0.327676
vt 0.968750 0.327676
vt 0.000000 0.327676
vt 0.279526 0.898435
vt 0.279526 0.601565
vt 0.250000 0.598657
vt 0.307917 0.610177
vt 0.250000 0.901343
vt 0.220474 0.601565
vt 0.220474 0.898435
vt 0.192084 0.610177
vt 0.192083 0.889823
vt 0.165918 0.624163
vt 0.165918 0.875837
vt 0.142984 0.642984
vt 0.142984 0.857016
vt 0.124163 0.665918
vt 0.124163 0.834082
vt 0.110177 0.692083
vt 0.110177 0.807916
vt 0.101565 0.720474
vt 0.101565 0.779525
vt 0.098657 0.750000
vt 0.334082 0.875837
vt 0.307916 0.889823
vt 0.334082 0.624163
vt 0.357016 0.857016
vt 0.357016 0.642984
vt 0.375837 0.834082
vt 0.375837 0.665918
vt 0.389823 0.692083
vt 0.398435 0.779526
vt 0.389823 0.807916
vt 0.398435 0.720474
vt 0.401343 0.750000
vt 0.062500 0.172324
vt 0.093750 0.172324
vt 0.093750 0.172324
vt 0.125000 0.172324
vt 0.187500 0.172324
vt 0.187500 0.172324
vt 0.218750 0.172324
vt 0.250000 0.172324
vt 0.281250 0.172324
vt 0.312500 0.172324
vt 0.343750 0.172324
vt 0.375000 0.172324
vt 0.406250 0.172324
vt 0.406250 0.172324
vt 0.437500 0.172324
vt 0.468750 0.172324
vt 0.468750 0.172324
vt 0.500000 0.172324
vt 0.531250 0.172324
vt 0.562500 0.172324
vt 0.656250 0.172324
vt 0.687500 0.172324
vt 0.718750 0.172324
vt 0.750000 0.172324
vt 0.843750 0.172324
vt 0.875000 0.172324
vt 0.906250 0.172324
vt 0.937500 0.172324
vt 0.779526 0.601565
vt 0.779525 0.898435
vt 0.750000 0.598657
vt 0.750000 0.901343
vt 0.720475 0.601565
vt 0.720474 0.898435
vt 0.692084 0.610177
vt 0.692083 0.889823
vt 0.665918 0.624162
vt 0.665918 0.875837
vt 0.642984 0.642984
vt 0.642984 0.857016
vt 0.624163 0.665918
vt 0.624163 0.834082
vt 0.610177 0.692083
vt 0.610177 0.807916
vt 0.601565 0.720474
vt 0.601565 0.779526
vt 0.598657 0.750000
vt 0.807917 0.889823
vt 0.834082 0.624163
vt 0.807916 0.610177
vt 0.834082 0.875838
vt 0.857016 0.642984
vt 0.857016 0.857016
vt 0.875837 0.834082
vt 0.889823 0.692083
vt 0.875837 0.665918
vt 0.889823 0.807917
vt 0.898435 0.720475
vt 0.898435 0.779526
vt 0.901343 0.750000
vt 1.000000 0.327676
vt 0.970441 0.500000
vt 0.998309 0.500000
vt 0.968750 0.327676
vt 0.752533 0.510249
vt 0.794289 0.514362
vt 0.939191 0.500000
vt 0.967059 0.500000
vt 0.799257 0.515350
vt 0.839408 0.527530
vt 0.935809 0.000000
vt 0.907941 0.000000
vt 0.381092 0.549248
vt 0.344089 0.529469
vt 0.904559 0.000000
vt 0.876691 0.000000
vt 0.417738 0.578680
vt 0.385304 0.552062
vt 0.873309 0.000000
vt 0.845441 0.000000
vt 0.447938 0.614696
vt 0.421320 0.582262
vt 0.814191 0.500000
vt 0.842059 0.500000
vt 0.950752 0.618908
vt 0.970531 0.655911
vt 0.782941 0.500000
vt 0.810809 0.500000
vt 0.972470 0.660592
vt 0.984650 0.700743
vt 0.751691 0.500000
vt 0.779559 0.500000
vt 0.985638 0.705711
vt 0.989751 0.747467
vt 0.748309 0.000000
vt 0.720441 0.000000
vt 0.485638 0.794289
vt 0.489751 0.752533
vt 0.717059 0.000000
vt 0.689191 0.000000
vt 0.472470 0.839408
vt 0.484650 0.799257
vt 0.685809 0.000000
vt 0.657941 0.000000
vt 0.450752 0.881092
vt 0.470531 0.844089
vt 0.626691 0.500000
vt 0.654559 0.500000
vt 0.947938 0.885304
vt 0.921320 0.917738
vt 0.595441 0.500000
vt 0.623309 0.500000
vt 0.917738 0.921320
vt 0.885304 0.947938
vt 0.564191 0.500000
vt 0.592059 0.500000
vt 0.881092 0.950752
vt 0.844089 0.970531
vt 0.560809 0.000000
vt 0.532941 0.000000
vt 0.299257 0.984650
vt 0.339408 0.972470
vt 0.529559 0.000000
vt 0.501691 0.000000
vt 0.252533 0.989751
vt 0.294289 0.985638
vt 0.498309 0.000000
vt 0.470441 0.000000
vt 0.205711 0.985638
vt 0.247467 0.989751
vt 0.467059 0.000000
vt 0.439191 0.000000
vt 0.160591 0.972470
vt 0.200743 0.984650
vt 0.655911 0.970531
vt 0.618908 0.950752
vt 0.435809 0.000000
vt 0.407941 0.000000
vt 0.118908 0.950752
vt 0.155911 0.970531
vt 0.376691 0.500000
vt 0.404559 0.500000
vt 0.614696 0.947938
vt 0.582262 0.921320
vt 0.404559 0.000000
vt 0.376691 0.000000
vt 0.082262 0.921320
vt 0.114696 0.947938
vt 0.345441 0.500000
vt 0.373309 0.500000
vt 0.578680 0.917738
vt 0.552062 0.885304
vt 0.373309 0.000000
vt 0.345441 0.000000
vt 0.052062 0.885304
vt 0.078680 0.917738
vt 0.314191 0.500000
vt 0.342059 0.500000
vt 0.549247 0.881092
vt 0.529469 0.844089
vt 0.342059 0.000000
vt 0.314191 0.000000
vt 0.029469 0.844089
vt 0.049247 0.881092
vt 0.282941 0.500000
vt 0.310809 0.500000
vt 0.527530 0.839408
vt 0.515350 0.799257
vt 0.310809 0.000000
vt 0.282941 0.000000
vt 0.015350 0.799257
vt 0.027530 0.839408
vt 0.251691 0.500000
vt 0.279559 0.500000
vt 0.514362 0.794289
vt 0.510249 0.752533
vt 0.279559 0.000000
vt 0.251691 0.000000
vt 0.010249 0.752533
vt 0.014362 0.794289
vt 0.220441 0.500000
vt 0.248309 0.500000
vt 0.510249 0.747467
vt 0.514362 0.705711
vt 0.248309 0.000000
vt 0.220441 0.000000
vt 0.014362 0.705711
vt 0.010249 0.747467
vt 0.189191 0.500000
vt 0.217059 0.500000
vt 0.515350 0.700742
vt 0.527530 0.660591
vt 0.217059 0.000000
vt 0.189191 0.000000
vt 0.027530 0.660591
vt 0.015350 0.700742
vt 0.157941 0.500000
vt 0.185809 0.500000
vt 0.529469 0.655911
vt 0.549248 0.618908
vt 0.185809 0.000000
vt 0.157941 0.000000
vt 0.049248 0.618908
vt 0.029469 0.655911
vt 0.126691 0.500000
vt 0.154559 0.500000
vt 0.552062 0.614695
vt 0.578680 0.582262
vt 0.154559 0.000000
vt 0.126691 0.000000
vt 0.078680 0.582262
vt 0.052062 0.614695
vt 0.095441 0.500000
vt 0.123309 0.500000
vt 0.582262 0.578680
vt 0.614696 0.552062
vt 0.123309 0.000000
vt 0.095441 0.000000
vt 0.114696 0.552062
vt 0.082262 0.578680
vt 0.064191 0.500000
vt 0.092059 0.500000
vt 0.618908 0.549247
vt 0.655912 0.529469
vt 0.092059 0.000000
vt 0.064191 0.000000
vt 0.155912 0.529469
vt 0.118908 0.549247
vt 0.032941 0.500000
vt 0.060809 0.500000
vt 0.660592 0.527530
vt 0.700743 0.515350
vt 0.060809 0.000000
vt 0.032941 0.000000
vt 0.001691 0.500000
vt 0.029559 0.500000
vt 0.705712 0.514362
vt 0.747467 0.510249
vt 0.875000 0.327676
vt 0.875000 0.327676
vt 0.750000 0.327676
vt 0.718750 0.327676
vt 0.718750 0.327676
vt 0.687500 0.327676
vt 0.687500 0.327676
vt 0.656250 0.327676
vt 0.562500 0.327676
vt 0.531250 0.327676
vt 0.531250 0.327676
vt 0.500000 0.327676
vt 0.468750 0.327676
vt 0.968750 0.172324
vt 1.000000 0.172324
vt 0.593750 0.172324
vt 0.625000 0.172324
vt 0.781250 0.172324
vt 0.812500 0.172324
vt 0.998309 0.000000
vt 0.970441 0.000000
vt 0.294289 0.514362
vt 0.252533 0.510249
vt 0.967059 0.000000
vt 0.939191 0.000000
vt 0.339408 0.527530
vt 0.299257 0.515350
vt 0.907941 0.500000
vt 0.935809 0.500000
vt 0.844089 0.529469
vt 0.881092 0.549248
vt 0.876691 0.500000
vt 0.904559 0.500000
vt 0.885304 0.552062
vt 0.917738 0.578680
vt 0.845441 0.500000
vt 0.873309 0.500000
vt 0.921320 0.582262
vt 0.947938 0.614696
vt 0.842059 0.000000
vt 0.814191 0.000000
vt 0.470531 0.655911
vt 0.450753 0.618908
vt 0.810809 0.000000
vt 0.782941 0.000000
vt 0.484650 0.700743
vt 0.472470 0.660592
vt 0.779559 0.000000
vt 0.751691 0.000000
vt 0.489751 0.747467
vt 0.485638 0.705711
vt 0.720441 0.500000
vt 0.748309 0.500000
vt 0.989751 0.752533
vt 0.985638 0.794289
vt 0.689191 0.500000
vt 0.717059 0.500000
vt 0.984650 0.799257
vt 0.972470 0.839408
vt 0.657941 0.500000
vt 0.685809 0.500000
vt 0.970531 0.844089
vt 0.950753 0.881092
vt 0.654559 0.000000
vt 0.626691 0.000000
vt 0.421320 0.917738
vt 0.447938 0.885304
vt 0.623309 0.000000
vt 0.595441 0.000000
vt 0.385304 0.947938
vt 0.417738 0.921320
vt 0.592059 0.000000
vt 0.564191 0.000000
vt 0.344089 0.970531
vt 0.381092 0.950752
vt 0.532941 0.500000
vt 0.560809 0.500000
vt 0.839408 0.972470
vt 0.799257 0.984650
vt 0.501691 0.500000
vt 0.529559 0.500000
vt 0.794289 0.985638
vt 0.752533 0.989751
vt 0.470441 0.500000
vt 0.498309 0.500000
vt 0.747467 0.989751
vt 0.705711 0.985638
vt 0.439191 0.500000
vt 0.467059 0.500000
vt 0.700743 0.984650
vt 0.660591 0.972470
vt 0.407941 0.500000
vt 0.435809 0.500000
vt 0.200743 0.515350
vt 0.160592 0.527530
vt 0.029559 0.000000
vt 0.001691 0.000000
vt 0.247467 0.510249
vt 0.205712 0.514362
vt 0.528269 0.841844
vt 0.000000 1.000000
vt 0.510000 0.750000
vt 0.580294 0.919706
vt 0.528269 0.658156
vt 0.580294 0.580294
vt 0.658156 0.528269
vt 0.658156 0.971731
vt 0.080294 0.580294
vt 0.158156 0.528269
vt 0.028269 0.658156
vt 0.010000 0.750000
vt 0.028269 0.841844
vt 0.471731 0.841844
vt 0.080294 0.919706
vt 0.341844 0.971731
vt 0.158156 0.971731
vt 0.250000 0.990000
s 0
usemtl Material
f 3/1/1 4/2/1 2/3/1
f 3/1/1 2/3/1 1/4/1
f 241/173/62 242/174/62 243/175/62
f 241/173/62 243/175/62 244/176/62
f 313/195/2 314/196/2 316/195/2
f 313/195/2 315/196/2 314/196/2
f 317/197/2 313/195/2 316/195/2
f 317/197/2 316/195/2 318/197/2
f 319/198/2 317/197/2 318/197/2
f 319/198/2 318/197/2 320/198/2
f 321/199/2 319/198/2 320/198/2
f 321/199/2 320/198/2 322/199/2
f 323/200/2 321/199/2 322/199/2
f 323/200/2 322/199/2 324/200/2
f 325/201/2 323/200/2 324/200/2
f 325/201/2 324/200/2 326/201/2
f 327/202/2 325/201/2 326/201/2
f 327/202/2 326/201/2 328/202/2
f 329/203/2 327/202/2 328/202/2
f 329/203/2 328/202/2 330/203/2
f 331/204/2 329/203/2 330/203/2
f 331/204/2 330/203/2 332/204/2
f 333/205/2 331/204/2 332/204/2
f 333/205/2 332/204/2 334/205/2
f 335/206/2 333/205/2 334/205/2
f 335/206/2 334/205/2 336/206/2
f 337/207/2 335/206/2 336/206/2
f 337/207/2 336/206/2 338/207/2
f 339/208/2 337/207/2 338/207/2
f 339/208/2 338/207/2 340/208/2
f 341/209/2 339/208/2 340/208/2
f 341/209/2 340/208/2 342/209/2
f 343/210/2 341/209/2 342/209/2
f 343/210/2 342/209/2 344/210/2
f 345/211/2 343/210/2 344/210/2
f 345/211/2 344/210/2 346/211/2
f 347/212/2 345/211/2 346/211/2
f 350/142/2 347/212/2 348/212/2
f 348/212/2 347/212/2 349/212/2
f 347/212/2 346/211/2 349/212/2
f 353/213/2 350/142/2 351/142/2
f 350/142/2 352/142/2 351/142/2
f 350/142/2 348/212/2 352/142/2
f 354/214/2 353/213/2 355/213/2
f 353/213/2 351/142/2 355/213/2
f 354/214/2 355/213/2 356/214/2
f 357/215/2 354/214/2 356/214/2
f 357/215/2 356/214/2 358/215/2
f 359/216/2 357/215/2 358/215/2
f 359/216/2 358/215/2 360/216/2
f 361/217/2 359/216/2 360/216/2
f 361/217/2 360/216/2 362/217/2
f 363/218/2 361/217/2 362/217/2
f 363/218/2 362/217/2 364/218/2
f 365/219/2 363/218/2 364/218/2
f 365/219/2 364/218/2 366/219/2
f 367/220/2 365/219/2 366/219/2
f 367/220/2 366/219/2 368/220/2
f 369/221/2 367/220/2 368/220/2
f 369/221/2 368/220/2 370/221/2
f 371/222/2 369/221/2 370/221/2
f 371/222/2 370/221/2 372/222/2
f 373/223/2 371/222/2 372/222/2
f 373/223/2 372/222/2 374/223/2
f 375/224/2 373/223/2 374/223/2
f 375/224/2 374/223/2 376/224/2
f 377/225/2 375/224/2 376/224/2
f 377/225/2 376/224/2 378/225/2
f 379/226/2 377/225/2 378/225/2
f 379/226/2 378/225/2 380/226/2
f 381/227/2 379/226/2 380/226/2
f 381/227/2 380/226/2 382/227/2
f 383/228/2 381/227/2 382/227/2
f 383/228/2 382/227/2 384/228/2
f 385/229/2 383/228/2 384/228/2
f 385/229/2 384/228/2 386/229/2
f 387/230/2 385/229/2 386/229/2
f 387/230/2 386/229/2 388/230/2
f 389/231/2 387/230/2 388/230/2
f 389/231/2 388/230/2 390/231/2
f 391/232/2 389/231/2 390/231/2
f 391/232/2 390/231/2 392/232/2
f 393/233/2 391/232/2 392/232/2
f 393/233/2 392/232/2 394/233/2
f 395/234/2 393/233/2 394/233/2
f 395/234/2 394/233/2 396/234/2
f 397/235/2 395/234/2 396/234/2
f 397/235/2 396/234/2 398/235/2
f 399/236/2 398/235/2 400/236/2
f 399/236/2 397/235/2 398/235/2
f 401/237/2 400/236/2 402/237/2
f 401/237/2 399/236/2 400/236/2
f 403/238/2 402/237/2 404/238/2
f 403/238/2 401/237/2 402/237/2
f 405/239/2 404/238/2 406/239/2
f 405/239/2 403/238/2 404/238/2
f 407/240/2 406/239/2 408/240/2
f 407/240/2 405/239/2 406/239/2
f 409/241/2 408/240/2 410/241/2
f 409/241/2 407/240/2 408/240/2
f 411/242/2 410/241/2 412/242/2
f 411/242/2 409/241/2 410/241/2
f 413/243/2 412/242/2 414/243/2
f 413/243/2 411/242/2 412/242/2
f 415/244/2 414/243/2 416/244/2
f 415/244/2 413/243/2 414/243/2
f 417/245/2 416/244/2 418/245/2
f 417/245/2 415/244/2 416/244/2
f 419/246/2 418/245/2 420/246/2
f 419/246/2 417/245/2 418/245/2
f 421/247/2 420/246/2 422/247/2
f 421/247/2 419/246/2 420/246/2
f 423/248/2 422/247/2 424/248/2
f 423/248/2 421/247/2 422/247/2
f 425/249/2 424/248/2 426/249/2
f 425/249/2 423/248/2 424/248/2
f 427/250/2 426/249/2 428/250/2
f 427/250/2 425/249/2 426/249/2
f 429/251/2 428/250/2 430/251/2
f 429/251/2 427/250/2 428/250/2
f 431/252/2 430/251/2 432/252/2
f 431/252/2 429/251/2 430/251/2
f 433/5/2 432/252/2 434/5/2
f 433/5/2 431/252/2 432/252/2
f 435/6/2 434/5/2 436/6/2
f 435/6/2 433/5/2 434/5/2
f 437/6/2 435/6/2 436/6/2
f 438/7/2 435/6/2 437/6/2
f 438/7/2 437/6/2 439/7/2
f 438/7/2 439/7/2 440/7/2
f 441/8/2 438/7/2 440/7/2
f 441/8/2 440/7/2 442/8/2
f 443/253/2 442/8/2 444/253/2
f 443/253/2 441/8/2 442/8/2
f 445/254/2 443/253/2 444/253/2
f 445/254/2 444/253/2 446/254/2
f 447/255/2 446/254/2 448/255/2
f 447/255/2 445/254/2 446/254/2
f 449/256/2 448/255/2 450/256/2
f 449/256/2 447/255/2 448/255/2
f 451/257/2 450/256/2 452/257/2
f 451/257/2 449/256/2 450/256/2
f 453/258/2 452/257/2 454/258/2
f 453/258/2 451/257/2 452/257/2
f 455/259/2 454/258/2 456/259/2
f 455/259/2 453/258/2 454/258/2
f 457/260/2 456/259/2 458/260/2
f 457/260/2 455/259/2 456/259/2
f 459/261/2 458/260/2 460/261/2
f 459/261/2 457/260/2 458/260/2
f 461/262/2 460/261/2 462/262/2
f 461/262/2 459/261/2 460/261/2
f 463/263/2 462/262/2 464/263/2
f 463/263/2 461/262/2 462/262/2
f 465/264/2 464/263/2 466/264/2
f 465/264/2 463/263/2 464/263/2
f 467/265/2 466/264/2 468/265/2
f 467/265/2 465/264/2 466/264/2
f 469/266/2 468/265/2 470/266/2
f 469/266/2 467/265/2 468/265/2
f 471/267/2 470/266/2 472/267/2
f 471/267/2 469/266/2 470/266/2
f 473/268/2 472/267/2 474/268/2
f 473/268/2 471/267/2 472/267/2
f 475/269/2 474/268/2 476/269/2
f 475/269/2 473/268/2 474/268/2
f 477/270/2 476/269/2 478/270/2
f 477/270/2 475/269/2 476/269/2
f 479/271/2 478/270/2 480/271/2
f 479/271/2 477/270/2 478/270/2
f 481/272/2 480/271/2 482/272/2
f 481/272/2 479/271/2 480/271/2
f 483/273/2 482/272/2 484/273/2
f 483/273/2 481/272/2 482/272/2
f 485/274/2 484/273/2 486/274/2
f 485/274/2 483/273/2 484/273/2
f 487/275/2 486/274/2 488/275/2
f 487/275/2 485/274/2 486/274/2
f 315/196/2 488/275/2 314/196/2
f 315/196/2 487/275/2 488/275/2
f 489/276/1 491/150/1 490/276/1
f 489/276/1 492/150/1 491/150/1
f 491/150/1 492/150/1 493/150/1
f 492/150/1 494/277/1 493/150/1
f 492/150/1 495/277/1 494/277/1
f 495/277/1 496/278/1 494/277/1
f 495/277/1 497/278/1 496/278/1
f 497/278/1 498/279/1 496/278/1
f 497/278/1 499/279/1 498/279/1
f 499/279/1 500/280/1 498/279/1
f 499/279/1 501/280/1 500/280/1
f 501/280/1 502/281/1 500/280/1
f 501/280/1 503/281/1 502/281/1
f 503/281/1 504/282/1 502/281/1
f 503/281/1 505/282/1 504/282/1
f 505/282/1 506/283/1 504/282/1
f 505/282/1 507/283/1 506/283/1
f 507/283/1 508/284/1 506/283/1
f 507/283/1 509/284/1 508/284/1
f 509/284/1 510/285/1 508/284/1
f 509/284/1 511/285/1 510/285/1
f 511/285/1 512/286/1 510/285/1
f 511/285/1 513/286/1 512/286/1
f 513/286/1 514/287/1 512/286/1
f 513/286/1 515/287/1 514/287/1
f 515/287/1 516/288/1 514/287/1
f 515/287/1 517/288/1 516/288/1
f 517/288/1 518/289/1 516/288/1
f 517/288/1 519/289/1 518/289/1
f 519/289/1 520/290/1 518/289/1
f 519/289/1 521/290/1 520/290/1
f 521/290/1 522/291/1 520/290/1
f 521/290/1 523/291/1 522/291/1
f 523/291/1 524/292/1 522/291/1
f 523/291/1 525/292/1 524/292/1
f 525/292/1 526/293/1 524/292/1
f 525/292/1 527/293/1 526/293/1
f 527/293/1 528/294/1 526/293/1
f 527/293/1 529/294/1 528/294/1
f 529/294/1 530/295/1 528/294/1
f 529/294/1 531/295/1 530/295/1
f 531/295/1 532/296/1 530/295/1
f 531/295/1 533/296/1 532/296/1
f 533/296/1 534/297/1 532/296/1
f 533/296/1 535/297/1 534/297/1
f 535/297/1 536/298/1 534/297/1
f 535/297/1 537/298/1 536/298/1
f 537/298/1 538/299/1 536/298/1
f 537/298/1 539/299/1 538/299/1
f 539/299/1 540/300/1 538/299/1
f 539/299/1 541/300/1 540/300/1
f 541/300/1 542/301/1 540/300/1
f 541/300/1 543/301/1 542/301/1
f 543/301/1 544/302/1 542/301/1
f 543/301/1 545/302/1 544/302/1
f 545/302/1 546/303/1 544/302/1
f 545/302/1 547/303/1 546/303/1
f 547/303/1 548/304/1 546/303/1
f 547/303/1 549/304/1 548/304/1
f 549/304/1 550/305/1 548/304/1
f 549/304/1 551/305/1 550/305/1
f 551/305/1 552/306/1 550/305/1
f 551/305/1 553/306/1 552/306/1
f 553/306/1 554/307/1 552/306/1
f 553/306/1 555/307/1 554/307/1
f 555/307/1 556/308/1 554/307/1
f 555/307/1 557/308/1 556/308/1
f 557/308/1 558/309/1 556/308/1
f 557/308/1 559/309/1 558/309/1
f 559/309/1 560/310/1 558/309/1
f 559/309/1 561/310/1 560/310/1
f 561/310/1 562/2/1 560/310/1
f 561/310/1 563/2/1 562/2/1
f 563/2/1 564/1/1 562/2/1
f 563/2/1 565/1/1 564/1/1
f 565/1/1 566/311/1 564/1/1
f 565/1/1 567/311/1 566/311/1
f 567/311/1 568/312/1 566/311/1
f 567/311/1 569/312/1 568/312/1
f 569/312/1 570/313/1 568/312/1
f 569/312/1 571/313/1 570/313/1
f 571/313/1 572/314/1 570/313/1
f 571/313/1 573/314/1 572/314/1
f 573/314/1 574/315/1 572/314/1
f 573/314/1 575/315/1 574/315/1
f 575/315/1 576/158/1 574/315/1
f 575/315/1 577/158/1 576/158/1
f 578/277/1 579/276/1 581/316/1
f 578/277/1 580/150/1 579/276/1
f 582/278/1 578/277/1 581/316/1
f 583/279/1 582/278/1 584/317/1
f 582/278/1 581/316/1 584/317/1
f 583/279/1 584/317/1 585/318/1
f 585/318/1 584/317/1 587/317/1
f 584/317/1 581/316/1 586/316/1
f 584/317/1 586/316/1 587/317/1
f 581/316/1 579/276/1 586/316/1
f 588/158/1 589/319/1 591/320/1
f 588/158/1 590/315/1 589/319/1
f 592/315/1 593/321/1 595/319/1
f 592/315/1 594/314/1 593/321/1
f 596/314/1 597/322/1 599/321/1
f 596/314/1 598/313/1 597/322/1
f 600/313/1 601/323/1 603/322/1
f 600/313/1 602/312/1 601/323/1
f 604/312/1 605/324/1 607/323/1
f 604/312/1 606/311/1 605/324/1
f 608/311/1 609/4/1 611/324/1
f 608/311/1 610/1/1 609/4/1
f 612/2/1 613/325/1 615/3/1
f 612/2/1 614/310/1 613/325/1
f 616/310/1 617/326/1 619/325/1
f 616/310/1 618/309/1 617/326/1
f 619/325/1 617/326/1 620/326/1
f 617/326/1 621/327/1 620/326/1
f 617/326/1 622/327/1 621/327/1
f 622/327/1 623/328/1 621/327/1
f 622/327/1 624/328/1 623/328/1
f 624/328/1 625/329/1 623/328/1
f 624/328/1 626/329/1 625/329/1
f 626/329/1 627/330/1 625/329/1
f 626/329/1 628/330/1 627/330/1
f 628/330/1 629/331/1 627/330/1
f 630/305/1 629/331/1 628/330/1
f 630/305/1 631/304/1 629/331/1
f 632/306/1 630/305/1 628/330/1
f 633/307/1 632/306/1 626/329/1
f 632/306/1 628/330/1 626/329/1
f 634/308/1 633/307/1 624/328/1
f 633/307/1 626/329/1 624/328/1
f 618/309/1 634/308/1 622/327/1
f 634/308/1 624/328/1 622/327/1
f 618/309/1 622/327/1 617/326/1
f 635/304/1 636/332/1 638/331/1
f 635/304/1 637/303/1 636/332/1
f 639/303/1 640/333/1 642/332/1
f 639/303/1 641/302/1 640/333/1
f 643/302/1 644/334/1 646/333/1
f 643/302/1 645/301/1 644/334/1
f 647/301/1 648/335/1 650/334/1
f 647/301/1 649/300/1 648/335/1
f 651/300/1 652/336/1 654/335/1
f 651/300/1 653/299/1 652/336/1
f 655/299/1 656/337/1 658/336/1
f 655/299/1 657/298/1 656/337/1
f 657/298/1 659/338/1 656/337/1
f 657/298/1 660/297/1 659/338/1
f 660/297/1 661/339/1 659/338/1
f 660/297/1 662/296/1 661/339/1
f 663/296/1 664/340/1 666/339/1
f 663/296/1 665/295/1 664/340/1
f 667/295/1 668/341/1 670/340/1
f 667/295/1 669/294/1 668/341/1
f 671/294/1 672/342/1 674/341/1
f 671/294/1 673/293/1 672/342/1
f 675/293/1 676/343/1 678/342/1
f 675/293/1 677/292/1 676/343/1
f 677/292/1 679/344/1 676/343/1
f 677/292/1 680/291/1 679/344/1
f 680/291/1 681/345/1 679/344/1
f 680/291/1 682/290/1 681/345/1
f 682/290/1 683/346/1 681/345/1
f 682/290/1 684/289/1 683/346/1
f 684/289/1 685/347/1 683/346/1
f 684/289/1 686/288/1 685/347/1
f 683/346/1 685/347/1 687/346/1
f 681/345/1 687/346/1 688/345/1
f 681/345/1 683/346/1 687/346/1
f 679/344/1 688/345/1 689/344/1
f 679/344/1 681/345/1 688/345/1
f 690/288/1 691/348/1 693/347/1
f 690/288/1 692/287/1 691/348/1
f 694/287/1 695/349/1 697/348/1
f 694/287/1 696/286/1 695/349/1
f 698/286/1 699/350/1 701/349/1
f 698/286/1 700/285/1 699/350/1
f 702/285/1 703/351/1 705/350/1
f 702/285/1 704/284/1 703/351/1
f 705/350/1 703/351/1 706/351/1
f 703/351/1 707/352/1 706/351/1
f 703/351/1 708/352/1 707/352/1
f 708/352/1 709/353/1 707/352/1
f 710/283/1 709/353/1 708/352/1
f 710/283/1 711/282/1 709/353/1
f 704/284/1 710/283/1 708/352/1
f 704/284/1 708/352/1 703/351/1
f 712/282/1 713/354/1 715/353/1
f 712/282/1 714/281/1 713/354/1
f 716/281/1 717/355/1 719/354/1
f 716/281/1 718/280/1 717/355/1
f 720/280/1 721/318/1 723/355/1
f 720/280/1 722/279/1 721/318/1
f 724/323/1 725/324/1 727/323/1
f 724/323/1 726/324/1 725/324/1
f 728/322/1 729/323/1 731/322/1
f 728/322/1 730/323/1 729/323/1
f 732/321/1 733/322/1 735/321/1
f 732/321/1 734/322/1 733/322/1
f 736/320/1 737/319/1 739/320/1
f 736/320/1 738/319/1 737/319/1
f 740/355/1 741/318/1 743/355/1
f 740/355/1 742/318/1 741/318/1
f 744/354/1 745/355/1 747/354/1
f 744/354/1 746/355/1 745/355/1
f 748/348/1 749/349/1 751/348/1
f 748/348/1 750/349/1 749/349/1
f 752/347/1 753/348/1 755/347/1
f 752/347/1 754/348/1 753/348/1
f 756/6/94 757/5/94 759/5/94
f 756/6/94 758/6/94 757/5/94
f 759/5/94 760/252/94 762/252/94
f 759/5/94 761/5/94 760/252/94
f 762/252/94 763/251/94 765/251/94
f 762/252/94 764/252/94 763/251/94
f 765/251/94 766/250/94 768/250/94
f 765/251/94 767/251/94 766/250/94
f 768/250/94 769/249/94 771/249/94
f 768/250/94 770/250/94 769/249/94
f 771/249/94 772/248/94 774/248/94
f 771/249/94 773/249/94 772/248/94
f 774/248/94 775/247/94 777/247/94
f 774/248/94 776/248/94 775/247/94
f 777/247/94 778/246/94 780/246/94
f 777/247/94 779/247/94 778/246/94
f 780/246/94 781/245/94 783/245/94
f 780/246/94 782/246/94 781/245/94
f 783/245/94 784/244/94 786/244/94
f 783/245/94 785/245/94 784/244/94
f 786/244/94 787/243/94 789/243/94
f 786/244/94 788/244/94 787/243/94
f 789/243/94 790/242/94 792/242/94
f 789/243/94 791/243/94 790/242/94
f 792/242/94 793/241/94 795/241/94
f 792/242/94 794/242/94 793/241/94
f 795/241/94 796/240/94 798/240/94
f 795/241/94 797/241/94 796/240/94
f 798/240/94 799/239/94 801/239/94
f 798/240/94 800/240/94 799/239/94
f 801/239/94 802/238/94 804/238/94
f 801/239/94 803/239/94 802/238/94
f 804/238/94 805/237/94 807/237/94
f 804/238/94 806/238/94 805/237/94
f 807/237/94 808/236/94 810/236/94
f 807/237/94 809/237/94 808/236/94
f 810/236/94 811/235/94 813/235/94
f 810/236/94 812/236/94 811/235/94
f 813/235/94 814/234/94 816/234/94
f 813/235/94 815/235/94 814/234/94
f 816/234/94 817/233/94 819/233/94
f 816/234/94 818/234/94 817/233/94
f 819/233/94 820/232/94 822/232/94
f 819/233/94 821/233/94 820/232/94
f 822/232/94 823/231/94 825/231/94
f 822/232/94 824/232/94 823/231/94
f 825/231/94 826/230/94 828/230/94
f 825/231/94 827/231/94 826/230/94
f 828/230/94 829/229/94 831/229/94
f 828/230/94 830/230/94 829/229/94
f 831/229/94 832/228/94 834/228/94
f 831/229/94 833/229/94 832/228/94
f 834/228/94 835/227/94 837/227/94
f 834/228/94 836/228/94 835/227/94
f 837/227/94 838/226/94 840/226/94
f 837/227/94 839/227/94 838/226/94
f 840/226/94 841/225/94 843/225/94
f 840/226/94 842/226/94 841/225/94
f 843/225/94 844/224/94 846/224/94
f 843/225/94 845/225/94 844/224/94
f 846/224/94 847/223/94 849/223/94
f 846/224/94 848/224/94 847/223/94
f 849/223/94 850/222/94 852/222/94
f 849/223/94 851/223/94 850/222/94
f 852/222/94 853/221/94 855/221/94
f 852/222/94 854/222/94 853/221/94
f 855/221/94 856/220/94 858/220/94
f 855/221/94 857/221/94 856/220/94
f 858/220/94 859/219/94 861/219/94
f 858/220/94 860/220/94 859/219/94
f 861/219/94 862/218/94 864/218/94
f 861/219/94 863/219/94 862/218/94
f 864/218/94 865/217/94 867/217/94
f 864/218/94 866/218/94 865/217/94
f 867/217/94 868/216/94 870/216/94
f 867/217/94 869/217/94 868/216/94
f 871/7/95 872/6/95 874/6/95
f 871/7/95 873/7/95 872/6/95
f 875/8/96 876/7/96 878/7/96
f 875/8/96 877/8/96 876/7/96
f 879/5/97 880/8/97 882/8/97
f 879/5/97 881/5/97 880/8/97
f 883/213/94 884/142/94 886/142/94
f 883/213/94 885/213/94 884/142/94
f 887/211/95 888/213/95 890/213/95
f 887/211/95 889/211/95 888/213/95
s 1
f 891/212/96 892/211/96 894/211/96
s 0
f 891/212/96 893/212/96 892/211/96
f 894/211/96 895/210/96 897/210/96
s 1
f 894/211/96 896/211/96 895/210/96
s 0
f 898/142/97 899/212/97 901/212/97
f 898/142/97 900/142/97 899/212/97
f 902/214/94 903/213/94 905/213/94
f 902/214/94 904/214/94 903/213/94
f 906/215/94 907/214/94 902/214/94
f 906/215/94 908/215/94 907/214/94
f 909/210/95 910/214/95 912/214/95
f 909/210/95 911/210/95 910/214/95
f 913/213/97 914/211/97 916/211/97
f 913/213/97 915/213/97 914/211/97
f 917/209/95 918/215/95 920/215/95
f 917/209/95 919/209/95 918/215/95
f 921/210/96 922/209/96 924/209/96
f 921/210/96 923/210/96 922/209/96
s 1
f 924/209/96 925/208/96 927/208/96
s 0
f 924/209/96 926/209/96 925/208/96
f 928/214/97 929/210/97 931/210/97
f 928/214/97 930/214/97 929/210/97
f 932/216/94 933/215/94 935/215/94
f 932/216/94 934/216/94 933/215/94
f 936/208/95 937/216/95 939/216/95
f 936/208/95 938/208/95 937/216/95
f 940/215/97 941/209/97 943/209/97
f 940/215/97 942/215/97 941/209/97
f 944/207/95 945/217/95 947/217/95
f 944/207/95 946/207/95 945/217/95
s 1
f 948/208/96 949/207/96 951/207/96
s 0
f 948/208/96 950/208/96 949/207/96
f 952/216/97 953/208/97 955/208/97
f 952/216/97 954/216/97 953/208/97
f 956/206/95 957/218/95 959/218/95
f 956/206/95 958/206/95 957/218/95
f 960/207/96 961/206/96 963/206/96
f 960/207/96 962/207/96 961/206/96
f 963/206/96 964/205/96 966/205/96
f 963/206/96 965/206/96 964/205/96
s 1
f 966/205/96 967/204/96 969/204/96
s 0
f 966/205/96 968/205/96 967/204/96
f 970/217/97 971/207/97 973/207/97
f 970/217/97 972/217/97 971/207/97
f 974/205/95 975/219/95 977/219/95
f 974/205/95 976/205/95 975/219/95
f 978/218/97 979/206/97 981/206/97
f 978/218/97 980/218/97 979/206/97
f 982/204/95 983/220/95 985/220/95
f 982/204/95 984/204/95 983/220/95
f 986/219/97 987/205/97 989/205/97
f 986/219/97 988/219/97 987/205/97
f 990/203/95 991/221/95 993/221/95
f 990/203/95 992/203/95 991/221/95
s 1
f 994/204/96 995/203/96 997/203/96
s 0
f 994/204/96 996/204/96 995/203/96
f 998/220/97 999/204/97 1001/204/97
f 998/220/97 1000/220/97 999/204/97
f 1002/202/95 1003/222/95 1005/222/95
f 1002/202/95 1004/202/95 1003/222/95
s 1
f 1006/203/96 1007/202/96 1009/202/96
s 0
f 1006/203/96 1008/203/96 1007/202/96
f 1010/221/97 1011/203/97 1013/203/97
f 1010/221/97 1012/221/97 1011/203/97
f 1014/201/95 1015/223/95 1017/223/95
f 1014/201/95 1016/201/95 1015/223/95
s 1
f 1018/202/96 1019/201/96 1021/201/96
s 0
f 1018/202/96 1020/202/96 1019/201/96
f 1021/201/96 1022/200/96 1024/200/96
f 1021/201/96 1023/201/96 1022/200/96
s 1
f 1024/200/96 1025/199/96 1027/199/96
s 0
f 1024/200/96 1026/200/96 1025/199/96
s 1
f 1027/199/96 1028/198/96 1030/198/96
s 0
f 1027/199/96 1029/199/96 1028/198/96
s 1
f 1030/198/96 1031/197/96 1033/197/96
s 0
f 1030/198/96 1032/198/96 1031/197/96
f 1033/197/96 1034/195/96 1036/195/96
f 1033/197/96 1035/197/96 1034/195/96
f 1036/195/96 1037/196/96 1039/196/96
f 1036/195/96 1038/195/96 1037/196/96
f 1039/196/96 1040/275/96 1042/275/96
f 1039/196/96 1041/196/96 1040/275/96
f 1042/275/96 1043/274/96 1045/274/96
f 1042/275/96 1044/275/96 1043/274/96
f 1045/274/96 1046/273/96 1048/273/96
f 1045/274/96 1047/274/96 1046/273/96
f 1048/273/96 1049/272/96 1051/272/96
f 1048/273/96 1050/273/96 1049/272/96
f 1051/272/96 1052/271/96 1054/271/96
f 1051/272/96 1053/272/96 1052/271/96
f 1054/271/96 1055/270/96 1057/270/96
f 1054/271/96 1056/271/96 1055/270/96
f 1057/270/96 1058/269/96 1060/269/96
f 1057/270/96 1059/270/96 1058/269/96
f 1060/269/96 1061/268/96 1063/268/96
f 1060/269/96 1062/269/96 1061/268/96
f 1063/268/96 1064/267/96 1066/267/96
f 1063/268/96 1065/268/96 1064/267/96
f 1066/267/96 1067/266/96 1069/266/96
f 1066/267/96 1068/267/96 1067/266/96
s 1
f 1069/266/96 1070/265/96 1072/265/96
s 0
f 1069/266/96 1071/266/96 1070/265/96
s 1
f 1072/265/96 1073/264/96 1075/264/96
s 0
f 1072/265/96 1074/265/96 1073/264/96
s 1
f 1075/264/96 1076/263/96 1078/263/96
s 0
f 1075/264/96 1077/264/96 1076/263/96
s 1
f 1078/263/96 1079/262/96 1081/262/96
s 0
f 1078/263/96 1080/263/96 1079/262/96
f 1082/222/97 1083/202/97 1085/202/97
f 1082/222/97 1084/222/97 1083/202/97
f 1086/200/95 1087/224/95 1089/224/95
f 1086/200/95 1088/200/95 1087/224/95
f 1090/223/97 1091/201/97 1093/201/97
f 1090/223/97 1092/223/97 1091/201/97
f 1094/199/95 1095/225/95 1097/225/95
f 1094/199/95 1096/199/95 1095/225/95
f 1098/224/97 1099/200/97 1101/200/97
f 1098/224/97 1100/224/97 1099/200/97
f 1102/198/95 1103/226/95 1105/226/95
f 1102/198/95 1104/198/95 1103/226/95
f 1106/225/97 1107/199/97 1109/199/97
f 1106/225/97 1108/225/97 1107/199/97
f 1110/197/95 1111/227/95 1113/227/95
f 1110/197/95 1112/197/95 1111/227/95
f 1114/226/97 1115/198/97 1117/198/97
f 1114/226/97 1116/226/97 1115/198/97
f 1118/195/95 1119/228/95 1121/228/95
f 1118/195/95 1120/195/95 1119/228/95
f 1122/227/97 1123/197/97 1125/197/97
f 1122/227/97 1124/227/97 1123/197/97
f 1126/196/95 1127/229/95 1129/229/95
f 1126/196/95 1128/196/95 1127/229/95
f 1130/228/97 1131/195/97 1133/195/97
f 1130/228/97 1132/228/97 1131/195/97
f 1134/275/95 1135/230/95 1137/230/95
f 1134/275/95 1136/275/95 1135/230/95
f 1138/229/97 1139/196/97 1141/196/97
f 1138/229/97 1140/229/97 1139/196/97
f 1142/274/95 1143/231/95 1145/231/95
f 1142/274/95 1144/274/95 1143/231/95
f 1146/230/97 1147/275/97 1149/275/97
f 1146/230/97 1148/230/97 1147/275/97
f 1150/273/95 1151/232/95 1153/232/95
f 1150/273/95 1152/273/95 1151/232/95
f 1154/231/97 1155/274/97 1157/274/97
f 1154/231/97 1156/231/97 1155/274/97
f 1158/272/95 1159/233/95 1161/233/95
f 1158/272/95 1160/272/95 1159/233/95
f 1162/232/97 1163/273/97 1165/273/97
f 1162/232/97 1164/232/97 1163/273/97
f 1166/271/95 1167/234/95 1169/234/95
f 1166/271/95 1168/271/95 1167/234/95
f 1170/233/97 1171/272/97 1173/272/97
f 1170/233/97 1172/233/97 1171/272/97
f 1174/270/95 1175/235/95 1177/235/95
f 1174/270/95 1176/270/95 1175/235/95
f 1178/234/97 1179/271/97 1181/271/97
f 1178/234/97 1180/234/97 1179/271/97
f 1182/269/95 1183/236/95 1185/236/95
f 1182/269/95 1184/269/95 1183/236/95
f 1186/235/97 1187/270/97 1189/270/97
f 1186/235/97 1188/235/97 1187/270/97
f 1190/268/95 1191/237/95 1193/237/95
f 1190/268/95 1192/268/95 1191/237/95
f 1194/236/97 1195/269/97 1197/269/97
f 1194/236/97 1196/236/97 1195/269/97
f 1198/267/95 1199/238/95 1201/238/95
f 1198/267/95 1200/267/95 1199/238/95
f 1202/237/97 1203/268/97 1205/268/97
f 1202/237/97 1204/237/97 1203/268/97
f 1206/266/95 1207/239/95 1209/239/95
f 1206/266/95 1208/266/95 1207/239/95
f 1210/238/97 1211/267/97 1213/267/97
f 1210/238/97 1212/238/97 1211/267/97
f 1214/265/95 1215/240/95 1217/240/95
f 1214/265/95 1216/265/95 1215/240/95
f 1218/239/97 1219/266/97 1221/266/97
f 1218/239/97 1220/239/97 1219/266/97
f 1222/264/95 1223/241/95 1225/241/95
f 1222/264/95 1224/264/95 1223/241/95
f 1226/240/97 1227/265/97 1229/265/97
f 1226/240/97 1228/240/97 1227/265/97
f 1230/263/95 1231/242/95 1233/242/95
f 1230/263/95 1232/263/95 1231/242/95
f 1234/241/97 1235/264/97 1237/264/97
f 1234/241/97 1236/241/97 1235/264/97
f 1238/262/95 1239/243/95 1241/243/95
f 1238/262/95 1240/262/95 1239/243/95
f 1242/242/97 1243/263/97 1245/263/97
f 1242/242/97 1244/242/97 1243/263/97
f 1246/261/95 1247/244/95 1249/244/95
f 1246/261/95 1248/261/95 1247/244/95
f 1250/262/96 1251/261/96 1253/261/96
f 1250/262/96 1252/262/96 1251/261/96
f 1254/243/97 1255/262/97 1257/262/97
f 1254/243/97 1256/243/97 1255/262/97
f 1258/260/95 1259/245/95 1261/245/95
f 1258/260/95 1260/260/95 1259/245/95
f 1262/261/96 1263/260/96 1265/260/96
s 1
f 1262/261/96 1264/261/96 1263/260/96
s 0
f 1266/244/97 1267/261/97 1269/261/97
f 1266/244/97 1268/244/97 1267/261/97
f 1270/259/95 1271/246/95 1273/246/95
f 1270/259/95 1272/259/95 1271/246/95
s 1
f 1274/260/96 1275/259/96 1277/259/96
s 0
f 1274/260/96 1276/260/96 1275/259/96
f 1277/259/96 1278/258/96 1280/258/96
f 1277/259/96 1279/259/96 1278/258/96
s 1
f 1280/258/96 1281/257/96 1283/257/96
s 0
f 1280/258/96 1282/258/96 1281/257/96
f 1284/245/97 1285/260/97 1287/260/97
f 1284/245/97 1286/245/97 1285/260/97
f 1288/258/95 1289/247/95 1291/247/95
f 1288/258/95 1290/258/95 1289/247/95
f 1292/246/97 1293/259/97 1295/259/97
f 1292/246/97 1294/246/97 1293/259/97
f 1296/257/95 1297/248/95 1299/248/95
f 1296/257/95 1298/257/95 1297/248/95
f 1300/247/97 1301/258/97 1303/258/97
f 1300/247/97 1302/247/97 1301/258/97
f 1304/256/95 1305/249/95 1307/249/95
f 1304/256/95 1306/256/95 1305/249/95
s 1
f 1308/257/96 1309/256/96 1311/256/96
s 0
f 1308/257/96 1310/257/96 1309/256/96
f 1311/256/96 1312/255/96 1314/255/96
s 1
f 1311/256/96 1313/256/96 1312/255/96
s 0
f 1315/248/97 1316/257/97 1318/257/97
f 1315/248/97 1317/248/97 1316/257/97
f 1319/255/95 1320/250/95 1322/250/95
f 1319/255/95 1321/255/95 1320/250/95
f 1323/249/97 1324/256/97 1326/256/97
f 1323/249/97 1325/249/97 1324/256/97
f 1327/254/95 1328/251/95 1330/251/95
f 1327/254/95 1329/254/95 1328/251/95
f 1331/255/96 1332/254/96 1334/254/96
f 1331/255/96 1333/255/96 1332/254/96
f 1335/250/97 1336/255/97 1338/255/97
f 1335/250/97 1337/250/97 1336/255/97
f 1339/253/95 1340/252/95 1342/252/95
f 1339/253/95 1341/253/95 1340/252/95
s 1
f 1343/254/96 1344/253/96 1346/253/96
s 0
f 1343/254/96 1345/254/96 1344/253/96
f 1346/253/96 1347/8/96 1349/8/96
s 1
f 1346/253/96 1348/253/96 1347/8/96
s 0
f 1350/251/97 1351/254/97 1353/254/97
f 1350/251/97 1352/251/97 1351/254/97
f 1354/8/95 1355/5/95 1357/5/95
f 1354/8/95 1356/8/95 1355/5/95
f 1358/252/97 1359/253/97 1361/253/97
f 1358/252/97 1360/252/97 1359/253/97
f 1362/356/57 1363/357/57 1365/358/57
f 1362/356/57 1364/359/57 1363/357/57
f 1366/158/1 1367/320/1 1369/158/1
f 1366/158/1 1368/320/1 1367/320/1
f 1370/150/11 1371/212/11 1373/276/11
f 1370/150/11 1372/142/11 1371/212/11
f 1374/360/89 1375/142/89 1377/150/89
f 1374/360/89 1376/361/89 1375/142/89
f 1378/362/26 1379/81/26 1381/99/26
f 1378/362/26 1380/363/26 1379/81/26
f 1382/276/26 1383/364/26 1385/365/26
f 1382/276/26 1384/212/26 1383/364/26
f 1386/365/26 1387/366/26 1389/367/26
f 1386/365/26 1388/364/26 1387/366/26
f 1390/367/26 1391/368/26 1393/369/26
f 1390/367/26 1392/366/26 1391/368/26
f 1394/369/26 1395/370/26 1397/371/26
f 1394/369/26 1396/368/26 1395/370/26
f 1398/371/26 1399/372/26 1401/373/26
f 1398/371/26 1400/370/26 1399/372/26
f 1402/373/26 1403/374/26 1405/375/26
f 1402/373/26 1404/372/26 1403/374/26
f 1406/375/26 1407/376/26 1409/377/26
f 1406/375/26 1408/374/26 1407/376/26
f 1410/377/26 1411/378/26 1413/379/26
f 1410/377/26 1412/376/26 1411/378/26
f 1414/379/26 1415/380/26 1417/381/26
f 1414/379/26 1416/378/26 1415/380/26
f 1418/381/26 1419/382/26 1421/383/26
f 1418/381/26 1420/380/26 1419/382/26
f 1422/383/26 1423/384/26 1425/385/26
f 1422/383/26 1424/382/26 1423/384/26
f 1426/385/26 1427/386/26 1429/387/26
f 1426/385/26 1428/384/26 1427/386/26
f 1430/387/26 1431/388/26 1433/389/26
f 1430/387/26 1432/386/26 1431/388/26
f 1434/389/26 1435/390/26 1437/391/26
f 1434/389/26 1436/388/26 1435/390/26
f 1438/391/26 1439/392/26 1441/393/26
f 1438/391/26 1440/390/26 1439/392/26
f 1442/393/26 1443/394/26 1445/395/26
f 1442/393/26 1444/392/26 1443/394/26
f 1446/395/26 1447/396/26 1449/397/26
f 1446/395/26 1448/394/26 1447/396/26
f 1450/397/26 1451/398/26 1453/399/26
f 1450/397/26 1452/396/26 1451/398/26
f 1454/399/26 1455/400/26 1457/401/26
f 1454/399/26 1456/398/26 1455/400/26
f 1458/401/26 1459/402/26 1461/403/26
f 1458/401/26 1460/400/26 1459/402/26
f 1462/403/26 1463/404/26 1465/405/26
f 1462/403/26 1464/402/26 1463/404/26
f 1465/405/26 1463/404/26 1466/406/26
f 1465/405/26 1466/406/26 1467/407/26
f 1468/407/26 1469/408/26 1471/409/26
f 1468/407/26 1470/406/26 1469/408/26
f 1472/409/26 1473/410/26 1475/411/26
f 1472/409/26 1474/408/26 1473/410/26
f 1476/411/26 1477/412/26 1479/413/26
f 1476/411/26 1478/410/26 1477/412/26
f 1480/413/26 1481/414/26 1483/415/26
f 1480/413/26 1482/412/26 1481/414/26
f 1484/415/26 1485/416/26 1487/417/26
f 1484/415/26 1486/414/26 1485/416/26
f 1488/417/26 1489/418/26 1491/419/26
f 1488/417/26 1490/416/26 1489/418/26
f 1492/419/26 1493/420/26 1495/421/26
f 1492/419/26 1494/418/26 1493/420/26
f 1496/421/26 1497/422/26 1499/423/26
f 1496/421/26 1498/420/26 1497/422/26
f 1500/423/26 1501/424/26 1503/425/26
f 1500/423/26 1502/422/26 1501/424/26
f 1504/425/26 1505/426/26 1507/427/26
f 1504/425/26 1506/424/26 1505/426/26
f 1508/427/26 1509/428/26 1511/429/26
f 1508/427/26 1510/426/26 1509/428/26
f 1512/429/26 1513/430/26 1515/431/26
f 1512/429/26 1514/428/26 1513/430/26
f 1516/431/26 1517/432/26 1519/433/26
f 1516/431/26 1518/430/26 1517/432/26
f 1520/433/26 1521/434/26 1523/435/26
f 1520/433/26 1522/432/26 1521/434/26
f 1524/435/26 1525/436/26 1527/437/26
f 1524/435/26 1526/434/26 1525/436/26
f 1528/437/26 1529/438/26 1531/439/26
f 1528/437/26 1530/436/26 1529/438/26
f 1532/439/26 1533/440/26 1535/441/26
f 1532/439/26 1534/438/26 1533/440/26
f 1536/441/26 1537/442/26 1539/443/26
f 1536/441/26 1538/440/26 1537/442/26
f 1540/443/26 1541/363/26 1543/362/26
f 1540/443/26 1542/442/26 1541/363/26
f 1544/358/89 1545/444/89 1547/445/89
f 1544/358/89 1546/357/89 1545/444/89
f 1548/445/89 1549/446/89 1551/447/89
f 1548/445/89 1550/444/89 1549/446/89
f 1552/447/89 1553/448/89 1555/449/89
f 1552/447/89 1554/446/89 1553/448/89
f 1556/449/89 1557/450/89 1559/451/89
f 1556/449/89 1558/448/89 1557/450/89
f 1560/451/89 1561/452/89 1563/453/89
f 1560/451/89 1562/450/89 1561/452/89
f 1564/453/89 1565/454/89 1567/455/89
f 1564/453/89 1566/452/89 1565/454/89
f 1568/455/89 1569/456/89 1571/457/89
f 1568/455/89 1570/454/89 1569/456/89
f 1572/457/89 1573/458/89 1575/459/89
f 1572/457/89 1574/456/89 1573/458/89
f 1576/459/89 1577/460/89 1579/461/89
f 1576/459/89 1578/458/89 1577/460/89
f 1580/461/89 1581/462/89 1583/463/89
f 1580/461/89 1582/460/89 1581/462/89
f 1584/463/89 1585/464/89 1587/465/89
f 1584/463/89 1586/462/89 1585/464/89
f 1588/465/89 1589/466/89 1591/467/89
f 1588/465/89 1590/464/89 1589/466/89
f 1592/467/89 1593/468/89 1595/469/89
f 1592/467/89 1594/466/89 1593/468/89
f 1596/469/89 1597/470/89 1599/471/89
f 1596/469/89 1598/468/89 1597/470/89
f 1600/471/89 1601/472/89 1603/473/89
f 1600/471/89 1602/470/89 1601/472/89
f 1604/473/89 1605/474/89 1607/475/89
f 1604/473/89 1606/472/89 1605/474/89
f 1608/475/89 1609/476/89 1611/477/89
f 1608/475/89 1610/474/89 1609/476/89
f 1612/477/89 1613/478/89 1615/479/89
f 1612/477/89 1614/476/89 1613/478/89
f 1616/479/89 1617/480/89 1619/481/89
f 1616/479/89 1618/478/89 1617/480/89
f 1620/481/89 1621/482/89 1623/483/89
f 1620/481/89 1622/480/89 1621/482/89
f 1624/483/89 1625/484/89 1627/485/89
f 1624/483/89 1626/482/89 1625/484/89
f 1628/485/89 1629/486/89 1631/487/89
f 1628/485/89 1630/484/89 1629/486/89
f 1632/487/89 1633/488/89 1635/489/89
f 1632/487/89 1634/486/89 1633/488/89
f 1636/489/89 1637/490/89 1639/491/89
f 1636/489/89 1638/488/89 1637/490/89
f 1640/491/89 1641/492/89 1643/493/89
f 1640/491/89 1642/490/89 1641/492/89
f 1644/493/89 1645/494/89 1647/495/89
f 1644/493/89 1646/492/89 1645/494/89
f 1648/495/89 1649/496/89 1651/497/89
f 1648/495/89 1650/494/89 1649/496/89
f 1652/497/89 1653/498/89 1655/499/89
f 1652/497/89 1654/496/89 1653/498/89
f 1656/499/89 1657/500/89 1659/501/89
f 1656/499/89 1658/498/89 1657/500/89
f 1660/501/89 1661/502/89 1663/503/89
f 1660/501/89 1662/500/89 1661/502/89
f 1664/503/89 1665/504/89 1667/505/89
f 1664/503/89 1666/502/89 1665/504/89
f 1668/505/89 1669/506/89 1671/507/89
f 1668/505/89 1670/504/89 1669/506/89
f 1672/507/89 1673/508/89 1675/509/89
f 1672/507/89 1674/506/89 1673/508/89
f 1676/509/89 1677/510/89 1679/511/89
f 1676/509/89 1678/508/89 1677/510/89
f 1680/511/89 1681/512/89 1683/513/89
f 1680/511/89 1682/510/89 1681/512/89
f 1684/513/89 1685/514/89 1687/515/89
f 1684/513/89 1686/512/89 1685/514/89
f 1688/515/89 1689/516/89 1691/517/89
f 1688/515/89 1690/514/89 1689/516/89
f 1692/517/89 1693/518/89 1695/519/89
f 1692/517/89 1694/516/89 1693/518/89
f 1696/519/89 1697/520/89 1699/521/89
f 1696/519/89 1698/518/89 1697/520/89
f 1700/521/89 1701/522/89 1703/523/89
f 1700/521/89 1702/520/89 1701/522/89
f 1704/523/89 1705/361/89 1707/360/89
f 1704/523/89 1706/522/89 1705/361/89
f 1708/332/1 1709/333/1 1711/332/1
f 1708/332/1 1710/333/1 1709/333/1
f 1710/333/1 1712/334/1 1709/333/1
f 1710/333/1 1713/334/1 1712/334/1
f 1713/334/1 1714/335/1 1712/334/1
f 1713/334/1 1715/335/1 1714/335/1
f 1715/335/1 1716/336/1 1714/335/1
f 1715/335/1 1717/336/1 1716/336/1
f 1717/336/1 1718/337/1 1716/336/1
f 1717/336/1 1719/337/1 1718/337/1
f 1719/337/1 1720/338/1 1718/337/1
f 1719/337/1 1721/338/1 1720/338/1
f 1721/338/1 1722/339/1 1720/338/1
f 1721/338/1 1723/339/1 1722/339/1
f 1723/339/1 1724/340/1 1722/339/1
f 1723/339/1 1725/340/1 1724/340/1
f 1725/340/1 1726/341/1 1724/340/1
f 1725/340/1 1727/341/1 1726/341/1
f 1727/341/1 1728/342/1 1726/341/1
f 1727/341/1 1729/342/1 1728/342/1
f 1729/342/1 1730/343/1 1728/342/1
f 1729/342/1 1731/343/1 1730/343/1
f 1731/343/1 1732/344/1 1730/343/1
f 1731/343/1 1733/344/1 1732/344/1
f 4684/176/332 4685/7/332 4687/1239/332
f 4684/176/332 4686/175/332 4685/7/332
s 1
f 4688/1240/333 4689/820/333 4691/933/333
s 0
f 4688/1240/333 4690/7/333 4689/820/333
f 4692/1241/337 4693/815/337 4695/1242/337
f 4692/1241/337 4694/816/337 4693/815/337
f 4696/1243/338 4697/814/338 4699/1244/338
f 4696/1243/338 4698/815/338 4697/814/338
f 4700/1245/339 4701/813/339 4703/1246/339
f 4700/1245/339 4702/814/339 4701/813/339
f 4704/1247/343 4705/806/343 4707/1248/343
f 4704/1247/343 4706/808/343 4705/806/343
f 4708/1249/344 4709/804/344 4711/1250/344
f 4708/1249/344 4710/806/344 4709/804/344
f 4712/1250/345 4713/802/345 4715/1251/345
f 4712/1250/345 4714/804/345 4713/802/345
f 4716/1251/346 4717/800/346 4719/942/346
f 4716/1251/346 4718/802/346 4717/800/346
f 4720/43/27 4721/1252/27 4723/46/27
f 4720/43/27 4722/1253/27 4721/1252/27
f 4724/806/344 4725/1018/344 4727/804/344
f 4724/806/344 4726/1019/344 4725/1018/344
f 4728/810/342 4729/1020/342 4731/808/342
f 4728/810/342 4730/1254/342 4729/1020/342
f 4732/212/341 4733/1254/341 4735/810/341
f 4732/212/341 4734/1255/341 4733/1254/341
f 4736/813/340 4737/1255/340 4739/212/340
f 4736/813/340 4738/1021/340 4737/1255/340
f 4740/818/336 4741/1024/336 4743/816/336
f 4740/818/336 4742/1256/336 4741/1024/336
f 4744/819/335 4745/1256/335 4747/818/335
f 4744/819/335 4746/1257/335 4745/1256/335
f 4748/820/334 4749/1257/334 4751/819/334
f 4748/820/334 4750/1025/334 4749/1257/334
f 4752/46/331 4753/1028/331 4755/174/331
f 4752/46/331 4754/1252/331 4753/1028/331
f 4756/1252/515 4757/1258/515 4759/1259/515
f 4756/1252/515 4758/1253/515 4757/1258/515
f 4760/1260/516 4761/971/516 4763/970/516
f 4760/1260/516 4762/1261/516 4761/971/516
f 4764/1028/517 4765/1262/517 4767/1263/517
f 4764/1028/517 4766/1252/517 4765/1262/517
f 4768/1264/518 4769/970/518 4771/972/518
f 4768/1264/518 4770/1265/518 4769/970/518
f 4772/173/519 4773/1266/519 4775/1267/519
f 4772/173/519 4774/176/519 4773/1266/519
f 4776/1268/520 4777/1049/520 4779/1050/520
f 4776/1268/520 4778/1269/520 4777/1049/520
f 4780/176/521 4781/1270/521 4783/1271/521
f 4780/176/521 4782/1239/521 4781/1270/521
f 4784/1272/522 4785/1052/522 4787/1049/522
f 4784/1272/522 4786/1273/522 4785/1052/522
f 4788/1240/523 4789/1274/523 4791/1275/523
f 4788/1240/523 4790/933/523 4789/1274/523
f 4792/1276/524 4793/1056/524 4795/1052/524
f 4792/1276/524 4794/1277/524 4793/1056/524
f 4796/1257/525 4797/1278/525 4799/1279/525
f 4796/1257/525 4798/1025/525 4797/1278/525
f 4800/1280/526 4801/995/526 4803/996/526
f 4800/1280/526 4802/1281/526 4801/995/526
f 4804/1256/527 4805/1282/527 4807/1283/527
f 4804/1256/527 4806/1257/527 4805/1282/527
f 4808/1284/528 4809/996/528 4811/999/528
f 4808/1284/528 4810/1285/528 4809/996/528
f 4812/1024/529 4813/1286/529 4815/1287/529
f 4812/1024/529 4814/1256/529 4813/1286/529
f 4816/1288/530 4817/999/530 4819/1000/530
f 4816/1288/530 4818/1289/530 4817/999/530
f 4820/1241/531 4821/1290/531 4823/1291/531
f 4820/1241/531 4822/1242/531 4821/1290/531
f 4824/1292/532 4825/1059/532 4827/1060/532
f 4824/1292/532 4826/1293/532 4825/1059/532
f 4828/1243/533 4829/1294/533 4831/1295/533
f 4828/1243/533 4830/1244/533 4829/1294/533
f 4832/1296/534 4833/1057/534 4835/1059/534
f 4832/1296/534 4834/1297/534 4833/1057/534
f 4836/1245/535 4837/1298/535 4839/1299/535
f 4836/1245/535 4838/1246/535 4837/1298/535
f 4840/1300/536 4841/1054/536 4843/1057/536
f 4840/1300/536 4842/1301/536 4841/1054/536
f 4844/1255/537 4845/1302/537 4847/1303/537
f 4844/1255/537 4846/1021/537 4845/1302/537
f 4848/1304/538 4849/994/538 4851/992/538
f 4848/1304/538 4850/1305/538 4849/994/538
f 4852/1254/539 4853/1306/539 4855/1307/539
f 4852/1254/539 4854/1255/539 4853/1306/539
f 4856/1308/540 4857/992/540 4859/989/540
f 4856/1308/540 4858/1309/540 4857/992/540
f 4860/1020/541 4861/1310/541 4863/1311/541
f 4860/1020/541 4862/1254/541 4861/1310/541
f 4864/1312/542 4865/989/542 4867/990/542
f 4864/1312/542 4866/1313/542 4865/989/542
f 4868/1247/543 4869/1314/543 4871/1315/543
f 4868/1247/543 4870/1248/543 4869/1314/543
f 4872/1316/544 4873/1030/544 4875/1048/544
f 4872/1316/544 4874/1317/544 4873/1030/544
f 4876/1249/545 4877/1318/545 4879/1319/545
f 4876/1249/545 4878/1250/545 4877/1318/545
f 4880/1320/546 4881/1032/546 4883/1030/546
f 4880/1320/546 4882/1321/546 4881/1032/546
f 4884/1250/547 4885/1322/547 4887/1323/547
f 4884/1250/547 4886/1251/547 4885/1322/547
f 4888/1324/548 4889/1034/548 4891/1032/548
f 4888/1324/548 4890/1325/548 4889/1034/548
f 4892/1251/549 4893/1326/549 4895/1327/549
f 4892/1251/549 4894/942/549 4893/1326/549
f 4896/1328/550 4897/1036/550 4899/1034/550
f 4896/1328/550 4898/1329/550 4897/1036/550
f 4900/942/551 4901/1330/551 4903/1331/551
f 4900/942/551 4902/943/551 4901/1330/551
f 4904/1332/552 4905/976/552 4907/974/552
f 4904/1332/552 4906/1333/552 4905/976/552
f 4908/171/553 4909/1334/553 4911/1335/553
f 4908/171/553 4910/170/553 4909/1334/553
f 4912/1336/554 4913/974/554 4915/971/554
f 4912/1336/554 4914/1337/554 4913/974/554
usemtl Material.004
f 5/5/2 6/6/2 7/7/2
f 5/5/2 7/7/2 8/8/2
f 1734/142/2 1735/211/2 1737/212/2
f 1734/142/2 1736/213/2 1735/211/2
f 1738/213/2 1739/210/2 1741/211/2
f 1738/213/2 1740/214/2 1739/210/2
f 1742/214/2 1743/209/2 1745/210/2
f 1742/214/2 1744/215/2 1743/209/2
f 1746/215/2 1747/208/2 1749/209/2
f 1746/215/2 1748/216/2 1747/208/2
f 1750/216/2 1751/207/2 1753/208/2
f 1750/216/2 1752/217/2 1751/207/2
f 1754/217/2 1755/206/2 1757/207/2
f 1754/217/2 1756/218/2 1755/206/2
f 1758/218/2 1759/205/2 1761/206/2
f 1758/218/2 1760/219/2 1759/205/2
f 1762/219/2 1763/204/2 1765/205/2
f 1762/219/2 1764/220/2 1763/204/2
f 1766/220/2 1767/203/2 1769/204/2
f 1766/220/2 1768/221/2 1767/203/2
f 1770/221/2 1771/202/2 1773/203/2
f 1770/221/2 1772/222/2 1771/202/2
f 1774/222/2 1775/201/2 1777/202/2
f 1774/222/2 1776/223/2 1775/201/2
f 1778/223/2 1779/200/2 1781/201/2
f 1778/223/2 1780/224/2 1779/200/2
f 1782/224/2 1783/199/2 1785/200/2
f 1782/224/2 1784/225/2 1783/199/2
f 1786/225/2 1787/198/2 1789/199/2
f 1786/225/2 1788/226/2 1787/198/2
f 1790/226/2 1791/197/2 1793/198/2
f 1790/226/2 1792/227/2 1791/197/2
f 1794/227/2 1795/195/2 1797/197/2
f 1794/227/2 1796/228/2 1795/195/2
f 1798/228/2 1799/196/2 1801/195/2
f 1798/228/2 1800/229/2 1799/196/2
f 1802/229/2 1803/275/2 1805/196/2
f 1802/229/2 1804/230/2 1803/275/2
f 1806/230/2 1807/274/2 1809/275/2
f 1806/230/2 1808/231/2 1807/274/2
f 1810/231/2 1811/273/2 1813/274/2
f 1810/231/2 1812/232/2 1811/273/2
f 1814/232/2 1815/272/2 1817/273/2
f 1814/232/2 1816/233/2 1815/272/2
f 1818/233/2 1819/271/2 1821/272/2
f 1818/233/2 1820/234/2 1819/271/2
f 1822/234/2 1823/270/2 1825/271/2
f 1822/234/2 1824/235/2 1823/270/2
f 1826/235/2 1827/269/2 1829/270/2
f 1826/235/2 1828/236/2 1827/269/2
f 1830/236/2 1831/268/2 1833/269/2
f 1830/236/2 1832/237/2 1831/268/2
f 1834/237/2 1835/267/2 1837/268/2
f 1834/237/2 1836/238/2 1835/267/2
f 1838/238/2 1839/266/2 1841/267/2
f 1838/238/2 1840/239/2 1839/266/2
f 1842/239/2 1843/265/2 1845/266/2
f 1842/239/2 1844/240/2 1843/265/2
f 1846/240/2 1847/264/2 1849/265/2
f 1846/240/2 1848/241/2 1847/264/2
f 1850/241/2 1851/263/2 1853/264/2
f 1850/241/2 1852/242/2 1851/263/2
f 1854/242/2 1855/262/2 1857/263/2
f 1854/242/2 1856/243/2 1855/262/2
f 1858/243/2 1859/261/2 1861/262/2
f 1858/243/2 1860/244/2 1859/261/2
f 1862/244/2 1863/260/2 1865/261/2
f 1862/244/2 1864/245/2 1863/260/2
f 1866/245/2 1867/259/2 1869/260/2
f 1866/245/2 1868/246/2 1867/259/2
f 1870/246/2 1871/258/2 1873/259/2
f 1870/246/2 1872/247/2 1871/258/2
f 1874/247/2 1875/257/2 1877/258/2
f 1874/247/2 1876/248/2 1875/257/2
f 1878/248/2 1879/256/2 1881/257/2
f 1878/248/2 1880/249/2 1879/256/2
f 1882/249/2 1883/255/2 1885/256/2
f 1882/249/2 1884/250/2 1883/255/2
f 1886/250/2 1887/254/2 1889/255/2
f 1886/250/2 1888/251/2 1887/254/2
f 1890/251/2 1891/253/2 1893/254/2
f 1890/251/2 1892/252/2 1891/253/2
f 1894/252/2 1895/8/2 1897/253/2
f 1894/252/2 1896/5/2 1895/8/2
s 1
usemtl Rubber
f 9/9/3 10/10/4 11/11/4
f 9/9/3 11/11/4 12/12/3
f 13/13/5 14/14/6 15/15/6
f 13/13/5 15/15/6 16/16/5
f 10/10/4 13/13/5 16/16/5
f 10/10/4 16/16/5 11/11/4
f 17/17/7 9/9/3 12/12/3
f 17/17/7 12/12/3 18/18/7
f 279/178/79 280/44/79 281/66/80
f 279/178/79 281/66/80 282/179/80
f 282/179/80 281/66/80 283/70/81
f 282/179/80 283/70/81 284/180/81
f 284/180/81 283/70/81 285/20/82
f 284/180/81 285/20/82 286/181/82
f 286/181/82 285/20/82 287/24/26
f 286/181/82 287/24/26 288/182/26
f 288/182/26 287/24/26 289/12/83
f 288/182/26 289/12/83 290/183/83
f 290/183/83 289/12/83 291/81/84
f 290/183/83 291/81/84 292/184/84
f 292/184/84 291/81/84 293/85/85
f 292/184/84 293/85/85 294/185/85
f 294/185/85 293/85/85 295/89/2
f 294/185/85 295/89/2 296/186/2
f 296/186/2 295/89/2 297/168/86
f 296/186/2 297/168/86 298/187/86
f 298/187/86 297/168/86 299/99/87
f 298/187/86 299/99/87 300/188/87
f 300/188/87 299/99/87 301/103/88
f 300/188/87 301/103/88 302/189/88
f 302/189/88 301/103/88 303/107/89
f 302/189/88 303/107/89 304/190/89
f 304/190/89 303/107/89 305/52/90
f 304/190/89 305/52/90 306/191/90
f 306/191/90 305/52/90 307/56/91
f 306/191/90 307/56/91 308/192/91
f 308/192/91 307/56/91 309/62/92
f 308/192/91 309/62/92 310/193/92
f 310/193/92 309/62/92 311/49/93
f 310/193/92 311/49/93 312/194/93
f 1898/29/18 1899/30/19 1901/31/19
f 1898/29/18 1900/28/18 1899/30/19
f 1902/27/17 1900/28/18 1898/29/18
f 1902/27/17 1903/15/17 1900/28/18
f 1901/31/19 1899/30/19 1904/524/98
f 1901/31/19 1904/524/98 1905/525/98
f 1906/10/23 1907/16/15 1909/13/15
f 1906/10/23 1908/11/23 1907/16/15
f 1910/9/14 1908/11/23 1906/10/23
f 1911/17/99 1912/12/14 1910/9/14
f 1910/9/14 1912/12/14 1908/11/23
f 1911/17/99 1913/18/99 1912/12/14
f 1909/13/15 1907/16/15 1914/15/100
f 1909/13/15 1914/15/100 1915/14/100
f 1916/25/101 1917/18/13 1919/26/13
f 1916/25/101 1918/24/101 1917/18/13
f 1920/13/102 1921/10/103 1923/13/102
f 1920/13/102 1922/10/104 1921/10/103
f 1924/14/105 1920/13/102 1923/13/102
f 1924/14/105 1923/13/102 1925/14/106
f 1922/10/104 1926/9/107 1921/10/103
f 1922/10/104 1927/9/108 1926/9/107
f 1927/9/108 1928/17/109 1926/9/107
f 1927/9/108 1929/17/110 1928/17/109
f 1930/12/111 1931/11/112 1933/12/113
f 1930/12/111 1932/11/114 1931/11/112
f 1934/18/115 1930/12/111 1933/12/113
f 1935/24/116 1934/18/115 1936/18/117
f 1934/18/115 1933/12/113 1936/18/117
f 1935/24/116 1936/18/117 1937/24/116
f 1932/11/114 1938/16/118 1931/11/112
f 1932/11/114 1939/16/118 1938/16/118
f 1939/16/118 1940/15/119 1938/16/118
f 1939/16/118 1941/15/120 1940/15/119
f 1941/15/120 1942/28/121 1940/15/119
f 1941/15/120 1943/28/122 1942/28/121
f 1943/28/122 1944/30/123 1942/28/121
f 1943/28/122 1945/30/124 1944/30/123
f 1945/30/124 1946/524/125 1944/30/123
f 1945/30/124 1947/526/125 1946/524/125
f 1948/27/36 1949/28/37 1951/15/36
f 1948/27/36 1950/29/37 1949/28/37
f 1950/29/37 1952/30/28 1949/28/37
f 1950/29/37 1953/31/28 1952/30/28
f 1953/31/28 1954/526/126 1952/30/28
f 1953/31/28 1955/527/126 1954/526/126
f 1956/26/127 1957/25/128 1959/26/129
f 1956/26/127 1958/25/128 1957/25/128
f 1960/29/130 1961/27/106 1963/29/131
f 1960/29/130 1962/27/132 1961/27/106
f 1964/31/133 1960/29/130 1963/29/131
f 1965/527/134 1964/31/133 1966/31/135
f 1964/31/133 1963/29/131 1966/31/135
f 1965/527/134 1966/31/135 1967/525/134
s 0
f 1968/527/53 1969/524/53 1971/526/53
f 1968/527/53 1970/525/53 1969/524/53
s 1
f 1972/25/136 1973/18/137 1975/24/136
f 1972/25/136 1974/26/137 1973/18/137
f 1976/25/42 1977/24/42 1979/25/42
s 0
f 1976/25/42 1978/24/42 1977/24/42
s 1
f 1980/9/44 1981/11/43 1983/10/43
f 1980/9/44 1982/12/44 1981/11/43
f 1984/17/138 1982/12/44 1980/9/44
f 1984/17/138 1985/18/138 1982/12/44
f 1983/10/43 1981/11/43 1986/16/42
f 1983/10/43 1986/16/42 1987/13/42
f 1987/13/42 1988/15/139 1989/14/139
f 1987/13/42 1986/16/42 1988/15/139
f 1990/29/48 1991/30/46 1993/28/48
f 1990/29/48 1992/31/46 1991/30/46
f 1994/27/140 1990/29/48 1993/28/48
f 1994/27/140 1993/28/48 1995/15/140
f 1992/31/46 1996/524/141 1991/30/46
f 1992/31/46 1997/525/141 1996/524/141
f 1998/10/54 1999/16/53 2001/11/54
f 1998/10/54 2000/13/53 1999/16/53
f 2002/9/55 1998/10/54 2001/11/54
f 2003/17/142 2002/9/55 2004/12/55
f 2002/9/55 2001/11/54 2004/12/55
f 2003/17/142 2004/12/55 2005/18/142
f 2000/13/53 2006/15/143 1999/16/53
f 2000/13/53 2007/14/143 2006/15/143
f 2008/25/144 2009/18/145 2011/24/144
f 2008/25/144 2010/26/145 2009/18/145
f 2012/13/146 2013/10/147 2015/10/148
f 2012/13/146 2014/13/146 2013/10/147
f 2016/14/149 2014/13/146 2012/13/146
f 2016/14/149 2017/14/150 2014/13/146
f 2015/10/148 2013/10/147 2018/9/151
f 2015/10/148 2018/9/151 2019/9/152
f 2019/9/152 2020/17/153 2021/17/154
f 2019/9/152 2018/9/151 2020/17/153
f 2022/12/155 2023/11/156 2025/11/157
f 2022/12/155 2024/12/158 2023/11/156
f 2026/18/159 2024/12/158 2022/12/155
f 2027/24/160 2028/18/161 2026/18/159
f 2026/18/159 2028/18/161 2024/12/158
f 2027/24/160 2029/24/160 2028/18/161
f 2025/11/157 2023/11/156 2030/16/162
f 2025/11/157 2030/16/162 2031/16/162
f 2031/16/162 2032/15/163 2033/15/164
f 2031/16/162 2030/16/162 2032/15/163
f 2033/15/164 2032/15/163 2034/28/165
f 2033/15/164 2034/28/165 2035/28/166
f 2035/28/166 2034/28/165 2036/30/167
f 2035/28/166 2036/30/167 2037/30/168
f 2037/30/168 2036/30/167 2038/524/169
f 2037/30/168 2038/524/169 2039/526/169
f 2040/27/170 2041/28/40 2043/29/40
f 2040/27/170 2042/15/170 2041/28/40
f 2043/29/40 2041/28/40 2044/30/39
f 2043/29/40 2044/30/39 2045/31/39
f 2045/31/39 2044/30/39 2046/526/171
f 2045/31/39 2046/526/171 2047/527/171
f 2048/26/172 2049/25/173 2051/25/173
f 2048/26/172 2050/26/174 2049/25/173
f 2052/29/175 2053/27/150 2055/27/176
f 2052/29/175 2054/29/177 2053/27/150
f 2056/31/178 2054/29/177 2052/29/175
f 2057/527/179 2058/31/180 2056/31/178
f 2056/31/178 2058/31/180 2054/29/177
f 2057/527/179 2059/525/179 2058/31/180
s 0
f 2060/527/15 2061/524/15 2063/525/15
f 2060/527/15 2062/526/15 2061/524/15
s 1
f 2064/25/181 2065/18/10 2067/26/10
f 2064/25/181 2066/24/181 2065/18/10
s 0
f 2068/25/5 2069/24/5 2071/24/5
s 1
f 2068/25/5 2070/25/5 2069/24/5
s 0
f 5268/24/11 5269/20/11 5271/24/11
f 5268/24/11 5270/20/11 5269/20/11
f 5272/12/11 5268/24/11 5271/24/11
f 5272/12/11 5271/24/11 5273/12/11
f 5274/81/11 5272/12/11 5273/12/11
f 5275/85/11 5274/81/11 5276/81/11
f 5274/81/11 5273/12/11 5276/81/11
f 5275/85/11 5276/81/11 5277/85/11
f 5278/89/11 5275/85/11 5277/85/11
f 5278/89/11 5277/85/11 5279/89/11
f 5280/168/11 5279/89/11 5281/168/11
f 5280/168/11 5278/89/11 5279/89/11
f 5282/99/11 5280/168/11 5281/168/11
f 5282/99/11 5281/168/11 5283/99/11
f 5284/103/11 5282/99/11 5283/99/11
f 5284/103/11 5283/99/11 5285/103/11
f 5286/107/11 5285/103/11 5287/107/11
f 5286/107/11 5284/103/11 5285/103/11
f 5288/52/11 5286/107/11 5287/107/11
f 5288/52/11 5287/107/11 5289/52/11
f 5290/56/11 5289/52/11 5291/56/11
f 5290/56/11 5288/52/11 5289/52/11
f 5292/62/11 5290/56/11 5291/56/11
f 5292/62/11 5291/56/11 5293/62/11
f 5294/49/11 5292/62/11 5293/62/11
f 5294/49/11 5293/62/11 5295/49/11
f 5270/20/11 5296/70/11 5269/20/11
f 5270/20/11 5297/70/11 5296/70/11
f 5297/70/11 5298/66/11 5296/70/11
f 5297/70/11 5299/66/11 5298/66/11
f 5299/66/11 5300/44/11 5298/66/11
f 5299/66/11 5301/44/11 5300/44/11
s 1
f 5302/150/581 5303/177/582 5305/150/583
f 5302/150/581 5304/177/584 5303/177/582
f 5306/152/585 5302/150/581 5305/150/583
f 5306/152/585 5305/150/583 5307/152/586
f 5308/154/587 5306/152/585 5307/152/586
f 5309/156/588 5308/154/587 5310/154/589
f 5308/154/587 5307/152/586 5310/154/589
f 5309/156/588 5310/154/589 5311/156/590
f 5312/158/591 5311/156/590 5313/158/592
f 5312/158/591 5309/156/588 5311/156/590
f 5314/160/593 5312/158/591 5313/158/592
f 5314/160/593 5313/158/592 5315/160/594
f 5316/163/595 5314/160/593 5315/160/594
f 5316/163/595 5315/160/594 5317/163/596
f 5304/177/584 5318/146/597 5303/177/582
f 5304/177/584 5319/146/598 5318/146/597
f 5319/146/598 5320/144/599 5318/146/597
f 5319/146/598 5321/144/600 5320/144/599
f 5321/144/600 5322/142/601 5320/144/599
f 5321/144/600 5323/142/602 5322/142/601
f 5323/142/602 5324/140/603 5322/142/601
f 5323/142/602 5325/140/604 5324/140/603
f 5325/140/604 5326/138/605 5324/140/603
f 5325/140/604 5327/138/606 5326/138/605
f 5327/138/606 5328/135/607 5326/138/605
f 5327/138/606 5329/135/608 5328/135/607
f 5329/135/608 5330/6/609 5328/135/607
f 5329/135/608 5331/6/610 5330/6/609
f 5331/6/610 5332/132/611 5330/6/609
f 5331/6/610 5333/132/612 5332/132/611
f 5333/132/612 5334/130/613 5332/132/611
f 5333/132/612 5335/130/614 5334/130/613
f 5336/192/615 5337/193/616 5339/192/615
f 5336/192/615 5338/193/616 5337/193/616
f 5340/191/617 5336/192/615 5339/192/615
f 5340/191/617 5339/192/615 5341/191/617
f 5342/190/618 5340/191/617 5341/191/617
f 5342/190/618 5341/191/617 5343/190/618
f 5344/189/619 5342/190/618 5343/190/618
f 5344/189/619 5343/190/618 5345/189/619
f 5346/188/620 5344/189/619 5345/189/619
f 5346/188/620 5345/189/619 5347/188/620
f 5348/187/621 5346/188/620 5347/188/620
f 5348/187/621 5347/188/620 5349/187/621
f 5350/186/622 5348/187/621 5349/187/621
f 5350/186/622 5349/187/621 5351/186/622
f 5352/185/623 5350/186/622 5351/186/622
f 5353/184/624 5352/185/623 5354/185/623
f 5352/185/623 5351/186/622 5354/185/623
f 5353/184/624 5354/185/623 5355/184/624
f 5356/183/625 5355/184/624 5357/183/625
f 5356/183/625 5353/184/624 5355/184/624
f 5358/182/626 5357/183/625 5359/182/626
f 5358/182/626 5356/183/625 5357/183/625
f 5360/181/627 5359/182/626 5361/181/627
f 5360/181/627 5358/182/626 5359/182/626
f 5362/180/628 5361/181/627 5363/180/628
f 5362/180/628 5360/181/627 5361/181/627
f 5364/179/629 5363/180/628 5365/179/629
f 5364/179/629 5362/180/628 5363/180/628
f 5366/178/630 5364/179/629 5365/179/629
f 5366/178/630 5365/179/629 5367/178/630
f 5338/193/616 5368/194/631 5337/193/616
f 5338/193/616 5369/194/632 5368/194/631
f 5370/160/92 5371/194/93 5373/163/93
f 5370/160/92 5372/193/92 5371/194/93
f 5374/158/91 5372/193/92 5370/160/92
f 5374/158/91 5375/192/91 5372/193/92
f 5376/156/90 5375/192/91 5374/158/91
f 5376/156/90 5377/191/90 5375/192/91
f 5378/154/89 5377/191/90 5376/156/90
f 5378/154/89 5379/190/89 5377/191/90
f 5380/152/88 5379/190/89 5378/154/89
f 5380/152/88 5381/189/88 5379/190/89
f 5382/150/87 5381/189/88 5380/152/88
f 5382/150/87 5383/188/87 5381/189/88
f 5384/177/86 5383/188/87 5382/150/87
f 5384/177/86 5385/187/86 5383/188/87
f 5386/146/2 5385/187/86 5384/177/86
f 5386/146/2 5387/186/2 5385/187/86
f 5388/144/85 5387/186/2 5386/146/2
f 5388/144/85 5389/185/85 5387/186/2
f 5390/142/84 5389/185/85 5388/144/85
f 5390/142/84 5391/184/84 5389/185/85
f 5392/140/83 5391/184/84 5390/142/84
f 5392/140/83 5393/183/83 5391/184/84
f 5394/138/26 5393/183/83 5392/140/83
f 5394/138/26 5395/182/26 5393/183/83
f 5396/135/82 5395/182/26 5394/138/26
f 5396/135/82 5397/181/82 5395/182/26
f 5398/6/81 5397/181/82 5396/135/82
f 5398/6/81 5399/180/81 5397/181/82
f 5400/132/80 5399/180/81 5398/6/81
f 5400/132/80 5401/179/80 5399/180/81
f 5402/130/79 5401/179/80 5400/132/80
f 5402/130/79 5403/178/79 5401/179/80
f 5404/178/79 5405/66/80 5407/44/79
f 5404/178/79 5406/179/80 5405/66/80
f 5406/179/80 5408/70/81 5405/66/80
f 5406/179/80 5409/180/81 5408/70/81
f 5409/180/81 5410/20/82 5408/70/81
f 5409/180/81 5411/181/82 5410/20/82
f 5411/181/82 5412/24/26 5410/20/82
f 5411/181/82 5413/182/26 5412/24/26
f 5413/182/26 5414/12/83 5412/24/26
f 5413/182/26 5415/183/83 5414/12/83
f 5415/183/83 5416/81/84 5414/12/83
f 5415/183/83 5417/184/84 5416/81/84
f 5417/184/84 5418/85/85 5416/81/84
f 5417/184/84 5419/185/85 5418/85/85
f 5419/185/85 5420/89/2 5418/85/85
f 5419/185/85 5421/186/2 5420/89/2
f 5421/186/2 5422/168/86 5420/89/2
f 5421/186/2 5423/187/86 5422/168/86
f 5423/187/86 5424/99/87 5422/168/86
f 5423/187/86 5425/188/87 5424/99/87
f 5425/188/87 5426/103/88 5424/99/87
f 5425/188/87 5427/189/88 5426/103/88
f 5427/189/88 5428/107/89 5426/103/88
f 5427/189/88 5429/190/89 5428/107/89
f 5429/190/89 5430/52/90 5428/107/89
f 5429/190/89 5431/191/90 5430/52/90
f 5431/191/90 5432/56/91 5430/52/90
f 5431/191/90 5433/192/91 5432/56/91
f 5433/192/91 5434/62/92 5432/56/91
f 5433/192/91 5435/193/92 5434/62/92
f 5435/193/92 5436/49/93 5434/62/92
f 5435/193/92 5437/194/93 5436/49/93
s 0
f 5438/24/57 5439/20/57 5441/20/57
f 5438/24/57 5440/24/57 5439/20/57
f 5442/12/57 5440/24/57 5438/24/57
f 5442/12/57 5443/12/57 5440/24/57
f 5444/81/57 5443/12/57 5442/12/57
f 5445/85/57 5446/81/57 5444/81/57
f 5444/81/57 5446/81/57 5443/12/57
f 5445/85/57 5447/85/57 5446/81/57
f 5448/89/57 5447/85/57 5445/85/57
f 5448/89/57 5449/89/57 5447/85/57
f 5450/168/57 5449/89/57 5448/89/57
f 5450/168/57 5451/168/57 5449/89/57
f 5452/99/57 5451/168/57 5450/168/57
f 5452/99/57 5453/99/57 5451/168/57
f 5454/103/57 5453/99/57 5452/99/57
f 5454/103/57 5455/103/57 5453/99/57
f 5456/107/57 5455/103/57 5454/103/57
f 5456/107/57 5457/107/57 5455/103/57
f 5458/52/57 5457/107/57 5456/107/57
f 5458/52/57 5459/52/57 5457/107/57
f 5460/56/57 5459/52/57 5458/52/57
f 5460/56/57 5461/56/57 5459/52/57
f 5462/62/57 5461/56/57 5460/56/57
f 5462/62/57 5463/62/57 5461/56/57
f 5464/49/57 5463/62/57 5462/62/57
f 5464/49/57 5465/49/57 5463/62/57
f 5441/20/57 5439/20/57 5466/70/57
f 5441/20/57 5466/70/57 5467/70/57
f 5467/70/57 5468/66/57 5469/66/57
f 5467/70/57 5466/70/57 5468/66/57
f 5469/66/57 5468/66/57 5470/44/57
f 5469/66/57 5470/44/57 5471/44/57
s 1
f 5472/150/633 5473/177/634 5475/177/635
f 5472/150/633 5474/150/636 5473/177/634
f 5476/152/637 5474/150/636 5472/150/633
f 5476/152/637 5477/152/638 5474/150/636
f 5478/154/639 5477/152/638 5476/152/637
f 5479/156/640 5480/154/641 5478/154/639
f 5478/154/639 5480/154/641 5477/152/638
f 5479/156/640 5481/156/642 5480/154/641
f 5482/158/643 5481/156/642 5479/156/640
f 5482/158/643 5483/158/644 5481/156/642
f 5484/160/645 5483/158/644 5482/158/643
f 5484/160/645 5485/160/646 5483/158/644
f 5486/163/647 5485/160/646 5484/160/645
f 5486/163/647 5487/163/648 5485/160/646
f 5475/177/635 5473/177/634 5488/146/649
f 5475/177/635 5488/146/649 5489/146/650
f 5489/146/650 5488/146/649 5490/144/651
f 5489/146/650 5490/144/651 5491/144/652
f 5491/144/652 5490/144/651 5492/142/653
f 5491/144/652 5492/142/653 5493/142/654
f 5493/142/654 5494/140/655 5495/140/656
f 5493/142/654 5492/142/653 5494/140/655
f 5495/140/656 5496/138/657 5497/138/658
f 5495/140/656 5494/140/655 5496/138/657
f 5497/138/658 5496/138/657 5498/135/659
f 5497/138/658 5498/135/659 5499/135/660
f 5499/135/660 5498/135/659 5500/6/661
f 5499/135/660 5500/6/661 5501/6/662
f 5501/6/662 5502/132/663 5503/132/664
f 5501/6/662 5500/6/661 5502/132/663
f 5503/132/664 5504/130/665 5505/130/666
f 5503/132/664 5502/132/663 5504/130/665
f 5506/192/667 5507/193/668 5509/193/668
f 5506/192/667 5508/192/667 5507/193/668
f 5510/191/669 5508/192/667 5506/192/667
f 5510/191/669 5511/191/669 5508/192/667
f 5512/190/670 5511/191/669 5510/191/669
f 5512/190/670 5513/190/670 5511/191/669
f 5514/189/671 5513/190/670 5512/190/670
f 5514/189/671 5515/189/671 5513/190/670
f 5516/188/672 5515/189/671 5514/189/671
f 5516/188/672 5517/188/672 5515/189/671
f 5518/187/673 5517/188/672 5516/188/672
f 5518/187/673 5519/187/673 5517/188/672
f 5520/186/674 5519/187/673 5518/187/673
f 5520/186/674 5521/186/674 5519/187/673
f 5522/185/675 5521/186/674 5520/186/674
f 5523/184/676 5524/185/675 5522/185/675
f 5522/185/675 5524/185/675 5521/186/674
f 5523/184/676 5525/184/676 5524/185/675
f 5526/183/677 5525/184/676 5523/184/676
f 5526/183/677 5527/183/677 5525/184/676
f 5528/182/678 5527/183/677 5526/183/677
f 5528/182/678 5529/182/678 5527/183/677
f 5530/181/679 5529/182/678 5528/182/678
f 5530/181/679 5531/181/679 5529/182/678
f 5532/180/680 5531/181/679 5530/181/679
f 5532/180/680 5533/180/680 5531/181/679
f 5534/179/681 5533/180/680 5532/180/680
f 5534/179/681 5535/179/681 5533/180/680
f 5536/178/682 5535/179/681 5534/179/681
f 5536/178/682 5537/178/682 5535/179/681
f 5509/193/668 5507/193/668 5538/194/683
f 5509/193/668 5538/194/683 5539/194/684
f 5540/160/92 5541/194/93 5543/193/92
f 5540/160/92 5542/163/93 5541/194/93
f 5544/158/91 5540/160/92 5543/193/92
f 5544/158/91 5543/193/92 5545/192/91
f 5546/156/90 5544/158/91 5545/192/91
f 5546/156/90 5545/192/91 5547/191/90
f 5548/154/89 5546/156/90 5547/191/90
f 5548/154/89 5547/191/90 5549/190/89
f 5550/152/88 5548/154/89 5549/190/89
f 5550/152/88 5549/190/89 5551/189/88
f 5552/150/87 5550/152/88 5551/189/88
f 5552/150/87 5551/189/88 5553/188/87
f 5554/177/86 5552/150/87 5553/188/87
f 5554/177/86 5553/188/87 5555/187/86
f 5556/146/2 5554/177/86 5555/187/86
f 5556/146/2 5555/187/86 5557/186/2
f 5558/144/85 5556/146/2 5557/186/2
f 5558/144/85 5557/186/2 5559/185/85
f 5560/142/84 5558/144/85 5559/185/85
f 5560/142/84 5559/185/85 5561/184/84
f 5562/140/83 5560/142/84 5561/184/84
f 5562/140/83 5561/184/84 5563/183/83
f 5564/138/26 5562/140/83 5563/183/83
f 5564/138/26 5563/183/83 5565/182/26
f 5566/135/82 5564/138/26 5565/182/26
f 5566/135/82 5565/182/26 5567/181/82
f 5568/6/81 5566/135/82 5567/181/82
f 5568/6/81 5567/181/82 5569/180/81
f 5570/132/80 5568/6/81 5569/180/81
f 5570/132/80 5569/180/81 5571/179/80
f 5572/130/561 5570/132/80 5571/179/80
f 5572/130/561 5571/179/80 5573/178/79
usemtl Plastic.001
f 19/19/8 20/20/8 21/21/9
f 19/19/8 21/21/9 22/22/9
f 23/23/10 21/21/9 24/24/11
f 23/23/10 24/24/11 25/25/11
f 25/25/11 24/24/11 26/18/12
f 25/25/11 26/18/12 27/26/13
f 28/17/12 26/18/12 29/12/14
f 28/17/12 29/12/14 30/9/14
f 31/13/15 32/16/15 33/15/16
f 31/13/15 33/15/16 34/14/16
f 35/27/17 33/15/17 36/28/18
f 35/27/17 36/28/18 37/29/18
f 37/29/18 36/28/18 38/30/19
f 37/29/18 38/30/19 39/31/19
f 39/31/19 38/30/19 40/32/20
f 39/31/19 40/32/20 41/33/20
f 42/34/21 40/32/21 43/35/22
f 42/34/21 43/35/22 44/36/22
f 45/10/23 46/11/24 32/16/15
f 45/10/23 32/16/15 31/13/15
f 26/18/12 24/24/11 47/24/11
f 26/18/12 47/24/11 48/18/12
f 21/21/9 20/20/8 49/20/8
f 21/21/9 49/20/8 50/21/9
f 29/12/14 26/18/12 48/18/12
f 29/12/14 48/18/12 51/12/14
f 24/24/11 21/21/9 50/21/9
f 24/24/11 50/21/9 47/24/11
f 29/12/14 45/10/23 30/9/14
f 45/10/23 29/12/14 46/11/24
f 46/11/24 29/12/14 52/37/25
f 51/12/14 54/37/25 29/12/14
f 54/37/25 51/12/14 53/38/25
s 0
f 55/39/26 56/40/26 57/41/26
f 55/39/26 57/41/26 58/42/26
s 1
f 2072/528/182 2073/529/183 2075/530/183
f 2072/528/182 2074/531/182 2073/529/183
f 2076/532/184 2073/529/184 2077/533/51
f 2076/532/184 2077/533/51 2078/534/51
f 2078/534/51 2077/533/51 2079/535/185
f 2078/534/51 2079/535/185 2080/536/185
f 2081/537/186 2082/538/187 2084/539/188
f 2081/537/186 2083/540/186 2082/538/187
f 2082/538/189 2086/541/55 2085/542/190
f 2086/541/55 2082/538/189 2087/103/55
f 2087/103/55 2082/538/189 2088/543/191
f 2086/541/55 2087/103/55 2089/105/56
f 2089/105/56 2087/103/55 2090/103/55
f 2087/103/55 2091/544/191 2090/103/55
f 2091/544/191 2087/103/55 2092/543/191
f 2089/105/56 2090/103/55 2093/105/56
f 2094/107/57 2093/105/56 2095/107/57
f 2094/107/57 2089/105/56 2093/105/56
f 2096/109/7 2094/107/57 2095/107/57
f 2096/109/7 2095/107/57 2097/109/7
f 2098/52/192 2097/109/7 2099/52/192
f 2098/52/192 2096/109/7 2097/109/7
f 2100/545/193 2098/52/192 2101/51/192
f 2100/545/193 2096/109/7 2098/52/192
f 2102/546/57 2096/109/7 2103/547/137
f 2102/546/57 2094/107/57 2096/109/7
f 2104/548/145 2094/107/57 2102/546/57
f 2104/548/145 2089/105/56 2094/107/57
f 2086/541/55 2089/105/56 2105/549/142
f 2106/550/194 2107/551/195 2109/552/196
f 2106/550/194 2108/553/197 2107/551/195
f 2106/550/194 2109/552/196 2110/544/198
f 2106/550/194 2110/544/198 2111/543/199
f 2114/37/200 2107/551/195 2108/553/197
f 2115/79/201 2108/553/202 2112/554/203
f 2112/554/203 2108/553/202 2113/555/204
f 2108/553/202 2115/79/201 2116/37/205
f 2114/37/200 2117/38/206 2107/551/195
f 2112/554/203 2113/555/204 2118/556/207
f 2113/555/204 2119/538/208 2118/556/207
f 2119/538/208 2113/555/204 2120/543/209
f 2121/24/210 2122/557/211 2124/558/210
f 2121/24/210 2123/21/212 2122/557/211
f 2125/18/213 2121/24/210 2124/558/210
f 2125/18/213 2124/558/210 2126/559/213
f 2127/12/214 2125/18/213 2126/559/213
f 2127/12/214 2126/559/213 2128/560/215
f 2129/38/216 2127/12/214 2128/560/215
f 2129/38/216 2128/560/215 2130/561/217
f 2131/562/218 2129/38/216 2130/561/217
f 2131/562/218 2132/551/219 2129/38/216
f 2133/552/220 2132/551/219 2131/562/218
f 2133/552/220 2134/563/221 2136/544/222
f 2133/552/220 2135/564/223 2134/563/221
f 2133/552/220 2131/562/218 2135/564/223
f 2137/103/224 2136/544/222 2134/563/221
f 2138/105/225 2137/103/224 2139/565/226
f 2137/103/224 2134/563/221 2139/565/226
f 2138/105/225 2139/565/226 2140/566/225
f 2141/107/227 2140/566/225 2142/567/227
f 2141/107/227 2138/105/225 2140/566/225
f 2143/109/228 2141/107/227 2142/567/227
f 2143/109/228 2142/567/227 2144/568/229
f 2145/569/230 2143/109/228 2144/568/229
f 2145/569/230 2146/52/230 2143/109/228
f 2147/570/231 2122/557/211 2123/21/212
f 2147/570/231 2123/21/212 2148/20/231
f 2149/571/232 2150/545/233 2152/51/232
f 2149/571/232 2151/572/234 2150/545/233
f 2153/23/235 2154/573/236 2156/574/237
f 2153/23/235 2155/25/236 2154/573/236
f 2155/25/236 2157/575/238 2159/576/236
f 2155/25/236 2158/26/238 2157/575/238
f 2160/17/238 2161/577/239 2163/578/238
f 2160/17/238 2162/9/239 2161/577/239
f 2162/9/239 2164/579/240 2166/580/239
f 2162/9/239 2165/10/240 2164/579/240
f 2165/10/240 2167/581/241 2169/582/240
f 2165/10/240 2168/13/241 2167/581/241
f 2168/13/241 2170/583/242 2172/584/241
f 2168/13/241 2171/14/242 2170/583/242
f 2173/27/242 2174/585/243 2176/586/242
f 2173/27/242 2175/29/243 2174/585/243
f 2175/29/243 2177/587/244 2179/588/243
f 2175/29/243 2178/31/244 2177/587/244
f 2178/31/245 2180/589/246 2182/590/245
f 2178/31/245 2181/33/246 2180/589/246
f 2183/34/246 2184/591/247 2186/592/246
f 2183/34/246 2185/36/248 2184/591/247
f 2187/528/248 2188/593/249 2190/594/248
f 2187/528/248 2189/530/249 2188/593/249
f 2191/532/249 2192/595/250 2194/596/249
f 2191/532/249 2193/534/250 2192/595/250
f 2193/534/250 2195/597/251 2197/598/250
f 2193/534/250 2196/536/251 2195/597/251
f 2198/537/251 2199/599/252 2201/600/251
f 2198/537/251 2200/539/252 2199/599/252
f 2202/542/252 2203/601/253 2205/602/252
f 2202/542/252 2204/541/253 2203/601/253
f 2204/541/253 2206/603/254 2208/604/253
f 2204/541/253 2207/549/254 2206/603/254
f 2209/548/255 2210/605/256 2212/606/255
f 2209/548/255 2211/546/256 2210/605/256
f 2211/546/256 2213/607/234 2215/608/256
f 2211/546/256 2214/547/233 2213/607/234
s 0
f 2217/609/1 2218/610/1 2216/611/1
f 2218/610/1 2217/609/1 2219/612/1
f 2218/610/1 2219/612/1 2220/613/1
f 2220/613/1 2219/612/1 2221/614/1
f 2220/613/1 2221/614/1 2222/615/1
f 2222/615/1 2221/614/1 2223/616/1
f 2222/615/1 2223/616/1 2224/617/1
f 2224/617/1 2223/616/1 2225/618/1
f 2224/617/1 2225/618/1 2226/619/1
f 2226/619/1 2225/618/1 2227/620/1
f 2226/619/1 2227/620/1 2228/621/1
f 2228/621/1 2227/620/1 2229/622/1
f 2228/621/1 2229/622/1 2230/623/1
f 2230/623/1 2229/622/1 2231/624/1
f 2230/623/1 2231/624/1 2232/625/1
f 2232/625/1 2231/624/1 2233/626/1
f 2232/625/1 2233/626/1 2234/627/1
f 2234/627/1 2233/626/1 2235/628/1
f 2234/627/1 2235/628/1 2236/629/1
s 1
f 2237/15/257 2238/630/258 2240/631/257
f 2237/15/257 2239/16/258 2238/630/258
f 2241/28/259 2237/15/257 2240/631/257
f 2241/28/259 2240/631/257 2242/632/259
f 2243/30/260 2241/28/259 2242/632/259
f 2243/30/260 2242/632/259 2244/633/260
f 2245/32/261 2243/30/260 2244/633/260
f 2245/32/261 2244/633/260 2246/89/261
f 2247/35/262 2245/32/261 2246/89/261
f 2247/35/262 2246/89/261 2248/634/263
f 2249/529/264 2248/634/262 2251/635/264
f 2249/529/264 2250/531/262 2248/634/262
f 2252/533/265 2249/529/264 2251/635/264
f 2252/533/265 2251/635/264 2253/636/265
f 2254/535/266 2252/533/265 2253/636/265
f 2254/535/266 2253/636/265 2255/637/266
f 2256/538/267 2255/637/266 2258/556/267
f 2256/538/267 2257/540/266 2255/637/266
f 2239/16/258 2259/554/268 2238/630/258
f 2239/16/258 2260/11/268 2259/554/268
s 0
f 2262/631/2 2263/635/2 2261/632/2
f 2261/632/2 2263/635/2 2264/634/2
f 2261/632/2 2264/634/2 2265/633/2
f 2265/633/2 2264/634/2 2266/89/2
f 2262/631/2 2267/636/2 2263/635/2
f 2268/630/2 2267/636/2 2262/631/2
f 2268/630/2 2269/637/2 2267/636/2
f 2269/637/2 2271/554/2 2270/556/2
f 2271/554/2 2269/637/2 2268/630/2
f 2272/571/89 2273/638/89 2275/639/89
f 2272/571/89 2274/51/89 2273/638/89
f 2273/638/89 2274/51/89 2276/52/89
f 2273/638/89 2276/52/89 2277/20/89
f 2277/20/89 2276/52/89 2278/52/89
f 2277/20/89 2278/52/89 2279/20/89
f 2280/569/89 2279/20/89 2278/52/89
f 2280/569/89 2281/570/89 2279/20/89
f 2282/570/2 2283/568/2 2285/557/2
f 2283/568/2 2282/570/2 2284/569/2
f 2285/557/2 2283/568/2 2286/567/2
f 2285/557/2 2286/567/2 2287/558/2
f 2287/558/2 2286/567/2 2288/566/2
f 2287/558/2 2288/566/2 2289/559/2
f 2289/559/2 2288/566/2 2290/565/2
f 2289/559/2 2290/565/2 2291/560/2
f 2291/560/2 2290/565/2 2292/640/2
f 2291/560/2 2292/640/2 2293/561/2
f 2293/561/2 2292/640/2 2294/564/2
f 2293/561/2 2294/564/2 2295/641/2
s 1
f 2296/639/269 2297/22/235 2299/642/237
f 2296/639/269 2298/19/269 2297/22/235
s 0
f 2300/643/270 2301/644/270 2303/645/270
f 2300/643/270 2302/646/270 2301/644/270
f 2304/647/271 2305/648/271 2307/649/271
f 2304/647/271 2306/650/271 2305/648/271
f 2308/651/80 2309/652/80 2311/653/80
f 2308/651/80 2310/654/80 2309/652/80
f 2312/655/82 2313/41/82 2315/656/82
f 2312/655/82 2314/42/82 2313/41/82
f 2317/645/2 2318/657/2 2316/643/2
f 2318/657/2 2317/645/2 2319/658/2
f 2319/658/2 2317/645/2 2320/659/2
f 2320/659/2 2317/645/2 2321/660/2
f 2321/660/2 2317/645/2 2322/661/2
s 1
f 2323/140/272 2324/662/15 2326/142/15
f 2323/140/272 2325/663/272 2324/662/15
f 2327/138/101 2328/664/273 2323/140/273
f 2327/138/101 2329/665/101 2328/664/273
f 2330/138/11 2329/665/101 2327/138/101
f 2330/138/11 2331/666/11 2329/665/101
s 0
f 2330/138/11 2332/667/11 2331/666/11
f 2330/138/11 2333/668/11 2332/667/11
f 2330/138/11 2334/669/11 2333/668/11
f 2333/668/11 2334/669/11 2335/670/11
f 2335/670/11 2334/669/11 2336/671/11
f 2336/671/11 2334/669/11 2337/672/11
s 1
f 2338/669/274 2337/672/11 2340/669/11
f 2338/669/274 2339/672/274 2337/672/11
s 0
f 2337/672/11 2334/669/11 2340/669/11
s 1
f 2341/673/275 2339/672/276 2342/674/276
f 2341/673/275 2342/674/276 2343/675/273
s 0
f 2334/669/11 2344/138/11 2346/669/11
f 2334/669/11 2345/138/11 2344/138/11
f 2334/669/11 2330/138/11 2345/138/11
s 1
f 2326/142/15 2324/662/15 2347/676/18
f 2326/142/15 2347/676/18 2348/677/277
f 2348/677/277 2347/676/18 2349/678/19
s 0
f 2348/677/19 2349/678/19 2350/679/19
f 2348/677/19 2350/679/19 2351/680/19
f 2354/681/19 2351/680/19 2350/679/19
s 1
f 2351/680/19 2353/682/26 2352/146/26
f 2353/682/26 2351/680/19 2354/681/19
f 2355/683/19 2353/682/26 2354/681/19
f 2353/682/26 2355/683/19 2356/684/19
s 0
f 2356/684/19 2355/683/19 2357/685/19
f 2356/684/19 2357/685/19 2358/686/19
f 2356/684/19 2358/686/19 2362/687/19
s 1
f 2362/687/278 2358/686/19 2359/688/18
f 2359/688/18 2360/689/15 2362/687/278
f 2359/688/18 2361/690/15 2360/689/15
f 2361/690/15 2363/691/272 2360/689/15
f 2361/690/15 2364/692/272 2363/691/272
f 2353/682/26 2366/683/46 2352/146/26
f 2365/684/46 2366/683/46 2353/682/26
f 2367/681/46 2352/146/26 2366/683/46
s 0
f 2366/683/46 2365/684/46 2368/685/46
f 2365/684/46 2369/686/46 2368/685/46
f 2365/684/46 2372/693/46 2369/686/46
s 1
f 2372/693/279 2370/688/48 2369/686/46
f 2370/688/48 2371/689/53 2373/690/53
f 2370/688/48 2372/693/279 2371/689/53
f 2373/690/53 2374/691/280 2375/692/280
f 2373/690/53 2371/689/53 2374/691/280
f 2376/679/46 2352/146/26 2367/681/46
s 0
f 2379/694/46 2376/679/46 2378/678/46
f 2379/694/46 2377/680/46 2376/679/46
s 1
f 2352/146/26 2376/679/46 2377/680/46
f 2379/694/281 2378/678/46 2380/676/48
f 2381/142/53 2380/676/48 2382/662/53
f 2381/142/53 2379/694/281 2380/676/48
f 2383/140/280 2382/662/53 2384/663/280
f 2383/140/280 2381/142/53 2382/662/53
f 2385/138/144 2383/140/282 2386/664/282
f 2385/138/144 2386/664/282 2387/665/144
f 2388/138/57 2385/138/144 2387/665/144
f 2388/138/57 2387/665/144 2389/666/57
s 0
f 2389/666/57 2390/138/57 2388/138/57
f 2390/138/57 2389/666/57 2391/667/57
f 2390/138/57 2391/667/57 2392/668/57
f 2390/138/57 2392/668/57 2393/669/57
f 2393/669/57 2392/668/57 2394/670/57
f 2393/669/57 2394/670/57 2395/671/57
f 2393/669/57 2395/671/57 2396/672/57
s 1
f 2397/669/283 2396/672/57 2399/672/283
f 2397/669/283 2398/669/57 2396/672/57
s 0
f 2393/669/57 2396/672/57 2398/669/57
s 1
f 2400/673/282 2401/674/284 2399/672/284
f 2400/673/282 2402/675/282 2401/674/284
s 0
f 2393/669/57 2403/138/57 2390/138/57
f 2393/669/57 2404/669/57 2403/138/57
f 2406/695/2 2407/696/2 2405/697/2
f 2405/697/2 2407/696/2 2408/698/2
f 2408/698/2 2407/696/2 2409/699/2
f 2407/696/2 2410/700/2 2411/701/2
f 2406/695/2 2410/700/2 2407/696/2
f 2411/701/2 2410/700/2 2412/89/2
f 2411/701/2 2412/89/2 2413/89/2
f 2414/701/2 2413/89/2 2412/89/2
f 2415/696/2 2414/701/2 2417/700/2
f 2414/701/2 2412/89/2 2417/700/2
f 2412/89/2 2416/702/2 2417/700/2
f 2417/700/2 2419/695/2 2415/696/2
f 2416/702/2 2418/703/2 2417/700/2
f 2419/695/2 2417/700/2 2418/703/2
f 2415/696/2 2419/695/2 2420/697/2
f 2415/696/2 2420/697/2 2421/698/2
f 2415/696/2 2421/698/2 2422/699/2
f 2416/702/2 2423/704/2 2418/703/2
f 2425/705/2 2423/704/2 2416/702/2
f 2425/705/2 2424/706/2 2423/704/2
f 2426/89/2 2425/705/2 2416/702/2
f 2426/89/2 2427/89/2 2425/705/2
f 2426/89/2 2428/705/2 2427/89/2
f 2426/89/2 2429/702/2 2428/705/2
f 2428/705/2 2430/704/2 2431/706/2
f 2428/705/2 2429/702/2 2430/704/2
f 2429/702/2 2432/703/2 2430/704/2
f 2429/702/2 2410/700/2 2432/703/2
f 2410/700/2 2406/695/2 2432/703/2
f 2412/89/2 2429/702/2 2426/89/2
f 2412/89/2 2410/700/2 2429/702/2
f 2412/89/2 2426/89/2 2416/702/2
s 1
f 2433/675/285 2434/695/286 2436/697/285
f 2433/675/285 2435/674/286 2434/695/286
f 2437/689/287 2436/697/288 2439/698/287
f 2437/689/287 2438/691/288 2436/697/288
f 2440/707/289 2437/689/287 2439/698/287
f 2440/707/289 2439/698/287 2441/699/290
f 2442/696/291 2440/707/289 2441/699/290
s 0
f 2443/701/292 2440/707/292 2442/696/292
s 1
f 2444/682/293 2443/701/291 2446/89/293
f 2444/682/293 2445/684/291 2443/701/291
s 0
f 2443/701/291 2445/684/291 2440/707/291
s 1
f 2444/682/293 2446/89/293 2447/701/294
f 2444/682/293 2447/701/294 2448/684/294
s 0
f 2447/701/294 2450/707/294 2448/684/294
f 2447/701/295 2449/696/295 2450/707/295
s 1
f 2449/696/294 2451/699/296 2450/707/297
f 2450/707/297 2451/699/296 2452/698/298
f 2450/707/297 2452/698/298 2453/689/298
f 2453/689/298 2452/698/298 2454/697/299
f 2455/675/300 2454/697/300 2456/695/301
f 2453/689/298 2454/697/299 2457/691/299
f 2455/675/300 2456/695/301 2458/674/301
f 2459/669/302 2456/695/301 2461/703/302
f 2459/669/302 2460/669/301 2456/695/301
s 0
f 2462/669/302 2461/703/302 2463/704/302
f 2462/669/302 2459/669/302 2461/703/302
f 2464/706/302 2462/669/302 2463/704/302
f 2464/706/302 2465/669/302 2462/669/302
s 1
f 2466/669/303 2434/695/286 2468/669/286
f 2466/669/303 2467/703/303 2434/695/286
s 0
f 2469/669/303 2467/703/303 2466/669/303
f 2469/669/303 2470/704/303 2467/703/303
f 2471/706/303 2470/704/303 2469/669/303
f 2471/706/303 2469/669/303 2472/669/303
f 2474/705/89 2475/682/89 2473/89/89
f 2475/682/89 2476/705/89 2473/89/89
f 2475/682/89 2477/706/89 2476/705/89
f 2477/706/89 2475/682/89 2478/669/89
f 2479/138/89 2478/669/89 2475/682/89
f 2479/138/89 2475/682/89 2480/146/89
f 2481/138/89 2480/146/89 2475/682/89
f 2481/138/89 2475/682/89 2482/669/89
f 2475/682/89 2474/705/89 2482/669/89
f 2482/669/89 2474/705/89 2483/706/89
f 2485/651/1 2486/708/1 2484/709/1
f 2484/709/1 2486/708/1 2487/710/1
f 2484/709/1 2487/710/1 2488/711/1
f 2484/709/1 2488/711/1 2489/712/1
f 2486/708/1 2485/651/1 2490/653/1
f 2491/713/304 2492/651/304 2494/709/304
f 2491/713/304 2493/714/304 2492/651/304
f 2495/648/305 2496/715/305 2498/716/305
f 2495/648/305 2497/650/305 2496/715/305
f 2499/716/306 2500/717/306 2502/718/306
f 2499/716/306 2501/715/306 2500/717/306
f 2503/40/83 2504/719/83 2506/720/83
f 2503/40/83 2505/39/83 2504/719/83
f 2507/721/85 2508/643/85 2510/657/85
f 2507/721/85 2509/722/85 2508/643/85
f 2511/723/1 2512/724/1 2514/725/1
f 2512/724/1 2511/723/1 2513/726/1
f 2511/723/1 2521/724/1 2513/726/1
f 2511/723/1 2514/725/1 2515/727/1
f 2511/723/1 2515/727/1 2516/728/1
f 2511/723/1 2516/728/1 2517/729/1
f 2511/723/1 2517/729/1 2518/730/1
f 2511/723/1 2518/730/1 2519/731/1
f 2511/723/307 2519/731/307 2520/732/307
f 2521/724/1 2511/723/1 2522/725/1
f 2522/725/1 2511/723/1 2523/727/1
f 2523/727/1 2511/723/1 2524/728/1
f 2524/728/1 2511/723/1 2525/729/1
f 2525/729/1 2511/723/1 2526/730/1
f 2526/730/1 2511/723/1 2527/731/1
f 2527/731/308 2511/723/308 2528/732/308
f 2526/730/1 2527/731/1 2529/733/1
f 2519/731/1 2518/730/1 2530/733/1
f 2531/39/26 2532/41/26 2534/40/26
f 2531/39/26 2533/42/26 2532/41/26
f 2535/643/309 2536/644/309 2538/646/309
f 2535/643/309 2537/645/309 2536/644/309
f 2539/647/310 2540/648/310 2542/650/310
f 2539/647/310 2541/649/310 2540/648/310
f 2543/651/80 2544/652/80 2546/654/80
f 2543/651/80 2545/653/80 2544/652/80
f 2547/655/82 2548/41/82 2550/42/82
f 2547/655/82 2549/656/82 2548/41/82
f 2551/643/2 2552/658/2 2554/645/2
f 2552/658/2 2551/643/2 2553/657/2
f 2554/645/2 2552/658/2 2555/659/2
f 2554/645/2 2555/659/2 2556/660/2
f 2554/645/2 2556/660/2 2557/661/2
f 2558/709/1 2560/653/1 2559/651/1
f 2560/653/1 2558/709/1 2561/708/1
f 2561/708/1 2558/709/1 2562/710/1
f 2562/710/1 2558/709/1 2563/711/1
f 2563/711/1 2558/709/1 2564/712/1
f 2565/713/311 2566/651/311 2568/714/311
f 2565/713/311 2567/709/311 2566/651/311
f 2569/648/312 2570/715/312 2572/650/312
f 2569/648/312 2571/716/312 2570/715/312
f 2573/716/313 2574/717/313 2576/715/313
f 2573/716/313 2575/718/313 2574/717/313
f 2577/40/83 2578/719/83 2580/39/83
f 2577/40/83 2579/720/83 2578/719/83
f 2581/721/85 2582/643/85 2584/722/85
f 2581/721/85 2583/657/85 2582/643/85
usemtl material_0
f 59/43/27 60/44/27 61/45/27
f 59/43/27 61/45/27 62/46/27
f 2587/734/314 2585/68/314 2586/70/314
f 2587/734/314 2586/70/314 2588/735/314
f 2591/736/30 2589/72/30 2590/20/30
f 2591/736/30 2590/20/30 2592/737/30
f 2595/737/192 2593/20/192 2594/21/192
f 2595/737/192 2594/21/192 2596/738/192
f 2599/739/315 2597/18/315 2598/12/315
f 2599/739/315 2598/12/315 2600/740/315
f 2603/740/191 2601/12/191 2602/79/191
f 2603/740/191 2602/79/191 2604/741/191
f 2605/742/1 2606/743/1 2608/744/1
f 2606/743/1 2605/742/1 2607/745/1
f 2605/742/1 2608/744/1 2609/746/1
f 2609/746/1 2608/744/1 2610/747/1
f 2609/746/1 2610/747/1 2611/748/1
f 2611/748/1 2610/747/1 2612/749/1
f 2611/748/1 2612/749/1 2613/750/1
f 2613/750/1 2612/749/1 2614/751/1
f 2613/750/1 2614/751/1 2615/752/1
f 2615/752/1 2614/751/1 2616/753/1
f 2615/752/1 2616/753/1 2617/754/1
f 2617/754/1 2616/753/1 2618/755/1
f 2617/754/1 2618/755/1 2619/756/1
f 2619/756/1 2618/755/1 2620/757/1
f 2619/756/1 2620/757/1 2621/758/1
f 2621/758/1 2620/757/1 2622/759/1
f 2621/758/1 2622/759/1 2623/760/1
f 2623/760/1 2622/759/1 2624/761/1
f 2623/760/1 2624/761/1 2625/762/1
f 2625/762/1 2624/761/1 2626/763/1
f 2625/762/1 2626/763/1 2627/764/1
f 2627/764/1 2626/763/1 2628/765/1
f 2627/764/1 2628/765/1 2629/766/1
f 2629/766/1 2628/765/1 2630/767/1
f 2629/766/1 2630/767/1 2631/768/1
f 2631/768/1 2630/767/1 2632/769/1
f 2631/768/1 2632/769/1 2633/770/1
f 2633/770/1 2632/769/1 2634/771/1
f 2633/770/1 2634/771/1 2635/772/1
f 2635/772/1 2634/771/1 2636/773/1
f 2637/169/171 2638/774/171 2640/172/171
f 2637/169/171 2639/775/171 2638/774/171
f 2641/776/316 2642/775/316 2644/169/316
f 2641/776/316 2643/777/316 2642/775/316
f 2645/778/317 2646/777/317 2648/776/317
f 2645/778/317 2647/779/317 2646/777/317
f 2649/780/318 2650/779/318 2652/778/318
f 2649/780/318 2651/781/318 2650/779/318
f 2653/782/319 2654/781/319 2656/780/319
f 2653/782/319 2655/783/319 2654/781/319
f 2657/784/320 2658/783/320 2660/782/320
f 2657/784/320 2659/785/320 2658/783/320
f 2661/786/8 2662/785/8 2664/784/8
f 2661/786/8 2663/787/8 2662/785/8
f 2665/788/181 2666/787/181 2668/786/181
f 2665/788/181 2667/789/181 2666/787/181
f 2669/790/101 2670/789/101 2672/788/101
f 2669/790/101 2671/791/101 2670/789/101
f 2673/792/321 2674/791/321 2676/790/321
f 2673/792/321 2675/793/321 2674/791/321
f 2677/794/25 2678/793/25 2680/792/25
f 2677/794/25 2679/795/25 2678/793/25
f 2681/796/322 2682/795/322 2684/794/322
f 2681/796/322 2683/797/322 2682/795/322
f 2685/798/323 2686/797/323 2688/796/323
f 2685/798/323 2687/799/323 2686/797/323
f 2689/800/324 2690/799/324 2692/798/324
f 2689/800/324 2691/801/324 2690/799/324
f 2693/802/325 2694/801/325 2696/800/325
f 2693/802/325 2695/803/325 2694/801/325
f 2697/804/98 2698/803/98 2700/802/98
f 2697/804/98 2699/805/98 2698/803/98
f 2701/806/141 2702/805/141 2704/804/141
f 2701/806/141 2703/807/141 2702/805/141
f 2705/808/326 2706/807/326 2708/806/326
f 2705/808/326 2707/809/326 2706/807/326
f 2709/810/49 2710/809/49 2712/808/49
f 2709/810/49 2711/811/49 2710/809/49
f 2713/212/52 2714/811/52 2716/810/52
f 2713/212/52 2715/812/52 2714/811/52
f 2717/813/327 2718/812/327 2720/212/327
f 2717/813/327 2719/741/327 2718/812/327
f 2721/814/191 2722/741/191 2724/813/191
f 2721/814/191 2723/740/191 2722/741/191
f 2725/815/315 2726/740/315 2728/814/315
f 2725/815/315 2727/739/315 2726/740/315
f 2729/816/144 2730/739/144 2732/815/144
f 2729/816/144 2731/817/144 2730/739/144
f 2733/818/136 2734/817/136 2736/816/136
f 2733/818/136 2735/738/136 2734/817/136
f 2737/819/192 2738/738/192 2740/818/192
f 2737/819/192 2739/737/192 2738/738/192
f 2741/820/30 2742/737/30 2744/819/30
f 2741/820/30 2743/736/30 2742/737/30
f 2745/7/328 2746/736/328 2748/820/328
f 2745/7/328 2747/735/328 2746/736/328
f 2749/175/314 2750/735/314 2752/7/314
f 2749/175/314 2751/734/314 2750/735/314
f 2753/174/329 2754/734/329 2756/175/329
f 2753/174/329 2755/821/329 2754/734/329
f 2757/46/330 2758/821/330 2760/174/330
f 2757/46/330 2759/822/330 2758/821/330
f 2761/43/126 2762/822/126 2764/46/126
f 2761/43/126 2763/823/126 2762/822/126
f 2765/791/46 2766/824/46 2768/791/46
f 2765/791/46 2767/824/46 2766/824/46
f 2769/825/1 2770/826/1 2772/825/1
f 2769/825/1 2771/826/1 2770/826/1
f 2773/827/1 2769/825/1 2772/825/1
f 2773/827/1 2772/825/1 2774/827/1
f 2775/824/1 2776/828/1 2778/824/1
f 2775/824/1 2777/828/1 2776/828/1
f 2777/828/1 2779/829/1 2776/828/1
f 2777/828/1 2780/829/1 2779/829/1
f 2781/807/7 2782/830/7 2784/807/7
f 2781/807/7 2783/830/7 2782/830/7
f 2785/831/1 2786/832/1 2788/831/1
f 2785/831/1 2787/832/1 2786/832/1
f 2789/830/1 2785/831/1 2788/831/1
f 2789/830/1 2788/831/1 2790/830/1
f 2791/833/1 2792/834/1 2794/833/1
f 2791/833/1 2793/834/1 2792/834/1
f 2795/738/39 2796/827/39 2798/738/39
f 2795/738/39 2797/827/39 2796/827/39
f 2799/775/171 2800/834/171 2802/774/171
f 2799/775/171 2801/833/171 2800/834/171
f 2803/789/181 2804/829/181 2806/787/181
f 2803/789/181 2805/828/181 2804/829/181
f 2807/791/101 2808/828/101 2810/789/101
f 2807/791/101 2809/824/101 2808/828/101
f 2811/805/98 2812/832/98 2814/803/98
f 2811/805/98 2813/831/98 2812/832/98
f 2815/807/141 2816/831/141 2818/805/141
f 2815/807/141 2817/830/141 2816/831/141
f 2819/817/144 2820/826/144 2822/739/144
f 2819/817/144 2821/825/144 2820/826/144
f 2823/738/136 2824/825/136 2826/817/136
f 2823/738/136 2825/827/136 2824/825/136
f 2827/823/126 2828/835/126 2830/822/126
f 2827/823/126 2829/836/126 2828/835/126
f 2831/835/56 2832/822/56 2834/835/56
f 2831/835/56 2833/822/56 2832/822/56
f 2835/836/1 2836/835/1 2838/836/1
f 2835/836/1 2837/835/1 2836/835/1
f 2839/775/12 2840/833/12 2842/775/12
f 2839/775/12 2841/833/12 2840/833/12
f 2843/826/19 2844/739/19 2846/826/19
f 2843/826/19 2845/739/19 2844/739/19
f 2847/787/2 2848/789/2 2850/787/2
f 2847/787/2 2849/789/2 2848/789/2
f 2851/832/9 2852/803/9 2854/832/9
f 2851/832/9 2853/803/9 2852/803/9
f 2855/774/2 2856/775/2 2858/774/2
f 2855/774/2 2857/775/2 2856/775/2
f 2859/803/2 2860/805/2 2862/803/2
f 2859/803/2 2861/805/2 2860/805/2
f 2863/829/28 2864/787/28 2866/829/28
f 2863/829/28 2865/787/28 2864/787/28
f 2867/789/2 2868/791/2 2870/789/2
f 2867/789/2 2869/791/2 2868/791/2
f 2871/739/2 2872/817/2 2874/739/2
f 2871/739/2 2873/817/2 2872/817/2
f 2873/817/2 2875/738/2 2872/817/2
f 2873/817/2 2876/738/2 2875/738/2
f 2877/805/2 2878/807/2 2880/805/2
f 2877/805/2 2879/807/2 2878/807/2
f 2881/822/2 2882/823/2 2884/822/2
f 2881/822/2 2883/823/2 2882/823/2
f 2887/734/314 2885/68/314 2886/70/314
f 2887/734/314 2886/70/314 2888/735/314
f 2891/736/30 2889/72/30 2890/20/30
f 2891/736/30 2890/20/30 2892/737/30
f 2895/737/192 2893/20/192 2894/21/192
f 2895/737/192 2894/21/192 2896/738/192
f 2899/739/315 2897/18/315 2898/12/315
f 2899/739/315 2898/12/315 2900/740/315
f 2903/740/191 2901/12/191 2902/79/191
f 2903/740/191 2902/79/191 2904/741/191
f 2905/742/1 2906/743/1 2908/744/1
f 2906/743/1 2905/742/1 2907/745/1
f 2905/742/1 2908/744/1 2909/746/1
f 2909/746/1 2908/744/1 2910/747/1
f 2909/746/1 2910/747/1 2911/748/1
f 2911/748/1 2910/747/1 2912/749/1
f 2911/748/1 2912/749/1 2913/750/1
f 2913/750/1 2912/749/1 2914/751/1
f 2913/750/1 2914/751/1 2915/752/1
f 2915/752/1 2914/751/1 2916/753/1
f 2915/752/1 2916/753/1 2917/754/1
f 2917/754/1 2916/753/1 2918/755/1
f 2917/754/1 2918/755/1 2919/756/1
f 2919/756/1 2918/755/1 2920/757/1
f 2919/756/1 2920/757/1 2921/758/1
f 2921/758/1 2920/757/1 2922/759/1
f 2921/758/1 2922/759/1 2923/760/1
f 2923/760/1 2922/759/1 2924/761/1
f 2923/760/1 2924/761/1 2925/762/1
f 2925/762/1 2924/761/1 2926/763/1
f 2925/762/1 2926/763/1 2927/764/1
f 2927/764/1 2926/763/1 2928/765/1
f 2927/764/1 2928/765/1 2929/766/1
f 2929/766/1 2928/765/1 2930/767/1
f 2929/766/1 2930/767/1 2931/768/1
f 2931/768/1 2930/767/1 2932/769/1
f 2931/768/1 2932/769/1 2933/770/1
f 2933/770/1 2932/769/1 2934/771/1
f 2933/770/1 2934/771/1 2935/772/1
f 2935/772/1 2934/771/1 2936/773/1
f 2937/169/171 2938/774/171 2940/172/171
f 2937/169/171 2939/775/171 2938/774/171
f 2941/776/316 2942/775/316 2944/169/316
f 2941/776/316 2943/777/316 2942/775/316
f 2945/778/317 2946/777/317 2948/776/317
f 2945/778/317 2947/779/317 2946/777/317
f 2949/780/318 2950/779/318 2952/778/318
f 2949/780/318 2951/781/318 2950/779/318
f 2953/782/319 2954/781/319 2956/780/319
f 2953/782/319 2955/783/319 2954/781/319
f 2957/784/320 2958/783/320 2960/782/320
f 2957/784/320 2959/785/320 2958/783/320
f 2961/786/8 2962/785/8 2964/784/8
f 2961/786/8 2963/787/8 2962/785/8
f 2965/788/181 2966/787/181 2968/786/181
f 2965/788/181 2967/789/181 2966/787/181
f 2969/790/101 2970/789/101 2972/788/101
f 2969/790/101 2971/791/101 2970/789/101
f 2973/792/321 2974/791/321 2976/790/321
f 2973/792/321 2975/793/321 2974/791/321
f 2977/794/25 2978/793/25 2980/792/25
f 2977/794/25 2979/795/25 2978/793/25
f 2981/796/322 2982/795/322 2984/794/322
f 2981/796/322 2983/797/322 2982/795/322
f 2985/798/323 2986/797/323 2988/796/323
f 2985/798/323 2987/799/323 2986/797/323
f 2989/800/324 2990/799/324 2992/798/324
f 2989/800/324 2991/801/324 2990/799/324
f 2993/802/325 2994/801/325 2996/800/325
f 2993/802/325 2995/803/325 2994/801/325
f 2997/804/98 2998/803/98 3000/802/98
f 2997/804/98 2999/805/98 2998/803/98
f 3001/806/141 3002/805/141 3004/804/141
f 3001/806/141 3003/807/141 3002/805/141
f 3005/808/326 3006/807/326 3008/806/326
f 3005/808/326 3007/809/326 3006/807/326
f 3009/810/49 3010/809/49 3012/808/49
f 3009/810/49 3011/811/49 3010/809/49
f 3013/212/52 3014/811/52 3016/810/52
f 3013/212/52 3015/812/52 3014/811/52
f 3017/813/327 3018/812/327 3020/212/327
f 3017/813/327 3019/741/327 3018/812/327
f 3021/814/191 3022/741/191 3024/813/191
f 3021/814/191 3023/740/191 3022/741/191
f 3025/815/315 3026/740/315 3028/814/315
f 3025/815/315 3027/739/315 3026/740/315
f 3029/816/144 3030/739/144 3032/815/144
f 3029/816/144 3031/817/144 3030/739/144
f 3033/818/136 3034/817/136 3036/816/136
f 3033/818/136 3035/738/136 3034/817/136
f 3037/819/192 3038/738/192 3040/818/192
f 3037/819/192 3039/737/192 3038/738/192
f 3041/820/30 3042/737/30 3044/819/30
f 3041/820/30 3043/736/30 3042/737/30
f 3045/7/328 3046/736/328 3048/820/328
f 3045/7/328 3047/735/328 3046/736/328
f 3049/175/314 3050/735/314 3052/7/314
f 3049/175/314 3051/734/314 3050/735/314
f 3053/174/329 3054/734/329 3056/175/329
f 3053/174/329 3055/821/329 3054/734/329
f 3057/46/330 3058/821/330 3060/174/330
f 3057/46/330 3059/822/330 3058/821/330
f 3061/43/126 3062/822/126 3064/46/126
f 3061/43/126 3063/823/126 3062/822/126
f 3065/791/46 3066/824/46 3068/791/46
f 3065/791/46 3067/824/46 3066/824/46
f 3069/825/1 3070/826/1 3072/825/1
f 3069/825/1 3071/826/1 3070/826/1
f 3073/827/1 3069/825/1 3072/825/1
f 3073/827/1 3072/825/1 3074/827/1
f 3075/824/1 3076/828/1 3078/824/1
f 3075/824/1 3077/828/1 3076/828/1
f 3077/828/1 3079/829/1 3076/828/1
f 3077/828/1 3080/829/1 3079/829/1
f 3081/807/7 3082/830/7 3084/807/7
f 3081/807/7 3083/830/7 3082/830/7
f 3085/831/1 3086/832/1 3088/831/1
f 3085/831/1 3087/832/1 3086/832/1
f 3089/830/1 3085/831/1 3088/831/1
f 3089/830/1 3088/831/1 3090/830/1
f 3091/833/1 3092/834/1 3094/833/1
f 3091/833/1 3093/834/1 3092/834/1
f 3095/738/39 3096/827/39 3098/738/39
f 3095/738/39 3097/827/39 3096/827/39
f 3099/775/171 3100/834/171 3102/774/171
f 3099/775/171 3101/833/171 3100/834/171
f 3103/789/181 3104/829/181 3106/787/181
f 3103/789/181 3105/828/181 3104/829/181
f 3107/791/101 3108/828/101 3110/789/101
f 3107/791/101 3109/824/101 3108/828/101
f 3111/805/98 3112/832/98 3114/803/98
f 3111/805/98 3113/831/98 3112/832/98
f 3115/807/141 3116/831/141 3118/805/141
f 3115/807/141 3117/830/141 3116/831/141
f 3119/817/144 3120/826/144 3122/739/144
f 3119/817/144 3121/825/144 3120/826/144
f 3123/738/136 3124/825/136 3126/817/136
f 3123/738/136 3125/827/136 3124/825/136
f 3127/823/126 3128/835/126 3130/822/126
f 3127/823/126 3129/836/126 3128/835/126
f 3131/835/56 3132/822/56 3134/835/56
f 3131/835/56 3133/822/56 3132/822/56
f 3135/836/1 3136/835/1 3138/836/1
f 3135/836/1 3137/835/1 3136/835/1
f 3139/775/12 3140/833/12 3142/775/12
f 3139/775/12 3141/833/12 3140/833/12
f 3143/826/19 3144/739/19 3146/826/19
f 3143/826/19 3145/739/19 3144/739/19
f 3147/787/2 3148/789/2 3150/787/2
f 3147/787/2 3149/789/2 3148/789/2
f 3151/832/9 3152/803/9 3154/832/9
f 3151/832/9 3153/803/9 3152/803/9
f 3155/774/2 3156/775/2 3158/774/2
f 3155/774/2 3157/775/2 3156/775/2
f 3159/803/2 3160/805/2 3162/803/2
f 3159/803/2 3161/805/2 3160/805/2
f 3163/829/28 3164/787/28 3166/829/28
f 3163/829/28 3165/787/28 3164/787/28
f 3167/789/2 3168/791/2 3170/789/2
f 3167/789/2 3169/791/2 3168/791/2
f 3171/739/2 3172/817/2 3174/739/2
f 3171/739/2 3173/817/2 3172/817/2
f 3173/817/2 3175/738/2 3172/817/2
f 3173/817/2 3176/738/2 3175/738/2
f 3177/805/2 3178/807/2 3180/805/2
f 3177/805/2 3179/807/2 3178/807/2
f 3181/822/2 3182/823/2 3184/822/2
f 3181/822/2 3183/823/2 3182/823/2
f 3185/46/331 3186/66/331 3188/174/331
f 3185/46/331 3187/45/331 3186/66/331
f 3189/174/62 3190/68/62 3192/175/62
f 3189/174/62 3191/66/62 3190/68/62
f 3193/175/332 3194/70/332 3196/7/332
f 3193/175/332 3195/68/332 3194/70/332
f 3197/7/333 3198/72/333 3200/820/333
f 3197/7/333 3199/70/333 3198/72/333
f 3201/820/334 3202/20/334 3204/819/334
f 3201/820/334 3203/72/334 3202/20/334
f 3205/819/335 3206/21/335 3208/818/335
f 3205/819/335 3207/20/335 3206/21/335
f 3209/818/336 3210/24/336 3212/816/336
f 3209/818/336 3211/21/336 3210/24/336
f 3213/816/337 3214/18/337 3216/815/337
f 3213/816/337 3215/24/337 3214/18/337
f 3217/815/338 3218/12/338 3220/814/338
f 3217/815/338 3219/18/338 3218/12/338
f 3221/814/339 3222/79/339 3224/813/339
f 3221/814/339 3223/12/339 3222/79/339
f 3225/813/340 3226/81/340 3228/212/340
f 3225/813/340 3227/79/340 3226/81/340
f 3229/212/341 3230/83/341 3232/810/341
f 3229/212/341 3231/81/341 3230/83/341
f 3233/810/342 3234/85/342 3236/808/342
f 3233/810/342 3235/83/342 3234/85/342
f 3237/808/343 3238/87/343 3240/806/343
f 3237/808/343 3239/85/343 3238/87/343
f 3241/806/344 3242/89/344 3244/804/344
f 3241/806/344 3243/87/344 3242/89/344
f 3245/804/345 3246/91/345 3248/802/345
f 3245/804/345 3247/89/345 3246/91/345
f 3249/802/346 3250/168/346 3252/800/346
f 3249/802/346 3251/91/346 3250/168/346
f 3253/800/347 3254/167/347 3256/798/347
f 3253/800/347 3255/168/347 3254/167/347
f 3257/798/348 3258/99/348 3260/796/348
f 3257/798/348 3259/167/348 3258/99/348
s 1
f 3261/796/349 3262/101/349 3264/794/349
s 0
f 3261/796/349 3263/99/349 3262/101/349
f 3265/794/350 3266/103/350 3268/792/350
f 3265/794/350 3267/101/350 3266/103/350
f 3269/792/351 3270/105/351 3272/790/351
f 3269/792/351 3271/103/351 3270/105/351
f 3273/790/352 3274/107/352 3276/788/352
f 3273/790/352 3275/105/352 3274/107/352
f 3277/788/353 3278/109/353 3280/786/353
f 3277/788/353 3279/107/353 3278/109/353
f 3281/786/354 3282/52/354 3284/784/354
f 3281/786/354 3283/109/354 3282/52/354
f 3285/784/355 3286/53/355 3288/782/355
f 3285/784/355 3287/52/355 3286/53/355
f 3289/782/356 3290/56/356 3292/780/356
f 3289/782/356 3291/53/356 3290/56/356
f 3293/780/357 3294/59/357 3296/778/357
f 3293/780/357 3295/56/357 3294/59/357
f 3297/778/358 3298/62/358 3300/776/358
f 3297/778/358 3299/59/358 3298/62/358
f 3302/770/11 3301/742/11 3304/772/11
f 3302/770/11 3303/746/11 3301/742/11
f 3304/772/11 3301/742/11 3305/745/11
f 3304/772/11 3305/745/11 3306/773/11
f 3306/773/11 3305/745/11 3307/743/11
f 3306/773/11 3307/743/11 3308/771/11
f 3308/771/11 3307/743/11 3309/744/11
f 3308/771/11 3309/744/11 3310/769/11
f 3310/769/11 3309/744/11 3311/747/11
f 3310/769/11 3311/747/11 3312/767/11
f 3312/767/11 3311/747/11 3313/749/11
f 3312/767/11 3313/749/11 3314/765/11
f 3314/765/11 3313/749/11 3315/751/11
f 3314/765/11 3315/751/11 3316/763/11
f 3316/763/11 3315/751/11 3317/753/11
f 3316/763/11 3317/753/11 3318/761/11
f 3318/761/11 3317/753/11 3319/755/11
f 3318/761/11 3319/755/11 3320/759/11
f 3320/759/11 3319/755/11 3321/757/11
f 3322/768/11 3303/746/11 3302/770/11
f 3322/768/11 3323/748/11 3303/746/11
f 3324/766/11 3323/748/11 3322/768/11
f 3324/766/11 3325/750/11 3323/748/11
f 3326/764/11 3325/750/11 3324/766/11
f 3326/764/11 3327/752/11 3325/750/11
f 3326/764/11 3328/754/11 3327/752/11
f 3329/762/11 3328/754/11 3326/764/11
f 3329/762/11 3330/756/11 3328/754/11
f 3330/756/11 3332/760/11 3331/758/11
f 3332/760/11 3330/756/11 3329/762/11
f 3333/776/359 3334/48/359 3336/169/359
f 3333/776/359 3335/62/359 3334/48/359
f 3337/169/61 3338/49/61 3340/172/61
f 3337/169/61 3339/48/61 3338/49/61
f 3342/837/57 3343/838/57 3341/726/57
f 3341/726/57 3343/838/57 3344/839/57
f 3341/726/57 3344/839/57 3345/840/57
f 3345/840/57 3344/839/57 3346/841/57
f 3345/840/57 3346/841/57 3347/842/57
f 3347/842/57 3346/841/57 3348/843/57
f 3347/842/57 3348/843/57 3349/844/57
f 3349/844/57 3348/843/57 3350/845/57
f 3349/844/57 3350/845/57 3351/846/57
f 3351/846/57 3350/845/57 3352/847/57
f 3351/846/57 3352/847/57 3353/848/57
f 3353/848/57 3352/847/57 3354/849/57
f 3353/848/57 3354/849/57 3355/850/57
f 3355/850/57 3354/849/57 3356/851/57
f 3355/850/57 3356/851/57 3357/852/57
f 3357/852/57 3356/851/57 3358/853/57
f 3357/852/57 3358/853/57 3359/854/57
f 3342/837/57 3360/855/57 3343/838/57
f 3361/724/57 3360/855/57 3342/837/57
f 3361/724/57 3362/856/57 3360/855/57
f 3363/725/57 3362/856/57 3365/857/57
f 3363/725/57 3364/730/57 3362/856/57
f 3365/857/57 3362/856/57 3361/724/57
f 3366/858/57 3364/730/57 3363/725/57
f 3366/858/57 3367/859/57 3364/730/57
f 3368/727/57 3367/859/57 3366/858/57
f 3368/727/57 3369/860/57 3367/859/57
f 3370/861/57 3369/860/57 3368/727/57
f 3370/861/57 3371/862/57 3369/860/57
f 3371/862/57 3370/861/57 3372/728/57
f 3373/162/61 3374/172/61 3376/163/61
f 3373/162/61 3375/169/61 3374/172/61
f 3377/160/359 3378/169/359 3380/162/359
f 3377/160/359 3379/776/359 3378/169/359
f 3381/159/358 3382/776/358 3384/160/358
f 3381/159/358 3383/778/358 3382/776/358
f 3385/158/357 3386/778/357 3388/159/357
f 3385/158/357 3387/780/357 3386/778/357
f 3389/157/356 3390/780/356 3392/158/356
f 3389/157/356 3391/782/356 3390/780/356
f 3393/156/355 3394/782/355 3396/157/355
f 3393/156/355 3395/784/355 3394/782/355
f 3397/155/354 3398/784/354 3400/156/354
f 3397/155/354 3399/786/354 3398/784/354
f 3401/154/353 3402/786/353 3404/155/353
f 3401/154/353 3403/788/353 3402/786/353
f 3405/153/352 3406/788/352 3408/154/352
f 3405/153/352 3407/790/352 3406/788/352
f 3409/152/351 3410/790/351 3412/153/351
f 3409/152/351 3411/792/351 3410/790/351
f 3413/151/350 3414/792/350 3416/152/350
f 3413/151/350 3415/794/350 3414/792/350
f 3417/150/349 3418/794/349 3420/151/349
s 1
f 3417/150/349 3419/796/349 3418/794/349
s 0
f 3421/863/348 3422/796/348 3424/150/348
f 3421/863/348 3423/798/348 3422/796/348
f 3425/177/347 3426/798/347 3428/863/347
f 3425/177/347 3427/800/347 3426/798/347
f 3429/147/346 3430/800/346 3432/177/346
f 3429/147/346 3431/802/346 3430/800/346
f 3433/146/345 3434/802/345 3436/147/345
f 3433/146/345 3435/804/345 3434/802/345
f 3437/145/344 3438/804/344 3440/146/344
f 3437/145/344 3439/806/344 3438/804/344
f 3441/144/343 3442/806/343 3444/145/343
f 3441/144/343 3443/808/343 3442/806/343
f 3445/143/342 3446/808/342 3448/144/342
f 3445/143/342 3447/810/342 3446/808/342
f 3449/142/341 3450/810/341 3452/143/341
f 3449/142/341 3451/212/341 3450/810/341
f 3453/141/340 3454/212/340 3456/142/340
f 3453/141/340 3455/813/340 3454/212/340
f 3457/140/339 3458/813/339 3460/141/339
f 3457/140/339 3459/814/339 3458/813/339
f 3461/139/338 3462/814/338 3464/140/338
f 3461/139/338 3463/815/338 3462/814/338
f 3465/138/337 3466/815/337 3468/139/337
f 3465/138/337 3467/816/337 3466/815/337
f 3469/137/336 3470/816/336 3472/138/336
f 3469/137/336 3471/818/336 3470/816/336
f 3473/135/335 3474/818/335 3476/137/335
f 3473/135/335 3475/819/335 3474/818/335
f 3477/134/334 3478/819/334 3480/135/334
f 3477/134/334 3479/820/334 3478/819/334
f 3481/6/333 3482/820/333 3484/134/333
f 3481/6/333 3483/7/333 3482/820/333
f 3485/133/332 3486/7/332 3488/6/332
f 3485/133/332 3487/175/332 3486/7/332
f 3489/132/62 3490/175/62 3492/133/62
f 3489/132/62 3491/174/62 3490/175/62
f 3493/131/331 3494/174/331 3496/132/331
f 3493/131/331 3495/46/331 3494/174/331
f 3497/130/27 3498/46/27 3500/131/27
f 3497/130/27 3499/43/27 3498/46/27
s 1
usemtl Plastic.003
f 63/47/28 64/48/28 65/49/29
f 63/47/28 65/49/29 66/50/29
f 67/51/30 68/52/30 69/53/4
f 67/51/30 69/53/4 70/54/31
f 71/55/32 69/53/4 72/56/5
f 71/55/32 72/56/5 73/57/33
f 74/58/34 72/56/5 75/59/35
f 74/58/34 75/59/35 76/60/6
f 77/61/36 75/59/35 78/62/37
f 77/61/36 78/62/37 79/63/37
f 79/63/37 78/62/37 64/48/28
f 79/63/37 64/48/28 63/47/28
f 64/48/28 78/62/37 80/62/37
f 64/48/28 80/62/37 81/48/28
f 75/59/35 72/56/5 82/56/5
f 75/59/35 82/56/5 83/59/35
f 69/53/4 68/52/30 84/52/30
f 69/53/4 84/52/30 85/53/4
f 78/62/37 75/59/35 83/59/35
f 78/62/37 83/59/35 80/62/37
f 72/56/5 69/53/4 85/53/4
f 72/56/5 85/53/4 82/56/5
f 65/49/29 64/48/28 81/48/28
f 65/49/29 81/48/28 86/49/29
f 3501/864/360 3502/68/41 3504/865/170
f 3501/864/360 3503/66/40 3502/68/41
f 3502/68/41 3503/66/40 3509/66/40
f 3505/866/361 3503/66/40 3507/867/362
f 3505/866/361 3506/45/39 3503/66/40
f 3503/66/40 3506/45/39 3508/45/39
f 3503/66/40 3508/45/39 3509/66/40
f 3502/68/41 3509/66/40 3510/68/41
f 3511/70/42 3510/68/41 3512/70/42
f 3511/70/42 3502/68/41 3510/68/41
f 3513/72/43 3511/70/42 3512/70/42
f 3513/72/43 3512/70/42 3514/72/43
f 3515/20/320 3514/72/43 3516/20/320
f 3515/20/320 3513/72/43 3514/72/43
f 3517/868/363 3515/20/320 3518/638/320
f 3517/868/363 3513/72/43 3515/20/320
f 3519/869/42 3513/72/43 3520/870/364
f 3519/869/42 3511/70/42 3513/72/43
f 3521/871/139 3511/70/42 3519/869/42
f 3521/871/139 3502/68/41 3511/70/42
f 3506/45/39 3522/44/38 3508/45/39
f 3506/45/39 3523/44/38 3522/44/38
f 3524/872/38 3523/44/38 3506/45/39
f 3524/872/38 3506/45/39 3525/873/365
f 3526/45/366 3527/874/367 3529/875/366
f 3526/45/366 3528/44/367 3527/874/367
f 3530/66/368 3526/45/366 3531/876/366
f 3530/66/368 3531/876/366 3532/877/368
f 3533/68/369 3530/66/368 3532/877/368
f 3533/68/369 3532/877/368 3534/878/369
f 3535/70/370 3533/68/369 3534/878/369
f 3535/70/370 3534/878/369 3536/879/370
f 3537/72/371 3535/70/370 3536/879/370
f 3537/72/371 3536/879/370 3538/880/371
f 3539/20/372 3537/72/371 3538/880/371
f 3539/20/372 3538/880/371 3540/570/372
f 3541/53/373 3542/569/374 3544/881/373
f 3541/53/373 3543/52/374 3542/569/374
f 3545/56/375 3541/53/373 3544/881/373
f 3545/56/375 3544/881/373 3546/882/375
f 3547/59/376 3545/56/375 3546/882/375
f 3547/59/376 3546/882/375 3548/883/376
f 3549/62/377 3547/59/376 3548/883/376
f 3549/62/377 3548/883/376 3550/884/377
f 3551/48/378 3549/62/377 3550/884/377
f 3551/48/378 3550/884/377 3552/885/378
f 3553/49/367 3551/48/378 3552/885/378
f 3553/49/367 3552/885/378 3554/886/367
f 3555/872/379 3556/887/380 3558/888/379
f 3555/872/379 3557/873/381 3556/887/380
f 3559/866/381 3560/889/382 3562/890/381
f 3559/866/381 3561/867/382 3560/889/382
f 3563/864/382 3564/891/383 3566/892/382
f 3563/864/382 3565/865/383 3564/891/383
f 3567/871/383 3568/893/384 3570/894/383
f 3567/871/383 3569/869/384 3568/893/384
f 3569/869/384 3571/895/385 3573/896/384
f 3569/869/384 3572/870/385 3571/895/385
f 3574/868/385 3575/639/386 3577/897/385
f 3574/868/385 3576/638/386 3575/639/386
f 3578/51/387 3579/898/388 3581/571/387
f 3578/51/387 3580/54/388 3579/898/388
f 3582/55/388 3583/899/389 3585/900/388
f 3582/55/388 3584/57/389 3583/899/389
f 3586/58/389 3587/901/390 3589/902/389
f 3586/58/389 3588/60/390 3587/901/390
f 3590/61/390 3591/903/391 3593/904/390
f 3590/61/390 3592/63/391 3591/903/391
f 3592/63/391 3594/905/392 3596/906/391
f 3592/63/391 3595/47/392 3594/905/392
f 3595/47/393 3597/907/379 3599/908/393
f 3595/47/393 3598/50/379 3597/907/379
s 0
f 3601/909/1 3602/910/1 3600/911/1
f 3602/910/1 3601/909/1 3603/912/1
f 3603/912/1 3601/909/1 3604/913/1
f 3603/912/1 3604/913/1 3605/914/1
f 3605/914/1 3604/913/1 3606/915/1
f 3605/914/1 3606/915/1 3607/916/1
f 3607/916/1 3606/915/1 3608/917/1
f 3607/916/1 3608/917/1 3609/918/1
f 3609/918/1 3608/917/1 3610/919/1
f 3609/918/1 3610/919/1 3611/611/1
f 3611/611/1 3610/919/1 3612/609/1
f 3614/880/2 3613/569/2 3616/570/2
f 3614/880/2 3615/881/2 3613/569/2
f 3617/879/2 3615/881/2 3614/880/2
f 3617/879/2 3618/882/2 3615/881/2
f 3619/878/2 3618/882/2 3617/879/2
f 3619/878/2 3620/883/2 3618/882/2
f 3621/877/2 3620/883/2 3619/878/2
f 3621/877/2 3622/884/2 3620/883/2
f 3623/876/2 3622/884/2 3621/877/2
f 3623/876/2 3624/885/2 3622/884/2
f 3624/885/2 3623/876/2 3625/886/2
f 3626/571/26 3627/638/26 3629/51/26
f 3626/571/26 3628/639/26 3627/638/26
f 3627/638/26 3630/52/26 3629/51/26
f 3627/638/26 3631/20/26 3630/52/26
f 3631/20/26 3632/52/26 3630/52/26
f 3631/20/26 3633/20/26 3632/52/26
f 3634/569/26 3632/52/26 3633/20/26
f 3634/569/26 3633/20/26 3635/570/26
s 1
usemtl Plastic.002
f 87/64/38 88/44/38 89/45/39
f 87/64/38 89/45/39 90/65/39
f 90/65/39 89/45/39 91/66/40
f 90/65/39 91/66/40 92/67/40
f 92/67/40 91/66/40 93/68/41
f 92/67/40 93/68/41 165/69/41
f 165/69/41 93/68/41 94/70/42
f 165/69/41 94/70/42 95/71/42
f 95/71/42 94/70/42 96/72/43
f 95/71/42 96/72/43 97/73/43
f 97/73/43 96/72/43 98/20/44
f 97/73/43 98/20/44 162/74/44
f 162/74/44 98/20/44 99/21/9
f 162/74/44 99/21/9 100/75/9
f 100/75/9 99/21/9 101/24/11
f 100/75/9 101/24/11 160/76/11
f 160/76/11 101/24/11 102/18/12
f 160/76/11 102/18/12 159/77/12
f 159/77/12 102/18/12 103/12/14
f 159/77/12 103/12/14 104/78/14
f 104/78/14 103/12/14 105/79/23
f 104/78/14 105/79/23 106/80/23
f 106/80/23 105/79/23 107/81/15
f 106/80/23 107/81/15 108/82/15
f 108/82/15 107/81/15 109/83/45
f 108/82/15 109/83/45 157/84/45
f 157/84/45 109/83/45 110/85/18
f 157/84/45 110/85/18 156/86/18
f 156/86/18 110/85/18 111/87/19
f 156/86/18 111/87/19 112/88/19
f 112/88/19 111/87/19 113/89/26
f 112/88/19 113/89/26 155/90/26
f 155/90/26 113/89/26 114/91/46
f 155/90/26 114/91/46 154/92/46
f 154/92/46 114/91/46 115/93/47
f 154/92/46 115/93/47 116/94/48
f 117/95/49 118/96/50 119/97/51
f 151/98/52 118/96/50 120/99/53
f 151/98/52 120/99/53 121/100/53
f 121/100/53 120/99/53 122/101/54
f 121/100/53 122/101/54 123/102/54
f 123/102/54 122/101/54 124/103/55
f 123/102/54 124/103/55 149/104/55
f 149/104/55 124/103/55 125/105/56
f 149/104/55 125/105/56 148/106/56
f 148/106/56 125/105/56 126/107/57
f 148/106/56 126/107/57 127/108/57
f 127/108/57 126/107/57 128/109/7
f 127/108/57 128/109/7 129/110/7
f 129/110/7 128/109/7 130/52/3
f 129/110/7 130/52/3 146/111/3
f 146/111/3 130/52/3 131/53/4
f 146/111/3 131/53/4 132/112/4
f 132/112/4 131/53/4 133/56/5
f 132/112/4 133/56/5 134/113/5
f 134/113/5 133/56/5 135/59/35
f 134/113/5 135/59/35 136/114/35
f 136/114/35 135/59/35 137/62/37
f 136/114/35 137/62/37 143/115/37
f 143/115/37 137/62/37 138/48/28
f 143/115/37 138/48/28 139/116/28
f 139/116/28 138/48/28 140/49/29
f 139/116/28 140/49/29 141/117/29
f 144/118/5 134/113/5 136/114/35
f 145/119/4 134/113/5 144/118/5
f 147/120/7 129/110/7 146/111/3
f 127/108/57 129/110/7 147/120/7
f 150/121/54 123/102/54 149/104/55
f 121/100/53 123/102/54 150/121/54
f 152/122/49 117/95/49 153/123/51
f 158/124/23 106/80/23 108/82/15
f 104/78/14 106/80/23 158/124/23
f 163/125/43 97/73/43 162/74/44
f 164/126/42 95/71/42 97/73/43
f 164/126/42 97/73/43 163/125/43
f 165/69/41 95/71/42 164/126/42
f 166/127/40 92/67/40 165/69/41
f 167/128/39 90/65/39 92/67/40
f 167/128/39 92/67/40 166/127/40
f 168/129/38 87/64/38 90/65/39
f 168/129/38 90/65/39 167/128/39
f 169/130/38 168/129/38 167/128/39
f 169/130/38 167/128/39 170/131/39
f 170/131/39 167/128/39 166/127/40
f 170/131/39 166/127/40 171/132/40
f 171/132/40 166/127/40 165/69/41
f 171/132/40 165/69/41 172/133/41
f 172/133/41 165/69/41 164/126/42
f 172/133/41 164/126/42 173/6/42
f 173/6/42 164/126/42 163/125/43
f 173/6/42 163/125/43 174/134/43
f 174/134/43 163/125/43 162/74/44
f 174/134/43 162/74/44 175/135/44
f 175/135/44 162/74/44 161/136/9
f 175/135/44 161/136/9 176/137/9
f 176/137/9 161/136/9 160/76/11
f 176/137/9 160/76/11 177/138/11
f 177/138/11 160/76/11 159/77/12
f 177/138/11 159/77/12 178/139/12
f 178/139/12 159/77/12 104/78/14
f 178/139/12 104/78/14 179/140/14
f 179/140/14 104/78/14 158/124/23
f 179/140/14 158/124/23 180/141/23
f 180/141/23 158/124/23 108/82/15
f 180/141/23 108/82/15 181/142/15
f 181/142/15 108/82/15 157/84/45
f 181/142/15 157/84/45 182/143/45
f 182/143/45 157/84/45 156/86/18
f 182/143/45 156/86/18 183/144/18
f 183/144/18 156/86/18 112/88/19
f 183/144/18 112/88/19 184/145/19
f 184/145/19 112/88/19 155/90/26
f 184/145/19 155/90/26 185/146/26
f 185/146/26 155/90/26 154/92/46
f 185/146/26 154/92/46 186/147/46
f 186/147/46 154/92/46 116/94/48
f 186/147/46 116/94/48 187/148/58
f 188/149/59 152/122/49 153/123/51
f 188/149/59 151/98/52 121/100/53
f 188/149/59 121/100/53 189/150/53
f 189/150/53 121/100/53 150/121/54
f 189/150/53 150/121/54 190/151/54
f 190/151/54 150/121/54 149/104/55
f 190/151/54 149/104/55 191/152/55
f 191/152/55 149/104/55 148/106/56
f 191/152/55 148/106/56 192/153/56
f 192/153/56 148/106/56 127/108/57
f 192/153/56 127/108/57 193/154/57
f 193/154/57 127/108/57 147/120/7
f 193/154/57 147/120/7 194/155/7
f 194/155/7 147/120/7 146/111/3
f 194/155/7 146/111/3 195/156/3
f 195/156/3 146/111/3 145/119/4
f 195/156/3 145/119/4 196/157/4
f 196/157/4 145/119/4 144/118/5
f 196/157/4 144/118/5 197/158/5
f 197/158/5 144/118/5 136/114/35
f 197/158/5 136/114/35 198/159/35
f 198/159/35 136/114/35 143/115/37
f 198/159/35 143/115/37 199/160/37
f 199/160/37 143/115/37 142/161/28
f 199/160/37 142/161/28 200/162/28
f 200/162/28 142/161/28 141/117/29
f 200/162/28 141/117/29 201/163/29
f 142/161/28 139/116/28 141/117/29
f 143/115/37 139/116/28 142/161/28
f 145/119/4 132/112/4 134/113/5
f 146/111/3 132/112/4 145/119/4
f 117/95/49 119/97/51 153/123/51
f 161/136/9 100/75/9 160/76/11
f 162/74/44 100/75/9 161/136/9
f 153/123/51 119/97/51 151/98/52
f 188/149/59 153/123/51 151/98/52
f 119/97/51 118/96/50 151/98/52
f 187/148/58 116/94/48 203/164/49
f 116/94/48 202/165/49 203/164/49
f 116/94/48 115/93/47 202/165/49
f 202/165/49 117/95/49 204/166/60
s 0
f 187/148/49 203/164/49 152/122/49
f 187/148/49 152/122/49 188/149/49
f 202/165/49 115/93/49 118/96/49
f 202/165/49 118/96/49 117/95/49
f 3636/742/2 3637/743/2 3639/744/2
f 3637/743/2 3636/742/2 3638/745/2
f 3636/742/2 3639/744/2 3640/746/2
f 3640/746/2 3639/744/2 3641/747/2
f 3640/746/2 3641/747/2 3642/748/2
f 3642/748/2 3641/747/2 3643/749/2
f 3642/748/2 3643/749/2 3644/750/2
f 3644/750/2 3643/749/2 3645/751/2
f 3644/750/2 3645/751/2 3646/752/2
f 3646/752/2 3645/751/2 3647/753/2
f 3646/752/2 3647/753/2 3648/754/2
f 3648/754/2 3647/753/2 3649/755/2
f 3648/754/2 3649/755/2 3650/756/2
f 3650/756/2 3649/755/2 3651/757/2
f 3650/756/2 3651/757/2 3652/758/2
f 3652/758/2 3651/757/2 3653/759/2
f 3652/758/2 3653/759/2 3654/760/2
f 3654/760/2 3653/759/2 3655/761/2
f 3654/760/2 3655/761/2 3656/762/2
f 3656/762/2 3655/761/2 3657/763/2
f 3656/762/2 3657/763/2 3658/764/2
f 3658/764/2 3657/763/2 3659/765/2
f 3658/764/2 3659/765/2 3660/766/2
f 3660/766/2 3659/765/2 3661/920/2
f 3660/766/2 3661/920/2 3662/921/2
f 3662/921/2 3661/920/2 3663/922/2
f 3663/922/2 3661/920/2 3664/923/2
f 3663/922/2 3664/923/2 3665/769/2
f 3663/922/2 3665/769/2 3666/924/2
f 3663/922/2 3666/924/2 3667/925/2
f 3667/925/2 3666/924/2 3668/773/2
f 3670/837/1 3671/840/1 3669/726/1
f 3671/840/1 3670/837/1 3672/842/1
f 3672/842/1 3670/837/1 3673/724/1
f 3672/842/1 3673/724/1 3674/844/1
f 3674/844/1 3673/724/1 3675/857/1
f 3674/844/1 3675/857/1 3676/846/1
f 3676/846/1 3675/857/1 3677/725/1
f 3676/846/1 3677/725/1 3678/848/1
f 3678/848/1 3677/725/1 3679/858/1
f 3678/848/1 3679/858/1 3680/850/1
f 3680/850/1 3679/858/1 3681/727/1
f 3680/850/1 3681/727/1 3682/852/1
f 3682/852/1 3681/727/1 3683/861/1
f 3682/852/1 3683/861/1 3684/854/1
f 3684/854/1 3683/861/1 3685/728/1
f 3684/854/1 3685/728/1 3686/853/1
f 3686/853/1 3685/728/1 3687/862/1
f 3686/853/1 3687/862/1 3688/851/1
f 3688/851/1 3687/862/1 3689/860/1
f 3688/851/1 3689/860/1 3690/849/1
f 3690/849/1 3689/860/1 3691/859/1
f 3690/849/1 3691/859/1 3693/926/1
f 3693/926/1 3691/859/1 3692/730/1
f 3693/926/1 3692/730/1 3694/927/1
f 3693/926/1 3694/927/1 3695/928/1
f 3695/928/1 3694/927/1 3696/929/1
f 3695/928/1 3696/929/1 3697/930/1
f 3697/930/1 3696/929/1 3698/843/1
f 3698/843/1 3696/929/1 3699/931/1
f 3698/843/1 3699/931/1 3700/932/1
f 3700/932/1 3699/931/1 3701/839/1
s 1
f 3702/130/394 3703/45/395 3705/131/395
f 3702/130/394 3704/44/394 3703/45/395
f 3705/131/395 3703/45/395 3706/66/396
f 3705/131/395 3706/66/396 3707/132/396
f 3707/132/396 3706/66/396 3708/68/397
f 3707/132/396 3708/68/397 3709/133/397
f 3709/133/397 3708/68/397 3710/70/302
f 3709/133/397 3710/70/302 3711/6/302
f 3711/6/302 3710/70/302 3712/72/398
f 3711/6/302 3712/72/398 3713/134/398
f 3713/134/398 3712/72/398 3714/20/399
f 3713/134/398 3714/20/399 3715/135/399
f 3715/135/399 3714/20/399 3716/21/400
f 3715/135/399 3716/21/400 3717/137/400
f 3717/137/400 3716/21/400 3718/24/2
f 3717/137/400 3718/24/2 3719/138/2
f 3719/138/2 3718/24/2 3720/18/401
f 3719/138/2 3720/18/401 3721/139/401
f 3721/139/401 3720/18/401 3722/12/402
f 3721/139/401 3722/12/402 3723/140/402
f 3723/140/402 3722/12/402 3724/79/403
f 3723/140/402 3724/79/403 3725/141/403
f 3725/141/403 3724/79/403 3726/81/303
f 3725/141/403 3726/81/303 3727/142/303
f 3727/142/303 3726/81/303 3728/83/404
f 3727/142/303 3728/83/404 3729/143/404
f 3729/143/404 3728/83/404 3730/85/405
f 3729/143/404 3730/85/405 3731/144/405
f 3731/144/405 3730/85/405 3732/87/406
f 3731/144/405 3732/87/406 3733/145/406
f 3733/145/406 3732/87/406 3734/89/11
f 3733/145/406 3734/89/11 3735/146/11
f 3735/146/11 3734/89/11 3736/91/407
f 3735/146/11 3736/91/407 3737/147/407
f 3737/147/407 3736/91/407 3738/168/408
f 3737/147/407 3738/168/408 3739/177/408
f 3739/177/408 3738/168/408 3740/167/409
f 3739/177/408 3740/167/409 3741/863/409
f 3741/863/409 3740/167/409 3742/99/410
f 3741/863/409 3742/99/410 3743/150/410
f 3743/150/410 3742/99/410 3744/101/411
f 3743/150/410 3744/101/411 3745/151/411
f 3745/151/411 3744/101/411 3746/103/412
f 3745/151/411 3746/103/412 3747/152/412
f 3747/152/412 3746/103/412 3748/105/413
f 3747/152/412 3748/105/413 3749/153/413
f 3749/153/413 3748/105/413 3750/107/1
f 3749/153/413 3750/107/1 3751/154/1
f 3751/154/1 3750/107/1 3752/109/414
f 3751/154/1 3752/109/414 3753/155/414
f 3753/155/414 3752/109/414 3754/52/415
f 3753/155/414 3754/52/415 3755/156/415
f 3755/156/415 3754/52/415 3756/53/416
f 3755/156/415 3756/53/416 3757/157/416
f 3757/157/416 3756/53/416 3758/56/417
f 3757/157/416 3758/56/417 3759/158/417
f 3759/158/417 3758/56/417 3760/59/418
f 3759/158/417 3760/59/418 3761/159/418
f 3761/159/418 3760/59/418 3762/62/419
f 3761/159/418 3762/62/419 3763/160/419
f 3763/160/419 3762/62/419 3764/48/420
f 3763/160/419 3764/48/420 3765/162/420
f 3765/162/420 3764/48/420 3766/49/421
f 3765/162/420 3766/49/421 3767/163/421
s 0
f 3768/21/26 3769/20/26 3771/21/26
f 3768/21/26 3770/20/26 3769/20/26
f 3772/24/26 3768/21/26 3771/21/26
f 3772/24/26 3771/21/26 3773/24/26
f 3774/18/26 3772/24/26 3773/24/26
f 3774/18/26 3773/24/26 3775/18/26
f 3776/12/26 3774/18/26 3775/18/26
f 3776/12/26 3775/18/26 3777/12/26
f 3778/79/26 3776/12/26 3777/12/26
f 3779/81/26 3778/79/26 3780/79/26
f 3778/79/26 3777/12/26 3780/79/26
f 3779/81/26 3780/79/26 3781/81/26
f 3782/83/26 3779/81/26 3781/81/26
f 3782/83/422 3781/81/422 3783/83/422
f 3784/85/26 3782/83/26 3783/83/26
f 3784/85/26 3783/83/26 3785/85/26
f 3786/87/26 3784/85/26 3785/85/26
f 3786/87/422 3785/85/422 3787/87/422
f 3788/89/26 3787/87/26 3789/89/26
f 3788/89/26 3786/87/26 3787/87/26
f 3790/91/26 3788/89/26 3789/89/26
f 3790/91/422 3789/89/422 3791/91/422
f 3792/168/26 3790/91/26 3791/91/26
f 3792/168/26 3791/91/26 3793/168/26
f 3794/167/26 3792/168/26 3793/168/26
f 3794/167/26 3793/168/26 3795/167/26
f 3796/99/26 3794/167/26 3795/167/26
f 3796/99/26 3795/167/26 3797/99/26
f 3798/101/26 3797/99/26 3799/101/26
f 3798/101/26 3796/99/26 3797/99/26
f 3800/103/26 3798/101/26 3799/101/26
f 3800/103/26 3799/101/26 3801/103/26
f 3802/105/26 3800/103/26 3801/103/26
f 3802/105/26 3801/103/26 3803/105/26
f 3804/107/26 3802/105/26 3803/105/26
f 3804/107/26 3803/105/26 3805/107/26
f 3806/109/26 3805/107/26 3807/109/26
f 3806/109/26 3804/107/26 3805/107/26
f 3808/52/26 3806/109/26 3807/109/26
f 3808/52/26 3807/109/26 3809/52/26
f 3810/53/26 3808/52/26 3809/52/26
f 3810/53/26 3809/52/26 3811/53/26
f 3812/56/26 3810/53/26 3811/53/26
f 3812/56/26 3811/53/26 3813/56/26
f 3814/59/26 3812/56/26 3813/56/26
f 3814/59/26 3813/56/26 3815/59/26
f 3816/62/423 3815/59/423 3817/62/423
f 3816/62/26 3814/59/26 3815/59/26
f 3818/48/26 3816/62/26 3817/62/26
f 3818/48/423 3817/62/423 3819/48/423
f 3820/49/26 3818/48/26 3819/48/26
f 3820/49/422 3819/48/422 3821/49/422
f 3770/20/26 3822/72/26 3769/20/26
f 3770/20/26 3823/72/26 3822/72/26
f 3823/72/26 3824/70/26 3822/72/26
f 3823/72/26 3825/70/26 3824/70/26
f 3825/70/26 3826/68/26 3824/70/26
f 3825/70/26 3827/68/26 3826/68/26
f 3827/68/422 3828/66/422 3826/68/422
f 3827/68/26 3829/66/26 3828/66/26
f 3829/66/26 3830/45/26 3828/66/26
f 3829/66/26 3831/45/26 3830/45/26
f 3831/45/423 3832/44/423 3830/45/423
f 3831/45/26 3833/44/26 3832/44/26
f 3835/837/89 3836/840/89 3834/726/89
f 3836/840/89 3835/837/89 3837/724/89
f 3836/840/89 3837/724/89 3838/842/89
f 3838/842/89 3837/724/89 3839/857/89
f 3838/842/89 3839/857/89 3840/844/89
f 3840/844/89 3839/857/89 3841/846/89
f 3841/846/89 3839/857/89 3842/725/89
f 3841/846/89 3842/725/89 3843/848/89
f 3843/848/89 3842/725/89 3844/858/89
f 3843/848/89 3844/858/89 3845/850/89
f 3845/850/89 3844/858/89 3846/727/89
f 3845/850/89 3846/727/89 3847/852/89
f 3847/852/89 3846/727/89 3848/861/89
f 3847/852/89 3848/861/89 3849/854/89
f 3849/854/89 3848/861/89 3850/728/89
f 3849/854/89 3850/728/89 3851/853/89
f 3851/853/89 3850/728/89 3852/862/89
f 3851/853/89 3852/862/89 3853/851/89
f 3853/851/89 3852/862/89 3854/860/89
f 3853/851/89 3854/860/89 3855/849/89
f 3855/849/89 3854/860/89 3856/859/89
f 3855/849/89 3856/859/89 3857/847/89
f 3857/847/89 3856/859/89 3858/730/89
f 3857/847/89 3858/730/89 3859/856/89
f 3857/847/89 3859/856/89 3860/845/89
f 3860/845/89 3859/856/89 3861/855/89
f 3860/845/89 3861/855/89 3862/843/89
f 3862/843/89 3861/855/89 3863/841/89
f 3863/841/89 3861/855/89 3864/838/89
f 3863/841/89 3864/838/89 3865/839/89
s 1
f 3866/130/394 3867/45/395 3869/131/395
f 3866/130/394 3868/44/394 3867/45/395
f 3869/131/395 3867/45/395 3870/66/396
f 3869/131/395 3870/66/396 3871/132/396
f 3871/132/396 3870/66/396 3872/68/397
f 3871/132/396 3872/68/397 3873/133/397
f 3873/133/397 3872/68/397 3874/70/302
f 3873/133/397 3874/70/302 3875/6/302
f 3875/6/302 3874/70/302 3876/72/398
f 3875/6/302 3876/72/398 3877/134/398
f 3877/134/398 3876/72/398 3878/20/399
f 3877/134/398 3878/20/399 3879/135/399
f 3879/135/399 3878/20/399 3880/21/400
f 3879/135/399 3880/21/400 3881/137/400
f 3881/137/400 3880/21/400 3882/24/2
f 3881/137/400 3882/24/2 3883/138/2
f 3883/138/2 3882/24/2 3884/18/401
f 3883/138/2 3884/18/401 3885/139/401
f 3885/139/401 3884/18/401 3886/12/402
f 3885/139/401 3886/12/402 3887/140/402
f 3887/140/402 3886/12/402 3888/79/403
f 3887/140/402 3888/79/403 3889/141/403
f 3889/141/403 3888/79/403 3890/81/303
f 3889/141/403 3890/81/303 3891/142/303
f 3891/142/303 3890/81/303 3892/83/404
f 3891/142/303 3892/83/404 3893/143/404
f 3893/143/404 3892/83/404 3894/85/405
f 3893/143/404 3894/85/405 3895/144/405
f 3895/144/405 3894/85/405 3896/87/406
f 3895/144/405 3896/87/406 3897/145/406
f 3897/145/406 3896/87/406 3898/89/11
f 3897/145/406 3898/89/11 3899/146/11
f 3899/146/11 3898/89/11 3900/91/407
f 3899/146/11 3900/91/407 3901/147/407
f 3901/147/407 3900/91/407 3902/168/408
f 3901/147/407 3902/168/408 3903/177/408
f 3903/177/408 3902/168/408 3904/167/409
f 3903/177/408 3904/167/409 3905/863/409
f 3905/863/409 3904/167/409 3906/99/410
f 3905/863/409 3906/99/410 3907/150/410
f 3907/150/410 3906/99/410 3908/101/411
f 3907/150/410 3908/101/411 3909/151/411
f 3909/151/411 3908/101/411 3910/103/412
f 3909/151/411 3910/103/412 3911/152/412
f 3911/152/412 3910/103/412 3912/105/413
f 3911/152/412 3912/105/413 3913/153/413
f 3913/153/413 3912/105/413 3914/107/1
f 3913/153/413 3914/107/1 3915/154/1
f 3915/154/1 3914/107/1 3916/109/414
f 3915/154/1 3916/109/414 3917/155/414
f 3917/155/414 3916/109/414 3918/52/415
f 3917/155/414 3918/52/415 3919/156/415
f 3919/156/415 3918/52/415 3920/53/416
f 3919/156/415 3920/53/416 3921/157/416
f 3921/157/416 3920/53/416 3922/56/417
f 3921/157/416 3922/56/417 3923/158/417
f 3923/158/417 3922/56/417 3924/59/418
f 3923/158/417 3924/59/418 3925/159/418
f 3925/159/418 3924/59/418 3926/62/419
f 3925/159/418 3926/62/419 3927/160/419
f 3927/160/419 3926/62/419 3928/48/420
f 3927/160/419 3928/48/420 3929/162/420
f 3929/162/420 3928/48/420 3930/49/421
f 3929/162/420 3930/49/421 3931/163/421
s 0
f 3932/66/26 3933/45/26 3935/66/26
f 3932/66/26 3934/45/26 3933/45/26
f 3936/68/26 3932/66/26 3935/66/26
f 3936/68/26 3935/66/26 3937/68/26
f 3938/70/26 3936/68/26 3937/68/26
f 3938/70/26 3937/68/26 3939/70/26
f 3940/72/26 3938/70/26 3939/70/26
f 3940/72/26 3939/70/26 3941/72/26
f 3942/20/26 3940/72/26 3941/72/26
f 3943/21/26 3942/20/26 3944/20/26
f 3942/20/26 3941/72/26 3944/20/26
f 3943/21/26 3944/20/26 3945/21/26
f 3946/24/26 3943/21/26 3945/21/26
f 3946/24/26 3945/21/26 3947/24/26
f 3948/18/26 3946/24/26 3947/24/26
f 3948/18/26 3947/24/26 3949/18/26
f 3950/12/26 3948/18/26 3949/18/26
f 3950/12/26 3949/18/26 3951/12/26
f 3952/79/26 3951/12/26 3953/79/26
f 3952/79/26 3950/12/26 3951/12/26
f 3954/81/26 3952/79/26 3953/79/26
f 3954/81/26 3953/79/26 3955/81/26
f 3956/83/26 3954/81/26 3955/81/26
f 3956/83/26 3955/81/26 3957/83/26
f 3958/85/26 3956/83/26 3957/83/26
f 3958/85/26 3957/83/26 3959/85/26
f 3960/87/26 3958/85/26 3959/85/26
f 3960/87/26 3959/85/26 3961/87/26
f 3962/89/26 3961/87/26 3963/89/26
f 3962/89/26 3960/87/26 3961/87/26
f 3964/91/26 3962/89/26 3963/89/26
f 3964/91/26 3963/89/26 3965/91/26
f 3966/168/26 3964/91/26 3965/91/26
f 3966/168/26 3965/91/26 3967/168/26
f 3968/167/26 3966/168/26 3967/168/26
f 3968/167/26 3967/168/26 3969/167/26
f 3970/99/26 3969/167/26 3971/99/26
f 3970/99/26 3968/167/26 3969/167/26
f 3972/101/26 3970/99/26 3971/99/26
f 3972/101/26 3971/99/26 3973/101/26
f 3974/103/26 3972/101/26 3973/101/26
f 3974/103/26 3973/101/26 3975/103/26
f 3976/105/26 3974/103/26 3975/103/26
f 3976/105/26 3975/103/26 3977/105/26
f 3978/107/26 3976/105/26 3977/105/26
f 3978/107/26 3977/105/26 3979/107/26
f 3980/109/26 3979/107/26 3981/109/26
f 3980/109/26 3978/107/26 3979/107/26
f 3982/52/26 3980/109/26 3981/109/26
f 3982/52/26 3981/109/26 3983/52/26
f 3984/53/26 3982/52/26 3983/52/26
f 3984/53/26 3983/52/26 3985/53/26
f 3986/56/26 3984/53/26 3985/53/26
f 3986/56/26 3985/53/26 3987/56/26
f 3988/59/26 3987/56/26 3989/59/26
f 3988/59/26 3986/56/26 3987/56/26
f 3990/62/26 3988/59/26 3989/59/26
f 3990/62/26 3989/59/26 3991/62/26
f 3992/48/26 3990/62/26 3991/62/26
f 3992/48/26 3991/62/26 3993/48/26
f 3994/49/26 3992/48/26 3993/48/26
f 3994/49/26 3993/48/26 3995/49/26
f 3934/45/26 3996/44/26 3933/45/26
f 3934/45/26 3997/44/26 3996/44/26
f 3999/837/89 4000/840/89 3998/726/89
f 4000/840/89 3999/837/89 4001/724/89
f 4000/840/89 4001/724/89 4002/842/89
f 4002/842/89 4001/724/89 4003/857/89
f 4002/842/89 4003/857/89 4004/844/89
f 4004/844/89 4003/857/89 4005/846/89
f 4005/846/89 4003/857/89 4006/725/89
f 4005/846/89 4006/725/89 4007/848/89
f 4007/848/89 4006/725/89 4008/858/89
f 4007/848/89 4008/858/89 4009/850/89
f 4009/850/89 4008/858/89 4010/727/89
f 4009/850/89 4010/727/89 4011/852/89
f 4011/852/89 4010/727/89 4012/861/89
f 4011/852/89 4012/861/89 4013/854/89
f 4013/854/89 4012/861/89 4014/728/89
f 4013/854/89 4014/728/89 4015/853/89
f 4015/853/89 4014/728/89 4016/862/89
f 4015/853/89 4016/862/89 4017/851/89
f 4017/851/89 4016/862/89 4018/860/89
f 4017/851/89 4018/860/89 4019/849/89
f 4019/849/89 4018/860/89 4020/859/89
f 4019/849/89 4020/859/89 4021/847/89
f 4021/847/89 4020/859/89 4022/730/89
f 4021/847/89 4022/730/89 4023/856/89
f 4021/847/89 4023/856/89 4024/845/89
f 4024/845/89 4023/856/89 4025/855/89
f 4024/845/89 4025/855/89 4026/843/89
f 4026/843/89 4025/855/89 4027/841/89
f 4027/841/89 4025/855/89 4028/838/89
f 4027/841/89 4028/838/89 4029/839/89
s 1
f 4030/89/57 4031/87/420 4033/89/57
f 4030/89/57 4032/87/420 4031/87/420
f 4034/91/395 4030/89/57 4033/89/57
f 4035/168/396 4034/91/395 4036/91/395
f 4034/91/395 4033/89/57 4036/91/395
f 4035/168/396 4036/91/395 4037/168/396
f 4038/167/397 4037/168/396 4039/167/397
f 4038/167/397 4035/168/396 4037/168/396
f 4040/99/302 4039/167/397 4041/99/302
f 4040/99/302 4038/167/397 4039/167/397
f 4042/101/398 4041/99/302 4043/101/398
f 4042/101/398 4040/99/302 4041/99/302
f 4044/103/399 4043/101/398 4045/103/399
f 4044/103/399 4042/101/398 4043/101/398
f 4046/105/400 4045/103/399 4047/105/400
f 4046/105/400 4044/103/399 4045/103/399
f 4048/107/2 4047/105/400 4049/107/2
f 4048/107/2 4046/105/400 4047/105/400
f 4050/109/401 4049/107/2 4051/109/401
f 4050/109/401 4048/107/2 4049/107/2
f 4052/52/402 4051/109/401 4053/52/402
f 4052/52/402 4050/109/401 4051/109/401
f 4054/53/403 4053/52/402 4055/53/403
f 4054/53/403 4052/52/402 4053/52/402
f 4056/56/303 4055/53/403 4057/56/303
f 4056/56/303 4054/53/403 4055/53/403
f 4058/59/404 4057/56/303 4059/59/404
f 4058/59/404 4056/56/303 4057/56/303
f 4060/62/405 4058/59/404 4059/59/404
f 4060/62/405 4059/59/404 4061/62/405
f 4062/48/406 4061/62/405 4063/48/406
f 4062/48/406 4060/62/405 4061/62/405
f 4064/49/424 4063/48/406 4065/49/424
f 4064/49/424 4062/48/406 4063/48/406
f 4032/87/420 4066/85/419 4031/87/420
f 4032/87/420 4067/85/419 4066/85/419
f 4067/85/419 4068/83/418 4066/85/419
f 4067/85/419 4069/83/418 4068/83/418
f 4069/83/418 4070/81/417 4068/83/418
f 4069/83/418 4071/81/417 4070/81/417
f 4071/81/417 4072/79/416 4070/81/417
f 4071/81/417 4073/79/416 4072/79/416
f 4073/79/416 4074/12/415 4072/79/416
f 4073/79/416 4075/12/415 4074/12/415
f 4075/12/415 4076/18/414 4074/12/415
f 4075/12/415 4077/18/414 4076/18/414
f 4077/18/414 4078/24/1 4076/18/414
f 4077/18/414 4079/24/1 4078/24/1
f 4079/24/1 4080/21/413 4078/24/1
f 4079/24/1 4081/21/413 4080/21/413
f 4081/21/413 4082/20/412 4080/21/413
f 4081/21/413 4083/20/412 4082/20/412
f 4083/20/412 4084/72/411 4082/20/412
f 4083/20/412 4085/72/411 4084/72/411
f 4085/72/411 4086/70/410 4084/72/411
f 4085/72/411 4087/70/410 4086/70/410
f 4087/70/410 4088/68/409 4086/70/410
f 4087/70/410 4089/68/409 4088/68/409
f 4089/68/409 4090/66/408 4088/68/409
f 4089/68/409 4091/66/408 4090/66/408
f 4091/66/408 4092/45/407 4090/66/408
f 4091/66/408 4093/45/407 4092/45/407
f 4093/45/407 4094/44/425 4092/45/407
f 4093/45/407 4095/44/425 4094/44/425
s 0
usemtl Material.002
f 206/48/26 236/45/26 205/44/26
f 236/45/26 206/48/26 207/62/26
f 236/45/26 207/62/26 235/66/26
f 235/66/26 207/62/26 208/59/26
f 235/66/26 208/59/26 234/68/26
f 234/68/26 208/59/26 209/56/26
f 234/68/26 209/56/26 233/70/26
f 233/70/26 209/56/26 210/53/26
f 233/70/26 210/53/26 232/72/26
f 232/72/26 210/53/26 211/52/26
f 232/72/26 211/52/26 231/20/26
f 231/20/26 211/52/26 212/109/26
f 231/20/26 212/109/26 230/21/26
f 230/21/26 212/109/26 213/107/26
f 230/21/26 213/107/26 229/24/26
f 229/24/26 213/107/26 214/105/26
f 229/24/26 214/105/26 228/18/26
f 228/18/26 214/105/26 215/103/26
f 228/18/26 215/103/26 227/12/26
f 227/12/26 215/103/26 216/101/26
f 227/12/26 216/101/26 226/79/26
f 226/79/26 216/101/26 217/99/26
f 226/79/26 217/99/26 225/81/26
f 225/81/26 217/99/26 218/167/26
f 225/81/26 218/167/26 224/83/26
f 224/83/26 218/167/26 219/168/26
f 224/83/26 219/168/26 223/85/26
f 223/85/26 219/168/26 220/91/26
f 223/85/26 220/91/26 222/87/26
f 222/87/26 220/91/26 221/89/26
f 237/169/61 238/170/61 239/171/61
f 237/169/61 239/171/61 240/172/61
f 4096/933/334 4097/819/334 4099/934/334
f 4096/933/334 4098/820/334 4097/819/334
f 4100/935/335 4101/818/335 4103/936/335
f 4100/935/335 4102/819/335 4101/818/335
f 4104/936/336 4105/816/336 4107/937/336
f 4104/936/336 4106/818/336 4105/816/336
f 4108/938/340 4109/212/340 4111/939/340
f 4108/938/340 4110/813/340 4109/212/340
f 4112/939/341 4113/810/341 4115/940/341
f 4112/939/341 4114/212/341 4113/810/341
f 4116/940/342 4117/808/342 4119/941/342
f 4116/940/342 4118/810/342 4117/808/342
f 4120/942/347 4121/798/347 4123/943/347
f 4120/942/347 4122/800/347 4121/798/347
f 4124/944/348 4125/796/348 4127/945/348
f 4124/944/348 4126/798/348 4125/796/348
f 4128/946/349 4129/794/349 4131/947/349
f 4128/946/349 4130/796/349 4129/794/349
f 4132/947/350 4133/792/350 4135/948/350
f 4132/947/350 4134/794/350 4133/792/350
f 4136/948/351 4137/790/351 4139/949/351
f 4136/948/351 4138/792/351 4137/790/351
f 4140/950/352 4141/788/352 4143/951/352
f 4140/950/352 4142/790/352 4141/788/352
f 4144/952/353 4145/786/353 4147/953/353
f 4144/952/353 4146/788/353 4145/786/353
f 4148/954/354 4149/784/354 4151/955/354
f 4148/954/354 4150/786/354 4149/784/354
f 4152/956/355 4153/782/355 4155/957/355
f 4152/956/355 4154/784/355 4153/782/355
f 4156/958/356 4157/959/356 4159/960/356
f 4156/958/356 4158/961/356 4157/959/356
f 4160/960/357 4161/778/357 4163/962/357
f 4160/960/357 4162/780/357 4161/778/357
f 4164/963/358 4165/776/358 4167/964/358
f 4164/963/358 4166/778/358 4165/776/358
f 4168/965/359 4169/169/359 4171/966/359
f 4168/965/359 4170/776/359 4169/169/359
f 4172/967/331 4173/174/331 4175/173/331
f 4172/967/331 4174/46/331 4173/174/331
f 4176/966/61 4177/172/61 4179/968/61
f 4176/966/61 4178/169/61 4177/172/61
f 4181/969/11 4180/970/11 4183/971/11
f 4181/969/11 4182/972/11 4180/970/11
f 4181/969/11 4183/971/11 4184/973/11
f 4184/973/11 4183/971/11 4185/974/11
f 4184/973/11 4185/974/11 4186/975/11
f 4186/975/11 4185/974/11 4187/976/11
f 4186/975/11 4187/976/11 4188/977/11
f 4188/977/11 4187/976/11 4189/978/11
f 4188/977/11 4189/978/11 4190/979/11
f 4190/979/11 4189/978/11 4191/980/11
f 4190/979/11 4191/980/11 4192/981/11
f 4192/981/11 4191/980/11 4193/982/11
f 4192/981/11 4193/982/11 4194/983/11
f 4194/983/11 4193/982/11 4195/984/11
f 4194/983/11 4195/984/11 4196/985/11
f 4196/985/11 4195/984/11 4197/986/11
f 4196/985/11 4197/986/11 4198/987/11
f 4198/987/11 4197/986/11 4199/988/11
f 4200/989/11 4182/972/11 4202/990/11
f 4200/989/11 4201/991/11 4182/972/11
f 4202/990/11 4182/972/11 4181/969/11
f 4203/992/11 4201/991/11 4200/989/11
f 4203/992/11 4204/993/11 4201/991/11
f 4205/994/11 4204/993/11 4203/992/11
f 4205/994/11 4206/995/11 4204/993/11
f 4205/994/11 4207/996/11 4206/995/11
f 4208/997/11 4207/996/11 4210/998/11
f 4208/997/11 4209/999/11 4207/996/11
f 4210/998/11 4207/996/11 4205/994/11
f 4209/999/11 4208/997/11 4211/1000/11
f 4212/776/359 4213/170/359 4215/169/359
f 4212/776/359 4214/1001/359 4213/170/359
f 4216/778/358 4217/1001/358 4219/776/358
f 4216/778/358 4218/1002/358 4217/1001/358
f 4220/780/357 4221/1003/357 4223/778/357
f 4220/780/357 4222/1004/357 4221/1003/357
f 4224/784/355 4225/961/355 4227/782/355
f 4224/784/355 4226/1005/355 4225/961/355
f 4228/786/354 4229/1006/354 4231/784/354
f 4228/786/354 4230/1007/354 4229/1006/354
f 4232/788/353 4233/1007/353 4235/786/353
f 4232/788/353 4234/1008/353 4233/1007/353
f 4236/790/352 4237/1008/352 4239/788/352
f 4236/790/352 4238/1009/352 4237/1008/352
f 4240/792/351 4241/1009/351 4243/790/351
f 4240/792/351 4242/1010/351 4241/1009/351
f 4244/794/350 4245/1010/350 4247/792/350
f 4244/794/350 4246/1011/350 4245/1010/350
f 4248/796/349 4249/1011/349 4251/794/349
f 4248/796/349 4250/1012/349 4249/1011/349
f 4252/798/348 4253/1012/348 4255/796/348
f 4252/798/348 4254/1013/348 4253/1012/348
f 4256/800/347 4257/1014/347 4259/798/347
f 4256/800/347 4258/1015/347 4257/1014/347
f 4260/802/346 4261/1015/346 4263/800/346
f 4260/802/346 4262/1016/346 4261/1015/346
f 4264/804/345 4265/1017/345 4267/802/345
f 4264/804/345 4266/1018/345 4265/1017/345
f 4268/808/343 4269/1019/343 4271/806/343
f 4268/808/343 4270/1020/343 4269/1019/343
f 4272/814/339 4273/1021/339 4275/813/339
f 4272/814/339 4274/1022/339 4273/1021/339
f 4276/815/338 4277/1022/338 4279/814/338
f 4276/815/338 4278/1023/338 4277/1022/338
f 4280/816/337 4281/1023/337 4283/815/337
f 4280/816/337 4282/1024/337 4281/1023/337
f 4284/7/333 4285/1025/333 4287/820/333
f 4284/7/333 4286/1026/333 4285/1025/333
f 4288/175/332 4289/1026/332 4291/7/332
f 4288/175/332 4290/1027/332 4289/1026/332
f 4292/174/62 4293/1027/62 4295/175/62
f 4292/174/62 4294/1028/62 4293/1027/62
f 4297/1029/57 4298/1030/57 4296/1031/57
f 4296/1031/57 4298/1030/57 4299/1032/57
f 4296/1031/57 4299/1032/57 4300/1033/57
f 4300/1033/57 4299/1032/57 4301/1034/57
f 4300/1033/57 4301/1034/57 4302/1035/57
f 4302/1035/57 4301/1034/57 4303/1036/57
f 4302/1035/57 4303/1036/57 4304/1037/57
f 4304/1037/57 4303/1036/57 4305/1038/57
f 4304/1037/57 4305/1038/57 4306/1039/57
f 4306/1039/57 4305/1038/57 4307/1040/57
f 4306/1039/57 4307/1040/57 4308/1041/57
f 4308/1041/57 4307/1040/57 4309/1042/57
f 4308/1041/57 4309/1042/57 4310/1043/57
f 4310/1043/57 4309/1042/57 4311/1044/57
f 4310/1043/57 4311/1044/57 4312/1045/57
f 4312/1045/57 4311/1044/57 4313/1046/57
f 4312/1045/57 4313/1046/57 4314/1047/57
f 4297/1029/57 4315/1048/57 4298/1030/57
f 4316/1049/57 4315/1048/57 4318/1050/57
f 4316/1049/57 4317/1051/57 4315/1048/57
f 4318/1050/57 4315/1048/57 4297/1029/57
f 4319/1052/57 4317/1051/57 4316/1049/57
f 4319/1052/57 4320/1053/57 4317/1051/57
f 4319/1052/57 4321/1054/57 4320/1053/57
f 4322/1055/57 4321/1054/57 4324/1056/57
f 4322/1055/57 4323/1057/57 4321/1054/57
f 4324/1056/57 4321/1054/57 4319/1052/57
f 4325/1058/57 4323/1057/57 4322/1055/57
f 4325/1058/57 4326/1059/57 4323/1057/57
f 4326/1059/57 4325/1058/57 4327/1060/57
f 4328/1061/426 4329/1062/426 4331/1063/426
f 4328/1061/427 4330/1064/427 4329/1062/427
f 4332/1065/428 4333/1029/428 4335/1031/428
f 4332/1065/428 4334/1066/428 4333/1029/428
f 4336/967/429 4337/1067/429 4339/1068/429
f 4336/967/429 4338/173/429 4337/1067/429
f 4340/1069/430 4341/1050/430 4343/1029/430
f 4340/1069/430 4342/1070/430 4341/1050/430
f 4344/1027/431 4345/1071/431 4347/1072/431
f 4344/1027/431 4346/1028/431 4345/1071/431
f 4348/1073/432 4349/972/432 4351/991/432
f 4348/1073/432 4350/1074/432 4349/972/432
f 4352/1026/433 4353/1075/433 4355/1076/433
f 4352/1026/433 4354/1027/433 4353/1075/433
f 4356/1077/434 4357/991/434 4359/993/434
f 4356/1077/434 4358/1078/434 4357/991/434
f 4360/1025/435 4361/1079/435 4363/1080/435
f 4360/1025/435 4362/1026/435 4361/1079/435
f 4364/1081/436 4365/993/436 4367/995/436
f 4364/1081/436 4366/1082/436 4365/993/436
f 4368/933/437 4369/1083/437 4371/1084/437
f 4368/933/437 4370/934/437 4369/1083/437
f 4372/1085/438 4373/1055/438 4375/1056/438
f 4372/1085/438 4374/1086/438 4373/1055/438
f 4376/935/439 4377/1087/439 4379/1088/439
f 4376/935/439 4378/936/439 4377/1087/439
f 4380/1089/440 4381/1058/440 4383/1055/440
f 4380/1089/440 4382/1090/440 4381/1058/440
f 4384/936/441 4385/1091/441 4387/1092/441
f 4384/936/441 4386/937/441 4385/1091/441
f 4388/1093/442 4389/1060/442 4391/1058/442
f 4388/1093/442 4390/1094/442 4389/1060/442
f 4392/1023/443 4393/1095/443 4395/1096/443
f 4392/1023/443 4394/1024/443 4393/1095/443
f 4396/1097/444 4397/1000/444 4399/997/444
f 4396/1097/444 4398/1098/444 4397/1000/444
f 4400/1022/445 4401/1099/445 4403/1100/445
f 4400/1022/445 4402/1023/445 4401/1099/445
f 4404/1101/446 4405/997/446 4407/998/446
f 4404/1101/446 4406/1102/446 4405/997/446
f 4408/1021/447 4409/1103/447 4411/1104/447
f 4408/1021/447 4410/1022/447 4409/1103/447
f 4412/1105/448 4413/998/448 4415/994/448
f 4412/1105/448 4414/1106/448 4413/998/448
f 4416/938/449 4417/1107/449 4419/1108/449
f 4416/938/449 4418/939/449 4417/1107/449
f 4420/1109/450 4421/1053/450 4423/1054/450
f 4420/1109/450 4422/1110/450 4421/1053/450
f 4424/939/451 4425/1111/451 4427/1112/451
f 4424/939/451 4426/940/451 4425/1111/451
f 4428/1113/452 4429/1051/452 4431/1053/452
f 4428/1113/452 4430/1114/452 4429/1051/452
f 4432/940/453 4433/1115/453 4435/1116/453
s 1
f 4432/940/453 4434/941/453 4433/1115/453
s 0
f 4436/1117/454 4437/1048/454 4439/1051/454
f 4436/1117/454 4438/1118/454 4437/1048/454
f 4440/1019/455 4441/1119/455 4443/1120/455
f 4440/1019/455 4442/1020/455 4441/1119/455
f 4444/1121/456 4445/990/456 4447/969/456
f 4444/1121/456 4446/1122/456 4445/990/456
f 4448/1018/457 4449/1123/457 4451/1124/457
f 4448/1018/457 4450/1019/457 4449/1123/457
f 4452/1125/458 4453/969/458 4455/973/458
f 4452/1125/458 4454/1126/458 4453/969/458
f 4456/1017/459 4457/1127/459 4459/1128/459
f 4456/1017/459 4458/1018/459 4457/1127/459
f 4460/1129/460 4461/973/460 4463/975/460
f 4460/1129/460 4462/1130/460 4461/973/460
f 4464/1015/461 4465/1131/461 4467/1132/461
f 4464/1015/461 4466/1016/461 4465/1131/461
f 4468/1133/462 4469/975/462 4471/977/462
f 4468/1133/462 4470/1134/462 4469/975/462
f 4472/1135/463 4473/1038/463 4475/1036/463
f 4472/1135/463 4474/1136/463 4473/1038/463
f 4476/1014/464 4477/1137/464 4479/1138/464
f 4476/1014/464 4478/1015/464 4477/1137/464
f 4480/1139/465 4481/977/465 4483/979/465
f 4480/1139/465 4482/1140/465 4481/977/465
f 4484/944/466 4485/1141/466 4487/1142/466
f 4484/944/466 4486/945/466 4485/1141/466
f 4488/1143/467 4489/1040/467 4491/1038/467
f 4488/1143/467 4490/1144/467 4489/1040/467
f 4492/1012/468 4493/1145/468 4495/1146/468
f 4492/1012/468 4494/1013/468 4493/1145/468
f 4496/1147/469 4497/979/469 4499/981/469
f 4496/1147/469 4498/1148/469 4497/979/469
f 4500/946/470 4501/1149/470 4503/1150/470
f 4500/946/470 4502/947/470 4501/1149/470
f 4504/1151/471 4505/1042/471 4507/1040/471
f 4504/1151/471 4506/1152/471 4505/1042/471
f 4508/1011/472 4509/1153/472 4511/1154/472
f 4508/1011/472 4510/1012/472 4509/1153/472
f 4512/1155/473 4513/981/473 4515/983/473
f 4512/1155/473 4514/1156/473 4513/981/473
f 4516/947/474 4517/1157/474 4519/1158/474
f 4516/947/474 4518/948/474 4517/1157/474
f 4520/1159/475 4521/1044/475 4523/1042/475
f 4520/1159/475 4522/1160/475 4521/1044/475
f 4524/1010/476 4525/1161/476 4527/1162/476
f 4524/1010/476 4526/1011/476 4525/1161/476
f 4528/1163/477 4529/983/477 4531/985/477
f 4528/1163/477 4530/1164/477 4529/983/477
f 4532/948/478 4533/1165/478 4535/1166/478
f 4532/948/478 4534/949/478 4533/1165/478
f 4536/1167/479 4537/1046/479 4539/1044/479
f 4536/1167/479 4538/1168/479 4537/1046/479
f 4540/1009/480 4541/1169/480 4543/1170/480
f 4540/1009/480 4542/1010/480 4541/1169/480
f 4544/1171/481 4545/985/481 4547/987/481
s 1
f 4544/1171/481 4546/1172/481 4545/985/481
s 0
f 4548/950/482 4549/1173/482 4551/1174/482
f 4548/950/482 4550/951/482 4549/1173/482
f 4552/1175/483 4553/1047/483 4555/1046/483
f 4552/1175/483 4554/1176/483 4553/1047/483
f 4556/1008/484 4557/1177/484 4559/1178/484
f 4556/1008/484 4558/1009/484 4557/1177/484
f 4560/1179/485 4561/987/485 4563/988/485
f 4560/1179/485 4562/1180/485 4561/987/485
f 4564/952/486 4565/1181/486 4567/1182/486
f 4564/952/486 4566/953/486 4565/1181/486
f 4568/1183/487 4569/1045/487 4571/1047/487
f 4568/1183/487 4570/1184/487 4569/1045/487
f 4572/1007/488 4573/1185/488 4575/1186/488
f 4572/1007/488 4574/1008/488 4573/1185/488
f 4576/1187/489 4577/988/489 4579/986/489
f 4576/1187/489 4578/1188/489 4577/988/489
f 4580/954/490 4581/1189/490 4583/1190/490
f 4580/954/490 4582/955/490 4581/1189/490
f 4584/1191/491 4585/1043/491 4587/1045/491
f 4584/1191/491 4586/1192/491 4585/1043/491
f 4588/1006/492 4589/1193/492 4591/1194/492
f 4588/1006/492 4590/1007/492 4589/1193/492
f 4592/1195/493 4593/986/493 4595/984/493
f 4592/1195/493 4594/1196/493 4593/986/493
f 4596/956/494 4597/1197/494 4599/1198/494
f 4596/956/494 4598/957/494 4597/1197/494
s 1
f 4600/1199/495 4601/1041/495 4603/1043/495
s 0
f 4600/1199/495 4602/1200/495 4601/1041/495
f 4604/961/496 4605/1201/496 4607/1202/496
f 4604/961/496 4606/1005/496 4605/1201/496
f 4608/1203/497 4609/984/497 4611/982/497
f 4608/1203/497 4610/1204/497 4609/984/497
f 4612/958/498 4613/1205/498 4615/1206/498
f 4612/958/498 4614/960/498 4613/1205/498
f 4616/1207/499 4617/1039/499 4619/1041/499
f 4616/1207/499 4618/1208/499 4617/1039/499
f 4620/959/500 4621/1209/500 4623/1210/500
f 4620/959/500 4622/961/500 4621/1209/500
f 4624/1211/501 4625/982/501 4627/980/501
f 4624/1211/501 4626/1212/501 4625/982/501
f 4628/960/502 4629/1213/502 4631/1214/502
f 4628/960/502 4630/962/502 4629/1213/502
f 4632/1215/503 4633/1037/503 4635/1039/503
f 4632/1215/503 4634/1216/503 4633/1037/503
f 4636/1003/504 4637/1217/504 4639/1218/504
f 4636/1003/504 4638/1004/504 4637/1217/504
s 1
f 4640/1219/505 4641/980/505 4643/978/505
s 0
f 4640/1219/505 4642/1220/505 4641/980/505
f 4644/963/506 4645/1221/506 4647/1222/506
f 4644/963/506 4646/964/506 4645/1221/506
s 1
f 4648/1223/507 4649/1035/507 4651/1037/507
s 0
f 4648/1223/507 4650/1224/507 4649/1035/507
f 4652/1001/508 4653/1225/508 4655/1226/508
f 4652/1001/508 4654/1002/508 4653/1225/508
f 4656/1227/509 4657/978/509 4659/976/509
f 4656/1227/509 4658/1228/509 4657/978/509
f 4660/965/510 4661/1229/510 4663/1230/510
f 4660/965/510 4662/966/510 4661/1229/510
f 4664/1231/511 4665/1033/511 4667/1035/511
f 4664/1231/511 4666/1232/511 4665/1033/511
f 4668/170/512 4669/1233/512 4671/1234/512
f 4668/170/512 4670/1001/512 4669/1233/512
f 4672/966/513 4673/1235/513 4675/1236/513
f 4672/966/513 4674/968/513 4673/1235/513
f 4676/1237/514 4677/1031/514 4679/1033/514
f 4676/1237/514 4678/1238/514 4677/1031/514
f 4680/1061/27 4681/46/27 4683/1064/27
f 4680/1061/27 4682/43/27 4681/46/27
s 1
usemtl Material.001
f 245/6/63 246/135/64 247/135/57
f 245/6/63 247/135/57 248/6/57
f 249/158/65 250/160/66 251/160/57
f 249/158/65 251/160/57 252/158/57
f 253/177/67 254/150/68 255/150/57
f 253/177/67 255/150/57 256/177/57
f 257/138/69 258/140/70 259/140/57
f 257/138/69 259/140/57 260/138/57
f 261/152/71 262/154/72 263/154/57
f 261/152/71 263/154/57 264/152/57
f 265/142/73 266/144/74 267/144/57
f 265/142/73 267/144/57 268/142/57
f 269/132/75 245/6/63 248/6/57
f 269/132/75 248/6/57 270/132/57
f 271/156/76 249/158/65 252/158/57
f 271/156/76 252/158/57 272/156/57
f 273/146/77 253/177/67 256/177/57
f 273/146/77 256/177/57 274/146/57
f 246/135/64 257/138/69 260/138/57
f 246/135/64 260/138/57 247/135/57
f 250/160/66 275/163/78 276/163/57
f 250/160/66 276/163/57 251/160/57
f 254/150/68 261/152/71 264/152/57
f 254/150/68 264/152/57 255/150/57
f 258/140/70 265/142/73 268/142/57
f 258/140/70 268/142/57 259/140/57
f 262/154/72 271/156/76 272/156/57
f 262/154/72 272/156/57 263/154/57
f 277/130/78 269/132/75 270/132/57
f 277/130/78 270/132/57 278/130/57
f 266/144/74 273/146/77 274/146/57
f 266/144/74 274/146/57 267/144/57
f 4916/103/88 4917/107/89 4919/103/88
f 4916/103/88 4918/107/89 4917/107/89
f 4918/107/89 4916/103/88 4921/103/88
f 4920/99/87 4916/103/88 4919/103/88
f 4916/103/88 4920/99/87 4922/99/87
f 4916/103/88 4922/99/87 4921/103/88
f 4920/99/87 4923/168/86 4922/99/87
f 4920/99/87 4924/168/86 4923/168/86
f 4924/168/86 4925/89/2 4923/168/86
f 4924/168/86 4926/89/2 4925/89/2
f 4926/89/2 4927/85/85 4925/89/2
f 4926/89/2 4928/85/85 4927/85/85
f 4928/85/85 4929/81/84 4927/85/85
f 4928/85/85 4930/81/555 4929/81/84
f 4930/81/555 4931/12/83 4929/81/84
f 4930/81/555 4932/12/83 4931/12/83
f 4932/12/83 4933/24/26 4931/12/83
f 4932/12/83 4934/24/26 4933/24/26
f 4934/24/26 4935/20/82 4933/24/26
f 4934/24/26 4936/20/82 4935/20/82
f 4936/20/82 4937/70/81 4935/20/82
f 4936/20/82 4938/70/556 4937/70/81
f 4938/70/556 4939/66/80 4937/70/81
f 4938/70/556 4940/66/80 4939/66/80
f 4940/66/80 4941/44/557 4939/66/80
f 4940/66/80 4942/44/79 4941/44/557
f 4942/44/79 4943/66/80 4944/44/79
f 4942/44/79 4940/66/80 4943/66/80
f 4940/66/80 4945/70/558 4943/66/80
f 4940/66/80 4938/70/556 4945/70/558
f 4930/81/555 4946/85/85 4947/81/559
f 4930/81/555 4928/85/85 4946/85/85
f 4928/85/85 4948/89/2 4946/85/85
f 4928/85/85 4926/89/2 4948/89/2
f 4926/89/2 4949/168/86 4948/89/2
f 4926/89/2 4924/168/86 4949/168/86
f 4924/168/86 4950/99/87 4949/168/86
f 4924/168/86 4920/99/87 4950/99/87
f 4920/99/87 4919/103/88 4950/99/87
f 4918/107/89 4921/103/88 4951/107/89
f 4952/52/90 4918/107/89 4951/107/89
f 4952/52/90 4951/107/89 4953/52/90
f 4954/56/91 4953/52/90 4955/56/91
f 4954/56/91 4952/52/90 4953/52/90
f 4956/62/92 4954/56/91 4955/56/91
f 4956/62/92 4955/56/91 4957/62/92
f 4958/49/93 4956/62/92 4957/62/92
f 4958/49/93 4957/62/92 4959/49/93
f 4956/62/92 4958/49/93 4960/49/93
f 4956/62/92 4960/49/93 4961/62/92
f 4954/56/91 4956/62/92 4961/62/92
f 4954/56/91 4961/62/92 4962/56/91
f 4952/52/90 4962/56/91 4963/52/90
f 4952/52/90 4954/56/91 4962/56/91
f 4918/107/89 4952/52/90 4963/52/90
f 4918/107/89 4963/52/90 4917/107/89
s 0
f 4964/1338/57 4965/1339/57 4967/1340/57
f 4964/1338/57 4966/1339/57 4965/1339/57
f 4964/1338/57 4968/81/57 4966/1339/57
f 4971/729/57 4964/1338/57 4967/1340/57
f 4964/1338/57 4969/1341/57 4968/81/57
f 4970/730/57 4969/1341/57 4964/1338/57
f 4970/730/57 4964/1338/57 4971/729/57
f 4971/729/57 4967/1340/57 4972/728/57
f 4972/728/57 4967/1340/57 4973/727/57
f 4973/727/57 4967/1340/57 4974/1342/57
f 4973/727/57 4974/1342/57 4975/725/57
f 4975/725/57 4974/1342/57 4976/1343/57
f 4975/725/57 4976/1343/57 4977/724/57
f 4977/724/57 4976/1343/57 4978/1344/57
f 4977/724/57 4978/1344/57 4979/726/57
f 4980/1339/57 4976/1343/57 4974/1342/57
f 4980/1339/57 4974/1342/57 4981/1339/57
f 4981/1339/57 4967/1340/57 4965/1339/57
f 4981/1339/57 4974/1342/57 4967/1340/57
f 4965/1339/57 4982/52/57 4981/1339/57
f 4981/1339/57 4982/52/57 4983/56/57
f 4981/1339/57 4983/56/57 4984/70/57
f 4984/70/57 4983/56/57 4985/66/57
f 4985/66/57 4983/56/57 4986/62/57
f 4985/66/57 4986/62/57 4987/44/57
f 4965/1339/57 4988/107/57 4982/52/57
f 4966/1339/57 4988/107/57 4965/1339/57
f 4966/1339/57 4989/103/57 4988/107/57
f 4968/81/57 4989/103/57 4966/1339/57
f 4968/81/57 4990/99/57 4989/103/57
f 4991/85/57 4990/99/57 4968/81/57
f 4991/85/57 4992/168/57 4990/99/57
f 4992/168/57 4991/85/57 4993/89/57
f 4994/733/57 4969/1341/57 4970/730/57
f 4994/733/57 4995/1345/57 4969/1341/57
f 4995/1345/57 4994/733/57 4996/723/57
f 4997/81/560 4998/150/560 5000/150/560
f 4997/81/560 4999/81/560 4998/150/560
f 5002/1346/11 5001/746/11 5004/1347/11
f 5002/1346/11 5003/750/11 5001/746/11
f 5004/1347/11 5001/746/11 5005/745/11
f 5006/1348/11 5003/750/11 5002/1346/11
f 5006/1348/11 5007/754/11 5003/750/11
f 5008/1349/11 5007/754/11 5006/1348/11
f 5008/1349/11 5009/758/11 5007/754/11
f 5010/1350/11 5009/758/11 5008/1349/11
f 5010/1350/11 5011/1351/11 5009/758/11
f 5010/1350/11 5012/766/11 5011/1351/11
f 5013/1352/11 5012/766/11 5010/1350/11
f 5013/1352/11 5014/1353/11 5012/766/11
f 5014/1353/11 5016/1354/11 5015/1355/11
f 5016/1354/11 5014/1353/11 5013/1352/11
f 5017/81/11 5018/1339/11 5020/12/11
f 5017/81/11 5019/150/11 5018/1339/11
f 5021/1339/11 5020/12/11 5018/1339/11
f 5021/1339/11 5022/24/11 5020/12/11
f 5023/1339/11 5022/24/11 5021/1339/11
f 5023/1339/11 5024/20/11 5022/24/11
f 5025/70/11 5024/20/11 5023/1339/11
f 5025/70/11 5023/1339/11 5026/158/11
s 1
f 5027/6/81 5028/135/82 5030/6/81
f 5027/6/81 5029/135/82 5028/135/82
f 5031/132/80 5027/6/81 5030/6/81
f 5032/130/561 5031/132/80 5033/132/80
f 5031/132/80 5030/6/81 5033/132/80
f 5032/130/561 5033/132/80 5034/130/79
f 5029/135/82 5035/138/26 5028/135/82
f 5029/135/82 5036/138/26 5035/138/26
f 5036/138/26 5037/140/83 5035/138/26
f 5036/138/26 5038/140/83 5037/140/83
f 5038/140/83 5039/142/84 5037/140/83
f 5038/140/83 5040/142/84 5039/142/84
f 5040/142/84 5041/144/85 5039/142/84
f 5040/142/84 5042/144/85 5041/144/85
f 5042/144/85 5043/146/2 5041/144/85
f 5042/144/85 5044/146/2 5043/146/2
f 5044/146/2 5045/177/86 5043/146/2
f 5044/146/2 5046/177/86 5045/177/86
f 5046/177/86 5047/150/562 5045/177/86
f 5046/177/86 5048/150/562 5047/150/562
f 5049/158/563 5050/160/92 5052/158/563
f 5049/158/563 5051/160/92 5050/160/92
f 5051/160/92 5053/163/93 5050/160/92
f 5051/160/92 5054/163/93 5053/163/93
s 0
f 5055/70/564 5056/158/564 5058/1339/564
f 5055/70/564 5057/158/564 5056/158/564
f 5060/1346/11 5059/746/11 5062/1347/11
f 5060/1346/11 5061/750/11 5059/746/11
f 5062/1347/11 5059/746/11 5063/745/11
f 5064/1348/11 5061/750/11 5060/1346/11
f 5064/1348/11 5065/754/11 5061/750/11
f 5066/1349/11 5065/754/11 5064/1348/11
f 5066/1349/11 5067/758/11 5065/754/11
f 5066/1349/11 5068/1351/11 5067/758/11
f 5069/1350/11 5068/1351/11 5066/1349/11
f 5069/1350/11 5070/766/11 5068/1351/11
f 5071/1352/11 5070/766/11 5069/1350/11
f 5071/1352/11 5072/1353/11 5070/766/11
f 5072/1353/11 5074/1354/11 5073/1355/11
f 5074/1354/11 5072/1353/11 5071/1352/11
s 1
f 5075/6/565 5076/135/11 5078/135/566
f 5075/6/565 5077/6/11 5076/135/11
f 5079/132/567 5077/6/11 5075/6/565
f 5079/132/567 5080/132/11 5077/6/11
f 5081/130/568 5080/132/11 5079/132/567
f 5081/130/568 5082/130/11 5080/132/11
f 5078/135/566 5076/135/11 5083/138/11
f 5078/135/566 5083/138/11 5084/138/569
f 5084/138/569 5085/140/11 5086/140/570
f 5084/138/569 5083/138/11 5085/140/11
f 5086/140/570 5085/140/11 5087/142/11
f 5086/140/570 5087/142/11 5088/142/571
f 5088/142/571 5089/144/11 5090/144/572
f 5088/142/571 5087/142/11 5089/144/11
f 5090/144/572 5089/144/11 5091/146/11
f 5090/144/572 5091/146/11 5092/146/573
f 5092/146/573 5093/177/11 5094/177/574
f 5092/146/573 5091/146/11 5093/177/11
f 5094/177/574 5095/150/11 5096/150/575
f 5094/177/574 5093/177/11 5095/150/11
f 5096/150/575 5095/150/11 5097/152/11
f 5096/150/575 5097/152/11 5098/152/576
f 5098/152/576 5099/154/11 5100/154/577
f 5098/152/576 5097/152/11 5099/154/11
f 5100/154/577 5099/154/11 5101/156/11
f 5100/154/577 5101/156/11 5102/156/578
f 5102/156/578 5103/158/11 5104/158/579
f 5102/156/578 5101/156/11 5103/158/11
f 5104/158/579 5105/160/11 5106/160/580
f 5104/158/579 5103/158/11 5105/160/11
f 5106/160/580 5105/160/11 5107/163/11
f 5106/160/580 5107/163/11 5108/163/568
f 5109/103/88 5110/107/89 5112/107/89
f 5109/103/88 5111/103/88 5110/107/89
f 5113/99/87 5111/103/88 5109/103/88
f 5112/107/89 5114/103/88 5109/103/88
f 5109/103/88 5115/99/87 5113/99/87
f 5109/103/88 5114/103/88 5115/99/87
f 5113/99/87 5115/99/87 5116/168/86
f 5113/99/87 5116/168/86 5117/168/86
f 5117/168/86 5116/168/86 5118/89/2
f 5117/168/86 5118/89/2 5119/89/2
f 5119/89/2 5118/89/2 5120/85/85
f 5119/89/2 5120/85/85 5121/85/85
f 5121/85/85 5120/85/85 5122/81/84
f 5121/85/85 5122/81/84 5123/81/555
f 5123/81/555 5122/81/84 5124/12/83
f 5123/81/555 5124/12/83 5125/12/83
f 5125/12/83 5124/12/83 5126/24/26
f 5125/12/83 5126/24/26 5127/24/26
f 5127/24/26 5126/24/26 5128/20/82
f 5127/24/26 5128/20/82 5129/20/82
f 5129/20/82 5128/20/82 5130/70/81
f 5129/20/82 5130/70/81 5131/70/556
f 5131/70/556 5130/70/81 5132/66/80
f 5131/70/556 5132/66/80 5133/66/80
f 5133/66/80 5132/66/80 5134/44/79
f 5133/66/80 5134/44/79 5135/44/79
f 5135/44/79 5136/66/80 5133/66/80
f 5135/44/79 5137/44/79 5136/66/80
f 5133/66/80 5136/66/80 5138/70/558
f 5133/66/80 5138/70/558 5131/70/556
f 5123/81/555 5139/85/85 5121/85/85
f 5123/81/555 5140/81/559 5139/85/85
f 5121/85/85 5139/85/85 5141/89/2
f 5121/85/85 5141/89/2 5119/89/2
f 5119/89/2 5141/89/2 5142/168/86
f 5119/89/2 5142/168/86 5117/168/86
f 5117/168/86 5142/168/86 5143/99/87
f 5117/168/86 5143/99/87 5113/99/87
f 5113/99/87 5143/99/87 5111/103/88
f 5112/107/89 5144/107/89 5114/103/88
f 5145/52/90 5144/107/89 5112/107/89
f 5145/52/90 5146/52/90 5144/107/89
f 5147/56/91 5146/52/90 5145/52/90
f 5147/56/91 5148/56/91 5146/52/90
f 5149/62/92 5148/56/91 5147/56/91
f 5149/62/92 5150/62/92 5148/56/91
f 5151/49/93 5150/62/92 5149/62/92
f 5151/49/93 5152/49/93 5150/62/92
f 5149/62/92 5153/49/93 5151/49/93
f 5149/62/92 5154/62/92 5153/49/93
f 5147/56/91 5154/62/92 5149/62/92
f 5147/56/91 5155/56/91 5154/62/92
f 5145/52/90 5155/56/91 5147/56/91
f 5145/52/90 5156/52/90 5155/56/91
f 5112/107/89 5156/52/90 5145/52/90
f 5112/107/89 5110/107/89 5156/52/90
s 0
f 5157/1338/11 5158/1339/11 5160/1339/11
f 5157/1338/11 5159/1340/11 5158/1339/11
f 5157/1338/11 5165/728/11 5159/1340/11
f 5157/1338/11 5160/1339/11 5161/81/11
f 5157/1338/11 5161/81/11 5162/1341/11
f 5162/1341/11 5163/730/11 5157/1338/11
f 5157/1338/11 5163/730/11 5164/729/11
f 5157/1338/11 5164/729/11 5165/728/11
f 5159/1340/11 5165/728/11 5166/727/11
f 5159/1340/11 5166/727/11 5167/1342/11
f 5167/1342/11 5166/727/11 5168/725/11
f 5167/1342/11 5168/725/11 5169/1343/11
f 5169/1343/11 5168/725/11 5170/724/11
f 5169/1343/11 5170/724/11 5171/1344/11
f 5171/1344/11 5170/724/11 5172/726/11
f 5173/1339/11 5167/1342/11 5169/1343/11
f 5173/1339/11 5174/1339/11 5167/1342/11
f 5174/1339/11 5159/1340/11 5167/1342/11
f 5174/1339/11 5158/1339/11 5159/1340/11
f 5175/107/11 5158/1339/11 5174/1339/11
f 5175/107/11 5174/1339/11 5176/52/11
f 5176/52/11 5174/1339/11 5177/70/11
f 5176/52/11 5177/70/11 5178/56/11
f 5178/56/11 5177/70/11 5179/66/11
f 5178/56/11 5179/66/11 5180/62/11
f 5180/62/11 5179/66/11 5181/44/11
f 5182/103/11 5158/1339/11 5175/107/11
f 5183/99/11 5161/81/11 5182/103/11
f 5182/103/11 5161/81/11 5160/1339/11
f 5182/103/11 5160/1339/11 5158/1339/11
f 5184/168/11 5185/85/11 5183/99/11
f 5183/99/11 5185/85/11 5161/81/11
f 5185/85/11 5184/168/11 5186/89/11
f 5162/1341/11 5187/733/11 5163/730/11
f 5187/733/11 5189/1345/11 5188/723/11
f 5189/1345/11 5187/733/11 5162/1341/11
f 5190/81/560 5191/150/560 5193/81/560
f 5190/81/560 5192/150/560 5191/150/560
f 5195/750/57 5196/1346/57 5194/746/57
f 5194/746/57 5196/1346/57 5197/1347/57
f 5194/746/57 5197/1347/57 5198/745/57
f 5199/754/57 5196/1346/57 5195/750/57
f 5199/754/57 5200/1348/57 5196/1346/57
f 5201/758/57 5200/1348/57 5199/754/57
f 5201/758/57 5202/1349/57 5200/1348/57
f 5203/1351/57 5202/1349/57 5201/758/57
f 5203/1351/57 5204/1350/57 5202/1349/57
f 5205/766/57 5204/1350/57 5203/1351/57
f 5205/766/57 5206/1352/57 5204/1350/57
f 5207/1353/57 5206/1352/57 5205/766/57
f 5207/1353/57 5208/1354/57 5206/1352/57
f 5208/1354/57 5207/1353/57 5209/1355/57
f 5210/81/57 5211/1339/57 5213/150/57
f 5210/81/57 5212/12/57 5211/1339/57
f 5214/1339/57 5211/1339/57 5212/12/57
f 5214/1339/57 5212/12/57 5215/24/57
f 5216/1339/57 5214/1339/57 5215/24/57
f 5216/1339/57 5215/24/57 5217/20/57
f 5218/70/57 5216/1339/57 5217/20/57
f 5218/70/57 5219/158/57 5216/1339/57
s 1
f 5220/6/81 5221/135/82 5223/135/82
f 5220/6/81 5222/6/81 5221/135/82
f 5224/132/80 5222/6/81 5220/6/81
f 5225/130/79 5226/132/80 5224/132/80
f 5224/132/80 5226/132/80 5222/6/81
f 5225/130/79 5227/130/79 5226/132/80
f 5223/135/82 5221/135/82 5228/138/26
f 5223/135/82 5228/138/26 5229/138/26
f 5229/138/26 5228/138/26 5230/140/83
f 5229/138/26 5230/140/83 5231/140/83
f 5231/140/83 5230/140/83 5232/142/84
f 5231/140/83 5232/142/84 5233/142/84
f 5233/142/84 5232/142/84 5234/144/85
f 5233/142/84 5234/144/85 5235/144/85
f 5235/144/85 5234/144/85 5236/146/2
f 5235/144/85 5236/146/2 5237/146/2
f 5237/146/2 5236/146/2 5238/177/86
f 5237/146/2 5238/177/86 5239/177/86
f 5239/177/86 5238/177/86 5240/150/562
f 5239/177/86 5240/150/562 5241/150/562
f 5242/158/563 5243/160/92 5245/160/92
f 5242/158/563 5244/158/563 5243/160/92
f 5245/160/92 5243/160/92 5246/163/93
f 5245/160/92 5246/163/93 5247/163/93
s 0
f 5248/70/564 5249/158/564 5251/158/564
f 5248/70/564 5250/1339/564 5249/158/564
f 5253/750/57 5254/1347/57 5252/746/57
f 5252/746/57 5254/1347/57 5255/745/57
f 5253/750/57 5256/1346/57 5254/1347/57
f 5257/754/57 5256/1346/57 5253/750/57
f 5257/754/57 5258/1348/57 5256/1346/57
f 5259/758/57 5258/1348/57 5257/754/57
f 5259/758/57 5260/1349/57 5258/1348/57
f 5261/1351/57 5260/1349/57 5259/758/57
f 5261/1351/57 5262/1350/57 5260/1349/57
f 5263/766/57 5262/1350/57 5261/1351/57
f 5263/766/57 5264/1352/57 5262/1350/57
f 5265/1353/57 5264/1352/57 5263/766/57
f 5265/1353/57 5266/1354/57 5264/1352/57
f 5266/1354/57 5265/1353/57 5267/1355/57
