# Blender 4.5.13 LTS
# www.blender.org
mtllib sixth_hm.mtl
o polySurface565_wheel_0
v -0.021181 0.185475 -0.107494
v 0.003587 0.184805 -0.107494
v -0.007546 0.231358 -0.107494
v 0.025372 0.196609 -0.107494
v -0.042296 0.198440 -0.107494
v -0.015306 0.190144 -0.138351
v -0.020807 0.190293 -0.138351
v -0.015948 0.194896 -0.140029
v -0.054100 0.220225 -0.107494
v 0.038337 0.217724 -0.107494
v 0.003589 0.184795 -0.133058
v -0.021183 0.185465 -0.133058
v -0.007546 0.231358 -0.132953
v 0.025379 0.196602 -0.133058
v -0.042303 0.198434 -0.133058
v -0.017208 0.208658 -0.136696
v -0.003798 0.203813 -0.136683
v -0.016949 0.202003 -0.136705
v 0.009353 0.205624 -0.136662
v 0.007806 0.212101 -0.136655
v -0.016156 0.214839 -0.136686
v -0.053430 0.244993 -0.107494
v 0.039007 0.242492 -0.107494
v 0.005123 0.217768 -0.136651
v -0.013893 0.219940 -0.136676
v -0.054110 0.220223 -0.133058
v 0.038347 0.217722 -0.133058
v 0.001566 0.222068 -0.136651
v -0.010642 0.223463 -0.136666
v -0.002515 0.224582 -0.136653
v -0.006722 0.225062 -0.136658
v -0.040465 0.266108 -0.107494
v 0.027204 0.264277 -0.107494
v -0.041981 0.227242 -0.140868
v -0.049269 0.220338 -0.138351
v -0.049028 0.229242 -0.138351
v -0.053439 0.244995 -0.133058
v 0.039017 0.242493 -0.133058
v -0.031202 0.224799 -0.136694
v -0.034096 0.238761 -0.136679
v -0.024935 0.224965 -0.136685
v -0.037753 0.226000 -0.136702
v -0.019564 0.226481 -0.136675
v -0.015616 0.229200 -0.136666
v -0.013476 0.232854 -0.136658
v 0.034176 0.242379 -0.138351
v 0.033519 0.218097 -0.138351
v 0.021707 0.230567 -0.142658
v -0.013356 0.237086 -0.136652
v 0.006089 0.277242 -0.107494
v -0.018680 0.277912 -0.107494
v -0.015265 0.241483 -0.136648
v 0.000490 0.233136 -0.136637
v 0.012480 0.250143 -0.136596
v 0.005247 0.232544 -0.136631
v 0.010712 0.233676 -0.136621
v -0.003093 0.235391 -0.136639
v 0.016350 0.236420 -0.136609
v -0.019018 0.245613 -0.136648
v -0.005152 0.239091 -0.136637
v 0.021608 0.240507 -0.136596
v -0.024246 0.249072 -0.136651
v -0.040471 0.266115 -0.133058
v 0.027210 0.264283 -0.133058
v -0.005484 0.243873 -0.136631
v -0.030439 0.251522 -0.136656
v -0.004059 0.249268 -0.136621
v -0.001015 0.254750 -0.136609
v 0.003351 0.259780 -0.136596
v 0.006090 0.277251 -0.133058
v -0.018681 0.277922 -0.133058
v -0.018567 0.273081 -0.138351
v 0.005715 0.272424 -0.138351
v -0.006755 0.260612 -0.142658
v -0.006348 0.988699 -0.083590
v -0.012374 0.994133 -0.081755
v -0.008933 0.987397 -0.083413
v -0.004353 0.990532 -0.083588
v -0.003143 0.992717 -0.083406
v -0.002836 0.995041 -0.083062
v -0.003464 0.997277 -0.082591
v -0.004963 0.999204 -0.082038
v -0.007188 1.000636 -0.081456
v -0.009921 1.001431 -0.080905
v -0.012893 1.001511 -0.080436
v -0.011854 0.986756 -0.083073
v -0.011425 0.990131 -0.099689
v -0.014866 0.996867 -0.098031
v -0.008840 0.991432 -0.099866
v -0.006845 0.993265 -0.099864
v -0.005635 0.995451 -0.099682
v -0.005329 0.997775 -0.099339
v -0.005956 1.000010 -0.098867
v -0.007456 1.001938 -0.098314
v -0.009681 1.003369 -0.097733
v -0.012413 1.004164 -0.097181
v -0.015386 1.004245 -0.096712
v -0.014347 0.989489 -0.099349
v -0.085662 0.993248 -0.070681
v -0.080275 0.987715 -0.072435
v -0.083384 0.994521 -0.070816
v -0.087416 0.991437 -0.070716
v -0.088472 0.989265 -0.070919
v -0.088728 0.986945 -0.071270
v -0.088159 0.984705 -0.071733
v -0.086820 0.982762 -0.072264
v -0.084843 0.981309 -0.072811
v -0.082421 0.980485 -0.073320
v -0.079768 0.980336 -0.073752
v -0.080781 0.995094 -0.071118
v -0.085877 0.997254 -0.087092
v -0.082767 0.990449 -0.088711
v -0.088155 0.995981 -0.086957
v -0.089908 0.994170 -0.086992
v -0.090964 0.991999 -0.087195
v -0.091220 0.989679 -0.087546
v -0.090651 0.987438 -0.088009
v -0.089313 0.985496 -0.088540
v -0.087335 0.984042 -0.089087
v -0.084913 0.983219 -0.089597
v -0.082261 0.983070 -0.090028
v -0.083273 0.997827 -0.087394
v -0.011192 0.966507 -0.087446
v -0.017218 0.971942 -0.085610
v -0.013777 0.965206 -0.087269
v -0.009197 0.968340 -0.087443
v -0.007987 0.970525 -0.087262
v -0.007681 0.972850 -0.086918
v -0.008308 0.975085 -0.086447
v -0.009808 0.977013 -0.085893
v -0.012033 0.978444 -0.085312
v -0.014765 0.979239 -0.084760
v -0.017738 0.979319 -0.084291
v -0.016699 0.964564 -0.086929
v -0.016270 0.967939 -0.103545
v -0.019711 0.974675 -0.101887
v -0.013685 0.969240 -0.103722
v -0.011690 0.971073 -0.103719
v -0.010480 0.973259 -0.103538
v -0.010174 0.975583 -0.103194
v -0.010801 0.977819 -0.102723
v -0.012300 0.979746 -0.102170
v -0.014525 0.981178 -0.101589
v -0.017258 0.981972 -0.101037
v -0.020230 0.982053 -0.100568
v -0.019191 0.967298 -0.103205
v -0.090507 0.971056 -0.074536
v -0.085119 0.965523 -0.076290
v -0.088229 0.972329 -0.074671
v -0.092260 0.969245 -0.074572
v -0.093317 0.967073 -0.074775
v -0.093573 0.964754 -0.075125
v -0.093004 0.962513 -0.075589
v -0.091665 0.960571 -0.076120
v -0.089688 0.959117 -0.076667
v -0.087265 0.958293 -0.077176
v -0.084613 0.958144 -0.077607
v -0.085626 0.972902 -0.074974
v -0.090721 0.975063 -0.090947
v -0.087612 0.968257 -0.092567
v -0.092999 0.973790 -0.090812
v -0.094753 0.971978 -0.090848
v -0.095809 0.969807 -0.091051
v -0.096065 0.967487 -0.091401
v -0.095496 0.965247 -0.091865
v -0.094157 0.963304 -0.092396
v -0.092180 0.961850 -0.092943
v -0.089758 0.961027 -0.093452
v -0.087105 0.960878 -0.093883
v -0.088118 0.975636 -0.091250
v -0.020001 0.943938 -0.092544
v -0.025462 0.949426 -0.090786
v -0.022318 0.942662 -0.092403
v -0.018219 0.945750 -0.092512
v -0.017146 0.947923 -0.092312
v -0.016887 0.950243 -0.091962
v -0.017467 0.952483 -0.091496
v -0.018830 0.954423 -0.090962
v -0.020842 0.955875 -0.090410
v -0.023306 0.956695 -0.089895
v -0.025981 0.956804 -0.089467
v -0.024942 0.942049 -0.092104
v -0.024810 0.945396 -0.108679
v -0.027954 0.952160 -0.107062
v -0.022494 0.946671 -0.108820
v -0.020712 0.948484 -0.108788
v -0.019639 0.950657 -0.108588
v -0.019379 0.952977 -0.108238
v -0.019960 0.955216 -0.107773
v -0.021322 0.957157 -0.107238
v -0.023334 0.958609 -0.106686
v -0.025799 0.959429 -0.106171
v -0.028474 0.959538 -0.105743
v -0.027434 0.944783 -0.108381
v -0.091396 0.949240 -0.080720
v -0.086509 0.943660 -0.082406
v -0.089355 0.950491 -0.080823
v -0.092961 0.947447 -0.080782
v -0.093896 0.945287 -0.081002
v -0.094110 0.942972 -0.081358
v -0.093582 0.940727 -0.081815
v -0.092364 0.938773 -0.082330
v -0.090574 0.937301 -0.082851
v -0.088389 0.936456 -0.083328
v -0.086001 0.936281 -0.083723
v -0.087017 0.951039 -0.081089
v -0.091848 0.953224 -0.097099
v -0.089002 0.946394 -0.098682
v -0.093889 0.951974 -0.096996
v -0.095453 0.950181 -0.097058
v -0.096388 0.948021 -0.097278
v -0.096602 0.945705 -0.097634
v -0.096074 0.943461 -0.098092
v -0.094856 0.941507 -0.098606
v -0.093067 0.940035 -0.099127
v -0.090882 0.939189 -0.099604
v -0.088494 0.939015 -0.099999
v -0.089510 0.953772 -0.097365
v -0.033006 0.921258 -0.095057
v -0.037656 0.926824 -0.093410
v -0.034938 0.920019 -0.094969
v -0.031529 0.923042 -0.094984
v -0.030652 0.925196 -0.094756
v -0.030460 0.927509 -0.094397
v -0.030973 0.929755 -0.093941
v -0.032140 0.931715 -0.093433
v -0.033847 0.933195 -0.092923
v -0.035927 0.934052 -0.092461
v -0.038176 0.934201 -0.092091
v -0.037136 0.919446 -0.094729
v -0.037430 0.922753 -0.111245
v -0.040148 0.929558 -0.109686
v -0.035498 0.923992 -0.111333
v -0.034021 0.925776 -0.111260
v -0.033144 0.927929 -0.111032
v -0.032953 0.930243 -0.110673
v -0.033465 0.932489 -0.110217
v -0.034632 0.934448 -0.109710
v -0.036339 0.935929 -0.109199
v -0.038419 0.936786 -0.108737
v -0.040668 0.936935 -0.108367
v -0.039628 0.922180 -0.111005
v -0.093056 0.927640 -0.084790
v -0.088887 0.921991 -0.086376
v -0.091356 0.928858 -0.084845
v -0.094351 0.925873 -0.084888
v -0.095112 0.923729 -0.085131
v -0.095266 0.921419 -0.085496
v -0.094797 0.919169 -0.085946
v -0.093751 0.917199 -0.086437
v -0.092231 0.915702 -0.086921
v -0.090386 0.914824 -0.087351
v -0.088377 0.914613 -0.087694
v -0.089397 0.929370 -0.085059
v -0.093848 0.931592 -0.101121
v -0.091380 0.924725 -0.102653
v -0.095549 0.930374 -0.101066
v -0.096843 0.928607 -0.101164
v -0.097605 0.926463 -0.101408
v -0.097758 0.924153 -0.101772
v -0.097289 0.921903 -0.102222
v -0.096244 0.919933 -0.102713
v -0.094724 0.918435 -0.103197
v -0.092878 0.917557 -0.103627
v -0.090870 0.917347 -0.103970
v -0.091890 0.932104 -0.101336
v -0.048074 0.898889 -0.097232
v -0.051629 0.904559 -0.095735
v -0.049486 0.897699 -0.097215
v -0.047009 0.900633 -0.097102
v -0.046397 0.902762 -0.096838
v -0.046296 0.905067 -0.096466
v -0.046718 0.907322 -0.096023
v -0.047621 0.909306 -0.095552
v -0.048915 0.910826 -0.095098
v -0.050476 0.911732 -0.094707
v -0.052149 0.911936 -0.094416
v -0.051109 0.897181 -0.097054
v -0.051979 0.900433 -0.113491
v -0.054121 0.907293 -0.112011
v -0.050566 0.901623 -0.113508
v -0.049502 0.903367 -0.113378
v -0.048889 0.905496 -0.113114
v -0.048789 0.907800 -0.112742
v -0.049211 0.910055 -0.112299
v -0.050113 0.912040 -0.111828
v -0.051408 0.913560 -0.111374
v -0.052968 0.914466 -0.110983
v -0.054642 0.914670 -0.110693
v -0.053601 0.899915 -0.113330
v -0.092795 0.906729 -0.089067
v -0.089596 0.900989 -0.090521
v -0.091554 0.907904 -0.089059
v -0.093725 0.904997 -0.089215
v -0.094251 0.902876 -0.089491
v -0.094324 0.900574 -0.089866
v -0.093934 0.898316 -0.090305
v -0.093122 0.896323 -0.090764
v -0.091966 0.894791 -0.091199
v -0.090579 0.893870 -0.091566
v -0.089083 0.893610 -0.091838
v -0.090109 0.908367 -0.089203
v -0.094047 0.910638 -0.105335
v -0.092088 0.903722 -0.106797
v -0.095288 0.909463 -0.105343
v -0.096217 0.907731 -0.105491
v -0.096744 0.905609 -0.105767
v -0.096816 0.903307 -0.106143
v -0.096427 0.901049 -0.106581
v -0.095614 0.899057 -0.107040
v -0.094458 0.897525 -0.107475
v -0.093071 0.896603 -0.107842
v -0.091575 0.896344 -0.108115
v -0.092601 0.911101 -0.105479
v 0.110404 0.874942 -0.020636
v 0.110404 0.903711 -0.015099
v 0.110404 0.874942 -0.001733
v 0.110404 0.846172 -0.015099
v 0.110404 0.834255 -0.001733
v 0.110404 0.846172 0.011633
v 0.110404 0.874942 0.017170
v 0.110404 0.903711 0.011633
v 0.110404 0.915629 -0.001733
v 0.085252 0.910526 -0.018266
v 0.085252 0.874942 -0.025114
v 0.085252 0.874942 -0.001733
v 0.085252 0.839357 -0.018266
v 0.085252 0.824618 -0.001733
v 0.085252 0.839357 0.014800
v 0.085252 0.874942 0.021648
v 0.085252 0.910526 0.014800
v 0.085252 0.925266 -0.001733
v 0.114308 0.909710 -0.022766
v 0.114308 0.934738 -0.016605
v 0.114308 0.909710 -0.001733
v 0.114308 0.884682 -0.016605
v 0.114308 0.874315 -0.001733
v 0.114308 0.884682 0.013139
v 0.114308 0.909710 0.019300
v 0.114308 0.934738 0.013139
v 0.114308 0.945105 -0.001733
v 0.089156 0.940666 -0.020129
v 0.089156 0.909710 -0.027750
v 0.089156 0.909710 -0.001733
v 0.089156 0.878754 -0.020129
v 0.089156 0.865932 -0.001733
v 0.089156 0.878754 0.016663
v 0.089156 0.909710 0.024284
v 0.089156 0.940666 0.016663
v 0.089156 0.953488 -0.001733
v 0.117896 0.934672 -0.026964
v 0.117896 0.952513 -0.019574
v 0.117896 0.934672 -0.001733
v 0.117896 0.916831 -0.019574
v 0.117896 0.909441 -0.001733
v 0.117896 0.916831 0.016108
v 0.117896 0.934672 0.023498
v 0.117896 0.952513 0.016108
v 0.117896 0.959903 -0.001733
v 0.090775 0.956738 -0.023799
v 0.090775 0.934672 -0.032940
v 0.090775 0.934672 -0.001733
v 0.090775 0.912605 -0.023799
v 0.090775 0.903465 -0.001733
v 0.090775 0.912605 0.020333
v 0.090775 0.934672 0.029474
v 0.090775 0.956738 0.020333
v 0.090775 0.965879 -0.001733
v 0.022042 0.754555 -0.054550
v 0.045097 0.754555 -0.031495
v -0.009453 0.754555 0.000000
v -0.009453 0.754555 -0.062989
v -0.040947 0.754555 -0.054550
v -0.064003 0.754555 -0.031495
v -0.072442 0.754555 0.000000
v -0.064003 0.754555 0.031495
v -0.040947 0.754555 0.054550
v -0.009453 0.754555 0.062989
v 0.022042 0.754555 0.054550
v 0.045097 0.754555 0.031495
v 0.053536 0.754555 0.000000
v 0.045658 0.771226 -0.031818
v 0.022365 0.771226 -0.055111
v -0.009453 0.771226 0.000000
v -0.009453 0.771226 -0.063636
v -0.041271 0.771226 -0.055111
v -0.064564 0.771226 -0.031818
v -0.073089 0.771226 0.000000
v -0.064564 0.771226 0.031818
v -0.041271 0.771226 0.055111
v -0.009453 0.771226 0.063636
v 0.022365 0.771226 0.055111
v 0.045658 0.771226 0.031818
v 0.054184 0.771226 0.000000
v 0.009576 0.619873 -0.032959
v 0.023506 0.619873 -0.019029
v -0.009453 0.619873 0.000000
v -0.009453 0.619873 -0.038057
v -0.028481 0.619873 -0.032959
v -0.042411 0.619873 -0.019029
v -0.047510 0.619873 0.000000
v -0.042411 0.619873 0.019029
v -0.028481 0.619873 0.032959
v -0.009453 0.619873 0.038057
v 0.009576 0.619873 0.032959
v 0.023506 0.619873 0.019029
v 0.028605 0.619873 0.000000
v 0.042389 0.758346 -0.029931
v 0.020478 0.758346 -0.051842
v -0.009453 0.758346 0.000000
v -0.009453 0.758346 -0.059862
v -0.039384 0.758346 -0.051842
v -0.061295 0.758346 -0.029931
v -0.069315 0.758346 0.000000
v -0.061295 0.758346 0.029931
v -0.039384 0.758346 0.051842
v -0.009453 0.758346 0.059862
v 0.020478 0.758346 0.051842
v 0.042389 0.758346 0.029931
v 0.050409 0.758346 0.000000
v 0.012131 0.611283 -0.037385
v 0.027932 0.611283 -0.021584
v -0.009453 0.611283 0.000000
v -0.009453 0.611283 -0.043168
v -0.031037 0.611283 -0.037385
v -0.046837 0.611283 -0.021584
v -0.052621 0.611283 0.000000
v -0.046837 0.611283 0.021584
v -0.031037 0.611283 0.037385
v -0.009453 0.611283 0.043168
v 0.012131 0.611283 0.037385
v 0.027932 0.611283 0.021584
v 0.033715 0.611283 0.000000
v 0.027932 0.628463 -0.021584
v 0.012131 0.628463 -0.037385
v -0.009453 0.628463 0.000000
v -0.009453 0.628463 -0.043168
v -0.031037 0.628463 -0.037385
v -0.046837 0.628463 -0.021584
v -0.052621 0.628463 0.000000
v -0.046837 0.628463 0.021584
v -0.031037 0.628463 0.037385
v -0.009453 0.628463 0.043168
v 0.012131 0.628463 0.037385
v 0.027932 0.628463 0.021584
v 0.033715 0.628463 0.000000
v -0.011261 0.966507 0.088541
v -0.013809 0.965206 0.088075
v -0.017042 0.971942 0.086041
v -0.009278 0.968340 0.088763
v -0.008055 0.970525 0.088718
v -0.007712 0.972850 0.088411
v -0.008283 0.975085 0.087872
v -0.009711 0.977013 0.087154
v -0.011856 0.978444 0.086326
v -0.014509 0.979239 0.085471
v -0.017411 0.979319 0.084672
v -0.016674 0.964564 0.087409
v -0.018113 0.967939 0.103968
v -0.015565 0.969240 0.104435
v -0.021347 0.974675 0.101934
v -0.013582 0.971073 0.104656
v -0.012359 0.973259 0.104611
v -0.012016 0.975583 0.104304
v -0.012587 0.977819 0.103765
v -0.014015 0.979746 0.103047
v -0.016160 0.981178 0.102220
v -0.018813 0.981972 0.101365
v -0.021715 0.982053 0.100565
v -0.020978 0.967298 0.103303
v -0.088624 0.971056 0.066808
v -0.086376 0.972329 0.067198
v -0.083468 0.965523 0.069156
v -0.090370 0.969245 0.066646
v -0.091443 0.967073 0.066730
v -0.091737 0.964754 0.067049
v -0.091223 0.962513 0.067574
v -0.089953 0.960571 0.068252
v -0.088049 0.959117 0.069017
v -0.085700 0.958293 0.069795
v -0.083112 0.958144 0.070521
v -0.083823 0.972902 0.067791
v -0.090680 0.975063 0.083091
v -0.092928 0.973790 0.082701
v -0.087772 0.968257 0.085049
v -0.094674 0.971978 0.082540
v -0.095747 0.969807 0.082623
v -0.096041 0.967487 0.082943
v -0.095527 0.965247 0.083467
v -0.094257 0.963304 0.084145
v -0.092353 0.961850 0.084910
v -0.090004 0.961027 0.085688
v -0.087416 0.960878 0.086415
v -0.088127 0.975636 0.083684
v -0.019951 0.943938 0.089462
v -0.022262 0.942662 0.089252
v -0.025356 0.949426 0.087540
v -0.018169 0.945750 0.089484
v -0.017090 0.947923 0.089316
v -0.016820 0.950243 0.088974
v -0.017386 0.952483 0.088492
v -0.018732 0.954423 0.087916
v -0.020727 0.955875 0.087304
v -0.023174 0.956695 0.086715
v -0.025835 0.956804 0.086206
v -0.024876 0.942049 0.088874
v -0.025244 0.945396 0.105445
v -0.022933 0.946671 0.105655
v -0.028338 0.952160 0.103734
v -0.021150 0.948484 0.105678
v -0.020072 0.950657 0.105510
v -0.019802 0.952977 0.105168
v -0.020368 0.955216 0.104685
v -0.021714 0.957157 0.104110
v -0.023709 0.958609 0.103498
v -0.026156 0.959429 0.102908
v -0.028817 0.959538 0.102400
v -0.027858 0.944783 0.105068
v -0.090957 0.949240 0.075492
v -0.088920 0.950491 0.075656
v -0.086123 0.943660 0.077324
v -0.092523 0.947447 0.075506
v -0.093464 0.945287 0.075698
v -0.093688 0.942972 0.076047
v -0.093175 0.940727 0.076521
v -0.091972 0.938773 0.077072
v -0.090200 0.937301 0.077647
v -0.088030 0.936456 0.078189
v -0.085655 0.936281 0.078656
v -0.086591 0.951039 0.075992
v -0.091902 0.953224 0.091850
v -0.093939 0.951974 0.091686
v -0.089105 0.946394 0.093518
v -0.095504 0.950181 0.091700
v -0.096446 0.948021 0.091892
v -0.096670 0.945705 0.092241
v -0.096156 0.943461 0.092714
v -0.094954 0.941507 0.093266
v -0.093182 0.940035 0.093841
v -0.091012 0.939189 0.094383
v -0.088637 0.939015 0.094850
v -0.089573 0.953772 0.092186
v -0.032970 0.921258 0.090457
v -0.034901 0.920019 0.090345
v -0.037600 0.926824 0.088751
v -0.031493 0.923042 0.090402
v -0.030613 0.925196 0.090185
v -0.030417 0.927509 0.089829
v -0.030924 0.929755 0.089366
v -0.032084 0.931715 0.088844
v -0.033785 0.933195 0.088313
v -0.035859 0.934052 0.087824
v -0.038103 0.934201 0.087426
v -0.037096 0.919446 0.090076
v -0.037598 0.922753 0.106588
v -0.035667 0.923992 0.106700
v -0.040296 0.929558 0.104995
v -0.034189 0.925776 0.106645
v -0.033309 0.927929 0.106429
v -0.033113 0.930243 0.106072
v -0.033620 0.932489 0.105610
v -0.034781 0.934448 0.105087
v -0.036481 0.935929 0.104556
v -0.038555 0.936786 0.104067
v -0.040799 0.936935 0.103670
v -0.039793 0.922180 0.106320
v -0.092887 0.927640 0.079436
v -0.091188 0.928858 0.079513
v -0.088739 0.921991 0.081075
v -0.094183 0.925873 0.079518
v -0.094947 0.923729 0.079752
v -0.095106 0.921419 0.080114
v -0.094642 0.919169 0.080570
v -0.093603 0.917199 0.081074
v -0.092089 0.915702 0.081577
v -0.090249 0.914824 0.082030
v -0.088245 0.914613 0.082399
v -0.089232 0.929370 0.079751
v -0.093884 0.931592 0.095756
v -0.095584 0.930374 0.095679
v -0.091435 0.924725 0.097318
v -0.096880 0.928607 0.095761
v -0.097644 0.926463 0.095995
v -0.097802 0.924153 0.096358
v -0.097339 0.921903 0.096813
v -0.096300 0.919933 0.097317
v -0.094786 0.918435 0.097821
v -0.092946 0.917557 0.098274
v -0.090942 0.917347 0.098642
v -0.091929 0.932104 0.095995
v -0.006395 0.988699 0.080806
v -0.008947 0.987397 0.080359
v -0.012196 0.994133 0.078349
v -0.004411 0.990532 0.081012
v -0.003188 0.992717 0.080958
v -0.002848 0.995041 0.080648
v -0.003422 0.997277 0.080114
v -0.004856 0.999204 0.079407
v -0.007007 1.000636 0.078596
v -0.009667 1.001431 0.077761
v -0.012574 1.001511 0.076984
v -0.011817 0.986756 0.079715
v -0.013130 0.990131 0.096285
v -0.010577 0.991432 0.096731
v -0.016378 0.996867 0.094275
v -0.008593 0.993265 0.096938
v -0.007371 0.995451 0.096884
v -0.007030 0.997775 0.096574
v -0.007605 1.000010 0.096040
v -0.009038 1.001938 0.095332
v -0.011190 1.003369 0.094522
v -0.013850 1.004164 0.093687
v -0.016757 1.004245 0.092909
v -0.016000 0.989489 0.095641
v -0.083923 0.993248 0.059665
v -0.081671 0.994521 0.060038
v -0.078748 0.987715 0.061974
v -0.085670 0.991437 0.059517
v -0.086742 0.989265 0.059608
v -0.087033 0.986945 0.059930
v -0.086516 0.984705 0.060450
v -0.085240 0.982762 0.061119
v -0.083331 0.981309 0.061870
v -0.080975 0.980485 0.062629
v -0.078382 0.980336 0.063336
v -0.079114 0.995094 0.060611
v -0.085853 0.997254 0.075964
v -0.088105 0.995981 0.075591
v -0.082931 0.990449 0.077899
v -0.089852 0.994170 0.075443
v -0.090924 0.991999 0.075534
v -0.091216 0.989679 0.075856
v -0.090698 0.987438 0.076376
v -0.089422 0.985496 0.077045
v -0.087513 0.984042 0.077796
v -0.085158 0.983219 0.078555
v -0.082565 0.983070 0.079262
v -0.083296 0.997827 0.076537
v -0.047928 0.898889 0.090408
v -0.049339 0.897699 0.090334
v -0.051420 0.904559 0.088768
v -0.046859 0.900633 0.090322
v -0.046237 0.902762 0.090083
v -0.046121 0.905067 0.089716
v -0.046525 0.907322 0.089256
v -0.047407 0.909306 0.088748
v -0.048682 0.910826 0.088242
v -0.050226 0.911732 0.087787
v -0.051886 0.911936 0.087429
v -0.050954 0.897181 0.090107
v -0.052492 0.900433 0.106495
v -0.051081 0.901623 0.106569
v -0.054573 0.907293 0.104929
v -0.050012 0.903367 0.106483
v -0.049389 0.905496 0.106244
v -0.049274 0.907800 0.105877
v -0.049677 0.910055 0.105417
v -0.050560 0.912040 0.104909
v -0.051835 0.913560 0.104403
v -0.053378 0.914466 0.103948
v -0.055039 0.914670 0.103590
v -0.054107 0.899915 0.106268
v -0.092280 0.906729 0.080429
v -0.091040 0.907904 0.080472
v -0.089143 0.900989 0.082012
v -0.093215 0.904997 0.080540
v -0.093752 0.902876 0.080794
v -0.093840 0.900574 0.081166
v -0.093469 0.898316 0.081620
v -0.092676 0.896323 0.082112
v -0.091538 0.894791 0.082593
v -0.090167 0.893870 0.083017
v -0.088684 0.893610 0.083350
v -0.089602 0.908367 0.080675
v -0.094193 0.910638 0.096634
v -0.095433 0.909463 0.096590
v -0.092296 0.903722 0.098174
v -0.096368 0.907731 0.096701
v -0.096905 0.905609 0.096955
v -0.096993 0.903307 0.097327
v -0.096622 0.901049 0.097781
v -0.095829 0.899057 0.098274
v -0.094691 0.897525 0.098755
v -0.093320 0.896603 0.099178
v -0.091837 0.896344 0.099511
v -0.092755 0.911101 0.096836
v 0.035435 0.210291 0.106423
v 0.019142 0.191623 0.106423
v -0.007546 0.231358 0.106423
v -0.004301 0.183602 0.106423
v 0.040210 0.234604 0.106423
v 0.028019 0.209134 0.137280
v 0.031638 0.213281 0.137280
v 0.024960 0.212827 0.138958
v 0.032189 0.258047 0.106423
v -0.028614 0.188378 0.106423
v 0.019148 0.191615 0.131986
v 0.035443 0.210286 0.131986
v -0.007546 0.231358 0.131882
v -0.004301 0.183593 0.131986
v 0.040219 0.234604 0.131986
v 0.015694 0.223080 0.135625
v 0.010169 0.209935 0.135612
v 0.020412 0.218379 0.135633
v -0.000074 0.201492 0.135591
v -0.003789 0.207019 0.135584
v 0.010436 0.226494 0.135615
v 0.013521 0.274339 0.106423
v -0.047282 0.204670 0.106423
v -0.006138 0.212832 0.135580
v 0.005151 0.228288 0.135604
v 0.032197 0.258053 0.131986
v -0.028619 0.188369 0.131986
v -0.006890 0.218362 0.135579
v 0.000358 0.228285 0.135595
v -0.005973 0.223066 0.135582
v -0.003475 0.226485 0.135587
v -0.010792 0.279115 0.106423
v -0.055303 0.228113 0.106423
v 0.018816 0.253890 0.139797
v 0.028832 0.254571 0.137280
v 0.022121 0.260428 0.137280
v 0.013526 0.274348 0.131986
v -0.047290 0.204664 0.131986
v 0.013308 0.244309 0.135623
v 0.005002 0.255899 0.135608
v 0.008939 0.239812 0.135613
v 0.016864 0.249940 0.135631
v 0.004184 0.236890 0.135604
v -0.000490 0.235829 0.135594
v -0.004627 0.236732 0.135586
v -0.043925 0.208146 0.137280
v -0.025624 0.192174 0.137280
v -0.026789 0.209311 0.141587
v -0.007822 0.239512 0.135580
v -0.050527 0.252426 0.106423
v -0.034235 0.271094 0.106423
v -0.009761 0.243895 0.135577
v -0.014299 0.226653 0.135566
v -0.034931 0.229362 0.135525
v -0.017088 0.222754 0.135560
v -0.021624 0.219503 0.135550
v -0.013530 0.230816 0.135568
v -0.027462 0.217216 0.135538
v -0.010254 0.249454 0.135577
v -0.014856 0.234838 0.135566
v -0.034031 0.216119 0.135525
v -0.009255 0.255643 0.135579
v -0.010792 0.279124 0.131986
v -0.055312 0.228113 0.131986
v -0.018146 0.238323 0.135560
v -0.006860 0.261857 0.135585
v -0.023080 0.240931 0.135550
v -0.029174 0.242407 0.135538
v -0.035831 0.242606 0.135525
v -0.050536 0.252431 0.131986
v -0.034241 0.271102 0.131986
v -0.030759 0.267737 0.137280
v -0.046731 0.249436 0.137280
v -0.029594 0.250601 0.141587
v -0.046402 0.888184 0.113738
v 0.003955 0.845161 0.124236
v 0.016667 0.891013 0.123542
v -0.028610 0.917042 0.116077
v 0.014159 0.964260 0.096112
v 0.012949 0.963382 0.104445
v 0.025667 0.946537 0.109230
v 0.026390 0.947710 0.098218
v -0.102686 0.867419 0.089654
v -0.104624 0.781128 0.081301
v -0.107308 0.779765 0.093712
v -0.105371 0.866056 0.102065
v 0.003955 0.845161 0.124236
v 0.006073 0.846236 0.112022
v 0.018690 0.890772 0.108917
v 0.016667 0.891013 0.123542
v -0.044285 0.889259 0.098747
v -0.046402 0.888184 0.113738
v -0.028610 0.917042 0.116077
v -0.027001 0.917008 0.099809
v -0.075887 0.877120 0.108256
v -0.035767 0.799959 0.109577
v -0.035767 0.799959 0.109577
v -0.033366 0.801177 0.097850
v -0.044285 0.889259 0.098747
v 0.006073 0.846236 0.112022
v -0.033366 0.801177 0.097850
v -0.073486 0.878339 0.093315
v -0.073486 0.878339 0.093315
v -0.075887 0.877120 0.108256
v -0.003704 0.958784 0.109570
v 0.012949 0.963382 0.104445
v 0.014159 0.964260 0.096112
v -0.002980 0.959956 0.098559
v 0.025667 0.946537 0.109230
v 0.028092 0.927170 0.113536
v 0.028467 0.928553 0.100602
v 0.026390 0.947710 0.098218
v -0.105371 0.866056 0.102065
v -0.107308 0.779765 0.093712
v -0.107308 0.779765 0.093712
v -0.104624 0.781128 0.081301
v -0.104624 0.781128 0.081301
v -0.102686 0.867419 0.089654
v -0.102686 0.867419 0.089654
v -0.105371 0.866056 0.102065
v 0.028467 0.928553 0.100602
v 0.028092 0.927170 0.113536
v -0.003704 0.958784 0.109570
v -0.002980 0.959956 0.098559
v -0.027001 0.917008 0.099809
v 0.018690 0.890772 0.108917
v -0.021183 0.185465 -0.133058
v -0.021181 0.185475 -0.107494
v -0.042296 0.198440 -0.107494
v -0.042303 0.198434 -0.133058
v 0.025379 0.196602 -0.133058
v 0.025372 0.196609 -0.107494
v 0.003587 0.184805 -0.107494
v 0.003589 0.184795 -0.133058
v -0.020807 0.190293 -0.138351
v -0.021183 0.185465 -0.133058
v -0.042303 0.198434 -0.133058
v -0.037652 0.202839 -0.139166
v -0.054100 0.220225 -0.107494
v -0.054110 0.220223 -0.133058
v 0.038347 0.217722 -0.133058
v 0.038337 0.217724 -0.107494
v -0.049269 0.220338 -0.138351
v -0.054110 0.220223 -0.133058
v 0.025379 0.196602 -0.133058
v 0.020973 0.201253 -0.139166
v 0.038347 0.217722 -0.133058
v -0.053439 0.244995 -0.133058
v -0.053430 0.244993 -0.107494
v -0.040465 0.266108 -0.107494
v -0.040471 0.266115 -0.133058
v 0.039007 0.242492 -0.107494
v 0.039017 0.242493 -0.133058
v 0.027210 0.264283 -0.133058
v 0.027204 0.264277 -0.107494
v -0.018680 0.277912 -0.107494
v -0.018681 0.277922 -0.133058
v 0.006090 0.277251 -0.133058
v 0.006089 0.277242 -0.107494
v -0.036066 0.261464 -0.139166
v -0.040471 0.266115 -0.133058
v -0.018681 0.277922 -0.133058
v -0.001659 0.188267 -0.136702
v -0.015111 0.188649 -0.136721
v -0.016949 0.202003 -0.136705
v -0.003798 0.203813 -0.136683
v 0.009382 0.205651 -0.141518
v 0.010889 0.194558 -0.138696
v 0.011184 0.192315 -0.136678
v 0.009353 0.205624 -0.136662
v -0.016919 0.202031 -0.141568
v -0.017170 0.208694 -0.143088
v -0.017208 0.208658 -0.136696
v -0.016949 0.202003 -0.136705
v 0.007845 0.212139 -0.143242
v 0.009382 0.205651 -0.141518
v 0.009353 0.205624 -0.136662
v 0.007806 0.212101 -0.136655
v -0.016114 0.214878 -0.143661
v -0.013848 0.219982 -0.144124
v -0.013893 0.219940 -0.136676
v -0.016156 0.214839 -0.136686
v 0.008921 0.213975 -0.143561
v 0.004330 0.218821 -0.144009
v 0.007455 0.212967 -0.143484
v 0.005166 0.217809 -0.143917
v -0.010596 0.223507 -0.144463
v -0.010642 0.223463 -0.136666
v -0.024893 0.225004 -0.143633
v -0.031164 0.224835 -0.143093
v -0.031202 0.224799 -0.136694
v -0.024935 0.224965 -0.136685
v -0.006674 0.225108 -0.144626
v -0.002467 0.224627 -0.144556
v -0.002515 0.224582 -0.136653
v -0.006722 0.225062 -0.136658
v -0.019519 0.226523 -0.144106
v -0.019564 0.226481 -0.136675
v -0.015569 0.229244 -0.144465
v -0.015616 0.229200 -0.136666
v 0.039017 0.242493 -0.133058
v 0.038347 0.217722 -0.133058
v -0.050511 0.229655 -0.136716
v -0.050158 0.243363 -0.136696
v -0.034096 0.238761 -0.136679
v -0.037753 0.226000 -0.136702
v 0.005292 0.232587 -0.144056
v 0.000537 0.233180 -0.144461
v 0.000490 0.233136 -0.136637
v 0.005247 0.232544 -0.136631
v 0.010754 0.233716 -0.143579
v 0.010712 0.233676 -0.136621
v -0.003044 0.235437 -0.144754
v -0.003093 0.235391 -0.136639
v -0.013308 0.237131 -0.144610
v -0.013428 0.232899 -0.144649
v -0.013476 0.232854 -0.136658
v -0.013356 0.237086 -0.136652
v 0.016388 0.236456 -0.143075
v 0.016350 0.236420 -0.136609
v -0.005104 0.239136 -0.144476
v -0.005440 0.243915 -0.144071
v -0.005484 0.243873 -0.136631
v -0.005152 0.239091 -0.136637
v -0.018974 0.245654 -0.143861
v -0.015219 0.241526 -0.144242
v -0.015265 0.241483 -0.136648
v -0.019018 0.245613 -0.136648
v 0.021608 0.240507 -0.136596
v 0.031663 0.250031 -0.136569
v 0.030087 0.248539 -0.138638
v 0.021638 0.240535 -0.141557
v -0.004017 0.249308 -0.143594
v -0.004059 0.249268 -0.136621
v 0.024613 0.261637 -0.136563
v 0.031663 0.250031 -0.136569
v 0.021608 0.240507 -0.136596
v 0.012480 0.250143 -0.136596
v -0.030439 0.251522 -0.136656
v -0.043427 0.255243 -0.136670
v -0.041169 0.254612 -0.138835
v -0.030409 0.251551 -0.141722
v -0.000976 0.254786 -0.143090
v -0.001015 0.254750 -0.136609
v -0.041169 0.254612 -0.138835
v -0.024457 0.249210 -0.143399
v -0.030409 0.251551 -0.141722
v 0.003381 0.259808 -0.141579
v 0.011864 0.267844 -0.138649
v 0.013447 0.269344 -0.136569
v 0.003351 0.259780 -0.136596
v -0.018680 0.277912 -0.107494
v -0.018681 0.277922 -0.133058
v -0.018681 0.277922 -0.133058
v 0.006090 0.277251 -0.133058
v -0.008933 0.987397 -0.083413
v -0.011425 0.990131 -0.099689
v -0.008840 0.991432 -0.099866
v -0.006348 0.988699 -0.083590
v -0.006845 0.993265 -0.099864
v -0.004353 0.990532 -0.083588
v -0.005635 0.995451 -0.099682
v -0.003143 0.992717 -0.083406
v -0.005329 0.997775 -0.099339
v -0.002836 0.995041 -0.083062
v -0.005956 1.000010 -0.098867
v -0.003464 0.997277 -0.082591
v -0.007456 1.001938 -0.098314
v -0.004963 0.999204 -0.082038
v -0.009681 1.003369 -0.097733
v -0.007188 1.000636 -0.081456
v -0.012413 1.004164 -0.097181
v -0.009921 1.001431 -0.080905
v -0.015386 1.004245 -0.096712
v -0.012893 1.001511 -0.080436
v -0.011854 0.986756 -0.083073
v -0.014347 0.989489 -0.099349
v -0.011425 0.990131 -0.099689
v -0.008933 0.987397 -0.083413
v -0.015386 1.004245 -0.096712
v -0.083273 0.997827 -0.087394
v -0.080781 0.995094 -0.071118
v -0.012893 1.001511 -0.080436
v -0.012893 1.001511 -0.080436
v -0.080781 0.995094 -0.071118
v -0.080275 0.987715 -0.072435
v -0.012374 0.994133 -0.081755
v -0.012374 0.994133 -0.081755
v -0.080275 0.987715 -0.072435
v -0.079768 0.980336 -0.073752
v -0.011854 0.986756 -0.083073
v -0.011854 0.986756 -0.083073
v -0.079768 0.980336 -0.073752
v -0.082261 0.983070 -0.090028
v -0.014347 0.989489 -0.099349
v -0.014347 0.989489 -0.099349
v -0.082261 0.983070 -0.090028
v -0.082767 0.990449 -0.088711
v -0.014866 0.996867 -0.098031
v -0.014866 0.996867 -0.098031
v -0.082767 0.990449 -0.088711
v -0.083273 0.997827 -0.087394
v -0.015386 1.004245 -0.096712
v -0.083384 0.994521 -0.070816
v -0.085877 0.997254 -0.087092
v -0.088155 0.995981 -0.086957
v -0.085662 0.993248 -0.070681
v -0.089908 0.994170 -0.086992
v -0.087416 0.991437 -0.070716
v -0.090964 0.991999 -0.087195
v -0.088472 0.989265 -0.070919
v -0.091220 0.989679 -0.087546
v -0.088728 0.986945 -0.071270
v -0.090651 0.987438 -0.088009
v -0.088159 0.984705 -0.071733
v -0.089313 0.985496 -0.088540
v -0.086820 0.982762 -0.072264
v -0.087335 0.984042 -0.089087
v -0.084843 0.981309 -0.072811
v -0.084913 0.983219 -0.089597
v -0.082421 0.980485 -0.073320
v -0.082261 0.983070 -0.090028
v -0.079768 0.980336 -0.073752
v -0.080781 0.995094 -0.071118
v -0.083273 0.997827 -0.087394
v -0.085877 0.997254 -0.087092
v -0.083384 0.994521 -0.070816
v -0.013777 0.965206 -0.087269
v -0.016270 0.967939 -0.103545
v -0.013685 0.969240 -0.103722
v -0.011192 0.966507 -0.087446
v -0.011690 0.971073 -0.103719
v -0.009197 0.968340 -0.087443
v -0.010480 0.973259 -0.103538
v -0.007987 0.970525 -0.087262
v -0.010174 0.975583 -0.103194
v -0.007681 0.972850 -0.086918
v -0.010801 0.977819 -0.102723
v -0.008308 0.975085 -0.086447
v -0.012300 0.979746 -0.102170
v -0.009808 0.977013 -0.085893
v -0.014525 0.981178 -0.101589
v -0.012033 0.978444 -0.085312
v -0.017258 0.981972 -0.101037
v -0.014765 0.979239 -0.084760
v -0.020230 0.982053 -0.100568
v -0.017738 0.979319 -0.084291
v -0.016699 0.964564 -0.086929
v -0.019191 0.967298 -0.103205
v -0.016270 0.967939 -0.103545
v -0.013777 0.965206 -0.087269
v -0.020230 0.982053 -0.100568
v -0.088118 0.975636 -0.091250
v -0.085626 0.972902 -0.074974
v -0.017738 0.979319 -0.084291
v -0.017738 0.979319 -0.084291
v -0.085626 0.972902 -0.074974
v -0.085119 0.965523 -0.076290
v -0.017218 0.971942 -0.085610
v -0.017218 0.971942 -0.085610
v -0.085119 0.965523 -0.076290
v -0.084613 0.958144 -0.077607
v -0.016699 0.964564 -0.086929
v -0.016699 0.964564 -0.086929
v -0.084613 0.958144 -0.077607
v -0.087105 0.960878 -0.093883
v -0.019191 0.967298 -0.103205
v -0.019191 0.967298 -0.103205
v -0.087105 0.960878 -0.093883
v -0.087612 0.968257 -0.092567
v -0.019711 0.974675 -0.101887
v -0.019711 0.974675 -0.101887
v -0.087612 0.968257 -0.092567
v -0.088118 0.975636 -0.091250
v -0.020230 0.982053 -0.100568
v -0.088229 0.972329 -0.074671
v -0.090721 0.975063 -0.090947
v -0.092999 0.973790 -0.090812
v -0.090507 0.971056 -0.074536
v -0.094753 0.971978 -0.090848
v -0.092260 0.969245 -0.074572
v -0.095809 0.969807 -0.091051
v -0.093317 0.967073 -0.074775
v -0.096065 0.967487 -0.091401
v -0.093573 0.964754 -0.075125
v -0.095496 0.965247 -0.091865
v -0.093004 0.962513 -0.075589
v -0.094157 0.963304 -0.092396
v -0.091665 0.960571 -0.076120
v -0.092180 0.961850 -0.092943
v -0.089688 0.959117 -0.076667
v -0.089758 0.961027 -0.093452
v -0.087265 0.958293 -0.077176
v -0.087105 0.960878 -0.093883
v -0.084613 0.958144 -0.077607
v -0.085626 0.972902 -0.074974
v -0.088118 0.975636 -0.091250
v -0.090721 0.975063 -0.090947
v -0.088229 0.972329 -0.074671
v -0.022318 0.942662 -0.092403
v -0.024810 0.945396 -0.108679
v -0.022494 0.946671 -0.108820
v -0.020001 0.943938 -0.092544
v -0.020712 0.948484 -0.108788
v -0.018219 0.945750 -0.092512
v -0.019639 0.950657 -0.108588
v -0.017146 0.947923 -0.092312
v -0.019379 0.952977 -0.108238
v -0.016887 0.950243 -0.091962
v -0.019960 0.955216 -0.107773
v -0.017467 0.952483 -0.091496
v -0.021322 0.957157 -0.107238
v -0.018830 0.954423 -0.090962
v -0.023334 0.958609 -0.106686
v -0.020842 0.955875 -0.090410
v -0.025799 0.959429 -0.106171
v -0.023306 0.956695 -0.089895
v -0.028474 0.959538 -0.105743
v -0.025981 0.956804 -0.089467
v -0.024942 0.942049 -0.092104
v -0.027434 0.944783 -0.108381
v -0.024810 0.945396 -0.108679
v -0.022318 0.942662 -0.092403
v -0.028474 0.959538 -0.105743
v -0.089510 0.953772 -0.097365
v -0.087017 0.951039 -0.081089
v -0.025981 0.956804 -0.089467
v -0.025981 0.956804 -0.089467
v -0.087017 0.951039 -0.081089
v -0.086509 0.943660 -0.082406
v -0.025462 0.949426 -0.090786
v -0.025462 0.949426 -0.090786
v -0.086509 0.943660 -0.082406
v -0.086001 0.936281 -0.083723
v -0.024942 0.942049 -0.092104
v -0.024942 0.942049 -0.092104
v -0.086001 0.936281 -0.083723
v -0.088494 0.939015 -0.099999
v -0.027434 0.944783 -0.108381
v -0.027434 0.944783 -0.108381
v -0.088494 0.939015 -0.099999
v -0.089002 0.946394 -0.098682
v -0.027954 0.952160 -0.107062
v -0.027954 0.952160 -0.107062
v -0.089002 0.946394 -0.098682
v -0.089510 0.953772 -0.097365
v -0.028474 0.959538 -0.105743
v -0.089355 0.950491 -0.080823
v -0.091848 0.953224 -0.097099
v -0.093889 0.951974 -0.096996
v -0.091396 0.949240 -0.080720
v -0.095453 0.950181 -0.097058
v -0.092961 0.947447 -0.080782
v -0.096388 0.948021 -0.097278
v -0.093896 0.945287 -0.081002
v -0.096602 0.945705 -0.097634
v -0.094110 0.942972 -0.081358
v -0.096074 0.943461 -0.098092
v -0.093582 0.940727 -0.081815
v -0.094856 0.941507 -0.098606
v -0.092364 0.938773 -0.082330
v -0.093067 0.940035 -0.099127
v -0.090574 0.937301 -0.082851
v -0.090882 0.939189 -0.099604
v -0.088389 0.936456 -0.083328
v -0.088494 0.939015 -0.099999
v -0.086001 0.936281 -0.083723
v -0.087017 0.951039 -0.081089
v -0.089510 0.953772 -0.097365
v -0.091848 0.953224 -0.097099
v -0.089355 0.950491 -0.080823
v -0.034938 0.920019 -0.094969
v -0.037430 0.922753 -0.111245
v -0.035498 0.923992 -0.111333
v -0.033006 0.921258 -0.095057
v -0.034021 0.925776 -0.111260
v -0.031529 0.923042 -0.094984
v -0.033144 0.927929 -0.111032
v -0.030652 0.925196 -0.094756
v -0.032953 0.930243 -0.110673
v -0.030460 0.927509 -0.094397
v -0.033465 0.932489 -0.110217
v -0.030973 0.929755 -0.093941
v -0.034632 0.934448 -0.109710
v -0.032140 0.931715 -0.093433
v -0.036339 0.935929 -0.109199
v -0.033847 0.933195 -0.092923
v -0.038419 0.936786 -0.108737
v -0.035927 0.934052 -0.092461
v -0.040668 0.936935 -0.108367
v -0.038176 0.934201 -0.092091
v -0.037136 0.919446 -0.094729
v -0.039628 0.922180 -0.111005
v -0.037430 0.922753 -0.111245
v -0.034938 0.920019 -0.094969
v -0.040668 0.936935 -0.108367
v -0.091890 0.932104 -0.101336
v -0.089397 0.929370 -0.085059
v -0.038176 0.934201 -0.092091
v -0.038176 0.934201 -0.092091
v -0.089397 0.929370 -0.085059
v -0.088887 0.921991 -0.086376
v -0.037656 0.926824 -0.093410
v -0.037656 0.926824 -0.093410
v -0.088887 0.921991 -0.086376
v -0.088377 0.914613 -0.087694
v -0.037136 0.919446 -0.094729
v -0.037136 0.919446 -0.094729
v -0.088377 0.914613 -0.087694
v -0.090870 0.917347 -0.103970
v -0.039628 0.922180 -0.111005
v -0.039628 0.922180 -0.111005
v -0.090870 0.917347 -0.103970
v -0.091380 0.924725 -0.102653
v -0.040148 0.929558 -0.109686
v -0.040148 0.929558 -0.109686
v -0.091380 0.924725 -0.102653
v -0.091890 0.932104 -0.101336
v -0.040668 0.936935 -0.108367
v -0.091356 0.928858 -0.084845
v -0.093848 0.931592 -0.101121
v -0.095549 0.930374 -0.101066
v -0.093056 0.927640 -0.084790
v -0.096843 0.928607 -0.101164
v -0.094351 0.925873 -0.084888
v -0.097605 0.926463 -0.101408
v -0.095112 0.923729 -0.085131
v -0.097758 0.924153 -0.101772
v -0.095266 0.921419 -0.085496
v -0.097289 0.921903 -0.102222
v -0.094797 0.919169 -0.085946
v -0.096244 0.919933 -0.102713
v -0.093751 0.917199 -0.086437
v -0.094724 0.918435 -0.103197
v -0.092231 0.915702 -0.086921
v -0.092878 0.917557 -0.103627
v -0.090386 0.914824 -0.087351
v -0.090870 0.917347 -0.103970
v -0.088377 0.914613 -0.087694
v -0.089397 0.929370 -0.085059
v -0.091890 0.932104 -0.101336
v -0.093848 0.931592 -0.101121
v -0.091356 0.928858 -0.084845
v -0.049486 0.897699 -0.097215
v -0.051979 0.900433 -0.113491
v -0.050566 0.901623 -0.113508
v -0.048074 0.898889 -0.097232
v -0.049502 0.903367 -0.113378
v -0.047009 0.900633 -0.097102
v -0.048889 0.905496 -0.113114
v -0.046397 0.902762 -0.096838
v -0.048789 0.907800 -0.112742
v -0.046296 0.905067 -0.096466
v -0.049211 0.910055 -0.112299
v -0.046718 0.907322 -0.096023
v -0.050113 0.912040 -0.111828
v -0.047621 0.909306 -0.095552
v -0.051408 0.913560 -0.111374
v -0.048915 0.910826 -0.095098
v -0.052968 0.914466 -0.110983
v -0.050476 0.911732 -0.094707
v -0.054642 0.914670 -0.110693
v -0.052149 0.911936 -0.094416
v -0.051109 0.897181 -0.097054
v -0.053601 0.899915 -0.113330
v -0.051979 0.900433 -0.113491
v -0.049486 0.897699 -0.097215
v -0.054642 0.914670 -0.110693
v -0.092601 0.911101 -0.105479
v -0.090109 0.908367 -0.089203
v -0.052149 0.911936 -0.094416
v -0.052149 0.911936 -0.094416
v -0.090109 0.908367 -0.089203
v -0.089596 0.900989 -0.090521
v -0.051629 0.904559 -0.095735
v -0.051629 0.904559 -0.095735
v -0.089596 0.900989 -0.090521
v -0.089083 0.893610 -0.091838
v -0.051109 0.897181 -0.097054
v -0.051109 0.897181 -0.097054
v -0.089083 0.893610 -0.091838
v -0.091575 0.896344 -0.108115
v -0.053601 0.899915 -0.113330
v -0.053601 0.899915 -0.113330
v -0.091575 0.896344 -0.108115
v -0.092088 0.903722 -0.106797
v -0.054121 0.907293 -0.112011
v -0.054121 0.907293 -0.112011
v -0.092088 0.903722 -0.106797
v -0.092601 0.911101 -0.105479
v -0.054642 0.914670 -0.110693
v -0.091554 0.907904 -0.089059
v -0.094047 0.910638 -0.105335
v -0.095288 0.909463 -0.105343
v -0.092795 0.906729 -0.089067
v -0.096217 0.907731 -0.105491
v -0.093725 0.904997 -0.089215
v -0.096744 0.905609 -0.105767
v -0.094251 0.902876 -0.089491
v -0.096816 0.903307 -0.106143
v -0.094324 0.900574 -0.089866
v -0.096427 0.901049 -0.106581
v -0.093934 0.898316 -0.090305
v -0.095614 0.899057 -0.107040
v -0.093122 0.896323 -0.090764
v -0.094458 0.897525 -0.107475
v -0.091966 0.894791 -0.091199
v -0.093071 0.896603 -0.107842
v -0.090579 0.893870 -0.091566
v -0.091575 0.896344 -0.108115
v -0.089083 0.893610 -0.091838
v -0.090109 0.908367 -0.089203
v -0.092601 0.911101 -0.105479
v -0.094047 0.910638 -0.105335
v -0.091554 0.907904 -0.089059
v -0.046402 0.888184 -0.115852
v -0.028610 0.917042 -0.118191
v 0.016667 0.891013 -0.125657
v 0.003955 0.845161 -0.126350
v 0.014159 0.964260 -0.098227
v 0.026390 0.947710 -0.100333
v 0.025667 0.946537 -0.111344
v 0.012949 0.963382 -0.106559
v -0.102686 0.867419 -0.091768
v -0.105371 0.866056 -0.104179
v -0.107308 0.779765 -0.095826
v -0.104624 0.781128 -0.083415
v 0.003955 0.845161 -0.126350
v 0.016667 0.891013 -0.125657
v 0.018690 0.890772 -0.111031
v 0.006073 0.846236 -0.114136
v -0.044285 0.889259 -0.100861
v -0.027001 0.917008 -0.101923
v -0.028610 0.917042 -0.118191
v -0.046402 0.888184 -0.115852
v -0.075887 0.877120 -0.110370
v -0.035767 0.799959 -0.111691
v -0.035767 0.799959 -0.111691
v -0.033366 0.801177 -0.099965
v -0.044285 0.889259 -0.100861
v -0.073486 0.878339 -0.095429
v -0.033366 0.801177 -0.099965
v 0.006073 0.846236 -0.114136
v -0.073486 0.878339 -0.095429
v -0.075887 0.877120 -0.110370
v -0.003704 0.958784 -0.111685
v -0.002980 0.959956 -0.100673
v 0.014159 0.964260 -0.098227
v 0.012949 0.963382 -0.106559
v 0.025667 0.946537 -0.111344
v 0.026390 0.947710 -0.100333
v 0.028467 0.928553 -0.102716
v 0.028092 0.927170 -0.115651
v -0.105371 0.866056 -0.104179
v -0.107308 0.779765 -0.095826
v -0.107308 0.779765 -0.095826
v -0.104624 0.781128 -0.083415
v -0.102686 0.867419 -0.091768
v -0.104624 0.781128 -0.083415
v -0.102686 0.867419 -0.091768
v -0.105371 0.866056 -0.104179
v 0.028092 0.927170 -0.115651
v 0.028467 0.928553 -0.102716
v -0.002980 0.959956 -0.100673
v -0.003704 0.958784 -0.111685
v -0.027001 0.917008 -0.101923
v 0.018690 0.890772 -0.111031
v 0.110404 0.903711 -0.015099
v 0.110404 0.874942 -0.020636
v 0.085252 0.874942 -0.025114
v 0.085252 0.910526 -0.018266
v 0.110404 0.846172 -0.015099
v 0.085252 0.839357 -0.018266
v 0.110404 0.834255 -0.001733
v 0.085252 0.824618 -0.001733
v 0.110404 0.834255 -0.001733
v 0.110404 0.846172 0.011633
v 0.085252 0.839357 0.014800
v 0.085252 0.824618 -0.001733
v 0.110404 0.874942 0.017170
v 0.085252 0.874942 0.021648
v 0.110404 0.903711 0.011633
v 0.085252 0.910526 0.014800
v 0.110404 0.915629 -0.001733
v 0.085252 0.925266 -0.001733
v 0.110404 0.915629 -0.001733
v 0.110404 0.903711 -0.015099
v 0.085252 0.910526 -0.018266
v 0.085252 0.925266 -0.001733
v 0.114308 0.934738 -0.016605
v 0.114308 0.909710 -0.022766
v 0.089156 0.909710 -0.027750
v 0.089156 0.940666 -0.020129
v 0.114308 0.884682 -0.016605
v 0.089156 0.878754 -0.020129
v 0.114308 0.874315 -0.001733
v 0.089156 0.865932 -0.001733
v 0.114308 0.874315 -0.001733
v 0.114308 0.884682 0.013139
v 0.089156 0.878754 0.016663
v 0.089156 0.865932 -0.001733
v 0.114308 0.909710 0.019300
v 0.089156 0.909710 0.024284
v 0.114308 0.934738 0.013139
v 0.089156 0.940666 0.016663
v 0.114308 0.945105 -0.001733
v 0.089156 0.953488 -0.001733
v 0.114308 0.945105 -0.001733
v 0.114308 0.934738 -0.016605
v 0.089156 0.940666 -0.020129
v 0.089156 0.953488 -0.001733
v 0.117896 0.952513 -0.019574
v 0.117896 0.934672 -0.026964
v 0.090775 0.934672 -0.032940
v 0.090775 0.956738 -0.023799
v 0.117896 0.916831 -0.019574
v 0.090775 0.912605 -0.023799
v 0.117896 0.909441 -0.001733
v 0.090775 0.903465 -0.001733
v 0.117896 0.916831 0.016108
v 0.090775 0.912605 0.020333
v 0.117896 0.934672 0.023498
v 0.090775 0.934672 0.029474
v 0.117896 0.952513 0.016108
v 0.090775 0.956738 0.020333
v 0.117896 0.959903 -0.001733
v 0.090775 0.965879 -0.001733
v 0.117896 0.952513 -0.019574
v 0.090775 0.956738 -0.023799
v 0.045097 0.754555 -0.031495
v 0.022042 0.754555 -0.054550
v 0.022365 0.771226 -0.055111
v 0.045658 0.771226 -0.031818
v 0.022042 0.754555 -0.054550
v -0.009453 0.754555 -0.062989
v -0.009453 0.771226 -0.063636
v 0.022365 0.771226 -0.055111
v -0.009453 0.754555 -0.062989
v -0.040947 0.754555 -0.054550
v -0.041271 0.771226 -0.055111
v -0.009453 0.771226 -0.063636
v -0.040947 0.754555 -0.054550
v -0.064003 0.754555 -0.031495
v -0.064564 0.771226 -0.031818
v -0.041271 0.771226 -0.055111
v -0.064003 0.754555 -0.031495
v -0.072442 0.754555 0.000000
v -0.073089 0.771226 0.000000
v -0.064564 0.771226 -0.031818
v -0.072442 0.754555 0.000000
v -0.064003 0.754555 0.031495
v -0.064564 0.771226 0.031818
v -0.073089 0.771226 0.000000
v -0.064003 0.754555 0.031495
v -0.040947 0.754555 0.054550
v -0.041271 0.771226 0.055111
v -0.064564 0.771226 0.031818
v -0.040947 0.754555 0.054550
v -0.009453 0.754555 0.062989
v -0.009453 0.771226 0.063636
v -0.041271 0.771226 0.055111
v -0.009453 0.754555 0.062989
v 0.022042 0.754555 0.054550
v 0.022365 0.771226 0.055111
v -0.009453 0.771226 0.063636
v 0.022042 0.754555 0.054550
v 0.045097 0.754555 0.031495
v 0.045658 0.771226 0.031818
v 0.022365 0.771226 0.055111
v 0.045097 0.754555 0.031495
v 0.053536 0.754555 0.000000
v 0.054184 0.771226 0.000000
v 0.045658 0.771226 0.031818
v 0.053536 0.754555 0.000000
v 0.045097 0.754555 -0.031495
v 0.045658 0.771226 -0.031818
v 0.054184 0.771226 0.000000
v 0.023506 0.619873 -0.019029
v 0.009576 0.619873 -0.032959
v 0.020478 0.758346 -0.051842
v 0.042389 0.758346 -0.029931
v 0.009576 0.619873 -0.032959
v -0.009453 0.619873 -0.038057
v -0.009453 0.758346 -0.059862
v 0.020478 0.758346 -0.051842
v -0.009453 0.619873 -0.038057
v -0.028481 0.619873 -0.032959
v -0.039384 0.758346 -0.051842
v -0.009453 0.758346 -0.059862
v -0.028481 0.619873 -0.032959
v -0.042411 0.619873 -0.019029
v -0.061295 0.758346 -0.029931
v -0.039384 0.758346 -0.051842
v -0.042411 0.619873 -0.019029
v -0.047510 0.619873 0.000000
v -0.069315 0.758346 0.000000
v -0.061295 0.758346 -0.029931
v -0.047510 0.619873 0.000000
v -0.042411 0.619873 0.019029
v -0.061295 0.758346 0.029931
v -0.069315 0.758346 0.000000
v -0.042411 0.619873 0.019029
v -0.028481 0.619873 0.032959
v -0.039384 0.758346 0.051842
v -0.061295 0.758346 0.029931
v -0.028481 0.619873 0.032959
v -0.009453 0.619873 0.038057
v -0.009453 0.758346 0.059862
v -0.039384 0.758346 0.051842
v -0.009453 0.619873 0.038057
v 0.009576 0.619873 0.032959
v 0.020478 0.758346 0.051842
v -0.009453 0.758346 0.059862
v 0.009576 0.619873 0.032959
v 0.023506 0.619873 0.019029
v 0.042389 0.758346 0.029931
v 0.020478 0.758346 0.051842
v 0.023506 0.619873 0.019029
v 0.028605 0.619873 0.000000
v 0.050409 0.758346 0.000000
v 0.042389 0.758346 0.029931
v 0.028605 0.619873 0.000000
v 0.023506 0.619873 -0.019029
v 0.042389 0.758346 -0.029931
v 0.050409 0.758346 0.000000
v 0.027932 0.611283 -0.021584
v 0.012131 0.611283 -0.037385
v 0.012131 0.628463 -0.037385
v 0.027932 0.628463 -0.021584
v -0.009453 0.611283 -0.043168
v -0.009453 0.628463 -0.043168
v -0.031037 0.611283 -0.037385
v -0.031037 0.628463 -0.037385
v -0.046837 0.611283 -0.021584
v -0.046837 0.628463 -0.021584
v -0.052621 0.611283 0.000000
v -0.052621 0.628463 0.000000
v -0.046837 0.611283 0.021584
v -0.046837 0.628463 0.021584
v -0.031037 0.611283 0.037385
v -0.031037 0.628463 0.037385
v -0.009453 0.611283 0.043168
v -0.009453 0.628463 0.043168
v 0.012131 0.611283 0.037385
v 0.012131 0.628463 0.037385
v 0.027932 0.611283 0.021584
v 0.027932 0.628463 0.021584
v 0.033715 0.611283 0.000000
v 0.033715 0.628463 0.000000
v 0.027932 0.611283 -0.021584
v 0.027932 0.628463 -0.021584
v -0.099385 0.752211 0.075358
v 0.019095 0.752211 0.106034
v 0.007098 0.770870 0.100668
v -0.096653 0.770870 0.073979
v -0.113737 0.752211 0.000000
v -0.099385 0.752211 0.075358
v -0.096653 0.770870 0.073979
v -0.113266 0.770870 0.000000
v 0.019095 0.752211 -0.106034
v -0.099385 0.752211 -0.075358
v -0.096653 0.770870 -0.073979
v 0.007098 0.770870 -0.100668
v 0.073677 0.770870 0.079001
v 0.074537 0.752211 0.080474
v 0.099922 0.752211 0.000000
v 0.098459 0.770870 0.000000
v 0.074537 0.752211 -0.080474
v 0.073677 0.770870 -0.079001
v 0.074537 0.752211 0.080474
v 0.073677 0.770870 0.079001
v -0.099385 0.752211 -0.075358
v -0.096653 0.770870 -0.073979
v 0.074537 0.752211 -0.080474
v 0.073677 0.770870 -0.079001
v -0.013809 0.965206 0.088075
v -0.011261 0.966507 0.088541
v -0.015565 0.969240 0.104435
v -0.018113 0.967939 0.103968
v -0.009278 0.968340 0.088763
v -0.013582 0.971073 0.104656
v -0.008055 0.970525 0.088718
v -0.012359 0.973259 0.104611
v -0.007712 0.972850 0.088411
v -0.012016 0.975583 0.104304
v -0.008283 0.975085 0.087872
v -0.012587 0.977819 0.103765
v -0.009711 0.977013 0.087154
v -0.014015 0.979746 0.103047
v -0.011856 0.978444 0.086326
v -0.016160 0.981178 0.102220
v -0.014509 0.979239 0.085471
v -0.018813 0.981972 0.101365
v -0.017411 0.979319 0.084672
v -0.021715 0.982053 0.100565
v -0.016674 0.964564 0.087409
v -0.013809 0.965206 0.088075
v -0.018113 0.967939 0.103968
v -0.020978 0.967298 0.103303
v -0.021715 0.982053 0.100565
v -0.017411 0.979319 0.084672
v -0.083823 0.972902 0.067791
v -0.088127 0.975636 0.083684
v -0.017411 0.979319 0.084672
v -0.017042 0.971942 0.086041
v -0.083468 0.965523 0.069156
v -0.083823 0.972902 0.067791
v -0.017042 0.971942 0.086041
v -0.016674 0.964564 0.087409
v -0.083112 0.958144 0.070521
v -0.083468 0.965523 0.069156
v -0.016674 0.964564 0.087409
v -0.020978 0.967298 0.103303
v -0.087416 0.960878 0.086415
v -0.083112 0.958144 0.070521
v -0.020978 0.967298 0.103303
v -0.021347 0.974675 0.101934
v -0.087772 0.968257 0.085049
v -0.087416 0.960878 0.086415
v -0.021347 0.974675 0.101934
v -0.021715 0.982053 0.100565
v -0.088127 0.975636 0.083684
v -0.087772 0.968257 0.085049
v -0.086376 0.972329 0.067198
v -0.088624 0.971056 0.066808
v -0.092928 0.973790 0.082701
v -0.090680 0.975063 0.083091
v -0.090370 0.969245 0.066646
v -0.094674 0.971978 0.082540
v -0.091443 0.967073 0.066730
v -0.095747 0.969807 0.082623
v -0.091737 0.964754 0.067049
v -0.096041 0.967487 0.082943
v -0.091223 0.962513 0.067574
v -0.095527 0.965247 0.083467
v -0.089953 0.960571 0.068252
v -0.094257 0.963304 0.084145
v -0.088049 0.959117 0.069017
v -0.092353 0.961850 0.084910
v -0.085700 0.958293 0.069795
v -0.090004 0.961027 0.085688
v -0.083112 0.958144 0.070521
v -0.087416 0.960878 0.086415
v -0.083823 0.972902 0.067791
v -0.086376 0.972329 0.067198
v -0.090680 0.975063 0.083091
v -0.088127 0.975636 0.083684
v -0.022262 0.942662 0.089252
v -0.019951 0.943938 0.089462
v -0.022933 0.946671 0.105655
v -0.025244 0.945396 0.105445
v -0.018169 0.945750 0.089484
v -0.021150 0.948484 0.105678
v -0.017090 0.947923 0.089316
v -0.020072 0.950657 0.105510
v -0.016820 0.950243 0.088974
v -0.019802 0.952977 0.105168
v -0.017386 0.952483 0.088492
v -0.020368 0.955216 0.104685
v -0.018732 0.954423 0.087916
v -0.021714 0.957157 0.104110
v -0.020727 0.955875 0.087304
v -0.023709 0.958609 0.103498
v -0.023174 0.956695 0.086715
v -0.026156 0.959429 0.102908
v -0.025835 0.956804 0.086206
v -0.028817 0.959538 0.102400
v -0.024876 0.942049 0.088874
v -0.022262 0.942662 0.089252
v -0.025244 0.945396 0.105445
v -0.027858 0.944783 0.105068
v -0.028817 0.959538 0.102400
v -0.025835 0.956804 0.086206
v -0.086591 0.951039 0.075992
v -0.089573 0.953772 0.092186
v -0.025835 0.956804 0.086206
v -0.025356 0.949426 0.087540
v -0.086123 0.943660 0.077324
v -0.086591 0.951039 0.075992
v -0.025356 0.949426 0.087540
v -0.024876 0.942049 0.088874
v -0.085655 0.936281 0.078656
v -0.086123 0.943660 0.077324
v -0.024876 0.942049 0.088874
v -0.027858 0.944783 0.105068
v -0.088637 0.939015 0.094850
v -0.085655 0.936281 0.078656
v -0.027858 0.944783 0.105068
v -0.028338 0.952160 0.103734
v -0.089105 0.946394 0.093518
v -0.088637 0.939015 0.094850
v -0.028338 0.952160 0.103734
v -0.028817 0.959538 0.102400
v -0.089573 0.953772 0.092186
v -0.089105 0.946394 0.093518
v -0.088920 0.950491 0.075656
v -0.090957 0.949240 0.075492
v -0.093939 0.951974 0.091686
v -0.091902 0.953224 0.091850
v -0.092523 0.947447 0.075506
v -0.095504 0.950181 0.091700
v -0.093464 0.945287 0.075698
v -0.096446 0.948021 0.091892
v -0.093688 0.942972 0.076047
v -0.096670 0.945705 0.092241
v -0.093175 0.940727 0.076521
v -0.096156 0.943461 0.092714
v -0.091972 0.938773 0.077072
v -0.094954 0.941507 0.093266
v -0.090200 0.937301 0.077647
v -0.093182 0.940035 0.093841
v -0.088030 0.936456 0.078189
v -0.091012 0.939189 0.094383
v -0.085655 0.936281 0.078656
v -0.088637 0.939015 0.094850
v -0.086591 0.951039 0.075992
v -0.088920 0.950491 0.075656
v -0.091902 0.953224 0.091850
v -0.089573 0.953772 0.092186
v -0.034901 0.920019 0.090345
v -0.032970 0.921258 0.090457
v -0.035667 0.923992 0.106700
v -0.037598 0.922753 0.106588
v -0.031493 0.923042 0.090402
v -0.034189 0.925776 0.106645
v -0.030613 0.925196 0.090185
v -0.033309 0.927929 0.106429
v -0.030417 0.927509 0.089829
v -0.033113 0.930243 0.106072
v -0.030924 0.929755 0.089366
v -0.033620 0.932489 0.105610
v -0.032084 0.931715 0.088844
v -0.034781 0.934448 0.105087
v -0.033785 0.933195 0.088313
v -0.036481 0.935929 0.104556
v -0.035859 0.934052 0.087824
v -0.038555 0.936786 0.104067
v -0.038103 0.934201 0.087426
v -0.040799 0.936935 0.103670
v -0.037096 0.919446 0.090076
v -0.034901 0.920019 0.090345
v -0.037598 0.922753 0.106588
v -0.039793 0.922180 0.106320
v -0.040799 0.936935 0.103670
v -0.038103 0.934201 0.087426
v -0.089232 0.929370 0.079751
v -0.091929 0.932104 0.095995
v -0.038103 0.934201 0.087426
v -0.037600 0.926824 0.088751
v -0.088739 0.921991 0.081075
v -0.089232 0.929370 0.079751
v -0.037600 0.926824 0.088751
v -0.037096 0.919446 0.090076
v -0.088245 0.914613 0.082399
v -0.088739 0.921991 0.081075
v -0.037096 0.919446 0.090076
v -0.039793 0.922180 0.106320
v -0.090942 0.917347 0.098642
v -0.088245 0.914613 0.082399
v -0.039793 0.922180 0.106320
v -0.040296 0.929558 0.104995
v -0.091435 0.924725 0.097318
v -0.090942 0.917347 0.098642
v -0.040296 0.929558 0.104995
v -0.040799 0.936935 0.103670
v -0.091929 0.932104 0.095995
v -0.091435 0.924725 0.097318
v -0.091188 0.928858 0.079513
v -0.092887 0.927640 0.079436
v -0.095584 0.930374 0.095679
v -0.093884 0.931592 0.095756
v -0.094183 0.925873 0.079518
v -0.096880 0.928607 0.095761
v -0.094947 0.923729 0.079752
v -0.097644 0.926463 0.095995
v -0.095106 0.921419 0.080114
v -0.097802 0.924153 0.096358
v -0.094642 0.919169 0.080570
v -0.097339 0.921903 0.096813
v -0.093603 0.917199 0.081074
v -0.096300 0.919933 0.097317
v -0.092089 0.915702 0.081577
v -0.094786 0.918435 0.097821
v -0.090249 0.914824 0.082030
v -0.092946 0.917557 0.098274
v -0.088245 0.914613 0.082399
v -0.090942 0.917347 0.098642
v -0.089232 0.929370 0.079751
v -0.091188 0.928858 0.079513
v -0.093884 0.931592 0.095756
v -0.091929 0.932104 0.095995
v -0.008947 0.987397 0.080359
v -0.006395 0.988699 0.080806
v -0.010577 0.991432 0.096731
v -0.013130 0.990131 0.096285
v -0.004411 0.990532 0.081012
v -0.008593 0.993265 0.096938
v -0.003188 0.992717 0.080958
v -0.007371 0.995451 0.096884
v -0.002848 0.995041 0.080648
v -0.007030 0.997775 0.096574
v -0.003422 0.997277 0.080114
v -0.007605 1.000010 0.096040
v -0.004856 0.999204 0.079407
v -0.009038 1.001938 0.095332
v -0.007007 1.000636 0.078596
v -0.011190 1.003369 0.094522
v -0.009667 1.001431 0.077761
v -0.013850 1.004164 0.093687
v -0.012574 1.001511 0.076984
v -0.016757 1.004245 0.092909
v -0.011817 0.986756 0.079715
v -0.008947 0.987397 0.080359
v -0.013130 0.990131 0.096285
v -0.016000 0.989489 0.095641
v -0.016757 1.004245 0.092909
v -0.012574 1.001511 0.076984
v -0.079114 0.995094 0.060611
v -0.083296 0.997827 0.076537
v -0.012574 1.001511 0.076984
v -0.012196 0.994133 0.078349
v -0.078748 0.987715 0.061974
v -0.079114 0.995094 0.060611
v -0.012196 0.994133 0.078349
v -0.011817 0.986756 0.079715
v -0.078382 0.980336 0.063336
v -0.078748 0.987715 0.061974
v -0.011817 0.986756 0.079715
v -0.016000 0.989489 0.095641
v -0.082565 0.983070 0.079262
v -0.078382 0.980336 0.063336
v -0.016000 0.989489 0.095641
v -0.016378 0.996867 0.094275
v -0.082931 0.990449 0.077899
v -0.082565 0.983070 0.079262
v -0.016378 0.996867 0.094275
v -0.016757 1.004245 0.092909
v -0.083296 0.997827 0.076537
v -0.082931 0.990449 0.077899
v -0.081671 0.994521 0.060038
v -0.083923 0.993248 0.059665
v -0.088105 0.995981 0.075591
v -0.085853 0.997254 0.075964
v -0.085670 0.991437 0.059517
v -0.089852 0.994170 0.075443
v -0.086742 0.989265 0.059608
v -0.090924 0.991999 0.075534
v -0.087033 0.986945 0.059930
v -0.091216 0.989679 0.075856
v -0.086516 0.984705 0.060450
v -0.090698 0.987438 0.076376
v -0.085240 0.982762 0.061119
v -0.089422 0.985496 0.077045
v -0.083331 0.981309 0.061870
v -0.087513 0.984042 0.077796
v -0.080975 0.980485 0.062629
v -0.085158 0.983219 0.078555
v -0.078382 0.980336 0.063336
v -0.082565 0.983070 0.079262
v -0.079114 0.995094 0.060611
v -0.081671 0.994521 0.060038
v -0.085853 0.997254 0.075964
v -0.083296 0.997827 0.076537
v -0.049339 0.897699 0.090334
v -0.047928 0.898889 0.090408
v -0.051081 0.901623 0.106569
v -0.052492 0.900433 0.106495
v -0.046859 0.900633 0.090322
v -0.050012 0.903367 0.106483
v -0.046237 0.902762 0.090083
v -0.049389 0.905496 0.106244
v -0.046121 0.905067 0.089716
v -0.049274 0.907800 0.105877
v -0.046525 0.907322 0.089256
v -0.049677 0.910055 0.105417
v -0.047407 0.909306 0.088748
v -0.050560 0.912040 0.104909
v -0.048682 0.910826 0.088242
v -0.051835 0.913560 0.104403
v -0.050226 0.911732 0.087787
v -0.053378 0.914466 0.103948
v -0.051886 0.911936 0.087429
v -0.055039 0.914670 0.103590
v -0.050954 0.897181 0.090107
v -0.049339 0.897699 0.090334
v -0.052492 0.900433 0.106495
v -0.054107 0.899915 0.106268
v -0.055039 0.914670 0.103590
v -0.051886 0.911936 0.087429
v -0.089602 0.908367 0.080675
v -0.092755 0.911101 0.096836
v -0.051886 0.911936 0.087429
v -0.051420 0.904559 0.088768
v -0.089143 0.900989 0.082012
v -0.089602 0.908367 0.080675
v -0.051420 0.904559 0.088768
v -0.050954 0.897181 0.090107
v -0.088684 0.893610 0.083350
v -0.089143 0.900989 0.082012
v -0.050954 0.897181 0.090107
v -0.054107 0.899915 0.106268
v -0.091837 0.896344 0.099511
v -0.088684 0.893610 0.083350
v -0.054107 0.899915 0.106268
v -0.054573 0.907293 0.104929
v -0.092296 0.903722 0.098174
v -0.091837 0.896344 0.099511
v -0.054573 0.907293 0.104929
v -0.055039 0.914670 0.103590
v -0.092755 0.911101 0.096836
v -0.092296 0.903722 0.098174
v -0.091040 0.907904 0.080472
v -0.092280 0.906729 0.080429
v -0.095433 0.909463 0.096590
v -0.094193 0.910638 0.096634
v -0.093215 0.904997 0.080540
v -0.096368 0.907731 0.096701
v -0.093752 0.902876 0.080794
v -0.096905 0.905609 0.096955
v -0.093840 0.900574 0.081166
v -0.096993 0.903307 0.097327
v -0.093469 0.898316 0.081620
v -0.096622 0.901049 0.097781
v -0.092676 0.896323 0.082112
v -0.095829 0.899057 0.098274
v -0.091538 0.894791 0.082593
v -0.094691 0.897525 0.098755
v -0.090167 0.893870 0.083017
v -0.093320 0.896603 0.099178
v -0.088684 0.893610 0.083350
v -0.091837 0.896344 0.099511
v -0.089602 0.908367 0.080675
v -0.091040 0.907904 0.080472
v -0.094193 0.910638 0.096634
v -0.092755 0.911101 0.096836
v 0.035443 0.210286 0.131986
v 0.035435 0.210291 0.106423
v 0.040210 0.234604 0.106423
v 0.040219 0.234604 0.131986
v -0.004301 0.183593 0.131986
v -0.004301 0.183602 0.106423
v 0.019142 0.191623 0.106423
v 0.019148 0.191615 0.131986
v 0.031638 0.213281 0.137280
v 0.035443 0.210286 0.131986
v 0.040219 0.234604 0.131986
v 0.033828 0.234170 0.138095
v 0.032189 0.258047 0.106423
v 0.032197 0.258053 0.131986
v -0.028619 0.188369 0.131986
v -0.028614 0.188378 0.106423
v 0.028832 0.254571 0.137280
v 0.032197 0.258053 0.131986
v -0.004301 0.183593 0.131986
v -0.004735 0.189984 0.138095
v -0.028619 0.188369 0.131986
v 0.013526 0.274348 0.131986
v 0.013521 0.274339 0.106423
v -0.010792 0.279115 0.106423
v -0.010792 0.279124 0.131986
v -0.047282 0.204670 0.106423
v -0.047290 0.204664 0.131986
v -0.055312 0.228113 0.131986
v -0.055303 0.228113 0.106423
v -0.034235 0.271094 0.106423
v -0.034241 0.271102 0.131986
v -0.050536 0.252431 0.131986
v -0.050527 0.252426 0.106423
v -0.010358 0.272732 0.138095
v -0.010792 0.279124 0.131986
v -0.034241 0.271102 0.131986
v 0.020151 0.197827 0.135630
v 0.028987 0.207978 0.135649
v 0.020412 0.218379 0.135633
v 0.010169 0.209935 0.135612
v -0.000114 0.201489 0.140447
v 0.007022 0.192863 0.137625
v 0.008471 0.191126 0.135606
v -0.000074 0.201492 0.135591
v 0.020372 0.218376 0.140497
v 0.015642 0.223076 0.142017
v 0.015694 0.223080 0.135625
v 0.020412 0.218379 0.135633
v -0.003844 0.207015 0.142171
v -0.000114 0.201489 0.140447
v -0.000074 0.201492 0.135591
v -0.003789 0.207019 0.135584
v 0.010378 0.226490 0.142590
v 0.005090 0.228283 0.143053
v 0.005151 0.228288 0.135604
v 0.010436 0.226494 0.135615
v -0.005923 0.207469 0.142490
v -0.006376 0.214129 0.142938
v -0.004188 0.207864 0.142413
v -0.006198 0.212828 0.142845
v 0.000293 0.228280 0.143391
v 0.000358 0.228285 0.135595
v 0.008881 0.239808 0.142562
v 0.013255 0.244305 0.142022
v 0.013308 0.244309 0.135623
v 0.008939 0.239812 0.135613
v -0.003541 0.226481 0.143554
v -0.006038 0.223062 0.143484
v -0.005973 0.223066 0.135582
v -0.003475 0.226485 0.135587
v 0.004123 0.236886 0.143035
v 0.004184 0.236890 0.135604
v -0.000555 0.235825 0.143393
v -0.000490 0.235829 0.135594
v -0.047290 0.204664 0.131986
v -0.028619 0.188369 0.131986
v 0.022823 0.261799 0.135644
v 0.012503 0.270828 0.135625
v 0.005002 0.255899 0.135608
v 0.016864 0.249940 0.135631
v -0.017150 0.222750 0.142985
v -0.014364 0.226648 0.143390
v -0.014299 0.226653 0.135566
v -0.017088 0.222754 0.135560
v -0.021681 0.219499 0.142507
v -0.021624 0.219503 0.135550
v -0.013597 0.230812 0.143683
v -0.013530 0.230816 0.135568
v -0.007887 0.239507 0.143539
v -0.004693 0.236728 0.143577
v -0.004627 0.236732 0.135586
v -0.007822 0.239512 0.135580
v -0.027515 0.217212 0.142004
v -0.027462 0.217216 0.135538
v -0.014920 0.234833 0.143405
v -0.018208 0.238319 0.143000
v -0.018146 0.238323 0.135560
v -0.014856 0.234838 0.135566
v -0.010314 0.249450 0.142790
v -0.009823 0.243891 0.143171
v -0.009761 0.243895 0.135577
v -0.010254 0.249454 0.135577
v -0.034031 0.216119 0.135525
v -0.047848 0.215180 0.135498
v -0.045683 0.215327 0.137567
v -0.034072 0.216116 0.140485
v -0.023137 0.240927 0.142522
v -0.023080 0.240931 0.135550
v -0.051606 0.228229 0.135491
v -0.047848 0.215180 0.135498
v -0.034031 0.216119 0.135525
v -0.034931 0.229362 0.135525
v -0.006860 0.261857 0.135585
v -0.000795 0.273929 0.135599
v -0.001861 0.271842 0.137764
v -0.006902 0.261855 0.140650
v -0.029227 0.242403 0.142019
v -0.029174 0.242407 0.135538
v -0.001861 0.271842 0.137764
v -0.009213 0.255891 0.142328
v -0.006902 0.261855 0.140650
v -0.035872 0.242603 0.140507
v -0.047530 0.241811 0.137578
v -0.049707 0.241663 0.135497
v -0.035831 0.242606 0.135525
v -0.034235 0.271094 0.106423
v -0.034241 0.271102 0.131986
v -0.034241 0.271102 0.131986
v -0.050536 0.252431 0.131986
v -0.002980 0.959956 0.098559
v 0.014159 0.964260 0.096112
v 0.026390 0.947710 0.098218
v 0.028467 0.928553 0.100602
v 0.028092 0.927170 0.113536
v 0.025667 0.946537 0.109230
v 0.012949 0.963382 0.104445
v -0.003704 0.958784 0.109570
v 0.027210 0.264283 -0.133058
v 0.030087 0.248539 -0.138638
v 0.031663 0.250031 -0.136569
v 0.024613 0.261637 -0.136563
v 0.024541 0.261755 -0.136563
v 0.013447 0.269344 -0.136569
v 0.011864 0.267844 -0.138649
v 0.003589 0.184795 -0.133058
v 0.003510 0.188121 -0.136694
v 0.011184 0.192315 -0.136678
v 0.010889 0.194558 -0.138696
v -0.050123 0.244737 -0.136694
v -0.053439 0.244995 -0.133058
v -0.043427 0.255243 -0.136670
v -0.015111 0.188649 -0.136721
v -0.015306 0.190144 -0.138351
v -0.015948 0.194896 -0.140029
v -0.016919 0.202031 -0.141568
v -0.017208 0.208658 -0.136696
v -0.017170 0.208694 -0.143088
v -0.017137 0.208886 -0.143137
v 0.005123 0.217768 -0.136651
v 0.005166 0.217809 -0.143917
v 0.007455 0.212967 -0.143484
v 0.001566 0.222068 -0.136651
v 0.001612 0.222112 -0.144280
v 0.004330 0.218821 -0.144009
v 0.000652 0.222704 -0.144368
v -0.031856 0.224962 -0.143034
v -0.037723 0.226029 -0.141751
v -0.037753 0.226000 -0.136702
v -0.037723 0.226029 -0.141751
v -0.041981 0.227242 -0.140868
v -0.049028 0.229242 -0.138351
v -0.050511 0.229655 -0.136716
v -0.037753 0.226000 -0.136702
v -0.007546 0.231358 -0.145169
v 0.000652 0.222704 -0.144368
v -0.002467 0.224627 -0.144556
v -0.006674 0.225108 -0.144626
v -0.010596 0.223507 -0.144463
v -0.013848 0.219982 -0.144124
v -0.016114 0.214878 -0.143661
v -0.017137 0.208886 -0.143137
v -0.024929 0.214891 -0.143561
v -0.015569 0.229244 -0.144465
v -0.013428 0.232899 -0.144649
v -0.013308 0.237131 -0.144610
v -0.013556 0.237702 -0.144582
v -0.031856 0.224962 -0.143034
v -0.031164 0.224835 -0.143093
v -0.024893 0.225004 -0.143633
v -0.019519 0.226523 -0.144106
v -0.003112 0.235559 -0.144759
v 0.021638 0.240535 -0.141557
v 0.017215 0.237098 -0.143000
v 0.016388 0.236456 -0.143075
v 0.016350 0.236420 -0.136609
v -0.013556 0.237702 -0.144582
v 0.017215 0.237098 -0.143000
v 0.021638 0.240535 -0.141557
v -0.024246 0.249072 -0.136651
v -0.024206 0.249111 -0.143451
v -0.023833 0.248865 -0.143551
v -0.030409 0.251551 -0.141722
v -0.024457 0.249210 -0.143399
v -0.024206 0.249111 -0.143451
v -0.024246 0.249072 -0.136651
v -0.000262 0.255608 -0.143011
v 0.003381 0.259808 -0.141579
v 0.003351 0.259780 -0.136596
v 0.003351 0.259780 -0.136596
v 0.013447 0.269344 -0.136569
v 0.024541 0.261755 -0.136563
v 0.003381 0.259808 -0.141579
v -0.000262 0.255608 -0.143011
v 0.009353 0.205624 -0.136662
v 0.011184 0.192315 -0.136678
v 0.003510 0.188121 -0.136694
v 0.009382 0.205651 -0.141518
v 0.007845 0.212139 -0.143242
v -0.037652 0.202839 -0.139166
v -0.037723 0.226029 -0.141751
v 0.001612 0.222112 -0.144280
v -0.003112 0.235559 -0.144759
v -0.003044 0.235437 -0.144754
v 0.000537 0.233180 -0.144461
v 0.005292 0.232587 -0.144056
v 0.010754 0.233716 -0.143579
v 0.016388 0.236456 -0.143075
v -0.050123 0.244737 -0.136694
v -0.043427 0.255243 -0.136670
v -0.030439 0.251522 -0.136656
v -0.015219 0.241526 -0.144242
v -0.018974 0.245654 -0.143861
v -0.023833 0.248865 -0.143551
v -0.000976 0.254786 -0.143090
v -0.004017 0.249308 -0.143594
v -0.005440 0.243915 -0.144071
v -0.005104 0.239136 -0.144476
v -0.024206 0.249111 -0.143451
v 0.003510 0.188121 -0.136694
v 0.003589 0.184795 -0.133058
v -0.015306 0.190144 -0.138351
v -0.015111 0.188649 -0.136721
v -0.001659 0.188267 -0.136702
v -0.017170 0.208694 -0.143088
v -0.016919 0.202031 -0.141568
v -0.053439 0.244995 -0.133058
v -0.050123 0.244737 -0.136694
v -0.050158 0.243363 -0.136696
v -0.050511 0.229655 -0.136716
v -0.049028 0.229242 -0.138351
v -0.083273 0.997827 -0.087394
v -0.082767 0.990449 -0.088711
v -0.082261 0.983070 -0.090028
v -0.079768 0.980336 -0.073752
v -0.080275 0.987715 -0.072435
v -0.080781 0.995094 -0.071118
v -0.082261 0.983070 -0.090028
v -0.082767 0.990449 -0.088711
v -0.083273 0.997827 -0.087394
v -0.080781 0.995094 -0.071118
v -0.080275 0.987715 -0.072435
v -0.079768 0.980336 -0.073752
v -0.088118 0.975636 -0.091250
v -0.087612 0.968257 -0.092567
v -0.087105 0.960878 -0.093883
v -0.084613 0.958144 -0.077607
v -0.085119 0.965523 -0.076290
v -0.085626 0.972902 -0.074974
v -0.087105 0.960878 -0.093883
v -0.087612 0.968257 -0.092567
v -0.088118 0.975636 -0.091250
v -0.085626 0.972902 -0.074974
v -0.085119 0.965523 -0.076290
v -0.084613 0.958144 -0.077607
v -0.089510 0.953772 -0.097365
v -0.089002 0.946394 -0.098682
v -0.088494 0.939015 -0.099999
v -0.086001 0.936281 -0.083723
v -0.086509 0.943660 -0.082406
v -0.087017 0.951039 -0.081089
v -0.088494 0.939015 -0.099999
v -0.089002 0.946394 -0.098682
v -0.089510 0.953772 -0.097365
v -0.087017 0.951039 -0.081089
v -0.086509 0.943660 -0.082406
v -0.086001 0.936281 -0.083723
v -0.091890 0.932104 -0.101336
v -0.091380 0.924725 -0.102653
v -0.090870 0.917347 -0.103970
v -0.088377 0.914613 -0.087694
v -0.088887 0.921991 -0.086376
v -0.089397 0.929370 -0.085059
v -0.090870 0.917347 -0.103970
v -0.091380 0.924725 -0.102653
v -0.091890 0.932104 -0.101336
v -0.089397 0.929370 -0.085059
v -0.088887 0.921991 -0.086376
v -0.088377 0.914613 -0.087694
v -0.092601 0.911101 -0.105479
v -0.092088 0.903722 -0.106797
v -0.091575 0.896344 -0.108115
v -0.089083 0.893610 -0.091838
v -0.089596 0.900989 -0.090521
v -0.090109 0.908367 -0.089203
v -0.091575 0.896344 -0.108115
v -0.092088 0.903722 -0.106797
v -0.092601 0.911101 -0.105479
v -0.090109 0.908367 -0.089203
v -0.089596 0.900989 -0.090521
v -0.089083 0.893610 -0.091838
v -0.002980 0.959956 -0.100673
v 0.028467 0.928553 -0.102716
v 0.026390 0.947710 -0.100333
v 0.014159 0.964260 -0.098227
v -0.003704 0.958784 -0.111685
v 0.012949 0.963382 -0.106559
v 0.025667 0.946537 -0.111344
v 0.028092 0.927170 -0.115651
v 0.019095 0.752211 0.106034
v -0.099385 0.752211 0.075358
v -0.113737 0.752211 0.000000
v -0.099385 0.752211 -0.075358
v 0.019095 0.752211 -0.106034
v 0.074537 0.752211 -0.080474
v 0.099922 0.752211 0.000000
v 0.074537 0.752211 0.080474
v 0.007098 0.770870 -0.100668
v -0.096653 0.770870 -0.073979
v -0.113266 0.770870 0.000000
v -0.096653 0.770870 0.073979
v 0.007098 0.770870 0.100668
v 0.073677 0.770870 0.079001
v 0.098459 0.770870 0.000000
v 0.073677 0.770870 -0.079001
v -0.088127 0.975636 0.083684
v -0.083823 0.972902 0.067791
v -0.083468 0.965523 0.069156
v -0.083112 0.958144 0.070521
v -0.087416 0.960878 0.086415
v -0.087772 0.968257 0.085049
v -0.087416 0.960878 0.086415
v -0.083112 0.958144 0.070521
v -0.083468 0.965523 0.069156
v -0.083823 0.972902 0.067791
v -0.088127 0.975636 0.083684
v -0.087772 0.968257 0.085049
v -0.089573 0.953772 0.092186
v -0.086591 0.951039 0.075992
v -0.086123 0.943660 0.077324
v -0.085655 0.936281 0.078656
v -0.088637 0.939015 0.094850
v -0.089105 0.946394 0.093518
v -0.088637 0.939015 0.094850
v -0.085655 0.936281 0.078656
v -0.086123 0.943660 0.077324
v -0.086591 0.951039 0.075992
v -0.089573 0.953772 0.092186
v -0.089105 0.946394 0.093518
v -0.091929 0.932104 0.095995
v -0.089232 0.929370 0.079751
v -0.088739 0.921991 0.081075
v -0.088245 0.914613 0.082399
v -0.090942 0.917347 0.098642
v -0.091435 0.924725 0.097318
v -0.090942 0.917347 0.098642
v -0.088245 0.914613 0.082399
v -0.088739 0.921991 0.081075
v -0.089232 0.929370 0.079751
v -0.091929 0.932104 0.095995
v -0.091435 0.924725 0.097318
v -0.083296 0.997827 0.076537
v -0.079114 0.995094 0.060611
v -0.078748 0.987715 0.061974
v -0.078382 0.980336 0.063336
v -0.082565 0.983070 0.079262
v -0.082931 0.990449 0.077899
v -0.082565 0.983070 0.079262
v -0.078382 0.980336 0.063336
v -0.078748 0.987715 0.061974
v -0.079114 0.995094 0.060611
v -0.083296 0.997827 0.076537
v -0.082931 0.990449 0.077899
v -0.092755 0.911101 0.096836
v -0.089602 0.908367 0.080675
v -0.089143 0.900989 0.082012
v -0.088684 0.893610 0.083350
v -0.091837 0.896344 0.099511
v -0.092296 0.903722 0.098174
v -0.091837 0.896344 0.099511
v -0.088684 0.893610 0.083350
v -0.089143 0.900989 0.082012
v -0.089602 0.908367 0.080675
v -0.092755 0.911101 0.096836
v -0.092296 0.903722 0.098174
v -0.055312 0.228113 0.131986
v -0.045683 0.215327 0.137567
v -0.047848 0.215180 0.135498
v -0.051606 0.228229 0.135491
v -0.051644 0.228362 0.135491
v -0.049707 0.241663 0.135497
v -0.047530 0.241811 0.137578
v 0.019148 0.191615 0.131986
v 0.016756 0.193927 0.135623
v 0.008471 0.191126 0.135606
v 0.007022 0.192863 0.137625
v 0.011469 0.271734 0.135623
v 0.013526 0.274348 0.131986
v -0.000795 0.273929 0.135599
v 0.028987 0.207978 0.135649
v 0.028019 0.209134 0.137280
v 0.024960 0.212827 0.138958
v 0.020372 0.218376 0.140497
v 0.015694 0.223080 0.135625
v 0.015642 0.223076 0.142017
v 0.015478 0.223182 0.142066
v -0.006138 0.212832 0.135580
v -0.006198 0.212828 0.142845
v -0.004188 0.207864 0.142413
v -0.006890 0.218362 0.135579
v -0.006953 0.218357 0.143209
v -0.006376 0.214129 0.142938
v -0.006738 0.219464 0.143297
v 0.013631 0.244900 0.141963
v 0.016823 0.249937 0.140679
v 0.016864 0.249940 0.135631
v 0.016823 0.249937 0.140679
v 0.018816 0.253890 0.139797
v 0.022121 0.260428 0.137280
v 0.022823 0.261799 0.135644
v 0.016864 0.249940 0.135631
v -0.007546 0.231358 0.144098
v -0.006738 0.219464 0.143297
v -0.006038 0.223062 0.143484
v -0.003541 0.226481 0.143554
v 0.000293 0.228280 0.143391
v 0.005090 0.228283 0.143053
v 0.010378 0.226490 0.142590
v 0.015478 0.223182 0.142066
v 0.016343 0.232982 0.142490
v -0.000555 0.235825 0.143393
v -0.004693 0.236728 0.143577
v -0.007887 0.239507 0.143539
v -0.008139 0.240077 0.143511
v 0.013631 0.244900 0.141963
v 0.013255 0.244305 0.142022
v 0.008881 0.239808 0.142562
v 0.004123 0.236886 0.143035
v -0.013641 0.230944 0.143688
v -0.034072 0.216116 0.140485
v -0.028547 0.217040 0.141928
v -0.027515 0.217212 0.142004
v -0.027462 0.217216 0.135538
v -0.008139 0.240077 0.143511
v -0.028547 0.217040 0.141928
v -0.034072 0.216116 0.140485
v -0.009255 0.255643 0.135579
v -0.009311 0.255639 0.142380
v -0.009383 0.255199 0.142480
v -0.006902 0.261855 0.140650
v -0.009213 0.255891 0.142328
v -0.009311 0.255639 0.142380
v -0.009255 0.255643 0.135579
v -0.030315 0.242436 0.141940
v -0.035872 0.242603 0.140507
v -0.035831 0.242606 0.135525
v -0.035831 0.242606 0.135525
v -0.049707 0.241663 0.135497
v -0.051644 0.228362 0.135491
v -0.035872 0.242603 0.140507
v -0.030315 0.242436 0.141940
v -0.000074 0.201492 0.135591
v 0.008471 0.191126 0.135606
v 0.016756 0.193927 0.135623
v -0.000114 0.201489 0.140447
v -0.003844 0.207015 0.142171
v 0.033828 0.234170 0.138095
v 0.016823 0.249937 0.140679
v -0.006953 0.218357 0.143209
v -0.013641 0.230944 0.143688
v -0.013597 0.230812 0.143683
v -0.014364 0.226648 0.143390
v -0.017150 0.222750 0.142985
v -0.021681 0.219499 0.142507
v -0.027515 0.217212 0.142004
v 0.011469 0.271734 0.135623
v -0.000795 0.273929 0.135599
v -0.006860 0.261857 0.135585
v -0.009823 0.243891 0.143171
v -0.010314 0.249450 0.142790
v -0.009383 0.255199 0.142480
v -0.029227 0.242403 0.142019
v -0.023137 0.240927 0.142522
v -0.018208 0.238319 0.143000
v -0.014920 0.234833 0.143405
v -0.009311 0.255639 0.142380
v 0.016756 0.193927 0.135623
v 0.019148 0.191615 0.131986
v 0.028019 0.209134 0.137280
v 0.028987 0.207978 0.135649
v 0.020151 0.197827 0.135630
v 0.015642 0.223076 0.142017
v 0.020372 0.218376 0.140497
v 0.013526 0.274348 0.131986
v 0.011469 0.271734 0.135623
v 0.012503 0.270828 0.135625
v 0.022823 0.261799 0.135644
v 0.022121 0.260428 0.137280
v 0.000877 0.219335 -0.073848
v 0.007620 0.228279 -0.073848
v -0.006548 0.231946 -0.073848
v -0.010215 0.217778 -0.073848
v -0.019159 0.224521 -0.073848
v -0.020716 0.235613 -0.073848
v -0.013973 0.244557 -0.073848
v -0.002881 0.246114 -0.073848
v 0.006063 0.239371 -0.073848
v 0.007620 0.228279 -0.113962
v 0.000877 0.219335 -0.113962
v -0.006548 0.231946 -0.113962
v -0.010215 0.217778 -0.113962
v -0.019159 0.224521 -0.113962
v -0.020716 0.235613 -0.113962
v -0.013973 0.244557 -0.113962
v -0.002881 0.246114 -0.113962
v 0.006063 0.239371 -0.113962
v 0.010444 0.124315 -0.257376
v 0.011701 0.122181 -0.154759
v -0.001012 0.143772 -0.154759
v 0.059258 0.150181 -0.154759
v 0.061357 0.154290 -0.257376
v 0.049901 0.173748 -0.154759
v 0.011701 0.122181 0.053042
v -0.017221 0.171303 0.053042
v -0.003439 0.176836 0.048655
v 0.023046 0.132254 0.048655
v 0.000302 0.141542 0.162546
v 0.011701 0.122181 0.162546
v 0.010444 0.124315 0.257376
v 0.061357 0.154290 0.257376
v 0.062613 0.152156 0.162546
v 0.051214 0.171517 0.162546
v 0.054914 1.911860 0.000000
v 0.062870 1.911860 0.013781
v 0.070826 1.911860 0.000000
v 0.062870 1.911860 -0.013780
v -0.002225 0.136795 0.156560
v 0.008188 0.119107 0.156561
v 0.007045 0.121048 0.247902
v 0.007244 0.143173 0.160704
v 0.016751 0.127026 0.254459
v 0.017929 0.125026 0.160704
v 0.017929 0.125026 -0.153005
v 0.016751 0.127026 -0.254459
v 0.006013 0.145264 -0.153005
v 0.007045 0.121048 -0.247902
v 0.008184 0.119115 -0.149058
v -0.003488 0.138939 -0.149057
v 0.001949 0.998092 0.096648
v -0.004108 1.028709 0.041030
v -0.049581 1.028448 0.055498
v 0.081703 0.875629 -0.100627
v 0.109957 0.872082 -0.001000
v 0.081297 0.858876 -0.099224
v 0.081297 0.858876 0.097224
v 0.081703 0.875629 0.098627
v -0.088657 1.026093 -0.052026
v -0.076972 0.998092 -0.084600
v -0.099113 0.952169 -0.088057
v -0.049581 1.028448 0.055498
v -0.079879 1.057202 0.039370
v -0.088657 1.026093 0.050026
v 0.081059 1.055087 0.026508
v 0.036270 1.055087 0.037602
v 0.088835 0.982848 0.020152
v 0.036270 1.055087 -0.039602
v 0.081059 1.055087 -0.028508
v 0.088835 0.982848 -0.022152
v 0.088678 0.164755 -0.245061
v 0.090225 0.162127 -0.246298
v 0.094515 0.153716 -0.255115
v 0.060241 0.150470 -0.252776
v 0.066495 0.139849 -0.262938
v 0.061738 0.147927 -0.253754
v 0.088678 0.164755 0.245061
v 0.094515 0.153716 0.255115
v 0.090225 0.162127 0.246298
v 0.060241 0.150470 0.252776
v 0.061738 0.147927 0.253754
v 0.066495 0.139849 0.262938
v -0.004887 0.201280 0.067435
v 0.005639 0.201922 0.067435
v -0.001649 0.234830 0.067435
v -0.015096 0.203923 0.067435
v -0.023989 0.209591 0.067435
v -0.030695 0.217729 0.067435
v -0.034558 0.227542 0.067435
v -0.035199 0.238068 0.067435
v -0.032557 0.248277 0.067435
v -0.026889 0.257170 0.067435
v -0.018750 0.263876 0.067435
v -0.008938 0.267738 0.067435
v 0.001588 0.268380 0.067435
v 0.011797 0.265738 0.067435
v 0.020690 0.260070 0.067435
v 0.027396 0.251931 0.067435
v 0.031259 0.242119 0.067435
v 0.031900 0.231593 0.067435
v 0.029258 0.221384 0.067435
v 0.023590 0.212491 0.067435
v 0.015451 0.205785 0.067435
v 0.005639 0.201922 -0.067435
v -0.004887 0.201280 -0.067435
v -0.001649 0.234830 -0.067435
v -0.015096 0.203923 -0.067435
v -0.023989 0.209591 -0.067435
v -0.030695 0.217729 -0.067435
v -0.034558 0.227542 -0.067435
v -0.035199 0.238068 -0.067435
v -0.032557 0.248277 -0.067435
v -0.026889 0.257170 -0.067435
v -0.018750 0.263876 -0.067435
v -0.008938 0.267738 -0.067435
v 0.001588 0.268380 -0.067435
v 0.011797 0.265738 -0.067435
v 0.020690 0.260070 -0.067435
v 0.027396 0.251931 -0.067435
v 0.031259 0.242119 -0.067435
v 0.031900 0.231593 -0.067435
v 0.029258 0.221384 -0.067435
v 0.023590 0.212491 -0.067435
v 0.015451 0.205785 -0.067435
v -0.004413 0.217016 0.072777
v -0.015560 0.218119 0.072777
v -0.008655 0.231023 0.072777
v 0.004248 0.224118 0.072777
v 0.005351 0.235265 0.072777
v -0.001751 0.243926 0.072777
v -0.012897 0.245029 0.072777
v -0.021559 0.237927 0.072777
v -0.022662 0.226781 0.072777
v -0.015560 0.218119 0.112891
v -0.004413 0.217016 0.112891
v -0.008655 0.231023 0.112891
v 0.004248 0.224118 0.112891
v 0.005351 0.235265 0.112891
v -0.001751 0.243926 0.112891
v -0.012897 0.245029 0.112891
v -0.021559 0.237927 0.112891
v -0.022662 0.226781 0.112891
v 0.007620 0.228279 -0.073848
v 0.000877 0.219335 -0.073848
v 0.000877 0.219335 -0.113962
v 0.007620 0.228279 -0.113962
v -0.010215 0.217778 -0.073848
v -0.010215 0.217778 -0.113962
v -0.019159 0.224521 -0.073848
v -0.019159 0.224521 -0.113962
v -0.020716 0.235613 -0.073848
v -0.020716 0.235613 -0.113962
v -0.013973 0.244557 -0.073848
v -0.013973 0.244557 -0.113962
v -0.002881 0.246114 -0.073848
v -0.002881 0.246114 -0.113962
v 0.006063 0.239371 -0.073848
v 0.006063 0.239371 -0.113962
v 0.007620 0.228279 -0.073848
v 0.007620 0.228279 -0.113962
v 0.049901 0.173748 -0.154759
v -0.001012 0.143772 -0.154759
v -0.017217 0.171296 -0.075057
v 0.033691 0.201280 -0.075057
v -0.033786 0.268460 -0.073410
v -0.040158 0.231137 -0.068814
v -0.040155 0.231130 0.069228
v -0.033786 0.268454 0.073872
v -0.026378 0.224241 -0.048468
v -0.038082 0.225720 -0.052855
v -0.017217 0.171297 -0.052855
v -0.002895 0.176715 -0.048468
v -0.019532 0.285237 0.080522
v -0.019532 0.285237 -0.080150
v -0.038081 0.225720 0.053042
v -0.038082 0.225720 -0.052855
v -0.026378 0.224241 -0.048468
v -0.024970 0.225826 0.048655
v -0.026378 0.224241 -0.048468
v -0.002895 0.176715 -0.048468
v -0.003439 0.176836 0.048655
v -0.024970 0.225826 0.048655
v 0.056598 0.259736 -0.044318
v 0.002459 0.247885 -0.043207
v 0.010107 0.234903 -0.037109
v 0.070427 0.242936 -0.038220
v 0.010107 0.234903 -0.037109
v 0.002459 0.247885 -0.043207
v 0.002459 0.247886 0.042718
v 0.010063 0.234971 0.036681
v 0.014702 0.227113 -0.022388
v 0.010107 0.234903 -0.037109
v 0.010063 0.234971 0.036681
v 0.014692 0.227108 0.022730
v 0.070427 0.242936 -0.038220
v 0.010107 0.234903 -0.037109
v 0.014702 0.227113 -0.022388
v 0.076155 0.235977 -0.023499
v -0.017221 0.171303 0.053042
v -0.038081 0.225720 0.053042
v -0.024970 0.225826 0.048655
v -0.003439 0.176836 0.048655
v -0.002895 0.176715 -0.048468
v 0.023221 0.132357 -0.048468
v 0.023046 0.132254 0.048655
v -0.003439 0.176836 0.048655
v 0.133902 0.059641 -0.184125
v 0.117308 0.034956 -0.184125
v 0.103466 0.076191 -0.144947
v 0.136938 0.097436 -0.131438
v 0.014692 0.227108 0.022730
v 0.076155 0.235977 0.021619
v 0.010063 0.234971 0.036681
v 0.002459 0.247886 0.042718
v 0.056598 0.259736 0.042439
v 0.070427 0.242936 0.036341
v 0.043650 0.097659 -0.048468
v 0.043650 0.097659 0.048655
v 0.134549 0.029975 -0.154759
v 0.134549 0.029975 0.162546
v 0.037466 0.188286 -0.110219
v 0.103466 0.076191 -0.144947
v 0.102667 0.077549 0.145134
v 0.037486 0.188314 0.110588
v 0.043650 0.097659 0.048655
v 0.033975 0.084348 0.053042
v 0.117308 0.034956 -0.184125
v 0.117308 0.034956 0.184311
v 0.061357 0.154290 -0.257376
v 0.069819 0.139918 -0.271588
v 0.018906 0.109942 -0.271588
v 0.010444 0.124315 -0.257376
v 0.133902 0.059641 0.184311
v 0.136938 0.097436 0.131625
v 0.102667 0.077549 0.145134
v 0.117308 0.034956 0.184311
v 0.008197 0.288035 -0.080242
v -0.019532 0.285237 -0.080150
v -0.019532 0.285237 -0.043385
v 0.008197 0.288035 -0.044318
v 0.042021 0.083215 -0.272668
v 0.067082 0.040329 -0.274211
v 0.078902 0.047288 -0.143698
v 0.053701 0.090092 -0.143698
v 0.083636 0.000000 -0.258718
v 0.074645 0.015271 -0.275000
v 0.125558 0.045246 -0.275000
v 0.134549 0.029975 -0.258718
v 0.045408 0.267427 -0.080242
v 0.008197 0.288035 -0.044318
v 0.045408 0.267427 -0.044318
v -0.019532 0.285237 0.042718
v 0.002459 0.247886 0.042718
v 0.002459 0.247885 -0.043207
v -0.019532 0.285237 -0.043385
v 0.011701 0.122181 -0.052855
v 0.023221 0.132357 -0.048468
v -0.002895 0.176715 -0.048468
v -0.017217 0.171297 -0.052855
v 0.134549 0.029975 -0.154759
v 0.083636 0.000000 -0.154759
v 0.033975 0.084348 -0.052855
v 0.043650 0.097659 -0.048468
v -0.019532 0.285237 0.042718
v -0.019532 0.285237 0.080522
v 0.008197 0.288035 0.080430
v 0.008197 0.288035 0.042439
v 0.036542 0.079989 0.000093
v 0.036542 0.079989 -0.143698
v 0.053701 0.090092 -0.143698
v 0.060132 0.093878 0.000093
v 0.008197 0.288035 0.042439
v 0.008197 0.288035 0.080430
v 0.045408 0.267427 0.080430
v 0.045408 0.267427 0.042439
v 0.061743 0.037185 -0.143698
v 0.061743 0.037185 0.000093
v 0.085333 0.051075 0.000093
v 0.078902 0.047288 -0.143698
v 0.033975 0.084348 -0.052855
v 0.033975 0.084348 0.053042
v 0.043650 0.097659 0.048655
v 0.043650 0.097659 -0.048468
v 0.110537 0.188307 0.091712
v 0.110537 0.188307 -0.091525
v 0.089703 0.213617 -0.087916
v 0.089703 0.213617 0.088103
v 0.000302 0.141542 0.162546
v 0.051214 0.171517 0.162546
v 0.033691 0.201280 0.075057
v -0.017221 0.171304 0.075057
v 0.036542 0.079989 0.143886
v 0.053701 0.090092 0.143886
v 0.136938 0.097436 0.131625
v 0.136938 0.097436 -0.131438
v 0.134549 0.029975 0.162546
v 0.083636 0.000000 0.162546
v 0.061743 0.037185 0.143886
v 0.078902 0.047288 0.143886
v 0.117308 0.034956 -0.184125
v 0.133902 0.059641 -0.184125
v 0.133902 0.059641 0.184311
v 0.117308 0.034956 0.184311
v 0.133902 0.059641 -0.184125
v 0.133902 0.059641 0.184311
v 0.010444 0.124315 0.257376
v 0.061357 0.154290 0.257376
v 0.067099 0.040339 0.274210
v 0.042038 0.083225 0.272668
v 0.053701 0.090092 0.143886
v 0.078902 0.047288 0.143886
v 0.018906 0.109942 0.271588
v 0.069819 0.139918 0.271588
v 0.134549 0.029975 0.258718
v 0.083636 0.000000 0.258718
v 0.074645 0.015271 0.275000
v 0.125558 0.045246 0.275000
v 0.069525 0.037391 -0.271103
v 0.081176 0.017601 -0.271884
v 0.069972 0.014168 -0.264877
v 0.058621 0.033448 -0.264117
v 0.089296 0.003810 -0.255786
v 0.077883 0.000733 -0.249194
v 0.069525 0.037391 -0.153005
v 0.069525 0.037391 -0.271103
v 0.058621 0.033448 -0.264117
v 0.058621 0.033448 -0.149062
v 0.089296 0.003810 -0.153005
v 0.077883 0.000733 -0.149062
v 0.069525 0.037391 -0.142070
v 0.058621 0.033448 -0.138409
v 0.069525 0.037391 0.000092
v 0.058621 0.033448 0.000090
v 0.089296 0.003810 0.160704
v 0.077883 0.000733 0.156563
v 0.069525 0.037391 0.142255
v 0.058621 0.033448 0.138589
v 0.069525 0.037391 0.160704
v 0.058621 0.033448 0.156563
v 0.069525 0.037391 0.271102
v 0.058621 0.033448 0.264117
v 0.089296 0.003810 0.255786
v 0.077883 0.000733 0.249194
v 0.081176 0.017601 0.271883
v 0.069525 0.037391 0.271102
v 0.058621 0.033448 0.264117
v 0.069972 0.014168 0.264877
v 0.062870 1.911860 0.013781
v 0.054914 1.911860 0.000000
v 0.054914 1.275373 0.000000
v 0.062870 1.275373 0.013781
v 0.062870 1.911860 -0.013780
v 0.062870 1.275373 -0.013780
v -0.039420 0.218805 -0.066946
v -0.030238 0.225914 -0.068708
v -0.010360 0.173542 -0.074206
v -0.019755 0.167172 -0.072290
v -0.010361 0.173543 -0.052256
v -0.030762 0.227234 -0.052256
v -0.040002 0.220258 -0.050910
v -0.019756 0.167173 -0.050906
v -0.030762 0.227234 -0.052256
v -0.030761 0.227235 0.052441
v -0.040001 0.220258 0.051090
v -0.040002 0.220258 -0.050910
v -0.030761 0.227235 0.052441
v -0.010364 0.173549 0.052441
v -0.019759 0.167179 0.051087
v -0.040001 0.220258 0.051090
v -0.010365 0.173550 0.074206
v -0.030227 0.225884 0.069075
v -0.039409 0.218776 0.067302
v -0.019760 0.167180 0.072291
v -0.041862 0.225217 0.059944
v -0.032671 0.232326 0.061712
v -0.032674 0.232331 -0.061322
v -0.041865 0.225223 -0.059564
v 0.016751 0.127026 -0.254459
v 0.024683 0.113554 -0.268510
v 0.014773 0.107924 -0.261591
v 0.007045 0.121048 -0.247902
v 0.041213 0.085477 -0.269578
v 0.030877 0.080571 -0.262631
v 0.041213 0.085477 -0.269578
v 0.041213 0.085477 -0.153005
v 0.030877 0.080571 -0.149062
v 0.030877 0.080571 -0.262631
v 0.016751 0.127026 0.254459
v 0.007244 0.143173 0.160704
v -0.002225 0.136795 0.156560
v 0.007045 0.121048 0.247902
v 0.017929 0.125026 -0.052256
v -0.010361 0.173543 -0.052256
v -0.019756 0.167173 -0.050906
v 0.008184 0.119115 -0.050906
v -0.010360 0.173542 -0.074206
v 0.006013 0.145264 -0.153005
v -0.003488 0.138939 -0.149057
v -0.019755 0.167172 -0.072290
v -0.010365 0.173550 0.074206
v -0.019760 0.167180 0.072291
v -0.010364 0.173549 0.052441
v 0.017929 0.125026 0.052441
v 0.008184 0.119115 0.051087
v -0.019759 0.167179 0.051087
v 0.041213 0.085477 0.160704
v 0.041213 0.085477 0.269578
v 0.030877 0.080571 0.262631
v 0.030877 0.080571 0.156563
v 0.041213 0.085477 0.269578
v 0.024683 0.113554 0.268510
v 0.014773 0.107924 0.261591
v 0.030877 0.080571 0.262631
v 0.041213 0.085477 -0.142070
v 0.030877 0.080571 -0.138409
v 0.041213 0.085477 0.000092
v 0.030877 0.080571 0.000090
v 0.041213 0.085477 0.142255
v 0.030877 0.080571 0.138589
v 0.038808 0.089563 0.052441
v 0.028534 0.084551 0.051090
v 0.038808 0.089563 0.052441
v 0.038808 0.089563 -0.052256
v 0.028534 0.084551 -0.050910
v 0.028534 0.084551 0.051090
v 0.038808 0.089563 -0.052256
v 0.028534 0.084551 -0.050910
v 0.006013 0.145264 -0.153005
v 0.016751 0.127026 -0.254459
v 0.007045 0.121048 -0.247902
v -0.003488 0.138939 -0.149057
v -0.031975 0.230488 -0.066300
v -0.041163 0.223379 -0.064543
v -0.031968 0.230473 0.066690
v -0.041156 0.223364 0.064921
v -0.105218 0.784530 0.078861
v 0.018768 0.784530 0.110962
v 0.006786 0.869410 0.113049
v -0.105890 0.869410 0.080344
v -0.120238 0.784530 0.000000
v -0.105218 0.784530 0.078861
v -0.105890 0.869410 0.080344
v -0.123931 0.869410 0.000000
v 0.018768 0.784530 -0.110962
v -0.105218 0.784530 -0.078861
v -0.105890 0.869410 -0.080344
v 0.006786 0.869410 -0.113049
v 0.079094 0.869410 0.085798
v 0.076787 0.784530 0.084214
v 0.103351 0.784530 0.000000
v 0.106007 0.869410 0.000000
v 0.076787 0.784530 -0.084214
v 0.079094 0.869410 -0.085798
v 0.076787 0.784530 0.084214
v 0.079094 0.869410 0.085798
v -0.105218 0.784530 -0.078861
v -0.105890 0.869410 -0.080344
v 0.076787 0.784530 -0.084214
v 0.079094 0.869410 -0.085798
v 0.091507 2.045288 0.020355
v 0.121469 2.086930 0.020355
v 0.087523 2.077841 0.027624
v 0.067669 2.045288 0.027624
v -0.105494 2.237489 -0.031816
v -0.109018 2.242499 0.000005
v -0.081099 2.286554 0.000005
v -0.078525 2.280045 -0.023445
v 0.067669 2.045288 -0.027624
v 0.087523 2.077841 -0.027624
v 0.121469 2.086930 -0.020355
v 0.091507 2.045288 -0.020355
v 0.125944 2.086633 0.000005
v 0.094925 2.043524 0.000005
v 0.091507 2.045288 -0.020355
v 0.121469 2.086930 -0.020355
v 0.050526 1.966779 -0.020355
v 0.052500 1.962248 0.000005
v 0.045569 2.043524 0.000005
v 0.043831 2.045288 -0.020355
v -0.041174 2.220247 0.030844
v 0.023856 2.169455 0.029234
v 0.043886 2.179282 0.021542
v -0.022514 2.241813 0.022728
v 0.043886 2.179282 -0.021542
v 0.023856 2.169455 -0.029234
v -0.041174 2.220247 -0.030844
v -0.022514 2.241813 -0.022728
v 0.003827 2.159627 -0.021542
v 0.004156 2.161893 0.000005
v -0.061748 2.202322 0.000005
v -0.059833 2.198680 -0.022728
v 0.071017 1.966779 0.027624
v 0.091507 1.966779 0.020355
v 0.094926 1.962248 0.000005
v 0.091507 1.966779 -0.020355
v 0.071017 1.966779 -0.027624
v 0.091507 1.966779 -0.020355
v 0.071487 1.929109 0.027624
v 0.091881 1.929109 0.020355
v 0.095313 1.926908 0.000005
v 0.091881 1.929109 -0.020355
v 0.071487 1.929109 -0.027624
v 0.091881 1.929109 -0.020355
v 0.012824 1.932388 -0.013864
v 0.013469 1.926645 0.000005
v 0.012972 1.959892 0.000005
v 0.012343 1.964503 -0.013864
v 0.071588 1.920990 0.027624
v 0.091961 1.920990 0.020355
v 0.095396 1.918504 0.000005
v 0.091961 1.920990 -0.020355
v 0.071588 1.920990 -0.027624
v 0.091961 1.920990 -0.020355
v 0.026202 1.932388 -0.013864
v 0.027319 1.926645 0.000005
v 0.013469 1.926645 0.000005
v 0.012824 1.932388 -0.013864
v 0.026202 1.932388 0.013864
v 0.025722 1.964502 0.013864
v 0.012343 1.964503 0.013864
v 0.012824 1.932388 0.013864
v 0.014049 1.993002 0.000005
v 0.025745 1.993002 0.000005
v 0.024681 1.996486 -0.008123
v 0.013383 1.996486 -0.008123
v 0.025722 1.964502 -0.013864
v 0.026202 1.932388 -0.013864
v 0.012824 1.932388 -0.013864
v 0.012343 1.964503 -0.013864
v 0.055658 2.067814 0.000005
v 0.053576 2.068751 -0.020355
v -0.105494 2.237489 0.031816
v -0.041174 2.220247 0.030844
v -0.022514 2.241813 0.022728
v -0.078525 2.280045 0.023445
v -0.081099 2.286554 0.000005
v -0.023114 2.246974 0.000005
v -0.022514 2.241813 -0.022728
v -0.078525 2.280045 -0.023445
v -0.022514 2.241813 -0.022728
v -0.041174 2.220247 -0.030844
v -0.105494 2.237489 -0.031816
v -0.078525 2.280045 -0.023445
v -0.059833 2.198680 -0.022728
v -0.061748 2.202322 0.000005
v -0.136938 2.198443 0.000005
v -0.132464 2.194934 -0.023445
v 0.087523 2.077841 0.027624
v 0.121469 2.086930 0.020355
v 0.045626 2.182240 0.000005
v 0.125944 2.086633 0.000005
v 0.121469 2.086930 -0.020355
v 0.043886 2.179282 -0.021542
v 0.121469 2.086930 -0.020355
v 0.087523 2.077841 -0.027624
v 0.053576 2.068751 -0.020355
v 0.055658 2.067814 0.000005
v 0.051093 1.932767 -0.020355
v 0.053087 1.923251 0.000005
v 0.051093 1.929109 0.020355
v 0.050526 1.966779 0.020355
v 0.026822 1.959891 0.000005
v 0.052500 1.962248 0.000005
v 0.050526 1.966779 -0.020355
v 0.025722 1.964502 -0.013864
v 0.050526 1.966779 -0.020355
v 0.051093 1.932767 -0.020355
v 0.025745 1.993002 0.000005
v 0.026822 1.959891 0.000005
v 0.025722 1.964502 -0.013864
v 0.024681 1.996486 -0.008123
v 0.025722 1.964502 -0.013864
v 0.012343 1.964503 -0.013864
v 0.013383 1.996486 -0.008123
v 0.024681 1.996486 -0.008123
v 0.012343 1.964503 -0.013864
v 0.012972 1.959892 0.000005
v 0.014049 1.993002 0.000005
v 0.013383 1.996486 -0.008123
v 0.012343 1.964503 0.013864
v 0.025722 1.964502 0.013864
v 0.024681 1.996486 0.008123
v 0.013383 1.996486 0.008123
v 0.071717 1.910639 0.027624
v 0.092064 1.910639 0.020355
v 0.071717 1.910639 -0.027624
v 0.092064 1.910639 -0.020355
v 0.040420 1.920990 -0.006035
v 0.040548 1.912466 -0.005964
v 0.042171 1.906021 -0.000176
v 0.042038 1.914846 -0.000303
v 0.051370 1.914296 -0.020355
v 0.053374 1.904130 0.000005
v 0.053346 1.906021 -0.000176
v 0.051343 1.912466 -0.005964
v 0.051215 1.920990 0.005439
v 0.051343 1.912466 0.005614
v 0.051370 1.910639 0.020355
v 0.051215 1.920990 0.020355
v 0.051215 1.920990 -0.006035
v 0.051215 1.924648 -0.020355
v 0.043235 1.920990 -0.006035
v 0.043363 1.912466 -0.005964
v 0.040548 1.912466 -0.005964
v 0.040420 1.920990 -0.006035
v 0.043363 1.912466 -0.005964
v 0.045085 1.906021 -0.000176
v 0.042171 1.906021 -0.000176
v 0.040548 1.912466 -0.005964
v 0.043363 1.912466 0.005614
v 0.043235 1.920990 0.005439
v 0.040420 1.920990 0.005439
v 0.040548 1.912466 0.005614
v 0.042435 1.920213 -0.000303
v 0.044555 1.920213 -0.000303
v 0.042851 1.926174 -0.003850
v 0.040803 1.926174 -0.003850
v 0.051215 1.920990 -0.006035
v 0.051343 1.912466 -0.005964
v 0.051343 1.912466 -0.005964
v 0.053346 1.906021 -0.000176
v 0.051343 1.912466 0.005614
v 0.051215 1.920990 0.005439
v 0.044952 1.914846 -0.000303
v 0.053213 1.914846 -0.000303
v 0.051215 1.920990 -0.006035
v 0.043235 1.920990 -0.006035
v 0.044555 1.920213 -0.000303
v 0.044952 1.914846 -0.000303
v 0.043235 1.920990 -0.006035
v 0.042851 1.926174 -0.003850
v 0.043235 1.920990 -0.006035
v 0.040420 1.920990 -0.006035
v 0.040803 1.926174 -0.003850
v 0.042851 1.926174 -0.003850
v 0.040420 1.920990 -0.006035
v 0.042038 1.914846 -0.000303
v 0.042435 1.920213 -0.000303
v 0.040803 1.926174 -0.003850
v 0.040420 1.920990 0.005439
v 0.043235 1.920990 0.005439
v 0.042851 1.926174 0.003255
v 0.040803 1.926174 0.003255
v -0.023114 2.246974 0.000005
v -0.022514 2.241813 -0.022728
v 0.051370 1.914296 -0.020355
v 0.071717 1.910639 -0.027624
v 0.074438 1.904130 0.000005
v 0.053374 1.904130 0.000005
v 0.051215 1.924648 -0.020355
v 0.051370 1.914296 -0.020355
v 0.051093 1.932767 -0.020355
v 0.050526 1.966779 -0.020355
v 0.043831 2.045288 -0.020355
v 0.053576 2.068751 -0.020355
v 0.053576 2.068751 -0.020355
v 0.003827 2.159627 -0.021542
v -0.059833 2.198680 -0.022728
v -0.059833 2.198680 -0.022728
v -0.132464 2.194934 -0.023445
v -0.136938 2.198443 0.000005
v -0.132464 2.194934 -0.023445
v -0.059833 2.198680 0.022728
v -0.132464 2.194934 0.023445
v 0.003827 2.159627 0.021542
v -0.059833 2.198680 0.022728
v 0.053576 2.068751 0.020355
v 0.053576 2.068751 0.020355
v 0.043831 2.045288 0.020355
v 0.050526 1.966779 0.020355
v 0.051093 1.929109 0.020355
v 0.051215 1.920990 0.020355
v 0.051370 1.910639 0.020355
v 0.053576 2.068751 0.020355
v 0.003827 2.159627 0.021542
v -0.059833 2.198680 0.022728
v -0.059833 2.198680 0.022728
v -0.132464 2.194934 0.023445
v -0.132464 2.194934 0.023445
v -0.105494 2.237489 0.031816
v -0.078525 2.280045 0.023445
v -0.022514 2.241813 0.022728
v -0.078525 2.280045 0.023445
v 0.043886 2.179282 0.021542
v -0.022514 2.241813 0.022728
v 0.121469 2.086930 0.020355
v 0.091507 2.045288 0.020355
v 0.121469 2.086930 0.020355
v 0.091507 1.966779 0.020355
v 0.091881 1.929109 0.020355
v 0.091961 1.920990 0.020355
v 0.092064 1.910639 0.020355
v 0.095502 1.907788 0.000005
v 0.071717 1.910639 0.027624
v 0.051370 1.910639 0.020355
v 0.051343 1.912466 0.005614
v 0.043363 1.912466 0.005614
v 0.040548 1.912466 0.005614
v 0.040548 1.912466 0.005614
v 0.040420 1.920990 0.005439
v 0.040420 1.920990 0.005439
v 0.040803 1.926174 0.003255
v 0.042851 1.926174 0.003255
v 0.040803 1.926174 0.003255
v 0.043235 1.920990 0.005439
v 0.042851 1.926174 0.003255
v 0.051215 1.920990 0.005439
v 0.043235 1.920990 0.005439
v 0.051093 1.929109 0.020355
v 0.026202 1.932388 0.013864
v 0.012824 1.932388 0.013864
v 0.012824 1.932388 0.013864
v 0.012343 1.964503 0.013864
v 0.012343 1.964503 0.013864
v 0.013383 1.996486 0.008123
v 0.024681 1.996486 0.008123
v 0.013383 1.996486 0.008123
v 0.025722 1.964502 0.013864
v 0.024681 1.996486 0.008123
v 0.050526 1.966779 0.020355
v 0.025722 1.964502 0.013864
v 0.050526 1.966779 0.020355
v 0.043831 2.045288 0.020355
v 0.053576 2.068751 0.020355
v 0.035360 1.287019 -0.001000
v 0.035360 1.287019 0.024765
v 0.035360 1.317643 0.024765
v 0.035360 1.317643 -0.001000
v 0.035360 1.287019 0.024765
v 0.081474 1.287019 0.017379
v 0.081474 1.317643 0.017379
v 0.035360 1.317643 0.024765
v 0.090909 1.287019 0.015348
v 0.090909 1.317643 0.015348
v 0.096419 1.287019 -0.001000
v 0.096419 1.317643 -0.001000
v 0.035360 1.287019 -0.026765
v 0.035360 1.317643 -0.026765
v 0.090909 1.287019 -0.017349
v 0.090909 1.317643 -0.017349
v 0.081474 1.287019 -0.019380
v 0.081474 1.317643 -0.019380
v 0.035360 1.287019 -0.026765
v 0.035360 1.317643 -0.026765
v 0.001949 0.998092 -0.098345
v 0.006815 0.952169 -0.110598
v -0.099113 0.952169 -0.088057
v -0.076972 0.998092 -0.084600
v 0.074576 0.952168 0.087462
v 0.100791 0.952168 -0.001000
v 0.071966 0.998092 -0.001019
v 0.052434 0.998092 0.077566
v 0.008381 0.875628 -0.120442
v -0.106240 0.875628 -0.104105
v -0.118487 0.952169 -0.001000
v -0.127765 0.875628 -0.001000
v -0.105433 0.875631 0.095543
v -0.099113 0.952168 0.086057
v 0.008381 0.875628 0.122916
v 0.006815 0.952168 0.108900
v -0.099113 0.952168 0.086057
v -0.105433 0.875631 0.095543
v 0.081703 0.875629 0.098627
v 0.109957 0.872082 -0.001000
v -0.004108 1.028708 -0.042727
v -0.049405 1.028708 -0.057499
v 0.036078 1.028708 -0.001000
v 0.024868 1.028708 0.032755
v 0.074576 0.952168 0.087462
v 0.052434 0.998092 0.077566
v 0.024868 1.028708 0.032755
v 0.036078 1.028708 -0.001000
v -0.003354 1.028709 -0.000849
v 0.052434 0.998092 -0.079604
v 0.024868 1.028708 -0.034755
v 0.074576 0.952168 -0.089462
v 0.081703 0.875629 -0.100627
v -0.106240 0.875628 -0.104105
v -0.099113 0.952169 -0.088057
v 0.011540 0.818748 0.116842
v -0.107267 0.754176 0.088455
v -0.105433 0.875631 0.095543
v -0.127765 0.875628 -0.001000
v -0.125140 0.747764 -0.001000
v -0.107267 0.754176 0.088455
v -0.107267 0.754176 -0.090456
v -0.106240 0.875628 -0.104105
v -0.106240 0.875628 -0.104105
v 0.008381 0.875628 -0.120442
v 0.011540 0.818749 -0.118539
v -0.107267 0.754176 -0.090456
v -0.037771 1.067717 -0.035142
v -0.075775 1.071843 -0.035500
v -0.065448 1.120548 -0.025354
v -0.032416 1.112642 -0.025129
v -0.032416 1.112642 0.023129
v -0.065448 1.120548 0.023353
v -0.075775 1.071843 0.033499
v -0.037771 1.067717 0.033142
v -0.065448 1.120548 0.023353
v -0.069965 1.119465 -0.001000
v -0.082186 1.071843 -0.001000
v -0.075775 1.071843 0.033499
v -0.037771 1.067717 0.033142
v -0.037771 1.067717 -0.001000
v -0.032554 1.111484 -0.001000
v -0.032416 1.112642 0.023129
v -0.007617 1.232769 -0.017742
v -0.029886 1.259810 -0.017742
v -0.002254 1.279913 -0.015704
v 0.009017 1.254464 -0.015704
v -0.002254 1.279913 -0.001000
v -0.029886 1.259810 -0.001000
v -0.029886 1.259810 0.015741
v -0.002254 1.279913 0.013703
v -0.029886 1.259810 0.015741
v -0.007617 1.232769 0.015741
v 0.009017 1.254464 0.013703
v -0.002254 1.279913 0.013703
v -0.007617 1.232769 0.015741
v -0.007617 1.232769 -0.001000
v 0.009017 1.254464 -0.001000
v 0.009017 1.254464 0.013703
v -0.022022 1.199837 -0.017742
v -0.045296 1.215599 -0.017742
v -0.100868 1.180290 -0.001000
v -0.089507 1.174176 -0.001000
v -0.089507 1.174176 0.008392
v -0.100868 1.180290 0.008392
v -0.045296 1.215599 0.015741
v -0.022022 1.199837 0.015741
v -0.022022 1.199837 0.015741
v -0.022022 1.199837 -0.001000
v 0.029470 1.257679 0.016959
v 0.026461 1.257679 -0.001000
v 0.031599 1.258483 -0.001000
v 0.035360 1.258483 0.024764
v 0.027216 1.284213 0.016959
v 0.029470 1.257679 0.016959
v 0.035360 1.258483 0.024764
v 0.035360 1.285288 0.024764
v 0.035360 1.285288 -0.001000
v 0.027216 1.284213 -0.001000
v 0.027216 1.284213 0.016959
v 0.035360 1.285288 0.024764
v 0.029470 1.257679 -0.018960
v 0.027216 1.284213 -0.018960
v 0.035360 1.285288 -0.026765
v 0.035360 1.258483 -0.026765
v -0.086002 1.059260 -0.001000
v -0.079879 1.057202 0.039370
v -0.004108 1.028709 0.041030
v -0.003354 1.028709 -0.000849
v -0.071562 1.219145 -0.001000
v -0.060580 1.220052 -0.001000
v -0.060580 1.220052 0.015741
v -0.071562 1.219145 0.015741
v -0.060580 1.220052 0.015741
v -0.061412 1.242027 0.015741
v -0.079418 1.230378 0.015741
v -0.071562 1.219145 0.015741
v -0.061412 1.242027 0.015741
v -0.061412 1.242027 -0.001000
v -0.079418 1.230378 -0.001000
v -0.079418 1.230378 0.015741
v -0.061412 1.242027 -0.017742
v -0.060580 1.220052 -0.017742
v -0.071562 1.219145 -0.017742
v -0.079418 1.230378 -0.017742
v -0.089507 1.174176 -0.001000
v -0.089507 1.174176 0.008392
v -0.100868 1.180290 0.008392
v -0.089507 1.174176 0.008392
v -0.100868 1.180290 -0.001000
v -0.100868 1.180290 0.008392
v -0.089507 1.174176 -0.010393
v -0.100868 1.180290 -0.010393
v -0.045296 1.215599 -0.001000
v -0.045296 1.215599 0.015741
v -0.022022 1.199837 -0.017742
v -0.007617 1.232769 -0.017742
v 0.009017 1.254464 -0.015704
v 0.029470 1.257679 -0.018960
v 0.035360 1.258483 -0.026765
v 0.027216 1.284213 -0.018960
v 0.035360 1.285288 -0.026765
v -0.029886 1.259810 -0.017742
v -0.002254 1.279913 -0.015704
v -0.061412 1.242027 -0.017742
v -0.079418 1.230378 -0.017742
v -0.100868 1.180290 -0.010393
v -0.089507 1.174176 -0.010393
v -0.100868 1.180290 -0.010393
v -0.071562 1.219145 -0.017742
v -0.089507 1.174176 -0.010393
v -0.060580 1.220052 -0.017742
v -0.045296 1.215599 -0.017742
v -0.075775 1.071843 -0.035500
v -0.065448 1.120548 -0.025354
v -0.099113 0.952169 -0.088057
v -0.118487 0.952169 -0.001000
v -0.094561 1.031046 -0.001000
v -0.088657 1.026093 -0.052026
v -0.004108 1.028708 -0.042727
v -0.037771 1.067717 -0.035142
v -0.032416 1.112642 -0.025129
v -0.088657 1.026093 0.050026
v -0.099113 0.952168 0.086057
v -0.079730 1.058257 -0.040933
v -0.079730 1.058257 -0.040933
v -0.049405 1.028708 -0.057499
v 0.031599 1.258483 -0.001000
v 0.035360 1.258483 -0.026765
v 0.036270 1.055087 -0.039602
v 0.032510 1.055087 -0.001000
v 0.035360 1.258483 0.024764
v 0.036270 1.055087 0.037602
v 0.036270 1.055087 0.037602
v 0.032510 1.055087 -0.001000
v 0.025179 1.028708 -0.001000
v 0.024868 1.028708 0.032755
v 0.036270 1.055087 -0.039602
v 0.024868 1.028708 -0.034755
v 0.090909 1.285288 0.015348
v 0.081474 1.285288 0.017379
v 0.081476 1.258483 0.017379
v 0.090909 1.257876 0.015351
v 0.090238 1.055087 0.019655
v 0.081476 1.258483 -0.019380
v 0.090909 1.257876 -0.017352
v 0.090238 1.055087 -0.021656
v 0.081474 1.285288 -0.019380
v 0.090909 1.285288 -0.017349
v 0.094696 0.964755 0.017229
v 0.094696 0.964755 -0.019229
v 0.098304 0.875761 -0.014299
v 0.093009 0.896611 -0.020362
v 0.093009 0.896611 0.018361
v 0.098304 0.875761 0.012298
v 0.096419 1.258483 -0.001000
v 0.096419 1.285288 -0.001000
v 0.095509 1.055087 -0.001000
v 0.102021 0.964755 -0.001000
v 0.024868 1.028708 0.032755
v 0.106362 0.875761 -0.001000
v 0.024868 1.028708 -0.034755
v -0.045296 1.215599 -0.001000
v -0.045296 1.215599 0.015741
v -0.045296 1.215599 -0.017742
v -0.022022 1.199837 -0.001000
v -0.022022 1.199837 0.015741
v -0.023103 0.255507 -0.033675
v -0.040587 0.356383 -0.028488
v -0.006874 0.361547 -0.027982
v 0.010609 0.260670 -0.033169
v 0.010609 0.260670 -0.033169
v -0.006874 0.361547 -0.027982
v -0.007677 0.361174 0.029313
v 0.009672 0.260235 0.033675
v 0.009672 0.260235 0.033675
v -0.007677 0.361174 0.029313
v -0.041390 0.356010 0.028807
v -0.024040 0.255072 0.033169
v -0.024040 0.255072 0.033169
v -0.041390 0.356010 0.028807
v -0.040587 0.356383 -0.028488
v -0.023103 0.255507 -0.033675
v -0.040587 0.356383 -0.028488
v -0.041390 0.356010 0.028807
v -0.007677 0.361174 0.029313
v -0.006874 0.361547 -0.027982
v -0.024040 0.255072 0.033169
v -0.023103 0.255507 -0.033675
v 0.010609 0.260670 -0.033169
v 0.009672 0.260235 0.033675
v 0.071317 0.192397 -0.101602
v 0.044510 0.179035 -0.104673
v 0.044510 0.179035 0.104673
v 0.071317 0.192397 0.101602
v 0.130486 0.033009 -0.261433
v 0.134581 0.049858 -0.264863
v 0.134581 0.049858 0.264863
v 0.130486 0.033009 0.261432
v 0.134581 0.049858 -0.264863
v 0.132036 0.077376 -0.259308
v 0.132036 0.077376 0.259308
v 0.134581 0.049858 0.264863
v 0.088678 0.164755 -0.245061
v 0.060241 0.150470 -0.252776
v 0.044510 0.179035 -0.104673
v 0.071317 0.192397 -0.101602
v 0.060241 0.150470 0.252776
v 0.088678 0.164755 0.245061
v 0.071317 0.192397 0.101602
v 0.044510 0.179035 0.104673
v 0.088678 0.164755 -0.245061
v 0.094515 0.153716 -0.255115
v 0.066495 0.139849 -0.262938
v 0.060241 0.150470 -0.252776
v 0.094515 0.153716 0.255115
v 0.088678 0.164755 0.245061
v 0.060241 0.150470 0.252776
v 0.066495 0.139849 0.262938
v 0.005639 0.201922 0.067435
v -0.004887 0.201280 0.067435
v -0.004887 0.201280 -0.067435
v 0.005639 0.201922 -0.067435
v -0.015096 0.203923 0.067435
v -0.015096 0.203923 -0.067435
v -0.023989 0.209591 0.067435
v -0.023989 0.209591 -0.067435
v -0.030695 0.217729 0.067435
v -0.030695 0.217729 -0.067435
v -0.034558 0.227542 0.067435
v -0.034558 0.227542 -0.067435
v -0.035199 0.238068 0.067435
v -0.035199 0.238068 -0.067435
v -0.032557 0.248277 0.067435
v -0.032557 0.248277 -0.067435
v -0.026889 0.257170 0.067435
v -0.026889 0.257170 -0.067435
v -0.018750 0.263876 0.067435
v -0.018750 0.263876 -0.067435
v -0.008938 0.267738 0.067435
v -0.008938 0.267738 -0.067435
v 0.001588 0.268380 0.067435
v 0.001588 0.268380 -0.067435
v 0.011797 0.265738 0.067435
v 0.011797 0.265738 -0.067435
v 0.020690 0.260070 0.067435
v 0.020690 0.260070 -0.067435
v 0.027396 0.251931 0.067435
v 0.027396 0.251931 -0.067435
v 0.031259 0.242119 0.067435
v 0.031259 0.242119 -0.067435
v 0.031900 0.231593 0.067435
v 0.031900 0.231593 -0.067435
v 0.029258 0.221384 0.067435
v 0.029258 0.221384 -0.067435
v 0.023590 0.212491 0.067435
v 0.023590 0.212491 -0.067435
v 0.015451 0.205785 0.067435
v 0.015451 0.205785 -0.067435
v 0.005639 0.201922 0.067435
v 0.005639 0.201922 -0.067435
v -0.015560 0.218119 0.072777
v -0.004413 0.217016 0.072777
v -0.004413 0.217016 0.112891
v -0.015560 0.218119 0.112891
v 0.004248 0.224118 0.072777
v 0.004248 0.224118 0.112891
v 0.005351 0.235265 0.072777
v 0.005351 0.235265 0.112891
v -0.001751 0.243926 0.072777
v -0.001751 0.243926 0.112891
v -0.012897 0.245029 0.072777
v -0.012897 0.245029 0.112891
v -0.021559 0.237927 0.072777
v -0.021559 0.237927 0.112891
v -0.022662 0.226781 0.072777
v -0.022662 0.226781 0.112891
v -0.015560 0.218119 0.072777
v -0.015560 0.218119 0.112891
v -0.033786 0.268460 -0.073410
v -0.017217 0.171296 -0.075057
v -0.040158 0.231137 -0.068814
v -0.019532 0.285237 -0.080150
v 0.037466 0.188286 -0.110219
v -0.017221 0.171304 0.075057
v -0.038081 0.225720 0.053042
v -0.017221 0.171303 0.053042
v -0.040155 0.231130 0.069228
v -0.017217 0.171297 -0.052855
v -0.040158 0.231137 -0.068814
v -0.017217 0.171296 -0.075057
v -0.038082 0.225720 -0.052855
v 0.008197 0.288035 -0.080242
v 0.037466 0.188286 -0.110219
v -0.019532 0.285237 -0.080150
v 0.045408 0.267427 -0.080242
v 0.089703 0.213617 -0.087916
v 0.125558 0.045246 -0.275000
v 0.134549 0.029975 -0.258718
v 0.069819 0.139918 -0.271588
v 0.008197 0.288035 -0.044318
v -0.019532 0.285237 -0.043385
v 0.045408 0.267427 -0.044318
v 0.037466 0.188286 -0.110219
v -0.002895 0.176715 -0.048468
v -0.017217 0.171296 -0.075057
v 0.037486 0.188314 0.110588
v -0.017217 0.171297 -0.052855
v -0.003439 0.176836 0.048655
v -0.017221 0.171303 0.053042
v -0.017221 0.171304 0.075057
v -0.017217 0.171297 -0.052855
v -0.002895 0.176715 -0.048468
v -0.003439 0.176836 0.048655
v -0.017221 0.171303 0.053042
v 0.008197 0.288035 0.042439
v -0.019532 0.285237 0.042718
v 0.045408 0.267427 0.042439
v -0.017221 0.171304 0.075057
v -0.033786 0.268454 0.073872
v -0.040155 0.231130 0.069228
v -0.019532 0.285237 0.080522
v 0.037486 0.188314 0.110588
v 0.110537 0.188307 -0.091525
v 0.037486 0.188314 0.110588
v 0.008197 0.288035 0.080430
v -0.019532 0.285237 0.080522
v 0.045408 0.267427 0.080430
v 0.089703 0.213617 0.088103
v 0.033691 0.201280 0.075057
v 0.033691 0.201280 -0.075057
v 0.076155 0.235977 -0.023499
v 0.070427 0.242936 -0.038220
v 0.056598 0.259736 -0.044318
v 0.070427 0.242936 0.036341
v 0.076155 0.235977 0.021619
v 0.056598 0.259736 0.042439
v 0.110537 0.188307 0.091712
v 0.036542 0.079989 -0.272668
v 0.036542 0.079989 -0.154759
v 0.018906 0.109942 -0.271588
v 0.036542 0.079989 -0.272668
v 0.042021 0.083215 -0.272668
v 0.036542 0.079989 -0.154759
v -0.017217 0.171297 -0.052855
v 0.011701 0.122181 -0.052855
v -0.017217 0.171296 -0.075057
v 0.061743 0.037185 -0.154759
v 0.083636 0.000000 -0.258718
v 0.083636 0.000000 -0.154759
v 0.074645 0.015271 -0.275000
v 0.061743 0.037185 -0.274211
v 0.061743 0.037185 -0.154759
v 0.067082 0.040329 -0.274211
v 0.061743 0.037185 -0.274211
v 0.011701 0.122181 0.053042
v -0.017221 0.171303 0.053042
v -0.017221 0.171304 0.075057
v 0.036542 0.079989 0.272668
v 0.036542 0.079989 0.162546
v 0.018906 0.109942 0.271588
v 0.042038 0.083225 0.272668
v 0.036542 0.079989 0.162546
v 0.036542 0.079989 0.272668
v 0.061743 0.037185 0.162546
v 0.067099 0.040339 0.274210
v 0.061743 0.037185 0.274210
v 0.074645 0.015271 0.275000
v 0.083636 0.000000 0.162546
v 0.083636 0.000000 0.258718
v 0.061743 0.037185 0.162546
v 0.061743 0.037185 0.274210
v 0.036542 0.079989 -0.272668
v 0.042021 0.083215 -0.272668
v 0.067082 0.040329 -0.274211
v 0.061743 0.037185 -0.274211
v 0.134549 0.029975 0.258718
v 0.125558 0.045246 0.275000
v 0.069819 0.139918 0.271588
v 0.061743 0.037185 0.000093
v 0.061743 0.037185 0.143886
v 0.083491 0.054203 0.000093
v 0.081422 0.052985 -0.046174
v 0.085333 0.051075 0.000093
v 0.058826 0.091363 -0.046174
v 0.060132 0.093878 0.000093
v 0.060896 0.092582 0.000093
v 0.081422 0.052985 0.046361
v 0.058826 0.091363 0.046361
v 0.074645 0.015271 0.275000
v 0.067099 0.040339 0.274210
v 0.061743 0.037185 0.274210
v 0.125558 0.045246 0.275000
v 0.036542 0.079989 0.272668
v 0.042038 0.083225 0.272668
v 0.036542 0.079989 0.143886
v 0.033975 0.084348 0.053042
v 0.036542 0.079989 0.000093
v 0.036542 0.079989 -0.143698
v 0.033975 0.084348 -0.052855
v 0.089296 0.003810 -0.255786
v 0.069525 0.037391 -0.153005
v 0.089296 0.003810 -0.153005
v 0.081176 0.017601 -0.271884
v 0.069525 0.037391 -0.271103
v 0.075832 0.004216 -0.216345
v 0.061639 0.028322 -0.216345
v 0.075832 0.004216 -0.175592
v 0.077883 0.000733 -0.149062
v 0.058621 0.033448 -0.149062
v 0.069525 0.037391 0.160704
v 0.089296 0.003810 0.255786
v 0.089296 0.003810 0.160704
v 0.081176 0.017601 0.271883
v 0.069525 0.037391 0.271102
v 0.061639 0.028322 -0.175592
v 0.075832 0.004216 0.216532
v 0.077883 0.000733 0.156563
v 0.075832 0.004216 0.175779
v 0.058621 0.033448 0.156563
v 0.061639 0.028322 0.175779
v 0.069525 0.037391 0.000092
v 0.069525 0.037391 0.142255
v 0.061639 0.028322 0.216532
v 0.008184 0.119115 -0.149058
v 0.030877 0.080571 -0.149062
v 0.007045 0.121048 -0.247902
v -0.019756 0.167173 -0.050906
v 0.008184 0.119115 -0.050906
v -0.003488 0.138939 -0.149057
v -0.019755 0.167172 -0.072290
v 0.008184 0.119115 0.051087
v -0.019759 0.167179 0.051087
v -0.019760 0.167180 0.072291
v 0.030877 0.080571 0.156563
v 0.030877 0.080571 0.138589
v 0.028534 0.084551 0.051090
v 0.030877 0.080571 0.000090
v 0.030877 0.080571 -0.138409
v 0.028534 0.084551 -0.050910
v 0.024683 0.113554 -0.268510
v 0.041213 0.085477 -0.153005
v 0.041213 0.085477 -0.269578
v 0.017929 0.125026 -0.153005
v 0.016751 0.127026 -0.254459
v 0.006013 0.145264 -0.153005
v 0.017929 0.125026 -0.052256
v -0.010361 0.173543 -0.052256
v -0.010360 0.173542 -0.074206
v -0.010364 0.173549 0.052441
v 0.017929 0.125026 0.052441
v -0.010365 0.173550 0.074206
v 0.041213 0.085477 0.269578
v 0.041213 0.085477 0.160704
v 0.024683 0.113554 0.268510
v 0.041213 0.085477 -0.142070
v 0.038808 0.089563 -0.052256
v 0.041213 0.085477 0.000092
v 0.041213 0.085477 0.142255
v 0.038808 0.089563 0.052441
v -0.030238 0.225914 -0.068708
v -0.010361 0.173543 -0.052256
v -0.010360 0.173542 -0.074206
v -0.030762 0.227234 -0.052256
v -0.031975 0.230488 -0.066300
v -0.030761 0.227235 0.052441
v -0.031968 0.230473 0.066690
v -0.032671 0.232326 0.061712
v -0.032674 0.232331 -0.061322
v -0.010365 0.173550 0.074206
v -0.010364 0.173549 0.052441
v -0.030227 0.225884 0.069075
v -0.019760 0.167180 0.072291
v -0.040001 0.220258 0.051090
v -0.019759 0.167179 0.051087
v -0.039409 0.218776 0.067302
v -0.041156 0.223364 0.064921
v -0.019756 0.167173 -0.050906
v -0.039420 0.218805 -0.066946
v -0.019755 0.167172 -0.072290
v -0.040002 0.220258 -0.050910
v -0.041163 0.223379 -0.064543
v -0.041862 0.225217 0.059944
v -0.041865 0.225223 -0.059564
v 0.076787 0.784530 -0.084214
v -0.105218 0.784530 -0.078861
v 0.018768 0.784530 -0.110962
v 0.103351 0.784530 0.000000
v -0.120238 0.784530 0.000000
v 0.076787 0.784530 0.084214
v -0.105218 0.784530 0.078861
v 0.018768 0.784530 0.110962
v -0.105890 0.869410 -0.080344
v 0.079094 0.869410 -0.085798
v 0.006786 0.869410 -0.113049
v 0.106007 0.869410 0.000000
v -0.123931 0.869410 0.000000
v -0.105890 0.869410 0.080344
v 0.079094 0.869410 0.085798
v 0.006786 0.869410 0.113049
v 0.053087 1.923251 0.000005
v 0.053213 1.914846 -0.000303
v 0.051093 1.932767 -0.020355
v 0.051093 1.929109 0.020355
v 0.035360 1.317643 0.024765
v 0.096419 1.317643 -0.001000
v 0.035360 1.317643 -0.001000
v 0.090909 1.317643 0.015348
v 0.081474 1.317643 0.017379
v 0.081474 1.317643 -0.019380
v 0.035360 1.317643 -0.026765
v 0.090909 1.317643 -0.017349
v 0.090909 1.287019 0.015348
v 0.035360 1.287019 -0.001000
v 0.096419 1.287019 -0.001000
v 0.035360 1.287019 0.024765
v 0.081474 1.287019 0.017379
v 0.081474 1.287019 -0.019380
v 0.035360 1.287019 -0.026765
v 0.090909 1.287019 -0.017349
v -0.088657 1.026093 0.050026
v -0.004108 1.028709 0.041030
v 0.096419 1.285288 -0.001000
v 0.090909 1.285288 0.015348
v 0.081474 1.285288 0.017379
v 0.093009 0.896611 0.018361
v 0.106362 0.875761 -0.001000
v 0.098304 0.875761 0.012298
v 0.081474 1.285288 -0.019380
v 0.090909 1.285288 -0.017349
v 0.098304 0.875761 -0.014299
v 0.093009 0.896611 -0.020362
v 0.130486 0.033009 -0.261433
v 0.130486 0.033009 0.261432
v 0.094515 0.153716 -0.255115
v 0.130486 0.033009 -0.261433
v 0.066495 0.139849 -0.262938
v 0.132036 0.077376 -0.259308
v 0.134581 0.049858 -0.264863
v 0.130486 0.033009 0.261432
v 0.094515 0.153716 0.255115
v 0.066495 0.139849 0.262938
v 0.132036 0.077376 0.259308
v 0.134581 0.049858 0.264863
v 0.060241 0.150470 0.252776
v 0.061738 0.147927 -0.253754
v 0.061738 0.147927 0.253754
v 0.060241 0.150470 -0.252776
v 0.044510 0.179035 0.104673
v 0.044510 0.179035 -0.104673
v 0.090225 0.162127 0.246298
v 0.090225 0.162127 -0.246298
v 0.088678 0.164755 0.245061
v 0.071317 0.192397 -0.101602
v 0.071317 0.192397 0.101602
v 0.060470 0.012375 0.213041
v 0.068720 0.006155 0.213041
v 0.072102 0.019224 0.213041
v 0.059034 0.022606 0.213041
v 0.065253 0.030856 0.213041
v 0.075485 0.032292 0.213041
v 0.083735 0.026073 0.213041
v 0.085171 0.015841 0.213041
v 0.078951 0.007591 0.213041
v 0.068720 0.006155 0.178169
v 0.060470 0.012375 0.178169
v 0.072102 0.019224 0.178169
v 0.059034 0.022606 0.178169
v 0.065253 0.030856 0.178169
v 0.075485 0.032292 0.178169
v 0.083735 0.026073 0.178169
v 0.085171 0.015841 0.178169
v 0.078951 0.007591 0.178169
v 0.060470 0.012375 -0.178706
v 0.068720 0.006155 -0.178706
v 0.072102 0.019224 -0.178706
v 0.059034 0.022606 -0.178706
v 0.065253 0.030856 -0.178706
v 0.075485 0.032292 -0.178706
v 0.083735 0.026073 -0.178706
v 0.085171 0.015841 -0.178706
v 0.078951 0.007591 -0.178706
v 0.068720 0.006155 -0.213579
v 0.060470 0.012375 -0.213579
v 0.072102 0.019224 -0.213579
v 0.059034 0.022606 -0.213579
v 0.065253 0.030856 -0.213579
v 0.075485 0.032292 -0.213579
v 0.083735 0.026073 -0.213579
v 0.085171 0.015841 -0.213579
v 0.078951 0.007591 -0.213579
v 0.068720 0.006155 0.213041
v 0.060470 0.012375 0.213041
v 0.060470 0.012375 0.178169
v 0.068720 0.006155 0.178169
v 0.059034 0.022606 0.213041
v 0.059034 0.022606 0.178169
v 0.065253 0.030856 0.213041
v 0.065253 0.030856 0.178169
v 0.075485 0.032292 0.213041
v 0.075485 0.032292 0.178169
v 0.083735 0.026073 0.213041
v 0.083735 0.026073 0.178169
v 0.085171 0.015841 0.213041
v 0.085171 0.015841 0.178169
v 0.078951 0.007591 0.213041
v 0.078951 0.007591 0.178169
v 0.068720 0.006155 0.213041
v 0.068720 0.006155 0.178169
v 0.058826 0.091363 -0.046174
v 0.081422 0.052985 -0.046174
v 0.102730 0.065531 -0.046174
v 0.080135 0.103909 -0.046174
v 0.080135 0.103909 0.046361
v 0.080135 0.103909 -0.046174
v 0.102730 0.065531 -0.046174
v 0.102730 0.065531 0.046361
v 0.081422 0.052985 0.046361
v 0.058826 0.091363 0.046361
v 0.080135 0.103909 0.046361
v 0.102730 0.065531 0.046361
v 0.061639 0.028322 -0.216345
v 0.075832 0.004216 -0.216345
v 0.077678 0.007467 -0.213628
v 0.065377 0.028359 -0.213628
v 0.061639 0.028322 -0.175592
v 0.061639 0.028322 -0.216345
v 0.065377 0.028359 -0.213628
v 0.065377 0.028359 -0.178309
v 0.077678 0.007467 -0.178309
v 0.075832 0.004216 -0.216345
v 0.075832 0.004216 -0.175592
v 0.077678 0.007467 -0.213628
v 0.061639 0.028322 0.175779
v 0.075832 0.004216 0.175779
v 0.077678 0.007467 0.178496
v 0.065377 0.028359 0.178496
v 0.061639 0.028322 0.216532
v 0.061639 0.028322 0.175779
v 0.065377 0.028359 0.178496
v 0.065377 0.028359 0.213815
v 0.077678 0.007467 0.213815
v 0.075832 0.004216 0.175779
v 0.075832 0.004216 0.216532
v 0.077678 0.007467 0.178496
v 0.068720 0.006155 -0.178706
v 0.060470 0.012375 -0.178706
v 0.060470 0.012375 -0.213579
v 0.068720 0.006155 -0.213579
v 0.059034 0.022606 -0.178706
v 0.059034 0.022606 -0.213579
v 0.065253 0.030856 -0.178706
v 0.065253 0.030856 -0.213579
v 0.075485 0.032292 -0.178706
v 0.075485 0.032292 -0.213579
v 0.083735 0.026073 -0.178706
v 0.083735 0.026073 -0.213579
v 0.085171 0.015841 -0.178706
v 0.085171 0.015841 -0.213579
v 0.078951 0.007591 -0.178706
v 0.078951 0.007591 -0.213579
v 0.068720 0.006155 -0.178706
v 0.068720 0.006155 -0.213579
v 0.095502 1.907788 0.000005
v 0.074438 1.904130 0.000005
v 0.071717 1.910639 -0.027624
v 0.092064 1.910639 -0.020355
v 0.095396 1.918504 0.000005
v 0.095502 1.907788 0.000005
v 0.092064 1.910639 -0.020355
v 0.091961 1.920990 -0.020355
v 0.071717 1.910639 0.027624
v 0.092064 1.910639 0.020355
v 0.058826 0.091363 0.046361
v 0.060896 0.092582 0.000093
v 0.058826 0.091363 -0.046174
v 0.080135 0.103909 -0.046174
v 0.080135 0.103909 0.046361
v 0.081422 0.052985 -0.046174
v 0.083491 0.054203 0.000093
v 0.081422 0.052985 0.046361
v 0.102730 0.065531 0.046361
v 0.102730 0.065531 -0.046174
v 0.078783 1.911860 -0.013780
v 0.062870 1.911860 -0.013780
v 0.070826 1.911860 0.000000
v 0.086739 1.911860 0.000000
v 0.078783 1.911860 0.013781
v 0.062870 1.911860 0.013781
v 0.062870 1.275373 -0.013780
v 0.078783 1.275373 -0.013780
v 0.070826 1.275373 0.000000
v 0.086739 1.275373 0.000000
v 0.078783 1.275373 0.013781
v 0.062870 1.275373 0.013781
v 0.054914 1.275373 0.000000
v 0.062870 1.911860 -0.013780
v 0.078783 1.911860 -0.013780
v 0.078783 1.275373 -0.013780
v 0.062870 1.275373 -0.013780
v 0.086739 1.911860 0.000000
v 0.086739 1.275373 0.000000
v 0.078783 1.911860 0.013781
v 0.078783 1.275373 0.013781
v 0.062870 1.911860 0.013781
v 0.062870 1.275373 0.013781
v -0.055808 0.339608 -0.001000
v -0.011398 0.316663 -0.000849
v -0.011534 0.316663 0.065071
v -0.050968 0.339608 0.052135
v -0.011534 0.316663 0.065071
v 0.009498 0.431516 0.076608
v -0.065051 0.431516 0.061433
v -0.050968 0.339608 0.052135
v -0.065051 0.431516 0.061433
v -0.074144 0.431516 -0.001000
v -0.065051 0.431516 -0.063433
v 0.009498 0.431516 -0.078305
v -0.011534 0.316663 -0.066769
v -0.050968 0.339608 -0.054135
v 0.022769 0.301367 -0.001000
v 0.064726 0.431516 -0.001000
v 0.046874 0.431516 0.061433
v 0.014645 0.301367 0.052135
v 0.020716 0.653572 0.099680
v -0.100974 0.653572 0.080029
v -0.100974 0.653572 0.080029
v -0.117060 0.653572 -0.001000
v -0.100974 0.653572 -0.082029
v 0.020716 0.653572 -0.101378
v 0.103070 0.653572 -0.001000
v 0.076326 0.653572 0.080029
v 0.011540 0.818748 0.116842
v -0.107267 0.754176 0.088455
v -0.107267 0.754176 0.088455
v -0.125140 0.747764 -0.001000
v -0.107267 0.754176 -0.090456
v 0.011540 0.818749 -0.118539
v 0.109957 0.872082 -0.001000
v 0.081297 0.858876 0.097224
v 0.081297 0.858876 -0.099224
v 0.076326 0.653572 -0.082029
v 0.046874 0.431516 -0.063433
v 0.014645 0.301367 -0.054135
v 0.014645 0.301367 0.052135
v 0.022769 0.301367 -0.001000
v -0.107267 0.754176 -0.090456
v -0.100974 0.653572 -0.082029
v -0.065051 0.431516 -0.063433
v -0.050968 0.339608 -0.054135
v -0.011534 0.316663 -0.066769
v 0.014645 0.301367 -0.054135
vn -0.0000 -0.0000 1.0000
vn -0.0192 -0.7119 -0.7020
vn -0.1973 -0.4714 -0.8596
vn -0.1188 -0.2270 -0.9666
vn -0.0005 0.0021 -1.0000
vn 0.0006 0.0021 -1.0000
vn -0.0000 -0.0000 -1.0000
vn -0.0015 0.0016 -1.0000
vn 0.0016 0.0015 -1.0000
vn 0.0015 0.0014 -1.0000
vn 0.0014 0.0014 -1.0000
vn 0.0014 0.0013 -1.0000
vn 0.0021 0.0005 -1.0000
vn -0.0021 0.0006 -1.0000
vn 0.0015 0.0013 -1.0000
vn -0.2359 -0.1033 -0.9663
vn -0.4723 -0.1645 -0.8659
vn -0.6864 0.0186 -0.7269
vn 0.0021 -0.0006 -1.0000
vn -0.0021 -0.0005 -1.0000
vn 0.5534 0.1323 -0.8223
vn 0.4571 -0.1676 -0.8735
vn 0.1880 -0.0319 -0.9816
vn 0.0015 -0.0016 -1.0000
vn -0.0016 -0.0015 -1.0000
vn -0.0006 -0.0021 -1.0000
vn 0.0005 -0.0021 -1.0000
vn -0.1426 0.4655 -0.8735
vn 0.1621 0.5428 -0.8241
vn -0.0212 0.1910 -0.9814
vn 0.1493 -0.1638 0.9751
vn 0.1493 -0.1637 0.9751
vn 0.1494 -0.1638 0.9751
vn -0.1493 0.1638 -0.9751
vn -0.1493 0.1637 -0.9751
vn -0.1494 0.1637 -0.9751
vn 0.1494 -0.1637 0.9751
vn -0.1494 0.1638 -0.9751
vn 0.1493 -0.1637 0.9752
vn 0.1493 -0.1641 0.9751
vn 0.1490 -0.1637 0.9752
vn -0.1494 0.1635 -0.9752
vn 0.1493 -0.1639 0.9751
vn 0.1494 -0.1640 0.9751
vn 0.1493 -0.1640 0.9751
vn -0.1493 0.1639 -0.9751
vn -0.1493 0.1637 -0.9752
vn -0.1496 0.1636 -0.9751
vn -0.1492 0.1639 -0.9751
vn -0.1492 0.1638 -0.9751
vn -0.1493 0.1636 -0.9752
vn -0.1495 0.1638 -0.9751
vn -0.1491 0.1638 -0.9752
vn 1.0000 -0.0000 -0.0000
vn -1.0000 -0.0000 -0.0000
vn -0.0000 -1.0000 -0.0000
vn -0.0000 1.0000 -0.0000
vn 0.2578 -0.1638 -0.9522
vn 0.2579 -0.1637 -0.9522
vn 0.2579 -0.1638 -0.9522
vn 0.2578 -0.1637 -0.9522
vn 0.2579 -0.1639 -0.9522
vn -0.2579 0.1638 0.9522
vn -0.2577 0.1635 0.9523
vn -0.2578 0.1638 0.9522
vn -0.2579 0.1637 0.9522
vn -0.2579 0.1639 0.9522
vn -0.2578 0.1637 0.9522
vn -0.2582 0.1638 0.9521
vn 0.2576 -0.1639 -0.9522
vn 0.2580 -0.1638 -0.9522
vn -0.2578 0.1635 0.9523
vn 0.1786 -0.1638 -0.9702
vn 0.1786 -0.1637 -0.9702
vn 0.1787 -0.1638 -0.9702
vn 0.1789 -0.1637 -0.9701
vn -0.1787 0.1638 0.9702
vn -0.1786 0.1642 0.9701
vn -0.1786 0.1641 0.9701
vn -0.1787 0.1637 0.9702
vn -0.1787 0.1639 0.9702
vn -0.1786 0.1637 0.9702
vn -0.1786 0.1638 0.9702
vn 0.1787 -0.1637 -0.9702
vn 0.1786 -0.1639 -0.9702
vn -0.1786 0.1634 0.9702
vn 0.1615 -0.1638 -0.9732
vn 0.1616 -0.1638 -0.9732
vn 0.1616 -0.1637 -0.9732
vn 0.1616 -0.1635 -0.9732
vn 0.1615 -0.1633 -0.9733
vn 0.1616 -0.1632 -0.9733
vn 0.1615 -0.1637 -0.9732
vn 0.1617 -0.1638 -0.9732
vn -0.1615 0.1638 0.9732
vn -0.1616 0.1638 0.9732
vn -0.1616 0.1637 0.9732
vn -0.1615 0.1642 0.9731
vn -0.1617 0.1643 0.9731
vn 0.1616 -0.1641 -0.9731
vn 0.1615 -0.1639 -0.9732
vn 0.1614 -0.1638 -0.9732
vn 0.1617 -0.1638 -0.9731
vn -0.1615 0.1639 0.9732
vn -0.1616 0.1639 0.9732
vn -0.1615 0.1637 0.9732
vn 0.2506 -0.1638 -0.9541
vn 0.2506 -0.1638 -0.9542
vn 0.2504 -0.1642 -0.9541
vn 0.2506 -0.1639 -0.9541
vn 0.2505 -0.1637 -0.9542
vn 0.2506 -0.1634 -0.9542
vn 0.2505 -0.1634 -0.9542
vn 0.2505 -0.1638 -0.9542
vn 0.2505 -0.1638 -0.9541
vn 0.2502 -0.1637 -0.9542
vn -0.2505 0.1638 0.9541
vn -0.2506 0.1637 0.9541
vn -0.2506 0.1639 0.9541
vn -0.2506 0.1638 0.9541
vn -0.2503 0.1639 0.9542
vn 0.2506 -0.1637 -0.9541
vn 0.2505 -0.1633 -0.9543
vn 0.2506 -0.1637 -0.9542
vn 0.2506 -0.1640 -0.9541
vn -0.2505 0.1638 0.9542
vn -0.2506 0.1637 0.9542
vn -0.2505 0.1639 0.9541
vn -0.2505 0.1637 0.9542
vn 0.1889 -0.1638 -0.9682
vn 0.1890 -0.1637 -0.9682
vn 0.1891 -0.1634 -0.9683
vn 0.1890 -0.1635 -0.9683
vn 0.1889 -0.1638 -0.9683
vn 0.1888 -0.1638 -0.9683
vn -0.1888 0.1638 0.9683
vn -0.1887 0.1638 0.9683
vn -0.1889 0.1637 0.9683
vn -0.1888 0.1638 0.9682
vn -0.1889 0.1638 0.9682
vn -0.1890 0.1639 0.9682
vn -0.1887 0.1636 0.9683
vn -0.1885 0.1636 0.9683
vn -0.1890 0.1638 0.9682
vn 0.1891 -0.1637 -0.9682
vn 0.1889 -0.1639 -0.9682
vn 0.1889 -0.1637 -0.9683
vn 0.1890 -0.1638 -0.9682
vn -0.1889 0.1637 0.9682
vn -0.1893 0.1638 0.9682
vn 0.5365 -0.4682 0.7021
vn 0.4803 -0.1744 0.8596
vn 0.2475 -0.0665 0.9666
vn -0.0012 0.0018 1.0000
vn -0.0020 0.0010 1.0000
vn -0.0001 0.0022 1.0000
vn -0.0022 -0.0001 1.0000
vn -0.0020 -0.0001 1.0000
vn -0.0018 -0.0012 1.0000
vn 0.0010 0.0020 1.0000
vn -0.0020 -0.0002 1.0000
vn -0.0019 -0.0001 1.0000
vn 0.2358 0.1034 0.9663
vn 0.4411 0.2358 0.8659
vn 0.4515 0.5174 0.7269
vn -0.0010 -0.0020 1.0000
vn 0.0018 0.0012 1.0000
vn -0.0021 -0.0002 1.0000
vn -0.4723 -0.3173 0.8224
vn -0.1865 -0.4497 0.8735
vn -0.1040 -0.1599 0.9816
vn -0.0019 -0.0002 1.0000
vn 0.0001 -0.0022 1.0000
vn 0.0022 0.0001 1.0000
vn 0.0020 -0.0010 1.0000
vn 0.0012 -0.0018 1.0000
vn -0.2457 0.4203 0.8735
vn -0.5090 0.2486 0.8241
vn -0.1261 0.1450 0.9814
vn -0.1996 -0.0319 0.9794
vn -0.2010 -0.0343 0.9790
vn -0.0741 0.1215 0.9898
vn -0.0605 0.1347 0.9890
vn 0.7786 0.6111 0.1425
vn -0.9775 0.0420 -0.2068
vn 0.8574 -0.5036 0.1063
vn 0.8655 -0.4891 0.1086
vn 0.9597 -0.2601 0.1062
vn 0.9589 -0.2605 0.1129
vn -0.6506 0.7585 -0.0379
vn -0.6398 0.7677 -0.0356
vn -0.8567 0.5113 -0.0674
vn -0.8577 0.5100 -0.0661
vn -0.2016 -0.0807 0.9761
vn -0.2019 -0.0806 0.9761
vn 0.5044 -0.8634 0.0099
vn 0.5015 -0.8651 0.0091
vn 0.2153 -0.0074 -0.9765
vn 0.2169 -0.0048 -0.9762
vn 0.2049 0.0545 -0.9773
vn 0.2040 0.0549 -0.9774
vn -0.3538 0.9351 0.0201
vn -0.3538 0.9351 0.0202
vn -0.2373 0.9682 0.0789
vn -0.2374 0.9682 0.0788
vn 0.9903 0.1260 0.0589
vn 0.9903 0.1260 0.0588
vn -0.1871 -0.0858 0.9786
vn 0.2801 -0.9590 -0.0437
vn 0.2801 -0.9590 -0.0436
vn 0.1777 0.0644 -0.9820
vn 0.1776 0.0645 -0.9820
vn -0.3540 0.9350 0.0225
vn -0.3540 0.9350 0.0224
vn 0.9633 -0.2581 0.0731
vn 0.9633 -0.2582 0.0731
vn -0.8668 0.4959 -0.0534
vn 0.0889 -0.1175 -0.9891
vn 0.1008 -0.1138 -0.9884
vn -0.2849 -0.9586 0.0004
vn -0.7260 -0.6877 0.0003
vn 0.6877 -0.7260 0.0004
vn 0.6877 -0.7260 0.0003
vn 0.2326 -0.9726 0.0004
vn -0.1974 -0.4716 -0.8595
vn -0.2219 -0.6894 -0.6895
vn -0.5275 -0.4997 -0.6871
vn -0.3272 -0.3067 -0.8938
vn -0.9726 -0.2326 0.0004
vn 0.9586 -0.2849 0.0004
vn -0.4725 -0.1646 -0.8658
vn -0.7018 -0.1789 -0.6895
vn 0.5080 -0.5198 -0.6868
vn 0.3483 -0.3249 -0.8793
vn 0.6976 -0.1958 -0.6892
vn -0.9586 0.2849 0.0004
vn -0.6877 0.7260 0.0003
vn 0.9726 0.2326 0.0004
vn 0.7260 0.6877 0.0003
vn -0.2327 0.9725 0.0004
vn -0.2327 0.9726 0.0003
vn 0.2849 0.9586 0.0004
vn -0.3048 0.3784 -0.8740
vn -0.4877 0.5391 -0.6867
vn -0.1578 0.7072 -0.6892
vn -0.9816 -0.1907 -0.0070
vn -0.9906 -0.1363 -0.0067
vn -0.9831 -0.1828 -0.0069
vn 0.9965 0.0839 0.0065
vn 0.9963 -0.0863 0.0055
vn 0.9975 -0.0704 0.0060
vn 0.9958 0.0909 0.0065
vn -0.9350 -0.3546 -0.0076
vn -0.9831 -0.1828 -0.0071
vn -0.9409 -0.3386 -0.0076
vn 0.9560 -0.2934 0.0041
vn 0.8352 -0.5499 0.0019
vn 0.8404 -0.5419 0.0020
vn 0.9582 -0.2860 0.0041
vn 0.1567 -0.0971 -0.9829
vn 0.0854 -0.0068 -0.9963
vn 0.1051 -0.2264 -0.9683
vn 0.0065 -0.0856 -0.9963
vn 0.5709 -0.8211 -0.0012
vn 0.5789 -0.8154 -0.0012
vn -0.1550 0.9879 0.0047
vn 0.0670 0.9977 0.0061
vn 0.0732 0.9973 0.0061
vn -0.1473 0.9891 0.0047
vn 0.1327 -0.9911 -0.0048
vn -0.3336 -0.9427 -0.0074
vn -0.3373 -0.9414 -0.0073
vn 0.1363 -0.9907 -0.0048
vn -0.4264 0.9046 0.0026
vn -0.4175 0.9087 0.0026
vn -0.7324 0.6808 -0.0005
vn -0.7253 0.6884 -0.0005
vn 0.7191 0.1294 -0.6827
vn 0.6976 -0.1956 -0.6892
vn -0.0397 0.9992 0.0054
vn 0.3375 0.9413 0.0074
vn 0.3281 0.9446 0.0073
vn -0.0475 0.9989 0.0054
vn -0.3198 0.9475 0.0035
vn -0.3250 0.9457 0.0034
vn 0.7320 0.6813 0.0083
vn 0.7260 0.6877 0.0083
vn -0.9803 -0.1972 -0.0070
vn -0.9627 0.2704 -0.0042
vn -0.9614 0.2751 -0.0042
vn -0.9798 -0.1999 -0.0070
vn -0.5207 0.8537 0.0017
vn -0.5242 0.8516 0.0017
vn 0.9582 0.2861 0.0074
vn 0.9956 -0.0937 0.0054
vn 0.9948 -0.1015 0.0054
vn 0.9610 0.2765 0.0074
vn -0.6515 -0.7586 -0.0082
vn -0.8395 -0.5433 -0.0081
vn -0.8354 -0.5496 -0.0081
vn -0.6478 -0.7618 -0.0082
vn -0.6534 0.7570 0.0001
vn -0.6877 0.7260 -0.0000
vn -0.6478 0.7618 0.0004
vn 0.9288 -0.3706 0.0035
vn 0.9268 -0.3757 0.0034
vn -0.3200 -0.9474 -0.0072
vn -0.2754 -0.9613 -0.0071
vn -0.3277 -0.9447 -0.0073
vn 0.8242 -0.5663 0.0017
vn 0.8219 -0.5696 0.0017
vn -0.5411 0.3430 -0.7678
vn -0.1118 0.2283 -0.9672
vn -0.2251 0.1199 -0.9669
vn 0.7255 -0.6882 0.0005
vn 0.6877 -0.7260 -0.0000
vn 0.7205 -0.6935 0.0004
vn -0.2325 0.9726 0.0005
vn -0.2325 0.9726 0.0004
vn -0.1576 0.7072 -0.6892
vn 0.1686 0.7108 -0.6829
vn 0.3089 -0.9291 -0.2033
vn 0.3088 -0.9292 -0.2033
vn 0.5453 -0.8091 -0.2194
vn 0.5453 -0.8090 -0.2194
vn 0.7678 -0.6022 -0.2187
vn 0.7677 -0.6023 -0.2187
vn 0.9367 -0.2924 -0.1925
vn 0.9367 -0.2925 -0.1926
vn 0.9864 0.0936 -0.1353
vn 0.8833 0.4654 -0.0571
vn 0.8834 0.4652 -0.0571
vn 0.6731 0.7393 0.0211
vn 0.6732 0.7392 0.0211
vn 0.4244 0.9013 0.0864
vn 0.4245 0.9013 0.0864
vn 0.1742 0.9751 0.1371
vn 0.0516 0.9861 0.1577
vn 0.0515 0.9861 0.1577
vn 0.1893 -0.9632 -0.1908
vn 0.1894 -0.9632 -0.1908
vn 0.3086 -0.9292 -0.2033
vn 0.3087 -0.9292 -0.2033
vn -0.0687 0.9821 0.1755
vn 0.0687 -0.9821 -0.1755
vn -0.3301 0.9213 0.2053
vn -0.3302 0.9213 0.2053
vn -0.5892 0.7772 0.2208
vn -0.8039 0.5541 0.2162
vn -0.9488 0.2540 0.1879
vn -0.9865 -0.0920 0.1356
vn -0.9018 -0.4270 0.0664
vn -0.7167 -0.6974 -0.0074
vn -0.4726 -0.8781 -0.0751
vn -0.4725 -0.8781 -0.0751
vn -0.2098 -0.9690 -0.1306
vn -0.2099 -0.9690 -0.1306
vn -0.0802 -0.9849 -0.1531
vn -0.0803 -0.9849 -0.1531
vn -0.1898 0.9631 0.1908
vn -0.1900 0.9631 0.1908
vn -0.3301 0.9214 0.2053
vn -0.3300 0.9214 0.2052
vn 0.3088 -0.9291 -0.2033
vn 0.5452 -0.8091 -0.2194
vn 0.7678 -0.6023 -0.2187
vn 0.9367 -0.2924 -0.1926
vn 0.9864 0.0937 -0.1353
vn 0.8833 0.4653 -0.0571
vn -0.3300 0.9214 0.2053
vn -0.5892 0.7773 0.2208
vn -0.9488 0.2540 0.1880
vn -0.9018 -0.4271 0.0664
vn -0.7167 -0.6973 -0.0074
vn -0.2100 -0.9689 -0.1306
vn -0.1899 0.9631 0.1908
vn -0.3299 0.9214 0.2053
vn 0.3334 -0.9201 -0.2056
vn 0.5832 -0.7818 -0.2206
vn 0.7996 -0.5602 -0.2165
vn 0.9476 -0.2578 -0.1884
vn 0.9476 -0.2579 -0.1884
vn 0.8990 0.4332 -0.0649
vn 0.8989 0.4333 -0.0649
vn 0.7105 0.7037 0.0094
vn 0.7104 0.7038 0.0094
vn 0.4658 0.8815 0.0767
vn 0.4656 0.8816 0.0768
vn 0.2000 0.9708 0.1324
vn 0.1998 0.9709 0.1325
vn 0.0650 0.9857 0.1556
vn 0.2026 -0.9602 -0.1923
vn 0.2025 -0.9602 -0.1923
vn -0.3566 0.9109 0.2076
vn -0.3567 0.9109 0.2076
vn -0.6276 0.7464 0.2215
vn -0.6279 0.7461 0.2215
vn -0.8328 0.5108 0.2133
vn -0.8326 0.5111 0.2133
vn -0.9576 0.2218 0.1839
vn -0.9865 -0.0922 0.1356
vn -0.9148 -0.3971 0.0734
vn -0.9148 -0.3972 0.0734
vn -0.7512 -0.6601 0.0042
vn -0.5149 -0.8548 -0.0647
vn -0.5152 -0.8546 -0.0646
vn -0.2390 -0.9629 -0.1251
vn -0.2388 -0.9630 -0.1252
vn -0.0967 -0.9839 -0.1504
vn -0.2031 0.9601 0.1924
vn -0.2031 0.9601 0.1923
vn -0.3565 0.9109 0.2076
vn 0.3788 -0.9015 -0.2094
vn 0.3788 -0.9014 -0.2095
vn 0.6463 -0.7302 -0.2216
vn 0.8459 -0.4895 -0.2118
vn 0.8458 -0.4897 -0.2118
vn 0.9614 -0.2065 -0.1819
vn 0.9197 0.3852 -0.0761
vn 0.7659 0.6429 -0.0093
vn 0.7658 0.6430 -0.0093
vn 0.5352 0.8426 0.0596
vn 0.5354 0.8425 0.0595
vn 0.2467 0.9612 0.1237
vn 0.0903 0.9843 0.1515
vn 0.2273 -0.9541 -0.1951
vn 0.3787 -0.9015 -0.2094
vn -0.0685 0.9821 0.1754
vn 0.0685 -0.9821 -0.1755
vn -0.4050 0.8895 0.2114
vn -0.4050 0.8896 0.2114
vn -0.6899 0.6892 0.2214
vn -0.6900 0.6891 0.2214
vn -0.8732 0.4409 0.2078
vn -0.9684 0.1748 0.1777
vn -0.9685 0.1747 0.1777
vn -0.9865 -0.0924 0.1355
vn -0.9319 -0.3531 0.0834
vn -0.8006 -0.5988 0.0220
vn -0.8007 -0.5986 0.0221
vn -0.5843 -0.8102 -0.0466
vn -0.5844 -0.8101 -0.0466
vn -0.2912 -0.9497 -0.1149
vn -0.2911 -0.9498 -0.1149
vn -0.1276 -0.9811 -0.1453
vn -0.2280 0.9539 0.1951
vn -0.2279 0.9539 0.1951
vn -0.4048 0.8896 0.2114
vn -0.4049 0.8896 0.2114
vn 0.4692 -0.8563 -0.2157
vn 0.4693 -0.8563 -0.2157
vn 0.7496 -0.6244 -0.2197
vn 0.9062 -0.3720 -0.2012
vn 0.9062 -0.3719 -0.2012
vn 0.9762 -0.1324 -0.1717
vn 0.9447 0.3149 -0.0918
vn 0.8420 0.5381 -0.0386
vn 0.8420 0.5381 -0.0385
vn 0.6520 0.7577 0.0274
vn 0.6519 0.7578 0.0275
vn 0.3426 0.9337 0.1044
vn 0.3426 0.9337 0.1043
vn 0.1441 0.9793 0.1424
vn 0.1442 0.9793 0.1424
vn 0.2798 -0.9389 -0.2005
vn 0.4691 -0.8564 -0.2157
vn 0.4690 -0.8565 -0.2156
vn -0.0683 0.9821 0.1754
vn 0.0683 -0.9821 -0.1754
vn -0.5001 0.8383 0.2174
vn -0.4999 0.8383 0.2175
vn -0.7876 0.5765 0.2174
vn -0.7877 0.5765 0.2174
vn -0.9242 0.3275 0.1965
vn -0.9798 0.1079 0.1682
vn -0.9798 0.1078 0.1682
vn -0.9864 -0.0928 0.1355
vn -0.9522 -0.2898 0.0971
vn -0.9522 -0.2897 0.0971
vn -0.8666 -0.4966 0.0493
vn -0.6965 -0.7174 -0.0138
vn -0.3951 -0.9139 -0.0930
vn -0.3950 -0.9140 -0.0930
vn -0.1929 -0.9721 -0.1337
vn -0.1928 -0.9721 -0.1337
vn -0.2807 0.9386 0.2006
vn -0.4999 0.8384 0.2174
vn -0.4998 0.8384 0.2173
vn -0.1996 -0.0319 -0.9793
vn -0.0605 0.1347 -0.9890
vn -0.0741 0.1215 -0.9898
vn -0.2010 -0.0343 -0.9790
vn 0.7786 0.6111 -0.1425
vn -0.9775 0.0420 0.2068
vn 0.8574 -0.5036 -0.1063
vn 0.9589 -0.2605 -0.1129
vn 0.9597 -0.2601 -0.1062
vn 0.8655 -0.4891 -0.1086
vn -0.6506 0.7585 0.0379
vn -0.8576 0.5100 0.0662
vn -0.8567 0.5113 0.0674
vn -0.6398 0.7677 0.0356
vn -0.2016 -0.0807 -0.9761
vn -0.2019 -0.0806 -0.9761
vn 0.5044 -0.8634 -0.0099
vn 0.5015 -0.8651 -0.0091
vn 0.2153 -0.0074 0.9765
vn 0.2040 0.0549 0.9774
vn 0.2049 0.0545 0.9773
vn 0.2169 -0.0048 0.9762
vn -0.3538 0.9351 -0.0201
vn -0.3538 0.9351 -0.0202
vn -0.2374 0.9682 -0.0789
vn -0.2374 0.9682 -0.0788
vn 0.9903 0.1260 -0.0589
vn 0.9903 0.1260 -0.0588
vn -0.1871 -0.0858 -0.9786
vn 0.2801 -0.9590 0.0437
vn 0.2801 -0.9590 0.0435
vn 0.1776 0.0645 0.9820
vn 0.1777 0.0645 0.9820
vn -0.3540 0.9350 -0.0224
vn 0.9633 -0.2581 -0.0731
vn -0.8668 0.4959 0.0534
vn 0.0889 -0.1175 0.9891
vn 0.1008 -0.1138 0.9884
vn 0.2172 0.3847 -0.8971
vn 0.1753 -0.0000 -0.9845
vn 0.2286 0.4403 -0.8682
vn 0.2172 -0.3848 -0.8971
vn 0.2286 -0.4405 -0.8682
vn 0.2750 -0.7176 -0.6398
vn 0.2750 -0.7176 0.6398
vn 0.2172 -0.3849 0.8971
vn 0.2286 -0.4404 0.8682
vn 0.1753 -0.0000 0.9845
vn 0.2172 0.3849 0.8971
vn 0.2286 0.4405 0.8682
vn 0.2750 0.7176 0.6398
vn 0.2750 0.7176 -0.6398
vn 0.2172 0.3849 -0.8970
vn 0.2286 0.4405 -0.8681
vn 0.2750 0.7177 -0.6398
vn 0.2314 0.4779 -0.8474
vn 0.1944 -0.0000 -0.9809
vn 0.2372 0.5177 -0.8221
vn 0.2314 -0.4780 -0.8474
vn 0.2372 -0.5178 -0.8220
vn 0.2638 -0.7913 -0.5516
vn 0.2638 -0.7913 0.5516
vn 0.2314 -0.4779 0.8474
vn 0.2372 -0.5178 0.8220
vn 0.1944 -0.0000 0.9809
vn 0.2314 0.4780 0.8474
vn 0.2372 0.5178 0.8220
vn 0.2638 0.7913 0.5516
vn 0.2638 0.7913 -0.5516
vn 0.2314 0.4780 -0.8474
vn 0.2372 0.5178 -0.8220
vn 0.2152 0.6905 -0.6906
vn 0.2152 -0.0000 -0.9766
vn 0.2152 -0.6906 -0.6905
vn 0.2152 -0.6905 -0.6905
vn 0.2152 -0.9766 -0.0000
vn 0.2152 -0.6905 0.6905
vn 0.2152 -0.0000 0.9766
vn 0.2152 0.6906 0.6905
vn 0.2152 0.6905 0.6905
vn 0.2152 0.9766 -0.0000
vn 0.2152 0.6906 -0.6905
vn 0.7066 -0.0375 -0.7066
vn 0.2586 -0.0375 -0.9652
vn -0.2586 -0.0375 -0.9652
vn -0.7066 -0.0375 -0.7066
vn -0.9652 -0.0375 -0.2586
vn -0.9652 -0.0375 0.2586
vn -0.7066 -0.0375 0.7066
vn -0.2586 -0.0375 0.9652
vn 0.2586 -0.0375 0.9652
vn 0.7066 -0.0375 0.7066
vn 0.9652 -0.0375 0.2586
vn 0.9652 -0.0375 -0.2586
vn 0.6991 -0.1504 -0.6991
vn 0.2559 -0.1504 -0.9549
vn -0.2559 -0.1504 -0.9549
vn -0.6991 -0.1504 -0.6991
vn -0.9549 -0.1504 -0.2559
vn -0.9549 -0.1504 0.2559
vn -0.6991 -0.1504 0.6991
vn -0.2559 -0.1504 0.9549
vn 0.2559 -0.1504 0.9549
vn 0.6991 -0.1504 0.6991
vn 0.9549 -0.1504 0.2559
vn 0.9549 -0.1504 -0.2559
vn 0.8660 -0.0000 -0.5001
vn 0.5000 -0.0000 -0.8660
vn -0.5000 -0.0000 -0.8660
vn -0.8660 -0.0000 -0.5000
vn -0.8660 -0.0000 0.5000
vn -0.5000 -0.0000 0.8660
vn 0.5000 -0.0000 0.8660
vn 0.8660 -0.0000 0.5000
vn 0.8661 -0.0000 -0.4999
vn -0.2484 0.1122 0.9621
vn 0.0795 0.2160 0.9731
vn -0.1128 0.1580 0.9810
vn -0.2484 0.1122 0.9622
vn -0.9957 0.0931 -0.0000
vn -0.9751 0.0912 0.2022
vn 0.0795 0.2161 -0.9731
vn -0.2484 0.1122 -0.9621
vn -0.2484 0.1123 -0.9621
vn -0.1128 0.1579 -0.9810
vn 0.9515 0.0710 0.2993
vn 0.9972 0.0745 -0.0000
vn 0.9972 0.0744 -0.0000
vn 0.3462 0.2830 -0.8945
vn 0.3462 0.2831 0.8944
vn -0.9751 0.0912 -0.2022
vn 0.9515 0.0711 -0.2993
vn 0.9515 0.0710 -0.2993
vn 0.2840 -0.9291 0.2367
vn 0.5172 -0.8090 0.2792
vn 0.2841 -0.9291 0.2367
vn 0.7384 -0.6022 0.3036
vn 0.7383 -0.6023 0.3035
vn 0.9091 -0.2925 0.2965
vn 0.9092 -0.2924 0.2965
vn 0.9649 0.0937 0.2452
vn 0.8713 0.4653 0.1559
vn 0.6713 0.7392 0.0546
vn 0.6712 0.7393 0.0546
vn 0.4315 0.9013 -0.0382
vn 0.1885 0.9751 -0.1167
vn 0.1884 0.9751 -0.1167
vn 0.0690 0.9861 -0.1509
vn 0.1667 -0.9632 0.2108
vn 0.2838 -0.9292 0.2367
vn 0.2839 -0.9292 0.2367
vn 0.1668 -0.9632 0.2108
vn -0.0486 0.9821 -0.1821
vn 0.0486 -0.9821 0.1821
vn -0.3050 0.9214 -0.2411
vn -0.5607 0.7773 -0.2855
vn -0.5607 0.7772 -0.2855
vn -0.3050 0.9213 -0.2411
vn -0.7745 0.5541 -0.3051
vn -0.9217 0.2539 -0.2933
vn -0.9216 0.2541 -0.2933
vn -0.9650 -0.0920 -0.2455
vn -0.8886 -0.4271 -0.1672
vn -0.8887 -0.4270 -0.1672
vn -0.7130 -0.6974 -0.0731
vn -0.7130 -0.6973 -0.0731
vn -0.4779 -0.8781 0.0216
vn -0.4780 -0.8781 0.0216
vn -0.2232 -0.9690 0.1062
vn -0.2233 -0.9690 0.1062
vn -0.0969 -0.9849 0.1432
vn -0.0970 -0.9849 0.1432
vn -0.1672 0.9631 -0.2109
vn -0.3049 0.9214 -0.2410
vn -0.3047 0.9214 -0.2411
vn -0.1673 0.9631 -0.2109
vn 0.3271 -0.9201 0.2156
vn 0.5763 -0.7818 0.2381
vn 0.7926 -0.5602 0.2405
vn 0.7927 -0.5602 0.2405
vn 0.9415 -0.2578 0.2169
vn 0.9415 -0.2579 0.2169
vn 0.9818 0.0937 0.1650
vn 0.8966 0.4333 0.0919
vn 0.8966 0.4332 0.0919
vn 0.7104 0.7037 0.0120
vn 0.4678 0.8816 -0.0627
vn 0.4679 0.8816 -0.0627
vn 0.2037 0.9708 -0.1264
vn 0.2039 0.9708 -0.1263
vn 0.0697 0.9857 -0.1536
vn 0.1967 -0.9602 0.1983
vn 0.3271 -0.9201 0.2155
vn 0.3270 -0.9201 0.2155
vn 0.1966 -0.9602 0.1983
vn -0.0634 0.9821 -0.1775
vn 0.0634 -0.9821 0.1775
vn -0.3503 0.9108 -0.2183
vn -0.6210 0.7461 -0.2403
vn -0.6205 0.7465 -0.2403
vn -0.3502 0.9109 -0.2183
vn -0.8260 0.5108 -0.2383
vn -0.8257 0.5112 -0.2383
vn -0.9516 0.2218 -0.2127
vn -0.9515 0.2223 -0.2127
vn -0.9819 -0.0922 -0.1652
vn -0.9819 -0.0922 -0.1653
vn -0.9122 -0.3971 -0.1009
vn -0.7507 -0.6601 -0.0268
vn -0.5165 -0.8549 0.0492
vn -0.2422 -0.9630 0.1180
vn -0.2423 -0.9630 0.1180
vn -0.1012 -0.9839 0.1475
vn -0.1971 0.9601 -0.1984
vn -0.3501 0.9109 -0.2183
vn -0.3502 0.9109 -0.2182
vn -0.1972 0.9601 -0.1984
vn 0.3762 -0.9015 0.2142
vn 0.6435 -0.7302 0.2297
vn 0.6431 -0.7306 0.2297
vn 0.3763 -0.9014 0.2142
vn 0.8430 -0.4898 0.2224
vn 0.8431 -0.4897 0.2224
vn 0.9590 -0.2065 0.1940
vn 0.9591 -0.2060 0.1939
vn 0.9846 0.0937 0.1477
vn 0.9186 0.3852 0.0877
vn 0.7659 0.6427 0.0190
vn 0.5360 0.8426 -0.0528
vn 0.2488 0.9610 -0.1205
vn 0.2486 0.9611 -0.1205
vn 0.0922 0.9843 -0.1504
vn 0.2249 -0.9541 0.1979
vn 0.3761 -0.9015 0.2141
vn 0.3759 -0.9016 0.2141
vn 0.2248 -0.9541 0.1979
vn -0.0663 0.9821 -0.1763
vn 0.0663 -0.9821 0.1763
vn -0.4023 0.8895 -0.2165
vn -0.6872 0.6891 -0.2301
vn -0.6871 0.6892 -0.2301
vn -0.8705 0.4409 -0.2187
vn -0.9661 0.1748 -0.1898
vn -0.9662 0.1747 -0.1898
vn -0.9847 -0.0924 -0.1479
vn -0.9308 -0.3530 -0.0951
vn -0.9307 -0.3531 -0.0951
vn -0.8004 -0.5986 -0.0321
vn -0.8003 -0.5987 -0.0321
vn -0.5849 -0.8101 0.0392
vn -0.5848 -0.8102 0.0393
vn -0.2926 -0.9497 0.1112
vn -0.2924 -0.9498 0.1113
vn -0.1295 -0.9811 0.1436
vn -0.1294 -0.9811 0.1436
vn -0.2255 0.9539 -0.1980
vn -0.4023 0.8896 -0.2165
vn -0.4021 0.8896 -0.2165
vn 0.2859 -0.9291 0.2345
vn 0.5194 -0.8090 0.2753
vn 0.5193 -0.8091 0.2753
vn 0.2858 -0.9291 0.2345
vn 0.7406 -0.6023 0.2979
vn 0.9114 -0.2925 0.2896
vn 0.9668 0.0936 0.2378
vn 0.8725 0.4653 0.1492
vn 0.8725 0.4653 0.1493
vn 0.6717 0.7392 0.0495
vn 0.4312 0.9013 -0.0415
vn 0.1876 0.9751 -0.1181
vn 0.0677 0.9861 -0.1515
vn 0.0678 0.9861 -0.1515
vn 0.1683 -0.9632 0.2096
vn 0.2856 -0.9292 0.2345
vn 0.2857 -0.9292 0.2345
vn 0.1684 -0.9632 0.2095
vn -0.0500 0.9821 -0.1817
vn 0.0500 -0.9821 0.1817
vn -0.3069 0.9213 -0.2387
vn -0.5628 0.7772 -0.2813
vn -0.5628 0.7773 -0.2812
vn -0.3068 0.9213 -0.2387
vn -0.7769 0.5541 -0.2991
vn -0.7768 0.5541 -0.2991
vn -0.9239 0.2540 -0.2862
vn -0.9239 0.2541 -0.2862
vn -0.9669 -0.0920 -0.2381
vn -0.8899 -0.4269 -0.1604
vn -0.8899 -0.4270 -0.1604
vn -0.7136 -0.6973 -0.0677
vn -0.7135 -0.6973 -0.0677
vn -0.4778 -0.8781 0.0253
vn -0.4778 -0.8781 0.0252
vn -0.2225 -0.9689 0.1079
vn -0.2225 -0.9690 0.1079
vn -0.0959 -0.9849 0.1439
vn -0.1689 0.9631 -0.2097
vn -0.3068 0.9214 -0.2387
vn -0.3067 0.9214 -0.2387
vn -0.1688 0.9631 -0.2097
vn 0.4601 -0.8563 0.2345
vn 0.7400 -0.6244 0.2500
vn 0.4601 -0.8563 0.2346
vn 0.8972 -0.3719 0.2380
vn 0.8972 -0.3720 0.2380
vn 0.9684 -0.1323 0.2113
vn 0.9684 -0.1324 0.2113
vn 0.9800 0.0937 0.1753
vn 0.9401 0.3149 0.1301
vn 0.9401 0.3150 0.1301
vn 0.8397 0.5381 0.0728
vn 0.6525 0.7578 -0.0009
vn 0.6526 0.7577 -0.0009
vn 0.3465 0.9337 -0.0903
vn 0.3466 0.9336 -0.0903
vn 0.1499 0.9793 -0.1364
vn 0.1498 0.9793 -0.1364
vn 0.2714 -0.9389 0.2118
vn 0.4598 -0.8565 0.2346
vn -0.0611 0.9821 -0.1780
vn 0.0611 -0.9821 0.1780
vn -0.4907 0.8383 -0.2375
vn -0.7781 0.5765 -0.2493
vn -0.4906 0.8384 -0.2376
vn -0.9154 0.3276 -0.2340
vn -0.9154 0.3275 -0.2340
vn -0.9722 0.1079 -0.2079
vn -0.9801 -0.0928 -0.1755
vn -0.9474 -0.2897 -0.1358
vn -0.8639 -0.4966 -0.0845
vn -0.8638 -0.4966 -0.0845
vn -0.6965 -0.7174 -0.0145
vn -0.3984 -0.9140 0.0769
vn -0.3985 -0.9139 0.0769
vn -0.1981 -0.9721 0.1258
vn -0.1983 -0.9720 0.1258
vn -0.2723 0.9386 -0.2119
vn -0.4906 0.8384 -0.2375
vn -0.2724 0.9386 -0.2119
vn 0.8979 -0.4401 -0.0004
vn 0.9977 0.0678 -0.0003
vn 0.0678 -0.9977 -0.0004
vn 0.0678 -0.9977 -0.0003
vn 0.5576 -0.8301 -0.0004
vn 0.4805 -0.1745 0.8595
vn 0.6574 -0.3040 0.6895
vn 0.7249 0.0493 0.6871
vn 0.4473 0.0327 0.8938
vn 0.8301 0.5576 -0.0004
vn -0.4401 -0.8979 -0.0004
vn 0.4412 0.2359 0.8658
vn 0.6071 0.3949 0.6895
vn 0.0380 -0.7258 0.6868
vn 0.0028 -0.4763 0.8793
vn -0.3287 -0.6457 0.6892
vn 0.4401 0.8979 -0.0004
vn -0.0678 0.9977 -0.0003
vn -0.8301 -0.5576 -0.0004
vn -0.9977 -0.0678 -0.0003
vn -0.5575 0.8302 -0.0004
vn -0.5575 0.8302 -0.0003
vn -0.8979 0.4401 -0.0004
vn -0.0717 0.4806 0.8740
vn -0.0659 0.7239 0.6867
vn -0.4131 0.5953 0.6892
vn 0.8054 0.5926 0.0070
vn 0.7716 0.6361 0.0067
vn 0.8007 0.5991 0.0069
vn -0.7369 -0.6759 -0.0065
vn -0.6117 -0.7911 -0.0055
vn -0.6242 -0.7812 -0.0060
vn -0.7417 -0.6707 -0.0065
vn 0.8944 0.4472 0.0076
vn 0.8055 0.5926 0.0070
vn 0.8007 0.5990 0.0071
vn 0.8867 0.4624 0.0076
vn -0.4322 -0.9018 -0.0041
vn -0.1616 -0.9869 -0.0019
vn -0.1711 -0.9853 -0.0020
vn -0.4391 -0.8984 -0.0041
vn -0.0348 -0.1810 0.9829
vn -0.0531 -0.0676 0.9963
vn 0.0953 -0.2308 0.9683
vn 0.0589 -0.0630 0.9963
vn 0.2169 -0.9762 0.0012
vn 0.2073 -0.9783 0.0012
vn -0.6215 0.7834 -0.0047
vn -0.7791 0.6269 -0.0061
vn -0.7829 0.6221 -0.0061
vn -0.6275 0.7786 -0.0047
vn 0.6390 -0.7692 0.0048
vn 0.9193 -0.3935 0.0074
vn 0.9208 -0.3899 0.0073
vn 0.6361 -0.7716 0.0048
vn -0.3762 0.9265 -0.0026
vn -0.3853 0.9228 -0.0026
vn -0.0043 1.0000 0.0005
vn -0.0148 0.9999 0.0005
vn -0.5824 -0.4412 0.6827
vn -0.3289 -0.6456 0.6892
vn -0.7079 0.7063 -0.0054
vn -0.9209 0.3897 -0.0074
vn -0.9170 0.3989 -0.0073
vn -0.7023 0.7118 -0.0054
vn -0.4801 0.8772 -0.0035
vn -0.4752 0.8799 -0.0034
vn -0.9970 -0.0764 -0.0083
vn -0.9977 -0.0678 -0.0083
vn 0.8094 0.5872 0.0070
vn 0.4535 0.8912 0.0042
vn 0.4491 0.8935 0.0042
vn 0.8110 0.5850 0.0070
vn -0.2749 0.9615 -0.0017
vn -0.2710 0.9626 -0.0017
vn -0.8597 -0.5107 -0.0074
vn -0.6058 -0.7956 -0.0054
vn -0.5995 -0.8003 -0.0054
vn -0.8546 -0.5193 -0.0074
vn 0.9994 -0.0350 0.0082
vn 0.9684 0.2492 0.0081
vn 0.9703 0.2418 0.0081
vn 0.9992 -0.0399 0.0082
vn -0.1139 0.9935 -0.0001
vn -0.0678 0.9977 -0.0000
vn -0.1211 0.9926 -0.0004
vn -0.3570 -0.9341 -0.0035
vn -0.3518 -0.9361 -0.0034
vn 0.9136 -0.4067 0.0072
vn 0.8935 -0.4489 0.0071
vn 0.9168 -0.3992 0.0073
vn -0.1421 -0.9898 -0.0017
vn -0.1381 -0.9904 -0.0017
vn 0.1144 0.6304 0.7678
vn -0.0920 0.2368 0.9672
vn 0.0637 0.2473 0.9668
vn 0.0144 -0.9999 -0.0004
vn 0.0678 -0.9977 -0.0000
vn 0.0217 -0.9998 -0.0004
vn -0.5576 0.8301 -0.0004
vn -0.4132 0.5952 0.6892
vn -0.6370 0.3577 0.6829
vn 0.0214 -0.1385 -0.9901
vn 0.0213 -0.1385 -0.9901
vn 0.0306 0.2209 0.9748
vn 0.0305 0.2208 0.9748
vn 0.0306 0.2208 0.9748
vn 0.4795 0.2597 -0.8382
vn 0.6526 0.3676 -0.6625
vn 0.5360 0.5084 -0.6740
vn 0.6526 0.3674 -0.6627
vn 0.5361 0.5082 -0.6741
vn 0.4024 0.6313 -0.6629
vn 0.2831 0.4614 -0.8408
vn 0.3664 -0.6391 -0.6762
vn 0.2975 -0.5323 -0.7926
vn 0.1712 -0.7041 -0.6891
vn 0.2063 -0.6948 -0.6890
vn -0.6869 0.2316 -0.6888
vn -0.6979 0.1966 -0.6887
vn -0.6194 0.3995 -0.6759
vn 0.9906 0.1363 0.0067
vn 0.9958 0.0910 0.0067
vn 0.9962 -0.0864 0.0056
vn 0.9975 -0.0705 0.0056
vn 0.9858 -0.1680 0.0051
vn -0.8455 -0.5338 -0.0081
vn -0.9038 -0.4279 -0.0079
vn -0.8422 -0.5392 -0.0081
vn -0.6630 -0.7486 -0.0082
vn -0.7706 -0.6372 -0.0083
vn -0.6576 -0.7533 -0.0082
vn -0.5244 -0.8514 -0.0080
vn 0.1803 0.9836 0.0067
vn 0.2244 0.9745 0.0069
vn 0.2308 0.9730 0.0067
vn 0.2754 0.9613 0.0071
vn 0.2308 0.9730 0.0069
vn -0.1446 -0.1323 -0.9806
vn -0.0084 -0.0855 -0.9963
vn -0.1002 -0.1992 -0.9748
vn -0.0085 -0.0855 -0.9963
vn 0.0146 0.0139 -0.9998
vn -0.0083 -0.0853 -0.9963
vn 0.0820 -0.0094 -0.9966
vn -0.0853 -0.0036 -0.9964
vn -0.0063 0.0807 -0.9967
vn -0.0858 -0.0046 -0.9963
vn -0.2126 -0.0950 -0.9725
vn -0.0859 -0.0046 -0.9963
vn -0.0860 -0.0047 -0.9963
vn -0.0859 -0.0045 -0.9963
vn 0.8738 0.4862 0.0080
vn -0.5244 0.8515 0.0010
vn -0.6137 0.7896 0.0008
vn -0.5209 0.8536 0.0017
vn -0.6534 0.7570 0.0004
vn -0.9172 -0.3984 -0.0078
vn 0.2312 0.1084 -0.9668
vn 0.1290 0.0275 -0.9913
vn -0.5520 -0.8338 -0.0081
vn -0.4795 -0.8775 -0.0079
vn -0.4673 -0.8841 -0.0078
vn -0.4671 -0.8842 -0.0075
vn -0.3679 -0.9298 -0.0075
vn -0.4793 -0.8776 -0.0079
vn -0.3278 -0.9447 -0.0073
vn -0.3201 -0.9474 -0.0073
vn 0.7205 -0.6935 0.0007
vn 0.7552 -0.6554 0.0008
vn 0.7256 -0.6882 0.0005
vn 0.0015 0.0020 -1.0000
vn 0.0014 0.0019 -1.0000
vn 0.0365 0.1295 -0.9909
vn 0.1208 0.2250 -0.9668
vn 0.1084 -0.2312 -0.9668
vn -0.3270 -0.3067 -0.8939
vn -0.2312 -0.1084 -0.9668
vn 0.0361 0.0464 -0.9983
vn 0.0901 -0.0036 -0.9959
vn 0.0853 -0.0068 -0.9963
vn 0.0853 -0.0067 -0.9963
vn 0.0854 -0.0067 -0.9963
vn 0.0014 0.0017 -1.0000
vn -0.0018 0.0856 -0.9963
vn -0.0061 0.0850 -0.9964
vn -0.0017 0.0857 -0.9963
vn -0.0017 0.0856 -0.9963
vn -0.0715 0.1811 -0.9809
vn -0.1085 0.2312 -0.9668
vn -0.0200 -0.7380 -0.6745
vn -0.0193 -0.7119 -0.7021
vn -0.0199 -0.7381 -0.6744
vn 0.2062 -0.6948 -0.6890
vn 0.1711 -0.7041 -0.6892
vn -0.1508 -0.2086 -0.9663
vn -0.1207 -0.2250 -0.9668
vn -0.6979 0.1964 -0.6887
vn -0.7380 0.0200 -0.6745
vn -0.6865 0.0186 -0.7269
vn -0.6869 0.2314 -0.6889
vn -0.9865 -0.0919 0.1356
vn 0.9865 0.0919 -0.1356
vn -0.9865 -0.0921 0.1356
vn 0.9865 0.0921 -0.1356
vn 0.9865 0.0924 -0.1355
vn 0.9864 0.0928 -0.1355
vn 0.0214 -0.1385 0.9901
vn 0.0213 -0.1385 0.9901
vn 0.0306 0.2208 -0.9748
vn 0.0306 0.2209 -0.9748
vn 0.0305 0.2208 -0.9748
vn -0.9650 -0.0919 -0.2455
vn 0.9650 0.0919 0.2455
vn -0.9819 -0.0921 -0.1653
vn 0.9819 0.0921 0.1653
vn 0.9847 0.0924 0.1479
vn -0.9669 -0.0919 -0.2381
vn 0.9669 0.0919 0.2381
vn 0.9801 0.0928 0.1755
vn -0.5159 -0.1766 0.8382
vn -0.7129 -0.2308 0.6622
vn -0.7371 -0.0496 0.6740
vn -0.7125 -0.2312 0.6625
vn -0.7371 -0.0502 0.6740
vn -0.7370 0.1320 0.6629
vn -0.5311 0.1046 0.8408
vn 0.1898 -0.5795 0.7926
vn 0.2217 -0.7026 0.6762
vn 0.4017 -0.6031 0.6891
vn 0.3711 -0.6226 0.6890
vn 0.1260 0.7262 0.6758
vn 0.3284 0.6464 0.6887
vn 0.2952 0.6621 0.6889
vn -0.7716 -0.6361 -0.0067
vn -0.7417 -0.6707 -0.0067
vn -0.7370 -0.6759 -0.0065
vn -0.6241 -0.7813 -0.0056
vn -0.6115 -0.7912 -0.0054
vn -0.5426 -0.8400 -0.0048
vn 0.9271 0.3746 0.0079
vn 0.9656 0.2600 0.0081
vn 0.9672 0.2540 0.0081
vn 0.9908 0.1348 0.0082
vn 0.9998 -0.0197 0.0082
vn 0.9996 -0.0270 0.0082
vn 0.9815 -0.1914 0.0080
vn -0.8455 0.5339 -0.0067
vn -0.8719 0.4896 -0.0067
vn -0.8687 0.4953 -0.0069
vn -0.8935 0.4489 -0.0071
vn -0.8719 0.4896 -0.0069
vn -0.0202 -0.0013 0.9998
vn 0.0686 -0.0517 0.9963
vn 0.1953 0.0167 0.9806
vn 0.0685 -0.0518 0.9963
vn -0.0489 -0.0669 0.9966
vn 0.0685 -0.0519 0.9963
vn 0.2148 -0.0616 0.9747
vn 0.0615 0.0601 0.9963
vn -0.0549 0.0593 0.9967
vn 0.0614 0.0601 0.9963
vn 0.0615 0.0602 0.9963
vn 0.0618 0.0600 0.9963
vn 0.2140 0.0919 0.9725
vn -0.9497 -0.3130 -0.0080
vn -0.1212 0.9926 -0.0004
vn -0.2708 0.9626 -0.0010
vn -0.1139 0.9935 -0.0004
vn -0.2747 0.9615 -0.0017
vn -0.1648 0.9863 -0.0006
vn 0.9145 0.4045 0.0078
vn -0.2364 -0.0966 0.9668
vn -0.1076 -0.0763 0.9913
vn 0.9872 -0.1594 0.0081
vn 0.9668 -0.2555 0.0078
vn 0.9702 -0.2423 0.0079
vn 0.9667 -0.2556 0.0075
vn 0.9331 -0.3596 0.0075
vn 0.9701 -0.2424 0.0079
vn 0.9136 -0.4067 0.0073
vn 0.0217 -0.9998 -0.0007
vn -0.0298 -0.9996 -0.0011
vn -0.2473 0.0637 0.9668
vn -0.1198 0.0609 0.9909
vn 0.0964 -0.2365 0.9668
vn 0.0965 -0.2365 0.9668
vn 0.2364 0.0965 0.9668
vn 0.4471 0.0327 0.8939
vn -0.0581 0.0058 0.9983
vn -0.0529 -0.0665 0.9964
vn -0.0529 -0.0674 0.9963
vn -0.0530 -0.0673 0.9963
vn -0.0529 -0.0673 0.9963
vn -0.0016 0.0002 1.0000
vn -0.0021 -0.0001 1.0000
vn -0.0017 0.0001 1.0000
vn -0.0618 0.0593 0.9963
vn -0.0603 0.0586 0.9965
vn -0.0847 0.1755 0.9808
vn -0.0954 0.2366 0.9669
vn 0.4018 -0.6030 0.6891
vn 0.5562 -0.4854 0.6745
vn 0.3712 -0.6225 0.6890
vn 0.5562 -0.4855 0.6745
vn 0.5365 -0.4683 0.7020
vn 0.2473 -0.0636 0.9668
vn 0.2473 -0.0637 0.9668
vn 0.4855 0.5562 0.6745
vn 0.4516 0.5174 0.7269
vn 0.4854 0.5563 0.6745
vn 0.3285 0.6463 0.6887
vn 0.2953 0.6620 0.6888
vn -0.8617 -0.5074 -0.0000
vn 0.8617 0.5074 -0.0000
vn 0.8562 0.5163 0.0170
vn 0.8845 0.4666 -0.0011
vn -0.2423 -0.1436 -0.9595
vn -0.2467 -0.1452 -0.9582
vn -0.2461 -0.1451 -0.9583
vn -0.2421 -0.1435 -0.9596
vn 0.8617 0.5074 -0.0042
vn 0.8806 0.4738 -0.0030
vn -1.0000 0.0083 -0.0001
vn -0.5000 0.0083 0.8660
vn -0.4999 0.0083 -0.8660
vn -0.8637 -0.5041 -0.0006
vn -0.8621 -0.5068 -0.0001
vn 0.8632 0.5049 0.0005
vn 0.8622 0.5066 -0.0000
vn 0.8620 0.5070 -0.0001
vn 0.8632 0.5049 -0.0005
vn -0.8621 -0.5068 0.0001
vn -0.8636 -0.5042 0.0007
vn -0.0824 0.5043 0.8596
vn 0.2925 0.8574 0.4235
vn -0.1543 0.4601 0.8744
vn 0.7006 0.1077 -0.7054
vn 1.0000 0.0070 -0.0001
vn 0.8058 -0.0553 -0.5896
vn 0.8079 -0.0613 0.5862
vn 1.0000 0.0071 0.0001
vn 0.7102 0.1067 0.6959
vn -0.2316 0.5638 -0.7928
vn -0.2270 0.4194 -0.8790
vn -0.1898 0.1843 -0.9644
vn -0.1543 0.4600 0.8744
vn 0.1021 0.4334 0.8954
vn -0.2430 0.4127 0.8778
vn 0.2549 0.0327 0.9664
vn 0.1922 0.0213 0.9811
vn 0.2216 -0.0573 0.9734
vn 0.1922 0.0213 -0.9811
vn 0.2549 0.0327 -0.9664
vn 0.2217 -0.0573 -0.9734
vn 0.8486 0.5291 -0.0001
vn 0.8915 0.4530 -0.0000
vn 0.8968 0.4424 -0.0000
vn -0.8743 -0.4853 -0.0000
vn -0.8581 -0.5134 -0.0000
vn -0.8597 -0.5109 -0.0000
vn 0.8486 0.5290 0.0001
vn 0.8915 0.4529 -0.0000
vn -0.8743 -0.4854 -0.0000
vn -0.8582 -0.5134 -0.0000
vn 0.9681 -0.2507 -0.0000
vn 0.5074 -0.8617 -0.0000
vn 0.5073 -0.8617 -0.0000
vn -0.2506 -0.9681 -0.0000
vn -0.9681 0.2506 -0.0000
vn -0.5074 0.8617 -0.0000
vn -0.5073 0.8617 -0.0000
vn 0.2506 0.9681 -0.0000
vn 0.8617 0.5073 -0.0000
vn 0.9681 -0.2505 -0.0000
vn -0.4861 0.8256 -0.2865
vn -0.5185 0.8410 -0.1544
vn -0.5185 0.8410 -0.1543
vn -0.8317 0.2062 -0.5154
vn -0.8649 -0.0403 -0.5004
vn -0.8646 -0.0417 0.5007
vn -0.8319 0.2042 0.5161
vn -0.2991 -0.1301 0.9453
vn -0.2990 -0.1301 0.9453
vn -0.7622 0.6474 -0.0000
vn -0.7621 0.6475 -0.0000
vn -0.0553 -0.9984 0.0082
vn -0.7877 -0.6160 0.0087
vn -0.7901 -0.6129 0.0087
vn -0.9062 -0.4227 0.0077
vn -0.9063 -0.4227 0.0077
vn -0.0185 0.2267 0.9738
vn 0.0013 0.1241 0.9923
vn -0.0767 0.6067 0.7912
vn 0.7394 0.6672 0.0904
vn 0.8616 0.5076 -0.0000
vn 0.8617 0.5073 0.0001
vn 0.8613 0.5081 0.0001
vn 0.8618 0.5073 0.0002
vn 0.8615 0.5078 0.0001
vn 0.7393 0.6672 0.0903
vn -0.0767 0.6069 0.7911
vn -0.1374 0.9803 0.1417
vn 0.6624 0.7487 0.0261
vn -0.2857 -0.1171 -0.9511
vn -0.2858 -0.1171 -0.9511
vn -0.2858 -0.1172 -0.9511
vn -0.8608 -0.5089 -0.0031
vn -0.8606 -0.5092 -0.0022
vn -0.8606 -0.5093 -0.0022
vn -0.8607 -0.5091 -0.0031
vn -0.4360 0.6562 -0.6159
vn 0.0430 0.4880 -0.8718
vn 0.1324 0.4384 -0.8890
vn -0.1414 0.9788 -0.1483
vn 0.6613 0.7497 -0.0256
vn -0.0942 0.5865 -0.8044
vn -0.0231 0.0974 -0.9950
vn -0.0414 0.2060 -0.9777
vn -0.1090 0.7139 -0.6917
vn -0.8605 -0.5095 -0.0010
vn -0.8604 -0.5097 -0.0011
vn 0.8549 0.5187 0.0001
vn 0.8565 0.5161 -0.0046
vn -0.8618 -0.5073 -0.0000
vn -0.9037 -0.4281 -0.0002
vn -0.9033 -0.4290 -0.0002
vn -0.8619 -0.5071 0.0001
vn -0.2415 -0.1429 -0.9598
vn -0.2416 -0.1430 -0.9598
vn -0.9468 -0.3217 -0.0005
vn -0.4809 0.8168 -0.3186
vn -0.0724 0.1229 -0.9898
vn -0.0725 0.1228 -0.9898
vn -0.4110 0.6597 0.6292
vn 0.1354 0.4421 0.8867
vn 0.0557 0.4873 0.8715
vn -0.4110 0.6596 0.6292
vn 0.2630 0.9648 -0.0000
vn -0.1004 0.9949 -0.0000
vn 0.2597 0.9657 -0.0000
vn -0.8570 -0.5046 0.1045
vn -0.8589 -0.5057 0.0814
vn -0.8589 -0.5057 0.0813
vn 0.5019 -0.8525 -0.1459
vn 0.0538 -0.0914 -0.9944
vn 0.0539 -0.0914 -0.9944
vn 0.7587 0.6514 -0.0000
vn 0.2632 0.9647 -0.0000
vn 0.2599 0.9656 -0.0000
vn 0.7563 0.6542 -0.0000
vn -0.2406 -0.1416 0.9602
vn 0.2644 0.9644 -0.0000
vn 0.2657 0.9641 -0.0000
vn 0.2658 0.9640 -0.0000
vn 0.2646 0.9644 -0.0000
vn 0.7568 0.6537 -0.0000
vn 0.7543 0.6565 -0.0001
vn -0.8089 0.5880 -0.0000
vn 0.9389 0.3442 -0.0000
vn 0.7856 0.6187 -0.0000
vn -0.4861 0.8256 0.2866
vn -0.5173 0.8405 0.1609
vn 0.9965 0.0831 -0.0000
vn 0.8299 -0.5579 -0.0000
vn 0.9052 -0.4251 -0.0000
vn 0.9052 -0.4251 -0.0001
vn 0.9053 -0.4249 -0.0000
vn -0.4810 0.8167 0.3188
vn -0.4809 0.8168 0.3189
vn -0.8570 -0.5046 -0.1045
vn -0.8589 -0.5057 -0.0814
vn -0.8589 -0.5057 -0.0813
vn -0.0724 0.1229 0.9898
vn 0.5012 -0.8512 0.1557
vn 0.5012 -0.8512 0.1558
vn 0.0538 -0.0912 0.9944
vn 0.0537 -0.0913 0.9944
vn -0.4615 -0.2380 -0.8546
vn -0.3200 -0.5419 -0.7772
vn -0.8178 -0.5536 -0.1576
vn -0.8583 -0.5010 -0.1109
vn 0.1537 -0.9703 -0.1868
vn -0.5093 -0.8594 -0.0454
vn -0.3401 0.9404 -0.0000
vn 0.2603 -0.9655 -0.0000
vn 0.1472 -0.9692 0.1977
vn -0.5637 -0.8248 0.0429
vn -0.3200 -0.5419 0.7772
vn -0.4615 -0.2380 0.8546
vn -0.8586 -0.5013 0.1077
vn -0.8193 -0.5525 0.1534
vn -1.0000 0.0083 -0.0000
vn -1.0000 -0.0083 -0.0000
vn -0.5000 -0.0083 0.8660
vn -0.5000 0.0083 -0.8660
vn -0.5000 -0.0083 -0.8660
vn -0.2238 0.0419 -0.9737
vn -0.2341 0.0562 -0.9706
vn -0.5009 0.4914 -0.7124
vn -0.5106 0.5101 -0.6922
vn 0.1079 0.0505 0.9929
vn 0.1124 0.0427 0.9927
vn 0.1128 0.0430 0.9927
vn 0.1069 0.0520 0.9929
vn 0.6026 -0.7981 -0.0000
vn 0.1128 0.0431 -0.9927
vn 0.1083 0.0506 -0.9928
vn 0.1072 0.0522 -0.9929
vn 0.1132 0.0431 -0.9926
vn -0.5126 0.5064 0.6933
vn -0.2311 0.0511 0.9716
vn -0.2207 0.0366 0.9747
vn -0.5219 0.5244 0.6727
vn -0.6134 0.7897 0.0136
vn -0.6137 0.7893 0.0170
vn -0.6137 0.7893 -0.0168
vn -0.6133 0.7897 -0.0134
vn -0.6486 0.6742 -0.3532
vn -0.5455 -0.0665 -0.8354
vn -0.8721 -0.4844 -0.0696
vn -0.6248 0.7346 -0.2646
vn -0.4610 -0.2389 -0.8546
vn -0.8606 -0.5038 -0.0742
vn 0.4289 -0.9034 -0.0000
vn -0.6522 0.6692 0.3562
vn -0.6056 0.7496 0.2672
vn -0.6042 0.7368 0.3033
vn -0.6276 0.7333 0.2616
vn 0.1018 0.0592 0.9930
vn 0.1079 0.0504 0.9929
vn 0.1017 0.0592 0.9931
vn -0.5009 0.4914 -0.7125
vn -0.6033 0.7509 -0.2687
vn -0.6015 0.7393 -0.3026
vn -0.5126 0.5064 0.6934
vn 0.1020 0.0595 -0.9930
vn 0.1021 0.0595 -0.9930
vn -0.4610 -0.2389 0.8546
vn -0.5455 -0.0665 0.8355
vn -0.8726 -0.4828 0.0744
vn -0.8603 -0.5035 0.0793
vn 0.1020 0.0597 -0.9930
vn 0.1015 0.0597 -0.9930
vn 0.1020 0.0596 -0.9930
vn 0.1017 0.0598 -0.9930
vn -0.4384 0.8988 -0.0000
vn 0.1014 0.0597 0.9931
vn 0.1017 0.0595 0.9930
vn 0.1012 0.0594 0.9931
vn 0.1016 0.0595 0.9930
vn -0.6485 0.6743 -0.3531
vn -0.6015 0.7394 -0.3025
vn -0.5468 0.5503 -0.6311
vn -0.5347 0.5280 -0.6598
vn -0.5461 0.5484 0.6333
vn -0.5343 0.5256 0.6620
vn -0.2639 -0.0399 0.9637
vn -0.0020 -0.0243 0.9997
vn -0.0556 -0.0276 0.9981
vn -0.9996 -0.0275 -0.0000
vn -0.9788 -0.0269 0.2033
vn -0.9787 -0.0273 0.2036
vn -0.0019 -0.0243 -0.9997
vn -0.2639 -0.0399 -0.9637
vn -0.0556 -0.0276 -0.9981
vn 0.9535 -0.0307 0.2999
vn 0.9535 -0.0307 0.3000
vn 0.9995 -0.0321 -0.0000
vn 0.9995 -0.0320 -0.0000
vn 0.3828 0.0018 -0.9238
vn 0.3828 0.0018 0.9238
vn -0.9788 -0.0271 -0.2031
vn -0.9788 -0.0269 -0.2033
vn 0.9534 -0.0307 -0.3000
vn 0.9535 -0.0307 -0.2999
vn 0.2934 -0.0739 0.9531
vn 0.2664 -0.1789 0.9471
vn 0.1642 -0.1181 0.9793
vn -0.0236 -0.0006 0.9997
vn -0.8279 0.5237 -0.2010
vn -0.8443 0.5359 -0.0000
vn -0.8355 0.5495 -0.0000
vn -0.8182 0.5381 -0.2024
vn -0.0236 -0.0007 -0.9997
vn 0.1642 -0.1181 -0.9793
vn 0.2664 -0.1788 -0.9471
vn 0.2934 -0.0739 -0.9531
vn 0.8117 -0.5841 -0.0000
vn 0.9716 -0.2367 -0.0000
vn 0.9528 -0.2436 -0.1811
vn 0.7979 -0.5741 -0.1837
vn -0.9934 -0.0847 0.0775
vn -0.9964 -0.0850 -0.0000
vn -0.9997 0.0224 -0.0000
vn -0.9954 0.0381 0.0883
vn 0.0280 -0.0187 0.9994
vn 0.0256 0.0173 0.9995
vn 0.2135 0.1727 0.9616
vn 0.2103 0.2204 0.9525
vn 0.2135 0.1727 -0.9616
vn 0.0256 0.0173 -0.9995
vn 0.0280 -0.0187 -0.9994
vn 0.2103 0.2204 -0.9525
vn -0.7518 -0.6545 0.0802
vn -0.7418 -0.6706 -0.0000
vn -0.5235 -0.8520 -0.0000
vn -0.5212 -0.8482 0.0945
vn 0.0050 -0.0047 1.0000
vn 0.3189 0.0058 0.9478
vn 1.0000 0.0040 -0.0000
vn 0.9863 0.0027 -0.1652
vn 0.0077 -0.0048 -1.0000
vn 0.3189 0.0057 -0.9478
vn 0.0016 -0.0004 1.0000
vn 0.3355 0.0036 0.9420
vn 0.9999 0.0104 -0.0000
vn 0.9863 0.0101 -0.1648
vn 0.0213 -0.0003 -0.9998
vn 0.3354 0.0036 -0.9421
vn -0.9991 -0.0150 0.0403
vn -0.9999 -0.0150 -0.0000
vn -0.0000 -0.0001 1.0000
vn 0.3359 0.0034 0.9419
vn 1.0000 0.0099 -0.0000
vn 0.9862 0.0098 -0.1652
vn -0.0025 -0.0005 -1.0000
vn 0.3362 0.0035 -0.9418
vn -0.0751 -0.9164 -0.3932
vn -0.1038 -0.9938 -0.0404
vn -0.0000 -1.0000 0.0001
vn -0.0000 -0.9239 -0.3826
vn -0.1773 -0.0027 0.9842
vn -0.1741 -0.0026 0.9847
vn -0.0000 1.0000 0.0001
vn -0.0000 1.0000 -0.0002
vn -0.0000 0.9191 0.3939
vn -0.1710 -0.0027 -0.9853
vn -0.1695 -0.0027 -0.9855
vn -0.9235 0.3836 -0.0000
vn -0.9178 0.3812 0.1114
vn 0.0354 -0.0633 0.9974
vn 0.0613 0.0370 0.9974
vn 0.0977 0.1821 0.9784
vn 0.5649 0.8252 -0.0000
vn 0.5645 0.8255 -0.0000
vn 0.5565 0.8138 -0.1674
vn 0.5566 0.8138 -0.1673
vn 0.0977 0.1821 -0.9784
vn 0.0613 0.0370 -0.9974
vn 0.0354 -0.0633 -0.9974
vn 0.0501 -0.9859 0.1595
vn 0.0510 -0.9987 -0.0000
vn 0.0508 -0.9987 -0.0000
vn 0.0501 -0.9859 0.1596
vn 0.0527 0.0377 0.9979
vn 0.2148 0.1503 0.9650
vn 0.7308 0.6826 -0.0000
vn 0.7662 0.6426 0.0001
vn 0.7572 0.6351 -0.1526
vn 0.7242 0.6727 -0.1515
vn 0.2148 0.1503 -0.9650
vn 0.0527 0.0377 -0.9979
vn -0.8755 -0.4788 0.0655
vn -0.8772 -0.4802 -0.0000
vn -0.1052 -0.9118 -0.3969
vn -0.1427 -0.9883 -0.0536
vn -0.2528 -0.0038 0.9675
vn -0.2529 -0.0038 0.9675
vn -0.0567 0.9984 -0.0000
vn -0.0547 0.9635 0.2622
vn -0.2526 -0.0040 -0.9676
vn -0.2523 -0.0042 -0.9676
vn 0.9992 0.0399 -0.0000
vn 0.9992 0.0398 -0.0000
vn 0.9957 0.0397 -0.0833
vn -0.0000 0.1767 -0.9843
vn -0.9973 0.0264 0.0684
vn -0.9996 0.0265 -0.0000
vn -0.9997 0.0264 -0.0000
vn -0.0000 0.1767 0.9843
vn 0.0027 -0.0000 1.0000
vn 0.3363 0.0039 0.9418
vn 0.0226 -0.0000 -0.9997
vn 0.3364 0.0033 -0.9417
vn -0.9658 -0.0116 0.2590
vn -0.9658 -0.0116 0.2591
vn -0.9999 -0.0159 -0.0049
vn -0.9999 -0.0158 0.0016
vn -0.9994 -0.0341 -0.0038
vn -0.9754 -0.2185 -0.0306
vn -0.9748 -0.2214 -0.0266
vn -0.9937 -0.1120 -0.0034
vn -0.9960 0.0517 -0.0723
vn -0.9956 -0.0921 -0.0192
vn -0.9991 -0.0418 -0.0067
vn -0.9974 0.0401 -0.0598
vn -0.9959 0.0430 0.0795
vn -0.9959 0.0428 0.0793
vn -0.0000 -0.0083 -1.0000
vn -0.0000 -0.6682 -0.7440
vn -0.0000 -1.0000 -0.0001
vn -0.0000 0.0205 0.9998
vn 0.0001 1.0000 -0.0000
vn -0.0001 0.5113 0.8594
vn -0.0000 0.6822 0.7312
vn 0.9931 0.1175 -0.0001
vn 0.9931 0.1175 0.0001
vn 0.9713 0.1150 -0.2082
vn 0.9713 0.1150 -0.2081
vn -0.0000 0.3884 -0.9215
vn 0.0004 0.3886 -0.9214
vn -0.9433 0.0011 0.3318
vn -1.0000 0.0012 -0.0002
vn -1.0000 0.0012 0.0001
vn -0.0000 0.3884 0.9215
vn 0.6862 0.7274 -0.0000
vn 0.6786 0.7192 -0.1493
vn -0.1379 -0.9397 -0.3129
vn -0.0251 -0.9629 -0.2686
vn 0.0175 -0.9997 -0.0161
vn -0.0962 -0.9948 -0.0325
vn -0.3369 -0.0050 -0.9415
vn -0.3371 -0.0048 -0.9415
vn -0.3357 -0.0049 -0.9420
vn -0.3184 -0.0156 -0.9478
vn -0.2998 0.0203 -0.9538
vn -0.2621 0.1384 -0.9551
vn -0.2154 -0.1487 -0.9651
vn -0.1938 -0.2058 -0.9592
vn -0.1681 -0.2702 -0.9480
vn -0.0118 -0.2411 -0.9704
vn -0.8535 0.5212 -0.0000
vn -0.8363 0.5107 -0.1997
vn -0.0118 -0.2412 0.9704
vn -0.0118 -0.2411 0.9704
vn -0.1938 -0.2058 0.9592
vn -0.1681 -0.2703 0.9480
vn -0.2154 -0.1487 0.9651
vn -0.2621 0.1384 0.9551
vn -0.2998 0.0204 0.9538
vn -0.3185 -0.0154 0.9478
vn -0.3355 -0.0048 0.9420
vn -0.3359 -0.0050 0.9419
vn -0.3361 -0.0048 0.9418
vn -0.8754 -0.4788 -0.0656
vn -0.7518 -0.6545 -0.0803
vn -0.5212 -0.8482 -0.0945
vn 0.0501 -0.9859 -0.1597
vn 0.0501 -0.9859 -0.1596
vn -0.8362 0.5107 0.1998
vn -0.8279 0.5236 0.2011
vn -0.8182 0.5381 0.2025
vn 0.5565 0.8138 0.1675
vn 0.7242 0.6727 0.1515
vn 0.6786 0.7192 0.1495
vn 0.7572 0.6351 0.1527
vn 0.9528 -0.2436 0.1812
vn 0.7979 -0.5741 0.1838
vn 0.9862 0.0026 0.1653
vn 0.9863 0.0101 0.1649
vn 0.9862 0.0098 0.1652
vn 1.0000 0.0099 0.0001
vn 0.0300 -0.9716 0.2348
vn -0.0452 -0.9652 0.2575
vn -0.0000 -0.6683 0.7439
vn -0.9677 -0.0189 -0.2513
vn -0.9435 0.0012 -0.3313
vn -0.0001 0.5124 -0.8587
vn 0.9714 0.1149 0.2078
vn -0.0000 0.6828 -0.7306
vn -0.1625 -0.9388 0.3036
vn -0.1142 -0.9376 0.3285
vn -0.0000 -0.9238 0.3828
vn -0.9991 -0.0150 -0.0403
vn -0.9973 0.0264 -0.0684
vn -0.9973 0.0264 -0.0685
vn -0.0000 0.9190 -0.3944
vn -0.0000 0.9190 -0.3943
vn 0.9957 0.0397 0.0834
vn 0.9957 0.0398 0.0834
vn -0.0547 0.9634 -0.2624
vn -0.0546 0.9634 -0.2624
vn -0.9934 -0.0847 -0.0775
vn -0.9954 0.0381 -0.0883
vn -0.9178 0.3812 -0.1114
vn 0.1581 -0.0000 0.9874
vn 0.1671 -0.0000 0.9859
vn 0.7758 -0.0000 0.6310
vn 0.7758 -0.0001 0.6309
vn 0.7758 0.0001 -0.6310
vn 0.7758 -0.0000 -0.6310
vn 0.1672 -0.0000 -0.9859
vn 0.1581 -0.0000 -0.9874
vn 0.0316 0.5120 -0.8584
vn 0.0109 0.1938 -0.9810
vn -0.2268 0.4193 -0.8790
vn 0.7626 0.2633 0.5908
vn 0.9655 0.2602 -0.0000
vn 0.7965 0.6046 -0.0000
vn 0.5945 0.6104 0.5235
vn -0.0355 0.0453 -0.9983
vn -0.1678 0.0253 -0.9855
vn -0.9836 0.1802 0.0013
vn -0.9993 0.0376 0.0020
vn -0.9759 0.0363 0.2151
vn -0.9646 0.1627 0.2078
vn -0.0610 0.0467 0.9970
vn -0.0400 0.2599 0.9648
vn -0.2354 0.2749 0.9322
vn -0.2176 0.0265 0.9757
vn 0.7102 0.1067 0.6958
vn 1.0000 0.0071 -0.0000
vn 0.2271 0.8499 -0.4756
vn 0.0205 0.6685 -0.7434
vn 0.4972 0.8677 -0.0000
vn 0.3542 0.8999 0.2545
vn 0.7626 0.2633 0.5909
vn 0.5943 0.6104 0.5236
vn 0.3540 0.8999 0.2545
vn 0.4971 0.8677 -0.0000
vn 0.4970 0.8678 -0.0000
vn 0.5933 0.6103 -0.5249
vn 0.3530 0.9001 -0.2553
vn 0.7598 0.2571 -0.5972
vn 0.7006 0.1079 -0.7054
vn -0.9783 0.0356 -0.2043
vn -0.9650 0.1690 -0.2006
vn 0.0189 -0.0890 0.9959
vn -0.1794 -0.0964 0.9790
vn -0.9993 0.0375 0.0020
vn -0.9991 -0.0433 0.0012
vn -0.9778 -0.0360 0.2065
vn -0.9790 -0.0402 -0.1999
vn -0.9783 0.0355 -0.2043
vn -0.1678 0.0251 -0.9855
vn -0.0355 0.0452 -0.9983
vn 0.0326 -0.0908 -0.9953
vn -0.1648 -0.0999 -0.9813
vn 0.1087 0.3625 -0.9256
vn 0.1030 0.3491 -0.9314
vn 0.0385 0.1248 -0.9914
vn 0.0388 0.1302 -0.9907
vn 0.0388 0.1302 0.9907
vn 0.0385 0.1248 0.9914
vn 0.0998 0.3485 0.9320
vn 0.1053 0.3620 0.9262
vn -0.9628 0.2358 0.1323
vn -0.9713 0.2380 -0.0000
vn -0.9644 0.2645 0.0012
vn -0.9494 0.2636 0.1705
vn 0.9051 0.4251 0.0053
vn 0.9250 0.3799 -0.0000
vn 0.9930 -0.1184 -0.0000
vn 0.0195 0.0124 -0.9997
vn 0.0256 0.0164 -0.9995
vn -0.0174 0.0083 -0.9998
vn -0.0140 0.0096 -0.9999
vn -0.3887 0.9214 -0.0000
vn -0.5378 0.8431 -0.0000
vn -0.5368 0.8437 -0.0000
vn -0.3853 0.9228 -0.0000
vn 0.0257 0.0164 0.9995
vn 0.0195 0.0124 0.9997
vn -0.0139 0.0096 0.9999
vn -0.0174 0.0083 0.9998
vn 0.8727 -0.4883 -0.0000
vn 0.8713 -0.4908 -0.0000
vn 0.5692 -0.8222 -0.0000
vn 0.5616 -0.8274 -0.0072
vn 0.0278 0.0587 -0.9979
vn 0.0177 0.0374 -0.9991
vn -0.4739 -0.8806 -0.0000
vn 0.0177 0.0374 0.9991
vn 0.0278 0.0587 0.9979
vn 0.9822 -0.1877 -0.0000
vn 0.9817 -0.1905 -0.0000
vn 0.1655 -0.9860 -0.0196
vn 0.1670 -0.9860 0.0001
vn 0.1616 -0.9869 -0.0000
vn 0.1614 -0.9866 -0.0250
vn -0.3300 -0.0338 0.9434
vn -0.3126 -0.0324 0.9493
vn 0.1712 0.0454 0.9842
vn 0.0016 -0.0058 1.0000
vn -0.0168 0.9999 -0.0000
vn -0.1407 0.9900 -0.0000
vn -0.1393 0.9902 -0.0000
vn -0.0102 0.9999 -0.0000
vn -0.3125 -0.0338 -0.9493
vn -0.3299 -0.0343 -0.9434
vn 0.0016 -0.0059 -1.0000
vn 0.1712 0.0454 -0.9842
vn -0.9518 0.3068 0.0003
vn -0.9410 0.3030 0.1507
vn 0.8215 -0.5702 -0.0000
vn -0.1338 -0.9910 -0.0000
vn 0.8098 -0.5868 -0.0000
vn -0.0616 -0.0682 0.9958
vn -0.0712 -0.0789 0.9943
vn -0.5108 0.8597 -0.0000
vn -0.8251 0.5650 -0.0000
vn -0.8181 0.5750 -0.0000
vn -0.0712 -0.0789 -0.9943
vn -0.0616 -0.0682 -0.9958
vn 0.9288 -0.3706 -0.0000
vn -0.1004 -0.1113 0.9887
vn -0.9193 0.3937 -0.0000
vn -0.1004 -0.1113 -0.9887
vn -0.2797 -0.9601 -0.0000
vn 0.5616 -0.8274 0.0072
vn 0.1656 -0.9860 0.0196
vn 0.1615 -0.9866 0.0250
vn -0.1394 0.9902 -0.0000
vn -0.5369 0.8437 -0.0000
vn -0.9494 0.2641 -0.1700
vn -0.9628 0.2358 -0.1323
vn -0.9650 0.1691 -0.2006
vn -0.9836 0.1802 0.0012
vn -0.9627 0.2706 -0.0001
vn -0.9484 0.2623 -0.1782
vn 0.2272 0.8498 -0.4757
vn 0.9054 0.4244 -0.0053
vn -0.9483 0.2625 0.1784
vn -0.9645 0.1627 0.2078
vn -0.9415 0.3022 -0.1493
vn 0.0727 0.4803 -0.8741
vn 0.0204 0.6685 -0.7434
vn -1.0000 -0.0008 -0.0000
vn -0.9932 -0.0008 -0.1161
vn -0.9932 -0.0008 -0.1160
vn -1.0000 -0.0008 0.0001
vn -0.9932 -0.0008 0.1161
vn -0.9427 0.3306 0.0449
vn -0.9436 0.3310 -0.0000
vn -0.9481 -0.3178 -0.0000
vn -0.9539 -0.2971 -0.0433
vn -0.9427 0.3306 -0.0449
vn -0.9539 -0.2970 0.0432
vn 0.7758 -0.0000 0.6309
vn 0.1672 -0.0000 0.9859
vn 0.2326 0.0432 0.9716
vn 0.8364 0.0093 0.5481
vn 0.8518 0.0192 0.5235
vn 0.2326 0.0432 -0.9716
vn 0.8363 0.0093 -0.5481
vn 0.8518 0.0192 -0.5235
vn 0.7758 0.0001 -0.6309
vn 0.8760 0.0323 0.4813
vn 0.8760 0.0323 -0.4813
vn 0.8870 0.0263 -0.4609
vn 0.3847 -0.0380 -0.9222
vn 0.3848 -0.0380 0.9222
vn 0.8871 0.0263 0.4609
vn 1.0000 -0.0007 -0.0001
vn 0.9998 0.0176 -0.0000
vn 0.9990 0.0449 -0.0000
vn 0.1460 -0.0676 0.9870
vn 0.9995 0.0311 -0.0000
vn 0.1460 -0.0676 -0.9870
vn -0.9727 0.2320 -0.0000
vn -0.9678 0.2309 0.1002
vn -0.9678 0.2309 -0.1002
vn 0.9817 -0.1904 -0.0000
vn 0.9822 -0.1876 -0.0000
vn 0.0069 0.0525 -0.9986
vn 0.9853 0.1700 0.0149
vn -0.0211 0.0396 0.9990
vn -0.9853 -0.1700 -0.0149
vn -0.1515 0.9885 0.0043
vn 0.1515 -0.9885 -0.0043
vn -0.4461 0.8950 -0.0000
vn 0.9717 -0.2361 -0.0000
vn 0.9958 0.0921 -0.0000
vn 0.9343 0.3566 -0.0000
vn -0.4026 0.8892 -0.2172
vn -0.4026 0.8892 -0.2171
vn -0.4027 0.8892 -0.2171
vn -0.4026 0.8892 0.2171
vn -0.4027 0.8892 0.2171
vn -0.1126 0.6437 -0.7570
vn -0.1126 0.6437 0.7570
vn 0.2162 -0.9764 -0.0000
vn -0.0961 -0.9954 -0.0000
vn -0.3989 -0.9170 -0.0000
vn -0.6628 -0.7488 -0.0000
vn -0.9763 -0.2162 -0.0000
vn -0.9954 0.0961 -0.0000
vn -0.9170 0.3989 -0.0000
vn -0.7488 0.6628 -0.0000
vn -0.2162 0.9763 -0.0000
vn 0.0961 0.9954 -0.0000
vn 0.3989 0.9170 -0.0000
vn 0.6628 0.7488 -0.0000
vn 0.9763 0.2162 -0.0000
vn 0.9954 -0.0961 -0.0000
vn 0.9170 -0.3989 -0.0000
vn 0.7488 -0.6628 -0.0000
vn 0.2163 -0.9763 -0.0000
vn -0.4717 -0.8817 -0.0000
vn 0.2899 -0.9571 -0.0000
vn 0.8817 -0.4718 -0.0000
vn 0.9571 0.2898 -0.0000
vn 0.9571 0.2899 -0.0000
vn 0.4718 0.8817 -0.0000
vn -0.2899 0.9571 -0.0000
vn -0.8817 0.4718 -0.0000
vn -0.9571 -0.2899 -0.0000
vn -0.4719 -0.8817 -0.0000
vn -0.8318 0.2062 -0.5153
vn -0.7299 -0.1757 -0.6606
vn -0.8649 -0.0403 -0.5003
vn -0.2080 0.1291 -0.9696
vn 0.0143 0.2825 -0.9592
vn -0.7307 -0.1783 0.6590
vn -0.9337 -0.3579 -0.0000
vn -0.8646 -0.0416 0.5007
vn -0.9337 -0.3580 -0.0000
vn 0.1450 0.3160 -0.9376
vn -0.2078 0.1292 -0.9696
vn 0.1451 0.3160 -0.9376
vn 0.1765 0.3715 -0.9115
vn 0.8555 0.5176 0.0168
vn 0.8555 0.5175 0.0168
vn 0.0202 0.0243 0.9995
vn 0.0202 0.0242 0.9995
vn 0.2855 -0.9584 -0.0002
vn -0.5358 0.8444 0.0003
vn -0.5358 0.8444 0.0004
vn -0.5358 0.8444 0.0002
vn -0.0056 -0.0060 -1.0000
vn -0.0057 -0.0060 -1.0000
vn -0.8319 0.2043 0.5160
vn -0.8647 -0.0416 0.5006
vn -0.2065 0.1290 0.9699
vn 0.0170 0.2837 0.9588
vn 0.1935 0.4014 -0.8953
vn 0.1479 0.3181 0.9365
vn -0.2064 0.1291 0.9699
vn 0.1480 0.3181 0.9364
vn 0.1802 0.3737 0.9099
vn 0.8815 0.4722 -0.0032
vn 0.6625 0.7486 0.0261
vn 0.7394 0.6672 0.0902
vn 0.7963 0.6049 -0.0001
vn 0.7964 0.6048 -0.0000
vn 0.6613 0.7496 -0.0256
vn 0.7963 0.6049 -0.0000
vn 0.1976 0.4036 0.8933
vn -0.0157 0.0268 -0.9995
vn -0.0157 0.0267 -0.9995
vn -0.8994 -0.4371 -0.0000
vn -0.8606 -0.5067 0.0518
vn -0.8617 -0.5073 -0.0000
vn -0.8606 -0.5067 -0.0518
vn -0.0158 0.0267 0.9995
vn -0.0158 0.0268 0.9995
vn -0.0157 0.0267 0.9995
vn -0.8874 -0.4587 0.0462
vn -0.8509 -0.5251 0.0175
vn -0.8752 -0.4831 -0.0233
vn -0.8417 -0.5390 -0.0315
vn -0.8710 -0.4910 -0.0159
vn -0.8951 -0.4415 0.0620
vn -0.8535 -0.5209 0.0133
vn -0.8423 -0.5381 -0.0306
vn -0.8621 -0.5067 0.0004
vn -0.8952 -0.4457 0.0005
vn -0.8624 -0.5062 0.0003
vn -0.8850 -0.4657 0.0006
vn -0.8624 -0.5062 -0.0002
vn -0.8945 -0.4471 -0.0004
vn -0.8844 -0.4668 -0.0005
vn 0.8623 0.5064 -0.0002
vn 0.8951 0.4458 -0.0008
vn 0.8847 0.4662 -0.0005
vn 0.8944 0.4473 0.0003
vn 0.8622 0.5065 0.0002
vn 0.8841 0.4673 0.0004
vn 0.9352 0.3542 0.0002
vn 0.8952 0.4457 -0.0004
vn 0.8847 0.4661 -0.0005
vn 0.9352 0.3541 -0.0000
vn 0.9352 0.3541 0.0001
vn 0.9352 0.3541 -0.0001
vn 0.9351 0.3544 -0.0000
vn 0.9351 0.3543 -0.0000
vn 0.8841 0.4672 0.0004
vn 0.8944 0.4472 -0.0000
vn -0.8844 -0.4667 -0.0005
vn -0.9349 -0.3550 -0.0000
vn -0.9349 -0.3550 0.0001
vn -0.8952 -0.4456 0.0005
vn -0.8850 -0.4656 0.0006
vn -0.9348 -0.3550 0.0001
vn -0.9955 0.0932 0.0152
vn -0.9955 0.0929 0.0183
vn -0.9868 0.0840 0.1385
vn -0.9867 0.1018 -0.1266
vn -0.2431 0.4128 0.8778
vn 0.2272 0.8498 -0.4756
vn 0.2926 0.8574 0.4234
vn -0.8907 -0.4500 -0.0647
vn -0.8926 -0.4509 0.0001
vn -0.8907 -0.4500 0.0648
vn -0.8907 -0.4500 0.0647
vn -0.8579 -0.5138 -0.0000
vn 0.1097 0.0950 -0.9894
vn 0.1096 0.0950 -0.9894
vn 0.1095 0.0949 -0.9894
vn 0.1095 0.0950 0.9894
vn 0.1097 0.0950 0.9894
vn 0.1095 0.0949 0.9894
vn 0.1096 0.0950 0.9894
vn -0.8744 -0.4853 -0.0000
vn -0.8597 -0.5108 -0.0000
vn 0.8486 0.5290 -0.0000
vn 0.8486 0.5291 -0.0000
vn -0.8529 -0.5020 0.1436
vn -0.2481 -0.9580 0.1436
vn -0.9580 0.2481 0.1436
vn -0.5020 0.8528 0.1436
vn 0.2481 0.9580 0.1436
vn 0.8528 0.5020 0.1436
vn 0.9580 -0.2481 0.1436
vn 0.5020 -0.8528 0.1436
vn -0.2479 -0.9581 -0.1436
vn -0.8528 -0.5022 -0.1436
vn -0.9581 0.2479 -0.1436
vn -0.5022 0.8528 -0.1436
vn 0.2479 0.9581 -0.1436
vn 0.8528 0.5022 -0.1436
vn 0.9581 -0.2479 -0.1436
vn 0.5022 -0.8528 -0.1436
vn -0.5020 0.8529 0.1436
vn -0.2480 -0.9580 0.1436
vn -0.8528 -0.5021 0.1436
vn -0.8528 -0.5021 -0.1436
vn -0.2481 -0.9580 -0.1437
vn -0.9581 0.2480 0.1436
vn -0.9581 0.2480 -0.1436
vn -0.5021 0.8528 0.1436
vn -0.5021 0.8528 -0.1436
vn 0.2480 0.9581 0.1436
vn 0.2480 0.9581 -0.1436
vn 0.8528 0.5021 0.1436
vn 0.8528 0.5021 -0.1436
vn 0.9581 -0.2480 0.1436
vn 0.9581 -0.2480 -0.1436
vn 0.5021 -0.8528 0.1436
vn 0.5021 -0.8528 -0.1436
vn -0.2479 -0.9581 0.1437
vn -0.8509 -0.5250 0.0174
vn -0.9281 -0.3585 0.1005
vn -0.7637 -0.6377 0.1005
vn -0.8418 -0.5389 -0.0314
vn -0.7638 -0.6376 0.1004
vn -0.7637 -0.6377 -0.1005
vn -0.9282 -0.3584 -0.1005
vn -0.8752 -0.4832 -0.0233
vn -0.8535 -0.5209 0.0132
vn -0.8951 -0.4414 0.0620
vn -0.8424 -0.5381 -0.0305
vn -0.9281 -0.3584 -0.1005
vn -0.8951 -0.4415 0.0621
vn -0.8710 -0.4910 -0.0158
vn 0.1244 -0.9922 -0.0000
vn 0.0176 -0.9997 -0.0161
vn -0.0249 -0.9629 -0.2685
vn 0.1218 -0.9711 -0.2051
vn 1.0000 0.0099 -0.0001
vn 0.0301 -0.9716 0.2348
vn 0.1217 -0.9711 0.2051
vn 0.5000 0.0083 -0.8660
vn 1.0000 0.0083 0.0001
vn 0.4999 0.0083 0.8660
vn 0.4999 -0.0083 -0.8660
vn 1.0000 -0.0083 -0.0001
vn 0.5000 -0.0083 0.8660
vn -0.4999 -0.0083 0.8660
vn -1.0000 -0.0083 0.0001
vn 0.5000 -0.0083 -0.8660
vn 1.0000 0.0083 -0.0000
vn 1.0000 -0.0083 -0.0000
vn 0.5000 0.0083 0.8660
vn -0.8944 -0.4473 -0.0000
vn -0.4721 -0.8815 -0.0000
vn -0.4729 -0.8811 -0.0006
vn -0.8696 -0.4857 0.0886
vn 0.0751 -0.1315 0.9885
vn 0.0049 -0.1145 0.9934
vn -0.1894 -0.0991 0.9769
vn -0.2553 -0.0885 0.9628
vn -0.9711 -0.1790 0.1579
vn -0.9834 -0.1813 -0.0000
vn -0.1860 -0.0991 -0.9775
vn 0.0047 -0.1141 -0.9935
vn 0.0733 -0.1306 -0.9887
vn -0.2506 -0.0887 -0.9640
vn 0.9596 -0.2812 -0.0000
vn 0.9798 -0.2001 -0.0000
vn 0.7958 -0.1875 0.5758
vn 0.8410 -0.2635 0.4726
vn 0.0282 -0.1050 0.9941
vn -0.1711 -0.1028 0.9799
vn -0.9730 -0.1441 0.1801
vn -0.9891 -0.1474 -0.0000
vn -0.1684 -0.1026 -0.9804
vn 0.0278 -0.1048 -0.9941
vn 0.9954 -0.0958 -0.0000
vn 0.7961 -0.1045 0.5961
vn 0.0190 -0.0890 0.9959
vn -0.1793 -0.0964 0.9791
vn -0.1648 -0.0999 -0.9812
vn 0.0327 -0.0908 -0.9953
vn 0.8079 -0.0613 0.5861
vn 0.8058 -0.0553 -0.5895
vn 0.7953 -0.1046 -0.5971
vn 0.7948 -0.1876 -0.5771
vn 0.8403 -0.2635 -0.4737
vn -0.4574 -0.8887 -0.0317
vn -0.4575 -0.8892 0.0001
vn -0.9730 -0.1441 -0.1801
vn -0.9711 -0.1790 -0.1579
vn -0.8699 -0.4852 -0.0887
vn -0.4727 -0.8812 0.0006
vn -0.4572 -0.8888 0.0318
vt 0.421875 0.708434
vt 0.364684 0.765625
vt 0.500000 0.850000
vt 0.343750 0.843750
vt 0.500000 0.687500
vt 0.386044 1.000000
vt 0.409483 1.000000
vt 0.414178 0.795385
vt 0.578125 0.708434
vt 0.364684 0.921875
vt 0.364684 0.234375
vt 0.421875 0.291566
vt 0.500000 0.162500
vt 0.343750 0.156250
vt 0.500000 0.312500
vt 0.648603 0.892034
vt 0.656250 0.843750
vt 0.343750 0.843750
vt 0.351397 0.892034
vt 0.626409 0.935592
vt 0.635316 0.765625
vt 0.421875 0.979066
vt 0.373591 0.935591
vt 0.591842 0.970159
vt 0.578125 0.291566
vt 0.364684 0.078125
vt 0.408159 0.970159
vt 0.548284 0.992353
vt 0.451716 0.992353
vt 0.500000 1.000000
vt 0.500000 1.000000
vt 0.583476 0.946578
vt 0.590517 1.000000
vt 0.628454 1.000000
vt 0.635316 0.234375
vt 0.421875 0.020934
vt 0.448259 0.690055
vt 0.375000 0.750000
vt 0.444166 0.735340
vt 0.578125 0.979066
vt 0.635316 0.921875
vt 0.656250 0.156250
vt 0.500000 0.000000
vt 0.578125 0.020934
vt 0.635316 0.078125
vt 0.625000 0.750000
vt 0.551741 0.699563
vt 0.555834 0.779984
vt 0.648603 0.107966
vt 0.500000 0.162500
vt 0.626409 0.064409
vt 0.591841 0.029841
vt 0.548284 0.007647
vt 0.451716 0.007647
vt 0.408159 0.029841
vt 0.373591 0.064409
vt 0.351397 0.107966
vt 0.343750 0.156250
vt 0.610485 0.954235
vt 0.389515 0.954235
vt 0.389515 0.733265
vt 0.610485 0.733265
vt 0.610485 0.045765
vt 0.389515 0.045765
vt 0.389515 0.266735
vt 0.610485 0.266735
vt 0.375000 0.875000
vt 0.625000 0.875000
vt 0.625000 0.821244
vt 0.375000 0.838553
vt 0.449993 0.500000
vt 0.449993 0.750000
vt 0.551690 0.750000
vt 0.551690 0.500000
vt 0.375000 0.250000
vt 0.625000 0.250000
vt 0.625000 0.000000
vt 0.375000 0.000000
vt 0.875000 0.875000
vt 0.875000 0.822955
vt 0.125000 0.875000
vt 0.125000 0.840060
vt 0.375000 0.937500
vt 0.625000 0.937500
vt 0.875000 0.937500
vt 0.375000 0.375000
vt 0.625000 0.375000
vt 0.625000 0.312500
vt 0.375000 0.312500
vt 0.125000 0.937500
vt 0.375000 0.788171
vt 0.375000 0.461829
vt 0.625000 0.780022
vt 0.625000 0.469978
vt 0.375000 1.000000
vt 0.625000 1.000000
vt 0.875000 1.000000
vt 0.125000 1.000000
vt 0.875000 0.780022
vt 0.125000 0.788171
vt 0.375000 0.409940
vt 0.625000 0.427045
vt 0.520833 0.311560
vt 0.520833 0.687500
vt 0.541667 0.687500
vt 0.541667 0.311560
vt 0.479167 0.311560
vt 0.479167 0.687500
vt 0.500000 0.687500
vt 0.500000 0.311560
vt 0.469828 0.250000
vt 0.456790 0.223825
vt 0.500000 0.125000
vt 0.500000 0.250000
vt 0.562500 0.687500
vt 0.562500 0.311560
vt 0.458333 0.311560
vt 0.458333 0.687500
vt 0.530172 0.250000
vt 0.543210 0.223826
vt 0.250000 0.875000
vt 0.341482 0.838559
vt 0.250000 0.750000
vt 0.583333 0.311560
vt 0.583333 0.687500
vt 0.604167 0.687500
vt 0.604167 0.311560
vt 0.437500 0.687500
vt 0.437500 0.311560
vt 0.416667 0.311560
vt 0.416667 0.687500
vt 0.625000 0.687500
vt 0.625000 0.311560
vt 0.395833 0.311560
vt 0.395833 0.687500
vt 0.658518 0.870854
vt 0.750000 0.875000
vt 0.750000 0.750000
vt 0.612500 0.687500
vt 0.362806 0.773199
vt 0.351683 0.814382
vt 0.612500 0.637591
vt 0.625000 0.621906
vt 0.625000 0.687500
vt 0.475000 0.619904
vt 0.487500 0.637663
vt 0.487500 0.687500
vt 0.475000 0.687500
vt 0.387500 0.615923
vt 0.400000 0.611069
vt 0.400000 0.687500
vt 0.387500 0.687500
vt 0.425942 0.710191
vt 0.446587 0.756134
vt 0.425567 0.690210
vt 0.442474 0.746009
vt 0.412500 0.607493
vt 0.412500 0.687500
vt 0.462500 0.616195
vt 0.475000 0.621841
vt 0.462500 0.687500
vt 0.425000 0.605741
vt 0.437500 0.606406
vt 0.437500 0.687500
vt 0.425000 0.687500
vt 0.450000 0.611242
vt 0.450000 0.687500
vt 0.437500 0.607467
vt 0.442600 0.619861
vt 0.375000 0.625000
vt 0.400000 0.611298
vt 0.412500 0.607205
vt 0.387500 0.616103
vt 0.425000 0.604225
vt 0.412500 0.605829
vt 0.425000 0.605497
vt 0.375000 0.621148
vt 0.375000 0.687500
vt 0.437500 0.607055
vt 0.450000 0.611148
vt 0.387500 0.613479
vt 0.400000 0.609575
vt 0.614966 0.657554
vt 0.618423 0.615572
vt 0.462500 0.615953
vt 0.615088 0.656075
vt 0.618549 0.614050
vt 0.475000 0.620998
vt 0.672938 0.923387
vt 0.577167 0.856785
vt 0.609869 0.873898
vt 0.363301 0.771369
vt 0.351895 0.813595
vt 0.343750 0.843750
vt 0.375000 0.311560
vt 0.625000 0.625000
vt 0.557400 0.622891
vt 0.387500 0.311560
vt 0.400000 0.311560
vt 0.412500 0.311560
vt 0.425000 0.311560
vt 0.437500 0.311560
vt 0.450000 0.311560
vt 0.462500 0.311560
vt 0.475000 0.311560
vt 0.487500 0.311560
vt 0.612500 0.311560
vt 0.625000 0.311560
vt 0.406250 0.687500
vt 0.406250 0.311560
vt 0.437500 0.687500
vt 0.437500 0.311560
vt 0.468750 0.687500
vt 0.468750 0.311560
vt 0.500000 0.311560
vt 0.531250 0.687500
vt 0.531250 0.311560
vt 0.593750 0.687500
vt 0.593750 0.311560
vt 0.625000 0.687500
vt 0.625000 0.311560
vt 0.416667 0.687500
vt 0.416667 0.311560
vt 0.475000 0.250000
vt 0.625000 0.125000
vt 0.475000 0.000000
vt 0.475000 0.000000
vt 0.375000 0.125000
vt 0.466471 0.692521
vt 0.466471 0.668110
vt 0.500000 0.625000
vt 0.499662 0.666366
vt 0.500000 0.666348
vt 0.532853 0.674112
vt 0.532853 0.698649
vt 0.289326 0.953690
vt 0.321053 0.931595
vt 0.215517 1.000000
vt 0.277705 1.000000
vt 0.722297 1.000000
vt 0.784483 1.000000
vt 0.706708 0.932346
vt 0.614449 0.663832
vt 0.616460 0.639412
vt 0.618308 0.616972
vt 0.375000 0.621906
vt 0.375388 0.621402
vt 0.473175 0.617415
vt 0.462500 0.612944
vt 0.459560 0.611991
vt 0.450000 0.609212
vt 0.447059 0.608306
vt 0.476320 0.622451
vt 0.487500 0.635693
vt 0.360080 0.783292
vt 0.363560 0.770411
vt 0.350173 0.819970
vt 0.500000 0.796209
vt 0.476973 0.719821
vt 0.463146 0.645320
vt 0.485117 0.771237
vt 0.500000 0.875000
vt 0.486338 0.792149
vt 0.481546 0.793999
vt 0.473423 0.805588
vt 0.463127 0.792942
vt 0.525367 0.869126
vt 0.527028 0.868156
vt 0.543635 0.860369
vt 0.545788 0.861792
vt 0.527746 0.855140
vt 0.517914 0.858672
vt 0.515101 0.870620
vt 0.518216 0.878684
vt 0.425412 0.604173
vt 0.623035 0.621902
vt 0.625000 0.621148
vt 0.612500 0.636600
vt 0.410876 0.606110
vt 0.464732 0.729203
vt 0.465296 0.747510
vt 0.375889 0.616683
vt 0.375000 0.617716
vt 0.624493 0.618251
vt 0.625000 0.617716
vt 0.612500 0.635523
vt 0.477043 0.621782
vt 0.487500 0.636370
vt 0.498409 0.849936
vt 0.533986 0.775098
vt 0.534561 0.750366
vt 0.439959 0.847598
vt 0.420578 0.699987
vt 0.385888 0.752590
vt 0.566446 0.915931
vt 0.500000 0.847575
vt 0.499635 0.847425
vt 0.488567 0.833454
vt 0.478583 0.811428
vt 0.459871 0.785481
vt 0.470659 0.783504
vt 0.465572 0.752415
vt 0.511281 0.833706
vt 0.528612 0.806992
vt 0.520688 0.828580
vt 0.533699 0.779971
vt 0.555801 0.854872
vt 0.573868 0.855451
vt 0.538590 0.859671
vt 0.510703 0.842622
vt 0.575947 0.856089
vt 0.456306 0.243931
vt 0.462015 0.250000
vt 0.434421 0.248189
vt 0.425902 0.250000
vt 0.405172 0.250000
vt 0.462635 0.647354
vt 0.440944 0.702611
vt 0.594828 0.250000
vt 0.549445 0.245039
vt 0.542818 0.250000
vt 0.571764 0.249407
vt 0.574099 0.250000
vt 0.127843 0.846099
vt 0.176858 0.850000
vt 0.125000 0.791738
vt 0.823142 0.850000
vt 0.872156 0.846099
vt 0.875000 0.791738
vt 0.555701 0.824209
vt 0.465724 0.824209
vt 0.372726 0.793506
vt 0.498863 0.771753
vt 0.375000 0.795816
vt 0.326823 0.850000
vt 0.372157 0.846099
vt 0.627843 0.846099
vt 0.673177 0.850000
vt 0.625000 0.795816
vt 0.578125 0.979066
vt 0.000000 1.000000
vt 1.000000 1.000000
vt 0.000000 0.500000
vt 1.000000 0.000000
vt 0.475000 0.450000
vt 0.475000 0.500000
vt 0.625000 0.500000
vt 0.625000 0.953672
vt 0.492691 1.000000
vt 0.424853 0.250000
vt 0.625000 0.315825
vt 0.638692 0.299445
vt 0.375000 0.500000
vt 0.375000 0.490916
vt 0.375000 0.759152
vt 0.375000 0.750000
vt 0.371092 0.750000
vt 0.375000 0.766452
vt 0.628839 0.753839
vt 0.624999 0.765844
vt 0.628902 0.750000
vt 0.129033 0.752982
vt 0.125000 0.766452
vt 0.128908 0.750000
vt 0.870865 0.750000
vt 0.871097 0.750000
vt 0.875000 0.765844
vt 0.351397 0.795466
vt 0.373591 0.751909
vt 0.408159 0.717341
vt 0.451716 0.695147
vt 0.548284 0.695147
vt 0.591841 0.717341
vt 0.626409 0.751909
vt 0.648603 0.795466
vt 0.351397 0.204534
vt 0.373591 0.248091
vt 0.408159 0.282659
vt 0.451716 0.304853
vt 0.500000 0.312500
vt 0.548284 0.304853
vt 0.591842 0.282659
vt 0.626409 0.248092
vt 0.648603 0.204534
vt 0.625000 0.458262
vt 0.375000 0.458262
vt 0.500050 1.000000
vt 0.500134 0.000000
vt 0.000000 0.000000
vt 0.000302 -0.001614
vt 0.574783 0.426433
vt 0.574783 0.371097
vt 0.625000 0.376281
vt 0.625000 0.431845
vt 0.875000 0.818155
vt 0.875000 0.873719
vt 0.815006 0.871563
vt 0.815006 0.815914
vt -0.006238 -0.055217
vt 0.468487 0.500000
vt 0.555609 0.500000
vt 0.624987 1.000000
vt 0.624987 0.961516
vt 0.375000 0.936296
vt 0.684994 0.871551
vt 0.684994 0.815914
vt 0.625000 0.873701
vt 0.574783 0.878892
vt 0.574783 0.823567
vt 0.625000 0.818155
vt 0.819963 1.000000
vt 0.676517 1.000000
vt 0.624988 0.859619
vt 0.875000 0.960091
vt 0.875000 0.859593
vt 0.625000 0.824209
vt 0.625000 0.406989
vt 0.625000 0.384975
vt 0.375000 0.384975
vt 0.375000 0.406989
vt 0.375000 0.313704
vt 0.624987 0.289909
vt 0.624987 0.250000
vt 0.624987 0.750000
vt 0.624987 0.706837
vt 0.375000 0.706837
vt 0.375000 0.506443
vt 0.625000 0.505772
vt 0.625000 0.562500
vt 0.375000 0.562500
vt 0.375000 0.241960
vt 0.375000 0.268748
vt 0.625000 0.268748
vt 0.625000 0.241960
vt 0.375000 0.832827
vt 0.331837 0.750000
vt 0.331837 0.832827
vt 0.555701 0.425791
vt 0.465735 0.425791
vt 0.625000 0.194963
vt 0.375000 0.194963
vt 0.625000 0.425791
vt 0.624987 0.546972
vt 0.624987 0.500000
vt 0.375000 0.546972
vt 0.250000 0.876113
vt 0.187500 0.841734
vt 0.187500 0.750000
vt 0.171972 0.750000
vt 0.125000 0.750000
vt 0.125000 0.832827
vt 0.171972 0.832827
vt 0.812500 0.841734
vt 0.750000 0.876113
vt 0.812500 0.750000
vt 0.875000 0.824209
vt 0.875000 0.750000
vt 0.125000 0.887115
vt 0.375000 0.887115
vt 0.375000 0.874396
vt 0.125000 0.874396
vt 0.625000 0.750000
vt 0.375000 0.750000
vt 0.312500 0.841734
vt 0.312500 0.750000
vt 0.125000 0.936296
vt 0.625000 0.051517
vt 0.375000 0.051517
vt 0.687500 0.841734
vt 0.687500 0.750000
vt 0.624987 0.000000
vt 0.625000 0.744146
vt 0.375000 0.743476
vt 0.375000 0.865025
vt 0.625000 0.865025
vt 0.625000 0.008040
vt 0.375000 0.008040
vt 0.375000 0.000679
vt 0.625000 0.000679
vt 0.125000 0.954348
vt 0.125000 0.981252
vt 0.133040 1.000000
vt 0.179070 0.954348
vt 0.180037 1.000000
vt 0.184167 0.954348
vt 0.250045 0.954348
vt 0.323483 1.000000
vt 0.315907 0.954348
vt 0.324499 0.954348
vt 0.375000 0.954348
vt 0.366960 1.000000
vt 0.375000 0.981252
vt 0.541667 0.687500
vt 0.541667 0.311560
vt 0.662061 0.000000
vt 0.663111 0.000000
vt 0.000000 0.147899
vt 0.676978 0.111788
vt 0.677020 0.878929
vt 0.000000 0.853348
vt 0.662763 1.000000
vt 0.661716 1.000000
vt 0.000000 1.000000
vt 0.744330 0.949341
vt 0.744330 0.950680
vt 0.744363 0.049182
vt 0.744363 0.050518
vt 0.125000 0.865025
vt 0.125000 0.901799
vt 0.177956 0.901799
vt 0.225019 0.850000
vt 0.161975 0.750000
vt 0.125000 0.750000
vt 0.338337 0.750000
vt 0.275069 0.850000
vt 0.325669 0.901799
vt 0.375000 0.901799
vt 0.183082 0.901799
vt 0.250042 0.901799
vt 0.317015 0.901799
vt 0.274740 0.896447
vt 0.225349 0.896447
vt 0.744365 0.000000
vt 0.744328 1.000000
vt 0.625000 0.775000
vt 0.625000 0.750000
vt 0.500000 0.750000
vt 0.500000 0.770000
vt 0.500000 0.500000
vt 0.500000 0.480000
vt 0.625000 0.475000
vt 0.750000 0.775000
vt 0.875000 0.775000
vt 0.125000 0.900000
vt 0.250000 0.900000
vt 0.250000 0.765000
vt 0.125000 0.765000
vt 0.500000 0.750000
vt 0.500000 0.750000
vt 0.625000 0.750000
vt 0.375000 0.625000
vt 0.500000 0.905000
vt 0.625000 0.910000
vt 0.750000 0.910000
vt 0.875000 0.910000
vt 0.500000 0.345000
vt 0.625000 0.340000
vt 0.500000 0.962000
vt 0.625000 0.964000
vt 0.750000 0.964000
vt 0.875000 0.964000
vt 0.500000 0.288000
vt 0.625000 0.286000
vt 0.125000 0.960000
vt 0.250000 0.960000
vt 0.500000 0.977200
vt 0.625000 0.978400
vt 0.750000 0.978400
vt 0.875000 0.978400
vt 0.500000 0.272800
vt 0.625000 0.271600
vt 0.375000 0.960000
vt 0.375000 0.900000
vt 0.500000 0.996580
vt 0.625000 0.996760
vt 0.500000 0.253420
vt 0.625000 0.253240
vt 0.195832 0.976000
vt 0.196473 0.992800
vt 0.249028 0.992800
vt 0.247916 0.976000
vt 0.125000 0.996400
vt 0.250000 0.996400
vt 0.300000 0.976000
vt 0.301584 0.992800
vt 0.375000 0.996400
vt 0.375000 0.976000
vt 0.125000 0.976000
vt 0.375000 0.253600
vt 0.500000 0.126710
vt 0.375000 0.126800
vt 0.375000 0.274000
vt 0.375000 0.290000
vt 0.375000 0.350000
vt 0.375000 0.485000
vt 0.375000 0.750000
vt 0.375000 0.765000
vt 0.750000 0.996760
vt 0.625000 0.580202
vt 0.625000 0.669798
vt 0.475000 0.800000
vt 0.475000 0.875000
vt 0.625000 0.800000
vt 0.250000 0.800000
vt 0.125000 0.800000
vt 0.475000 1.000000
vt 0.750000 1.000000
vt 0.475000 0.375000
vt 0.250000 1.000000
vt 0.475000 0.750000
vt 0.375000 0.450000
vt 0.475000 0.625000
vt 0.375000 0.800000
vt 0.375000 0.925000
vt 0.625000 0.925000
vt 0.625000 0.890000
vt 0.375000 0.890000
vt 0.375000 0.360000
vt 0.625000 0.360000
vt 0.625000 0.325000
vt 0.375000 0.325000
vt 0.875000 0.890000
vt 0.750000 0.890000
vt 0.750000 0.925000
vt 0.875000 0.925000
vt 0.125000 0.925000
vt 0.250000 0.925000
vt 0.250000 0.890000
vt 0.125000 0.890000
vt 0.750000 0.932885
vt 0.875000 0.934175
vt 0.750000 0.950567
vt 0.876668 0.953743
vt 0.625000 0.933514
vt 0.423059 1.000000
vt 0.375000 0.623530
vt 0.375000 0.580194
vt 0.375000 0.563347
vt 0.375000 0.669806
vt 0.375000 0.686653
vt 0.375000 0.578935
vt 0.375000 0.671065
vt 0.375000 0.662509
vt 0.375000 0.587491
vt 0.375000 0.750000
vt 0.624988 0.250000
vt 0.375000 0.934872
vt 0.125000 0.934872
vt 0.375000 0.483548
vt 0.624999 0.484156
vt 0.500000 0.687500
vt 0.500000 0.311560
vt 0.512500 0.687500
vt 0.512500 0.311560
vt 0.525000 0.687500
vt 0.525000 0.311560
vt 0.537500 0.687500
vt 0.537500 0.311560
vt 0.550000 0.687500
vt 0.550000 0.311560
vt 0.562500 0.687500
vt 0.562500 0.311560
vt 0.575000 0.687500
vt 0.575000 0.311560
vt 0.587500 0.687500
vt 0.587500 0.311560
vt 0.600000 0.687500
vt 0.600000 0.311560
vt 0.508088 0.491718
vt 0.375000 0.382984
vt 0.387068 0.457758
vt 0.624987 0.402415
vt 0.875000 0.981252
vt 0.866960 1.000000
vt 0.875000 0.865025
vt 0.476341 0.400059
vt 0.487766 0.358387
vt 0.514716 0.417279
vt 0.875000 0.847585
vt 0.508139 0.608475
vt 0.624987 0.847608
vt 0.375000 0.454572
vt 0.447391 0.785072
vt 0.375000 0.796032
vt 0.375000 0.867016
vt 0.375000 0.536975
vt 0.437807 0.536975
vt 0.436046 0.713324
vt 0.375000 0.713337
vt 0.476341 0.849941
vt 0.487766 0.891613
vt 0.514716 0.832721
vt 0.508198 0.758371
vt 0.387260 0.792376
vt 0.624987 0.390407
vt 0.375000 0.417173
vt 0.375000 0.375604
vt 0.875000 0.750000
vt 0.293473 0.868629
vt 0.320600 0.863854
vt 0.331837 0.852326
vt 0.183208 0.863854
vt 0.210336 0.868629
vt 0.171972 0.852326
vt 0.375000 0.362885
vt 0.131443 0.779292
vt 0.131443 0.750000
vt 0.182693 0.836379
vt 0.817307 0.836379
vt 0.869228 0.750000
vt 0.869228 0.778545
vt 0.368476 0.750000
vt 0.320611 0.832699
vt 0.368476 0.779382
vt 0.679389 0.832699
vt 0.630854 0.750000
vt 0.630854 0.778636
vt 0.375000 0.348201
vt 0.401905 0.348201
vt 0.401219 0.295652
vt 0.375000 0.295652
vt 0.633040 1.000000
vt 0.625000 0.981252
vt 0.606727 0.625000
vt 0.606727 0.604890
vt 0.382572 0.604890
vt 0.382572 0.625000
vt 0.606727 0.645110
vt 0.382572 0.645110
vt 0.401303 0.954348
vt 0.401989 0.901799
vt 0.148347 0.995139
vt 0.147602 0.961501
vt 0.167480 0.995139
vt 0.166755 0.961501
vt 0.351743 0.995139
vt 0.332612 0.995139
vt 0.333364 0.961501
vt 0.352502 0.961501
vt 0.744330 0.950616
vt 0.640107 0.495871
vt 0.624988 1.000000
vt 0.375000 0.315128
vt 0.625000 0.746098
vt 0.625000 0.503903
vt 0.375000 0.503908
vt 0.375000 0.746092
vt 0.375000 0.469412
vt 0.625000 0.469412
vt 0.625000 0.780588
vt 0.375000 0.780588
vt 0.375000 0.496790
vt 0.625000 0.496790
vt 0.375000 0.753210
vt 0.125000 0.753210
vt 0.875000 0.753210
vt 0.625000 0.753210
vt 0.625000 0.753210
vt 0.625000 0.126620
vt 0.875000 0.996760
vt 0.125000 0.780588
vt 0.250000 0.777526
vt 0.750000 0.777526
vt 0.875000 0.780588
vt 0.421875 0.979066
vt 0.421875 0.291566
vt 0.578125 0.291566
vt 0.458333 0.687500
vt 0.458333 0.311560
vt 0.500000 0.687500
vt 0.500000 0.311560
vt 0.475000 0.125000
s 0
usemtl wheel
f 1/1/1 2/2/1 3/3/1
f 2/2/1 4/4/1 3/3/1
f 5/5/1 1/1/1 3/3/1
s 1
f 6/6/2 7/7/3 8/8/4
s 0
f 9/9/1 5/5/1 3/3/1
f 4/4/1 10/10/1 3/3/1
s 1
f 11/11/5 12/12/6 13/13/7
f 14/14/8 11/11/5 13/13/7
f 12/12/6 15/15/9 13/13/7
s 0
f 16/16/10 17/3/10 18/17/10
f 19/18/11 17/3/11 20/19/11
f 21/20/12 17/3/12 16/16/12
f 22/21/1 9/9/1 3/3/1
f 10/10/1 23/22/1 3/3/1
f 20/19/11 17/3/11 24/23/11
f 25/24/10 17/3/10 21/20/10
s 1
f 15/15/9 26/25/13 13/13/7
f 27/26/14 14/14/8 13/13/7
s 0
f 24/23/15 17/3/15 28/27/15
f 29/28/10 17/3/10 25/24/10
f 28/27/11 17/3/11 30/29/11
f 31/30/11 17/3/11 29/28/11
f 30/29/10 17/3/10 31/30/10
f 32/17/1 22/21/1 3/3/1
f 23/22/1 33/31/1 3/3/1
s 1
f 34/32/16 35/33/17 36/34/18
f 26/25/13 37/35/19 13/13/7
f 38/36/20 27/26/14 13/13/7
s 0
f 39/19/10 40/3/10 41/23/10
f 42/18/10 40/3/10 39/19/10
f 41/23/12 40/3/12 43/27/12
f 43/27/10 40/3/10 44/29/10
f 44/29/10 40/3/10 45/30/10
s 1
f 46/37/21 47/38/22 48/39/23
s 0
f 45/30/10 40/3/10 49/28/10
f 33/31/1 50/40/1 3/3/1
f 51/41/1 32/17/1 3/3/1
f 49/28/15 40/3/15 52/24/15
f 53/28/10 54/3/10 55/24/10
f 55/24/10 54/3/10 56/20/10
f 57/30/11 54/3/11 53/28/11
s 1
f 56/20/10 54/3/10 58/16/10
s 0
f 52/24/11 40/3/11 59/20/11
f 50/40/1 51/41/1 3/3/1
f 60/29/15 54/3/15 57/30/15
f 58/16/11 54/3/11 61/17/11
f 59/20/10 40/3/10 62/16/10
s 1
f 37/35/19 63/42/24 13/13/7
f 64/43/25 38/36/20 13/13/7
s 0
f 65/27/11 54/3/11 60/29/11
f 62/16/11 40/3/11 66/17/11
f 67/23/11 54/3/11 65/27/11
f 68/19/11 54/3/11 67/23/11
f 69/18/11 54/3/11 68/19/11
s 1
f 70/44/26 64/43/25 13/13/7
f 63/42/24 71/45/27 13/13/7
f 71/45/27 70/44/26 13/13/7
f 72/46/28 73/47/29 74/48/30
s 0
f 75/20/31 76/3/31 77/16/31
f 78/24/31 76/3/31 75/20/31
f 79/28/31 76/3/31 78/24/31
f 80/30/31 76/3/31 79/28/31
f 81/29/32 76/3/32 80/30/32
f 82/27/31 76/3/31 81/29/31
f 83/23/33 76/3/33 82/27/33
f 84/19/31 76/3/31 83/23/31
f 85/18/31 76/3/31 84/19/31
f 77/16/31 76/3/31 86/17/31
f 87/49/34 88/50/34 89/51/34
f 89/51/34 88/50/34 90/52/34
f 90/52/34 88/50/34 91/53/34
s 1
f 91/53/35 88/50/35 92/43/35
s 0
f 92/43/34 88/50/34 93/54/34
f 93/54/34 88/50/34 94/55/34
f 94/55/34 88/50/34 95/56/34
f 95/56/34 88/50/34 96/57/34
f 96/57/34 88/50/34 97/58/34
f 98/42/36 88/50/36 87/49/36
f 99/20/31 100/3/31 101/16/31
f 102/24/37 100/3/37 99/20/37
f 103/28/31 100/3/31 102/24/31
f 104/30/31 100/3/31 103/28/31
f 105/29/31 100/3/31 104/30/31
f 106/27/31 100/3/31 105/29/31
f 107/23/33 100/3/33 106/27/33
f 108/19/32 100/3/32 107/23/32
f 109/18/33 100/3/33 108/19/33
s 1
f 101/16/31 100/3/31 110/17/31
s 0
f 111/49/34 112/50/34 113/51/34
f 113/51/36 112/50/36 114/52/36
f 114/52/34 112/50/34 115/53/34
f 115/53/35 112/50/35 116/43/35
f 116/43/34 112/50/34 117/54/34
f 117/54/34 112/50/34 118/55/34
f 118/55/34 112/50/34 119/56/34
f 119/56/38 112/50/38 120/57/38
f 120/57/34 112/50/34 121/58/34
f 122/42/34 112/50/34 111/49/34
f 123/20/31 124/3/31 125/16/31
f 126/24/31 124/3/31 123/20/31
f 127/28/32 124/3/32 126/24/32
f 128/30/31 124/3/31 127/28/31
f 129/29/31 124/3/31 128/30/31
f 130/27/39 124/3/39 129/29/39
f 131/23/33 124/3/33 130/27/33
f 132/19/31 124/3/31 131/23/31
f 133/18/31 124/3/31 132/19/31
f 125/16/33 124/3/33 134/17/33
f 135/49/34 136/50/34 137/51/34
f 137/51/34 136/50/34 138/52/34
f 138/52/35 136/50/35 139/53/35
f 139/53/35 136/50/35 140/43/35
f 140/43/34 136/50/34 141/54/34
f 141/54/34 136/50/34 142/55/34
f 142/55/34 136/50/34 143/56/34
f 143/56/34 136/50/34 144/57/34
f 144/57/38 136/50/38 145/58/38
f 146/42/34 136/50/34 135/49/34
f 147/20/37 148/3/37 149/16/37
f 150/24/31 148/3/31 147/20/31
f 151/28/32 148/3/32 150/24/32
f 152/30/31 148/3/31 151/28/31
f 153/29/31 148/3/31 152/30/31
s 1
f 154/27/31 148/3/31 153/29/40
s 0
f 155/23/31 148/3/31 154/27/31
f 156/19/33 148/3/33 155/23/33
f 157/18/31 148/3/31 156/19/31
f 149/16/31 148/3/31 158/17/31
f 159/49/38 160/50/38 161/51/38
f 161/51/34 160/50/34 162/52/34
f 162/52/34 160/50/34 163/53/34
f 163/53/35 160/50/35 164/43/35
f 164/43/38 160/50/38 165/54/38
f 165/54/34 160/50/34 166/55/34
f 166/55/35 160/50/35 167/56/35
f 167/56/38 160/50/38 168/57/38
f 168/57/35 160/50/35 169/58/35
f 170/42/34 160/50/34 159/49/34
f 171/20/31 172/3/31 173/16/31
f 174/24/37 172/3/37 171/20/37
f 175/28/31 172/3/31 174/24/31
f 176/30/31 172/3/31 175/28/31
f 177/29/31 172/3/31 176/30/31
f 178/27/31 172/3/31 177/29/31
f 179/23/31 172/3/31 178/27/31
f 180/19/31 172/3/31 179/23/31
f 181/18/33 172/3/33 180/19/33
f 173/16/31 172/3/31 182/17/41
f 183/49/34 184/50/34 185/51/34
f 185/51/35 184/50/35 186/52/35
f 186/52/34 184/50/34 187/53/34
f 187/53/34 184/50/34 188/43/34
f 188/43/35 184/50/35 189/54/35
f 189/54/42 184/50/34 190/55/34
f 190/55/34 184/50/34 191/56/34
f 191/56/34 184/50/34 192/57/34
f 192/57/34 184/50/34 193/58/34
f 194/42/34 184/50/34 183/49/34
f 195/20/31 196/3/31 197/16/31
f 198/24/31 196/3/31 195/20/31
f 199/28/43 196/3/43 198/24/43
f 200/30/31 196/3/31 199/28/31
f 201/29/44 196/3/39 200/30/45
f 202/27/31 196/3/31 201/29/31
f 203/23/31 196/3/31 202/27/31
f 204/19/33 196/3/33 203/23/33
f 205/18/31 196/3/31 204/19/31
f 197/16/33 196/3/33 206/17/33
f 207/49/34 208/50/34 209/51/34
f 209/51/38 208/50/38 210/52/38
f 210/52/46 208/50/46 211/53/46
f 211/53/34 208/50/34 212/43/34
f 212/43/34 208/50/34 213/54/34
f 213/54/34 208/50/34 214/55/34
f 214/55/47 208/50/47 215/56/47
f 215/56/38 208/50/38 216/57/38
f 216/57/38 208/50/38 217/58/38
s 1
f 218/42/38 208/50/38 207/49/38
s 0
f 219/20/31 220/3/31 221/16/31
s 1
f 222/24/31 220/3/31 219/20/31
s 0
f 223/28/31 220/3/31 222/24/31
f 224/30/37 220/3/37 223/28/37
f 225/29/33 220/3/33 224/30/33
f 226/27/31 220/3/31 225/29/31
f 227/23/32 220/3/32 226/27/32
f 228/19/33 220/3/33 227/23/33
f 229/18/31 220/3/31 228/19/31
f 221/16/31 220/3/31 230/17/31
f 231/49/34 232/50/34 233/51/34
f 233/51/34 232/50/34 234/52/34
f 234/52/34 232/50/34 235/53/34
f 235/53/35 232/50/35 236/43/35
f 236/43/34 232/50/34 237/54/34
f 237/54/34 232/50/34 238/55/34
f 238/55/38 232/50/38 239/56/38
f 239/56/34 232/50/34 240/57/34
f 240/57/34 232/50/34 241/58/34
f 242/42/34 232/50/34 231/49/34
f 243/20/31 244/3/31 245/16/31
f 246/24/32 244/3/32 243/20/32
f 247/28/31 244/3/31 246/24/31
f 248/30/31 244/3/31 247/28/31
f 249/29/32 244/3/32 248/30/32
f 250/27/31 244/3/31 249/29/31
f 251/23/31 244/3/31 250/27/31
f 252/19/31 244/3/31 251/23/31
f 253/18/31 244/3/31 252/19/31
f 245/16/31 244/3/31 254/17/31
f 255/49/48 256/50/34 257/51/34
f 257/51/36 256/50/36 258/52/36
f 258/52/38 256/50/38 259/53/38
f 259/53/34 256/50/34 260/43/34
f 260/43/34 256/50/34 261/54/34
f 261/54/35 256/50/35 262/55/35
f 262/55/34 256/50/34 263/56/34
f 263/56/34 256/50/34 264/57/34
f 264/57/34 256/50/34 265/58/34
f 266/42/38 256/50/38 255/49/38
f 267/20/37 268/3/37 269/16/37
f 270/24/31 268/3/31 267/20/31
f 271/28/31 268/3/31 270/24/31
f 272/30/31 268/3/31 271/28/31
f 273/29/43 268/3/43 272/30/43
f 274/27/32 268/3/32 273/29/32
f 275/23/31 268/3/31 274/27/31
f 276/19/31 268/3/31 275/23/31
f 277/18/33 268/3/33 276/19/33
f 269/16/31 268/3/31 278/17/31
f 279/49/36 280/50/36 281/51/36
f 281/51/49 280/50/49 282/52/49
f 282/52/35 280/50/35 283/53/35
f 283/53/34 280/50/34 284/43/34
f 284/43/35 280/50/35 285/54/35
f 285/54/38 280/50/38 286/55/38
f 286/55/34 280/50/34 287/56/34
f 287/56/38 280/50/38 288/57/38
f 288/57/50 280/50/50 289/58/50
f 290/42/34 280/50/34 279/49/34
f 291/20/31 292/3/31 293/16/31
f 294/24/31 292/3/31 291/20/31
f 295/28/31 292/3/31 294/24/31
f 296/30/32 292/3/32 295/28/32
f 297/29/31 292/3/31 296/30/31
f 298/27/32 292/3/32 297/29/32
f 299/23/31 292/3/31 298/27/31
f 300/19/31 292/3/31 299/23/31
f 301/18/31 292/3/31 300/19/31
f 293/16/31 292/3/31 302/17/31
f 303/49/38 304/50/38 305/51/38
f 305/51/34 304/50/34 306/52/34
f 306/52/34 304/50/34 307/53/34
f 307/53/34 304/50/34 308/43/34
f 308/43/51 304/50/51 309/54/51
s 1
f 309/54/38 304/50/38 310/55/38
s 0
f 310/55/38 304/50/38 311/56/38
f 311/56/52 304/50/52 312/57/52
f 312/57/53 304/50/53 313/58/53
f 314/42/34 304/50/34 303/49/34
f 315/31/54 316/59/54 317/3/54
f 318/60/54 315/31/54 317/3/54
f 319/4/54 318/60/54 317/3/54
f 320/61/54 319/4/54 317/3/54
f 321/5/54 320/61/54 317/3/54
f 322/62/54 321/5/54 317/3/54
f 323/17/54 322/62/54 317/3/54
f 316/59/54 323/17/54 317/3/54
f 324/63/55 325/43/55 326/50/55
f 325/43/55 327/64/55 326/50/55
f 327/64/55 328/14/55 326/50/55
f 328/14/55 329/65/55 326/50/55
f 329/65/55 330/15/55 326/50/55
f 330/15/55 331/66/55 326/50/55
f 331/66/55 332/42/55 326/50/55
f 332/42/55 324/63/55 326/50/55
f 333/31/54 334/59/54 335/3/54
f 336/60/54 333/31/54 335/3/54
f 337/4/54 336/60/54 335/3/54
f 338/61/54 337/4/54 335/3/54
f 339/5/54 338/61/54 335/3/54
f 340/62/54 339/5/54 335/3/54
f 341/17/54 340/62/54 335/3/54
f 334/59/54 341/17/54 335/3/54
f 342/63/55 343/43/55 344/50/55
f 343/43/55 345/64/55 344/50/55
f 345/64/55 346/14/55 344/50/55
f 346/14/55 347/65/55 344/50/55
f 347/65/55 348/15/55 344/50/55
f 348/15/55 349/66/55 344/50/55
f 349/66/55 350/42/55 344/50/55
f 350/42/55 342/63/55 344/50/55
f 351/31/54 352/59/54 353/3/54
f 354/60/54 351/31/54 353/3/54
f 355/4/54 354/60/54 353/3/54
f 356/61/54 355/4/54 353/3/54
f 357/5/54 356/61/54 353/3/54
f 358/62/54 357/5/54 353/3/54
f 359/17/54 358/62/54 353/3/54
f 352/59/54 359/17/54 353/3/54
f 360/63/55 361/43/55 362/50/55
f 361/43/55 363/64/55 362/50/55
f 363/64/55 364/14/55 362/50/55
f 364/14/55 365/65/55 362/50/55
f 365/65/55 366/15/55 362/50/55
f 366/15/55 367/66/55 362/50/55
f 367/66/55 368/42/55 362/50/55
f 368/42/55 360/63/55 362/50/55
f 369/40/56 370/41/56 371/3/56
f 372/31/56 369/40/56 371/3/56
f 373/22/56 372/31/56 371/3/56
f 374/10/56 373/22/56 371/3/56
f 375/4/56 374/10/56 371/3/56
f 376/2/56 375/4/56 371/3/56
f 377/1/56 376/2/56 371/3/56
f 378/5/56 377/1/56 371/3/56
f 379/9/56 378/5/56 371/3/56
f 380/21/56 379/9/56 371/3/56
f 381/17/56 380/21/56 371/3/56
f 370/41/56 381/17/56 371/3/56
f 382/45/57 383/44/57 384/50/57
f 383/44/57 385/43/57 384/50/57
f 385/43/57 386/36/57 384/50/57
f 386/36/57 387/26/57 384/50/57
f 387/26/57 388/14/57 384/50/57
f 388/14/57 389/11/57 384/50/57
f 389/11/57 390/12/57 384/50/57
f 390/12/57 391/15/57 384/50/57
f 391/15/57 392/25/57 384/50/57
f 392/25/57 393/35/57 384/50/57
f 393/35/57 394/42/57 384/50/57
f 394/42/57 382/45/57 384/50/57
f 395/40/56 396/41/56 397/3/56
f 398/31/56 395/40/56 397/3/56
f 399/22/56 398/31/56 397/3/56
f 400/10/56 399/22/56 397/3/56
f 401/4/56 400/10/56 397/3/56
f 402/2/56 401/4/56 397/3/56
f 403/1/56 402/2/56 397/3/56
f 404/5/56 403/1/56 397/3/56
f 405/9/56 404/5/56 397/3/56
f 406/21/56 405/9/56 397/3/56
f 407/17/56 406/21/56 397/3/56
f 396/41/56 407/17/56 397/3/56
f 408/45/57 409/44/57 410/50/57
f 409/44/57 411/43/57 410/50/57
f 411/43/57 412/36/57 410/50/57
f 412/36/57 413/26/57 410/50/57
f 413/26/57 414/14/57 410/50/57
f 414/14/57 415/11/57 410/50/57
f 415/11/57 416/12/57 410/50/57
f 416/12/57 417/15/57 410/50/57
f 417/15/57 418/25/57 410/50/57
f 418/25/57 419/35/57 410/50/57
f 419/35/57 420/42/57 410/50/57
f 420/42/57 408/45/57 410/50/57
f 421/40/56 422/41/56 423/3/56
f 424/31/56 421/40/56 423/3/56
f 425/22/56 424/31/56 423/3/56
f 426/10/56 425/22/56 423/3/56
f 427/4/56 426/10/56 423/3/56
f 428/2/56 427/4/56 423/3/56
f 429/1/56 428/2/56 423/3/56
f 430/5/56 429/1/56 423/3/56
f 431/9/56 430/5/56 423/3/56
f 432/21/56 431/9/56 423/3/56
f 433/17/56 432/21/56 423/3/56
f 422/41/56 433/17/56 423/3/56
f 434/45/57 435/44/57 436/50/57
f 435/44/57 437/43/57 436/50/57
f 437/43/57 438/36/57 436/50/57
f 438/36/57 439/26/57 436/50/57
f 439/26/57 440/14/57 436/50/57
f 440/14/57 441/11/57 436/50/57
f 441/11/57 442/12/57 436/50/57
f 442/12/57 443/15/57 436/50/57
f 443/15/57 444/25/57 436/50/57
f 444/25/57 445/35/57 436/50/57
f 445/35/57 446/42/57 436/50/57
f 446/42/57 434/45/57 436/50/57
s 1
f 447/20/58 448/16/58 449/3/58
s 0
f 450/24/58 447/20/58 449/3/58
f 451/28/59 450/24/59 449/3/59
f 452/30/60 451/28/60 449/3/60
f 453/29/61 452/30/61 449/3/61
s 1
f 454/27/59 453/29/59 449/3/59
s 0
f 455/23/62 454/27/62 449/3/62
f 456/19/60 455/23/60 449/3/60
f 457/18/58 456/19/58 449/3/58
f 448/16/60 458/17/60 449/3/60
f 459/49/63 460/51/64 461/50/63
f 460/51/65 462/52/65 461/50/65
f 462/52/66 463/53/66 461/50/66
f 463/53/67 464/43/67 461/50/67
f 464/43/63 465/54/63 461/50/63
f 465/54/68 466/55/68 461/50/68
f 466/55/68 467/56/68 461/50/68
f 467/56/63 468/57/63 461/50/63
f 468/57/65 469/58/69 461/50/65
f 470/42/63 459/49/63 461/50/63
f 471/20/60 472/16/60 473/3/60
s 1
f 474/24/60 471/20/60 473/3/60
s 0
f 475/28/60 474/24/60 473/3/60
f 476/30/60 475/28/60 473/3/60
f 477/29/58 476/30/58 473/3/58
s 1
f 478/27/59 477/29/59 473/3/59
s 0
f 479/23/61 478/27/61 473/3/61
f 480/19/70 479/23/71 473/3/71
f 481/18/58 480/19/58 473/3/58
f 472/16/60 482/17/60 473/3/60
f 483/49/63 484/51/63 485/50/63
f 484/51/63 486/52/63 485/50/63
f 486/52/65 487/53/65 485/50/65
f 487/53/63 488/43/63 485/50/63
f 488/43/66 489/54/66 485/50/66
f 489/54/63 490/55/63 485/50/63
f 490/55/68 491/56/68 485/50/68
f 491/56/72 492/57/63 485/50/63
f 492/57/65 493/58/65 485/50/65
f 494/42/63 483/49/63 485/50/63
f 495/20/73 496/16/73 497/3/73
f 498/24/73 495/20/73 497/3/73
f 499/28/73 498/24/73 497/3/73
f 500/30/73 499/28/73 497/3/73
f 501/29/74 500/30/74 497/3/74
f 502/27/75 501/29/75 497/3/75
f 503/23/73 502/27/73 497/3/73
f 504/19/75 503/23/75 497/3/75
f 505/18/76 504/19/73 497/3/73
f 496/16/75 506/17/75 497/3/75
f 507/49/77 508/51/77 509/50/77
f 508/51/77 510/52/77 509/50/77
f 510/52/77 511/53/77 509/50/77
s 1
f 511/53/78 512/43/79 509/50/80
s 0
f 512/43/81 513/54/81 509/50/81
f 513/54/82 514/55/82 509/50/82
f 514/55/77 515/56/77 509/50/77
f 515/56/77 516/57/77 509/50/77
f 516/57/77 517/58/77 509/50/77
f 518/42/83 507/49/83 509/50/83
f 519/20/73 520/16/73 521/3/73
f 522/24/84 519/20/84 521/3/84
f 523/28/85 522/24/85 521/3/85
f 524/30/73 523/28/73 521/3/73
f 525/29/73 524/30/73 521/3/73
f 526/27/73 525/29/73 521/3/73
f 527/23/73 526/27/73 521/3/73
f 528/19/75 527/23/75 521/3/75
f 529/18/73 528/19/73 521/3/73
f 520/16/75 530/17/75 521/3/75
f 531/49/77 532/51/77 533/50/77
f 532/51/83 534/52/83 533/50/83
f 534/52/83 535/53/83 533/50/83
f 535/53/83 536/43/86 533/50/83
f 536/43/82 537/54/82 533/50/82
f 537/54/77 538/55/77 533/50/79
f 538/55/77 539/56/77 533/50/77
f 539/56/77 540/57/77 533/50/77
f 540/57/83 541/58/83 533/50/83
f 542/42/77 531/49/77 533/50/77
f 543/20/87 544/16/87 545/3/87
f 546/24/88 543/20/88 545/3/88
f 547/28/89 546/24/89 545/3/89
f 548/30/88 547/28/88 545/3/88
s 1
f 549/29/90 548/30/91 545/3/92
s 0
f 550/27/87 549/29/87 545/3/87
f 551/23/93 550/27/93 545/3/93
f 552/19/94 551/23/94 545/3/94
f 553/18/88 552/19/88 545/3/88
f 544/16/94 554/17/94 545/3/94
f 555/49/95 556/51/95 557/50/95
f 556/51/96 558/52/96 557/50/96
f 558/52/97 559/53/97 557/50/97
f 559/53/96 560/43/96 557/50/96
f 560/43/97 561/54/97 557/50/97
f 561/54/98 562/55/99 557/50/96
f 562/55/96 563/56/96 557/50/96
f 563/56/96 564/57/96 557/50/96
f 564/57/95 565/58/95 557/50/95
s 1
f 566/42/96 555/49/96 557/50/96
s 0
f 567/20/93 568/16/93 569/3/93
f 570/24/100 567/20/89 569/3/89
f 571/28/87 570/24/87 569/3/87
f 572/30/93 571/28/93 569/3/93
f 573/29/101 572/30/101 569/3/101
f 574/27/87 573/29/87 569/3/87
f 575/23/87 574/27/87 569/3/87
f 576/19/102 575/23/102 569/3/102
f 577/18/103 576/19/102 569/3/103
f 568/16/87 578/17/87 569/3/87
f 579/49/95 580/51/95 581/50/95
f 580/51/97 582/52/97 581/50/97
s 1
f 582/52/104 583/53/95 581/50/95
f 583/53/95 584/43/97 581/50/95
s 0
f 584/43/105 585/54/105 581/50/105
f 585/54/106 586/55/106 581/50/106
f 586/55/95 587/56/95 581/50/95
f 587/56/96 588/57/96 581/50/96
f 588/57/96 589/58/96 581/50/96
f 590/42/96 579/49/96 581/50/96
f 591/20/107 592/16/107 593/3/107
s 1
f 594/24/108 591/20/108 593/3/109
s 0
f 595/28/108 594/24/108 593/3/108
f 596/30/110 595/28/110 593/3/110
f 597/29/111 596/30/111 593/3/111
f 598/27/107 597/29/107 593/3/107
s 1
f 599/23/111 598/27/112 593/3/113
s 0
f 600/19/107 599/23/107 593/3/107
f 601/18/114 600/19/114 593/3/114
f 592/16/115 602/17/116 593/3/115
f 603/49/117 604/51/117 605/50/117
f 604/51/118 606/52/118 605/50/118
f 606/52/119 607/53/119 605/50/119
f 607/53/120 608/43/120 605/50/120
f 608/43/120 609/54/120 605/50/120
f 609/54/120 610/55/120 605/50/120
f 610/55/120 611/56/120 605/50/120
f 611/56/120 612/57/121 605/50/120
f 612/57/120 613/58/120 605/50/120
f 614/42/120 603/49/120 605/50/120
f 615/20/115 616/16/115 617/3/115
f 618/24/107 615/20/107 617/3/107
f 619/28/122 618/24/122 617/3/122
f 620/30/110 619/28/110 617/3/110
f 621/29/123 620/30/107 617/3/107
f 622/27/124 621/29/124 617/3/125
f 623/23/107 622/27/107 617/3/107
f 624/19/111 623/23/111 617/3/111
f 625/18/107 624/19/107 617/3/107
f 616/16/107 626/17/107 617/3/107
s 1
f 627/49/126 628/51/118 629/50/127
f 628/51/118 630/52/118 629/50/127
s 0
f 630/52/128 631/53/128 629/50/128
f 631/53/127 632/43/127 629/50/127
f 632/43/119 633/54/119 629/50/119
f 633/54/129 634/55/129 629/50/129
f 634/55/120 635/56/120 629/50/120
f 635/56/126 636/57/126 629/50/126
f 636/57/120 637/58/120 629/50/120
f 638/42/120 627/49/120 629/50/120
f 639/20/130 640/16/130 641/3/130
f 642/24/130 639/20/130 641/3/130
f 643/28/131 642/24/131 641/3/131
f 644/30/130 643/28/130 641/3/130
f 645/29/130 644/30/130 641/3/130
f 646/27/130 645/29/130 641/3/130
f 647/23/130 646/27/132 641/3/133
f 648/19/130 647/23/130 641/3/130
f 649/18/134 648/19/134 641/3/134
s 1
f 640/16/135 650/17/135 641/3/135
s 0
f 651/49/136 652/51/136 653/50/136
f 652/51/137 654/52/137 653/50/137
f 654/52/138 655/53/138 653/50/138
f 655/53/139 656/43/139 653/50/139
f 656/43/140 657/54/140 653/50/140
f 657/54/136 658/55/136 653/50/136
f 658/55/136 659/56/136 653/50/136
f 659/56/141 660/57/141 653/50/141
f 660/57/137 661/58/137 653/50/137
f 662/42/142 651/49/143 653/50/144
f 663/20/145 664/16/145 665/3/145
f 666/24/130 663/20/130 665/3/130
f 667/28/146 666/24/146 665/3/146
f 668/30/130 667/28/130 665/3/130
f 669/29/147 668/30/147 665/3/147
f 670/27/130 669/29/130 665/3/130
f 671/23/130 670/27/130 665/3/130
f 672/19/135 671/23/135 665/3/135
f 673/18/135 672/19/135 665/3/145
f 664/16/148 674/17/148 665/3/148
f 675/49/140 676/51/140 677/50/140
f 676/51/139 678/52/139 677/50/139
f 678/52/140 679/53/140 677/50/140
s 1
f 679/53/138 680/43/138 677/50/138
s 0
f 680/43/149 681/54/149 677/50/149
f 681/54/141 682/55/141 677/50/141
f 682/55/140 683/56/140 677/50/140
f 683/56/136 684/57/136 677/50/136
s 1
f 684/57/144 685/58/150 677/50/144
s 0
f 686/42/136 675/49/136 677/50/136
f 687/1/7 688/2/7 689/3/7
f 688/2/7 690/4/7 689/3/7
f 691/5/7 687/1/7 689/3/7
s 1
f 692/6/151 693/7/152 694/8/153
s 0
f 695/9/7 691/5/7 689/3/7
f 690/4/7 696/10/7 689/3/7
s 1
f 697/11/154 698/12/155 699/13/1
f 700/14/156 697/11/154 699/13/1
f 698/12/155 701/15/157 699/13/1
s 0
f 702/16/158 703/3/158 704/17/158
f 705/18/158 703/3/158 706/19/158
s 1
f 707/20/158 703/3/158 702/16/158
s 0
f 708/21/7 695/9/7 689/3/7
f 696/10/7 709/22/7 689/3/7
f 706/19/158 703/3/158 710/23/158
f 711/24/158 703/3/158 707/20/158
s 1
f 701/15/157 712/25/159 699/13/1
f 713/26/160 700/14/156 699/13/1
s 0
f 710/23/161 703/3/161 714/27/161
f 715/28/162 703/3/162 711/24/162
f 714/27/158 703/3/158 716/29/158
f 717/30/158 703/3/158 715/28/158
f 716/29/161 703/3/161 717/30/161
f 718/17/7 708/21/7 689/3/7
f 709/22/7 719/31/7 689/3/7
s 1
f 720/32/163 721/33/164 722/34/165
f 712/25/159 723/35/166 699/13/1
f 724/36/167 713/26/160 699/13/1
s 0
f 725/19/168 726/3/168 727/23/168
s 1
f 728/18/158 726/3/158 725/19/158
f 727/23/161 726/3/161 729/27/161
s 0
f 729/27/161 726/3/161 730/29/161
f 730/29/158 726/3/158 731/30/158
s 1
f 732/37/169 733/38/170 734/39/171
s 0
f 731/30/161 726/3/161 735/28/161
f 719/31/7 736/40/7 689/3/7
f 737/41/7 718/17/7 689/3/7
f 735/28/172 726/3/172 738/24/172
f 739/28/158 740/3/158 741/24/158
f 741/24/161 740/3/161 742/20/161
f 743/30/158 740/3/158 739/28/158
f 742/20/158 740/3/158 744/16/158
f 738/24/158 726/3/158 745/20/158
f 736/40/7 737/41/7 689/3/7
f 746/29/158 740/3/158 743/30/158
f 744/16/158 740/3/158 747/17/158
f 745/20/158 726/3/158 748/16/158
s 1
f 723/35/166 749/42/173 699/13/1
f 750/43/174 724/36/167 699/13/1
s 0
f 751/27/161 740/3/161 746/29/161
f 748/16/158 726/3/158 752/17/158
f 753/23/158 740/3/158 751/27/158
f 754/19/158 740/3/158 753/23/158
f 755/18/158 740/3/158 754/19/158
s 1
f 756/44/175 750/43/174 699/13/1
f 749/42/173 757/45/176 699/13/1
f 757/45/176 756/44/175 699/13/1
f 758/46/177 759/47/178 760/48/179
f 761/67/180 762/68/181 763/69/182
f 761/67/180 763/69/182 764/70/183
f 765/71/184 766/72/184 767/73/184
f 765/71/184 767/73/184 768/74/184
s 0
f 769/75/185 770/76/185 771/77/185
f 769/75/185 771/77/185 772/78/185
s 1
f 773/68/186 774/79/187 775/80/188
f 773/68/186 775/80/188 776/69/189
f 777/81/190 778/67/191 779/70/192
f 777/81/190 779/70/192 780/82/193
f 781/83/194 782/84/195 762/68/181
f 781/83/194 762/68/181 761/67/180
f 783/84/196 784/85/197 774/79/187
f 783/84/196 774/79/187 773/68/186
f 785/86/198 786/87/199 787/88/200
f 785/86/198 787/88/200 788/89/201
f 789/90/202 790/83/203 778/67/191
f 789/90/202 778/67/191 777/81/190
f 791/91/204 792/72/205 793/71/205
f 791/91/204 793/71/205 794/92/205
f 795/73/206 796/93/207 797/94/206
f 795/73/206 797/94/206 798/74/206
f 799/95/208 800/96/208 782/84/195
f 799/95/208 782/84/195 781/83/194
f 801/96/209 802/97/210 784/85/197
f 801/96/209 784/85/197 783/84/196
f 788/89/201 787/88/200 803/76/211
f 788/89/201 803/76/211 804/75/212
f 805/98/213 806/95/214 790/83/203
f 805/98/213 790/83/203 789/90/202
f 776/69/189 775/80/188 807/99/215
f 776/69/189 807/99/215 808/93/216
f 780/82/193 779/70/192 809/91/217
f 780/82/193 809/91/217 810/100/217
f 811/101/218 812/102/219 786/87/199
f 811/101/218 786/87/199 785/86/198
f 813/103/220 814/104/220 815/105/221
f 813/103/220 815/105/221 816/106/221
f 817/107/222 818/108/223 819/109/224
f 817/107/222 819/109/224 820/110/224
f 821/111/225 822/112/226 823/113/227
f 821/111/225 823/113/227 824/114/228
f 816/106/221 815/105/221 825/115/229
f 816/106/221 825/115/229 826/116/229
f 818/108/223 817/107/222 827/117/230
f 818/108/223 827/117/230 828/118/230
f 829/119/231 824/114/228 823/113/227
f 829/119/231 823/113/227 830/120/232
f 831/121/233 832/122/234 47/38/22
f 831/121/233 47/38/22 833/123/235
f 834/124/236 835/125/236 836/126/237
f 834/124/236 836/126/237 837/127/237
f 838/128/238 839/129/238 840/130/239
f 838/128/238 840/130/239 841/131/239
f 837/127/237 836/126/237 842/132/240
f 837/127/237 842/132/240 843/133/241
f 844/134/242 845/135/242 841/131/239
f 844/134/242 841/131/239 840/130/239
f 72/46/28 846/136/243 847/137/244
f 72/46/28 847/137/244 848/138/245
f 819/109/224 814/104/220 813/103/220
f 819/109/224 813/103/220 820/110/224
s 0
f 849/3/10 850/139/10 851/139/10
f 849/3/10 851/139/10 852/3/10
s 1
f 853/140/246 854/141/247 855/18/247
f 853/140/246 855/18/247 856/18/248
f 857/142/249 858/143/250 859/144/251
f 857/142/249 859/144/251 860/139/252
f 861/145/253 862/146/246 863/147/254
f 861/145/253 863/147/254 864/148/255
f 825/115/229 835/125/236 834/124/236
f 825/115/229 834/124/236 826/116/229
f 838/128/238 828/118/230 827/117/230
f 838/128/238 827/117/230 839/129/238
f 865/149/256 866/150/257 867/151/258
f 865/149/256 867/151/258 868/152/259
f 47/38/22 832/122/234 869/153/260
f 47/38/22 869/153/260 48/39/23
f 870/154/261 869/153/260 871/155/262
f 870/154/261 871/155/262 872/156/263
f 866/150/257 873/157/264 874/158/265
f 866/150/257 874/158/265 867/151/258
f 875/159/266 876/160/267 877/148/268
f 875/159/266 877/148/268 878/161/269
f 879/162/270 880/163/271 881/164/272
f 879/162/270 881/164/272 882/165/273
f 883/166/274 875/159/266 878/161/269
f 883/166/274 878/161/269 884/167/275
f 885/168/276 883/166/274 884/167/275
f 885/168/276 884/167/275 886/164/277
f 46/37/21 887/169/278 888/170/279
f 46/37/21 888/170/279 47/38/22
s 0
f 889/18/11 890/3/11 891/3/11
f 889/18/10 891/3/10 892/18/10
s 1
f 893/171/280 894/172/281 895/158/282
f 893/171/280 895/158/282 896/151/283
f 897/173/284 893/171/280 896/151/283
f 897/173/284 896/151/283 898/152/285
f 894/172/281 899/174/286 900/165/287
f 894/172/281 900/165/287 895/158/282
f 901/175/288 902/176/289 903/165/290
f 901/175/288 903/165/290 904/158/291
f 905/177/292 897/173/284 898/152/285
f 905/177/292 898/152/285 906/178/293
f 907/179/294 908/180/295 909/167/296
f 907/179/294 909/167/296 910/164/297
f 911/181/298 912/182/299 913/151/300
f 911/181/298 913/151/300 914/152/301
f 915/139/302 916/139/303 917/183/303
f 915/139/302 917/183/303 918/184/304
f 908/180/295 919/185/305 920/161/306
f 908/180/295 920/161/306 909/167/296
s 0
f 921/3/11 922/139/11 923/139/11
f 921/3/11 923/139/11 924/3/11
s 1
f 925/139/307 926/139/308 927/186/308
f 925/139/307 927/186/308 928/187/309
f 919/185/305 929/188/310 930/148/311
f 919/185/305 930/148/311 920/161/306
f 931/189/312 846/136/243 932/190/313
f 931/189/312 932/190/313 933/191/314
f 934/192/315 935/193/316 936/194/316
f 934/192/315 936/194/316 937/18/317
f 938/178/318 845/135/242 844/134/242
f 938/178/318 844/134/242 939/195/319
f 72/46/28 940/196/320 941/197/321
f 72/46/28 941/197/321 73/47/29
f 874/158/265 873/157/264 879/162/270
f 874/158/265 879/162/270 882/165/273
f 903/165/290 902/176/289 885/168/276
f 903/165/290 885/168/276 886/164/277
f 942/178/322 943/195/323 944/198/324
f 942/178/322 944/198/324 945/152/325
f 945/152/325 944/198/324 946/199/326
f 945/152/325 946/199/326 947/151/327
f 947/151/327 946/199/326 948/200/328
f 947/151/327 948/200/328 949/158/329
f 949/158/329 948/200/328 950/201/330
f 949/158/329 950/201/330 951/165/330
f 951/165/330 950/201/330 952/202/331
f 951/165/330 952/202/331 953/164/332
f 953/164/332 952/202/331 954/203/333
f 953/164/332 954/203/333 955/167/334
f 955/167/334 954/203/333 956/204/335
f 955/167/334 956/204/335 957/161/336
f 957/161/336 956/204/335 958/205/337
f 957/161/336 958/205/337 959/148/337
f 959/148/337 958/205/337 960/206/338
f 959/148/337 960/206/338 961/147/339
f 962/139/340 963/207/341 964/208/342
f 962/139/340 964/208/342 965/144/343
s 0
f 966/206/344 967/206/344 968/18/344
f 966/206/344 968/18/344 969/18/344
f 970/18/31 971/18/31 972/3/31
f 970/18/31 972/3/31 973/3/31
f 974/3/31 975/3/31 976/139/31
f 974/3/31 976/139/31 977/139/31
f 978/139/345 979/139/345 980/42/345
f 978/139/345 980/42/345 981/42/345
f 982/42/34 983/42/34 984/50/34
f 982/42/34 984/50/34 985/50/34
f 986/50/34 987/50/34 988/206/34
f 986/50/34 988/206/34 989/206/34
s 1
f 990/178/346 991/195/347 992/198/348
f 990/178/346 992/198/348 993/152/348
f 993/152/348 992/198/348 994/199/349
f 993/152/348 994/199/349 995/151/349
f 995/151/349 994/199/349 996/200/350
f 995/151/349 996/200/350 997/158/350
f 997/158/350 996/200/350 998/201/351
f 997/158/350 998/201/351 999/165/351
f 999/165/351 998/201/351 1000/202/352
f 999/165/351 1000/202/352 1001/164/352
f 1001/164/352 1000/202/352 1002/203/353
f 1001/164/352 1002/203/353 1003/167/353
f 1003/167/353 1002/203/353 1004/204/354
f 1003/167/353 1004/204/354 1005/161/355
f 1005/161/355 1004/204/354 1006/205/356
f 1005/161/355 1006/205/356 1007/148/357
f 1007/148/357 1006/205/356 1008/206/358
f 1007/148/357 1008/206/358 1009/147/359
f 1010/139/360 1011/207/361 1012/208/362
f 1010/139/360 1012/208/362 1013/144/363
f 1014/178/364 1015/195/323 1016/198/365
f 1014/178/364 1016/198/365 1017/152/325
f 1017/152/325 1016/198/365 1018/199/366
f 1017/152/325 1018/199/366 1019/151/326
f 1019/151/326 1018/199/366 1020/200/367
f 1019/151/326 1020/200/367 1021/158/329
f 1021/158/329 1020/200/367 1022/201/330
f 1021/158/329 1022/201/330 1023/165/368
f 1023/165/368 1022/201/330 1024/202/369
f 1023/165/368 1024/202/369 1025/164/369
f 1025/164/369 1024/202/369 1026/203/333
f 1025/164/369 1026/203/333 1027/167/334
f 1027/167/334 1026/203/333 1028/204/335
f 1027/167/334 1028/204/335 1029/161/336
f 1029/161/336 1028/204/335 1030/205/337
f 1029/161/336 1030/205/337 1031/148/337
f 1031/148/337 1030/205/337 1032/206/338
f 1031/148/337 1032/206/338 1033/147/338
f 1034/139/340 1035/207/341 1036/208/342
f 1034/139/340 1036/208/342 1037/144/342
s 0
f 1038/206/344 1039/206/344 1040/18/344
f 1038/206/344 1040/18/344 1041/18/344
f 1042/18/31 1043/18/31 1044/3/31
f 1042/18/31 1044/3/31 1045/3/31
f 1046/3/31 1047/3/31 1048/139/31
f 1046/3/31 1048/139/31 1049/139/31
f 1050/139/345 1051/139/345 1052/42/345
f 1050/139/345 1052/42/345 1053/42/345
f 1054/42/35 1055/42/35 1056/50/35
f 1054/42/34 1056/50/34 1057/50/34
f 1058/50/34 1059/50/34 1060/206/34
f 1058/50/34 1060/206/34 1061/206/34
s 1
f 1062/178/347 1063/195/370 1064/198/371
f 1062/178/347 1064/198/371 1065/152/348
f 1065/152/348 1064/198/371 1066/199/349
f 1065/152/348 1066/199/349 1067/151/349
f 1067/151/349 1066/199/349 1068/200/350
f 1067/151/349 1068/200/350 1069/158/372
f 1069/158/372 1068/200/350 1070/201/351
f 1069/158/372 1070/201/351 1071/165/351
f 1071/165/351 1070/201/351 1072/202/373
f 1071/165/351 1072/202/373 1073/164/352
f 1073/164/352 1072/202/373 1074/203/374
f 1073/164/352 1074/203/374 1075/167/353
f 1075/167/353 1074/203/374 1076/204/354
f 1075/167/353 1076/204/354 1077/161/355
f 1077/161/355 1076/204/354 1078/205/357
f 1077/161/355 1078/205/357 1079/148/375
f 1079/148/375 1078/205/357 1080/206/358
f 1079/148/375 1080/206/358 1081/147/359
f 1082/139/376 1083/207/376 1084/208/377
f 1082/139/376 1084/208/377 1085/144/370
f 1086/178/378 1087/195/378 1088/198/379
f 1086/178/378 1088/198/379 1089/152/379
f 1089/152/379 1088/198/379 1090/199/380
f 1089/152/379 1090/199/380 1091/151/380
f 1091/151/380 1090/199/380 1092/200/381
f 1091/151/380 1092/200/381 1093/158/382
f 1093/158/382 1092/200/381 1094/201/368
f 1093/158/382 1094/201/368 1095/165/368
f 1095/165/368 1094/201/368 1096/202/383
f 1095/165/368 1096/202/383 1097/164/384
f 1097/164/384 1096/202/383 1098/203/385
f 1097/164/384 1098/203/385 1099/167/386
f 1099/167/386 1098/203/385 1100/204/387
f 1099/167/386 1100/204/387 1101/161/388
f 1101/161/388 1100/204/387 1102/205/389
f 1101/161/388 1102/205/389 1103/148/390
f 1103/148/390 1102/205/389 1104/206/391
f 1103/148/390 1104/206/391 1105/147/391
f 1106/139/392 1107/207/393 1108/208/378
f 1106/139/392 1108/208/378 1109/144/378
s 0
f 1110/206/344 1111/206/344 1112/18/344
f 1110/206/344 1112/18/344 1113/18/344
f 1114/18/31 1115/18/31 1116/3/31
f 1114/18/31 1116/3/31 1117/3/31
f 1118/3/31 1119/3/31 1120/139/31
f 1118/3/31 1120/139/31 1121/139/31
f 1122/139/345 1123/139/345 1124/42/345
f 1122/139/345 1124/42/345 1125/42/345
f 1126/42/34 1127/42/34 1128/50/34
f 1126/42/34 1128/50/34 1129/50/34
f 1130/50/34 1131/50/34 1132/206/34
f 1130/50/34 1132/206/34 1133/206/34
s 1
f 1134/178/394 1135/195/395 1136/198/396
f 1134/178/394 1136/198/396 1137/152/397
f 1137/152/397 1136/198/396 1138/199/398
f 1137/152/397 1138/199/398 1139/151/399
f 1139/151/399 1138/199/398 1140/200/400
f 1139/151/399 1140/200/400 1141/158/400
f 1141/158/400 1140/200/400 1142/201/401
f 1141/158/400 1142/201/401 1143/165/401
f 1143/165/401 1142/201/401 1144/202/402
f 1143/165/401 1144/202/402 1145/164/403
f 1145/164/403 1144/202/402 1146/203/404
f 1145/164/403 1146/203/404 1147/167/404
f 1147/167/404 1146/203/404 1148/204/405
f 1147/167/404 1148/204/405 1149/161/406
f 1149/161/406 1148/204/405 1150/205/407
f 1149/161/406 1150/205/407 1151/148/408
f 1151/148/408 1150/205/407 1152/206/409
f 1151/148/408 1152/206/409 1153/147/409
f 1154/139/410 1155/207/411 1156/208/412
f 1154/139/410 1156/208/412 1157/144/412
f 1158/178/413 1159/195/414 1160/198/415
f 1158/178/413 1160/198/415 1161/152/415
f 1161/152/415 1160/198/415 1162/199/416
f 1161/152/415 1162/199/416 1163/151/417
f 1163/151/417 1162/199/416 1164/200/418
f 1163/151/417 1164/200/418 1165/158/418
f 1165/158/418 1164/200/418 1166/201/368
f 1165/158/418 1166/201/368 1167/165/368
f 1167/165/368 1166/201/368 1168/202/419
f 1167/165/368 1168/202/419 1169/164/419
f 1169/164/419 1168/202/419 1170/203/420
f 1169/164/419 1170/203/420 1171/167/421
f 1171/167/421 1170/203/420 1172/204/422
f 1171/167/421 1172/204/422 1173/161/423
f 1173/161/423 1172/204/422 1174/205/424
f 1173/161/423 1174/205/424 1175/148/424
f 1175/148/424 1174/205/424 1176/206/425
f 1175/148/424 1176/206/425 1177/147/425
f 1178/139/426 1179/207/426 1180/208/427
f 1178/139/426 1180/208/427 1181/144/427
s 0
f 1182/206/428 1183/206/428 1184/18/428
f 1182/206/428 1184/18/428 1185/18/428
s 1
f 1186/18/31 1187/18/31 1188/3/31
s 0
f 1186/18/31 1188/3/31 1189/3/31
f 1190/3/31 1191/3/31 1192/139/31
f 1190/3/31 1192/139/31 1193/139/31
f 1194/139/429 1195/139/429 1196/42/429
f 1194/139/429 1196/42/429 1197/42/429
f 1198/42/34 1199/42/34 1200/50/34
f 1198/42/34 1200/50/34 1201/50/34
f 1202/50/34 1203/50/34 1204/206/34
f 1202/50/34 1204/206/34 1205/206/34
s 1
f 1206/178/430 1207/195/431 1208/198/432
f 1206/178/430 1208/198/432 1209/152/433
f 1209/152/433 1208/198/432 1210/199/434
f 1209/152/433 1210/199/434 1211/151/434
f 1211/151/434 1210/199/434 1212/200/435
f 1211/151/434 1212/200/435 1213/158/436
f 1213/158/436 1212/200/435 1214/201/437
f 1213/158/436 1214/201/437 1215/165/437
f 1215/165/437 1214/201/437 1216/202/438
f 1215/165/437 1216/202/438 1217/164/438
f 1217/164/438 1216/202/438 1218/203/439
f 1217/164/438 1218/203/439 1219/167/440
f 1219/167/440 1218/203/439 1220/204/441
f 1219/167/440 1220/204/441 1221/161/442
f 1221/161/442 1220/204/441 1222/205/443
f 1221/161/442 1222/205/443 1223/148/444
f 1223/148/444 1222/205/443 1224/206/445
f 1223/148/444 1224/206/445 1225/147/445
f 1226/139/446 1227/207/447 1228/208/448
f 1226/139/446 1228/208/448 1229/144/449
f 1230/178/450 1231/195/451 1232/198/452
f 1230/178/450 1232/198/452 1233/152/452
f 1233/152/452 1232/198/452 1234/199/453
f 1233/152/452 1234/199/453 1235/151/454
f 1235/151/454 1234/199/453 1236/200/455
f 1235/151/454 1236/200/455 1237/158/455
f 1237/158/455 1236/200/455 1238/201/368
f 1237/158/455 1238/201/368 1239/165/368
f 1239/165/368 1238/201/368 1240/202/456
f 1239/165/368 1240/202/456 1241/164/456
f 1241/164/456 1240/202/456 1242/203/457
f 1241/164/456 1242/203/457 1243/167/458
f 1243/167/458 1242/203/457 1244/204/459
f 1243/167/458 1244/204/459 1245/161/460
f 1245/161/460 1244/204/459 1246/205/461
f 1245/161/460 1246/205/461 1247/148/462
f 1247/148/462 1246/205/461 1248/206/463
f 1247/148/462 1248/206/463 1249/147/464
f 1250/139/465 1251/207/465 1252/208/466
f 1250/139/465 1252/208/466 1253/144/467
s 0
f 1254/206/468 1255/206/468 1256/18/468
f 1254/206/468 1256/18/468 1257/18/468
f 1258/18/31 1259/18/31 1260/3/31
f 1258/18/31 1260/3/31 1261/3/31
f 1262/3/31 1263/3/31 1264/139/31
f 1262/3/31 1264/139/31 1265/139/31
f 1266/139/469 1267/139/469 1268/42/469
f 1266/139/469 1268/42/469 1269/42/469
f 1270/42/34 1271/42/34 1272/50/34
f 1270/42/34 1272/50/34 1273/50/34
s 1
f 1274/50/34 1275/50/34 1276/206/34
s 0
f 1274/50/34 1276/206/34 1277/206/34
s 1
f 1278/178/470 1279/195/471 1280/198/472
f 1278/178/470 1280/198/472 1281/152/473
f 1281/152/473 1280/198/472 1282/199/474
f 1281/152/473 1282/199/474 1283/151/474
f 1283/151/474 1282/199/474 1284/200/475
f 1283/151/474 1284/200/475 1285/158/476
f 1285/158/476 1284/200/475 1286/201/477
f 1285/158/476 1286/201/477 1287/165/477
f 1287/165/477 1286/201/477 1288/202/478
f 1287/165/477 1288/202/478 1289/164/479
f 1289/164/479 1288/202/478 1290/203/480
f 1289/164/479 1290/203/480 1291/167/480
f 1291/167/480 1290/203/480 1292/204/481
f 1291/167/480 1292/204/481 1293/161/481
f 1293/161/481 1292/204/481 1294/205/482
f 1293/161/481 1294/205/482 1295/148/483
f 1295/148/483 1294/205/482 1296/206/484
f 1295/148/483 1296/206/484 1297/147/485
f 1298/139/486 1299/207/486 1300/208/487
f 1298/139/486 1300/208/487 1301/144/488
f 1302/67/489 1303/70/490 1304/69/491
f 1302/67/489 1304/69/491 1305/68/492
f 1306/71/493 1307/74/493 1308/73/493
f 1306/71/493 1308/73/493 1309/72/493
s 0
f 1310/75/494 1311/78/494 1312/77/494
f 1310/75/494 1312/77/494 1313/76/494
s 1
f 1314/68/495 1315/69/496 1316/80/497
f 1314/68/495 1316/80/497 1317/79/498
f 1318/81/499 1319/82/500 1320/70/501
f 1318/81/499 1320/70/501 1321/67/502
f 1322/83/503 1302/67/489 1305/68/492
f 1322/83/503 1305/68/492 1323/84/504
f 1324/84/505 1314/68/495 1317/79/498
f 1324/84/505 1317/79/498 1325/85/506
f 1326/86/507 1327/89/508 1328/88/509
f 1326/86/507 1328/88/509 1329/87/510
f 1330/90/511 1318/81/499 1321/67/502
f 1330/90/511 1321/67/502 1331/83/512
f 1332/91/513 1333/92/514 1334/71/513
f 1332/91/513 1334/71/513 1335/72/514
f 1336/73/515 1337/74/515 1338/94/515
f 1336/73/515 1338/94/515 1339/93/516
f 1340/95/517 1322/83/503 1323/84/504
f 1340/95/517 1323/84/504 1341/96/517
f 1342/96/518 1324/84/505 1325/85/506
f 1342/96/518 1325/85/506 1343/97/519
f 1327/89/508 1344/75/520 1345/76/521
f 1327/89/508 1345/76/521 1328/88/509
f 1346/98/522 1330/90/511 1331/83/512
f 1346/98/522 1331/83/512 1347/95/522
f 1315/69/496 1348/93/523 1349/99/523
f 1315/69/496 1349/99/523 1316/80/497
f 1319/82/500 1350/100/524 1351/91/524
f 1319/82/500 1351/91/524 1320/70/501
f 1352/101/525 1326/86/507 1329/87/510
f 1352/101/525 1329/87/510 1353/102/526
f 1354/178/527 1355/209/528 1356/210/528
f 1354/178/527 1356/210/528 1357/195/529
f 1355/209/528 1358/211/530 1359/212/531
f 1355/209/528 1359/212/531 1356/210/528
f 1358/211/530 1360/213/532 1361/214/532
f 1358/211/530 1361/214/532 1359/212/531
f 1362/213/533 1363/5/534 1364/215/535
f 1362/213/533 1364/215/535 1365/214/533
f 1363/5/534 1366/216/536 1367/217/536
f 1363/5/534 1367/217/536 1364/215/535
f 1366/216/536 1368/115/537 1369/116/538
f 1366/216/536 1369/116/538 1367/217/536
f 1368/115/537 1370/218/539 1371/219/539
f 1368/115/537 1371/219/539 1369/116/538
f 1372/218/540 1373/220/541 1374/221/542
f 1372/218/540 1374/221/542 1375/219/543
f 1376/178/544 1377/209/545 1378/210/545
f 1376/178/544 1378/210/545 1379/195/546
f 1377/209/545 1380/211/547 1381/212/548
f 1377/209/545 1381/212/548 1378/210/545
f 1380/211/547 1382/213/549 1383/214/549
f 1380/211/547 1383/214/549 1381/212/548
f 1384/213/550 1385/5/551 1386/215/552
f 1384/213/550 1386/215/552 1387/214/550
f 1385/5/551 1388/216/553 1389/217/553
f 1385/5/551 1389/217/553 1386/215/552
f 1388/216/553 1390/115/554 1391/116/555
f 1388/216/553 1391/116/555 1389/217/553
f 1390/115/554 1392/218/556 1393/219/556
f 1390/115/554 1393/219/556 1391/116/555
f 1394/218/557 1395/220/558 1396/221/559
f 1394/218/557 1396/221/559 1397/219/557
f 1398/178/560 1399/209/561 1400/210/561
f 1398/178/560 1400/210/561 1401/195/560
f 1399/209/561 1402/211/562 1403/212/563
f 1399/209/561 1403/212/563 1400/210/561
f 1402/211/562 1404/213/564 1405/214/564
f 1402/211/562 1405/214/564 1403/212/563
f 1404/213/564 1406/5/565 1407/215/565
f 1404/213/564 1407/215/565 1405/214/564
f 1406/5/565 1408/216/566 1409/217/566
f 1406/5/565 1409/217/566 1407/215/565
f 1408/216/566 1410/115/567 1411/116/568
f 1408/216/566 1411/116/568 1409/217/566
f 1410/115/567 1412/218/569 1413/219/569
f 1410/115/567 1413/219/569 1411/116/568
f 1412/218/569 1414/220/570 1415/221/570
f 1412/218/569 1415/221/570 1413/219/569
s 0
f 1416/178/571 1417/135/571 1418/134/571
f 1416/178/571 1418/134/571 1419/195/571
f 1420/135/572 1421/222/572 1422/223/572
f 1420/135/572 1422/223/572 1423/134/572
f 1424/222/573 1425/128/573 1426/129/573
f 1424/222/573 1426/129/573 1427/223/573
s 1
f 1428/128/574 1429/118/574 1430/117/574
f 1428/128/574 1430/117/574 1431/129/574
f 1432/118/575 1433/108/575 1434/107/575
s 0
f 1432/118/575 1434/107/575 1435/117/575
f 1436/108/576 1437/109/576 1438/110/576
f 1436/108/576 1438/110/576 1439/107/576
f 1440/109/577 1441/104/577 1442/103/577
f 1440/109/577 1442/103/577 1443/110/577
f 1444/104/578 1445/105/578 1446/106/578
f 1444/104/578 1446/106/578 1447/103/578
f 1448/105/579 1449/115/579 1450/116/579
f 1448/105/579 1450/116/579 1451/106/579
f 1452/115/580 1453/125/580 1454/124/580
f 1452/115/580 1454/124/580 1455/116/580
f 1456/125/581 1457/126/581 1458/127/581
f 1456/125/581 1458/127/581 1459/124/581
f 1460/126/582 1461/132/582 1462/133/582
f 1460/126/582 1462/133/582 1463/127/582
f 1464/178/583 1465/135/583 1466/134/583
f 1464/178/583 1466/134/583 1467/195/583
f 1468/135/584 1469/222/584 1470/223/584
f 1468/135/584 1470/223/584 1471/134/584
f 1472/222/585 1473/128/585 1474/129/585
f 1472/222/585 1474/129/585 1475/223/585
f 1476/128/586 1477/118/586 1478/117/586
f 1476/128/586 1478/117/586 1479/129/586
f 1480/118/587 1481/108/587 1482/107/587
f 1480/118/587 1482/107/587 1483/117/587
f 1484/108/588 1485/109/588 1486/110/588
f 1484/108/588 1486/110/588 1487/107/588
f 1488/109/589 1489/104/589 1490/103/589
s 1
f 1488/109/589 1490/103/589 1491/110/589
s 0
f 1492/104/590 1493/105/590 1494/106/590
f 1492/104/590 1494/106/590 1495/103/590
f 1496/105/591 1497/115/591 1498/116/591
f 1496/105/591 1498/116/591 1499/106/591
f 1500/115/592 1501/125/592 1502/124/592
f 1500/115/592 1502/124/592 1503/116/592
f 1504/125/593 1505/126/593 1506/127/593
f 1504/125/593 1506/127/593 1507/124/593
f 1508/126/594 1509/132/594 1510/133/594
f 1508/126/594 1510/133/594 1511/127/594
s 1
f 1512/178/595 1513/135/596 1514/134/596
f 1512/178/595 1514/134/596 1515/195/595
f 1513/135/596 1516/222/7 1517/223/7
f 1513/135/596 1517/223/7 1514/134/596
f 1516/222/7 1518/128/597 1519/129/597
f 1516/222/7 1519/129/597 1517/223/7
f 1518/128/597 1520/118/598 1521/117/598
f 1518/128/597 1521/117/598 1519/129/597
f 1520/118/598 1522/108/55 1523/107/55
f 1520/118/598 1523/107/55 1521/117/598
f 1522/108/55 1524/109/599 1525/110/599
f 1522/108/55 1525/110/599 1523/107/55
f 1524/109/599 1526/104/600 1527/103/600
f 1524/109/599 1527/103/600 1525/110/599
f 1526/104/600 1528/105/1 1529/106/1
f 1526/104/600 1529/106/1 1527/103/600
f 1528/105/1 1530/115/601 1531/116/601
f 1528/105/1 1531/116/601 1529/106/1
f 1530/115/601 1532/125/602 1533/124/602
f 1530/115/601 1533/124/602 1531/116/601
f 1532/125/602 1534/126/54 1535/127/54
f 1532/125/602 1535/127/54 1533/124/602
f 1534/126/54 1536/132/603 1537/133/603
f 1534/126/54 1537/133/603 1535/127/54
f 1538/76/604 1539/224/605 1540/224/606
f 1538/76/604 1540/224/606 1541/76/607
f 1542/225/608 1543/76/609 1544/76/609
f 1542/225/608 1544/76/609 1545/225/608
f 1546/226/610 1547/77/611 1548/77/612
f 1546/226/610 1548/77/612 1549/227/613
f 1550/75/614 1551/75/614 1552/228/615
f 1550/75/614 1552/228/615 1553/228/616
f 1554/78/617 1546/226/610 1549/227/613
f 1554/78/617 1549/227/613 1555/78/617
f 1539/224/605 1556/75/618 1557/75/618
f 1539/224/605 1557/75/618 1540/224/606
f 1558/77/619 1542/225/608 1545/225/608
f 1558/77/619 1545/225/608 1559/77/619
f 1552/228/615 1560/78/620 1561/78/621
f 1552/228/615 1561/78/621 1553/228/616
f 1562/178/622 1563/152/623 1564/198/623
f 1562/178/622 1564/198/623 1565/195/624
f 1563/152/623 1566/151/625 1567/199/626
f 1563/152/623 1567/199/626 1564/198/623
f 1566/151/625 1568/158/627 1569/200/628
f 1566/151/625 1569/200/628 1567/199/626
f 1568/158/627 1570/165/629 1571/201/629
f 1568/158/627 1571/201/629 1569/200/628
f 1570/165/629 1572/164/630 1573/202/630
f 1570/165/629 1573/202/630 1571/201/629
f 1572/164/630 1574/167/631 1575/203/632
f 1572/164/630 1575/203/632 1573/202/630
f 1574/167/631 1576/161/633 1577/204/633
f 1574/167/631 1577/204/633 1575/203/632
f 1576/161/633 1578/148/634 1579/205/635
f 1576/161/633 1579/205/635 1577/204/633
f 1578/148/634 1580/147/636 1581/206/636
f 1578/148/634 1581/206/636 1579/205/635
f 1582/139/637 1583/144/638 1584/208/639
f 1582/139/637 1584/208/639 1585/207/640
s 0
f 1586/206/641 1587/18/641 1588/18/641
f 1586/206/641 1588/18/641 1589/206/641
f 1590/18/60 1591/3/60 1592/3/60
f 1590/18/60 1592/3/60 1593/18/60
f 1594/3/60 1595/139/60 1596/139/60
f 1594/3/60 1596/139/60 1597/3/60
f 1598/139/642 1599/42/642 1600/42/642
f 1598/139/642 1600/42/642 1601/139/642
f 1602/42/63 1603/50/63 1604/50/63
f 1602/42/63 1604/50/63 1605/42/63
f 1606/50/63 1607/206/63 1608/206/63
f 1606/50/63 1608/206/63 1609/50/63
s 1
f 1610/178/643 1611/152/644 1612/198/645
f 1610/178/643 1612/198/645 1613/195/646
f 1611/152/644 1614/151/647 1615/199/647
f 1611/152/644 1615/199/647 1612/198/645
f 1614/151/647 1616/158/648 1617/200/649
f 1614/151/647 1617/200/649 1615/199/647
f 1616/158/648 1618/165/650 1619/201/650
f 1616/158/648 1619/201/650 1617/200/649
f 1618/165/650 1620/164/651 1621/202/652
f 1618/165/650 1621/202/652 1619/201/650
f 1620/164/651 1622/167/653 1623/203/654
f 1620/164/651 1623/203/654 1621/202/652
f 1622/167/653 1624/161/655 1625/204/656
f 1622/167/653 1625/204/656 1623/203/654
f 1624/161/655 1626/148/657 1627/205/658
f 1624/161/655 1627/205/658 1625/204/656
f 1626/148/657 1628/147/659 1629/206/660
f 1626/148/657 1629/206/660 1627/205/658
f 1630/139/661 1631/144/662 1632/208/663
f 1630/139/661 1632/208/663 1633/207/664
f 1634/178/665 1635/152/666 1636/198/666
f 1634/178/665 1636/198/666 1637/195/665
f 1635/152/666 1638/151/667 1639/199/668
f 1635/152/666 1639/199/668 1636/198/666
f 1638/151/667 1640/158/669 1641/200/670
f 1638/151/667 1641/200/670 1639/199/668
f 1640/158/669 1642/165/671 1643/201/671
f 1640/158/669 1643/201/671 1641/200/670
f 1642/165/671 1644/164/672 1645/202/673
f 1642/165/671 1645/202/673 1643/201/671
f 1644/164/672 1646/167/674 1647/203/674
f 1644/164/672 1647/203/674 1645/202/673
f 1646/167/674 1648/161/675 1649/204/676
f 1646/167/674 1649/204/676 1647/203/674
f 1648/161/675 1650/148/677 1651/205/678
f 1648/161/675 1651/205/678 1649/204/676
f 1650/148/677 1652/147/679 1653/206/679
f 1650/148/677 1653/206/679 1651/205/678
f 1654/139/680 1655/144/681 1656/208/682
f 1654/139/680 1656/208/682 1657/207/683
s 0
f 1658/206/684 1659/18/684 1660/18/684
f 1658/206/684 1660/18/684 1661/206/684
f 1662/18/73 1663/3/73 1664/3/73
f 1662/18/73 1664/3/73 1665/18/73
f 1666/3/73 1667/139/73 1668/139/73
s 1
f 1666/3/73 1668/139/73 1669/3/73
s 0
f 1670/139/685 1671/42/685 1672/42/685
f 1670/139/685 1672/42/685 1673/139/685
f 1674/42/83 1675/50/83 1676/50/83
f 1674/42/83 1676/50/83 1677/42/83
s 1
f 1678/50/83 1679/206/83 1680/206/83
s 0
f 1678/50/83 1680/206/83 1681/50/83
s 1
f 1682/178/686 1683/152/687 1684/198/688
f 1682/178/686 1684/198/688 1685/195/689
f 1683/152/687 1686/151/690 1687/199/691
f 1683/152/687 1687/199/691 1684/198/688
f 1686/151/690 1688/158/692 1689/200/693
f 1686/151/690 1689/200/693 1687/199/691
f 1688/158/692 1690/165/694 1691/201/695
f 1688/158/692 1691/201/695 1689/200/693
f 1690/165/694 1692/164/696 1693/202/696
f 1690/165/694 1693/202/696 1691/201/695
f 1692/164/696 1694/167/697 1695/203/697
f 1692/164/696 1695/203/697 1693/202/696
f 1694/167/697 1696/161/698 1697/204/698
f 1694/167/697 1697/204/698 1695/203/697
f 1696/161/698 1698/148/699 1699/205/700
f 1696/161/698 1699/205/700 1697/204/698
f 1698/148/699 1700/147/701 1701/206/701
f 1698/148/699 1701/206/701 1699/205/700
f 1702/139/702 1703/144/703 1704/208/704
f 1702/139/702 1704/208/704 1705/207/705
f 1706/178/706 1707/152/707 1708/198/708
f 1706/178/706 1708/198/708 1709/195/709
f 1707/152/707 1710/151/710 1711/199/711
f 1707/152/707 1711/199/711 1708/198/708
f 1710/151/710 1712/158/712 1713/200/713
f 1710/151/710 1713/200/713 1711/199/711
f 1712/158/712 1714/165/714 1715/201/714
f 1712/158/712 1715/201/714 1713/200/713
f 1714/165/714 1716/164/715 1717/202/715
f 1714/165/714 1717/202/715 1715/201/714
f 1716/164/715 1718/167/716 1719/203/716
f 1716/164/715 1719/203/716 1717/202/715
f 1718/167/716 1720/161/717 1721/204/717
f 1718/167/716 1721/204/717 1719/203/716
f 1720/161/717 1722/148/718 1723/205/719
f 1720/161/717 1723/205/719 1721/204/717
f 1722/148/718 1724/147/720 1725/206/720
f 1722/148/718 1725/206/720 1723/205/719
f 1726/139/721 1727/144/722 1728/208/723
f 1726/139/721 1728/208/723 1729/207/724
s 0
f 1730/206/725 1731/18/725 1732/18/725
f 1730/206/725 1732/18/725 1733/206/725
f 1734/18/88 1735/3/88 1736/3/88
f 1734/18/88 1736/3/88 1737/18/88
f 1738/3/88 1739/139/88 1740/139/88
f 1738/3/88 1740/139/88 1741/3/88
f 1742/139/726 1743/42/726 1744/42/726
f 1742/139/726 1744/42/726 1745/139/726
f 1746/42/96 1747/50/96 1748/50/96
f 1746/42/96 1748/50/96 1749/42/96
f 1750/50/96 1751/206/96 1752/206/96
f 1750/50/96 1752/206/96 1753/50/96
s 1
f 1754/178/727 1755/152/728 1756/198/729
f 1754/178/727 1756/198/729 1757/195/727
f 1755/152/728 1758/151/730 1759/199/730
f 1755/152/728 1759/199/730 1756/198/729
f 1758/151/730 1760/158/731 1761/200/732
f 1758/151/730 1761/200/732 1759/199/730
f 1760/158/731 1762/165/733 1763/201/733
f 1760/158/731 1763/201/733 1761/200/732
f 1762/165/733 1764/164/734 1765/202/735
f 1762/165/733 1765/202/735 1763/201/733
f 1764/164/734 1766/167/736 1767/203/737
f 1764/164/734 1767/203/737 1765/202/735
f 1766/167/736 1768/161/738 1769/204/739
f 1766/167/736 1769/204/739 1767/203/737
f 1768/161/738 1770/148/740 1771/205/741
f 1768/161/738 1771/205/741 1769/204/739
f 1770/148/740 1772/147/742 1773/206/743
f 1770/148/740 1773/206/743 1771/205/741
f 1774/139/744 1775/144/745 1776/208/746
f 1774/139/744 1776/208/746 1777/207/744
f 1778/178/747 1779/152/748 1780/198/749
f 1778/178/747 1780/198/749 1781/195/750
f 1779/152/748 1782/151/751 1783/199/751
f 1779/152/748 1783/199/751 1780/198/749
f 1782/151/751 1784/158/752 1785/200/752
f 1782/151/751 1785/200/752 1783/199/751
f 1784/158/752 1786/165/753 1787/201/753
f 1784/158/752 1787/201/753 1785/200/752
f 1786/165/753 1788/164/754 1789/202/755
f 1786/165/753 1789/202/755 1787/201/753
f 1788/164/754 1790/167/756 1791/203/756
f 1788/164/754 1791/203/756 1789/202/755
f 1790/167/756 1792/161/757 1793/204/757
f 1790/167/756 1793/204/757 1791/203/756
f 1792/161/757 1794/148/758 1795/205/758
f 1792/161/757 1795/205/758 1793/204/757
f 1794/148/758 1796/147/759 1797/206/760
f 1794/148/758 1797/206/760 1795/205/758
f 1798/139/761 1799/144/762 1800/208/763
f 1798/139/761 1800/208/763 1801/207/764
s 0
f 1802/206/765 1803/18/765 1804/18/765
f 1802/206/765 1804/18/765 1805/206/765
f 1806/18/107 1807/3/107 1808/3/107
f 1806/18/107 1808/3/107 1809/18/107
f 1810/3/107 1811/139/107 1812/139/107
f 1810/3/107 1812/139/107 1813/3/107
f 1814/139/766 1815/42/766 1816/42/766
f 1814/139/766 1816/42/766 1817/139/766
f 1818/42/120 1819/50/120 1820/50/120
f 1818/42/120 1820/50/120 1821/42/120
f 1822/50/120 1823/206/120 1824/206/120
f 1822/50/120 1824/206/120 1825/50/120
s 1
f 1826/178/767 1827/152/768 1828/198/769
f 1826/178/767 1828/198/769 1829/195/770
f 1827/152/768 1830/151/771 1831/199/772
f 1827/152/768 1831/199/772 1828/198/769
f 1830/151/771 1832/158/773 1833/200/774
f 1830/151/771 1833/200/774 1831/199/772
f 1832/158/773 1834/165/775 1835/201/775
f 1832/158/773 1835/201/775 1833/200/774
f 1834/165/775 1836/164/776 1837/202/777
f 1834/165/775 1837/202/777 1835/201/775
f 1836/164/776 1838/167/778 1839/203/779
f 1836/164/776 1839/203/779 1837/202/777
f 1838/167/778 1840/161/780 1841/204/781
f 1838/167/778 1841/204/781 1839/203/779
f 1840/161/780 1842/148/782 1843/205/783
f 1840/161/780 1843/205/783 1841/204/781
f 1842/148/782 1844/147/784 1845/206/784
f 1842/148/782 1845/206/784 1843/205/783
f 1846/139/785 1847/144/786 1848/208/787
f 1846/139/785 1848/208/787 1849/207/788
f 1850/178/789 1851/152/790 1852/198/790
f 1850/178/789 1852/198/790 1853/195/791
f 1851/152/790 1854/151/792 1855/199/793
f 1851/152/790 1855/199/793 1852/198/790
f 1854/151/792 1856/158/794 1857/200/795
f 1854/151/792 1857/200/795 1855/199/793
f 1856/158/794 1858/165/796 1859/201/796
f 1856/158/794 1859/201/796 1857/200/795
f 1858/165/796 1860/164/797 1861/202/798
f 1858/165/796 1861/202/798 1859/201/796
f 1860/164/797 1862/167/799 1863/203/799
f 1860/164/797 1863/203/799 1861/202/798
f 1862/167/799 1864/161/800 1865/204/801
f 1862/167/799 1865/204/801 1863/203/799
f 1864/161/800 1866/148/802 1867/205/803
f 1864/161/800 1867/205/803 1865/204/801
f 1866/148/802 1868/147/804 1869/206/805
f 1866/148/802 1869/206/805 1867/205/803
f 1870/139/806 1871/144/807 1872/208/807
f 1870/139/806 1872/208/807 1873/207/806
s 0
f 1874/206/808 1875/18/808 1876/18/808
f 1874/206/808 1876/18/808 1877/206/808
f 1878/18/130 1879/3/130 1880/3/130
f 1878/18/130 1880/3/130 1881/18/130
f 1882/3/130 1883/139/130 1884/139/130
f 1882/3/130 1884/139/130 1885/3/130
f 1886/139/809 1887/42/809 1888/42/809
f 1886/139/809 1888/42/809 1889/139/809
f 1890/42/140 1891/50/140 1892/50/140
f 1890/42/140 1892/50/140 1893/42/140
f 1894/50/140 1895/206/140 1896/206/140
f 1894/50/140 1896/206/140 1897/50/140
s 1
f 1898/178/810 1899/152/811 1900/198/811
f 1898/178/810 1900/198/811 1901/195/812
f 1899/152/811 1902/151/813 1903/199/814
f 1899/152/811 1903/199/814 1900/198/811
f 1902/151/813 1904/158/815 1905/200/815
f 1902/151/813 1905/200/815 1903/199/814
f 1904/158/815 1906/165/816 1907/201/816
f 1904/158/815 1907/201/816 1905/200/815
f 1906/165/816 1908/164/817 1909/202/817
f 1906/165/816 1909/202/817 1907/201/816
f 1908/164/817 1910/167/818 1911/203/819
f 1908/164/817 1911/203/819 1909/202/817
f 1910/167/818 1912/161/820 1913/204/820
f 1910/167/818 1913/204/820 1911/203/819
f 1912/161/820 1914/148/821 1915/205/822
f 1912/161/820 1915/205/822 1913/204/820
f 1914/148/821 1916/147/823 1917/206/824
f 1914/148/821 1917/206/824 1915/205/822
f 1918/139/825 1919/144/826 1920/208/810
f 1918/139/825 1920/208/810 1921/207/827
f 1922/103/828 1923/104/828 1924/105/829
f 1922/103/828 1924/105/829 1925/106/829
f 1926/107/830 1927/108/831 1928/109/832
f 1926/107/830 1928/109/832 1929/110/832
f 1930/111/833 1931/112/834 1932/113/835
f 1930/111/833 1932/113/835 1933/114/836
f 1925/106/829 1924/105/829 1934/115/837
f 1925/106/829 1934/115/837 1935/116/837
f 1927/108/831 1926/107/830 1936/117/838
f 1927/108/831 1936/117/838 1937/118/838
f 1938/119/839 1933/114/836 1932/113/835
f 1938/119/839 1932/113/835 1939/120/840
f 1940/121/841 1941/122/842 733/38/170
f 1940/121/841 733/38/170 1942/123/843
f 1943/124/844 1944/125/844 1945/126/845
f 1943/124/844 1945/126/845 1946/127/845
f 1947/128/846 1948/129/846 1949/130/847
f 1947/128/846 1949/130/847 1950/131/847
f 1946/127/845 1945/126/845 1951/132/848
f 1946/127/845 1951/132/848 1952/133/849
f 1953/134/850 1954/135/850 1950/131/847
f 1953/134/850 1950/131/847 1949/130/847
f 758/46/177 1955/136/851 1956/137/852
f 758/46/177 1956/137/852 1957/138/853
f 1928/109/832 1923/104/828 1922/103/828
f 1928/109/832 1922/103/828 1929/110/832
s 0
f 1958/3/158 1959/139/158 1960/139/158
f 1958/3/158 1960/139/158 1961/3/158
s 1
f 1962/140/854 1963/141/855 1964/18/855
f 1962/140/854 1964/18/855 1965/18/856
f 1966/142/857 1967/143/858 1968/144/859
f 1966/142/857 1968/144/859 1969/139/860
f 1970/145/861 1971/146/862 1972/147/863
f 1970/145/861 1972/147/863 1973/148/864
f 1934/115/837 1944/125/844 1943/124/844
f 1934/115/837 1943/124/844 1935/116/837
f 1947/128/846 1937/118/838 1936/117/838
f 1947/128/846 1936/117/838 1948/129/846
f 1974/149/865 1975/150/866 1976/151/867
f 1974/149/865 1976/151/867 1977/152/868
f 733/38/170 1941/122/842 1978/153/869
f 733/38/170 1978/153/869 734/39/171
f 1979/154/870 1978/153/869 1980/155/871
f 1979/154/870 1980/155/871 1981/156/872
f 1975/150/866 1982/157/873 1983/158/874
f 1975/150/866 1983/158/874 1976/151/867
f 1984/159/875 1985/160/876 1986/148/877
f 1984/159/875 1986/148/877 1987/161/878
f 1988/162/879 1989/163/880 1990/164/881
f 1988/162/879 1990/164/881 1991/165/882
f 1992/166/883 1984/159/875 1987/161/878
f 1992/166/883 1987/161/878 1993/167/884
f 1994/168/885 1992/166/883 1993/167/884
f 1994/168/885 1993/167/884 1995/164/886
f 732/37/169 1996/169/887 1997/170/888
f 732/37/169 1997/170/888 733/38/170
s 0
f 1998/18/158 1999/3/158 2000/3/158
f 1998/18/158 2000/3/158 2001/18/158
s 1
f 2002/171/889 2003/172/890 2004/158/891
f 2002/171/889 2004/158/891 2005/151/892
f 2006/173/893 2002/171/889 2005/151/892
f 2006/173/893 2005/151/892 2007/152/894
f 2003/172/890 2008/174/895 2009/165/896
f 2003/172/890 2009/165/896 2004/158/891
f 2010/175/897 2011/176/898 2012/165/899
f 2010/175/897 2012/165/899 2013/158/900
f 2014/177/901 2006/173/893 2007/152/894
f 2014/177/901 2007/152/894 2015/178/902
f 2016/179/903 2017/180/904 2018/167/905
f 2016/179/903 2018/167/905 2019/164/906
f 2020/181/907 2021/182/908 2022/151/909
f 2020/181/907 2022/151/909 2023/152/910
f 2024/139/911 2025/139/912 2026/183/912
f 2024/139/911 2026/183/912 2027/184/913
f 2017/180/904 2028/185/914 2029/161/915
f 2017/180/904 2029/161/915 2018/167/905
s 0
f 2030/3/158 2031/139/158 2032/139/158
f 2030/3/158 2032/139/158 2033/3/158
s 1
f 2034/139/916 2035/139/917 2036/186/917
f 2034/139/916 2036/186/917 2037/187/918
f 2028/185/914 2038/188/919 2039/148/920
f 2028/185/914 2039/148/920 2029/161/915
f 2040/189/921 1955/136/851 2041/190/922
f 2040/189/921 2041/190/922 2042/191/923
f 2043/192/924 2044/193/925 2045/194/925
f 2043/192/924 2045/194/925 2046/18/926
f 2047/178/927 1954/135/850 1953/134/850
f 2047/178/927 1953/134/850 2048/195/927
f 758/46/177 2049/196/928 2050/197/929
f 758/46/177 2050/197/929 759/47/178
f 1983/158/874 1982/157/873 1988/162/879
f 1983/158/874 1988/162/879 1991/165/882
f 2012/165/899 2011/176/898 1994/168/885
f 2012/165/899 1994/168/885 1995/164/886
f 2051/92/930 812/102/219 811/101/218
f 812/102/219 2051/92/930 2052/71/930
f 812/102/219 2052/71/930 2053/74/930
f 812/102/219 2053/74/930 2054/94/931
f 763/69/182 2058/91/932 764/70/183
f 2058/91/932 763/69/182 2057/72/932
f 2057/72/932 763/69/182 2056/73/933
f 2056/73/933 763/69/182 2055/93/934
f 2060/229/935 887/169/278 46/37/21
f 887/169/278 2060/229/935 2061/230/936
f 887/169/278 2061/230/936 2059/231/937
f 2059/231/937 2061/230/936 2062/232/938
f 2059/231/937 2062/232/938 2063/233/939
f 73/47/29 2064/234/940 2065/235/941
f 2064/234/940 73/47/29 941/197/321
f 2064/234/940 941/197/321 2063/233/939
f 2063/233/939 941/197/321 2059/231/937
f 832/122/234 2068/236/942 2069/237/943
f 2068/236/942 2066/238/944 2067/239/945
f 2066/238/944 2068/236/942 831/121/233
f 831/121/233 2068/236/942 832/122/234
f 847/137/244 2070/240/946 2071/241/947
f 2070/240/946 847/137/244 2072/242/948
f 2072/242/948 847/137/244 931/189/312
f 931/189/312 847/137/244 846/136/243
f 2074/243/949 860/139/950 2073/139/949
f 860/139/950 2074/243/949 2075/244/949
f 860/139/950 2075/244/949 2076/245/249
f 2078/246/951 868/152/259 2077/178/952
f 868/152/259 2078/246/951 2079/247/953
f 868/152/259 2079/247/953 865/149/256
f 2080/161/954 861/145/253 864/148/255
f 861/145/253 2080/161/954 2082/248/955
f 2082/248/955 2080/161/954 2081/249/956
f 2083/167/957 2081/249/956 2080/161/954
f 2081/249/956 2083/167/957 2085/250/958
f 2085/250/958 2083/167/957 2084/251/959
f 2086/252/960 881/164/272 880/163/271
f 881/164/272 2086/252/960 2084/251/959
f 881/164/272 2084/251/959 2083/167/957
f 2087/253/961 877/148/268 876/160/267
f 877/148/268 2087/253/961 2088/254/962
f 877/148/268 2088/254/962 2089/147/963
f 2091/255/964 2094/18/965 2090/256/962
f 2094/18/965 2091/255/964 2092/257/964
f 2094/18/965 2092/257/964 2093/18/964
f 2103/258/966 2101/259/967 2102/260/968
f 2101/259/967 2103/258/966 2100/261/969
f 2100/261/969 2103/258/966 2095/262/970
f 2100/261/969 2095/262/970 2099/263/969
f 2099/263/969 2095/262/970 2098/264/967
f 2098/264/967 2095/262/970 2097/265/971
f 2097/265/971 2095/262/970 2096/266/972
f 2095/262/970 2106/267/973 2107/268/974
f 2109/269/975 2103/258/966 2108/270/976
f 2103/258/966 2109/269/975 2110/271/977
f 2103/258/966 2110/271/977 2111/272/975
f 2103/258/966 2111/272/975 2095/262/970
f 2095/262/970 2111/272/975 2104/273/978
f 2095/262/970 2104/273/978 2105/274/979
f 2095/262/970 2105/274/979 2106/267/973
f 899/174/286 910/164/297 900/165/287
f 910/164/297 899/174/286 2112/275/980
f 910/164/297 2112/275/980 907/179/294
f 2116/144/981 2114/276/982 2115/277/983
f 2114/276/982 2116/144/981 2113/278/304
f 2113/278/304 2116/144/981 915/139/984
f 913/151/300 901/175/288 904/158/291
f 901/175/288 913/151/300 2117/279/985
f 2117/279/985 913/151/300 912/182/299
f 2119/280/986 48/39/23 2118/281/987
f 48/39/23 2119/280/986 2060/229/935
f 48/39/23 2060/229/935 46/37/21
f 914/152/301 2122/282/988 911/181/298
f 2122/282/988 914/152/301 2121/283/989
f 2121/283/989 914/152/301 2120/178/990
f 2126/144/991 2124/284/992 2125/285/993
f 2124/284/992 2126/144/991 2123/286/994
f 2123/286/994 2126/144/991 925/139/995
f 929/188/310 2129/147/996 930/148/311
f 2129/147/996 929/188/310 2127/287/997
f 2129/147/996 2127/287/997 2128/288/998
s 0
f 2131/194/11 924/3/11 2130/18/11
f 924/3/10 2131/194/10 921/3/10
s 1
f 921/3/999 2131/194/999 2132/289/1000
f 73/47/29 2134/290/1001 74/48/30
f 2134/290/1001 73/47/29 2133/291/1002
f 2133/291/1002 73/47/29 2065/235/941
s 0
f 2135/18/11 849/3/11 852/3/11
f 849/3/15 2135/18/15 2137/292/15
f 2137/292/11 2135/18/11 2136/18/11
s 1
f 869/153/260 2139/293/1003 871/155/262
f 2139/293/1003 869/153/260 2138/294/1003
f 2138/294/1003 869/153/260 832/122/234
f 2138/294/1003 832/122/234 2069/237/943
f 34/32/16 2140/31/1004 35/33/17
f 2140/31/1004 34/32/16 2141/295/1005
f 2140/31/1004 2141/295/1005 2108/270/976
f 2140/31/1004 2108/270/976 2103/258/966
f 2143/296/1006 2096/266/972 2095/262/970
f 2096/266/972 2143/296/1006 2144/297/1007
f 2096/266/972 2144/297/1007 2145/298/1008
f 2096/266/972 2145/298/1008 2146/299/1008
f 2096/266/972 2146/299/1008 2142/300/1009
f 2142/300/1009 2146/299/1008 870/154/261
f 870/154/261 2146/299/1008 869/153/260
f 869/153/260 2146/299/1008 2147/301/1009
f 869/153/260 2147/301/1009 48/39/23
f 48/39/23 2147/301/1009 2148/302/1010
f 48/39/23 2148/302/1010 2118/281/987
s 0
f 2149/303/12 891/3/1011 890/3/1011
f 891/3/11 2149/303/11 2150/139/11
f 891/3/11 2150/139/11 2151/139/11
s 1
f 74/48/30 2156/304/1012 2157/305/1013
f 2156/304/1012 74/48/30 2155/306/1014
f 2155/306/1014 74/48/30 2134/290/1001
f 74/48/30 2153/307/1015 2154/308/1016
f 2153/307/1015 74/48/30 2152/309/1015
f 2152/309/1015 74/48/30 2107/268/974
f 2107/268/974 74/48/30 2095/262/970
f 2095/262/970 74/48/30 2158/310/1015
f 2095/262/970 2158/310/1015 2143/296/1006
f 2158/310/1015 74/48/30 2157/305/1013
f 72/46/28 932/190/313 846/136/243
f 932/190/313 72/46/28 2159/311/1017
f 2159/311/1017 72/46/28 2154/308/1016
f 2154/308/1016 72/46/28 74/48/30
f 2163/312/1018 821/111/225 2162/313/1019
f 821/111/225 2163/312/1018 822/112/226
f 822/112/226 2163/312/1018 2164/314/1020
f 822/112/226 2164/314/1020 2160/315/1021
f 822/112/226 2160/315/1021 2161/316/1022
f 2103/258/966 7/7/3 2140/31/1004
f 7/7/3 2103/258/966 2102/260/968
f 7/7/3 2102/260/968 2165/317/1023
f 7/7/3 2166/318/1024 8/8/4
f 2166/318/1024 7/7/3 2165/317/1023
f 2167/319/1025 829/119/231 830/120/232
f 829/119/231 2167/319/1025 2170/320/1026
f 829/119/231 2170/320/1026 2171/321/1027
f 2170/320/1026 2167/319/1025 2169/322/1026
f 2169/322/1026 2167/319/1025 2168/323/1028
s 0
f 2176/3/1029 2174/42/1029 2175/139/1029
f 2174/42/1029 2176/3/1029 2173/50/1029
f 2173/50/1029 2176/3/1029 2177/18/1029
f 2173/50/1029 2177/18/1029 2172/206/1029
f 2178/206/1030 2182/3/1030 2183/18/1030
f 2182/3/1030 2178/206/1030 2179/50/1030
f 2182/3/1030 2179/50/1030 2181/139/1030
f 2181/139/1030 2179/50/1030 2180/42/1030
f 2188/3/1029 2186/42/1029 2187/139/1029
f 2186/42/1029 2188/3/1029 2185/50/1029
f 2185/50/1029 2188/3/1029 2189/18/1029
f 2185/50/1029 2189/18/1029 2184/206/1029
f 2190/206/1030 2194/3/1030 2195/18/1030
f 2194/3/1030 2190/206/1030 2191/50/1030
f 2194/3/1030 2191/50/1030 2193/139/1030
f 2193/139/1030 2191/50/1030 2192/42/1030
f 2200/3/1031 2198/42/1031 2199/139/1031
f 2198/42/1031 2200/3/1031 2197/50/1031
f 2197/50/1031 2200/3/1031 2201/18/1031
f 2197/50/1031 2201/18/1031 2196/206/1031
f 2202/206/1032 2206/3/1032 2207/18/1032
f 2206/3/1032 2202/206/1032 2203/50/1032
f 2206/3/1032 2203/50/1032 2205/139/1032
f 2205/139/1032 2203/50/1032 2204/42/1032
f 2212/3/437 2210/42/437 2211/139/437
f 2210/42/437 2212/3/437 2209/50/437
f 2209/50/437 2212/3/437 2213/18/437
f 2209/50/437 2213/18/437 2208/206/437
f 2214/206/1033 2218/3/1033 2219/18/1033
f 2218/3/1033 2214/206/1033 2215/50/1033
f 2218/3/1033 2215/50/1033 2217/139/1033
f 2217/139/1033 2215/50/1033 2216/42/1033
f 2224/3/477 2222/42/477 2223/139/477
f 2222/42/477 2224/3/477 2221/50/477
f 2221/50/477 2224/3/477 2225/18/477
f 2221/50/477 2225/18/477 2220/206/477
f 2226/206/1034 2230/3/1034 2231/18/1034
f 2230/3/1034 2226/206/1034 2227/50/1034
f 2230/3/1034 2227/50/1034 2229/139/1034
f 2229/139/1034 2227/50/1034 2228/42/1034
s 1
f 1353/102/526 2232/92/1035 1352/101/525
f 2232/92/1035 1353/102/526 2235/71/1035
f 2235/71/1035 1353/102/526 2234/74/1035
f 2234/74/1035 1353/102/526 2233/94/1036
f 2236/91/1037 1304/69/491 1303/70/490
f 1304/69/491 2236/91/1037 2237/72/1038
f 1304/69/491 2237/72/1038 2238/73/1039
f 1304/69/491 2238/73/1039 2239/93/1037
s 0
f 2245/78/56 2243/77/56 2244/226/56
f 2243/77/56 2245/78/56 2246/228/56
f 2243/77/56 2246/228/56 2242/225/56
f 2242/225/56 2246/228/56 2247/75/56
f 2242/225/56 2247/75/56 2241/76/56
f 2241/76/56 2247/75/56 2240/224/56
f 2249/77/57 2255/78/57 2248/227/57
f 2255/78/57 2249/77/57 2254/228/57
f 2254/228/57 2249/77/57 2250/225/57
f 2254/228/57 2250/225/57 2251/76/57
f 2254/228/57 2251/76/57 2253/75/57
f 2253/75/57 2251/76/57 2252/224/57
f 2260/42/1040 2258/3/1040 2259/139/1040
f 2258/3/1040 2260/42/1040 2261/50/1040
f 2258/3/1040 2261/50/1040 2257/18/1040
f 2257/18/1040 2261/50/1040 2256/206/1040
f 2264/3/1041 2262/206/1041 2263/18/1041
f 2262/206/1041 2264/3/1041 2267/50/1041
f 2267/50/1041 2264/3/1041 2265/139/1041
f 2267/50/1041 2265/139/1041 2266/42/1041
f 2272/42/1042 2270/3/1042 2271/139/1042
f 2270/3/1042 2272/42/1042 2273/50/1042
f 2270/3/1042 2273/50/1042 2269/18/1042
f 2269/18/1042 2273/50/1042 2268/206/1042
f 2276/3/1043 2274/206/1043 2275/18/1043
f 2274/206/1043 2276/3/1043 2279/50/1043
f 2279/50/1043 2276/3/1043 2277/139/1043
f 2279/50/1043 2277/139/1043 2278/42/1043
f 2284/42/733 2282/3/733 2283/139/733
f 2282/3/733 2284/42/733 2285/50/733
f 2282/3/733 2285/50/733 2281/18/733
f 2281/18/733 2285/50/733 2280/206/733
f 2288/3/1044 2286/206/1044 2287/18/1044
f 2286/206/1044 2288/3/1044 2291/50/1044
f 2291/50/1044 2288/3/1044 2289/139/1044
f 2291/50/1044 2289/139/1044 2290/42/1044
f 2296/42/1045 2294/3/1045 2295/139/1045
f 2294/3/1045 2296/42/1045 2297/50/1045
f 2294/3/1045 2297/50/1045 2293/18/1045
f 2293/18/1045 2297/50/1045 2292/206/1045
f 2300/3/1046 2298/206/1046 2299/18/1046
f 2298/206/1046 2300/3/1046 2303/50/1046
f 2303/50/1046 2300/3/1046 2301/139/1046
f 2303/50/1046 2301/139/1046 2302/42/1046
f 2308/42/816 2306/3/816 2307/139/816
f 2306/3/816 2308/42/816 2309/50/816
f 2306/3/816 2309/50/816 2305/18/816
f 2305/18/816 2309/50/816 2304/206/816
f 2312/3/1047 2310/206/1047 2311/18/1047
f 2310/206/1047 2312/3/1047 2315/50/1047
f 2315/50/1047 2312/3/1047 2313/139/1047
f 2315/50/1047 2313/139/1047 2314/42/1047
s 1
f 2317/229/1048 2318/230/1049 732/37/169
f 732/37/169 2316/231/1050 1996/169/887
f 2316/231/1050 732/37/169 2318/230/1049
f 2316/231/1050 2318/230/1049 2319/232/1051
f 2316/231/1050 2319/232/1051 2320/233/1052
f 2320/233/1052 2050/197/929 2316/231/1050
f 2050/197/929 2320/233/1052 2321/234/1053
f 2050/197/929 2321/234/1053 2322/235/1054
f 2050/197/929 2322/235/1054 759/47/178
f 1940/121/841 2326/237/1055 1941/122/842
f 2326/237/1055 1940/121/841 2325/236/1056
f 2325/236/1056 1940/121/841 2323/238/1057
f 2325/236/1056 2323/238/1057 2324/239/1058
f 1956/137/852 2329/242/1059 2328/241/1060
f 2329/242/1059 1956/137/852 1955/136/851
f 2329/242/1059 1955/136/851 2040/189/921
f 2328/241/1060 2329/242/1059 2327/240/1061
f 2331/243/1062 1969/139/1063 2330/139/1062
f 1969/139/1063 2331/243/1062 2332/244/1062
f 1969/139/1063 2332/244/1062 2333/245/1064
f 2334/178/1065 1974/149/865 1977/152/868
f 1974/149/865 2334/178/1065 2335/246/1066
f 1974/149/865 2335/246/1066 2336/247/1067
f 1973/148/864 2339/248/1068 1970/145/861
f 2339/248/1068 1973/148/864 2337/161/1069
f 2339/248/1068 2337/161/1069 2338/249/1070
f 2337/161/1069 2342/250/1071 2338/249/1070
f 2342/250/1071 2337/161/1069 2340/167/1072
f 2342/250/1071 2340/167/1072 2341/251/1073
f 2340/167/1072 2343/252/1074 2341/251/1073
f 2343/252/1074 2340/167/1072 1990/164/881
f 2343/252/1074 1990/164/881 1989/163/880
f 2344/253/1075 1986/148/877 1985/160/876
f 1986/148/877 2344/253/1075 2346/147/1076
f 2346/147/1076 2344/253/1075 2345/254/1077
f 2348/255/1078 2351/18/1079 2347/256/1077
f 2351/18/1079 2348/255/1078 2350/18/1078
s 0
f 2350/18/1078 2348/255/1078 2349/257/1078
s 1
f 2352/262/1080 2356/263/1081 2360/258/1082
f 2356/263/1081 2352/262/1080 2355/264/1083
f 2355/264/1083 2352/262/1080 2354/265/1083
f 2354/265/1083 2352/262/1080 2353/266/1084
f 2360/258/1082 2356/263/1081 2357/261/1085
f 2360/258/1082 2357/261/1085 2358/259/1081
f 2360/258/1082 2358/259/1081 2359/260/1086
f 2352/262/1080 2363/267/1087 2364/268/1088
f 2363/267/1087 2352/262/1080 2362/274/1087
f 2362/274/1087 2352/262/1080 2361/273/1089
f 2361/273/1089 2352/262/1080 2360/258/1082
f 2361/273/1089 2360/258/1082 2368/272/1090
f 2368/272/1090 2360/258/1082 2367/271/1087
f 2367/271/1087 2360/258/1082 2366/269/1091
f 2366/269/1091 2360/258/1082 2365/270/1092
f 2369/275/1093 2009/165/896 2008/174/895
f 2009/165/896 2369/275/1093 2019/164/906
f 2019/164/906 2369/275/1093 2016/179/903
f 2370/278/1094 2373/144/1095 2024/139/1096
f 2373/144/1095 2370/278/1094 2372/277/1097
f 2372/277/1097 2370/278/1094 2371/276/1098
f 2013/158/900 2374/279/1099 2010/175/897
f 2374/279/1099 2013/158/900 2022/151/909
f 2374/279/1099 2022/151/909 2021/182/908
f 732/37/169 2376/280/1100 2317/229/1048
f 2376/280/1100 732/37/169 734/39/171
f 2376/280/1100 734/39/171 2375/281/1101
f 2023/152/910 2379/282/1102 2020/181/907
f 2379/282/1102 2023/152/910 2377/178/1103
f 2379/282/1102 2377/178/1103 2378/283/1104
f 2383/144/1105 2381/284/1106 2382/285/1107
f 2381/284/1106 2383/144/1105 2034/139/1108
f 2381/284/1106 2034/139/1108 2380/286/918
f 2039/148/920 2385/288/924 2386/147/1109
f 2385/288/924 2039/148/920 2038/188/919
f 2385/288/924 2038/188/919 2384/287/1110
f 2030/3/155 2388/194/155 2389/289/155
s 0
f 2388/194/158 2030/3/158 2033/3/158
f 2388/194/158 2033/3/158 2387/18/158
s 1
f 2390/291/1111 759/47/178 2322/235/1054
f 759/47/178 2390/291/1111 760/48/179
f 760/48/179 2390/291/1111 2391/290/1112
s 0
f 2393/18/158 1961/3/158 2392/18/158
f 1961/3/158 2393/18/158 2394/292/158
f 1961/3/162 2394/292/162 1958/3/162
s 1
f 1941/122/842 1980/155/871 1978/153/869
f 1980/155/871 1941/122/842 2396/293/1113
f 2396/293/1113 1941/122/842 2395/294/1114
f 2395/294/1114 1941/122/842 2326/237/1055
f 2360/258/1082 2398/295/1115 2365/270/1092
f 2398/295/1115 2360/258/1082 2397/31/1116
f 2398/295/1115 2397/31/1116 720/32/163
f 720/32/163 2397/31/1116 721/33/164
f 2352/262/1080 2400/296/1117 2401/297/1118
f 734/39/171 2405/302/1119 2375/281/1101
f 2405/302/1119 734/39/171 2404/301/1120
f 2404/301/1120 734/39/171 1978/153/869
f 2404/301/1120 1978/153/869 2403/299/1121
f 2403/299/1121 1978/153/869 2402/298/1119
f 2402/298/1119 1978/153/869 2401/297/1118
f 2401/297/1118 1978/153/869 2399/300/1121
f 2401/297/1118 2399/300/1121 2352/262/1080
f 2399/300/1121 1978/153/869 1979/154/870
f 2353/266/1084 2352/262/1080 2399/300/1121
s 0
f 2000/3/158 2407/139/158 2408/139/158
f 2407/139/158 2000/3/158 2406/303/158
s 1
f 2406/303/1122 2000/3/1123 1999/3/1124
f 2400/296/1117 2409/309/1125 2410/307/1126
f 2409/309/1125 2400/296/1117 2352/262/1080
f 2409/309/1125 2352/262/1080 2364/268/1088
f 2412/306/1125 760/48/179 2391/290/1112
f 760/48/179 2412/306/1125 2411/308/1127
f 2411/308/1127 2412/306/1125 2413/304/1125
f 2411/308/1127 2413/304/1125 2414/305/1125
f 2411/308/1127 2414/305/1125 2415/310/1125
f 2411/308/1127 2415/310/1125 2400/296/1117
f 2411/308/1127 2400/296/1117 2410/307/1126
f 760/48/179 1955/136/851 758/46/177
f 1955/136/851 760/48/179 2411/308/1127
f 1955/136/851 2411/308/1127 2416/311/1128
f 1955/136/851 2416/311/1128 2041/190/922
f 2418/316/1129 2421/314/1130 2417/315/1131
f 2421/314/1130 2418/316/1129 1931/112/834
f 2421/314/1130 1931/112/834 2420/312/1132
f 2420/312/1132 1931/112/834 1930/111/833
f 1930/111/833 2419/313/1133 2420/312/1132
f 2422/317/1134 2360/258/1082 2359/260/1086
f 2360/258/1082 2422/317/1134 2423/318/1135
f 2360/258/1082 2423/318/1135 2397/31/1116
f 2397/31/1116 2423/318/1135 694/8/153
f 2397/31/1116 694/8/153 693/7/152
f 1938/119/839 2427/320/1136 2428/321/1137
f 2426/322/1138 2424/319/1139 2425/323/1140
f 2424/319/1139 2426/322/1138 2427/320/1136
f 2424/319/1139 2427/320/1136 1939/120/840
f 1939/120/840 2427/320/1136 1938/119/839
s 0
usemtl white
f 2429/31/1 2430/59/1 2431/3/1
f 2432/60/1 2429/31/1 2431/3/1
f 2433/4/1 2432/60/1 2431/3/1
f 2434/61/1 2433/4/1 2431/3/1
f 2435/5/1 2434/61/1 2431/3/1
f 2436/62/1 2435/5/1 2431/3/1
f 2437/17/1 2436/62/1 2431/3/1
f 2430/59/1 2437/17/1 2431/3/1
f 2438/63/7 2439/43/7 2440/50/7
f 2439/43/7 2441/64/7 2440/50/7
f 2441/64/7 2442/14/7 2440/50/7
f 2442/14/7 2443/65/7 2440/50/7
f 2443/65/7 2444/15/7 2440/50/7
f 2444/15/7 2445/66/7 2440/50/7
f 2445/66/7 2446/42/7 2440/50/7
f 2446/42/7 2438/63/7 2440/50/7
f 2447/324/1141 2448/325/1141 2449/326/1141
s 1
f 2450/327/1142 2451/328/1143 2452/329/1144
f 2453/330/1145 2454/331/1146 2455/332/1147
f 2453/330/1145 2455/332/1147 2456/333/1148
s 0
f 2457/334/1141 2458/335/1141 2459/336/1141
s 1
f 2460/337/1142 2461/338/1149 2462/339/1150
f 2463/17/1151 2464/9/1152 2465/3/57
f 2466/340/1153 2463/17/1151 2465/3/57
f 2467/334/1154 2468/335/1155 2469/336/1141
f 2470/334/1156 2471/336/1142 2472/335/1157
f 2473/341/1158 2474/43/1142 2475/342/1159
f 2476/343/1141 2477/342/1160 2478/344/1161
f 2479/345/1162 2480/346/1163 2481/347/1164
f 2482/78/1165 2483/228/1166 2484/78/1167
f 2485/75/1168 2483/228/1169 2486/75/1170
f 2487/348/1171 2488/349/1172 2489/96/1173
f 2490/350/1174 2491/351/1175 2492/352/1176
f 2493/353/1177 2494/354/1178 2495/353/1179
f 2496/355/1180 2497/38/1181 2498/38/1182
f 2499/356/1183 2500/357/1184 2501/358/1185
f 2502/359/1186 2503/360/1187 2504/361/1188
f 2505/362/1189 2506/363/1185 2507/364/1190
f 2508/365/1191 2509/366/1188 2510/367/1192
s 0
f 2511/20/1 2512/16/1 2513/3/1
f 2514/24/1 2511/20/1 2513/3/1
f 2515/28/1 2514/24/1 2513/3/1
f 2516/30/1 2515/28/1 2513/3/1
f 2517/29/1 2516/30/1 2513/3/1
f 2518/27/1 2517/29/1 2513/3/1
f 2519/23/1 2518/27/1 2513/3/1
f 2520/19/1 2519/23/1 2513/3/1
f 2521/18/1 2520/19/1 2513/3/1
f 2522/368/1 2521/18/1 2513/3/1
f 2523/369/1 2522/368/1 2513/3/1
f 2524/370/1 2523/369/1 2513/3/1
f 2525/371/1 2524/370/1 2513/3/1
f 2526/5/1 2525/371/1 2513/3/1
f 2527/372/1 2526/5/1 2513/3/1
f 2528/373/1 2527/372/1 2513/3/1
f 2529/374/1 2528/373/1 2513/3/1
f 2530/375/1 2529/374/1 2513/3/1
f 2531/17/1 2530/375/1 2513/3/1
f 2512/16/1 2531/17/1 2513/3/1
f 2532/49/7 2533/51/7 2534/50/7
f 2533/51/7 2535/52/7 2534/50/7
f 2535/52/7 2536/53/7 2534/50/7
f 2536/53/7 2537/43/7 2534/50/7
f 2537/43/7 2538/54/7 2534/50/7
f 2538/54/7 2539/55/7 2534/50/7
f 2539/55/7 2540/56/7 2534/50/7
f 2540/56/7 2541/57/7 2534/50/7
f 2541/57/7 2542/58/7 2534/50/7
f 2542/58/7 2543/376/7 2534/50/7
f 2543/376/7 2544/377/7 2534/50/7
f 2544/377/7 2545/378/7 2534/50/7
f 2545/378/7 2546/379/7 2534/50/7
f 2546/379/7 2547/380/7 2534/50/7
f 2547/380/7 2548/381/7 2534/50/7
f 2548/381/7 2549/382/7 2534/50/7
f 2549/382/7 2550/383/7 2534/50/7
f 2550/383/7 2551/384/7 2534/50/7
f 2551/384/7 2552/42/7 2534/50/7
f 2552/42/7 2532/49/7 2534/50/7
f 2553/31/7 2554/59/7 2555/3/7
f 2556/60/7 2553/31/7 2555/3/7
f 2557/4/7 2556/60/7 2555/3/7
f 2558/61/7 2557/4/7 2555/3/7
f 2559/5/7 2558/61/7 2555/3/7
f 2560/62/7 2559/5/7 2555/3/7
f 2561/17/7 2560/62/7 2555/3/7
f 2554/59/7 2561/17/7 2555/3/7
f 2562/63/1 2563/43/1 2564/50/1
f 2563/43/1 2565/64/1 2564/50/1
f 2565/64/1 2566/14/1 2564/50/1
f 2566/14/1 2567/65/1 2564/50/1
f 2567/65/1 2568/15/1 2564/50/1
f 2568/15/1 2569/66/1 2564/50/1
f 2569/66/1 2570/42/1 2564/50/1
f 2570/42/1 2562/63/1 2564/50/1
s 1
f 2571/178/1193 2572/209/1194 2573/210/1195
f 2571/178/1193 2573/210/1195 2574/195/1193
f 2572/209/1194 2575/211/1196 2576/212/1196
f 2572/209/1194 2576/212/1196 2573/210/1195
f 2575/211/1196 2577/213/1141 2578/214/1141
f 2575/211/1196 2578/214/1141 2576/212/1196
f 2577/213/1141 2579/5/1197 2580/215/1197
f 2577/213/1141 2580/215/1197 2578/214/1141
f 2579/5/1197 2581/216/1198 2582/217/1199
f 2579/5/1197 2582/217/1199 2580/215/1197
f 2581/216/1198 2583/115/1200 2584/116/1200
f 2581/216/1198 2584/116/1200 2582/217/1199
f 2583/115/1200 2585/218/1142 2586/219/1201
f 2583/115/1200 2586/219/1201 2584/116/1200
f 2585/218/1142 2587/220/1202 2588/221/1202
f 2585/218/1142 2588/221/1202 2586/219/1201
f 2589/385/1203 2590/386/1203 2591/353/1204
f 2589/385/1203 2591/353/1204 2592/347/1205
f 2593/387/1206 2594/342/1207 2595/344/1208
f 2593/387/1206 2595/344/1208 2596/388/1209
f 2597/389/1210 2598/341/1211 2599/342/1211
f 2597/389/1210 2599/342/1211 2600/344/1211
f 2601/389/1212 2602/341/1213 2593/387/1206
f 2601/389/1212 2593/387/1206 2596/388/1209
f 2603/341/1214 2604/342/1214 2605/344/1215
f 2603/341/1214 2605/344/1215 2606/389/1216
f 2607/342/1215 2608/344/1217 2609/390/1218
f 2607/342/1215 2609/390/1218 2610/341/1216
f 2611/391/1219 2612/392/1220 2613/393/1221
f 2611/391/1219 2613/393/1221 2614/394/1222
s 0
f 2615/344/1223 2616/389/1223 2617/341/1223
f 2615/344/1224 2617/341/1224 2618/342/1224
s 1
f 2619/344/1225 2620/389/1142 2621/341/1226
f 2619/344/1225 2621/341/1226 2622/342/1227
f 2623/395/1228 2624/396/1229 2625/397/1230
f 2623/395/1228 2625/397/1230 2626/398/1231
f 2627/341/1232 2628/342/1233 2629/344/1233
f 2627/341/1232 2629/344/1233 2630/399/1234
f 2631/400/1235 2632/401/1236 2633/333/1237
f 2631/400/1235 2633/333/1237 2634/332/1238
f 2635/95/1239 2636/402/1239 2637/403/1240
f 2635/95/1239 2637/403/1240 2638/404/1241
f 2625/397/1230 2639/405/1242 2640/406/1243
f 2625/397/1230 2640/406/1243 2626/398/1231
f 2641/407/1244 2642/408/1245 2643/409/1246
f 2641/407/1244 2643/409/1246 2644/410/1247
f 2639/405/1242 2641/407/1244 2644/410/1247
f 2639/405/1242 2644/410/1247 2640/406/1243
f 2632/401/1236 2645/347/1248 2646/46/1249
f 2632/401/1236 2646/46/1249 2633/333/1237
f 2647/411/1250 2450/327/1142 2461/338/1149
f 2647/411/1250 2461/338/1149 2648/412/1251
f 2649/413/1252 2650/403/1253 2651/414/1254
f 2649/413/1252 2651/414/1254 2652/415/1255
f 2453/330/1145 2456/333/1148 2653/46/1256
f 2453/330/1145 2653/46/1256 2654/416/1257
f 2650/403/1253 2655/402/1258 2656/97/1258
f 2650/403/1253 2656/97/1258 2651/414/1254
f 2657/417/1259 2658/418/1260 2659/419/1261
f 2657/417/1259 2659/419/1261 2660/420/1259
f 2590/386/1203 2589/385/1203 2657/417/1259
f 2590/386/1203 2657/417/1259 2660/420/1259
f 2661/75/1262 2662/421/1263 2663/422/1264
f 2661/75/1262 2663/422/1264 2664/423/1265
f 2665/356/1266 2666/424/1267 2667/425/1267
f 2665/356/1266 2667/425/1267 2668/426/1268
f 2669/427/1269 2670/428/1269 2671/429/1270
f 2669/427/1269 2671/429/1270 2672/430/1271
f 2673/431/1272 2674/432/1273 2675/433/1274
f 2673/431/1272 2675/433/1274 2676/434/1272
f 2677/435/1275 2665/356/1276 2678/436/1277
f 2677/435/1275 2678/436/1277 2679/437/1278
s 0
f 2680/341/1142 2681/342/1142 2682/344/1142
f 2680/341/1142 2682/344/1142 2683/389/1142
f 2684/438/1279 2685/401/1279 2686/400/1279
f 2684/438/1279 2686/400/1279 2687/439/1279
s 1
f 2673/431/1272 2676/434/1272 2688/440/1194
f 2673/431/1272 2688/440/1194 2689/441/1194
s 0
f 2684/438/1279 2690/442/1279 2691/347/1279
f 2684/438/1279 2691/347/1279 2685/401/1279
s 1
f 2692/443/1267 2693/444/1267 2694/353/1280
f 2692/443/1267 2694/353/1280 2695/445/1281
s 0
f 2696/446/1194 2697/447/1194 2698/448/1194
f 2696/446/1194 2698/448/1194 2699/123/1194
s 1
f 2700/449/1282 2701/450/1283 2702/451/1284
f 2700/449/1282 2702/451/1284 2703/452/1285
s 0
f 2704/453/1198 2705/454/1198 2706/138/1198
f 2704/453/1198 2706/138/1198 2707/455/1198
f 2708/456/1286 2709/416/1286 2710/46/1286
f 2708/456/1286 2710/46/1286 2711/457/1286
s 1
f 2712/458/1287 2713/459/1287 2714/460/1288
f 2712/458/1287 2714/460/1288 2715/461/1288
f 2716/334/1289 2717/339/1289 2718/462/1290
f 2716/334/1289 2718/462/1290 2719/463/1290
s 0
f 2720/464/1194 2696/446/1194 2699/123/1194
f 2720/464/1194 2699/123/1194 2721/465/1194
s 1
f 2722/466/1291 2723/404/1291 2713/459/1287
f 2722/466/1291 2713/459/1287 2712/458/1287
f 2689/441/1194 2688/440/1194 2724/467/1194
s 0
f 2689/441/1194 2724/467/1194 2725/468/1194
f 2705/454/1198 2726/469/1198 2727/470/1198
f 2705/454/1198 2727/470/1198 2706/138/1198
s 1
f 2728/471/1292 2729/78/1293 2730/75/1294
f 2728/471/1292 2730/75/1294 2731/423/1292
f 2732/95/1295 2723/404/1291 2722/466/1291
f 2732/95/1295 2722/466/1291 2733/98/1295
f 2734/336/1296 2735/337/1297 2717/339/1289
f 2734/336/1296 2717/339/1289 2716/334/1289
f 2736/472/1298 2737/473/1298 2738/178/1299
f 2736/472/1298 2738/178/1299 2739/220/1300
f 2734/336/1296 2740/474/1301 2741/475/1301
f 2734/336/1296 2741/475/1301 2735/337/1297
f 2725/468/1194 2724/467/1194 2742/476/1302
f 2725/468/1194 2742/476/1302 2743/477/1303
f 2744/478/1304 2743/477/1303 2742/476/1302
f 2744/478/1304 2742/476/1302 2745/479/1305
f 2746/480/1306 2747/481/1307 2748/481/1308
f 2746/480/1306 2748/481/1308 2749/480/1309
f 2747/481/1307 2750/482/1310 2751/482/1311
f 2747/481/1307 2751/482/1311 2748/481/1308
s 0
f 2752/483/1312 2753/480/1312 2754/480/1312
f 2752/483/1312 2754/480/1312 2755/483/1312
s 1
f 2750/482/1310 2756/484/1313 2757/484/1313
f 2750/482/1310 2757/484/1313 2751/482/1311
s 0
f 2758/485/1312 2752/483/1312 2755/483/1312
f 2758/485/1312 2755/483/1312 2759/485/1312
f 2760/486/1312 2758/485/1312 2759/485/1312
f 2760/486/1312 2759/485/1312 2761/486/1312
f 2756/484/1313 2762/487/1313 2763/487/1313
f 2756/484/1313 2763/487/1313 2757/484/1313
f 2764/488/1312 2760/486/1312 2761/486/1312
f 2764/488/1312 2761/486/1312 2765/488/1312
f 2766/489/1312 2764/488/1312 2765/488/1312
f 2766/489/1312 2765/488/1312 2767/489/1312
f 2768/490/1312 2766/489/1312 2767/489/1312
f 2768/490/1312 2767/489/1312 2769/490/1312
s 1
f 2762/487/1313 2770/491/1314 2771/491/1315
f 2762/487/1313 2771/491/1315 2763/487/1313
f 2772/492/1316 2773/490/1317 2774/490/1318
f 2772/492/1316 2774/490/1318 2775/492/1319
f 2770/491/1314 2772/492/1316 2775/492/1319
f 2770/491/1314 2775/492/1319 2771/491/1315
f 2776/493/1152 2777/125/1320 2778/124/1321
f 2776/493/1152 2778/124/1321 2779/494/1322
f 2777/125/1320 2780/220/1323 2781/221/1324
f 2777/125/1320 2781/221/1324 2778/124/1321
f 2782/495/1325 2783/496/1326 2784/389/1327
f 2782/495/1325 2784/389/1327 2785/389/1328
f 2786/497/1329 2787/498/1330 2788/498/1331
f 2786/497/1329 2788/498/1331 2789/497/1332
s 0
f 2790/498/1333 2791/499/1333 2792/499/1333
f 2790/498/1333 2792/499/1333 2793/498/1333
s 1
f 2794/499/1334 2795/500/1335 2796/500/1336
f 2794/499/1334 2796/500/1336 2797/499/1337
f 2798/341/1338 2799/501/1339 2800/502/1340
f 2798/341/1338 2800/502/1340 2801/503/1341
f 2802/504/1342 2803/505/1343 2804/506/1344
f 2802/504/1342 2804/506/1344 2805/507/1345
f 2806/324/1346 2807/508/1347 2808/508/1348
f 2806/324/1346 2808/508/1348 2809/324/1349
f 2807/508/1347 2810/509/1350 2811/509/1351
f 2807/508/1347 2811/509/1351 2808/508/1348
s 0
f 2812/509/1352 2813/510/1352 2814/510/1352
f 2812/509/1352 2814/510/1352 2815/509/1352
s 1
f 2816/336/1353 2817/334/1354 2818/334/1355
f 2816/336/1353 2818/334/1355 2819/336/1356
f 2820/511/1357 2821/512/1358 2822/512/1332
f 2820/511/1357 2822/512/1332 2823/511/1359
f 2824/513/1360 2825/326/1361 2826/326/1362
f 2824/513/1360 2826/326/1362 2827/513/1328
f 2817/334/1354 2828/463/1363 2829/463/1341
f 2817/334/1354 2829/463/1341 2818/334/1355
f 2830/514/1335 2831/515/1364 2832/515/1365
f 2830/514/1335 2832/515/1365 2833/514/1336
s 0
f 2834/516/1352 2835/517/1352 2836/517/1352
f 2834/516/1352 2836/517/1352 2837/516/1352
s 1
f 2838/517/1366 2839/474/1367 2840/474/1368
f 2838/517/1366 2840/474/1368 2841/517/1369
f 2839/474/1367 2816/336/1353 2819/336/1356
f 2839/474/1367 2819/336/1356 2840/474/1368
s 0
f 2813/510/1352 2842/518/1352 2843/518/1352
f 2813/510/1352 2843/518/1352 2814/510/1352
f 2842/518/1352 2844/519/1352 2845/519/1352
f 2842/518/1352 2845/519/1352 2843/518/1352
f 2844/519/1352 2846/520/1352 2847/520/1352
f 2844/519/1352 2847/520/1352 2845/519/1352
f 2846/520/1352 2834/516/1352 2837/516/1352
f 2846/520/1352 2837/516/1352 2847/520/1352
s 1
f 2831/515/1370 2848/521/1371 2849/521/1371
s 0
f 2831/515/1372 2849/521/1373 2832/515/1373
f 2850/521/1374 2851/522/1374 2852/522/1374
f 2850/521/1374 2852/522/1374 2853/521/1374
f 2854/522/1375 2820/511/1376 2823/511/1375
s 1
f 2854/522/1377 2823/511/1378 2855/522/1377
f 2856/341/1361 2857/389/1379 2858/344/1349
f 2856/341/1361 2858/344/1349 2859/342/1380
f 2804/506/1344 2860/523/1381 2861/523/1382
f 2804/506/1344 2861/523/1382 2805/507/1345
f 2860/523/1381 2783/496/1326 2782/495/1325
f 2860/523/1381 2782/495/1325 2861/523/1382
f 2799/501/1339 2862/524/1383 2863/524/1384
f 2799/501/1339 2863/524/1384 2800/502/1340
f 2862/524/1383 2803/505/1343 2802/504/1342
f 2862/524/1383 2802/504/1342 2863/524/1384
f 2864/76/1385 2865/224/1386 2866/224/1387
f 2864/76/1385 2866/224/1387 2867/76/1385
f 2868/225/1388 2869/76/1389 2870/76/1390
f 2868/225/1388 2870/76/1390 2871/225/1388
f 2872/226/1391 2873/77/1392 2874/77/1392
f 2872/226/1391 2874/77/1392 2875/227/1393
f 2876/75/1394 2877/75/1395 2878/228/1396
f 2876/75/1394 2878/228/1396 2879/228/1397
f 2880/78/1398 2872/226/1391 2875/227/1393
f 2880/78/1398 2875/227/1393 2881/78/1398
f 2865/224/1386 2882/75/1399 2883/75/1399
f 2865/224/1386 2883/75/1399 2866/224/1387
f 2884/77/1400 2868/225/1388 2871/225/1388
f 2884/77/1400 2871/225/1388 2885/77/1401
f 2878/228/1396 2886/78/1402 2887/78/1403
f 2878/228/1396 2887/78/1403 2879/228/1397
f 2888/525/1404 2889/526/1405 2890/527/1406
f 2888/525/1404 2890/527/1406 2891/528/1407
f 2892/529/1408 2893/231/1409 2894/196/1410
f 2892/529/1408 2894/196/1410 2895/347/1411
f 2896/530/1412 2897/529/1413 2898/347/1414
f 2896/530/1412 2898/347/1414 2899/531/1415
f 2900/138/1416 2901/532/1417 2902/533/1418
f 2900/138/1416 2902/533/1418 2903/457/1419
f 2904/534/1420 2905/535/1421 2906/536/1422
f 2904/534/1420 2906/536/1422 2907/537/1423
f 2908/538/1424 2909/539/1425 2910/46/1426
f 2908/538/1424 2910/46/1426 2911/540/1427
f 2912/347/1428 2913/529/1429 2914/529/1430
f 2912/347/1428 2914/529/1430 2915/347/1431
f 2916/353/1432 2917/170/1433 2918/541/1434
f 2916/353/1432 2918/541/1434 2919/353/1435
f 2891/528/1407 2920/542/1436 2921/543/1437
f 2891/528/1407 2921/543/1437 2888/525/1404
f 2901/532/1417 2922/544/1438 2923/545/1439
f 2901/532/1417 2923/545/1439 2902/533/1418
f 2924/546/1440 2896/530/1412 2899/531/1415
f 2924/546/1440 2899/531/1415 2925/547/1441
f 2920/542/1436 2926/548/1442 2927/549/1443
f 2920/542/1436 2927/549/1443 2921/543/1437
f 2922/544/1438 2928/550/1444 2929/551/1445
f 2922/544/1438 2929/551/1445 2923/545/1439
f 2930/552/1446 2924/546/1440 2925/547/1441
f 2930/552/1446 2925/547/1441 2931/553/1447
f 2932/554/1448 2933/555/1449 2934/535/1449
f 2932/554/1448 2934/535/1449 2935/534/1448
f 2926/548/1442 2936/556/1450 2937/557/1451
f 2926/548/1442 2937/557/1451 2927/549/1443
f 2928/550/1444 2938/558/1452 2939/559/1453
f 2928/550/1444 2939/559/1453 2929/551/1445
f 2940/560/1454 2930/552/1446 2931/553/1447
f 2940/560/1454 2931/553/1447 2941/561/1455
f 2942/554/1456 2943/555/1457 2944/555/1458
f 2942/554/1456 2944/555/1458 2945/554/1459
f 2946/562/1460 2947/563/1461 2948/563/1
f 2946/562/1460 2948/563/1 2949/562/1
f 2950/535/1462 2951/535/1463 2952/534/1464
f 2950/535/1462 2952/534/1464 2953/534/1464
f 2954/534/1465 2955/554/1466 2956/554/7
f 2954/534/1465 2956/554/7 2957/534/7
f 2907/537/1423 2906/536/1422 2958/123/1467
f 2907/537/1423 2958/123/1467 2959/450/1468
f 2960/539/1469 2961/538/1470 2962/540/1471
f 2960/539/1469 2962/540/1471 2963/46/1471
f 2964/196/1472 2965/196/1473 2966/347/1474
f 2964/196/1472 2966/347/1474 2967/347/1475
f 2968/347/1476 2969/529/1477 2970/529/1478
f 2968/347/1476 2970/529/1478 2971/347/1476
f 2972/353/1479 2973/541/1480 2974/170/1481
f 2972/353/1479 2974/170/1481 2975/353/1482
f 2909/539/1425 2976/527/1483 2977/526/1484
f 2909/539/1425 2977/526/1484 2910/46/1426
f 2978/196/1485 2979/196/1486 2980/347/1487
f 2978/196/1485 2980/347/1487 2981/347/1488
f 2982/347/1489 2983/529/1490 2913/529/1429
f 2982/347/1489 2913/529/1429 2912/347/1428
f 2984/353/1491 2985/170/1492 2917/170/1433
f 2984/353/1491 2917/170/1433 2916/353/1432
f 2986/554/1493 2987/555/1494 2943/555/1457
f 2986/554/1493 2943/555/1457 2942/554/1456
f 2988/562/1495 2989/563/1496 2947/563/1461
f 2988/562/1495 2947/563/1461 2946/562/1460
f 2990/535/1497 2991/535/1497 2992/534/1498
f 2990/535/1497 2992/534/1498 2993/534/1498
f 2994/534/1499 2995/554/1500 2955/554/1466
f 2994/534/1499 2955/554/1466 2954/534/1465
f 2996/535/1501 2997/535/1502 2998/534/1503
f 2996/535/1501 2998/534/1503 2999/534/1503
s 0
f 3000/534/1504 3001/534/1504 3002/534/1504
f 3000/534/1504 3002/534/1504 3003/534/1504
s 1
f 3004/534/1505 3005/535/1506 3006/535/1507
f 3004/534/1505 3006/535/1507 3007/534/1505
s 0
f 3008/563/1508 3009/563/1508 3010/563/1508
f 3008/563/1508 3010/563/1508 3011/563/1508
s 1
f 2936/556/1450 3012/564/1509 3013/565/1510
f 2936/556/1450 3013/565/1510 2937/557/1451
f 3014/566/1511 2940/560/1454 2941/561/1455
f 3014/566/1511 2941/561/1455 3015/567/1512
f 3016/568/1513 3017/569/1514 3018/570/1515
f 3016/568/1513 3018/570/1515 3019/571/1516
f 3020/572/1517 3021/573/1518 3022/570/1519
f 3020/572/1517 3022/570/1519 3023/569/1520
f 3024/574/1521 3025/575/1522 3026/576/1523
f 3024/574/1521 3026/576/1523 3027/577/1524
f 3020/572/1517 3023/569/1520 3028/568/1525
f 3020/572/1517 3028/568/1525 3029/578/1526
s 0
f 3030/568/1527 3031/569/1527 3032/569/1527
f 3030/568/1527 3032/569/1527 3033/568/1527
s 1
f 3034/569/1528 3035/570/1529 3036/570/1529
f 3034/569/1528 3036/570/1529 3037/569/1528
s 0
f 3038/575/1530 3039/574/1530 3040/574/1530
f 3038/575/1530 3040/574/1530 3041/575/1530
s 1
f 3042/571/1531 3043/571/1531 3044/568/1532
f 3042/571/1531 3044/568/1532 3045/568/1532
s 0
f 3046/568/1527 3047/569/1527 3031/569/1527
f 3046/568/1527 3031/569/1527 3030/568/1527
s 1
f 3048/569/1528 3049/570/1529 3035/570/1529
f 3048/569/1528 3035/570/1529 3034/569/1528
s 0
f 3050/575/1530 3051/574/1530 3039/574/1530
f 3050/575/1530 3039/574/1530 3038/575/1530
s 1
f 3052/571/1462 3053/571/57 3054/568/1533
f 3052/571/1462 3054/568/1533 3055/568/1533
f 3056/571/1534 3057/571/1535 3058/568/1536
f 3056/571/1534 3058/568/1536 3059/568/1537
s 0
f 3060/568/1538 3061/568/1538 3062/568/1538
f 3060/568/1538 3062/568/1538 3063/568/1539
s 1
f 3064/568/1540 3065/571/1541 3066/571/1542
f 3064/568/1540 3066/571/1542 3067/568/1540
s 0
f 3068/574/1543 3069/574/1543 3070/574/1543
f 3068/574/1543 3070/574/1543 3071/574/1543
s 1
f 3072/196/1544 2978/196/1485 2981/347/1488
f 3072/196/1544 2981/347/1488 3073/347/1545
f 3074/579/1546 3075/566/1547 3076/580/1548
f 3074/579/1546 3076/580/1548 3077/581/1549
f 3078/582/1550 2940/560/1454 3014/566/1511
f 3078/582/1550 3014/566/1511 3079/579/1551
f 3080/583/1552 2930/552/1446 2940/560/1454
f 3080/583/1552 2940/560/1454 3078/582/1550
f 3081/584/1553 2924/546/1440 2930/552/1446
f 3081/584/1553 2930/552/1446 3080/583/1552
f 3082/585/1554 2896/530/1412 2924/546/1440
f 3082/585/1554 2924/546/1440 3081/584/1553
f 3083/353/1555 2897/529/1413 2896/530/1412
f 3083/353/1555 2896/530/1412 3082/585/1554
f 2913/529/1429 2983/529/1490 3084/353/1556
f 2913/529/1429 3084/353/1556 3085/353/1557
f 2914/529/1430 2913/529/1429 3085/353/1557
f 2914/529/1430 3085/353/1557 3086/353/1558
f 2970/529/1478 2969/529/1477 3087/353/1559
f 2970/529/1478 3087/353/1559 3088/353/1559
f 3089/170/1560 2893/231/1409 2892/529/1408
f 3089/170/1560 2892/529/1408 3090/353/1561
f 3091/586/1562 2961/538/1470 2960/539/1469
f 3091/586/1562 2960/539/1469 3092/38/1563
f 3093/38/1564 2909/539/1425 2908/538/1424
f 3093/38/1564 2908/538/1424 3094/586/1565
f 3095/38/1566 2976/527/1483 2909/539/1425
f 3095/38/1566 2909/539/1425 3093/38/1564
f 2891/528/1407 2890/527/1406 3096/38/1567
f 2891/528/1407 3096/38/1567 3097/587/1568
f 3098/563/1569 2920/542/1436 2891/528/1407
f 3098/563/1569 2891/528/1407 3097/587/1568
f 3099/562/1570 2926/548/1442 2920/542/1436
f 3099/562/1570 2920/542/1436 3098/563/1569
f 3100/577/1571 2936/556/1450 2926/548/1442
f 3100/577/1571 2926/548/1442 3099/562/1570
f 3101/576/1572 3012/564/1509 2936/556/1450
f 3101/576/1572 2936/556/1450 3100/577/1571
f 2917/170/1433 2985/170/1492 3102/38/1573
f 2917/170/1433 3102/38/1573 3103/38/1574
f 2918/541/1434 2917/170/1433 3103/38/1574
f 2918/541/1434 3103/38/1574 3104/586/1575
f 2974/170/1481 2973/541/1480 3105/586/1576
f 2974/170/1481 3105/586/1576 3106/38/1577
f 3107/38/1578 3108/539/1579 2893/231/1409
f 3107/38/1578 2893/231/1409 3089/170/1560
f 2894/196/1410 2893/231/1409 3108/539/1579
f 2894/196/1410 3108/539/1579 3109/46/1580
f 3110/540/1581 2965/196/1473 2964/196/1472
f 3110/540/1581 2964/196/1472 3111/46/1581
f 3112/46/1582 2978/196/1485 3072/196/1544
f 3112/46/1582 3072/196/1544 3113/540/1583
f 3112/46/1582 3114/526/1584 2979/196/1486
f 3112/46/1582 2979/196/1486 2978/196/1485
f 3115/525/1585 2901/532/1417 2900/138/1416
f 3115/525/1585 2900/138/1416 3116/526/1586
f 3117/543/1587 2922/544/1438 2901/532/1417
f 3117/543/1587 2901/532/1417 3115/525/1585
f 3118/549/1588 2928/550/1444 2922/544/1438
f 3118/549/1588 2922/544/1438 3117/543/1587
f 3119/557/1589 2938/558/1452 2928/550/1444
f 3119/557/1589 2928/550/1444 3118/549/1588
f 3120/565/1589 3121/588/1590 2938/558/1452
f 3120/565/1589 2938/558/1452 3119/557/1589
f 3077/581/1549 3076/580/1548 3122/43/1591
f 3077/581/1549 3122/43/1591 3123/78/1592
f 3022/570/1519 3021/573/1518 3026/576/1523
f 3022/570/1519 3026/576/1523 3025/575/1522
f 3035/570/1529 3049/570/1529 3124/575/1593
f 3035/570/1529 3124/575/1593 3125/575/1593
f 3036/570/1529 3035/570/1529 3125/575/1593
f 3036/570/1529 3125/575/1593 3126/575/1593
f 3019/571/1516 3018/570/1515 3127/575/1594
f 3019/571/1516 3127/575/1594 3128/574/1594
f 3066/571/1542 3065/571/1541 3129/574/1595
f 3066/571/1542 3129/574/1595 3130/574/1595
f 3131/574/1596 3043/571/1531 3042/571/1531
f 3131/574/1596 3042/571/1531 3132/574/1596
f 3133/574/1597 3057/571/1535 3056/571/1534
f 3133/574/1597 3056/571/1534 3134/574/1597
f 3135/574/1598 3053/571/57 3052/571/1462
f 3135/574/1598 3052/571/1462 3136/574/1598
f 2943/555/1457 2987/555/1494 3137/562/1599
f 2943/555/1457 3137/562/1599 3138/562/1600
f 2944/555/1458 2943/555/1457 3138/562/1600
f 2944/555/1458 3138/562/1600 3139/562/1601
f 2934/535/1449 2933/555/1449 3140/562/1602
f 2934/535/1449 3140/562/1602 3141/563/1602
f 3006/535/1507 3005/535/1506 3142/563/1603
f 3006/535/1507 3142/563/1603 3143/563/1604
f 3144/563/1605 2951/535/1463 2950/535/1462
f 3144/563/1605 2950/535/1462 3145/563/1606
f 3146/563/1607 2997/535/1502 2996/535/1501
f 3146/563/1607 2996/535/1501 3147/563/1608
f 3148/563/1609 2991/535/1497 2990/535/1497
f 3148/563/1609 2990/535/1497 3149/563/1610
f 2906/536/1422 2905/535/1421 3150/563/1611
f 2906/536/1422 3150/563/1611 3151/587/1612
f 2958/123/1467 2906/536/1422 3151/587/1612
f 2958/123/1467 3151/587/1612 3152/38/1613
s 0
f 3153/196/55 3154/347/55 3155/347/55
f 3153/196/55 3155/347/55 3156/196/55
s 1
f 3157/347/1614 3158/347/1615 3159/347/1615
f 3157/347/1614 3159/347/1615 3160/347/1614
f 3158/347/1615 3161/589/1616 3162/589/1617
f 3158/347/1615 3162/589/1617 3159/347/1615
f 3161/589/1616 3163/196/54 3164/196/54
f 3161/589/1616 3164/196/54 3162/589/1617
s 0
f 3165/46/55 3153/196/55 3156/196/55
f 3165/46/55 3156/196/55 3166/46/55
s 1
f 3163/196/54 3167/590/1618 3168/590/1619
f 3163/196/54 3168/590/1619 3164/196/54
f 3167/590/1618 3169/46/1620 3170/46/1620
f 3167/590/1618 3170/46/1620 3168/590/1619
f 3169/46/1620 3171/46/1621 3172/46/1621
f 3169/46/1620 3172/46/1621 3170/46/1620
f 3173/591/1622 3174/592/1623 3175/68/1173
f 3173/591/1622 3175/68/1173 3176/593/1624
f 3177/81/1625 3178/121/1626 3179/594/1627
f 3177/81/1625 3179/594/1627 3180/595/1628
f 3174/592/1623 3181/596/1629 3182/96/1630
f 3174/592/1623 3182/96/1630 3175/68/1173
f 3183/137/1631 3184/597/1632 3185/97/1633
f 3183/137/1631 3185/97/1633 3186/79/1634
f 3187/224/1635 3188/598/1636 3189/87/1637
f 3187/224/1635 3189/87/1637 3190/76/1638
f 3191/98/1639 3192/599/1640 3178/121/1626
f 3191/98/1639 3178/121/1626 3177/81/1625
f 3193/600/1641 3173/591/1622 3176/593/1624
f 3193/600/1641 3176/593/1624 3194/46/1642
f 3180/595/1628 3179/594/1627 3195/123/1643
f 3180/595/1628 3195/123/1643 3196/450/1644
f 3197/86/1645 3188/598/1636 3187/224/1635
f 3197/86/1645 3187/224/1635 2486/75/1170
f 3198/601/1646 2479/345/1162 3188/598/1636
f 3198/601/1646 3188/598/1636 3197/86/1645
f 3199/353/1647 2480/346/1163 2479/345/1162
f 3199/353/1647 2479/345/1162 3198/601/1646
f 3200/170/1648 3201/602/1649 2480/346/1163
f 3200/170/1648 2480/346/1163 3199/353/1647
f 3202/603/1650 3173/591/1622 3193/600/1641
f 3202/603/1650 3193/600/1641 3203/38/1651
f 3204/67/1652 3174/592/1623 3173/591/1622
f 3204/67/1652 3173/591/1622 3202/603/1650
f 3205/95/1653 3181/596/1629 3174/592/1623
f 3205/95/1653 3174/592/1623 3204/67/1652
f 3203/38/1651 3193/600/1641 3201/602/1649
f 3203/38/1651 3201/602/1649 3200/170/1648
f 3206/96/1654 3184/597/1632 3183/137/1631
f 3206/96/1654 3183/137/1631 3207/68/1655
f 3178/121/1626 3192/599/1640 3205/95/1653
f 3178/121/1626 3205/95/1653 3204/67/1652
f 3179/594/1627 3178/121/1626 3204/67/1652
f 3179/594/1627 3204/67/1652 3202/603/1650
f 3195/123/1643 3179/594/1627 3202/603/1650
f 3195/123/1643 3202/603/1650 3203/38/1651
f 2486/75/1170 3187/224/1635 3208/224/1656
f 2486/75/1170 3208/224/1656 2485/75/1168
f 3209/76/1657 3208/224/1656 3187/224/1635
f 3209/76/1657 3187/224/1635 3190/76/1638
f 3210/76/1633 3211/225/1658 3212/225/1659
f 3210/76/1633 3212/225/1659 3213/76/1660
f 3214/77/1661 3212/225/1659 3211/225/1658
f 3214/77/1661 3211/225/1658 3215/77/1662
f 3216/77/1663 3217/227/1664 3218/227/1665
f 3216/77/1663 3218/227/1665 3219/77/1666
f 2484/78/1167 3218/227/1665 3217/227/1664
f 2484/78/1167 3217/227/1664 2482/78/1165
f 3220/604/1667 3221/605/1668 3222/606/1669
f 3220/604/1667 3222/606/1669 3223/607/1670
f 3224/608/1671 3225/609/1672 3226/610/1673
f 3224/608/1671 3226/610/1673 3227/611/1674
f 3228/612/1675 3229/613/1676 3230/614/1677
f 3228/612/1675 3230/614/1677 3231/615/1678
f 3232/616/1679 3233/617/1680 3234/618/1681
f 3232/616/1679 3234/618/1681 3235/619/1681
f 3236/38/1682 3237/46/1683 3238/46/1684
f 3236/38/1682 3238/46/1684 3239/38/1685
f 3240/196/1686 3241/196/1687 3242/347/1688
f 3240/196/1686 3242/347/1688 3243/347/1689
f 3244/347/1690 3245/353/1691 3246/353/1692
f 3244/347/1690 3246/353/1692 3247/347/1693
f 3248/353/1694 3249/170/1695 3250/170/1696
f 3248/353/1694 3250/170/1696 3251/353/1697
f 3252/38/1698 3253/46/1699 3237/46/1683
f 3252/38/1698 3237/46/1683 3236/38/1682
s 0
f 3254/196/1700 3255/196/1700 3256/347/1700
f 3254/196/1700 3256/347/1700 3257/347/1700
s 1
f 3258/347/1701 3259/353/1702 3245/353/1691
f 3258/347/1701 3245/353/1691 3244/347/1690
f 3260/353/1703 3261/170/1704 3249/170/1695
f 3260/353/1703 3249/170/1695 3248/353/1694
f 3262/353/1705 3263/170/1706 3264/170/1707
f 3262/353/1705 3264/170/1707 3265/353/1708
f 3266/347/1709 3267/353/1710 3268/353/1711
f 3266/347/1709 3268/353/1711 3269/347/1712
f 3270/196/1713 3271/196/1714 3272/347/1715
f 3270/196/1713 3272/347/1715 3273/347/1716
f 3274/38/1717 3275/46/1718 3276/46/1719
f 3274/38/1717 3276/46/1719 3277/38/1720
f 3230/614/1677 3278/620/1721 3279/621/1722
f 3230/614/1677 3279/621/1722 3231/615/1678
f 3280/98/1163 3281/599/1648 3233/617/1680
f 3280/98/1163 3233/617/1680 3232/616/1679
f 3282/196/1723 3283/196/1724 3284/347/1724
f 3282/196/1723 3284/347/1724 3285/347/1725
f 3286/347/1 3287/347/1 3288/347/1726
f 3286/347/1 3288/347/1726 3289/347/1727
f 3290/347/1728 3291/196/1728 3292/196/1729
f 3290/347/1728 3292/196/1729 3293/347/1730
f 3294/46/7 3295/46/7 3296/46/1731
f 3294/46/7 3296/46/1731 3297/46/1732
f 3298/196/1733 3282/196/1723 3285/347/1725
f 3298/196/1733 3285/347/1725 3299/347/1733
f 3289/347/1727 3288/347/1726 3300/347/1734
f 3289/347/1727 3300/347/1734 3301/347/1734
f 3293/347/1730 3292/196/1729 3302/196/1735
f 3293/347/1730 3302/196/1735 3303/347/1735
f 3297/46/1732 3296/46/1731 3304/46/1736
f 3297/46/1732 3304/46/1736 3305/46/1736
f 3283/196/1724 3306/196/1737 3307/347/1737
f 3283/196/1724 3307/347/1737 3284/347/1724
f 3258/347/1701 3244/347/1690 3287/347/1
f 3258/347/1701 3287/347/1 3286/347/1
f 3242/347/1688 3241/196/1687 3291/196/1728
f 3242/347/1688 3291/196/1728 3290/347/1728
f 3237/46/1683 3253/46/1699 3295/46/7
f 3237/46/1683 3295/46/7 3294/46/7
f 3249/170/1695 3261/170/1704 3308/38/1703
f 3249/170/1695 3308/38/1703 3309/38/1694
f 3250/170/1696 3249/170/1695 3309/38/1694
f 3250/170/1696 3309/38/1694 3310/38/1738
f 3264/170/1707 3263/170/1706 3311/38/1739
f 3264/170/1707 3311/38/1739 3312/38/1740
f 3313/46/1741 3271/196/1714 3270/196/1713
f 3313/46/1741 3270/196/1713 3314/46/1716
f 3315/46/1742 3241/196/1687 3240/196/1686
f 3315/46/1742 3240/196/1686 3316/46/1689
f 3291/196/1728 3241/196/1687 3315/46/1742
f 3291/196/1728 3315/46/1742 3317/46/1728
f 3292/196/1729 3291/196/1728 3317/46/1728
f 3292/196/1729 3317/46/1728 3318/46/1730
f 3302/196/1735 3292/196/1729 3318/46/1730
f 3302/196/1735 3318/46/1730 3319/46/1735
s 0
f 3320/46/1700 3255/196/1700 3254/196/1700
f 3320/46/1700 3254/196/1700 3321/46/1700
s 1
f 3322/46/1725 3282/196/1723 3298/196/1733
f 3322/46/1725 3298/196/1733 3323/46/1733
f 3324/46/1724 3283/196/1724 3282/196/1723
f 3324/46/1724 3282/196/1723 3322/46/1725
f 3325/46/1737 3306/196/1737 3283/196/1724
f 3325/46/1737 3283/196/1724 3324/46/1724
f 3326/605/1743 3230/614/1677 3229/613/1676
f 3326/605/1743 3229/613/1676 3327/606/1744
f 3328/96/1745 3329/597/1746 3330/622/1747
f 3328/96/1745 3330/622/1747 3331/348/1748
f 3233/617/1680 3281/599/1648 3332/95/1749
f 3233/617/1680 3332/95/1749 3333/604/1750
f 3334/607/1681 3234/618/1681 3233/617/1680
f 3334/607/1681 3233/617/1680 3333/604/1750
f 3335/623/1751 3330/622/1747 3329/597/1746
f 3335/623/1751 3329/597/1746 3336/97/1752
f 3331/348/1748 3330/622/1747 3278/620/1721
f 3331/348/1748 3278/620/1721 3337/624/1753
f 3338/624/1754 3339/625/1755 2488/349/1172
f 3338/624/1754 2488/349/1172 2487/348/1171
f 3279/621/1722 3278/620/1721 3330/622/1747
f 3279/621/1722 3330/622/1747 3335/623/1751
f 3337/624/1753 3278/620/1721 3230/614/1677
f 3337/624/1753 3230/614/1677 3326/605/1743
f 3340/170/1756 3341/38/1757 3342/355/1758
f 3340/170/1756 3342/355/1758 3343/626/1759
f 3344/353/1760 3340/170/1756 3343/626/1759
f 3344/353/1760 3343/626/1759 3345/354/1760
f 3346/354/1761 3347/626/1762 3348/170/1763
f 3346/354/1761 3348/170/1763 3349/353/1764
f 3347/626/1762 3350/355/1765 3351/38/1766
f 3347/626/1762 3351/38/1766 3348/170/1763
f 3352/589/1767 3353/347/1768 3354/353/1769
f 3352/589/1767 3354/353/1769 3355/627/1770
f 3355/627/1770 3354/353/1769 2493/353/1177
f 3355/627/1770 2493/353/1177 3356/628/1771
f 3357/38/1772 3358/629/1773 3359/630/1774
f 3357/38/1772 3359/630/1774 2497/38/1181
f 3358/629/1773 3357/38/1772 3360/46/1620
f 3358/629/1773 3360/46/1620 3361/590/1775
f 3356/628/1771 2493/353/1177 2495/353/1179
f 3356/628/1771 2495/353/1179 3362/631/1776
f 2497/38/1181 3359/630/1774 3363/632/1777
f 2497/38/1181 3363/632/1777 2498/38/1182
f 2498/38/1182 3363/632/1777 3364/633/1778
f 2498/38/1182 3364/633/1778 3365/38/1779
f 3362/631/1776 2495/353/1179 3366/353/1780
f 3362/631/1776 3366/353/1780 3367/634/1781
f 3368/170/1782 3369/196/54 3352/589/1767
f 3368/170/1782 3352/589/1767 3355/627/1770
f 3358/629/1773 3361/590/1775 3369/196/54
f 3358/629/1773 3369/196/54 3368/170/1782
f 3269/347/1712 3268/353/1711 3354/353/1769
f 3269/347/1712 3354/353/1769 3353/347/1768
f 3277/38/1720 3276/46/1719 3360/46/1620
f 3277/38/1720 3360/46/1620 3357/38/1772
f 3370/170/1783 3356/628/1771 3362/631/1776
f 3370/170/1783 3362/631/1776 3371/170/1784
f 3359/630/1774 3370/170/1783 3371/170/1784
f 3359/630/1774 3371/170/1784 3363/632/1777
f 3277/38/1720 3357/38/1772 2497/38/1181
f 3277/38/1720 2497/38/1181 2496/355/1180
f 3358/629/1773 3368/170/1782 3370/170/1783
f 3358/629/1773 3370/170/1783 3359/630/1774
f 3368/170/1782 3355/627/1770 3356/628/1771
f 3368/170/1782 3356/628/1771 3370/170/1783
f 3354/353/1769 3268/353/1711 2494/354/1178
f 3354/353/1769 2494/354/1178 2493/353/1177
f 2495/353/1179 2494/354/1178 3372/353/1785
f 2495/353/1179 3372/353/1785 3366/353/1780
f 3371/170/1784 3362/631/1776 3367/634/1781
f 3371/170/1784 3367/634/1781 3373/170/1786
f 3363/632/1777 3371/170/1784 3373/170/1786
f 3363/632/1777 3373/170/1786 3364/633/1778
f 2496/355/1180 2498/38/1182 3365/38/1779
f 2496/355/1180 3365/38/1779 3374/38/1787
f 3259/353/1702 3258/347/1701 3225/609/1672
f 3259/353/1702 3225/609/1672 3224/608/1671
f 3375/138/1788 3229/613/1676 3228/612/1675
f 3375/138/1788 3228/612/1675 3376/457/1789
f 3327/606/1744 3229/613/1676 3375/138/1788
f 3327/606/1744 3375/138/1788 3377/46/1790
f 3223/607/1670 3222/606/1669 3253/46/1699
f 3223/607/1670 3253/46/1699 3252/38/1698
f 3378/123/1791 3234/618/1681 3334/607/1681
f 3378/123/1791 3334/607/1681 3308/38/1792
f 3235/619/1681 3234/618/1681 3378/123/1791
f 3235/619/1681 3378/123/1791 3379/450/1792
f 3239/38/1685 3238/46/1684 3275/46/1718
f 3239/38/1685 3275/46/1718 3274/38/1717
f 3316/46/1689 3240/196/1686 3271/196/1714
f 3316/46/1689 3271/196/1714 3313/46/1741
f 3272/347/1715 3271/196/1714 3240/196/1686
f 3272/347/1715 3240/196/1686 3243/347/1689
f 3247/347/1693 3246/353/1692 3267/353/1710
f 3247/347/1693 3267/353/1710 3266/347/1709
f 3251/353/1697 3250/170/1696 3263/170/1706
f 3251/353/1697 3263/170/1706 3262/353/1705
f 3311/38/1739 3263/170/1706 3250/170/1696
f 3311/38/1739 3250/170/1696 3310/38/1738
s 0
f 3380/95/1793 3381/96/1793 3382/46/1793
f 3380/95/1793 3382/46/1793 3383/38/1793
f 3384/38/1794 3385/46/1794 3386/347/1794
f 3384/38/1794 3386/347/1794 3387/353/1794
f 3388/353/1795 3389/347/1795 3390/76/1795
f 3388/353/1795 3390/76/1795 3391/75/1795
f 3392/75/1796 3393/76/1796 3394/77/1796
f 3392/75/1796 3394/77/1796 3395/78/1796
f 3396/96/1797 3397/97/1797 3398/457/1797
f 3396/96/1797 3398/457/1797 3399/46/1797
f 3400/98/1798 3401/95/1798 3402/38/1798
f 3400/98/1798 3402/38/1798 3403/450/1798
f 3404/635/1799 3405/46/1799 3406/347/1799
s 1
f 3404/635/1799 3406/347/1799 3407/353/1799
s 0
f 3408/471/1800 3409/78/1800 3410/75/1800
f 3408/471/1800 3410/75/1800 3411/636/1800
s 1
f 3412/95/1801 3413/637/1802 3414/638/1802
f 3412/95/1801 3414/638/1802 3415/98/1801
f 3416/356/1803 3417/46/1804 3418/46/1805
f 3416/356/1803 3418/46/1805 3419/635/1804
f 3420/347/1806 3421/353/1806 3422/353/1806
f 3420/347/1806 3422/353/1806 3423/347/1807
f 3424/356/1808 3425/358/1808 3426/360/1808
f 3424/356/1808 3426/360/1808 3427/46/1808
f 3428/639/1809 3429/353/1809 3430/347/1809
f 3428/639/1809 3430/347/1809 3431/640/1809
f 3432/178/1810 3433/152/1811 3434/198/1811
f 3432/178/1810 3434/198/1811 3435/195/1810
f 3433/152/1811 3436/151/1812 3437/199/1812
f 3433/152/1811 3437/199/1812 3434/198/1811
f 3436/151/1812 3438/158/1813 3439/200/1813
f 3436/151/1812 3439/200/1813 3437/199/1812
f 3438/158/1813 3440/165/1141 3441/201/1141
f 3438/158/1813 3441/201/1141 3439/200/1813
f 3440/165/1141 3442/164/1814 3443/202/1814
f 3440/165/1141 3443/202/1814 3441/201/1141
f 3442/164/1814 3444/167/1815 3445/203/1815
f 3442/164/1814 3445/203/1815 3443/202/1814
f 3444/167/1815 3446/161/1816 3447/204/1816
f 3444/167/1815 3447/204/1816 3445/203/1815
f 3446/161/1816 3448/148/1817 3449/205/1817
f 3446/161/1816 3449/205/1817 3447/204/1816
f 3448/148/1817 3450/147/1198 3451/206/1198
f 3448/148/1817 3451/206/1198 3449/205/1817
f 3450/147/1198 3452/641/1818 3453/642/1818
f 3450/147/1198 3453/642/1818 3451/206/1198
f 3452/641/1818 3454/643/1819 3455/644/1819
f 3452/641/1818 3455/644/1819 3453/642/1818
f 3454/643/1819 3456/645/1820 3457/646/1820
f 3454/643/1819 3457/646/1820 3455/644/1819
f 3456/645/1820 3458/647/1821 3459/648/1821
f 3456/645/1820 3459/648/1821 3457/646/1820
f 3458/647/1821 3460/649/1142 3461/650/1142
f 3458/647/1821 3461/650/1142 3459/648/1821
f 3460/649/1142 3462/651/1822 3463/652/1822
f 3460/649/1142 3463/652/1822 3461/650/1142
f 3462/651/1822 3464/653/1823 3465/654/1823
f 3462/651/1822 3465/654/1823 3463/652/1822
f 3464/653/1823 3466/655/1824 3467/656/1824
f 3464/653/1823 3467/656/1824 3465/654/1823
f 3466/655/1824 3468/657/1825 3469/658/1825
f 3466/655/1824 3469/658/1825 3467/656/1824
f 3468/657/1825 3470/139/1194 3471/207/1194
f 3468/657/1825 3471/207/1194 3469/658/1825
f 3470/139/1194 3472/144/1826 3473/208/1826
f 3470/139/1194 3473/208/1826 3471/207/1194
f 3474/178/1827 3475/209/1828 3476/210/1828
f 3474/178/1827 3476/210/1828 3477/195/1827
f 3475/209/1828 3478/211/1829 3479/212/1829
f 3475/209/1828 3479/212/1829 3476/210/1828
f 3478/211/1829 3480/213/1830 3481/214/1831
f 3478/211/1829 3481/214/1831 3479/212/1829
f 3480/213/1830 3482/5/1832 3483/215/1832
f 3480/213/1830 3483/215/1832 3481/214/1831
f 3482/5/1832 3484/216/1833 3485/217/1833
f 3482/5/1832 3485/217/1833 3483/215/1832
f 3484/216/1833 3486/115/1834 3487/116/1834
f 3484/216/1833 3487/116/1834 3485/217/1833
f 3486/115/1834 3488/218/1835 3489/219/1835
f 3486/115/1834 3489/219/1835 3487/116/1834
f 3488/218/1835 3490/220/1836 3491/221/1836
f 3488/218/1835 3491/221/1836 3489/219/1835
f 3492/659/1837 3493/660/1838 3494/661/1839
f 3493/660/1838 3492/659/1837 3495/444/1840
f 3493/660/1838 3495/444/1840 3496/662/1841
f 3497/341/1842 3498/499/1843 3499/500/1843
f 3498/499/1843 3497/341/1842 3500/524/1844
f 3501/497/1845 3502/523/1207 3503/389/1838
f 3502/523/1207 3501/497/1845 3504/498/1845
f 3502/523/1207 3504/498/1845 3498/499/1843
f 3502/523/1207 3498/499/1843 3500/524/1844
f 3505/356/1846 3506/413/1841 3507/424/1847
f 3506/413/1841 3505/356/1846 3508/435/1848
f 3506/413/1841 3508/435/1848 3509/460/1849
f 3510/663/1850 2647/411/1250 3511/664/1851
f 2647/411/1250 3510/663/1850 2450/327/1142
f 2450/327/1142 3510/663/1850 3512/665/1851
f 2450/327/1142 3512/665/1851 2451/328/1143
f 2612/392/1220 3513/666/1852 3514/667/1852
f 3513/666/1852 2612/392/1220 2611/391/1219
f 3513/666/1852 2611/391/1219 3515/668/1853
f 3516/669/1854 3517/670/1854 3518/660/1854
f 3517/670/1854 3516/669/1854 3519/671/1854
f 3518/660/1854 3517/670/1854 3520/672/1854
f 3517/670/1854 3519/671/1854 3521/673/1854
f 3521/673/1854 3519/671/1854 3522/674/1854
f 3522/674/1854 3519/671/1854 3523/675/1854
f 3524/676/1855 2592/347/1205 2591/353/1204
f 2592/347/1205 3524/676/1855 3525/677/1856
f 2592/347/1205 3525/677/1856 2718/462/1290
f 2718/462/1290 3525/677/1856 3526/678/1857
f 2718/462/1290 3526/678/1857 3527/679/1857
f 2718/462/1290 3527/679/1857 2719/463/1290
f 3528/680/1858 2642/408/1245 3529/681/1859
f 2642/408/1245 3528/680/1858 2643/409/1246
f 2643/409/1246 3528/680/1858 3530/682/1858
f 3531/675/1842 3532/683/1860 3533/684/1861
f 3532/683/1860 3531/675/1842 3534/424/1862
f 3534/424/1862 3531/675/1842 3535/671/1863
f 3509/460/1849 2637/403/1240 3506/413/1841
f 2637/403/1240 3509/460/1849 3536/459/1864
f 2637/403/1240 3536/459/1864 2638/404/1241
f 3537/685/1863 3538/353/1865 3539/444/1866
f 3538/353/1865 3537/685/1863 3540/686/1867
f 3540/686/1867 3537/685/1863 3541/687/1868
f 2452/329/1144 2461/338/1149 2450/327/1142
f 2461/338/1149 2452/329/1144 2462/339/1150
f 2462/339/1150 2452/329/1144 3542/462/1869
f 3542/462/1869 2452/329/1144 3543/688/1869
f 2714/460/1288 3544/689/1870 2715/461/1288
f 3544/689/1870 2714/460/1288 3545/690/1871
f 3545/690/1871 2714/460/1288 2677/435/1275
f 3545/690/1871 2677/435/1275 3546/691/1872
f 3546/691/1872 2677/435/1275 2679/437/1278
f 2715/461/1288 3547/692/1873 2702/451/1284
f 3547/692/1873 2715/461/1288 3548/693/1874
f 3548/693/1874 2715/461/1288 3544/689/1870
f 2702/451/1284 3547/692/1873 3549/694/1875
f 2702/451/1284 3549/694/1875 2703/452/1285
f 2663/422/1264 3541/687/1868 3537/685/1863
f 3541/687/1868 2663/422/1264 3550/695/1876
f 3550/695/1876 2663/422/1264 2662/421/1263
s 0
f 2448/325/1141 3551/509/1141 3552/510/1141
f 3551/509/1141 2448/325/1141 3553/508/1141
f 3553/508/1141 2448/325/1141 2447/324/1141
f 2698/448/1194 3554/696/1194 3555/697/1194
f 3554/696/1194 2698/448/1194 3556/698/1194
f 3556/698/1194 2698/448/1194 2697/447/1194
f 3557/512/1141 2448/325/1141 3558/511/1141
f 2448/325/1141 3557/512/1141 2449/326/1141
f 2449/326/1141 3557/512/1141 3559/513/1141
f 3560/483/1141 3561/482/1141 3562/484/1141
f 3561/482/1141 3560/483/1141 3563/481/1141
f 3563/481/1141 3560/483/1141 3564/480/1141
f 3565/699/1198 3566/700/1198 3567/701/1198
f 3566/700/1198 3565/699/1198 2707/455/1198
f 2707/455/1198 3565/699/1198 2704/453/1198
s 1
f 2457/334/1141 3568/515/1141 2458/335/1141
s 0
f 3568/515/1141 2457/334/1141 3569/514/1141
f 3569/514/1141 2457/334/1141 3570/463/1141
s 1
f 3571/517/1141 2458/335/1141 3572/516/1141
s 0
f 2458/335/1141 3571/517/1141 3573/474/1141
f 2458/335/1141 3573/474/1141 2459/336/1141
f 3574/702/1194 2720/464/1194 2721/465/1194
f 2720/464/1194 3574/702/1194 3575/703/1194
f 3575/703/1194 3574/702/1194 3576/704/1194
s 1
f 3577/705/1198 2727/470/1198 2726/469/1198
s 0
f 2727/470/1198 3577/705/1198 3578/706/1198
f 3578/706/1198 3577/705/1198 3579/707/1198
f 3580/492/1141 3581/487/1141 3582/491/1141
f 3581/487/1141 3580/492/1141 3583/489/1141
f 3583/489/1141 3580/492/1141 3584/490/1141
s 1
f 2658/418/1260 3585/708/1877 2659/419/1261
f 3585/708/1877 2658/418/1260 3586/709/1878
f 3586/709/1878 2658/418/1260 3587/710/1878
f 3587/710/1878 2674/432/1273 3588/711/1878
f 2674/432/1273 3587/710/1878 2658/418/1260
f 2674/432/1273 2658/418/1260 2675/433/1274
f 2461/338/1149 3589/712/1142 2648/412/1251
f 3589/712/1142 2461/338/1149 3590/713/1142
f 3590/713/1142 2461/338/1149 3591/475/1142
f 3591/475/1142 2461/338/1149 2460/337/1142
s 0
f 3583/489/1141 3592/486/1141 3581/487/1141
s 1
f 3592/486/1879 3583/489/1879 3593/488/1879
s 0
f 3581/487/1141 3560/483/1141 3562/484/1141
f 3560/483/1141 3581/487/1141 3592/486/1141
s 1
f 3594/714/1141 3595/715/1880 3596/196/1141
f 2671/429/1270 3595/715/1880 2672/430/1271
f 3595/715/1880 2671/429/1270 3596/196/1141
f 2672/430/1271 3595/715/1880 3597/716/1880
f 2672/430/1271 3597/716/1880 3598/170/1881
f 3598/170/1881 3597/716/1880 3599/717/1881
f 2739/220/1300 3600/718/1882 3596/196/1141
f 3600/718/1882 2739/220/1300 2738/178/1299
f 3600/718/1882 2738/178/1299 3601/719/1882
f 3601/719/1882 2738/178/1299 3598/170/1881
f 3601/719/1882 3598/170/1881 3599/717/1881
f 3594/714/1141 3596/196/1141 3600/718/1882
f 3602/492/1305 3603/720/1883 3604/490/1884
f 3603/720/1883 3602/492/1305 2741/475/1301
f 2741/475/1301 3602/492/1305 3605/713/1305
f 3606/517/1885 2741/475/1301 2740/474/1301
f 2741/475/1301 3606/517/1885 3607/721/1885
f 2741/475/1301 3607/721/1885 3603/720/1883
s 0
f 2458/335/1141 3608/520/1141 3572/516/1141
s 1
f 3608/520/1141 2458/335/1141 3609/521/1141
s 0
f 3608/520/1141 3609/521/1141 3610/519/1141
f 3610/519/1141 3609/521/1141 3611/518/1141
f 3611/518/1141 3609/521/1141 3552/510/1141
f 3609/521/1141 2458/335/1141 3568/515/1141
f 3552/510/1141 3612/522/1141 2448/325/1141
f 3612/522/1141 3552/510/1141 3609/521/1141
f 2448/325/1141 3612/522/1141 3558/511/1141
f 3613/482/1142 3614/483/1142 3615/484/1142
f 3614/483/1142 3613/482/1142 3616/481/1142
f 3614/483/1142 3616/481/1142 3617/480/1142
s 1
f 2751/482/1311 3618/722/1886 3619/723/1887
f 3618/722/1886 2751/482/1311 3620/724/1888
f 3621/484/1141 3620/724/1888 2751/482/1311
f 3620/724/1888 3621/484/1141 3622/483/1141
s 0
f 3623/489/1142 3624/491/1142 3625/487/1142
f 3624/491/1142 3623/489/1142 3626/492/1142
f 3626/492/1142 3623/489/1142 3627/490/1142
s 1
f 3622/483/1141 3628/725/1889 3620/724/1888
f 3628/725/1889 3622/483/1141 3619/723/1887
f 3619/723/1887 2748/481/1308 2751/482/1311
f 2748/481/1308 3619/723/1887 2749/480/1309
f 2749/480/1309 3619/723/1887 3622/483/1141
f 3629/726/1890 3630/487/1141 2771/491/1315
f 3630/487/1141 3629/726/1890 3631/727/1891
f 3630/487/1141 3631/727/1891 3632/489/1141
f 3632/489/1141 3631/727/1891 3633/728/1892
s 0
f 3632/489/1141 3621/484/1141 3630/487/1141
f 3621/484/1141 3632/489/1141 3622/483/1141
f 3614/483/1142 3625/487/1142 3615/484/1142
f 3625/487/1142 3614/483/1142 3634/486/1142
f 3625/487/1142 3634/486/1142 3623/489/1142
s 1
f 3623/489/1142 3634/486/1142 3635/488/1142
f 2775/492/1319 3629/726/1890 2771/491/1315
f 3629/726/1890 2775/492/1319 3636/729/1893
f 3636/729/1893 2775/492/1319 2774/490/1318
f 3636/729/1893 2774/490/1318 3633/728/1892
f 3633/728/1892 2774/490/1318 3632/489/1141
f 3637/325/1894 2811/509/1351 3638/510/1141
f 2811/509/1351 3637/325/1894 2808/508/1348
f 2808/508/1348 3637/325/1894 3639/324/1141
f 3640/512/1895 3637/325/1894 3641/511/1896
f 3637/325/1894 3640/512/1895 3642/326/1161
f 3642/326/1161 3640/512/1895 3643/513/1897
f 2467/334/1154 3644/515/1898 2468/335/1155
f 3644/515/1898 2467/334/1154 3645/514/1899
f 3645/514/1899 2467/334/1154 3646/463/1900
f 2840/474/1368 3647/516/1141 2841/517/1369
f 3647/516/1141 2840/474/1368 2468/335/1155
f 2468/335/1155 2840/474/1368 2469/336/1141
f 2468/335/1155 3648/520/1141 3647/516/1141
f 3648/520/1141 2468/335/1155 3649/521/1141
s 0
f 3648/520/1141 3649/521/1141 3650/519/1141
f 3650/519/1141 3649/521/1141 3651/518/1141
f 3651/518/1141 3649/521/1141 3638/510/1141
s 1
f 3649/521/1141 2468/335/1155 3644/515/1898
f 3638/510/1141 3652/522/1141 3637/325/1894
s 0
f 3652/522/1141 3638/510/1141 3649/521/1141
s 1
f 3637/325/1894 3652/522/1141 3641/511/1896
s 0
f 3653/508/1142 3654/510/1142 3655/509/1142
s 1
f 3654/510/1142 3653/508/1142 3656/325/1158
f 3656/325/1158 3653/508/1142 3657/324/1142
f 3658/326/1159 3659/511/1901 3656/325/1158
f 3659/511/1901 3658/326/1159 3660/512/1902
f 3660/512/1902 3658/326/1159 3661/513/1903
f 3662/514/1904 2472/335/1157 3663/515/1905
f 2472/335/1157 3662/514/1904 2470/334/1156
f 2470/334/1156 3662/514/1904 3664/463/1906
f 2472/335/1157 3665/517/1142 3666/516/1142
f 3665/517/1142 2472/335/1157 3667/474/1142
f 3667/474/1142 2472/335/1157 2471/336/1142
f 3656/325/1158 3668/518/1142 3654/510/1142
f 3668/518/1142 3656/325/1158 3669/522/1142
s 0
f 3668/518/1142 3669/522/1142 3670/519/1142
f 3670/519/1142 3669/522/1142 3671/520/1142
f 3671/520/1142 3669/522/1142 3666/516/1142
s 1
f 3669/522/1142 3656/325/1158 3659/511/1901
f 3666/516/1142 3672/521/1142 2472/335/1157
s 0
f 3672/521/1142 3666/516/1142 3669/522/1142
s 1
f 2472/335/1157 3672/521/1142 3663/515/1905
f 3673/496/1907 3674/497/1908 3675/389/1909
f 3674/497/1908 3673/496/1907 3676/498/1910
f 3676/498/1910 3673/496/1907 3677/523/1911
f 3676/498/1910 3677/523/1911 3678/499/1910
f 3678/499/1910 3677/523/1911 3679/524/1912
f 3679/524/1912 3677/523/1911 3680/730/1913
f 3680/730/1913 3677/523/1911 3681/506/1914
f 3678/499/1910 3682/341/1915 3683/500/1916
f 3682/341/1915 3678/499/1910 3684/501/1910
f 3684/501/1910 3678/499/1910 3679/524/1912
f 3685/503/1917 3686/499/1918 3687/500/1899
f 3686/499/1918 3685/503/1917 3688/502/1918
f 3686/499/1918 3688/502/1918 3689/524/1919
f 3690/497/1920 3691/495/1918 3692/389/1921
f 3691/495/1918 3690/497/1920 3693/498/1918
f 3691/495/1918 3693/498/1918 3694/523/1922
f 3694/523/1922 3693/498/1918 3686/499/1918
f 3694/523/1922 3686/499/1918 3689/524/1919
f 3694/523/1922 3689/524/1919 3695/504/1918
f 3694/523/1922 3695/504/1918 3696/507/1918
s 0
f 3697/78/56 3698/77/56 3699/226/56
f 3698/77/56 3697/78/56 3700/228/56
f 3698/77/56 3700/228/56 3701/225/56
f 3701/225/56 3700/228/56 3702/75/56
f 3701/225/56 3702/75/56 3703/76/56
f 3703/76/56 3702/75/56 3704/224/56
f 3705/77/57 3706/78/57 3707/227/57
f 3706/78/57 3705/77/57 3708/228/57
f 3708/228/57 3705/77/57 3709/225/57
f 3708/228/57 3709/225/57 3710/76/57
f 3708/228/57 3710/76/57 3711/75/57
f 3711/75/57 3710/76/57 3712/224/57
s 1
f 3713/555/1923 3028/568/1525 3714/571/1924
f 3028/568/1525 3713/555/1923 3029/578/1526
f 3029/578/1526 3713/555/1923 3715/554/1925
f 3716/562/1926 3024/574/1521 3027/577/1524
f 3024/574/1521 3716/562/1926 3713/555/1923
f 3713/555/1923 3714/571/1924 3024/574/1521
s 0
f 3717/347/57 3718/196/57 3719/196/57
f 3718/196/57 3717/347/57 3720/589/57
f 3720/589/57 3717/347/57 3721/347/57
f 3719/196/57 3722/46/57 3723/46/57
f 3722/46/57 3719/196/57 3724/590/57
f 3724/590/57 3719/196/57 3718/196/57
f 3725/589/56 3726/196/56 3727/196/56
f 3726/196/56 3725/589/56 3728/347/56
f 3728/347/56 3725/589/56 3729/347/56
f 3730/46/56 3726/196/56 3731/46/56
f 3726/196/56 3730/46/56 3732/590/56
f 3726/196/56 3732/590/56 3727/196/56
s 1
f 3188/598/1636 3733/731/1927 3189/87/1637
f 3733/731/1927 3188/598/1636 2481/347/1164
f 2481/347/1164 3188/598/1636 2479/345/1162
f 3221/605/1668 3339/625/1755 3338/624/1754
f 3339/625/1755 3221/605/1668 3220/604/1667
f 3339/625/1755 3220/604/1667 3332/95/1928
f 2490/350/1174 3226/610/1673 2491/351/1175
f 3226/610/1673 2490/350/1174 3227/611/1674
f 3227/611/1674 2490/350/1174 3734/75/1929
f 3273/347/1716 3735/196/57 3270/196/1713
f 3735/196/57 3273/347/1716 3736/589/57
f 3736/589/57 3273/347/1716 3737/347/57
f 3738/353/1930 3739/170/1931 3740/634/1930
f 3739/170/1931 3738/353/1930 3348/170/1763
f 3348/170/1763 3738/353/1930 3349/353/1764
f 3270/196/1713 3741/46/57 3314/46/1716
f 3741/46/57 3270/196/1713 3742/590/57
f 3742/590/57 3270/196/1713 3735/196/57
f 3348/170/1763 3743/633/1932 3739/170/1931
f 3743/633/1932 3348/170/1763 3744/38/1933
f 3744/38/1933 3348/170/1763 3351/38/1766
f 2510/367/1192 3745/732/1934 3746/97/1934
f 3745/732/1934 2510/367/1192 2503/360/1187
f 2503/360/1187 2510/367/1192 2509/366/1188
f 2503/360/1187 2509/366/1188 2504/361/1188
f 2501/358/1185 3414/638/1802 3413/637/1802
f 3414/638/1802 2501/358/1185 2506/363/1185
f 2506/363/1185 2501/358/1185 2500/357/1184
f 2506/363/1185 2500/357/1184 2507/364/1190
f 3747/358/1935 3748/732/1936 3749/360/1935
f 3748/732/1936 3747/358/1935 3750/637/1937
f 3748/732/1936 3750/637/1937 3751/95/1935
f 3752/636/1938 3753/639/1939 3754/640/1939
f 3753/639/1939 3752/636/1938 3755/733/1940
f 3755/733/1940 3752/636/1938 3756/75/1941
f 3757/347/1942 3758/734/1943 3759/735/1943
f 3758/734/1943 3757/347/1942 3760/46/1942
f 3760/46/1942 3757/347/1942 3761/347/1942
f 3760/46/1942 3761/347/1942 3762/46/1942
f 2499/356/1944 3763/736/1184 3764/737/1184
f 3763/736/1184 2499/356/1944 3765/353/1944
f 3765/353/1944 2499/356/1944 3766/635/1945
f 3765/353/1944 3766/635/1945 3767/353/1944
usemtl lambert1
f 3768/31/1946 3769/59/1947 3770/3/1
f 3771/60/1948 3768/31/1946 3770/3/1
f 3772/4/1949 3771/60/1948 3770/3/1
f 3773/61/1950 3772/4/1949 3770/3/1
f 3774/5/1951 3773/61/1950 3770/3/1
f 3775/62/1952 3774/5/1951 3770/3/1
f 3776/17/1953 3775/62/1952 3770/3/1
f 3769/59/1947 3776/17/1953 3770/3/1
f 3777/63/1954 3778/43/1955 3779/50/7
f 3778/43/1955 3780/64/1956 3779/50/7
f 3780/64/1956 3781/14/1957 3779/50/7
f 3781/14/1957 3782/65/1958 3779/50/7
f 3782/65/1958 3783/15/1959 3779/50/7
f 3783/15/1959 3784/66/1960 3779/50/7
f 3784/66/1960 3785/42/1961 3779/50/7
f 3785/42/1961 3777/63/1954 3779/50/7
f 3786/31/1946 3787/59/1947 3788/3/1
f 3789/60/1948 3786/31/1946 3788/3/1
f 3790/4/1962 3789/60/1948 3788/3/1
f 3791/61/1950 3790/4/1962 3788/3/1
f 3792/5/1951 3791/61/1950 3788/3/1
f 3793/62/1952 3792/5/1951 3788/3/1
f 3794/17/1953 3793/62/1952 3788/3/1
f 3787/59/1947 3794/17/1953 3788/3/1
f 3795/63/1954 3796/43/1955 3797/50/7
f 3796/43/1955 3798/64/1956 3797/50/7
f 3798/64/1956 3799/14/1957 3797/50/7
f 3799/14/1957 3800/65/1958 3797/50/7
f 3800/65/1958 3801/15/1959 3797/50/7
f 3801/15/1959 3802/66/1960 3797/50/7
f 3802/66/1960 3803/42/1961 3797/50/7
f 3803/42/1961 3795/63/1954 3797/50/7
f 3804/178/1963 3805/209/1964 3806/210/1965
f 3804/178/1963 3806/210/1965 3807/195/1966
f 3805/209/1964 3808/211/1967 3809/212/1968
f 3805/209/1964 3809/212/1968 3806/210/1965
f 3808/211/1967 3810/213/1969 3811/214/1970
f 3808/211/1967 3811/214/1970 3809/212/1968
f 3810/213/1969 3812/5/1971 3813/215/1972
f 3810/213/1969 3813/215/1972 3811/214/1970
f 3812/5/1971 3814/216/1973 3815/217/1974
f 3812/5/1971 3815/217/1974 3813/215/1972
f 3814/216/1973 3816/115/1975 3817/116/1976
f 3814/216/1973 3817/116/1976 3815/217/1974
f 3816/115/1975 3818/218/1977 3819/219/1978
f 3816/115/1975 3819/219/1978 3817/116/1976
f 3818/218/1977 3820/220/1979 3821/221/1954
f 3818/218/1977 3821/221/1954 3819/219/1978
s 0
f 3822/738/1 3823/739/1 3824/347/1
f 3822/738/1 3824/347/1 3825/353/1
f 3826/38/1141 3827/353/1141 3828/347/1141
s 1
f 3826/38/1141 3828/347/1141 3829/46/1141
s 0
f 3830/740/7 3831/741/7 3832/38/7
f 3830/740/7 3832/38/7 3833/46/7
s 1
f 3834/742/1980 3835/743/1886 3836/347/1981
f 3834/742/1980 3836/347/1981 3837/353/1982
f 3838/744/1983 3839/745/1887 3840/450/1984
f 3838/744/1983 3840/450/1984 3841/38/1985
f 3841/38/1985 3837/353/1982 3836/347/1981
f 3841/38/1985 3836/347/1981 3842/46/1986
f 3843/746/1886 3844/747/1987 3842/46/1986
f 3843/746/1886 3842/46/1986 3845/457/1981
f 3844/747/1987 3838/744/1983 3841/38/1985
f 3844/747/1987 3841/38/1985 3842/46/1986
f 3846/742/1988 3847/743/1989 3848/347/1981
f 3846/742/1988 3848/347/1981 3849/353/1982
f 3850/744/1990 3851/745/1892 3852/450/1984
f 3850/744/1990 3852/450/1984 3853/38/1985
f 3853/38/1985 3849/353/1982 3848/347/1981
f 3853/38/1985 3848/347/1981 3854/46/1991
f 3855/746/1992 3856/748/1993 3854/46/1991
f 3855/746/1992 3854/46/1991 3857/457/1981
f 3856/748/1993 3850/744/1990 3853/38/1985
f 3856/748/1993 3853/38/1985 3854/46/1991
f 3858/178/1963 3859/209/1964 3860/210/1965
f 3858/178/1963 3860/210/1965 3861/195/1966
f 3859/209/1964 3862/211/1967 3863/212/1968
f 3859/209/1964 3863/212/1968 3860/210/1965
f 3862/211/1967 3864/213/1969 3865/214/1970
f 3862/211/1967 3865/214/1970 3863/212/1968
f 3864/213/1969 3866/5/1971 3867/215/1972
f 3864/213/1969 3867/215/1972 3865/214/1970
f 3866/5/1971 3868/216/1973 3869/217/1974
f 3866/5/1971 3869/217/1974 3867/215/1972
f 3868/216/1973 3870/115/1975 3871/116/1976
f 3868/216/1973 3871/116/1976 3869/217/1974
f 3870/115/1975 3872/218/1977 3873/219/1978
f 3870/115/1975 3873/219/1978 3871/116/1976
f 3872/218/1977 3874/220/1979 3875/221/1954
f 3872/218/1977 3875/221/1954 3873/219/1978
f 3876/749/1994 3877/580/1995 3878/566/1996
f 3876/749/1994 3878/566/1996 3879/567/1997
f 3880/558/1998 3881/588/1998 3882/750/1453
f 3880/558/1998 3882/750/1453 3883/559/1453
f 3884/43/1999 3877/580/1995 3876/749/1994
f 3884/43/1999 3876/749/1994 3885/77/2000
s 0
f 3890/38/1194 3888/751/1194 3889/450/1194
s 1
f 3888/751/1194 3890/38/1194 3887/752/1194
s 0
f 3887/752/1194 3890/38/1194 3886/741/1194
f 3892/753/1198 3895/457/1198 3891/754/1198
f 3895/457/1198 3892/753/1198 3894/46/1198
f 3894/46/1198 3892/753/1198 3893/740/1198
s 1
usemtl metall
f 3896/755/2001 3897/340/1323 3898/3/57
f 3899/4/2002 3896/755/2001 3898/3/57
f 3900/1/2003 3899/4/2002 3898/3/57
f 3901/9/1152 3900/1/2003 3898/3/57
f 3902/44/1324 3903/36/2004 3904/50/56
f 3903/36/2004 3905/14/2005 3904/50/56
f 3905/14/2005 3906/756/2006 3904/50/56
f 3906/756/2006 3907/757/2007 3904/50/56
f 3907/757/2007 3908/42/2008 3904/50/56
f 3908/42/2008 3902/44/1324 3904/50/56
f 3909/178/1323 3910/131/2001 3911/130/2009
f 3909/178/1323 3911/130/2009 3912/195/1324
f 3910/131/2001 3913/758/2010 3914/759/2011
f 3910/131/2001 3914/759/2011 3911/130/2009
f 3913/758/2010 3915/760/2012 3916/761/2006
f 3913/758/2010 3916/761/2006 3914/759/2011
f 3915/760/2012 3917/493/1152 3918/494/1322
f 3915/760/2012 3918/494/1322 3916/761/2006
usemtl glass
f 3919/225/2013 3920/762/2014 3921/224/2015
f 3919/225/2013 3921/224/2015 3922/76/2016
f 3923/224/2017 3924/224/2018 3925/76/2019
f 3923/224/2017 3925/76/2019 3926/76/2020
f 3927/76/2021 3928/225/2022 3919/225/2013
f 3927/76/2021 3919/225/2013 3922/76/2016
f 3929/77/2023 3930/226/2024 3931/227/2025
f 3929/77/2023 3931/227/2025 3932/77/2026
f 3933/228/2027 3934/228/2028 3935/75/2029
f 3933/228/2027 3935/75/2029 3936/75/2030
f 3924/224/2018 3937/224/2031 3938/76/2032
f 3924/224/2018 3938/76/2032 3925/76/2019
f 3939/76/2033 3940/225/2034 3928/225/2022
f 3939/76/2033 3928/225/2022 3927/76/2021
f 3941/77/2035 3942/226/2036 3930/226/2024
f 3941/77/2035 3930/226/2024 3929/77/2023
f 3934/228/2028 3943/228/2037 3944/75/2038
f 3934/228/2028 3944/75/2038 3935/75/2029
f 3937/224/2031 3945/224/2039 3946/76/2040
f 3937/224/2031 3946/76/2040 3938/76/2032
f 3947/76/1660 3948/225/1659 3940/225/2034
f 3947/76/1660 3940/225/2034 3939/76/2033
f 3949/77/2041 3950/227/2042 3942/226/2036
f 3949/77/2041 3942/226/2036 3941/77/2035
f 3943/228/2037 3951/228/1640 3952/75/2043
f 3943/228/2037 3952/75/2043 3944/75/2038
f 3942/226/2036 3950/227/2042 3953/78/2044
f 3942/226/2036 3953/78/2044 3954/78/2045
f 3930/226/2024 3942/226/2036 3954/78/2045
f 3930/226/2024 3954/78/2045 3955/78/2046
f 3931/227/2025 3930/226/2024 3955/78/2046
f 3931/227/2025 3955/78/2046 3956/78/2047
f 3957/75/2048 3921/224/2015 3920/762/2014
f 3957/75/2048 3920/762/2014 3958/228/2049
f 3935/75/2029 3924/224/2018 3923/224/2017
f 3935/75/2029 3923/224/2017 3936/75/2030
f 3944/75/2038 3937/224/2031 3924/224/2018
f 3944/75/2038 3924/224/2018 3935/75/2029
f 3952/75/2043 3945/224/2039 3937/224/2031
f 3952/75/2043 3937/224/2031 3944/75/2038
f 3940/225/2034 3948/225/1659 3959/77/1661
f 3940/225/2034 3959/77/1661 3960/77/2050
f 3928/225/2022 3940/225/2034 3960/77/2050
f 3928/225/2022 3960/77/2050 3961/77/2051
f 3919/225/2013 3928/225/2022 3961/77/2051
f 3919/225/2013 3961/77/2051 3962/77/2052
f 3963/227/2053 3920/762/2014 3919/225/2013
f 3963/227/2053 3919/225/2013 3962/77/2052
f 3958/228/2049 3920/762/2014 3963/227/2053
f 3958/228/2049 3963/227/2053 3964/78/2054
f 3955/78/2046 3934/228/2028 3933/228/2027
f 3955/78/2046 3933/228/2027 3956/78/2047
f 3954/78/2045 3943/228/2037 3934/228/2028
f 3954/78/2045 3934/228/2028 3955/78/2046
f 3953/78/2044 3951/228/1640 3943/228/2037
f 3953/78/2044 3943/228/2037 3954/78/2045
