# Blender 4.5.13 LTS
# www.blender.org
mtllib vacuum_4k.mtl
o VacuumCleaner01_VacuumCleaner_0
v -0.020530 -0.078830 -0.383689
v -0.022212 -0.075917 -0.383493
v -0.022191 -0.078830 -0.383689
v -0.019700 -0.077391 -0.383689
v -0.020530 -0.075953 -0.383689
v -0.023021 -0.077391 -0.383689
v -0.022191 -0.078830 -0.406685
v -0.022216 -0.075910 -0.406899
v -0.020530 -0.078830 -0.406685
v -0.019700 -0.077391 -0.406685
v -0.020530 -0.075953 -0.406685
v -0.023021 -0.077391 -0.406685
v -0.018233 -0.063081 -0.384736
v -0.022174 -0.085448 -0.384736
v -0.018233 -0.079561 -0.384736
v -0.024745 -0.064583 -0.385909
v -0.020996 -0.073650 -0.385909
v -0.023531 -0.074398 -0.385909
v -0.024745 -0.064583 -0.404450
v -0.023531 -0.074398 -0.404450
v -0.020996 -0.073650 -0.404450
v -0.020869 -0.063081 -0.385909
v -0.023238 -0.063081 -0.385909
v -0.020869 -0.063081 -0.404450
v -0.023238 -0.063081 -0.404450
v -0.018233 -0.079561 -0.405722
v -0.022432 -0.085448 -0.405722
v -0.018233 -0.063081 -0.405722
v -0.018129 -0.010370 -0.384887
v -0.022861 -0.028104 -0.384887
v -0.018129 -0.022217 -0.384887
v -0.027554 -0.011873 -0.386059
v -0.022309 -0.024554 -0.386059
v -0.024089 -0.026830 -0.386059
v -0.027554 -0.011873 -0.404450
v -0.024089 -0.026830 -0.404450
v -0.022309 -0.024554 -0.404450
v -0.021944 -0.010370 -0.386059
v -0.025373 -0.010370 -0.386059
v -0.021944 -0.010370 -0.404450
v -0.025373 -0.010370 -0.404450
v -0.018129 -0.022217 -0.405722
v -0.023234 -0.028104 -0.405722
v -0.018129 -0.010370 -0.405722
v -0.022605 -0.023036 -0.383279
v -0.024108 -0.023036 -0.383279
v -0.021853 -0.021735 -0.383279
v -0.022605 -0.020433 -0.383279
v -0.024108 -0.020433 -0.383279
v -0.024860 -0.021735 -0.383279
v -0.024108 -0.023036 -0.407297
v -0.022605 -0.023036 -0.407297
v -0.021853 -0.021735 -0.407297
v -0.022605 -0.020433 -0.407297
v -0.024108 -0.020433 -0.407297
v -0.024860 -0.021735 -0.407297
v 0.180665 -0.078830 -0.383689
v 0.182325 -0.078830 -0.383689
v 0.182346 -0.075917 -0.383493
v 0.179834 -0.077391 -0.383689
v 0.180665 -0.075953 -0.383689
v 0.183156 -0.077391 -0.383689
v 0.182325 -0.078830 -0.406685
v 0.180665 -0.078830 -0.406685
v 0.182350 -0.075910 -0.406899
v 0.179834 -0.077391 -0.406685
v 0.180665 -0.075953 -0.406685
v 0.183156 -0.077391 -0.406685
v 0.178367 -0.063081 -0.384736
v 0.178367 -0.079561 -0.384736
v 0.182309 -0.085448 -0.384736
v 0.184880 -0.064583 -0.385909
v 0.183666 -0.074398 -0.385909
v 0.181130 -0.073650 -0.385909
v 0.184880 -0.064583 -0.404450
v 0.181130 -0.073650 -0.404450
v 0.183666 -0.074398 -0.404450
v 0.181003 -0.063081 -0.385909
v 0.183372 -0.063081 -0.385909
v 0.181003 -0.063081 -0.404450
v 0.183372 -0.063081 -0.404450
v 0.178367 -0.079561 -0.405722
v 0.178367 -0.063081 -0.405722
v 0.182567 -0.085448 -0.405722
v 0.178264 -0.010370 -0.384887
v 0.178264 -0.022217 -0.384887
v 0.182995 -0.028104 -0.384887
v 0.187689 -0.011873 -0.386059
v 0.184224 -0.026830 -0.386059
v 0.182444 -0.024554 -0.386059
v 0.187689 -0.011873 -0.404450
v 0.182444 -0.024554 -0.404450
v 0.184224 -0.026830 -0.404450
v 0.182078 -0.010370 -0.386059
v 0.185507 -0.010370 -0.386059
v 0.182078 -0.010370 -0.404450
v 0.185507 -0.010370 -0.404450
v 0.178264 -0.022217 -0.405722
v 0.178264 -0.010370 -0.405722
v 0.183368 -0.028104 -0.405722
v 0.182739 -0.023036 -0.383279
v 0.184242 -0.023036 -0.383279
v 0.181988 -0.021735 -0.383279
v 0.182739 -0.020433 -0.383279
v 0.184242 -0.020433 -0.383279
v 0.184994 -0.021735 -0.383279
v 0.184242 -0.023036 -0.407297
v 0.182739 -0.023036 -0.407297
v 0.181988 -0.021735 -0.407297
v 0.182739 -0.020433 -0.407297
v 0.184242 -0.020433 -0.407297
v 0.184994 -0.021735 -0.407297
v 0.010929 -0.216973 -0.301496
v 0.009547 -0.216960 -0.299458
v 0.013347 -0.217000 -0.301959
v 0.015387 -0.217026 -0.300577
v 0.015852 -0.217035 -0.298158
v 0.014470 -0.217021 -0.296120
v 0.012051 -0.216994 -0.295657
v 0.010012 -0.216969 -0.297039
v 0.077081 0.088021 -0.473084
v 0.080394 0.088931 -0.473118
v 0.080113 0.083446 -0.473953
v 0.076908 0.084631 -0.473600
v 0.082267 0.086104 -0.473655
v 0.156565 -0.047361 -0.471808
v 0.148091 -0.047361 -0.463334
v 0.173763 -0.047361 -0.449396
v 0.134153 -0.047361 -0.489006
v 0.080045 -0.047361 -0.503504
v 0.080045 -0.047361 -0.491520
v 0.108053 -0.047361 -0.499817
v 0.052037 -0.047361 -0.499817
v 0.003525 -0.047361 -0.471808
v 0.011999 -0.047361 -0.463334
v 0.025937 -0.047361 -0.489006
v -0.013673 -0.047361 -0.449396
v -0.028171 -0.047361 -0.395288
v -0.016187 -0.047361 -0.395288
v -0.024484 -0.047361 -0.423296
v -0.024484 -0.047361 -0.367280
v 0.003525 -0.047361 -0.318768
v 0.011999 -0.047361 -0.327242
v -0.013673 -0.047361 -0.341180
v 0.025937 -0.047361 -0.301570
v 0.080045 -0.047361 -0.287072
v 0.080045 -0.047361 -0.299056
v 0.052037 -0.047361 -0.290759
v 0.108053 -0.047361 -0.290759
v 0.156565 -0.047361 -0.318768
v 0.148091 -0.047361 -0.327242
v 0.134153 -0.047361 -0.301570
v 0.173763 -0.047361 -0.341180
v 0.188261 -0.047361 -0.395288
v 0.176277 -0.047361 -0.395288
v 0.184574 -0.047361 -0.367280
v 0.184574 -0.047361 -0.423296
v 0.173763 -0.049637 -0.449396
v 0.148091 -0.049637 -0.463334
v 0.156565 -0.049637 -0.471808
v 0.134153 -0.049637 -0.489006
v 0.108053 -0.049637 -0.499817
v 0.080045 -0.049637 -0.491520
v 0.080045 -0.049637 -0.503504
v 0.052037 -0.049637 -0.499817
v 0.025937 -0.049637 -0.489006
v 0.011999 -0.049637 -0.463334
v 0.003525 -0.049637 -0.471808
v -0.013673 -0.049637 -0.449396
v -0.024484 -0.049637 -0.423296
v -0.016187 -0.049637 -0.395288
v -0.028171 -0.049637 -0.395288
v -0.024484 -0.049637 -0.367280
v -0.013673 -0.049637 -0.341180
v 0.011999 -0.049637 -0.327242
v 0.003525 -0.049637 -0.318768
v 0.025937 -0.049637 -0.301570
v 0.052037 -0.049637 -0.290759
v 0.080045 -0.049637 -0.299056
v 0.080045 -0.049637 -0.287072
v 0.108053 -0.049637 -0.290759
v 0.134153 -0.049637 -0.301570
v 0.148091 -0.049637 -0.327242
v 0.156565 -0.049637 -0.318768
v 0.173763 -0.049637 -0.341180
v 0.184574 -0.049637 -0.367280
v 0.176277 -0.049637 -0.395288
v 0.188261 -0.049637 -0.395288
v 0.184574 -0.049637 -0.423296
v 0.156565 -0.062335 -0.471808
v 0.173763 -0.062335 -0.449396
v 0.148091 -0.062335 -0.463334
v 0.134153 -0.062335 -0.489006
v 0.080045 -0.062335 -0.503504
v 0.108053 -0.062335 -0.499817
v 0.080045 -0.062335 -0.491520
v 0.052037 -0.062335 -0.499817
v 0.003525 -0.062335 -0.471808
v 0.025937 -0.062335 -0.489006
v 0.011999 -0.062335 -0.463334
v -0.013673 -0.062335 -0.449396
v -0.028171 -0.062335 -0.395288
v -0.024484 -0.062335 -0.423296
v -0.016187 -0.062335 -0.395288
v -0.024484 -0.062335 -0.367280
v 0.003525 -0.062335 -0.318768
v -0.013673 -0.062335 -0.341180
v 0.011999 -0.062335 -0.327242
v 0.025937 -0.062335 -0.301570
v 0.080045 -0.062335 -0.287072
v 0.052037 -0.062335 -0.290759
v 0.080045 -0.062335 -0.299056
v 0.108053 -0.062335 -0.290759
v 0.156565 -0.062335 -0.318768
v 0.134153 -0.062335 -0.301570
v 0.148091 -0.062335 -0.327242
v 0.173763 -0.062335 -0.341180
v 0.188261 -0.062335 -0.395288
v 0.184574 -0.062335 -0.367280
v 0.176277 -0.062335 -0.395288
v 0.184574 -0.062335 -0.423296
v 0.173763 -0.059973 -0.449396
v 0.156565 -0.059973 -0.471808
v 0.148091 -0.059973 -0.463334
v 0.134153 -0.059973 -0.489006
v 0.108053 -0.059973 -0.499817
v 0.080045 -0.059973 -0.503504
v 0.080045 -0.059973 -0.491520
v 0.052037 -0.059973 -0.499817
v 0.025937 -0.059973 -0.489006
v 0.003525 -0.059973 -0.471808
v 0.011999 -0.059973 -0.463334
v -0.013673 -0.059973 -0.449396
v -0.024484 -0.059973 -0.423296
v -0.028171 -0.059973 -0.395288
v -0.016187 -0.059973 -0.395288
v -0.024484 -0.059973 -0.367280
v -0.013673 -0.059973 -0.341180
v 0.003525 -0.059973 -0.318768
v 0.011999 -0.059973 -0.327242
v 0.025937 -0.059973 -0.301570
v 0.052037 -0.059973 -0.290759
v 0.080045 -0.059973 -0.287072
v 0.080045 -0.059973 -0.299056
v 0.108053 -0.059973 -0.290759
v 0.134153 -0.059973 -0.301570
v 0.156565 -0.059973 -0.318768
v 0.148091 -0.059973 -0.327242
v 0.173763 -0.059973 -0.341180
v 0.184574 -0.059973 -0.367280
v 0.188261 -0.059973 -0.395288
v 0.176277 -0.059973 -0.395288
v 0.184574 -0.059973 -0.423296
v 0.090912 -0.112791 -0.500253
v 0.090912 -0.110329 -0.501053
v 0.090912 -0.112791 -0.497664
v 0.090912 -0.110329 -0.496864
v 0.090912 -0.108807 -0.498959
v 0.069281 -0.110329 -0.501053
v 0.069281 -0.112791 -0.500253
v 0.069281 -0.112791 -0.497664
v 0.069281 -0.110329 -0.496864
v 0.069281 -0.108807 -0.498959
v 0.070595 -0.078742 -0.492272
v 0.070595 -0.078742 -0.496321
v 0.089539 -0.128325 -0.492272
v 0.089539 -0.078742 -0.496321
v 0.089539 -0.078742 -0.492272
v 0.070595 -0.128325 -0.492272
v 0.070595 -0.078742 -0.492272
v 0.070595 -0.078742 -0.496321
v 0.089539 -0.078742 -0.492272
v 0.089539 -0.078742 -0.496321
v 0.088072 -0.108321 -0.502315
v 0.088072 -0.102592 -0.496659
v 0.088072 -0.090858 -0.504767
v 0.072292 -0.090858 -0.504767
v 0.072292 -0.102592 -0.496659
v 0.072292 -0.108321 -0.502315
v 0.099140 -0.103990 -0.293009
v 0.093266 -0.096624 -0.293009
v 0.060994 -0.122360 -0.293009
v 0.084778 -0.092536 -0.293009
v 0.075357 -0.092536 -0.293009
v 0.066868 -0.096624 -0.293009
v 0.060994 -0.103990 -0.293009
v 0.058898 -0.113175 -0.293009
v 0.066868 -0.129725 -0.293009
v 0.075357 -0.133813 -0.293009
v 0.084778 -0.133813 -0.293009
v 0.093266 -0.129725 -0.293009
v 0.099140 -0.122360 -0.293009
v 0.101236 -0.113175 -0.293009
v 0.160657 0.080176 -0.401476
v 0.156061 0.080176 -0.407241
v 0.162298 0.080176 -0.394289
v 0.149418 0.080176 -0.410439
v 0.142045 0.080176 -0.410439
v 0.135403 0.080176 -0.407241
v 0.130806 0.080176 -0.401476
v 0.129165 0.080176 -0.394289
v 0.130806 0.080176 -0.387101
v 0.135403 0.080176 -0.381337
v 0.142045 0.080176 -0.378138
v 0.149418 0.080176 -0.378138
v 0.156061 0.080176 -0.381337
v 0.160657 0.080176 -0.387101
v 0.085175 0.086905 -0.334893
v 0.085175 0.093379 -0.340058
v 0.085175 0.093272 -0.334944
v 0.074960 0.093379 -0.340058
v 0.074960 0.086905 -0.334893
v 0.074960 0.093272 -0.334944
v 0.160775 0.070916 -0.426515
v 0.111283 0.070908 -0.314531
v 0.134345 0.070916 -0.462697
v 0.093366 0.070916 -0.480816
v 0.048818 0.070916 -0.476018
v 0.019275 0.070907 -0.456058
v 0.000879 0.070916 -0.430291
v -0.005896 0.070907 -0.395288
v -0.000685 0.070916 -0.364060
v 0.025745 0.070916 -0.327879
v 0.066724 0.070916 -0.309760
v 0.140815 0.070907 -0.334518
v 0.159211 0.070916 -0.360285
v 0.165987 0.070907 -0.395288
v 0.097690 0.096312 -0.340171
v 0.097690 0.086986 -0.356335
v 0.097690 0.096312 -0.356335
v 0.062444 0.086986 -0.356335
v 0.062444 0.096312 -0.340171
v 0.062444 0.096312 -0.356335
v 0.062444 0.078256 -0.332721
v 0.097690 0.078256 -0.332721
v 0.066508 0.096312 -0.430969
v 0.093627 0.096312 -0.430969
v 0.066508 0.096312 -0.437630
v 0.093627 0.096312 -0.437630
v 0.066508 0.086986 -0.430969
v 0.066508 0.078708 -0.437716
v 0.066508 0.069936 -0.431160
v 0.093627 0.078708 -0.437716
v 0.093627 0.086986 -0.430969
v 0.093627 0.069936 -0.431160
v 0.066508 0.078708 -0.460532
v 0.069849 0.078708 -0.458473
v 0.067844 0.078708 -0.463251
v 0.093627 0.078708 -0.460532
v 0.092290 0.078708 -0.463251
v 0.090041 0.078708 -0.458473
v 0.090041 0.078708 -0.458473
v 0.090119 0.096312 -0.437630
v 0.090055 0.078708 -0.437716
v 0.069839 0.096312 -0.437630
v 0.069849 0.078708 -0.458473
v 0.069804 0.078708 -0.437716
v 0.073768 0.090449 -0.444602
v 0.073589 0.090450 -0.458473
v 0.073589 0.078708 -0.458473
v 0.086391 0.090450 -0.458473
v 0.086347 0.090449 -0.444602
v 0.086391 0.078708 -0.458473
v 0.161713 -0.219088 -0.442439
v 0.171134 -0.219088 -0.419695
v 0.171134 -0.219088 -0.370881
v 0.146727 -0.219088 -0.461970
v 0.127196 -0.219088 -0.476956
v 0.104452 -0.219088 -0.486377
v 0.080045 -0.219088 -0.489590
v 0.055638 -0.219088 -0.486377
v 0.032894 -0.219088 -0.476956
v 0.013363 -0.219088 -0.461970
v -0.001623 -0.219088 -0.442439
v -0.011044 -0.219088 -0.419695
v -0.014257 -0.219088 -0.395288
v -0.011044 -0.219088 -0.370881
v -0.001623 -0.219088 -0.348137
v 0.013363 -0.219088 -0.328606
v 0.032894 -0.219088 -0.313620
v 0.055638 -0.219088 -0.304199
v 0.080045 -0.219088 -0.300986
v 0.104452 -0.219088 -0.304199
v 0.127196 -0.219088 -0.313620
v 0.146727 -0.219088 -0.328606
v 0.161713 -0.219088 -0.348137
v 0.174347 -0.219088 -0.395288
v 0.095059 -0.105955 -0.281369
v 0.090442 -0.100165 -0.281369
v 0.080067 -0.113175 -0.280165
v 0.083770 -0.096952 -0.281369
v 0.076365 -0.096952 -0.281369
v 0.069693 -0.100165 -0.281369
v 0.065076 -0.105955 -0.281369
v 0.063428 -0.113175 -0.281369
v 0.065076 -0.120394 -0.281369
v 0.069693 -0.126184 -0.281369
v 0.076365 -0.129397 -0.281369
v 0.083770 -0.129397 -0.281369
v 0.090442 -0.126184 -0.281369
v 0.095059 -0.120394 -0.281369
v 0.096707 -0.113175 -0.281369
v 0.172726 -0.060457 -0.499991
v 0.170000 -0.060451 -0.493412
v 0.170000 -0.060462 -0.506570
v 0.163419 -0.060448 -0.490687
v 0.156839 -0.060451 -0.493412
v 0.154113 -0.060457 -0.499991
v 0.156839 -0.060462 -0.506570
v 0.163419 -0.060465 -0.509295
v -0.012592 -0.060457 -0.499991
v -0.009866 -0.060462 -0.506570
v -0.009866 -0.060451 -0.493412
v -0.003285 -0.060448 -0.490687
v 0.003296 -0.060451 -0.493412
v 0.006022 -0.060457 -0.499991
v 0.003296 -0.060462 -0.506570
v -0.003285 -0.060465 -0.509295
v 0.149206 -0.216973 -0.301496
v 0.146787 -0.217000 -0.301959
v 0.150588 -0.216960 -0.299458
v 0.144748 -0.217026 -0.300577
v 0.144283 -0.217035 -0.298158
v 0.145664 -0.217021 -0.296120
v 0.148083 -0.216994 -0.295657
v 0.150123 -0.216969 -0.297039
v 0.018729 -0.268023 -0.317556
v 0.020935 -0.261046 -0.305471
v 0.018729 -0.273131 -0.312448
v 0.018729 -0.261046 -0.319425
v 0.018729 -0.254069 -0.317556
v 0.018729 -0.248962 -0.312448
v 0.018729 -0.247092 -0.305471
v 0.018729 -0.248962 -0.298494
v 0.018729 -0.254069 -0.293387
v 0.018729 -0.261046 -0.291517
v 0.018729 -0.268023 -0.293387
v 0.018729 -0.273131 -0.298494
v 0.018729 -0.275000 -0.305471
v 0.006607 -0.273131 -0.312448
v 0.004400 -0.261046 -0.305471
v 0.006607 -0.268023 -0.317556
v 0.006607 -0.261046 -0.319425
v 0.006607 -0.254069 -0.317556
v 0.006607 -0.248962 -0.312448
v 0.006607 -0.247092 -0.305471
v 0.006607 -0.248962 -0.298494
v 0.006607 -0.254069 -0.293387
v 0.006607 -0.261046 -0.291517
v 0.006607 -0.268023 -0.293387
v 0.006607 -0.273131 -0.298494
v 0.006607 -0.275000 -0.305471
v 0.025371 -0.258646 -0.304740
v 0.025371 -0.262480 -0.307393
v 0.025371 -0.259599 -0.307460
v 0.025371 -0.260937 -0.302993
v 0.025371 -0.263307 -0.304632
v -0.000148 -0.259599 -0.307460
v -0.000148 -0.262480 -0.307393
v -0.000148 -0.258646 -0.304740
v -0.000148 -0.260937 -0.302993
v -0.000148 -0.263307 -0.304632
v 0.005792 -0.246196 -0.310801
v 0.004289 -0.246196 -0.305876
v 0.001355 -0.246196 -0.305876
v 0.012673 -0.246196 -0.312548
v 0.021088 -0.246196 -0.291838
v 0.019572 -0.246196 -0.310863
v 0.021088 -0.246196 -0.305876
v 0.019455 -0.246196 -0.287713
v 0.012776 -0.246196 -0.285675
v 0.006079 -0.246196 -0.287651
v 0.001355 -0.246196 -0.291834
v 0.004318 -0.246196 -0.291835
v 0.001362 -0.238130 -0.305876
v 0.006078 -0.238130 -0.287651
v 0.005792 -0.238130 -0.310801
v 0.012673 -0.238130 -0.312548
v 0.019572 -0.238130 -0.310863
v 0.023906 -0.238130 -0.305876
v 0.023911 -0.238130 -0.291836
v 0.019455 -0.238130 -0.287713
v 0.012776 -0.238130 -0.285675
v 0.001368 -0.238130 -0.291834
v 0.023911 -0.246196 -0.291836
v 0.023906 -0.246196 -0.305876
v 0.134763 -0.258646 -0.304740
v 0.134763 -0.259599 -0.307460
v 0.134763 -0.262480 -0.307393
v 0.134763 -0.260937 -0.302993
v 0.134763 -0.263307 -0.304632
v 0.160282 -0.259599 -0.307460
v 0.160282 -0.258646 -0.304740
v 0.160282 -0.262480 -0.307393
v 0.160282 -0.260937 -0.302993
v 0.160282 -0.263307 -0.304632
v 0.154342 -0.246196 -0.310801
v 0.158780 -0.246196 -0.305876
v 0.155845 -0.246196 -0.305876
v 0.147462 -0.246196 -0.312548
v 0.139047 -0.246196 -0.291838
v 0.140562 -0.246196 -0.310863
v 0.139046 -0.246196 -0.305876
v 0.140679 -0.246196 -0.287713
v 0.147358 -0.246196 -0.285675
v 0.154056 -0.246196 -0.287651
v 0.158779 -0.246196 -0.291834
v 0.155816 -0.246196 -0.291835
v 0.158772 -0.238130 -0.305876
v 0.154342 -0.238130 -0.310801
v 0.154056 -0.238130 -0.287651
v 0.147462 -0.238130 -0.312548
v 0.140562 -0.238130 -0.310863
v 0.136228 -0.238130 -0.305876
v 0.136224 -0.238130 -0.291836
v 0.140679 -0.238130 -0.287713
v 0.147358 -0.238130 -0.285675
v 0.158767 -0.238130 -0.291834
v 0.136224 -0.246196 -0.291836
v 0.136228 -0.246196 -0.305876
v 0.141406 -0.268023 -0.317556
v 0.141406 -0.273131 -0.312448
v 0.139199 -0.261046 -0.305471
v 0.141406 -0.261046 -0.319425
v 0.141406 -0.254069 -0.317556
v 0.141406 -0.248962 -0.312448
v 0.141406 -0.247092 -0.305471
v 0.141406 -0.248962 -0.298494
v 0.141406 -0.254069 -0.293387
v 0.141406 -0.261046 -0.291517
v 0.141406 -0.268023 -0.293387
v 0.141406 -0.273131 -0.298494
v 0.141406 -0.275000 -0.305471
v 0.153527 -0.273131 -0.312448
v 0.153527 -0.268023 -0.317556
v 0.155734 -0.261046 -0.305471
v 0.153527 -0.261046 -0.319425
v 0.153527 -0.254069 -0.317556
v 0.153527 -0.248962 -0.312448
v 0.153527 -0.247092 -0.305471
v 0.153527 -0.248962 -0.298494
v 0.153527 -0.254069 -0.293387
v 0.153527 -0.261046 -0.291517
v 0.153527 -0.268023 -0.293387
v 0.153527 -0.273131 -0.298494
v 0.153527 -0.275000 -0.305471
v 0.148285 0.232293 -0.475681
v 0.144864 0.226835 -0.478451
v 0.143980 0.219907 -0.479082
v 0.145870 0.213366 -0.477403
v 0.150028 0.208965 -0.473866
v -0.186526 -0.255438 -0.070888
v -0.101791 -0.265735 -0.000191
v -0.160029 -0.254392 -0.048537
v -0.142038 -0.252546 -0.069951
v -0.135070 -0.257868 -0.077963
v -0.139230 -0.239674 -0.083643
v -0.174060 -0.237288 -0.071634
v -0.220739 -0.274490 -0.146479
v -0.161567 -0.258913 -0.100314
v -0.135070 -0.257868 -0.077963
v -0.161468 -0.243382 -0.057106
v 0.165663 0.210622 -0.465768
v 0.157320 0.205593 -0.473276
v 0.143910 0.221056 -0.482985
v 0.148298 0.209944 -0.480415
v 0.146717 0.232519 -0.479480
v 0.155013 0.237479 -0.472019
v 0.163978 0.233193 -0.464921
v 0.168422 0.222023 -0.462309
v -0.161567 -0.258913 -0.100314
v -0.168535 -0.253592 -0.092302
v -0.156231 -0.240356 -0.097983
v -0.153912 -0.248037 -0.095096
v -0.148113 -0.250860 -0.089829
v -0.156231 -0.240356 -0.097983
v -0.142087 -0.247571 -0.085121
v -0.139230 -0.239674 -0.083643
v -0.167681 -0.234669 -0.067385
v -0.152758 -0.251053 -0.057314
v -0.161468 -0.243382 -0.057106
v -0.160029 -0.254392 -0.048537
v -0.178491 -0.244071 -0.071461
v -0.179255 -0.252099 -0.079665
v -0.186526 -0.255438 -0.070888
v 0.207583 -0.233929 -0.469559
v 0.207583 -0.225289 -0.473138
v 0.207583 -0.216649 -0.469559
v 0.207583 -0.213070 -0.460919
v 0.207583 -0.216649 -0.452279
v 0.207583 -0.225289 -0.448700
v 0.207583 -0.233929 -0.452279
v 0.207583 -0.237508 -0.460919
v 0.180660 -0.257780 -0.493410
v 0.180660 -0.267741 -0.478503
v 0.180668 -0.267741 -0.443335
v 0.180660 -0.242873 -0.503371
v 0.180660 -0.225289 -0.506869
v 0.180660 -0.207705 -0.503371
v 0.180660 -0.192797 -0.493411
v 0.180660 -0.182837 -0.478503
v 0.180660 -0.179339 -0.460919
v 0.180660 -0.182837 -0.443335
v 0.180660 -0.192797 -0.428427
v 0.180660 -0.207705 -0.418467
v 0.180660 -0.225289 -0.414969
v 0.180660 -0.242873 -0.418467
v 0.180660 -0.257780 -0.428427
v 0.180671 -0.271239 -0.460919
v 0.195301 -0.250168 -0.471224
v 0.195301 -0.244331 -0.479961
v 0.195301 -0.214984 -0.485798
v 0.195301 -0.235594 -0.485798
v 0.195301 -0.225289 -0.487848
v 0.195301 -0.206247 -0.479961
v 0.195301 -0.200410 -0.471224
v 0.195301 -0.198360 -0.460919
v 0.195301 -0.200410 -0.450614
v 0.195301 -0.206247 -0.441877
v 0.195301 -0.214984 -0.436040
v 0.195301 -0.225289 -0.433990
v 0.195302 -0.235594 -0.436040
v 0.195301 -0.244331 -0.441877
v 0.195302 -0.250168 -0.450614
v 0.195302 -0.252218 -0.460919
v -0.047449 -0.233929 -0.469559
v -0.047449 -0.216649 -0.469559
v -0.047449 -0.225289 -0.473138
v -0.047449 -0.213070 -0.460919
v -0.047449 -0.216649 -0.452279
v -0.047449 -0.225289 -0.448700
v -0.047449 -0.233929 -0.452279
v -0.047449 -0.237508 -0.460919
v -0.020526 -0.257780 -0.493410
v -0.020534 -0.267741 -0.443335
v -0.020526 -0.267741 -0.478503
v -0.020526 -0.242873 -0.503371
v -0.020526 -0.225289 -0.506869
v -0.020526 -0.207705 -0.503371
v -0.020526 -0.192797 -0.493411
v -0.020526 -0.182837 -0.478503
v -0.020526 -0.179339 -0.460919
v -0.020526 -0.182837 -0.443335
v -0.020526 -0.192797 -0.428427
v -0.020526 -0.207705 -0.418467
v -0.020526 -0.225289 -0.414969
v -0.020526 -0.242873 -0.418467
v -0.020526 -0.257780 -0.428427
v -0.020536 -0.271239 -0.460919
v -0.035167 -0.250168 -0.471224
v -0.035167 -0.214984 -0.485798
v -0.035167 -0.244331 -0.479961
v -0.035167 -0.235594 -0.485798
v -0.035167 -0.225289 -0.487848
v -0.035167 -0.206247 -0.479961
v -0.035167 -0.200410 -0.471224
v -0.035167 -0.198360 -0.460919
v -0.035167 -0.200410 -0.450614
v -0.035167 -0.206247 -0.441877
v -0.035167 -0.214984 -0.436040
v -0.035167 -0.225289 -0.433990
v -0.035168 -0.235594 -0.436040
v -0.035167 -0.244331 -0.441877
v -0.035167 -0.250168 -0.450614
v -0.035167 -0.252218 -0.460919
v -0.022191 -0.078830 -0.406685
v -0.020530 -0.078830 -0.406685
v -0.020530 -0.078830 -0.383689
v -0.022191 -0.078830 -0.383689
v -0.020530 -0.078830 -0.406685
v -0.019700 -0.077391 -0.406685
v -0.019700 -0.077391 -0.383689
v -0.020530 -0.078830 -0.383689
v -0.019700 -0.077391 -0.406685
v -0.020530 -0.075953 -0.406685
v -0.020530 -0.075953 -0.383689
v -0.019700 -0.077391 -0.383689
v -0.020530 -0.075953 -0.406685
v -0.022191 -0.075953 -0.406685
v -0.022191 -0.075953 -0.383689
v -0.020530 -0.075953 -0.383689
v -0.022191 -0.075953 -0.406685
v -0.023021 -0.077391 -0.406685
v -0.023021 -0.077391 -0.383689
v -0.022191 -0.075953 -0.383689
v -0.023021 -0.077391 -0.406685
v -0.022191 -0.078830 -0.406685
v -0.022191 -0.078830 -0.383689
v -0.023021 -0.077391 -0.383689
v -0.024745 -0.085448 -0.384736
v -0.024745 -0.064583 -0.385909
v -0.024745 -0.085448 -0.385909
v -0.018233 -0.063081 -0.405722
v -0.020869 -0.063081 -0.404450
v -0.020869 -0.063081 -0.385909
v -0.018233 -0.063081 -0.384736
v -0.018233 -0.063081 -0.405722
v -0.018233 -0.063081 -0.384736
v -0.018233 -0.079561 -0.384736
v -0.018233 -0.079561 -0.405722
v -0.018233 -0.079561 -0.384736
v -0.022174 -0.085448 -0.384736
v -0.022432 -0.085448 -0.405722
v -0.018233 -0.079561 -0.405722
v -0.023531 -0.074398 -0.404450
v -0.023531 -0.085448 -0.404450
v -0.023531 -0.085448 -0.385909
v -0.023531 -0.074398 -0.385909
v -0.024745 -0.064583 -0.405722
v -0.024745 -0.085448 -0.405722
v -0.024745 -0.085448 -0.404450
v -0.024745 -0.085448 -0.385909
v -0.023531 -0.085448 -0.385909
v -0.023238 -0.063081 -0.385909
v -0.023238 -0.063081 -0.384736
v -0.024745 -0.085448 -0.404450
v -0.023531 -0.085448 -0.404450
v -0.023531 -0.085448 -0.404450
v -0.024745 -0.085448 -0.404450
v -0.024745 -0.085448 -0.405722
v -0.022432 -0.085448 -0.405722
v -0.024745 -0.085448 -0.405722
v -0.023238 -0.063081 -0.405722
v -0.023238 -0.063081 -0.404450
v -0.020996 -0.073650 -0.404450
v -0.023531 -0.074398 -0.404450
v -0.023531 -0.074398 -0.385909
v -0.020996 -0.073650 -0.385909
v -0.020869 -0.063081 -0.404450
v -0.020996 -0.073650 -0.404450
v -0.020996 -0.073650 -0.385909
v -0.020869 -0.063081 -0.385909
v -0.024745 -0.064583 -0.384736
v -0.023238 -0.063081 -0.384736
v -0.024745 -0.064583 -0.384736
v -0.024745 -0.085448 -0.384736
v -0.024745 -0.064583 -0.405722
v -0.023238 -0.063081 -0.405722
v -0.024745 -0.064583 -0.404450
v -0.024745 -0.064583 -0.384736
v -0.024745 -0.064583 -0.385909
v -0.024745 -0.064583 -0.405722
v -0.024745 -0.064583 -0.404450
v -0.024745 -0.085448 -0.384736
v -0.024745 -0.085448 -0.385909
v -0.023531 -0.085448 -0.385909
v -0.022174 -0.085448 -0.384736
v -0.029394 -0.063233 -0.386711
v -0.030365 -0.063907 -0.386711
v -0.021260 -0.072223 -0.386711
v -0.020324 -0.071203 -0.386711
v -0.029394 -0.063233 -0.403524
v -0.020324 -0.071203 -0.403524
v -0.021260 -0.072223 -0.403524
v -0.030365 -0.063907 -0.403524
v -0.031545 -0.062436 -0.386711
v -0.031605 -0.062187 -0.403524
v -0.021260 -0.072223 -0.403524
v -0.020868 -0.074251 -0.386711
v -0.030435 -0.062029 -0.403524
v -0.030463 -0.061886 -0.386711
v -0.020324 -0.071203 -0.386711
v -0.020324 -0.071203 -0.403524
v -0.030460 -0.061656 -0.386711
v -0.031531 -0.061959 -0.386711
v -0.031531 -0.061959 -0.403524
v -0.030460 -0.061656 -0.403524
v -0.028685 -0.046630 -0.386711
v -0.029780 -0.046185 -0.386711
v -0.031485 -0.059717 -0.386711
v -0.029780 -0.046185 -0.386711
v -0.029780 -0.046185 -0.403524
v -0.031485 -0.059717 -0.403524
v -0.029780 -0.046185 -0.403524
v -0.028685 -0.046630 -0.403524
v -0.028685 -0.046630 -0.403524
v -0.028685 -0.046630 -0.386711
v -0.027495 -0.045824 -0.386711
v -0.027744 -0.044668 -0.386711
v -0.027744 -0.044668 -0.386711
v -0.027744 -0.044668 -0.403524
v -0.029780 -0.046185 -0.403524
v -0.029780 -0.046185 -0.386711
v -0.027744 -0.044668 -0.403524
v -0.027495 -0.045824 -0.403524
v -0.027495 -0.045824 -0.403524
v -0.027495 -0.045824 -0.386711
v -0.028685 -0.046630 -0.386711
v -0.028685 -0.046630 -0.403524
v -0.025991 -0.046124 -0.386711
v -0.025212 -0.045235 -0.386711
v -0.027676 -0.044389 -0.386711
v -0.022620 -0.047031 -0.403524
v -0.027744 -0.044668 -0.403524
v -0.025212 -0.045235 -0.403524
v -0.025991 -0.046124 -0.403524
v -0.027462 -0.045672 -0.403524
v -0.027441 -0.045575 -0.386711
v -0.024402 -0.047303 -0.386711
v -0.022844 -0.047297 -0.386711
v -0.022844 -0.047297 -0.386711
v -0.022844 -0.047297 -0.403524
v -0.024402 -0.047303 -0.403524
v -0.024402 -0.047303 -0.403524
v -0.024402 -0.047303 -0.386711
v -0.020223 -0.074252 -0.403524
v -0.021159 -0.074274 -0.403524
v -0.021159 -0.074274 -0.403524
v -0.021159 -0.074274 -0.386711
v -0.020223 -0.074252 -0.386711
v -0.020223 -0.074252 -0.386711
v -0.020223 -0.074252 -0.403524
v -0.020324 -0.071203 -0.403524
v -0.020324 -0.071203 -0.386711
v -0.029655 -0.010653 -0.386862
v -0.030626 -0.011327 -0.386862
v -0.020720 -0.019955 -0.386862
v -0.019881 -0.018935 -0.386862
v -0.029655 -0.010653 -0.403524
v -0.019881 -0.018935 -0.403524
v -0.020720 -0.019955 -0.403524
v -0.030626 -0.011327 -0.403524
v -0.031917 -0.009696 -0.386862
v -0.032018 -0.009320 -0.403524
v -0.020720 -0.019955 -0.403524
v -0.020720 -0.019955 -0.386862
v -0.030782 -0.009338 -0.403524
v -0.030845 -0.009107 -0.386862
v -0.019881 -0.018935 -0.386862
v -0.019881 -0.018935 -0.403524
v -0.030685 -0.009141 -0.386862
v -0.031792 -0.009379 -0.386862
v -0.031792 -0.009379 -0.403524
v -0.030685 -0.009141 -0.403524
v -0.026074 0.007604 -0.386862
v -0.027169 0.008049 -0.386862
v -0.031746 -0.007137 -0.386862
v -0.030580 -0.007328 -0.386862
v -0.027169 0.008049 -0.386862
v -0.027169 0.008049 -0.403524
v -0.027169 0.008049 -0.403524
v -0.026074 0.007604 -0.403524
v -0.030580 -0.007328 -0.403524
v -0.031746 -0.007137 -0.403524
v -0.025077 0.008681 -0.403524
v -0.024997 0.008569 -0.386862
v -0.024884 0.008410 -0.386862
v -0.025133 0.009566 -0.386862
v -0.025133 0.009566 -0.386862
v -0.025133 0.009566 -0.403524
v -0.025133 0.009566 -0.403524
v -0.024884 0.008410 -0.403524
v -0.023381 0.008109 -0.386862
v -0.022601 0.008998 -0.386862
v -0.025066 0.009845 -0.386862
v -0.020009 0.007203 -0.403524
v -0.025133 0.009566 -0.403524
v -0.022601 0.008998 -0.403524
v -0.023381 0.008109 -0.403524
v -0.024851 0.008561 -0.403524
v -0.024830 0.008659 -0.386862
v -0.021792 0.006930 -0.386862
v -0.020233 0.006937 -0.386862
v -0.020233 0.006937 -0.386862
v -0.020233 0.006937 -0.403524
v -0.021792 0.006930 -0.403524
v -0.021792 0.006930 -0.403524
v -0.021792 0.006930 -0.386862
v -0.027554 -0.028104 -0.384887
v -0.027554 -0.011873 -0.386059
v -0.027554 -0.028104 -0.386059
v -0.018129 -0.010370 -0.405722
v -0.021944 -0.010370 -0.404450
v -0.021944 -0.010370 -0.386059
v -0.018129 -0.010370 -0.384887
v -0.018129 -0.010370 -0.405722
v -0.018129 -0.010370 -0.384887
v -0.018129 -0.022217 -0.384887
v -0.018129 -0.022217 -0.405722
v -0.018129 -0.022217 -0.384887
v -0.022861 -0.028104 -0.384887
v -0.023234 -0.028104 -0.405722
v -0.018129 -0.022217 -0.405722
v -0.024089 -0.026830 -0.404450
v -0.024089 -0.028104 -0.404450
v -0.024089 -0.028104 -0.386059
v -0.024089 -0.026830 -0.386059
v -0.027554 -0.028104 -0.405722
v -0.027554 -0.028104 -0.404450
v -0.027554 -0.011873 -0.404450
v -0.027554 -0.028104 -0.386059
v -0.024089 -0.028104 -0.386059
v -0.025373 -0.010370 -0.386059
v -0.025373 -0.010370 -0.384887
v -0.027554 -0.028104 -0.404450
v -0.024089 -0.028104 -0.404450
v -0.024089 -0.028104 -0.404450
v -0.027554 -0.028104 -0.404450
v -0.027554 -0.028104 -0.405722
v -0.023234 -0.028104 -0.405722
v -0.027554 -0.028104 -0.405722
v -0.027554 -0.011873 -0.405722
v -0.025373 -0.010370 -0.405722
v -0.025373 -0.010370 -0.404450
v -0.022309 -0.024554 -0.404450
v -0.024089 -0.026830 -0.404450
v -0.024089 -0.026830 -0.386059
v -0.022309 -0.024554 -0.386059
v -0.021944 -0.010370 -0.404450
v -0.022309 -0.024554 -0.404450
v -0.022309 -0.024554 -0.386059
v -0.021944 -0.010370 -0.386059
v -0.027554 -0.011873 -0.384887
v -0.025373 -0.010370 -0.384887
v -0.027554 -0.011873 -0.384887
v -0.027554 -0.028104 -0.384887
v -0.025373 -0.010370 -0.405722
v -0.027554 -0.011873 -0.405722
v -0.027554 -0.011873 -0.384887
v -0.027554 -0.011873 -0.386059
v -0.027554 -0.011873 -0.405722
v -0.027554 -0.011873 -0.404450
v -0.027554 -0.028104 -0.384887
v -0.027554 -0.028104 -0.386059
v -0.024089 -0.028104 -0.386059
v -0.022861 -0.028104 -0.384887
v -0.024108 -0.023036 -0.407297
v -0.022605 -0.023036 -0.407297
v -0.022605 -0.023036 -0.383279
v -0.024108 -0.023036 -0.383279
v -0.022605 -0.023036 -0.407297
v -0.021853 -0.021735 -0.407297
v -0.021853 -0.021735 -0.383279
v -0.022605 -0.023036 -0.383279
v -0.021853 -0.021735 -0.407297
v -0.022605 -0.020433 -0.407297
v -0.022605 -0.020433 -0.383279
v -0.021853 -0.021735 -0.383279
v -0.022605 -0.020433 -0.407297
v -0.024108 -0.020433 -0.407297
v -0.024108 -0.020433 -0.383279
v -0.022605 -0.020433 -0.383279
v -0.024108 -0.020433 -0.407297
v -0.024860 -0.021735 -0.407297
v -0.024860 -0.021735 -0.383279
v -0.024108 -0.020433 -0.383279
v -0.024860 -0.021735 -0.407297
v -0.024108 -0.023036 -0.407297
v -0.024108 -0.023036 -0.383279
v -0.024860 -0.021735 -0.383279
v 0.180665 -0.078830 -0.383689
v 0.180665 -0.078830 -0.406685
v 0.182325 -0.078830 -0.406685
v 0.182325 -0.078830 -0.383689
v 0.179834 -0.077391 -0.383689
v 0.179834 -0.077391 -0.406685
v 0.180665 -0.078830 -0.406685
v 0.180665 -0.078830 -0.383689
v 0.180665 -0.075953 -0.383689
v 0.180665 -0.075953 -0.406685
v 0.179834 -0.077391 -0.406685
v 0.179834 -0.077391 -0.383689
v 0.182325 -0.075953 -0.383689
v 0.182325 -0.075953 -0.406685
v 0.180665 -0.075953 -0.406685
v 0.180665 -0.075953 -0.383689
v 0.183156 -0.077391 -0.383689
v 0.183156 -0.077391 -0.406685
v 0.182325 -0.075953 -0.406685
v 0.182325 -0.075953 -0.383689
v 0.182325 -0.078830 -0.383689
v 0.182325 -0.078830 -0.406685
v 0.183156 -0.077391 -0.406685
v 0.183156 -0.077391 -0.383689
v 0.184880 -0.085448 -0.385909
v 0.184880 -0.064583 -0.385909
v 0.184880 -0.085448 -0.384736
v 0.181003 -0.063081 -0.385909
v 0.181003 -0.063081 -0.404450
v 0.178367 -0.063081 -0.405722
v 0.178367 -0.063081 -0.384736
v 0.178367 -0.079561 -0.384736
v 0.178367 -0.063081 -0.384736
v 0.178367 -0.063081 -0.405722
v 0.178367 -0.079561 -0.405722
v 0.182567 -0.085448 -0.405722
v 0.182309 -0.085448 -0.384736
v 0.178367 -0.079561 -0.384736
v 0.178367 -0.079561 -0.405722
v 0.183666 -0.085448 -0.385909
v 0.183666 -0.085448 -0.404450
v 0.183666 -0.074398 -0.404450
v 0.183666 -0.074398 -0.385909
v 0.184880 -0.085448 -0.404450
v 0.184880 -0.085448 -0.405722
v 0.184880 -0.085448 -0.385909
v 0.183666 -0.085448 -0.385909
v 0.183372 -0.063081 -0.384736
v 0.183372 -0.063081 -0.385909
v 0.183666 -0.085448 -0.404450
v 0.184880 -0.085448 -0.404450
v 0.183666 -0.085448 -0.404450
v 0.182567 -0.085448 -0.405722
v 0.184880 -0.085448 -0.405722
v 0.184880 -0.085448 -0.404450
v 0.184880 -0.085448 -0.405722
v 0.183372 -0.063081 -0.404450
v 0.183372 -0.063081 -0.405722
v 0.183666 -0.074398 -0.385909
v 0.183666 -0.074398 -0.404450
v 0.181130 -0.073650 -0.404450
v 0.181130 -0.073650 -0.385909
v 0.181130 -0.073650 -0.385909
v 0.181130 -0.073650 -0.404450
v 0.181003 -0.063081 -0.404450
v 0.181003 -0.063081 -0.385909
v 0.184880 -0.064583 -0.384736
v 0.184880 -0.085448 -0.384736
v 0.184880 -0.064583 -0.384736
v 0.183372 -0.063081 -0.384736
v 0.183372 -0.063081 -0.405722
v 0.184880 -0.064583 -0.405722
v 0.184880 -0.064583 -0.404450
v 0.184880 -0.064583 -0.405722
v 0.184880 -0.064583 -0.384736
v 0.184880 -0.064583 -0.385909
v 0.184880 -0.064583 -0.404450
v 0.184880 -0.064583 -0.405722
v 0.183666 -0.085448 -0.385909
v 0.184880 -0.085448 -0.385909
v 0.184880 -0.085448 -0.384736
v 0.182309 -0.085448 -0.384736
v 0.181394 -0.072223 -0.386711
v 0.190500 -0.063907 -0.386711
v 0.189528 -0.063233 -0.386711
v 0.180458 -0.071203 -0.386711
v 0.189528 -0.063233 -0.403524
v 0.190500 -0.063907 -0.403524
v 0.181394 -0.072223 -0.403524
v 0.180458 -0.071203 -0.403524
v 0.181394 -0.072223 -0.403524
v 0.191739 -0.062187 -0.403524
v 0.191679 -0.062436 -0.386711
v 0.181002 -0.074251 -0.386711
v 0.180458 -0.071203 -0.386711
v 0.190597 -0.061886 -0.386711
v 0.190569 -0.062029 -0.403524
v 0.180458 -0.071203 -0.403524
v 0.191666 -0.061959 -0.386711
v 0.190594 -0.061656 -0.386711
v 0.190594 -0.061656 -0.403524
v 0.191666 -0.061959 -0.403524
v 0.191620 -0.059717 -0.386711
v 0.189915 -0.046185 -0.386711
v 0.188820 -0.046630 -0.386711
v 0.189915 -0.046185 -0.403524
v 0.189915 -0.046185 -0.386711
v 0.191620 -0.059717 -0.403524
v 0.188820 -0.046630 -0.403524
v 0.189915 -0.046185 -0.403524
v 0.188820 -0.046630 -0.386711
v 0.188820 -0.046630 -0.403524
v 0.187878 -0.044668 -0.386711
v 0.187629 -0.045824 -0.386711
v 0.189915 -0.046185 -0.403524
v 0.187878 -0.044668 -0.403524
v 0.187878 -0.044668 -0.386711
v 0.189915 -0.046185 -0.386711
v 0.187629 -0.045824 -0.403524
v 0.187878 -0.044668 -0.403524
v 0.188820 -0.046630 -0.386711
v 0.187629 -0.045824 -0.386711
v 0.187629 -0.045824 -0.403524
v 0.188820 -0.046630 -0.403524
v 0.185346 -0.045235 -0.386711
v 0.186126 -0.046124 -0.386711
v 0.187878 -0.044668 -0.403524
v 0.182754 -0.047031 -0.403524
v 0.187811 -0.044389 -0.386711
v 0.186126 -0.046124 -0.403524
v 0.185346 -0.045235 -0.403524
v 0.187576 -0.045575 -0.386711
v 0.187597 -0.045672 -0.403524
v 0.182978 -0.047297 -0.386711
v 0.184537 -0.047303 -0.386711
v 0.182978 -0.047297 -0.386711
v 0.184537 -0.047303 -0.403524
v 0.182978 -0.047297 -0.403524
v 0.184537 -0.047303 -0.386711
v 0.184537 -0.047303 -0.403524
v 0.181293 -0.074274 -0.403524
v 0.180357 -0.074252 -0.403524
v 0.181293 -0.074274 -0.403524
v 0.180357 -0.074252 -0.386711
v 0.181293 -0.074274 -0.386711
v 0.180458 -0.071203 -0.403524
v 0.180357 -0.074252 -0.403524
v 0.180357 -0.074252 -0.386711
v 0.180458 -0.071203 -0.386711
v 0.180855 -0.019955 -0.386862
v 0.190761 -0.011327 -0.386862
v 0.189789 -0.010653 -0.386862
v 0.180015 -0.018935 -0.386862
v 0.189789 -0.010653 -0.403524
v 0.190761 -0.011327 -0.403524
v 0.180855 -0.019955 -0.403524
v 0.180015 -0.018935 -0.403524
v 0.180855 -0.019955 -0.403524
v 0.192152 -0.009320 -0.403524
v 0.192052 -0.009696 -0.386862
v 0.180855 -0.019955 -0.386862
v 0.180015 -0.018935 -0.386862
v 0.190979 -0.009107 -0.386862
v 0.190916 -0.009338 -0.403524
v 0.180015 -0.018935 -0.403524
v 0.191927 -0.009379 -0.386862
v 0.190820 -0.009141 -0.386862
v 0.190820 -0.009141 -0.403524
v 0.191927 -0.009379 -0.403524
v 0.191881 -0.007137 -0.386862
v 0.187304 0.008049 -0.386862
v 0.186209 0.007604 -0.386862
v 0.190714 -0.007328 -0.386862
v 0.187304 0.008049 -0.403524
v 0.187304 0.008049 -0.386862
v 0.190714 -0.007328 -0.403524
v 0.186209 0.007604 -0.403524
v 0.187304 0.008049 -0.403524
v 0.191881 -0.007137 -0.403524
v 0.185131 0.008569 -0.386862
v 0.185212 0.008681 -0.403524
v 0.185267 0.009566 -0.386862
v 0.185018 0.008410 -0.386862
v 0.185267 0.009566 -0.403524
v 0.185267 0.009566 -0.386862
v 0.185018 0.008410 -0.403524
v 0.185267 0.009566 -0.403524
v 0.182735 0.008998 -0.386862
v 0.183515 0.008109 -0.386862
v 0.185267 0.009566 -0.403524
v 0.180143 0.007203 -0.403524
v 0.185200 0.009845 -0.386862
v 0.183515 0.008109 -0.403524
v 0.182735 0.008998 -0.403524
v 0.184965 0.008659 -0.386862
v 0.184986 0.008561 -0.403524
v 0.180367 0.006937 -0.386862
v 0.181926 0.006930 -0.386862
v 0.180367 0.006937 -0.386862
v 0.181926 0.006930 -0.403524
v 0.180367 0.006937 -0.403524
v 0.181926 0.006930 -0.386862
v 0.181926 0.006930 -0.403524
v 0.187689 -0.028104 -0.386059
v 0.187689 -0.011873 -0.386059
v 0.187689 -0.028104 -0.384887
v 0.182078 -0.010370 -0.386059
v 0.182078 -0.010370 -0.404450
v 0.178264 -0.010370 -0.405722
v 0.178264 -0.010370 -0.384887
v 0.178264 -0.022217 -0.384887
v 0.178264 -0.010370 -0.384887
v 0.178264 -0.010370 -0.405722
v 0.178264 -0.022217 -0.405722
v 0.183368 -0.028104 -0.405722
v 0.182995 -0.028104 -0.384887
v 0.178264 -0.022217 -0.384887
v 0.178264 -0.022217 -0.405722
v 0.184224 -0.028104 -0.386059
v 0.184224 -0.028104 -0.404450
v 0.184224 -0.026830 -0.404450
v 0.184224 -0.026830 -0.386059
v 0.187689 -0.028104 -0.404450
v 0.187689 -0.028104 -0.405722
v 0.187689 -0.011873 -0.405722
v 0.187689 -0.011873 -0.404450
v 0.187689 -0.028104 -0.386059
v 0.184224 -0.028104 -0.386059
v 0.185507 -0.010370 -0.384887
v 0.185507 -0.010370 -0.386059
v 0.184224 -0.028104 -0.404450
v 0.187689 -0.028104 -0.404450
v 0.184224 -0.028104 -0.404450
v 0.183368 -0.028104 -0.405722
v 0.187689 -0.028104 -0.405722
v 0.187689 -0.028104 -0.404450
v 0.187689 -0.011873 -0.405722
v 0.187689 -0.028104 -0.405722
v 0.185507 -0.010370 -0.404450
v 0.185507 -0.010370 -0.405722
v 0.184224 -0.026830 -0.386059
v 0.184224 -0.026830 -0.404450
v 0.182444 -0.024554 -0.404450
v 0.182444 -0.024554 -0.386059
v 0.182444 -0.024554 -0.386059
v 0.182444 -0.024554 -0.404450
v 0.182078 -0.010370 -0.404450
v 0.182078 -0.010370 -0.386059
v 0.187689 -0.011873 -0.384887
v 0.187689 -0.028104 -0.384887
v 0.187689 -0.011873 -0.384887
v 0.185507 -0.010370 -0.384887
v 0.185507 -0.010370 -0.405722
v 0.187689 -0.011873 -0.384887
v 0.187689 -0.011873 -0.386059
v 0.187689 -0.011873 -0.404450
v 0.187689 -0.011873 -0.405722
v 0.184224 -0.028104 -0.386059
v 0.187689 -0.028104 -0.386059
v 0.187689 -0.028104 -0.384887
v 0.182995 -0.028104 -0.384887
v 0.182739 -0.023036 -0.383279
v 0.182739 -0.023036 -0.407297
v 0.184242 -0.023036 -0.407297
v 0.184242 -0.023036 -0.383279
v 0.181988 -0.021735 -0.383279
v 0.181988 -0.021735 -0.407297
v 0.182739 -0.023036 -0.407297
v 0.182739 -0.023036 -0.383279
v 0.182739 -0.020433 -0.383279
v 0.182739 -0.020433 -0.407297
v 0.181988 -0.021735 -0.407297
v 0.181988 -0.021735 -0.383279
v 0.184242 -0.020433 -0.383279
v 0.184242 -0.020433 -0.407297
v 0.182739 -0.020433 -0.407297
v 0.182739 -0.020433 -0.383279
v 0.184994 -0.021735 -0.383279
v 0.184994 -0.021735 -0.407297
v 0.184242 -0.020433 -0.407297
v 0.184242 -0.020433 -0.383279
v 0.184242 -0.023036 -0.383279
v 0.184242 -0.023036 -0.407297
v 0.184994 -0.021735 -0.407297
v 0.184994 -0.021735 -0.383279
v 0.010929 -0.216973 -0.301496
v 0.013347 -0.217000 -0.301959
v 0.013317 -0.221559 -0.301974
v 0.010898 -0.221532 -0.301510
v 0.013347 -0.217000 -0.301959
v 0.015387 -0.217026 -0.300577
v 0.015356 -0.221585 -0.300591
v 0.013317 -0.221559 -0.301974
v 0.015852 -0.217035 -0.298158
v 0.015821 -0.221594 -0.298172
v 0.015852 -0.217035 -0.298158
v 0.014470 -0.217021 -0.296120
v 0.014439 -0.221580 -0.296134
v 0.015821 -0.221594 -0.298172
v 0.014470 -0.217021 -0.296120
v 0.010583 -0.216977 -0.296194
v 0.011023 -0.221541 -0.295890
v 0.014439 -0.221580 -0.296134
v 0.009547 -0.216960 -0.299458
v 0.009516 -0.221519 -0.299472
v 0.009547 -0.216960 -0.299458
v 0.010929 -0.216973 -0.301496
v 0.010898 -0.221532 -0.301510
v 0.009516 -0.221519 -0.299472
v 0.077081 0.088021 -0.473084
v 0.076078 0.086636 -0.457368
v 0.080815 0.088174 -0.457386
v 0.080394 0.088931 -0.473118
v 0.076908 0.084631 -0.473600
v 0.076078 0.081659 -0.457312
v 0.076078 0.086636 -0.457368
v 0.077081 0.088021 -0.473084
v 0.080113 0.083446 -0.473953
v 0.080815 0.080121 -0.457294
v 0.076078 0.081659 -0.457312
v 0.076908 0.084631 -0.473600
v 0.080113 0.083446 -0.473953
v 0.082267 0.086104 -0.473655
v 0.083742 0.084147 -0.457340
v 0.080815 0.080121 -0.457294
v 0.082267 0.086104 -0.473655
v 0.080394 0.088931 -0.473118
v 0.080815 0.088174 -0.457386
v 0.083742 0.084147 -0.457340
v 0.077342 0.088348 -0.483781
v 0.077456 0.086034 -0.473091
v 0.079395 0.087987 -0.472737
v 0.079281 0.090299 -0.483417
v 0.079326 0.086457 -0.484213
v 0.079440 0.084141 -0.473513
v 0.077456 0.086034 -0.473091
v 0.077342 0.088348 -0.483781
v 0.079326 0.086457 -0.484213
v 0.081265 0.088408 -0.483849
v 0.081379 0.086094 -0.473159
v 0.079440 0.084141 -0.473513
v 0.079281 0.090299 -0.483417
v 0.079395 0.087987 -0.472737
v 0.081379 0.086094 -0.473159
v 0.081265 0.088408 -0.483849
v 0.079982 0.091226 -0.494838
v 0.077977 0.089408 -0.494668
v 0.077977 0.089408 -0.494668
v 0.079906 0.087459 -0.494427
v 0.079906 0.087459 -0.494427
v 0.081910 0.089276 -0.494593
v 0.081910 0.089276 -0.494593
v 0.079982 0.091226 -0.494838
v 0.081828 0.089074 -0.503603
v 0.082185 0.083305 -0.508423
v 0.080184 0.082853 -0.506711
v 0.079703 0.087519 -0.502726
v 0.081488 0.085698 -0.501631
v 0.079703 0.087519 -0.502726
v 0.080184 0.082853 -0.506711
v 0.082006 0.082184 -0.504668
v 0.083612 0.087253 -0.502509
v 0.081488 0.085698 -0.501631
v 0.082006 0.082184 -0.504668
v 0.084037 0.082636 -0.506383
v 0.083612 0.087253 -0.502509
v 0.084037 0.082636 -0.506383
v 0.082185 0.083305 -0.508423
v 0.081828 0.089074 -0.503603
v 0.080639 0.075130 -0.508012
v 0.078676 0.076048 -0.506434
v 0.078676 0.076048 -0.506434
v 0.080612 0.076917 -0.504538
v 0.080612 0.076917 -0.504538
v 0.082630 0.075999 -0.506113
v 0.082630 0.075999 -0.506113
v 0.080639 0.075130 -0.508012
v 0.078442 0.066110 -0.502802
v 0.076378 0.067028 -0.501190
v 0.076378 0.067028 -0.501190
v 0.078229 0.067897 -0.499315
v 0.078229 0.067897 -0.499315
v 0.080293 0.066979 -0.500926
v 0.080293 0.066979 -0.500926
v 0.078442 0.066110 -0.502802
v 0.090877 0.069737 -0.481932
v 0.085233 0.069737 -0.512609
v 0.074902 0.069737 -0.512609
v 0.069257 0.069737 -0.481932
v 0.085233 0.069737 -0.512609
v 0.085233 0.065314 -0.512609
v 0.074902 0.065314 -0.512609
v 0.074902 0.069737 -0.512609
v 0.085233 0.065314 -0.512609
v 0.090877 0.061186 -0.481932
v 0.069257 0.061186 -0.481932
v 0.074902 0.065314 -0.512609
v 0.085233 0.065314 -0.512609
v 0.085233 0.069737 -0.512609
v 0.090877 0.069737 -0.481932
v 0.090877 0.061186 -0.481932
v 0.074902 0.065314 -0.512609
v 0.069257 0.061186 -0.481932
v 0.069257 0.069737 -0.481932
v 0.074902 0.069737 -0.512609
v 0.182595 -0.061012 -0.422766
v 0.171989 -0.061012 -0.448372
v 0.171989 -0.048395 -0.448372
v 0.182595 -0.048395 -0.422766
v 0.155117 -0.061012 -0.470360
v 0.155117 -0.048395 -0.470360
v 0.133129 -0.061012 -0.487232
v 0.133129 -0.048395 -0.487232
v 0.107523 -0.061012 -0.497838
v 0.107523 -0.048395 -0.497838
v 0.080045 -0.061012 -0.501456
v 0.080045 -0.048395 -0.501456
v 0.080045 -0.061012 -0.501456
v 0.052567 -0.061012 -0.497838
v 0.052567 -0.048395 -0.497838
v 0.080045 -0.048395 -0.501456
v 0.026961 -0.061012 -0.487232
v 0.026961 -0.048395 -0.487232
v 0.004973 -0.061012 -0.470360
v 0.004973 -0.048395 -0.470360
v -0.011899 -0.061012 -0.448372
v -0.011899 -0.048395 -0.448372
v -0.022505 -0.061012 -0.422766
v -0.022505 -0.048395 -0.422766
v -0.026123 -0.061012 -0.395288
v -0.026123 -0.048395 -0.395288
v -0.022505 -0.061012 -0.367810
v -0.022505 -0.048395 -0.367810
v -0.011899 -0.061012 -0.342204
v -0.011899 -0.048395 -0.342204
v 0.004973 -0.061012 -0.320216
v 0.004973 -0.048395 -0.320216
v 0.026961 -0.061012 -0.303344
v 0.026961 -0.048395 -0.303344
v 0.052567 -0.061012 -0.292738
v 0.052567 -0.048395 -0.292738
v 0.080045 -0.061012 -0.289120
v 0.080045 -0.048395 -0.289120
v 0.107523 -0.061012 -0.292738
v 0.107523 -0.048395 -0.292738
v 0.133129 -0.061012 -0.303344
v 0.133129 -0.048395 -0.303344
v 0.155117 -0.061012 -0.320216
v 0.155117 -0.048395 -0.320216
v 0.171989 -0.061012 -0.342204
v 0.171989 -0.048395 -0.342204
v 0.182595 -0.061012 -0.367810
v 0.182595 -0.048395 -0.367810
v 0.186213 -0.061012 -0.395288
v 0.186213 -0.048395 -0.395288
v 0.184574 -0.049637 -0.423296
v 0.173763 -0.049637 -0.449396
v 0.173763 -0.047361 -0.449396
v 0.184574 -0.047361 -0.423296
v 0.156565 -0.049637 -0.471808
v 0.156565 -0.047361 -0.471808
v 0.134153 -0.049637 -0.489006
v 0.134153 -0.047361 -0.489006
v 0.108053 -0.049637 -0.499817
v 0.108053 -0.047361 -0.499817
v 0.080045 -0.049637 -0.503504
v 0.080045 -0.047361 -0.503504
v 0.080045 -0.049637 -0.503504
v 0.052037 -0.049637 -0.499817
v 0.052037 -0.047361 -0.499817
v 0.080045 -0.047361 -0.503504
v 0.025937 -0.049637 -0.489006
v 0.025937 -0.047361 -0.489006
v 0.003525 -0.049637 -0.471808
v 0.003525 -0.047361 -0.471808
v -0.013673 -0.049637 -0.449396
v -0.013673 -0.047361 -0.449396
v -0.024484 -0.049637 -0.423296
v -0.024484 -0.047361 -0.423296
v -0.028171 -0.049637 -0.395288
v -0.028171 -0.047361 -0.395288
v -0.024484 -0.049637 -0.367280
v -0.024484 -0.047361 -0.367280
v -0.013673 -0.049637 -0.341180
v -0.013673 -0.047361 -0.341180
v 0.003525 -0.049637 -0.318768
v 0.003525 -0.047361 -0.318768
v 0.025937 -0.049637 -0.301570
v 0.025937 -0.047361 -0.301570
v 0.052037 -0.049637 -0.290759
v 0.052037 -0.047361 -0.290759
v 0.080045 -0.049637 -0.287072
v 0.080045 -0.047361 -0.287072
v 0.108053 -0.049637 -0.290759
v 0.108053 -0.047361 -0.290759
v 0.134153 -0.049637 -0.301570
v 0.134153 -0.047361 -0.301570
v 0.156565 -0.049637 -0.318768
v 0.156565 -0.047361 -0.318768
v 0.173763 -0.049637 -0.341180
v 0.173763 -0.047361 -0.341180
v 0.184574 -0.049637 -0.367280
v 0.184574 -0.047361 -0.367280
v 0.188261 -0.049637 -0.395288
v 0.188261 -0.047361 -0.395288
v 0.173763 -0.062335 -0.449396
v 0.173763 -0.059973 -0.449396
v 0.184574 -0.059973 -0.423296
v 0.184574 -0.062335 -0.423296
v 0.156565 -0.062335 -0.471808
v 0.156565 -0.059973 -0.471808
v 0.134153 -0.062335 -0.489006
v 0.134153 -0.059973 -0.489006
v 0.108053 -0.062335 -0.499817
v 0.108053 -0.059973 -0.499817
v 0.080045 -0.062335 -0.503504
v 0.080045 -0.059973 -0.503504
v 0.052037 -0.062335 -0.499817
v 0.052037 -0.059973 -0.499817
v 0.080045 -0.059973 -0.503504
v 0.080045 -0.062335 -0.503504
v 0.025937 -0.062335 -0.489006
v 0.025937 -0.059973 -0.489006
v 0.003525 -0.062335 -0.471808
v 0.003525 -0.059973 -0.471808
v -0.013673 -0.062335 -0.449396
v -0.013673 -0.059973 -0.449396
v -0.024484 -0.062335 -0.423296
v -0.024484 -0.059973 -0.423296
v -0.028171 -0.062335 -0.395288
v -0.028171 -0.059973 -0.395288
v -0.024484 -0.062335 -0.367280
v -0.024484 -0.059973 -0.367280
v -0.013673 -0.062335 -0.341180
v -0.013673 -0.059973 -0.341180
v 0.003525 -0.062335 -0.318768
v 0.003525 -0.059973 -0.318768
v 0.025937 -0.062335 -0.301570
v 0.025937 -0.059973 -0.301570
v 0.052037 -0.062335 -0.290759
v 0.052037 -0.059973 -0.290759
v 0.080045 -0.062335 -0.287072
v 0.080045 -0.059973 -0.287072
v 0.108053 -0.062335 -0.290759
v 0.108053 -0.059973 -0.290759
v 0.134153 -0.062335 -0.301570
v 0.134153 -0.059973 -0.301570
v 0.156565 -0.062335 -0.318768
v 0.156565 -0.059973 -0.318768
v 0.173763 -0.062335 -0.341180
v 0.173763 -0.059973 -0.341180
v 0.184574 -0.062335 -0.367280
v 0.184574 -0.059973 -0.367280
v 0.188261 -0.062335 -0.395288
v 0.188261 -0.059973 -0.395288
v 0.090912 -0.112791 -0.500253
v 0.069281 -0.112791 -0.500253
v 0.069281 -0.110329 -0.501053
v 0.090912 -0.110329 -0.501053
v 0.090912 -0.112791 -0.497664
v 0.069281 -0.112791 -0.497664
v 0.069281 -0.112791 -0.500253
v 0.090912 -0.112791 -0.500253
v 0.090912 -0.110329 -0.496864
v 0.069281 -0.110329 -0.496864
v 0.069281 -0.112791 -0.497664
v 0.090912 -0.112791 -0.497664
v 0.090912 -0.108807 -0.498959
v 0.069281 -0.108807 -0.498959
v 0.069281 -0.110329 -0.496864
v 0.090912 -0.110329 -0.496864
v 0.090912 -0.110329 -0.501053
v 0.069281 -0.110329 -0.501053
v 0.069281 -0.108807 -0.498959
v 0.090912 -0.108807 -0.498959
v 0.086914 -0.097295 -0.504576
v 0.086914 -0.106922 -0.499897
v 0.073221 -0.106922 -0.499897
v 0.073221 -0.097295 -0.504576
v 0.086914 -0.105696 -0.498124
v 0.086914 -0.106922 -0.499897
v 0.086914 -0.097295 -0.504576
v 0.086914 -0.096362 -0.502634
v 0.073221 -0.105696 -0.498124
v 0.073221 -0.096362 -0.502634
v 0.073221 -0.097295 -0.504576
v 0.073221 -0.106922 -0.499897
v 0.086914 -0.091528 -0.505419
v 0.086914 -0.091545 -0.503267
v 0.073221 -0.091528 -0.505419
v 0.086914 -0.091528 -0.505419
v 0.073221 -0.091545 -0.503267
v 0.073221 -0.091528 -0.505419
v 0.086914 -0.086748 -0.502215
v 0.086914 -0.088371 -0.500796
v 0.073221 -0.086748 -0.502215
v 0.086914 -0.086748 -0.502215
v 0.073221 -0.088371 -0.500796
v 0.073221 -0.086748 -0.502215
v 0.086914 -0.085900 -0.495926
v 0.086914 -0.087730 -0.495787
v 0.073221 -0.086748 -0.502215
v 0.073221 -0.085900 -0.495926
v 0.086914 -0.085900 -0.495926
v 0.086914 -0.086748 -0.502215
v 0.073221 -0.087730 -0.495787
v 0.073221 -0.085900 -0.495926
v 0.072292 -0.089223 -0.504625
v 0.070595 -0.088722 -0.504547
v 0.088072 -0.088785 -0.504586
v 0.089539 -0.088508 -0.504234
v 0.089539 -0.133860 -0.504767
v 0.072292 -0.078742 -0.496321
v 0.088072 -0.078742 -0.496321
v 0.088072 -0.102592 -0.496659
v 0.072292 -0.102592 -0.496659
v 0.070595 -0.133860 -0.501278
v 0.089539 -0.133860 -0.501270
v 0.089539 -0.128325 -0.492272
v 0.070595 -0.128325 -0.492272
v 0.072292 -0.078742 -0.496321
v 0.070595 -0.078742 -0.496321
v 0.089539 -0.078742 -0.496321
v 0.088072 -0.078742 -0.496321
v 0.089539 -0.133860 -0.501270
v 0.089539 -0.133860 -0.504767
v 0.088072 -0.133860 -0.504767
v 0.088072 -0.133860 -0.504767
v 0.088072 -0.133860 -0.502315
v 0.072292 -0.108321 -0.502315
v 0.088072 -0.108321 -0.502315
v 0.088072 -0.133860 -0.502315
v 0.072292 -0.133860 -0.502315
v 0.072292 -0.133860 -0.502315
v 0.072292 -0.133860 -0.504767
v 0.072292 -0.133860 -0.504767
v 0.070595 -0.133860 -0.504767
v 0.070595 -0.133860 -0.504767
v 0.070595 -0.133860 -0.501278
v 0.072292 -0.102592 -0.496659
v 0.088072 -0.102592 -0.496659
v 0.088072 -0.108321 -0.502315
v 0.072292 -0.108321 -0.502315
v 0.072292 -0.133860 -0.502315
v 0.070595 -0.133860 -0.501278
v 0.070595 -0.133860 -0.504767
v 0.072292 -0.133860 -0.504767
v 0.089539 -0.133860 -0.501270
v 0.088072 -0.133860 -0.502315
v 0.088072 -0.133860 -0.504767
v 0.089539 -0.133860 -0.504767
v 0.093266 -0.096624 -0.302521
v 0.093266 -0.096624 -0.293009
v 0.099140 -0.103990 -0.293009
v 0.099140 -0.103990 -0.302521
v 0.084778 -0.092536 -0.302521
v 0.084778 -0.092536 -0.293009
v 0.075357 -0.092536 -0.302521
v 0.075357 -0.092536 -0.293009
v 0.066868 -0.096624 -0.302521
v 0.066868 -0.096624 -0.293009
v 0.060994 -0.103990 -0.302521
v 0.060994 -0.103990 -0.293009
v 0.058898 -0.113175 -0.302521
v 0.058898 -0.113175 -0.293009
v 0.060994 -0.122360 -0.302521
v 0.060994 -0.122360 -0.293009
v 0.066868 -0.129725 -0.302521
v 0.066868 -0.129725 -0.293009
v 0.075357 -0.133813 -0.302521
v 0.075357 -0.133813 -0.293009
v 0.084778 -0.133813 -0.302521
v 0.084778 -0.133813 -0.293009
v 0.075357 -0.133813 -0.293009
v 0.075357 -0.133813 -0.302521
v 0.093266 -0.129725 -0.302521
v 0.093266 -0.129725 -0.293009
v 0.099140 -0.122360 -0.302521
v 0.099140 -0.122360 -0.293009
v 0.101236 -0.113175 -0.302521
v 0.101236 -0.113175 -0.293009
v 0.156061 0.070293 -0.407241
v 0.156061 0.080176 -0.407241
v 0.160657 0.080176 -0.401476
v 0.160657 0.070293 -0.401476
v 0.149418 0.070293 -0.410439
v 0.149418 0.080176 -0.410439
v 0.142045 0.070293 -0.410439
v 0.142045 0.080176 -0.410439
v 0.135403 0.070293 -0.407241
v 0.135403 0.080176 -0.407241
v 0.130806 0.070293 -0.401476
v 0.130806 0.080176 -0.401476
v 0.129165 0.070293 -0.394289
v 0.129165 0.080176 -0.394289
v 0.130806 0.070293 -0.387101
v 0.130806 0.080176 -0.387101
v 0.129165 0.080176 -0.394289
v 0.129165 0.070293 -0.394289
v 0.135403 0.070293 -0.381337
v 0.135403 0.080176 -0.381337
v 0.142045 0.070293 -0.378138
v 0.142045 0.080176 -0.378138
v 0.149418 0.070293 -0.378138
v 0.149418 0.080176 -0.378138
v 0.156061 0.070293 -0.381337
v 0.156061 0.080176 -0.381337
v 0.160657 0.070293 -0.387101
v 0.160657 0.080176 -0.387101
v 0.162298 0.070293 -0.394289
v 0.162298 0.080176 -0.394289
v 0.085175 0.081814 -0.332607
v 0.085175 0.086905 -0.334893
v 0.074960 0.086905 -0.334893
v 0.074960 0.081814 -0.332607
v 0.085175 0.093272 -0.334944
v 0.085175 0.093379 -0.340058
v 0.074960 0.093379 -0.340058
v 0.074960 0.093272 -0.334944
v 0.085175 0.080384 -0.335330
v 0.085175 0.081814 -0.332607
v 0.074960 0.081814 -0.332607
v 0.074960 0.080384 -0.335330
v 0.085175 0.080384 -0.335330
v 0.085175 0.081814 -0.332607
v 0.074960 0.080384 -0.335330
v 0.074960 0.081814 -0.332607
v 0.085175 0.093272 -0.334944
v 0.074960 0.093272 -0.334944
v 0.166096 -0.214219 -0.444970
v 0.166096 -0.009259 -0.444970
v 0.176023 -0.009259 -0.421005
v 0.176023 -0.214219 -0.421005
v 0.150306 -0.214219 -0.465549
v 0.150306 -0.009259 -0.465549
v 0.129727 -0.214219 -0.481339
v 0.129727 -0.009259 -0.481339
v 0.105762 -0.214219 -0.491266
v 0.105762 -0.009259 -0.491266
v 0.080045 -0.214219 -0.494651
v 0.080045 -0.009259 -0.494651
v 0.054328 -0.214219 -0.491266
v 0.054328 -0.009259 -0.491266
v 0.080045 -0.009259 -0.494651
v 0.080045 -0.214219 -0.494651
v 0.030363 -0.214219 -0.481339
v 0.030363 -0.009259 -0.481339
v 0.009784 -0.214219 -0.465549
v 0.009784 -0.009259 -0.465549
v -0.006006 -0.214219 -0.444970
v -0.006006 -0.009259 -0.444970
v -0.015933 -0.214219 -0.421005
v -0.015933 -0.009259 -0.421005
v -0.019318 -0.214219 -0.395288
v -0.019318 -0.009259 -0.395288
v -0.015933 -0.214219 -0.369571
v -0.015933 -0.009259 -0.369571
v -0.006006 -0.214219 -0.345606
v -0.006006 -0.009259 -0.345606
v 0.009784 -0.214219 -0.325027
v 0.009784 -0.009259 -0.325027
v 0.030363 -0.214219 -0.309237
v 0.030363 -0.009259 -0.309237
v 0.054328 -0.214219 -0.299310
v 0.054328 -0.009259 -0.299310
v 0.080045 -0.214219 -0.295924
v 0.080045 -0.009259 -0.295924
v 0.105762 -0.214219 -0.299310
v 0.105762 -0.009259 -0.299310
v 0.129727 -0.214219 -0.309237
v 0.129727 -0.009259 -0.309237
v 0.150306 -0.214219 -0.325027
v 0.150306 -0.009259 -0.325027
v 0.166096 -0.214219 -0.345606
v 0.166096 -0.009259 -0.345606
v 0.176023 -0.214219 -0.369571
v 0.176023 -0.009259 -0.369571
v 0.179409 -0.214219 -0.395288
v 0.179409 -0.009259 -0.395288
v 0.166096 -0.009259 -0.444970
v 0.175151 -0.009259 -0.450197
v 0.186122 -0.009259 -0.423711
v 0.176023 -0.009259 -0.421005
v 0.150306 -0.009259 -0.465549
v 0.157699 -0.009259 -0.472942
v 0.129727 -0.009259 -0.481339
v 0.134954 -0.009259 -0.490394
v 0.105762 -0.009259 -0.491266
v 0.108468 -0.009259 -0.501365
v 0.080045 -0.009259 -0.494651
v 0.080045 -0.009259 -0.505107
v 0.054328 -0.009259 -0.491266
v 0.051622 -0.009259 -0.501365
v 0.030363 -0.009259 -0.481339
v 0.025136 -0.009259 -0.490394
v 0.009784 -0.009259 -0.465549
v 0.002391 -0.009259 -0.472942
v -0.006006 -0.009259 -0.444970
v -0.015061 -0.009259 -0.450197
v -0.015933 -0.009259 -0.421005
v -0.026032 -0.009259 -0.423711
v -0.019318 -0.009259 -0.395288
v -0.029774 -0.009259 -0.395288
v -0.015933 -0.009259 -0.369571
v -0.026032 -0.009259 -0.366865
v -0.006006 -0.009259 -0.345606
v -0.015061 -0.009259 -0.340378
v 0.009784 -0.009259 -0.325027
v 0.002391 -0.009259 -0.317634
v 0.030363 -0.009259 -0.309237
v 0.025136 -0.009259 -0.300182
v 0.054328 -0.009259 -0.299310
v 0.051622 -0.009259 -0.289211
v 0.080045 -0.009259 -0.295924
v 0.080045 -0.009259 -0.285469
v 0.105762 -0.009259 -0.299310
v 0.108468 -0.009259 -0.289211
v 0.129727 -0.009259 -0.309237
v 0.134954 -0.009259 -0.300182
v 0.150306 -0.009259 -0.325027
v 0.157699 -0.009259 -0.317634
v 0.166096 -0.009259 -0.345606
v 0.175151 -0.009259 -0.340378
v 0.176023 -0.009259 -0.369571
v 0.186122 -0.009259 -0.366865
v 0.179409 -0.009259 -0.395288
v 0.189864 -0.009259 -0.395288
v 0.175151 -0.009259 -0.450197
v 0.170728 0.007433 -0.447644
v 0.181189 0.007433 -0.422389
v 0.186122 -0.009259 -0.423711
v 0.157699 -0.009259 -0.472942
v 0.154087 0.007433 -0.469330
v 0.134954 -0.009259 -0.490394
v 0.132401 0.007433 -0.485971
v 0.108468 -0.009259 -0.501365
v 0.107146 0.007433 -0.496432
v 0.080045 -0.009259 -0.505107
v 0.080045 0.007433 -0.499999
v 0.051622 -0.009259 -0.501365
v 0.052944 0.007433 -0.496432
v 0.080045 0.007433 -0.499999
v 0.080045 -0.009259 -0.505107
v 0.025136 -0.009259 -0.490394
v 0.027689 0.007433 -0.485971
v 0.002391 -0.009259 -0.472942
v 0.006003 0.007433 -0.469330
v -0.015061 -0.009259 -0.450197
v -0.010638 0.007433 -0.447644
v -0.026032 -0.009259 -0.423711
v -0.021098 0.007433 -0.422389
v -0.029774 -0.009259 -0.395288
v -0.024666 0.007433 -0.395288
v -0.026032 -0.009259 -0.366865
v -0.021098 0.007433 -0.368187
v -0.015061 -0.009259 -0.340378
v -0.010638 0.007433 -0.342932
v 0.002391 -0.009259 -0.317634
v 0.006003 0.007433 -0.321246
v 0.025136 -0.009259 -0.300182
v 0.027689 0.007433 -0.304605
v 0.051622 -0.009259 -0.289211
v 0.052944 0.007433 -0.294144
v 0.080045 -0.009259 -0.285469
v 0.080045 0.007433 -0.290576
v 0.108468 -0.009259 -0.289211
v 0.107146 0.007433 -0.294144
v 0.134954 -0.009259 -0.300182
v 0.132401 0.007433 -0.304605
v 0.157699 -0.009259 -0.317634
v 0.154087 0.007433 -0.321246
v 0.175151 -0.009259 -0.340378
v 0.170728 0.007433 -0.342932
v 0.186122 -0.009259 -0.366865
v 0.181189 0.007433 -0.368187
v 0.189864 -0.009259 -0.395288
v 0.184757 0.007433 -0.395288
v 0.170728 0.007433 -0.447644
v 0.165767 0.007433 -0.444780
v 0.175656 0.007433 -0.420907
v 0.181189 0.007433 -0.422389
v 0.154087 0.007433 -0.469330
v 0.150037 0.007433 -0.465280
v 0.132401 0.007433 -0.485971
v 0.129537 0.007433 -0.481010
v 0.107146 0.007433 -0.496432
v 0.105664 0.007433 -0.490899
v 0.080045 0.007433 -0.499999
v 0.080045 0.007433 -0.494272
v 0.052944 0.007433 -0.496432
v 0.054426 0.007433 -0.490899
v 0.027689 0.007433 -0.485971
v 0.030553 0.007433 -0.481010
v 0.006003 0.007433 -0.469330
v 0.010053 0.007433 -0.465280
v -0.010638 0.007433 -0.447644
v -0.005677 0.007433 -0.444780
v -0.021098 0.007433 -0.422389
v -0.015566 0.007433 -0.420907
v -0.024666 0.007433 -0.395288
v -0.018939 0.007433 -0.395288
v -0.021098 0.007433 -0.368187
v -0.015566 0.007433 -0.369669
v -0.010638 0.007433 -0.342932
v -0.005677 0.007433 -0.345796
v 0.006003 0.007433 -0.321246
v 0.010053 0.007433 -0.325296
v 0.027689 0.007433 -0.304605
v 0.030553 0.007433 -0.309566
v 0.052944 0.007433 -0.294144
v 0.054426 0.007433 -0.299677
v 0.080045 0.007433 -0.290576
v 0.080045 0.007433 -0.296304
v 0.107146 0.007433 -0.294144
v 0.105664 0.007433 -0.299677
v 0.132401 0.007433 -0.304605
v 0.129537 0.007433 -0.309566
v 0.154087 0.007433 -0.321246
v 0.150037 0.007433 -0.325296
v 0.170728 0.007433 -0.342932
v 0.165767 0.007433 -0.345796
v 0.181189 0.007433 -0.368187
v 0.175656 0.007433 -0.369669
v 0.184757 0.007433 -0.395288
v 0.179029 0.007433 -0.395288
v 0.173968 0.064442 -0.420455
v 0.177281 0.064442 -0.395288
v 0.179029 0.057976 -0.395288
v 0.175656 0.057976 -0.420907
v 0.169357 0.069175 -0.419219
v 0.172508 0.069175 -0.395288
v 0.160120 0.069175 -0.441519
v 0.164254 0.064442 -0.443906
v 0.165767 0.057976 -0.444780
v 0.145426 0.069175 -0.460669
v 0.148802 0.064442 -0.464044
v 0.150037 0.057976 -0.465280
v 0.126276 0.069175 -0.475363
v 0.128663 0.064442 -0.479497
v 0.129537 0.057976 -0.481010
v 0.103976 0.069175 -0.484600
v 0.105212 0.064442 -0.489211
v 0.105664 0.057976 -0.490899
v 0.080045 0.069175 -0.487751
v 0.080045 0.064442 -0.492524
v 0.080045 0.057976 -0.494272
v 0.056114 0.069175 -0.484600
v 0.054878 0.064442 -0.489211
v 0.054426 0.057976 -0.490899
v 0.033814 0.069175 -0.475363
v 0.031427 0.064442 -0.479497
v 0.030553 0.057976 -0.481010
v 0.014664 0.069175 -0.460669
v 0.011289 0.064442 -0.464045
v 0.010053 0.057976 -0.465280
v -0.000030 0.069175 -0.441519
v -0.004164 0.064442 -0.443906
v -0.005677 0.057976 -0.444780
v -0.009267 0.069175 -0.419219
v -0.013878 0.064442 -0.420455
v -0.015566 0.057976 -0.420907
v -0.012418 0.069175 -0.395288
v -0.017191 0.064442 -0.395288
v -0.018939 0.057976 -0.395288
v -0.009267 0.069175 -0.371357
v -0.013878 0.064442 -0.370121
v -0.015566 0.057976 -0.369669
v -0.000030 0.069175 -0.349057
v -0.004164 0.064442 -0.346670
v -0.005677 0.057976 -0.345796
v 0.014664 0.069175 -0.329907
v 0.011289 0.064442 -0.326531
v 0.010053 0.057976 -0.325296
v 0.033814 0.069175 -0.315213
v 0.031427 0.064442 -0.311079
v 0.030553 0.057976 -0.309566
v 0.056114 0.069175 -0.305976
v 0.054878 0.064442 -0.301365
v 0.054426 0.057976 -0.299677
v 0.080045 0.069175 -0.302825
v 0.080045 0.064442 -0.298052
v 0.080045 0.057976 -0.296304
v 0.103976 0.069175 -0.305976
v 0.105212 0.064442 -0.301365
v 0.105664 0.057976 -0.299677
v 0.126276 0.069175 -0.315213
v 0.128663 0.064442 -0.311079
v 0.129537 0.057976 -0.309566
v 0.145426 0.069175 -0.329907
v 0.148802 0.064442 -0.326531
v 0.150037 0.057976 -0.325296
v 0.160120 0.069175 -0.349057
v 0.164254 0.064442 -0.346670
v 0.165767 0.057976 -0.345796
v 0.169357 0.069175 -0.371357
v 0.173968 0.064442 -0.370121
v 0.175656 0.057976 -0.369669
v 0.165767 0.007433 -0.444780
v 0.165767 0.057976 -0.444780
v 0.175656 0.057976 -0.420907
v 0.175656 0.007433 -0.420907
v 0.150037 0.007433 -0.465280
v 0.150037 0.057976 -0.465280
v 0.129537 0.007433 -0.481010
v 0.129537 0.057976 -0.481010
v 0.105664 0.007433 -0.490899
v 0.105664 0.057976 -0.490899
v 0.080045 0.007433 -0.494272
v 0.080045 0.057976 -0.494272
v 0.054426 0.007433 -0.490899
v 0.054426 0.057976 -0.490899
v 0.080045 0.057976 -0.494272
v 0.080045 0.007433 -0.494272
v 0.030553 0.007433 -0.481010
v 0.030553 0.057976 -0.481010
v 0.010053 0.007433 -0.465280
v 0.010053 0.057976 -0.465280
v -0.005677 0.007433 -0.444780
v -0.005677 0.057976 -0.444780
v -0.015566 0.007433 -0.420907
v -0.015566 0.057976 -0.420907
v -0.018939 0.007433 -0.395288
v -0.018939 0.057976 -0.395288
v -0.015566 0.007433 -0.369669
v -0.015566 0.057976 -0.369669
v -0.005677 0.007433 -0.345796
v -0.005677 0.057976 -0.345796
v 0.010053 0.007433 -0.325296
v 0.010053 0.057976 -0.325296
v 0.030553 0.007433 -0.309566
v 0.030553 0.057976 -0.309566
v 0.054426 0.007433 -0.299677
v 0.054426 0.057976 -0.299677
v 0.080045 0.007433 -0.296304
v 0.080045 0.057976 -0.296304
v 0.105664 0.007433 -0.299677
v 0.105664 0.057976 -0.299677
v 0.129537 0.007433 -0.309566
v 0.129537 0.057976 -0.309566
v 0.150037 0.007433 -0.325296
v 0.150037 0.057976 -0.325296
v 0.165767 0.007433 -0.345796
v 0.165767 0.057976 -0.345796
v 0.175656 0.007433 -0.369669
v 0.175656 0.057976 -0.369669
v 0.179029 0.007433 -0.395288
v 0.179029 0.057976 -0.395288
v 0.097690 0.096312 -0.340171
v 0.097690 0.096312 -0.356335
v 0.062444 0.096312 -0.356335
v 0.062444 0.096312 -0.340171
v 0.069839 0.096312 -0.437630
v 0.069804 0.078708 -0.437716
v 0.066508 0.078708 -0.437716
v 0.066508 0.096312 -0.437630
v 0.097690 0.086986 -0.356335
v 0.097690 0.068194 -0.349292
v 0.062444 0.068194 -0.349292
v 0.062444 0.086986 -0.356335
v 0.062444 0.068194 -0.349292
v 0.062444 0.068194 -0.332721
v 0.093280 0.068194 -0.325052
v 0.093180 0.078256 -0.325049
v 0.067442 0.078256 -0.324940
v 0.067442 0.068194 -0.324940
v 0.097690 0.068194 -0.349292
v 0.097177 0.068194 -0.330399
v 0.097690 0.078256 -0.332721
v 0.097690 0.096312 -0.340171
v 0.062444 0.096312 -0.340171
v 0.062444 0.078256 -0.332721
v 0.096068 0.078256 -0.328315
v 0.062444 0.078256 -0.332721
v 0.064066 0.078256 -0.328315
v 0.096068 0.078256 -0.328315
v 0.097690 0.078256 -0.332721
v 0.062444 0.068194 -0.332721
v 0.064066 0.068194 -0.328315
v 0.064066 0.078256 -0.328315
v 0.062444 0.078256 -0.332721
v 0.090763 0.096312 -0.364279
v 0.069371 0.096312 -0.364279
v 0.090763 0.086986 -0.364279
v 0.090763 0.096312 -0.364279
v 0.062444 0.086986 -0.356335
v 0.069371 0.086986 -0.364279
v 0.090763 0.086986 -0.364279
v 0.097690 0.086986 -0.356335
v 0.069371 0.096312 -0.364279
v 0.069371 0.086986 -0.364279
v 0.090763 0.096312 -0.426593
v 0.069371 0.096312 -0.426593
v 0.090763 0.086986 -0.426593
v 0.090763 0.096312 -0.426593
v 0.069371 0.086986 -0.426593
v 0.090763 0.086986 -0.426593
v 0.069371 0.096312 -0.426593
v 0.069371 0.086986 -0.426593
v 0.093180 0.078256 -0.325049
v 0.093280 0.068194 -0.325052
v 0.067442 0.078256 -0.324940
v 0.093180 0.078256 -0.325049
v 0.067442 0.068194 -0.324940
v 0.067442 0.078256 -0.324940
v 0.093627 0.096312 -0.430969
v 0.066508 0.086986 -0.430969
v 0.093627 0.086986 -0.430969
v 0.066508 0.096312 -0.430969
v 0.093627 0.096312 -0.437630
v 0.066508 0.096312 -0.437630
v 0.089726 0.078708 -0.465410
v 0.090694 0.069936 -0.464961
v 0.070408 0.069936 -0.465374
v 0.070408 0.078708 -0.465410
v 0.066508 0.086986 -0.430969
v 0.066508 0.069936 -0.431160
v 0.093627 0.069936 -0.431160
v 0.093627 0.086986 -0.430969
v 0.066508 0.078708 -0.437716
v 0.069804 0.078708 -0.437716
v 0.093627 0.069936 -0.460496
v 0.093627 0.078708 -0.460532
v 0.066984 0.078708 -0.462185
v 0.066738 0.069936 -0.461625
v 0.093627 0.069936 -0.460496
v 0.093885 0.078709 -0.460663
v 0.089726 0.078708 -0.465410
v 0.070408 0.078708 -0.465410
v 0.090119 0.096312 -0.437630
v 0.093627 0.096312 -0.437630
v 0.093627 0.078708 -0.437716
v 0.090055 0.078708 -0.437716
v 0.090055 0.078708 -0.437716
v 0.093627 0.078708 -0.437716
v 0.073768 0.090449 -0.444602
v 0.073589 0.078708 -0.458473
v 0.069849 0.078708 -0.458473
v 0.069839 0.096312 -0.437630
v 0.086347 0.090449 -0.444602
v 0.090119 0.096312 -0.437630
v 0.090041 0.078708 -0.458473
v 0.086391 0.078708 -0.458473
v 0.073589 0.078708 -0.458473
v 0.073589 0.090450 -0.458473
v 0.086391 0.090450 -0.458473
v 0.086391 0.078708 -0.458473
v 0.073589 0.090450 -0.458473
v 0.073768 0.090449 -0.444602
v 0.086347 0.090449 -0.444602
v 0.086391 0.090450 -0.458473
v 0.176023 -0.214219 -0.421005
v 0.171134 -0.219088 -0.419695
v 0.161713 -0.219088 -0.442439
v 0.166096 -0.214219 -0.444970
v 0.146727 -0.219088 -0.461970
v 0.150306 -0.214219 -0.465549
v 0.127196 -0.219088 -0.476956
v 0.129727 -0.214219 -0.481339
v 0.104452 -0.219088 -0.486377
v 0.105762 -0.214219 -0.491266
v 0.080045 -0.219088 -0.489590
v 0.080045 -0.214219 -0.494651
v 0.080045 -0.214219 -0.494651
v 0.080045 -0.219088 -0.489590
v 0.055638 -0.219088 -0.486377
v 0.054328 -0.214219 -0.491266
v 0.032894 -0.219088 -0.476956
v 0.030363 -0.214219 -0.481339
v 0.013363 -0.219088 -0.461970
v 0.009784 -0.214219 -0.465549
v -0.001623 -0.219088 -0.442439
v -0.006006 -0.214219 -0.444970
v -0.011044 -0.219088 -0.419695
v -0.015933 -0.214219 -0.421005
v -0.014257 -0.219088 -0.395288
v -0.019318 -0.214219 -0.395288
v -0.011044 -0.219088 -0.370881
v -0.015933 -0.214219 -0.369571
v -0.001623 -0.219088 -0.348137
v -0.006006 -0.214219 -0.345606
v 0.013363 -0.219088 -0.328606
v 0.009784 -0.214219 -0.325027
v 0.032894 -0.219088 -0.313620
v 0.030363 -0.214219 -0.309237
v 0.055638 -0.219088 -0.304199
v 0.054328 -0.214219 -0.299310
v 0.080045 -0.219088 -0.300986
v 0.080045 -0.214219 -0.295924
v 0.104452 -0.219088 -0.304199
v 0.105762 -0.214219 -0.299310
v 0.127196 -0.219088 -0.313620
v 0.129727 -0.214219 -0.309237
v 0.146727 -0.219088 -0.328606
v 0.150306 -0.214219 -0.325027
v 0.161713 -0.219088 -0.348137
v 0.166096 -0.214219 -0.345606
v 0.171134 -0.219088 -0.370881
v 0.176023 -0.214219 -0.369571
v 0.174347 -0.219088 -0.395288
v 0.179409 -0.214219 -0.395288
v 0.090442 -0.100165 -0.294561
v 0.090442 -0.100165 -0.281369
v 0.095059 -0.105955 -0.281369
v 0.095059 -0.105955 -0.294561
v 0.083770 -0.096952 -0.294561
v 0.083770 -0.096952 -0.281369
v 0.076365 -0.096952 -0.294561
v 0.076365 -0.096952 -0.281369
v 0.069693 -0.100165 -0.294561
v 0.069693 -0.100165 -0.281369
v 0.065076 -0.105955 -0.294561
v 0.065076 -0.105955 -0.281369
v 0.063428 -0.113175 -0.294561
v 0.063428 -0.113175 -0.281369
v 0.065076 -0.120394 -0.294561
v 0.065076 -0.120394 -0.281369
v 0.069693 -0.126184 -0.294561
v 0.069693 -0.126184 -0.281369
v 0.076365 -0.129397 -0.294561
v 0.076365 -0.129397 -0.281369
v 0.083770 -0.129397 -0.294561
v 0.083770 -0.129397 -0.281369
v 0.076365 -0.129397 -0.281369
v 0.076365 -0.129397 -0.294561
v 0.090442 -0.126184 -0.294561
v 0.090442 -0.126184 -0.281369
v 0.095059 -0.120394 -0.294561
v 0.095059 -0.120394 -0.281369
v 0.096707 -0.113175 -0.294561
v 0.096707 -0.113175 -0.281369
v 0.184310 -0.224612 -0.466598
v -0.024176 -0.224612 -0.466598
v -0.024176 -0.220025 -0.462560
v 0.184310 -0.220025 -0.462560
v 0.184310 -0.230403 -0.464643
v -0.024176 -0.230403 -0.464643
v -0.024176 -0.224612 -0.466598
v 0.184310 -0.224612 -0.466598
v 0.184310 -0.231606 -0.458652
v -0.024176 -0.231606 -0.458652
v -0.024176 -0.230403 -0.464643
v 0.184310 -0.230403 -0.464643
v 0.184310 -0.227018 -0.454614
v -0.024176 -0.227018 -0.454614
v -0.024176 -0.231606 -0.458652
v 0.184310 -0.231606 -0.458652
v 0.184310 -0.221228 -0.456569
v -0.024176 -0.221228 -0.456569
v -0.024176 -0.227018 -0.454614
v 0.184310 -0.227018 -0.454614
v 0.184310 -0.220025 -0.462560
v -0.024176 -0.220025 -0.462560
v -0.024176 -0.221228 -0.456569
v 0.184310 -0.221228 -0.456569
v 0.161178 -0.139313 -0.503181
v -0.001044 -0.139313 -0.503181
v -0.001044 -0.135567 -0.503181
v 0.161178 -0.135567 -0.503181
v 0.161178 -0.141186 -0.499937
v -0.001044 -0.141186 -0.499937
v -0.001044 -0.139313 -0.503181
v 0.161178 -0.139313 -0.503181
v 0.161178 -0.139313 -0.496693
v -0.001044 -0.139313 -0.496693
v -0.001044 -0.141186 -0.499937
v 0.161178 -0.141186 -0.499937
v 0.161178 -0.135567 -0.496693
v -0.001044 -0.135567 -0.496693
v -0.001044 -0.139313 -0.496693
v 0.161178 -0.139313 -0.496693
v 0.161178 -0.133695 -0.499937
v -0.001044 -0.133695 -0.499937
v -0.001044 -0.135567 -0.496693
v 0.161178 -0.135567 -0.496693
v 0.161178 -0.135567 -0.503181
v -0.001044 -0.135567 -0.503181
v -0.001044 -0.133695 -0.499937
v 0.161178 -0.133695 -0.499937
v 0.161178 -0.094497 -0.502782
v -0.001044 -0.094497 -0.502782
v -0.001044 -0.091619 -0.503181
v 0.161178 -0.091619 -0.503181
v 0.161178 -0.096370 -0.499937
v -0.001044 -0.096370 -0.499937
v -0.001044 -0.094497 -0.502782
v 0.161178 -0.094497 -0.502782
v 0.161178 -0.094497 -0.496693
v -0.001044 -0.094497 -0.496693
v -0.001044 -0.096370 -0.499937
v 0.161178 -0.096370 -0.499937
v 0.161178 -0.090751 -0.496693
v -0.001044 -0.090751 -0.496693
v -0.001044 -0.094497 -0.496693
v 0.161178 -0.094497 -0.496693
v 0.161178 -0.088879 -0.500339
v -0.001044 -0.088879 -0.500339
v -0.001044 -0.090751 -0.496693
v 0.161178 -0.090751 -0.496693
v 0.161178 -0.091619 -0.503181
v -0.001044 -0.091619 -0.503181
v -0.001044 -0.088879 -0.500339
v 0.161178 -0.088879 -0.500339
v 0.127413 -0.232941 -0.294725
v 0.126461 -0.227229 -0.296890
v 0.142639 -0.227229 -0.304697
v 0.144132 -0.232941 -0.302901
v 0.127413 -0.221517 -0.294725
v 0.144132 -0.221517 -0.302901
v 0.142639 -0.227229 -0.304697
v 0.126461 -0.227229 -0.296890
v 0.125174 -0.219129 -0.287889
v 0.147738 -0.219151 -0.298567
v 0.132010 -0.221517 -0.284266
v 0.151343 -0.221517 -0.294233
v 0.132962 -0.227229 -0.282100
v 0.152836 -0.227229 -0.292437
v 0.132010 -0.232941 -0.284266
v 0.151343 -0.232941 -0.294233
v 0.125069 -0.235239 -0.287897
v 0.147738 -0.235307 -0.298567
v 0.151615 -0.227229 -0.315683
v 0.155136 -0.227223 -0.331270
v 0.157454 -0.232924 -0.331141
v 0.153794 -0.232941 -0.314761
v 0.153794 -0.221517 -0.314761
v 0.157371 -0.221517 -0.330699
v 0.155105 -0.227223 -0.331254
v 0.151615 -0.227229 -0.315683
v 0.159055 -0.219151 -0.312537
v 0.163197 -0.219159 -0.331157
v 0.164316 -0.221517 -0.310313
v 0.168876 -0.221497 -0.331031
v 0.166495 -0.227229 -0.309391
v 0.171275 -0.227184 -0.331085
v 0.164316 -0.232941 -0.310313
v 0.168794 -0.232941 -0.330590
v 0.159055 -0.235307 -0.312537
v 0.163197 -0.235315 -0.331215
v 0.157770 -0.221557 -0.449830
v 0.169188 -0.232985 -0.449740
v 0.110912 -0.232941 -0.292331
v 0.110912 -0.227229 -0.294697
v 0.110912 -0.232941 -0.280907
v 0.110912 -0.227229 -0.278541
v 0.110912 -0.221517 -0.280907
v 0.110912 -0.221517 -0.292331
v 0.110912 -0.227229 -0.294697
v 0.155341 -0.227229 -0.450295
v 0.157707 -0.232941 -0.450295
v 0.155341 -0.227229 -0.450295
v 0.163419 -0.219151 -0.450294
v 0.169131 -0.221517 -0.450294
v 0.171497 -0.227229 -0.450294
v 0.163419 -0.235307 -0.450294
v 0.157707 -0.228619 -0.473103
v 0.155341 -0.223499 -0.470571
v 0.155341 -0.211184 -0.487704
v 0.157707 -0.214566 -0.492307
v 0.155341 -0.223499 -0.470571
v 0.157707 -0.218379 -0.468039
v 0.157707 -0.207803 -0.483100
v 0.155341 -0.211184 -0.487704
v 0.163419 -0.216259 -0.466990
v 0.163419 -0.206402 -0.481193
v 0.169131 -0.218380 -0.468038
v 0.169131 -0.207803 -0.483100
v 0.171497 -0.223500 -0.470570
v 0.171497 -0.211185 -0.487703
v 0.169131 -0.228620 -0.473103
v 0.169131 -0.214566 -0.492307
v 0.163419 -0.230740 -0.474152
v 0.163419 -0.215967 -0.494214
v 0.155341 -0.192993 -0.496103
v 0.157707 -0.194704 -0.501553
v 0.157707 -0.191282 -0.490653
v 0.155341 -0.192993 -0.496103
v 0.163419 -0.190574 -0.488396
v 0.169131 -0.191283 -0.490653
v 0.171497 -0.192994 -0.496103
v 0.169131 -0.194705 -0.501553
v 0.163419 -0.195413 -0.503810
v 0.155341 -0.164684 -0.499991
v 0.157707 -0.164690 -0.505701
v 0.157707 -0.164679 -0.494280
v 0.155341 -0.164684 -0.499991
v 0.163419 -0.164676 -0.491915
v 0.169131 -0.164679 -0.494280
v 0.171497 -0.164684 -0.499991
v 0.169131 -0.164689 -0.505701
v 0.163419 -0.164692 -0.508067
v 0.155341 -0.059019 -0.499991
v 0.157707 -0.059024 -0.505701
v 0.157707 -0.059014 -0.494280
v 0.155341 -0.059019 -0.499991
v 0.163419 -0.059011 -0.491915
v 0.169131 -0.059014 -0.494280
v 0.171497 -0.059019 -0.499991
v 0.169131 -0.059024 -0.505701
v 0.163419 -0.059027 -0.508067
v 0.035065 -0.219219 -0.287897
v 0.049222 -0.221517 -0.280907
v 0.049222 -0.221517 -0.292331
v 0.049222 -0.227229 -0.294697
v 0.049222 -0.232941 -0.292331
v 0.049222 -0.227229 -0.294697
v 0.034960 -0.235329 -0.287889
v 0.049222 -0.232941 -0.280907
v 0.049222 -0.227229 -0.278541
v 0.155341 0.135258 -0.499991
v 0.157707 0.135252 -0.505701
v 0.157707 0.135263 -0.494280
v 0.155341 0.135258 -0.499991
v 0.163419 0.135265 -0.491915
v 0.169131 0.135263 -0.494280
v 0.171497 0.135258 -0.499991
v 0.169131 0.135253 -0.505701
v 0.163419 -0.031116 -0.508067
v 0.163419 0.135250 -0.508067
v 0.155341 0.154476 -0.502904
v 0.157707 0.153253 -0.508356
v 0.157707 0.155699 -0.497451
v 0.155341 0.154476 -0.502904
v 0.163419 0.156205 -0.495193
v 0.169131 0.155699 -0.497452
v 0.171509 0.158589 -0.503900
v 0.169063 0.155915 -0.509001
v 0.163419 0.152747 -0.510615
v 0.157707 0.169468 -0.515274
v 0.155341 0.171781 -0.510053
v 0.155393 0.228302 -0.540837
v 0.157757 0.225805 -0.545971
v 0.155341 0.171781 -0.510053
v 0.157707 0.174093 -0.504831
v 0.157761 0.230809 -0.535709
v 0.155393 0.228302 -0.540837
v 0.163419 0.175051 -0.502669
v 0.163474 0.231857 -0.533592
v 0.169131 0.174093 -0.504831
v 0.169185 0.230832 -0.535725
v 0.171549 0.228335 -0.540859
v 0.169181 0.225828 -0.545987
v 0.163419 0.168510 -0.517437
v 0.163468 0.224780 -0.548105
v 0.152147 0.243071 -0.549137
v 0.153931 0.241047 -0.554682
v 0.154589 0.246287 -0.544485
v 0.152147 0.243071 -0.549137
v 0.160167 0.249296 -0.543451
v 0.165133 0.249649 -0.546641
v 0.166917 0.247625 -0.552186
v 0.164474 0.244410 -0.556839
v 0.159236 0.241886 -0.557872
v 0.144020 0.252346 -0.554454
v 0.145061 0.250830 -0.560360
v 0.145990 0.256434 -0.550274
v 0.144020 0.252346 -0.554454
v 0.150403 0.261294 -0.550268
v 0.153844 0.263238 -0.554440
v 0.154884 0.261722 -0.560346
v 0.152915 0.257634 -0.564527
v 0.149089 0.253369 -0.564532
v 0.137358 0.272281 -0.559925
v 0.135568 0.269044 -0.554923
v 0.133043 0.263204 -0.554059
v 0.131606 0.258349 -0.557840
v 0.131606 0.258349 -0.557840
v 0.131856 0.257204 -0.564051
v 0.133646 0.260441 -0.569053
v 0.136170 0.266281 -0.569917
v 0.137607 0.271137 -0.566136
v 0.115221 0.271608 -0.556761
v 0.113869 0.265749 -0.555734
v 0.112904 0.260857 -0.559314
v 0.112904 0.260857 -0.559314
v 0.112889 0.259796 -0.565404
v 0.113834 0.263188 -0.570436
v 0.115185 0.269047 -0.571463
v 0.116151 0.273939 -0.567883
v 0.116166 0.275000 -0.561793
v 0.172726 -0.060457 -0.499991
v 0.172112 -0.032683 -0.500253
v 0.169751 -0.032678 -0.494031
v 0.170000 -0.060451 -0.493412
v 0.163682 -0.032675 -0.491301
v 0.163419 -0.060448 -0.490687
v 0.157458 -0.032678 -0.493661
v 0.156839 -0.060451 -0.493412
v 0.154113 -0.034258 -0.499991
v 0.154113 -0.060457 -0.499991
v 0.154113 -0.060457 -0.499991
v 0.154113 -0.034258 -0.499991
v 0.157087 -0.032689 -0.505950
v 0.156839 -0.060462 -0.506570
v 0.163419 -0.034266 -0.509295
v 0.163419 -0.060465 -0.509295
v 0.169380 -0.032689 -0.506321
v 0.170000 -0.060462 -0.506570
v 0.155341 -0.031108 -0.499991
v 0.155341 -0.031108 -0.499991
v 0.032721 -0.232941 -0.294725
v 0.016002 -0.232941 -0.302901
v 0.017496 -0.227229 -0.304697
v 0.033674 -0.227229 -0.296890
v 0.017496 -0.227229 -0.304697
v 0.016002 -0.221517 -0.302901
v 0.032721 -0.221517 -0.294725
v 0.033674 -0.227229 -0.296890
v 0.012397 -0.219151 -0.298567
v 0.008791 -0.221517 -0.294233
v 0.028124 -0.221517 -0.284266
v 0.007298 -0.227229 -0.292437
v 0.027172 -0.227229 -0.282100
v 0.008791 -0.232941 -0.294233
v 0.028124 -0.232941 -0.284266
v 0.012397 -0.235307 -0.298567
v 0.002680 -0.232924 -0.331141
v 0.004998 -0.227223 -0.331270
v 0.008520 -0.227229 -0.315683
v 0.006341 -0.232941 -0.314761
v 0.005030 -0.227223 -0.331254
v 0.002763 -0.221517 -0.330699
v 0.006341 -0.221517 -0.314761
v 0.008520 -0.227229 -0.315683
v -0.003062 -0.219159 -0.331157
v 0.001079 -0.219151 -0.312537
v -0.008741 -0.221497 -0.331031
v -0.004182 -0.221517 -0.310313
v -0.011140 -0.227184 -0.331085
v -0.006361 -0.227229 -0.309391
v -0.008660 -0.232941 -0.330590
v -0.004182 -0.232941 -0.310313
v -0.003063 -0.235315 -0.331215
v 0.001079 -0.235307 -0.312537
v 0.002365 -0.221557 -0.449830
v -0.009053 -0.232985 -0.449740
v 0.002427 -0.232941 -0.450295
v 0.004793 -0.227229 -0.450295
v 0.004793 -0.227229 -0.450295
v -0.003285 -0.219151 -0.450294
v -0.008997 -0.221517 -0.450294
v -0.011363 -0.227229 -0.450294
v -0.003285 -0.235307 -0.450294
v 0.002427 -0.228619 -0.473103
v 0.002427 -0.214566 -0.492307
v 0.004793 -0.211184 -0.487704
v 0.004793 -0.223499 -0.470571
v 0.004793 -0.223499 -0.470571
v 0.004793 -0.211184 -0.487704
v 0.002427 -0.207803 -0.483100
v 0.002427 -0.218379 -0.468039
v -0.003285 -0.206402 -0.481193
v -0.003285 -0.216259 -0.466990
v -0.008997 -0.207803 -0.483100
v -0.008997 -0.218380 -0.468038
v -0.011363 -0.211185 -0.487703
v -0.011363 -0.223500 -0.470570
v -0.008997 -0.214566 -0.492307
v -0.008997 -0.228620 -0.473103
v -0.003285 -0.215967 -0.494214
v -0.003285 -0.230740 -0.474152
v 0.002427 -0.194704 -0.501553
v 0.004793 -0.192993 -0.496103
v 0.004793 -0.192993 -0.496103
v 0.002427 -0.191282 -0.490653
v -0.003285 -0.190574 -0.488396
v -0.008997 -0.191283 -0.490653
v -0.011363 -0.192994 -0.496103
v -0.008997 -0.194705 -0.501553
v -0.003285 -0.195413 -0.503810
v 0.002427 -0.164690 -0.505701
v 0.004793 -0.164684 -0.499991
v 0.004793 -0.164684 -0.499991
v 0.002427 -0.164679 -0.494280
v -0.003285 -0.164676 -0.491915
v -0.008997 -0.164679 -0.494280
v -0.011363 -0.164684 -0.499991
v -0.008997 -0.164689 -0.505701
v -0.003285 -0.164692 -0.508067
v 0.002427 -0.059024 -0.505701
v 0.004793 -0.059019 -0.499991
v 0.004793 -0.059019 -0.499991
v 0.002427 -0.059014 -0.494280
v -0.003285 -0.059011 -0.491915
v -0.008997 -0.059014 -0.494280
v -0.011363 -0.059019 -0.499991
v -0.008997 -0.059024 -0.505701
v -0.003285 -0.059027 -0.508067
v 0.002427 0.135252 -0.505701
v 0.004793 0.135258 -0.499991
v 0.004793 0.135258 -0.499991
v 0.002427 0.135263 -0.494280
v 0.004793 -0.031108 -0.499991
v -0.003285 0.135265 -0.491915
v -0.003285 -0.031101 -0.491915
v -0.008997 0.135263 -0.494280
v -0.011363 0.135258 -0.499991
v -0.008997 0.135253 -0.505701
v -0.008997 -0.031114 -0.505701
v -0.003285 0.135250 -0.508067
v -0.003285 -0.031116 -0.508067
v 0.002427 0.153253 -0.508356
v 0.004793 0.154476 -0.502904
v 0.004793 0.154476 -0.502904
v 0.002427 0.155699 -0.497451
v -0.003285 0.156205 -0.495193
v -0.008997 0.155699 -0.497452
v -0.011374 0.158589 -0.503900
v -0.008928 0.155915 -0.509001
v -0.003285 0.152747 -0.510615
v 0.002427 0.169468 -0.515274
v 0.002377 0.225805 -0.545971
v 0.004741 0.228302 -0.540837
v 0.004793 0.171781 -0.510053
v 0.004793 0.171781 -0.510053
v 0.004741 0.228302 -0.540837
v 0.002373 0.230809 -0.535709
v 0.002427 0.174093 -0.504831
v -0.003340 0.231857 -0.533592
v -0.003285 0.175051 -0.502669
v -0.009051 0.230832 -0.535725
v -0.008997 0.174093 -0.504831
v -0.011415 0.228335 -0.540859
v -0.009047 0.225828 -0.545987
v -0.003334 0.224780 -0.548105
v -0.003285 0.168510 -0.517437
v 0.006204 0.241047 -0.554682
v 0.007988 0.243071 -0.549137
v 0.007988 0.243071 -0.549137
v 0.005545 0.246287 -0.544485
v -0.000033 0.249296 -0.543451
v -0.004998 0.249649 -0.546641
v -0.006782 0.247625 -0.552186
v -0.004340 0.244410 -0.556839
v 0.000898 0.241886 -0.557872
v 0.015074 0.250830 -0.560360
v 0.016114 0.252346 -0.554454
v 0.016114 0.252346 -0.554454
v 0.014145 0.256434 -0.550274
v 0.009732 0.261294 -0.550268
v 0.006291 0.263238 -0.554440
v 0.005250 0.261722 -0.560346
v 0.007219 0.257634 -0.564527
v 0.011045 0.253369 -0.564532
v 0.024567 0.269044 -0.554923
v 0.022777 0.272281 -0.559925
v 0.027091 0.263204 -0.554059
v 0.028528 0.258349 -0.557840
v 0.028279 0.257204 -0.564051
v 0.028528 0.258349 -0.557840
v 0.030610 0.261821 -0.569829
v 0.023964 0.266281 -0.569917
v 0.022527 0.271137 -0.566136
v 0.046265 0.265749 -0.555734
v 0.044914 0.271608 -0.556761
v 0.047231 0.260857 -0.559314
v 0.047245 0.259796 -0.565404
v 0.047231 0.260857 -0.559314
v 0.044949 0.269047 -0.571463
v 0.043983 0.273939 -0.567883
v 0.043969 0.275000 -0.561793
v -0.009617 -0.032678 -0.494031
v -0.011977 -0.032683 -0.500253
v -0.012592 -0.060457 -0.499991
v -0.009866 -0.060451 -0.493412
v -0.003285 -0.034250 -0.490687
v -0.003285 -0.060448 -0.490687
v 0.002676 -0.032678 -0.493661
v 0.003296 -0.060451 -0.493412
v 0.006022 -0.034258 -0.499991
v 0.006022 -0.060457 -0.499991
v 0.003047 -0.032689 -0.505950
v 0.006022 -0.034258 -0.499991
v 0.006022 -0.060457 -0.499991
v 0.003296 -0.060462 -0.506570
v -0.003285 -0.034266 -0.509295
v -0.003285 -0.060465 -0.509295
v -0.009866 -0.034264 -0.506570
v -0.009866 -0.060462 -0.506570
v 0.004793 -0.031108 -0.499991
v 0.146817 -0.221559 -0.301974
v 0.146787 -0.217000 -0.301959
v 0.149206 -0.216973 -0.301496
v 0.149236 -0.221532 -0.301510
v 0.144778 -0.221585 -0.300591
v 0.144748 -0.217026 -0.300577
v 0.146787 -0.217000 -0.301959
v 0.146817 -0.221559 -0.301974
v 0.144313 -0.221594 -0.298172
v 0.144283 -0.217035 -0.298158
v 0.145695 -0.221580 -0.296134
v 0.145664 -0.217021 -0.296120
v 0.144283 -0.217035 -0.298158
v 0.144313 -0.221594 -0.298172
v 0.149112 -0.221541 -0.295890
v 0.149551 -0.216977 -0.296194
v 0.145664 -0.217021 -0.296120
v 0.145695 -0.221580 -0.296134
v 0.150618 -0.221519 -0.299472
v 0.150588 -0.216960 -0.299458
v 0.149236 -0.221532 -0.301510
v 0.149206 -0.216973 -0.301496
v 0.150588 -0.216960 -0.299458
v 0.150618 -0.221519 -0.299472
v 0.006607 -0.273131 -0.312448
v 0.006607 -0.268023 -0.317556
v 0.018729 -0.268023 -0.317556
v 0.018729 -0.273131 -0.312448
v 0.006607 -0.261046 -0.319425
v 0.018729 -0.261046 -0.319425
v 0.006607 -0.261046 -0.319425
v 0.006607 -0.254069 -0.317556
v 0.018729 -0.254069 -0.317556
v 0.018729 -0.261046 -0.319425
v 0.006607 -0.248962 -0.312448
v 0.018729 -0.248962 -0.312448
v 0.006607 -0.247092 -0.305471
v 0.018729 -0.247092 -0.305471
v 0.006607 -0.248962 -0.298494
v 0.018729 -0.248962 -0.298494
v 0.006607 -0.254069 -0.293387
v 0.018729 -0.254069 -0.293387
v 0.006607 -0.261046 -0.291517
v 0.018729 -0.261046 -0.291517
v 0.006607 -0.268023 -0.293387
v 0.018729 -0.268023 -0.293387
v 0.006607 -0.273131 -0.298494
v 0.018729 -0.273131 -0.298494
v 0.006607 -0.275000 -0.305471
v 0.018729 -0.275000 -0.305471
v -0.000148 -0.263307 -0.304632
v -0.000148 -0.262480 -0.307393
v 0.025371 -0.262480 -0.307393
v 0.025371 -0.263307 -0.304632
v -0.000148 -0.262480 -0.307393
v -0.000148 -0.259599 -0.307460
v 0.025371 -0.259599 -0.307460
v 0.025371 -0.262480 -0.307393
v -0.000148 -0.259599 -0.307460
v -0.000148 -0.258646 -0.304740
v 0.025371 -0.258646 -0.304740
v 0.025371 -0.259599 -0.307460
v -0.000148 -0.258646 -0.304740
v -0.000148 -0.260937 -0.302993
v 0.025371 -0.260937 -0.302993
v 0.025371 -0.258646 -0.304740
v -0.000148 -0.260937 -0.302993
v -0.000148 -0.263307 -0.304632
v 0.025371 -0.263307 -0.304632
v 0.025371 -0.260937 -0.302993
v 0.001362 -0.238130 -0.305876
v 0.005792 -0.238130 -0.310801
v 0.005792 -0.246196 -0.310801
v 0.001355 -0.246196 -0.305876
v 0.012673 -0.238130 -0.312548
v 0.012673 -0.246196 -0.312548
v 0.019572 -0.238130 -0.310863
v 0.019572 -0.246196 -0.310863
v 0.023906 -0.238130 -0.305876
v 0.023906 -0.246196 -0.305876
v 0.023906 -0.238130 -0.305876
v 0.023911 -0.238130 -0.291836
v 0.023911 -0.246196 -0.291836
v 0.023906 -0.246196 -0.305876
v 0.023911 -0.238130 -0.291836
v 0.019455 -0.238130 -0.287713
v 0.019455 -0.246196 -0.287713
v 0.023911 -0.246196 -0.291836
v 0.012776 -0.238130 -0.285675
v 0.012776 -0.246196 -0.285675
v 0.006079 -0.238130 -0.287651
v 0.006079 -0.246196 -0.287651
v 0.001368 -0.238130 -0.291834
v 0.001355 -0.246196 -0.291834
v 0.001368 -0.238130 -0.291834
v 0.001355 -0.246196 -0.291834
v 0.004344 -0.264190 -0.308449
v 0.004341 -0.265212 -0.305172
v 0.001351 -0.265212 -0.305173
v 0.001352 -0.264190 -0.308449
v 0.021088 -0.265212 -0.305171
v 0.021089 -0.264190 -0.308449
v 0.023881 -0.264190 -0.308449
v 0.023881 -0.265212 -0.305171
v 0.001351 -0.260684 -0.310212
v 0.001351 -0.263700 -0.301511
v 0.001351 -0.263700 -0.301511
v 0.004342 -0.263700 -0.301511
v 0.004318 -0.246196 -0.291835
v 0.001355 -0.246196 -0.291834
v 0.004342 -0.263700 -0.301511
v 0.004338 -0.260684 -0.310212
v 0.004289 -0.246196 -0.305876
v 0.004318 -0.246196 -0.291835
v 0.004338 -0.260684 -0.310212
v 0.001351 -0.260684 -0.310212
v 0.001355 -0.246196 -0.305876
v 0.004289 -0.246196 -0.305876
v 0.023883 -0.263695 -0.301513
v 0.023883 -0.260680 -0.310211
v 0.023883 -0.260680 -0.310211
v 0.021088 -0.260680 -0.310211
v 0.021088 -0.246196 -0.305876
v 0.023906 -0.246196 -0.305876
v 0.021088 -0.246196 -0.305876
v 0.021088 -0.260680 -0.310211
v 0.021088 -0.263695 -0.301513
v 0.021088 -0.246196 -0.291838
v 0.021088 -0.263695 -0.301513
v 0.023883 -0.263695 -0.301513
v 0.023911 -0.246196 -0.291836
v 0.021088 -0.246196 -0.291838
v 0.021089 -0.264190 -0.308449
v 0.021088 -0.265212 -0.305171
v 0.023881 -0.264190 -0.308449
v 0.021089 -0.264190 -0.308449
v 0.023881 -0.265212 -0.305171
v 0.023881 -0.264190 -0.308449
v 0.001352 -0.264190 -0.308449
v 0.001351 -0.265212 -0.305173
v 0.004344 -0.264190 -0.308449
v 0.001352 -0.264190 -0.308449
v 0.004341 -0.265212 -0.305172
v 0.004344 -0.264190 -0.308449
v 0.009618 -0.227571 -0.303549
v 0.013922 -0.227562 -0.304376
v 0.013920 -0.243603 -0.304381
v 0.009616 -0.243629 -0.303555
v 0.013922 -0.227562 -0.304376
v 0.017549 -0.227527 -0.301917
v 0.017548 -0.243599 -0.301922
v 0.013920 -0.243603 -0.304381
v 0.018375 -0.227487 -0.297613
v 0.018374 -0.243594 -0.297618
v 0.015916 -0.227466 -0.293985
v 0.015915 -0.243592 -0.293991
v 0.011612 -0.227475 -0.293159
v 0.011610 -0.243617 -0.293164
v 0.007984 -0.227510 -0.295618
v 0.007983 -0.243621 -0.295623
v 0.007158 -0.227550 -0.299922
v 0.007157 -0.243626 -0.299927
v 0.134763 -0.262480 -0.307393
v 0.160282 -0.262480 -0.307393
v 0.160282 -0.263307 -0.304632
v 0.134763 -0.263307 -0.304632
v 0.134763 -0.259599 -0.307460
v 0.160282 -0.259599 -0.307460
v 0.160282 -0.262480 -0.307393
v 0.134763 -0.262480 -0.307393
v 0.134763 -0.258646 -0.304740
v 0.160282 -0.258646 -0.304740
v 0.160282 -0.259599 -0.307460
v 0.134763 -0.259599 -0.307460
v 0.134763 -0.260937 -0.302993
v 0.160282 -0.260937 -0.302993
v 0.160282 -0.258646 -0.304740
v 0.134763 -0.258646 -0.304740
v 0.134763 -0.263307 -0.304632
v 0.160282 -0.263307 -0.304632
v 0.160282 -0.260937 -0.302993
v 0.134763 -0.260937 -0.302993
v 0.154342 -0.246196 -0.310801
v 0.154342 -0.238130 -0.310801
v 0.158772 -0.238130 -0.305876
v 0.158780 -0.246196 -0.305876
v 0.147462 -0.246196 -0.312548
v 0.147462 -0.238130 -0.312548
v 0.140562 -0.246196 -0.310863
v 0.140562 -0.238130 -0.310863
v 0.136228 -0.246196 -0.305876
v 0.136228 -0.238130 -0.305876
v 0.136224 -0.246196 -0.291836
v 0.136224 -0.238130 -0.291836
v 0.136228 -0.238130 -0.305876
v 0.136228 -0.246196 -0.305876
v 0.140679 -0.246196 -0.287713
v 0.140679 -0.238130 -0.287713
v 0.136224 -0.238130 -0.291836
v 0.136224 -0.246196 -0.291836
v 0.147358 -0.246196 -0.285675
v 0.147358 -0.238130 -0.285675
v 0.154056 -0.246196 -0.287651
v 0.154056 -0.238130 -0.287651
v 0.158779 -0.246196 -0.291834
v 0.158767 -0.238130 -0.291834
v 0.158767 -0.238130 -0.291834
v 0.158779 -0.246196 -0.291834
v 0.158783 -0.265212 -0.305173
v 0.155793 -0.265212 -0.305172
v 0.155790 -0.264190 -0.308449
v 0.158783 -0.264190 -0.308449
v 0.136254 -0.264190 -0.308449
v 0.139046 -0.264190 -0.308449
v 0.139046 -0.265212 -0.305171
v 0.136254 -0.265212 -0.305171
v 0.158783 -0.263700 -0.301511
v 0.158783 -0.260684 -0.310212
v 0.155816 -0.246196 -0.291835
v 0.155792 -0.263700 -0.301511
v 0.158783 -0.263700 -0.301511
v 0.158779 -0.246196 -0.291834
v 0.155845 -0.246196 -0.305876
v 0.155796 -0.260684 -0.310212
v 0.155792 -0.263700 -0.301511
v 0.155816 -0.246196 -0.291835
v 0.158780 -0.246196 -0.305876
v 0.158783 -0.260684 -0.310212
v 0.155796 -0.260684 -0.310212
v 0.155845 -0.246196 -0.305876
v 0.136251 -0.260680 -0.310211
v 0.136251 -0.263695 -0.301513
v 0.139046 -0.246196 -0.305876
v 0.139046 -0.260680 -0.310211
v 0.136251 -0.260680 -0.310211
v 0.136228 -0.246196 -0.305876
v 0.139046 -0.246196 -0.305876
v 0.139047 -0.246196 -0.291838
v 0.139046 -0.263695 -0.301513
v 0.139046 -0.260680 -0.310211
v 0.136224 -0.246196 -0.291836
v 0.136251 -0.263695 -0.301513
v 0.139046 -0.263695 -0.301513
v 0.139047 -0.246196 -0.291838
v 0.139046 -0.265212 -0.305171
v 0.139046 -0.264190 -0.308449
v 0.139046 -0.264190 -0.308449
v 0.136254 -0.264190 -0.308449
v 0.136254 -0.264190 -0.308449
v 0.136254 -0.265212 -0.305171
v 0.158783 -0.265212 -0.305173
v 0.158783 -0.264190 -0.308449
v 0.158783 -0.264190 -0.308449
v 0.155790 -0.264190 -0.308449
v 0.155790 -0.264190 -0.308449
v 0.155793 -0.265212 -0.305172
v 0.146214 -0.243603 -0.304381
v 0.146213 -0.227562 -0.304376
v 0.150517 -0.227571 -0.303549
v 0.150518 -0.243629 -0.303555
v 0.142587 -0.243599 -0.301922
v 0.142585 -0.227527 -0.301917
v 0.146213 -0.227562 -0.304376
v 0.146214 -0.243603 -0.304381
v 0.141760 -0.243594 -0.297618
v 0.141759 -0.227487 -0.297613
v 0.144220 -0.243592 -0.293991
v 0.144218 -0.227466 -0.293985
v 0.148524 -0.243617 -0.293164
v 0.148522 -0.227475 -0.293159
v 0.152152 -0.243621 -0.295623
v 0.152150 -0.227510 -0.295618
v 0.152978 -0.243626 -0.299927
v 0.152976 -0.227550 -0.299922
v 0.141406 -0.268023 -0.317556
v 0.153527 -0.268023 -0.317556
v 0.153527 -0.273131 -0.312448
v 0.141406 -0.273131 -0.312448
v 0.141406 -0.261046 -0.319425
v 0.153527 -0.261046 -0.319425
v 0.141406 -0.254069 -0.317556
v 0.153527 -0.254069 -0.317556
v 0.153527 -0.261046 -0.319425
v 0.141406 -0.261046 -0.319425
v 0.141406 -0.248962 -0.312448
v 0.153527 -0.248962 -0.312448
v 0.141406 -0.247092 -0.305471
v 0.153527 -0.247092 -0.305471
v 0.141406 -0.248962 -0.298494
v 0.153527 -0.248962 -0.298494
v 0.141406 -0.254069 -0.293387
v 0.153527 -0.254069 -0.293387
v 0.141406 -0.261046 -0.291517
v 0.153527 -0.261046 -0.291517
v 0.141406 -0.268023 -0.293387
v 0.153527 -0.268023 -0.293387
v 0.141406 -0.273131 -0.298494
v 0.153527 -0.273131 -0.298494
v 0.141406 -0.275000 -0.305471
v 0.153527 -0.275000 -0.305471
v 0.080067 -0.126638 -0.283917
v 0.081088 -0.127480 -0.267849
v 0.075549 -0.126690 -0.259387
v 0.073308 -0.124848 -0.283393
v 0.069488 -0.120844 -0.265058
v 0.068359 -0.119912 -0.282820
v 0.067722 -0.114124 -0.263873
v 0.066548 -0.113154 -0.282350
v 0.069556 -0.107372 -0.263275
v 0.068359 -0.106384 -0.282110
v 0.074499 -0.102399 -0.263424
v 0.073308 -0.101416 -0.282164
v 0.081225 -0.100537 -0.264282
v 0.080067 -0.099581 -0.282498
v 0.089241 -0.103355 -0.257657
v 0.086827 -0.101371 -0.283021
v 0.094414 -0.108511 -0.259221
v 0.091775 -0.106307 -0.283595
v 0.094591 -0.113894 -0.268258
v 0.093587 -0.113065 -0.284064
v 0.092757 -0.120645 -0.268856
v 0.091775 -0.119835 -0.284304
v 0.087815 -0.125618 -0.268707
v 0.086827 -0.124803 -0.284250
v 0.081088 -0.127480 -0.267849
v 0.080067 -0.126638 -0.283917
v 0.083449 -0.129388 -0.259117
v 0.073060 -0.123725 -0.251859
v 0.071802 -0.117412 -0.248805
v 0.073886 -0.110862 -0.247291
v 0.078753 -0.105829 -0.247722
v 0.085101 -0.103662 -0.249982
v 0.096748 -0.115638 -0.260294
v 0.095412 -0.122888 -0.260484
v 0.089796 -0.127221 -0.261377
v 0.083449 -0.129388 -0.259117
v 0.085953 -0.131359 -0.255879
v 0.081743 -0.131579 -0.249927
v 0.079531 -0.128800 -0.243515
v 0.079909 -0.123767 -0.238361
v 0.082775 -0.117828 -0.235846
v 0.087361 -0.112575 -0.236644
v 0.092440 -0.109415 -0.240541
v 0.096649 -0.109196 -0.246493
v 0.100852 -0.113586 -0.251852
v 0.099231 -0.117714 -0.257635
v 0.091510 -0.128469 -0.259508
v 0.085953 -0.131359 -0.255879
v 0.089052 -0.133721 -0.255102
v 0.089632 -0.137590 -0.248383
v 0.088352 -0.135497 -0.241319
v 0.091052 -0.132223 -0.235592
v 0.094996 -0.127101 -0.232815
v 0.099128 -0.121503 -0.233731
v 0.102340 -0.116929 -0.238094
v 0.105950 -0.116277 -0.244655
v 0.089052 -0.133721 -0.255102
v 0.094666 -0.137831 -0.257003
v 0.097864 -0.142449 -0.244542
v 0.102113 -0.140304 -0.239342
v 0.106746 -0.135684 -0.236802
v 0.110522 -0.129827 -0.237600
v 0.115143 -0.126193 -0.242850
v 0.109231 -0.119683 -0.253985
v 0.104982 -0.121828 -0.259184
v 0.100349 -0.126448 -0.261725
v 0.096573 -0.132306 -0.260926
v 0.094666 -0.137831 -0.257003
v 0.102527 -0.143326 -0.262686
v 0.107780 -0.150345 -0.260581
v 0.112705 -0.152744 -0.256015
v 0.112824 -0.147785 -0.247086
v 0.117784 -0.143393 -0.244783
v 0.121335 -0.137378 -0.245421
v 0.124792 -0.129524 -0.257243
v 0.121635 -0.128287 -0.263624
v 0.112229 -0.126894 -0.264428
v 0.107269 -0.131287 -0.266731
v 0.103718 -0.137302 -0.266094
v 0.102527 -0.143326 -0.262686
v 0.111826 -0.149478 -0.271976
v 0.123722 -0.154991 -0.257973
v 0.128836 -0.150701 -0.255826
v 0.136342 -0.147182 -0.260769
v 0.136308 -0.140424 -0.262859
v 0.125514 -0.135603 -0.278167
v 0.115978 -0.137049 -0.275434
v 0.116235 -0.145477 -0.278914
v 0.111826 -0.149478 -0.271976
v 0.122049 -0.155798 -0.284375
v 0.130893 -0.164612 -0.288542
v 0.135326 -0.166708 -0.283508
v 0.134968 -0.161942 -0.271610
v 0.145227 -0.160698 -0.276094
v 0.147688 -0.143659 -0.284938
v 0.142386 -0.141092 -0.288882
v 0.130350 -0.145815 -0.293219
v 0.122049 -0.155798 -0.284375
v 0.132853 -0.161927 -0.299375
v 0.152400 -0.171672 -0.296294
v 0.159632 -0.160557 -0.292697
v 0.158973 -0.153515 -0.293667
v 0.146873 -0.147741 -0.307796
v 0.137561 -0.157715 -0.308180
v 0.132853 -0.161927 -0.299375
v 0.143957 -0.167554 -0.316490
v 0.154315 -0.176292 -0.325062
v 0.158790 -0.178508 -0.319887
v 0.169074 -0.172852 -0.312730
v 0.170623 -0.155098 -0.320696
v 0.164486 -0.152206 -0.323153
v 0.152255 -0.156976 -0.326886
v 0.143957 -0.167554 -0.316490
v 0.155109 -0.172388 -0.335249
v 0.176067 -0.181890 -0.336192
v 0.183017 -0.170835 -0.331801
v 0.182667 -0.163997 -0.333145
v 0.168785 -0.157203 -0.344742
v 0.159758 -0.167470 -0.345304
v 0.155109 -0.172388 -0.335249
v 0.166070 -0.176147 -0.355192
v 0.176566 -0.183580 -0.366040
v 0.181594 -0.186140 -0.361663
v 0.192192 -0.180786 -0.354787
v 0.192168 -0.162158 -0.360374
v 0.185886 -0.159372 -0.362356
v 0.173767 -0.164362 -0.366024
v 0.166070 -0.176147 -0.355192
v 0.176606 -0.178550 -0.375864
v 0.192276 -0.185886 -0.367619
v 0.204915 -0.175958 -0.374617
v 0.205129 -0.169108 -0.377184
v 0.183727 -0.160888 -0.373716
v 0.180674 -0.172366 -0.386197
v 0.176606 -0.178550 -0.375864
v 0.186489 -0.179322 -0.396814
v 0.196540 -0.184612 -0.408935
v 0.196302 -0.187596 -0.392453
v 0.202635 -0.186694 -0.389580
v 0.207695 -0.182432 -0.387252
v 0.211138 -0.163149 -0.401105
v 0.199461 -0.160719 -0.390773
v 0.193128 -0.161622 -0.393646
v 0.188069 -0.165884 -0.395974
v 0.186489 -0.179322 -0.396814
v 0.195492 -0.178183 -0.417598
v 0.205754 -0.186400 -0.414273
v 0.212147 -0.185489 -0.411538
v 0.217123 -0.181238 -0.409019
v 0.223564 -0.173701 -0.417570
v 0.223384 -0.166373 -0.419678
v 0.207967 -0.159642 -0.410413
v 0.201575 -0.160552 -0.413148
v 0.196598 -0.164804 -0.415667
v 0.198318 -0.170242 -0.426829
v 0.195492 -0.178183 -0.417598
v 0.203387 -0.174848 -0.437773
v 0.207843 -0.180268 -0.437407
v 0.214140 -0.182858 -0.435701
v 0.220590 -0.181923 -0.433113
v 0.225465 -0.177714 -0.430336
v 0.221582 -0.159140 -0.427409
v 0.215285 -0.156551 -0.429115
v 0.208835 -0.157486 -0.431703
v 0.203960 -0.161695 -0.434480
v 0.203387 -0.174848 -0.437773
v 0.209947 -0.169028 -0.456900
v 0.214712 -0.174174 -0.457434
v 0.221219 -0.176577 -0.456341
v 0.227724 -0.175593 -0.453913
v 0.232484 -0.171485 -0.450800
v 0.234224 -0.165356 -0.447837
v 0.235950 -0.154221 -0.457063
v 0.227712 -0.153700 -0.445284
v 0.221205 -0.151297 -0.446377
v 0.214700 -0.152281 -0.448806
v 0.209940 -0.156389 -0.451918
v 0.208200 -0.162518 -0.454881
v 0.209947 -0.169028 -0.456900
v 0.214937 -0.160422 -0.474529
v 0.220001 -0.165052 -0.476119
v 0.226709 -0.167109 -0.475734
v 0.233262 -0.166041 -0.473476
v 0.237905 -0.162135 -0.469951
v 0.239394 -0.156437 -0.466104
v 0.232265 -0.145844 -0.461374
v 0.225558 -0.143788 -0.461759
v 0.219004 -0.144855 -0.464017
v 0.214361 -0.148762 -0.467542
v 0.212873 -0.154460 -0.471389
v 0.214937 -0.160422 -0.474529
v 0.218114 -0.148727 -0.490190
v 0.223407 -0.152514 -0.492909
v 0.230267 -0.154010 -0.493273
v 0.236854 -0.152815 -0.491185
v 0.241405 -0.149249 -0.487204
v 0.242699 -0.144268 -0.482397
v 0.241399 -0.131847 -0.485675
v 0.235096 -0.135418 -0.475333
v 0.228236 -0.133922 -0.474970
v 0.221649 -0.135117 -0.477058
v 0.217098 -0.138683 -0.481039
v 0.215804 -0.143665 -0.485845
v 0.218114 -0.148727 -0.490190
v 0.219239 -0.133589 -0.503457
v 0.224606 -0.136423 -0.507005
v 0.231510 -0.137326 -0.507881
v 0.238101 -0.136057 -0.505851
v 0.242613 -0.132957 -0.501457
v 0.243875 -0.125894 -0.498490
v 0.236076 -0.122018 -0.487061
v 0.229172 -0.121114 -0.486185
v 0.222581 -0.122383 -0.488216
v 0.218069 -0.125484 -0.492609
v 0.216887 -0.126627 -0.500796
v 0.219239 -0.133589 -0.503457
v 0.219307 -0.115514 -0.514779
v 0.224679 -0.117750 -0.518696
v 0.231585 -0.118375 -0.519741
v 0.238268 -0.108994 -0.522283
v 0.242743 -0.107116 -0.517183
v 0.241537 -0.099141 -0.506100
v 0.236172 -0.097545 -0.501872
v 0.229218 -0.105095 -0.496212
v 0.222715 -0.098697 -0.502588
v 0.218183 -0.101710 -0.507079
v 0.219307 -0.115514 -0.514779
v 0.219439 -0.095596 -0.524838
v 0.224814 -0.097497 -0.528925
v 0.231720 -0.098037 -0.530014
v 0.244094 -0.082317 -0.521019
v 0.229341 -0.086802 -0.505452
v 0.217106 -0.083122 -0.523268
v 0.219439 -0.095596 -0.524838
v 0.219560 -0.074249 -0.533596
v 0.224975 -0.065094 -0.541787
v 0.231905 -0.065838 -0.542821
v 0.238505 -0.065416 -0.540403
v 0.242993 -0.064212 -0.535115
v 0.241770 -0.058192 -0.522899
v 0.236397 -0.057272 -0.518473
v 0.229512 -0.057211 -0.517218
v 0.222938 -0.058296 -0.519375
v 0.218424 -0.060512 -0.524292
v 0.219560 -0.074249 -0.533596
v 0.219589 -0.051763 -0.541064
v 0.244157 -0.038783 -0.535569
v 0.217169 -0.039571 -0.537827
v 0.219589 -0.051763 -0.541064
v 0.219446 -0.028429 -0.547246
v 0.224676 -0.017284 -0.554471
v 0.231604 -0.017761 -0.555625
v 0.238214 -0.017475 -0.553221
v 0.242722 -0.016737 -0.547867
v 0.241483 -0.012430 -0.534971
v 0.236116 -0.012149 -0.530438
v 0.229232 -0.012345 -0.529163
v 0.222665 -0.013229 -0.531421
v 0.218164 -0.014800 -0.536570
v 0.219446 -0.028429 -0.547246
v 0.219053 -0.004540 -0.552138
v 0.243400 0.008554 -0.545372
v 0.216419 0.007405 -0.547556
v 0.219053 -0.004540 -0.552138
v 0.218329 0.019608 -0.555731
v 0.223166 0.032337 -0.561800
v 0.230090 0.032170 -0.563045
v 0.236714 0.032400 -0.560674
v 0.241254 0.032737 -0.555304
v 0.240016 0.035529 -0.541998
v 0.234677 0.035156 -0.537423
v 0.227810 0.034578 -0.536135
v 0.221253 0.033751 -0.538441
v 0.216757 0.032668 -0.543706
v 0.218329 0.019608 -0.555731
v 0.217198 0.043716 -0.558016
v 0.241146 0.057201 -0.550063
v 0.214202 0.055256 -0.552173
v 0.217198 0.043716 -0.558016
v 0.215579 0.067485 -0.558978
v 0.219764 0.081307 -0.563648
v 0.226675 0.081535 -0.564962
v 0.233317 0.081784 -0.562634
v 0.237911 0.081733 -0.557291
v 0.236727 0.082795 -0.543747
v 0.231429 0.081927 -0.539190
v 0.224616 0.080787 -0.537932
v 0.218084 0.079872 -0.540276
v 0.213587 0.079168 -0.545596
v 0.215579 0.067485 -0.558978
v 0.213395 0.090609 -0.558606
v 0.236716 0.104300 -0.549343
v 0.209904 0.100994 -0.551478
v 0.213395 0.090609 -0.558606
v 0.210567 0.112787 -0.556885
v 0.213778 0.127110 -0.559854
v 0.222589 0.115218 -0.562655
v 0.229159 0.115929 -0.560311
v 0.233735 0.116012 -0.554997
v 0.231045 0.126505 -0.540161
v 0.225751 0.125407 -0.535594
v 0.219069 0.123506 -0.534472
v 0.214268 0.111233 -0.538144
v 0.208092 0.122018 -0.542224
v 0.210567 0.112787 -0.556885
v 0.207021 0.133712 -0.553803
v 0.218879 0.137101 -0.559432
v 0.225428 0.137943 -0.557069
v 0.230033 0.137853 -0.551781
v 0.229410 0.147388 -0.542990
v 0.210921 0.130985 -0.535235
v 0.202973 0.141914 -0.545455
v 0.207021 0.133712 -0.553803
v 0.202679 0.153075 -0.549350
v 0.204500 0.167229 -0.550230
v 0.214283 0.157600 -0.554718
v 0.220792 0.158619 -0.552315
v 0.225437 0.158355 -0.547067
v 0.222373 0.164607 -0.531211
v 0.217107 0.162835 -0.526628
v 0.213383 0.150060 -0.528679
v 0.206874 0.149041 -0.531082
v 0.202229 0.149305 -0.536330
v 0.202679 0.153075 -0.549350
v 0.197471 0.170569 -0.543516
v 0.208676 0.176432 -0.548439
v 0.215117 0.177679 -0.545960
v 0.219815 0.177237 -0.540772
v 0.221510 0.175224 -0.534265
v 0.208544 0.166317 -0.523259
v 0.202103 0.165070 -0.525738
v 0.197405 0.165512 -0.530926
v 0.193003 0.175371 -0.534274
v 0.197471 0.170569 -0.543516
v 0.191327 0.185888 -0.536300
v 0.191215 0.199109 -0.534577
v 0.201919 0.193279 -0.540503
v 0.208249 0.194805 -0.537893
v 0.213018 0.194185 -0.532790
v 0.214950 0.191584 -0.526560
v 0.210060 0.195044 -0.516737
v 0.205127 0.191639 -0.512513
v 0.202934 0.180308 -0.516669
v 0.196605 0.178781 -0.519279
v 0.191835 0.179402 -0.524382
v 0.191327 0.185888 -0.536300
v 0.184185 0.198731 -0.527703
v 0.193865 0.207760 -0.530811
v 0.200020 0.209601 -0.527991
v 0.204885 0.208811 -0.523001
v 0.207155 0.205602 -0.517178
v 0.196542 0.191804 -0.508974
v 0.190387 0.189963 -0.511794
v 0.185523 0.190753 -0.516784
v 0.183253 0.193962 -0.522607
v 0.184185 0.198731 -0.527703
v 0.175976 0.208820 -0.517723
v 0.179154 0.214740 -0.519867
v 0.184397 0.219399 -0.519300
v 0.190300 0.221550 -0.516175
v 0.195282 0.220616 -0.511328
v 0.198008 0.216847 -0.506059
v 0.193553 0.215428 -0.496675
v 0.189558 0.209946 -0.493578
v 0.189328 0.200675 -0.500202
v 0.183424 0.198524 -0.503328
v 0.178442 0.199458 -0.508174
v 0.175716 0.203227 -0.513444
v 0.175976 0.208820 -0.517723
v 0.166626 0.215892 -0.506346
v 0.168928 0.222473 -0.507426
v 0.173480 0.227655 -0.506020
v 0.179062 0.230050 -0.502503
v 0.184177 0.229016 -0.497818
v 0.187456 0.224830 -0.493221
v 0.181165 0.206850 -0.490269
v 0.175583 0.204455 -0.493786
v 0.170468 0.205490 -0.498471
v 0.167189 0.209676 -0.503068
v 0.166626 0.215892 -0.506346
v 0.156035 0.219683 -0.493530
v 0.157393 0.226602 -0.493468
v 0.161193 0.232054 -0.491152
v 0.166416 0.234577 -0.487203
v 0.171664 0.233496 -0.482678
v 0.175530 0.229100 -0.478790
v 0.176977 0.222568 -0.476581
v 0.175619 0.215649 -0.476642
v 0.171819 0.210197 -0.478958
v 0.166596 0.207674 -0.482908
v 0.161348 0.208755 -0.487433
v 0.157482 0.213151 -0.491321
v 0.156035 0.219683 -0.493530
v 0.143980 0.219907 -0.479082
v 0.144864 0.226835 -0.478451
v 0.148285 0.232293 -0.475681
v 0.153327 0.234820 -0.471514
v 0.158638 0.233738 -0.467065
v 0.162796 0.229336 -0.463528
v 0.164687 0.222796 -0.461850
v 0.163803 0.215868 -0.462480
v 0.160382 0.210410 -0.465250
v 0.155340 0.207883 -0.469417
v 0.150028 0.208965 -0.473866
v 0.145870 0.213366 -0.477403
v 0.143980 0.219907 -0.479082
v -0.243458 -0.271327 -0.119693
v -0.244157 -0.257713 -0.119502
v -0.179255 -0.252099 -0.079665
v -0.168535 -0.253592 -0.092302
v -0.226166 -0.255866 -0.140916
v -0.236885 -0.254374 -0.128279
v -0.219198 -0.261188 -0.148928
v -0.220739 -0.274490 -0.146479
v -0.243458 -0.271327 -0.119693
v -0.079071 -0.268899 -0.026977
v -0.077531 -0.255597 -0.029426
v -0.102490 -0.252121 0.000000
v -0.101791 -0.265735 -0.000191
v -0.243458 -0.271327 -0.119693
v -0.244157 -0.257713 -0.119502
v -0.219198 -0.261188 -0.148928
v -0.220739 -0.274490 -0.146479
v -0.186526 -0.255438 -0.070888
v -0.244157 -0.257713 -0.119502
v -0.084499 -0.250275 -0.021414
v -0.095218 -0.248783 -0.008777
v -0.219198 -0.261188 -0.148928
v -0.161567 -0.258913 -0.100314
v -0.236885 -0.254374 -0.128279
v -0.226166 -0.255866 -0.140916
v -0.167681 -0.234669 -0.067385
v -0.147370 -0.229415 -0.091711
v -0.153346 -0.232106 -0.096512
v -0.174186 -0.237248 -0.071566
v -0.095218 -0.248783 -0.008777
v -0.084499 -0.250275 -0.021414
v -0.142038 -0.252546 -0.069951
v -0.152758 -0.251053 -0.057314
v -0.135070 -0.257868 -0.077963
v -0.077531 -0.255597 -0.029426
v -0.077531 -0.255597 -0.029426
v -0.079071 -0.268899 -0.026977
v -0.079071 -0.268899 -0.026977
v -0.101791 -0.265735 -0.000191
v -0.102490 -0.252121 0.000000
v -0.160029 -0.254392 -0.048537
v -0.102490 -0.252121 0.000000
v -0.162354 -0.236782 -0.061585
v -0.141514 -0.231639 -0.086531
v -0.129183 -0.244991 -0.112545
v -0.012177 -0.017759 -0.261883
v -0.008269 -0.015691 -0.255579
v -0.124390 -0.242065 -0.106359
v -0.136215 -0.242532 -0.116333
v -0.019135 -0.016120 -0.264745
v -0.012177 -0.017759 -0.261883
v -0.129183 -0.244991 -0.112545
v -0.141457 -0.236083 -0.115509
v -0.025051 -0.011736 -0.262478
v -0.141762 -0.229365 -0.110373
v -0.026442 -0.007203 -0.256433
v -0.137032 -0.226388 -0.104111
v -0.022546 -0.005165 -0.250181
v -0.129930 -0.228898 -0.100392
v -0.015641 -0.006776 -0.247322
v -0.124550 -0.235416 -0.101247
v -0.009713 -0.011131 -0.249539
v 0.077360 0.164605 -0.376560
v 0.083740 0.171433 -0.373385
v 0.073855 0.172785 -0.383811
v 0.077360 0.164605 -0.376560
v 0.067459 0.176322 -0.380943
v 0.065601 0.180003 -0.374332
v 0.069914 0.182820 -0.368606
v 0.077385 0.182157 -0.366409
v 0.082813 0.176970 -0.368054
v 0.084289 0.177054 -0.385357
v 0.084289 0.177054 -0.385357
v 0.090795 0.187547 -0.393560
v 0.097214 0.195425 -0.401538
v 0.098387 0.194880 -0.391935
v 0.088153 0.194958 -0.401679
v 0.097214 0.195425 -0.401538
v 0.090795 0.187547 -0.393560
v 0.082197 0.199699 -0.399547
v 0.077637 0.200000 -0.389511
v 0.085566 0.209389 -0.399351
v 0.081721 0.202359 -0.383496
v 0.089906 0.212005 -0.393651
v 0.088437 0.200426 -0.380400
v 0.096367 0.209816 -0.390240
v 0.097881 0.200711 -0.386939
v 0.104161 0.200822 -0.410027
v 0.112104 0.204495 -0.419614
v 0.117060 0.207555 -0.414599
v 0.108816 0.203772 -0.404650
v 0.104161 0.200822 -0.410027
v 0.097950 0.203343 -0.413816
v 0.106194 0.207126 -0.423765
v 0.112104 0.204495 -0.419614
v 0.097319 0.212127 -0.418038
v 0.094235 0.216508 -0.409961
v 0.103928 0.220821 -0.421653
v 0.098867 0.219417 -0.404620
v 0.108856 0.223839 -0.416670
v 0.105036 0.216935 -0.400850
v 0.114729 0.221247 -0.412542
v 0.113052 0.212871 -0.405575
v 0.146524 0.227204 -0.450029
v 0.150077 0.230935 -0.449077
v 0.141503 0.234994 -0.455894
v 0.140674 0.229970 -0.454675
v 0.133541 0.230282 -0.463026
v 0.135245 0.226759 -0.459543
v 0.130812 0.219456 -0.466339
v 0.133380 0.219450 -0.461802
v 0.134980 0.208863 -0.463831
v 0.136231 0.212163 -0.460098
v 0.143606 0.204741 -0.456971
v 0.142116 0.209355 -0.455421
v 0.147578 0.212611 -0.450527
v 0.151616 0.209519 -0.449798
v 0.149397 0.220082 -0.448291
v 0.154296 0.220383 -0.446530
v 0.150077 0.230935 -0.449077
v 0.163978 0.233193 -0.464921
v 0.155013 0.237479 -0.472019
v 0.141503 0.234994 -0.455894
v 0.146717 0.232519 -0.479480
v 0.133541 0.230282 -0.463026
v 0.143910 0.221056 -0.482985
v 0.130812 0.219456 -0.466339
v 0.148298 0.209944 -0.480415
v 0.134980 0.208863 -0.463831
v 0.157320 0.205593 -0.473276
v 0.143606 0.204741 -0.456971
v 0.143606 0.204741 -0.456971
v 0.157320 0.205593 -0.473276
v 0.165663 0.210622 -0.465768
v 0.151616 0.209519 -0.449798
v 0.168422 0.222023 -0.462309
v 0.154296 0.220383 -0.446530
v 0.149397 0.220082 -0.448291
v 0.146524 0.227204 -0.450029
v 0.140674 0.229970 -0.454675
v 0.135245 0.226759 -0.459543
v 0.133380 0.219450 -0.461802
v 0.136231 0.212163 -0.460098
v 0.142116 0.209355 -0.455421
v 0.142116 0.209355 -0.455421
v 0.147578 0.212611 -0.450527
v -0.124390 -0.242065 -0.106359
v -0.142087 -0.247571 -0.085121
v -0.148113 -0.250860 -0.089829
v -0.129183 -0.244991 -0.112545
v -0.136215 -0.242532 -0.116333
v -0.129183 -0.244991 -0.112545
v -0.148113 -0.250860 -0.089829
v -0.153912 -0.248037 -0.095096
v -0.141457 -0.236083 -0.115509
v -0.156231 -0.240356 -0.097983
v -0.141762 -0.229365 -0.110373
v -0.153346 -0.232106 -0.096512
v -0.137032 -0.226388 -0.104111
v -0.147370 -0.229415 -0.091711
v -0.141514 -0.231639 -0.086531
v -0.129930 -0.228898 -0.100392
v -0.139230 -0.239674 -0.083643
v -0.124550 -0.235416 -0.101247
v -0.162354 -0.236782 -0.061585
v 0.201434 -0.211820 -0.486653
v 0.206190 -0.221320 -0.470199
v 0.194337 -0.221320 -0.470199
v 0.194337 -0.211820 -0.486653
v 0.194337 -0.219260 -0.469010
v 0.206190 -0.219260 -0.469010
v 0.201434 -0.209761 -0.485464
v 0.194337 -0.209761 -0.485464
v 0.201434 -0.209761 -0.485464
v 0.206190 -0.219260 -0.469010
v 0.206190 -0.221320 -0.470199
v 0.201434 -0.211820 -0.486653
v 0.201434 -0.209737 -0.436388
v 0.206190 -0.219236 -0.452842
v 0.194337 -0.219236 -0.452842
v 0.194337 -0.209737 -0.436388
v 0.194337 -0.221296 -0.451652
v 0.206190 -0.221296 -0.451652
v 0.201434 -0.211797 -0.435199
v 0.194337 -0.211797 -0.435199
v 0.201434 -0.211797 -0.435199
v 0.206190 -0.221296 -0.451652
v 0.206190 -0.219236 -0.452842
v 0.201434 -0.209737 -0.436388
v 0.201434 -0.254309 -0.459716
v 0.206190 -0.235310 -0.459716
v 0.194337 -0.235310 -0.459716
v 0.194337 -0.254309 -0.459716
v 0.194337 -0.235310 -0.462094
v 0.206190 -0.235310 -0.462094
v 0.201434 -0.254309 -0.462094
v 0.194337 -0.254309 -0.462094
v 0.201434 -0.254309 -0.462094
v 0.206190 -0.235310 -0.462094
v 0.206190 -0.235310 -0.459716
v 0.201434 -0.254309 -0.459716
v 0.194109 -0.225289 -0.473138
v 0.207583 -0.225289 -0.473138
v 0.207583 -0.233929 -0.469559
v 0.194109 -0.233929 -0.469559
v 0.194109 -0.216649 -0.469559
v 0.207583 -0.216649 -0.469559
v 0.207583 -0.225289 -0.473138
v 0.194109 -0.225289 -0.473138
v 0.194109 -0.213070 -0.460919
v 0.207583 -0.213070 -0.460919
v 0.194109 -0.216649 -0.452279
v 0.207583 -0.216649 -0.452279
v 0.207583 -0.213070 -0.460919
v 0.194109 -0.213070 -0.460919
v 0.194109 -0.225289 -0.448700
v 0.207583 -0.225289 -0.448700
v 0.194109 -0.233929 -0.452279
v 0.207583 -0.233929 -0.452279
v 0.207583 -0.225289 -0.448700
v 0.194109 -0.225289 -0.448700
v 0.194109 -0.237508 -0.460919
v 0.207583 -0.237508 -0.460919
v 0.194109 -0.233929 -0.469559
v 0.207583 -0.233929 -0.469559
v 0.207583 -0.237508 -0.460919
v 0.194109 -0.237508 -0.460919
v 0.184513 -0.260275 -0.495905
v 0.207666 -0.260275 -0.495905
v 0.207666 -0.271000 -0.479853
v 0.184513 -0.271000 -0.479853
v 0.184513 -0.244223 -0.506630
v 0.207666 -0.244223 -0.506630
v 0.184513 -0.225289 -0.510396
v 0.207666 -0.225289 -0.510396
v 0.184513 -0.206355 -0.506630
v 0.207666 -0.206355 -0.506630
v 0.184513 -0.190303 -0.495905
v 0.207666 -0.190303 -0.495905
v 0.184513 -0.179578 -0.479853
v 0.207666 -0.179578 -0.479853
v 0.184513 -0.175812 -0.460919
v 0.207666 -0.175812 -0.460919
v 0.184513 -0.179578 -0.441985
v 0.207666 -0.179578 -0.441985
v 0.184513 -0.190303 -0.425933
v 0.207666 -0.190303 -0.425933
v 0.184513 -0.206355 -0.415208
v 0.207666 -0.206355 -0.415208
v 0.184513 -0.225289 -0.411442
v 0.207666 -0.225289 -0.411442
v 0.184513 -0.244223 -0.415208
v 0.207634 -0.244223 -0.415208
v 0.184513 -0.260275 -0.425933
v 0.207666 -0.260275 -0.425933
v 0.184520 -0.271000 -0.441985
v 0.207650 -0.271000 -0.441985
v 0.184520 -0.274766 -0.460919
v 0.207650 -0.274766 -0.460919
v 0.207650 -0.274766 -0.460919
v 0.184520 -0.274766 -0.460919
v 0.180660 -0.267741 -0.478503
v 0.180660 -0.257780 -0.493410
v 0.180660 -0.242873 -0.503371
v 0.180660 -0.225289 -0.506869
v 0.180660 -0.207705 -0.503371
v 0.180660 -0.192797 -0.493411
v 0.180660 -0.182837 -0.478503
v 0.180660 -0.179339 -0.460919
v 0.180660 -0.182837 -0.443335
v 0.180660 -0.192797 -0.428427
v 0.180660 -0.207705 -0.418467
v 0.180660 -0.225289 -0.414969
v 0.180660 -0.242873 -0.418467
v 0.180660 -0.257780 -0.428427
v 0.180671 -0.267741 -0.443335
v 0.180671 -0.271239 -0.460919
v 0.180671 -0.271239 -0.460919
v 0.211338 -0.257936 -0.493566
v 0.211338 -0.267944 -0.478587
v 0.211338 -0.242957 -0.503574
v 0.211338 -0.225289 -0.507089
v 0.211338 -0.207621 -0.503574
v 0.211338 -0.192642 -0.493566
v 0.211338 -0.182634 -0.478587
v 0.211338 -0.179119 -0.460919
v 0.211338 -0.182634 -0.443251
v 0.211338 -0.192642 -0.428272
v 0.211338 -0.207621 -0.418264
v 0.211338 -0.225289 -0.414749
v 0.211294 -0.242957 -0.418264
v 0.211338 -0.257936 -0.428272
v 0.211316 -0.267944 -0.443251
v 0.211316 -0.271459 -0.460919
v 0.211316 -0.271459 -0.460919
v 0.211338 -0.257936 -0.493566
v 0.211331 -0.247344 -0.482974
v 0.211331 -0.254105 -0.472855
v 0.211338 -0.267944 -0.478587
v 0.211338 -0.242957 -0.503574
v 0.211331 -0.237225 -0.489735
v 0.211338 -0.225289 -0.507089
v 0.211331 -0.225289 -0.492109
v 0.211338 -0.207621 -0.503574
v 0.211331 -0.213353 -0.489735
v 0.211338 -0.192642 -0.493566
v 0.211331 -0.203234 -0.482974
v 0.211338 -0.182634 -0.478587
v 0.211331 -0.196473 -0.472855
v 0.211338 -0.179119 -0.460919
v 0.211331 -0.194099 -0.460919
v 0.211338 -0.182634 -0.443251
v 0.211331 -0.196473 -0.448983
v 0.211338 -0.192642 -0.428272
v 0.211331 -0.203234 -0.438864
v 0.211338 -0.207621 -0.418264
v 0.211331 -0.213353 -0.432103
v 0.211338 -0.225289 -0.414749
v 0.211331 -0.225289 -0.429729
v 0.211294 -0.242957 -0.418264
v 0.211301 -0.237225 -0.432103
v 0.211338 -0.257936 -0.428272
v 0.211331 -0.247344 -0.438864
v 0.211316 -0.267944 -0.443251
v 0.211316 -0.254105 -0.448983
v 0.211316 -0.271459 -0.460919
v 0.211316 -0.256479 -0.460919
v 0.211331 -0.247344 -0.482974
v 0.195301 -0.244331 -0.479961
v 0.195301 -0.250168 -0.471224
v 0.211331 -0.254105 -0.472855
v 0.211331 -0.237225 -0.489735
v 0.195301 -0.235594 -0.485798
v 0.211331 -0.225289 -0.492109
v 0.195301 -0.225289 -0.487848
v 0.211331 -0.213353 -0.489735
v 0.195301 -0.214984 -0.485798
v 0.211331 -0.203234 -0.482974
v 0.195301 -0.206247 -0.479961
v 0.211331 -0.196473 -0.472855
v 0.195301 -0.200410 -0.471224
v 0.211331 -0.194099 -0.460919
v 0.195301 -0.198360 -0.460919
v 0.211331 -0.196473 -0.448983
v 0.195301 -0.200410 -0.450614
v 0.195301 -0.198360 -0.460919
v 0.211331 -0.194099 -0.460919
v 0.211331 -0.203234 -0.438864
v 0.195301 -0.206247 -0.441877
v 0.211331 -0.213353 -0.432103
v 0.195301 -0.214984 -0.436040
v 0.211331 -0.225289 -0.429729
v 0.195301 -0.225289 -0.433990
v 0.211301 -0.237225 -0.432103
v 0.195302 -0.235594 -0.436040
v 0.211331 -0.247344 -0.438864
v 0.195301 -0.244331 -0.441877
v 0.211316 -0.254105 -0.448983
v 0.195302 -0.250168 -0.450614
v 0.211316 -0.256479 -0.460919
v 0.195302 -0.252218 -0.460919
v -0.034202 -0.221320 -0.470199
v -0.046055 -0.221320 -0.470199
v -0.041300 -0.211820 -0.486653
v -0.034202 -0.211820 -0.486653
v -0.034202 -0.219260 -0.469010
v -0.034202 -0.209761 -0.485464
v -0.041300 -0.209761 -0.485464
v -0.046055 -0.219260 -0.469010
v -0.046055 -0.221320 -0.470199
v -0.046055 -0.219260 -0.469010
v -0.041300 -0.209761 -0.485464
v -0.041300 -0.211820 -0.486653
v -0.034202 -0.219236 -0.452842
v -0.046055 -0.219236 -0.452842
v -0.041300 -0.209737 -0.436388
v -0.034202 -0.209737 -0.436388
v -0.034202 -0.221296 -0.451652
v -0.034202 -0.211797 -0.435199
v -0.041300 -0.211797 -0.435199
v -0.046055 -0.221296 -0.451652
v -0.046055 -0.219236 -0.452842
v -0.046055 -0.221296 -0.451652
v -0.041300 -0.211797 -0.435199
v -0.041300 -0.209737 -0.436388
v -0.034202 -0.235310 -0.459716
v -0.046055 -0.235310 -0.459716
v -0.041300 -0.254309 -0.459716
v -0.034202 -0.254309 -0.459716
v -0.034202 -0.235310 -0.462094
v -0.034202 -0.254309 -0.462094
v -0.041300 -0.254309 -0.462094
v -0.046055 -0.235310 -0.462094
v -0.046055 -0.235310 -0.459716
v -0.046055 -0.235310 -0.462094
v -0.041300 -0.254309 -0.462094
v -0.041300 -0.254309 -0.459716
v -0.047449 -0.233929 -0.469559
v -0.047449 -0.225289 -0.473138
v -0.033975 -0.225289 -0.473138
v -0.033975 -0.233929 -0.469559
v -0.047449 -0.225289 -0.473138
v -0.047449 -0.216649 -0.469559
v -0.033975 -0.216649 -0.469559
v -0.033975 -0.225289 -0.473138
v -0.047449 -0.213070 -0.460919
v -0.033975 -0.213070 -0.460919
v -0.047449 -0.213070 -0.460919
v -0.047449 -0.216649 -0.452279
v -0.033975 -0.216649 -0.452279
v -0.033975 -0.213070 -0.460919
v -0.047449 -0.225289 -0.448700
v -0.033975 -0.225289 -0.448700
v -0.047449 -0.225289 -0.448700
v -0.047449 -0.233929 -0.452279
v -0.033975 -0.233929 -0.452279
v -0.033975 -0.225289 -0.448700
v -0.047449 -0.237508 -0.460919
v -0.033975 -0.237508 -0.460919
v -0.047449 -0.237508 -0.460919
v -0.047449 -0.233929 -0.469559
v -0.033975 -0.233929 -0.469559
v -0.033975 -0.237508 -0.460919
v -0.047531 -0.271000 -0.479853
v -0.047531 -0.260275 -0.495905
v -0.024379 -0.260275 -0.495905
v -0.024379 -0.271000 -0.479853
v -0.047531 -0.244223 -0.506630
v -0.024379 -0.244223 -0.506630
v -0.047531 -0.225289 -0.510396
v -0.024379 -0.225289 -0.510396
v -0.047531 -0.206355 -0.506630
v -0.024379 -0.206355 -0.506630
v -0.047531 -0.190303 -0.495905
v -0.024379 -0.190303 -0.495905
v -0.047531 -0.179578 -0.479853
v -0.024379 -0.179578 -0.479853
v -0.047531 -0.175812 -0.460919
v -0.024379 -0.175812 -0.460919
v -0.047531 -0.179578 -0.441985
v -0.024379 -0.179578 -0.441985
v -0.047531 -0.190303 -0.425933
v -0.024379 -0.190303 -0.425933
v -0.047531 -0.206355 -0.415208
v -0.024379 -0.206355 -0.415208
v -0.047531 -0.225289 -0.411442
v -0.024379 -0.225289 -0.411442
v -0.047499 -0.244223 -0.415208
v -0.024379 -0.244223 -0.415208
v -0.047531 -0.260275 -0.425933
v -0.024379 -0.260275 -0.425933
v -0.047515 -0.271000 -0.441985
v -0.024386 -0.271000 -0.441985
v -0.047515 -0.274766 -0.460919
v -0.024386 -0.274766 -0.460919
v -0.047515 -0.274766 -0.460919
v -0.024386 -0.274766 -0.460919
v -0.020526 -0.257780 -0.493410
v -0.020526 -0.267741 -0.478503
v -0.020526 -0.242873 -0.503371
v -0.020526 -0.225289 -0.506869
v -0.020526 -0.207705 -0.503371
v -0.020526 -0.192797 -0.493411
v -0.020526 -0.182837 -0.478503
v -0.020526 -0.179339 -0.460919
v -0.020526 -0.182837 -0.443335
v -0.020526 -0.192797 -0.428427
v -0.020526 -0.207705 -0.418467
v -0.020526 -0.225289 -0.414969
v -0.020526 -0.242873 -0.418467
v -0.020526 -0.257780 -0.428427
v -0.020536 -0.267741 -0.443335
v -0.020536 -0.271239 -0.460919
v -0.020536 -0.271239 -0.460919
v -0.051204 -0.267944 -0.478587
v -0.051204 -0.257936 -0.493566
v -0.051204 -0.242957 -0.503574
v -0.051204 -0.225289 -0.507089
v -0.051204 -0.207621 -0.503574
v -0.051204 -0.192642 -0.493566
v -0.051204 -0.182634 -0.478587
v -0.051204 -0.179119 -0.460919
v -0.051204 -0.182634 -0.443251
v -0.051204 -0.192642 -0.428272
v -0.051204 -0.207621 -0.418264
v -0.051204 -0.225289 -0.414749
v -0.051159 -0.242957 -0.418264
v -0.051204 -0.257936 -0.428272
v -0.051181 -0.267944 -0.443251
v -0.051181 -0.271459 -0.460919
v -0.051181 -0.271459 -0.460919
v -0.051196 -0.254105 -0.472855
v -0.051196 -0.247344 -0.482974
v -0.051204 -0.257936 -0.493566
v -0.051204 -0.267944 -0.478587
v -0.051196 -0.237225 -0.489735
v -0.051204 -0.242957 -0.503574
v -0.051196 -0.225289 -0.492109
v -0.051204 -0.225289 -0.507089
v -0.051196 -0.213353 -0.489735
v -0.051204 -0.207621 -0.503574
v -0.051196 -0.203234 -0.482974
v -0.051204 -0.192642 -0.493566
v -0.051196 -0.196473 -0.472855
v -0.051204 -0.182634 -0.478587
v -0.051196 -0.194099 -0.460919
v -0.051204 -0.179119 -0.460919
v -0.051196 -0.196473 -0.448983
v -0.051204 -0.182634 -0.443251
v -0.051196 -0.203234 -0.438864
v -0.051204 -0.192642 -0.428272
v -0.051196 -0.213353 -0.432103
v -0.051204 -0.207621 -0.418264
v -0.051196 -0.225289 -0.429729
v -0.051204 -0.225289 -0.414749
v -0.051167 -0.237225 -0.432103
v -0.051159 -0.242957 -0.418264
v -0.051196 -0.247344 -0.438864
v -0.051204 -0.257936 -0.428272
v -0.051181 -0.254105 -0.448983
v -0.051181 -0.267944 -0.443251
v -0.051181 -0.256479 -0.460919
v -0.051181 -0.271459 -0.460919
v -0.035167 -0.250168 -0.471224
v -0.035167 -0.244331 -0.479961
v -0.051196 -0.247344 -0.482974
v -0.051196 -0.254105 -0.472855
v -0.035167 -0.235594 -0.485798
v -0.051196 -0.237225 -0.489735
v -0.035167 -0.225289 -0.487848
v -0.051196 -0.225289 -0.492109
v -0.035167 -0.214984 -0.485798
v -0.051196 -0.213353 -0.489735
v -0.035167 -0.206247 -0.479961
v -0.051196 -0.203234 -0.482974
v -0.035167 -0.200410 -0.471224
v -0.051196 -0.196473 -0.472855
v -0.035167 -0.198360 -0.460919
v -0.051196 -0.194099 -0.460919
v -0.035167 -0.198360 -0.460919
v -0.035167 -0.200410 -0.450614
v -0.051196 -0.196473 -0.448983
v -0.051196 -0.194099 -0.460919
v -0.035167 -0.206247 -0.441877
v -0.051196 -0.203234 -0.438864
v -0.035167 -0.214984 -0.436040
v -0.051196 -0.213353 -0.432103
v -0.035167 -0.225289 -0.433990
v -0.051196 -0.225289 -0.429729
v -0.035168 -0.235594 -0.436040
v -0.051167 -0.237225 -0.432103
v -0.035167 -0.244331 -0.441877
v -0.051196 -0.247344 -0.438864
v -0.035167 -0.250168 -0.450614
v -0.051181 -0.254105 -0.448983
v -0.035167 -0.252218 -0.460919
v -0.051181 -0.256479 -0.460919
v 0.072292 -0.086393 -0.503078
v 0.072292 -0.078742 -0.496321
v 0.070595 -0.086393 -0.503078
v 0.070595 -0.090858 -0.504767
v 0.088072 -0.078742 -0.496321
v 0.088072 -0.086393 -0.503078
v 0.089539 -0.086393 -0.503078
v 0.089539 -0.090858 -0.504767
v 0.080067 -0.126638 -0.283917
v 0.073308 -0.124848 -0.283393
v 0.068359 -0.119912 -0.282820
v 0.066548 -0.113154 -0.282350
v 0.068359 -0.106384 -0.282110
v 0.073308 -0.101416 -0.282164
v 0.080067 -0.099581 -0.282498
v 0.086827 -0.101371 -0.283021
v 0.091775 -0.106307 -0.283595
v 0.093587 -0.113065 -0.284064
v 0.091775 -0.119835 -0.284304
v 0.086827 -0.124803 -0.284250
v 0.155340 0.207883 -0.469417
v 0.160382 0.210410 -0.465250
v 0.163803 0.215868 -0.462480
v 0.164687 0.222796 -0.461850
v 0.162796 0.229336 -0.463528
v 0.158638 0.233738 -0.467065
v 0.153327 0.234820 -0.471514
vn 0.0291 -0.0504 0.9983
vn 0.0147 -0.0254 0.9996
vn -0.0290 -0.0673 0.9973
vn 0.0728 -0.0085 0.9973
vn 0.1169 0.0675 0.9909
vn -0.1169 -0.0675 0.9908
vn -0.0317 -0.0735 -0.9968
vn 0.0161 -0.0279 -0.9995
vn 0.0318 -0.0550 -0.9980
vn 0.0795 -0.0093 -0.9968
vn 0.1278 0.0738 -0.9891
vn -0.1278 -0.0738 -0.9890
vn -0.0000 -0.0000 1.0000
vn -0.0000 -0.0000 -1.0000
vn -0.0291 -0.0504 0.9983
vn 0.0290 -0.0673 0.9973
vn -0.0147 -0.0254 0.9996
vn -0.0728 -0.0085 0.9973
vn -0.1169 0.0675 0.9909
vn 0.1169 -0.0675 0.9908
vn 0.0317 -0.0735 -0.9968
vn -0.0318 -0.0550 -0.9980
vn -0.0161 -0.0279 -0.9995
vn -0.0795 -0.0093 -0.9968
vn -0.1278 0.0738 -0.9891
vn 0.1278 -0.0738 -0.9890
vn 0.0001 -0.0000 -1.0000
vn 0.0115 0.9999 0.0014
vn -0.0522 0.1529 -0.9869
vn -0.0521 0.1529 -0.9869
vn -0.0000 1.0000 -0.0000
vn -0.0000 -1.0000 -0.0000
vn 1.0000 -0.0000 -0.0000
vn -1.0000 -0.0000 -0.0000
vn 0.1518 0.9866 -0.0606
vn 0.1015 0.9866 -0.1281
vn 0.0596 0.9865 0.1524
vn 0.0239 0.9866 -0.1616
vn -0.0595 0.9866 -0.1522
vn -0.1014 0.9899 -0.0987
vn -0.1499 0.9866 -0.0651
vn -0.1415 0.9899 0.0019
vn -0.1517 0.9866 0.0605
vn -0.1015 0.9866 0.1280
vn -0.0238 0.9866 0.1615
vn 0.1016 0.9899 0.0990
vn 0.1497 0.9866 0.0650
vn 0.1415 0.9899 -0.0019
vn 0.9678 -0.0000 -0.2519
vn 0.9364 -0.0000 -0.3509
vn -0.9678 -0.0000 -0.2519
vn -0.9364 -0.0000 -0.3510
vn -0.9919 -0.0000 0.1274
vn 0.9932 -0.0031 0.1166
vn 0.1604 0.9740 -0.1599
vn -0.2252 0.9739 -0.0267
vn -0.9818 -0.0000 0.1900
vn -1.0000 -0.0002 -0.0044
vn -1.0000 -0.0033 -0.0044
vn 0.9818 -0.0000 0.1900
vn -0.0286 0.9835 -0.1785
vn 0.0008 0.9856 -0.1692
vn 1.0000 -0.0036 -0.0007
vn -1.0000 0.0020 -0.0022
vn -0.9999 -0.0000 0.0128
vn 1.0000 -0.0000 0.0032
vn 0.3463 -0.9166 -0.1999
vn 0.3862 -0.9166 -0.1035
vn 0.3862 -0.9166 0.1035
vn 0.2827 -0.9166 -0.2827
vn 0.1999 -0.9166 -0.3462
vn 0.1035 -0.9166 -0.3862
vn -0.0000 -0.9166 -0.3998
vn -0.1035 -0.9166 -0.3862
vn -0.1999 -0.9166 -0.3463
vn -0.2827 -0.9166 -0.2827
vn -0.3462 -0.9166 -0.1999
vn -0.3862 -0.9166 -0.1035
vn -0.3998 -0.9166 -0.0000
vn -0.3862 -0.9166 0.1035
vn -0.3463 -0.9166 0.1999
vn -0.2827 -0.9166 0.2827
vn -0.1999 -0.9166 0.3462
vn -0.1035 -0.9166 0.3862
vn -0.0000 -0.9166 0.3998
vn 0.1035 -0.9166 0.3862
vn 0.1999 -0.9166 0.3463
vn 0.2827 -0.9166 0.2827
vn 0.3462 -0.9166 0.1999
vn 0.3998 -0.9166 -0.0000
vn 0.0650 0.0313 0.9974
vn 0.0450 0.0564 0.9974
vn 0.0161 0.0703 0.9974
vn -0.0161 0.0703 0.9974
vn -0.0450 0.0564 0.9974
vn -0.0650 0.0313 0.9974
vn -0.0722 -0.0000 0.9974
vn -0.0650 -0.0313 0.9974
vn -0.0450 -0.0564 0.9974
vn -0.0161 -0.0703 0.9974
vn 0.0161 -0.0703 0.9974
vn 0.0450 -0.0564 0.9974
vn 0.0650 -0.0313 0.9974
vn 0.0722 -0.0000 0.9974
vn -0.0000 -1.0000 0.0009
vn -0.0115 0.9999 0.0014
vn 0.9877 -0.0781 -0.1353
vn 0.9877 -0.1353 -0.0781
vn 0.9877 -0.0000 -0.1562
vn 0.9877 0.0781 -0.1353
vn 0.9877 0.1353 -0.0781
vn 0.9877 0.1562 -0.0000
vn 0.9877 0.1353 0.0781
vn 0.9877 0.0781 0.1353
vn 0.9877 -0.0000 0.1562
vn 0.9877 -0.0781 0.1353
vn 0.9877 -0.1353 0.0781
vn 0.9877 -0.1562 -0.0000
vn -0.9877 -0.1353 -0.0781
vn -0.9877 -0.0781 -0.1353
vn -0.9877 -0.0000 -0.1562
vn -0.9877 0.0781 -0.1353
vn -0.9877 0.1353 -0.0781
vn -0.9877 0.1562 -0.0000
vn -0.9877 0.1353 0.0781
vn -0.9877 0.0781 0.1353
vn -0.9877 -0.0000 0.1562
vn -0.9877 -0.0781 0.1353
vn -0.9877 -0.1353 0.0781
vn -0.9877 -0.1562 -0.0000
vn -0.6406 0.0119 0.7678
vn -0.6444 0.0837 0.7601
vn -0.6432 -0.0437 0.7645
vn -0.6427 0.0852 0.7614
vn 0.7011 0.4721 0.5344
vn 0.8097 0.3354 0.4815
vn 0.7491 0.2224 0.6240
vn -0.5955 0.4205 0.6845
vn 0.6352 -0.2104 -0.7432
vn 0.6389 -0.1762 -0.7488
vn 0.6385 -0.1763 -0.7491
vn -0.5778 0.4407 0.6869
vn 0.6411 0.0765 -0.7636
vn 0.6412 0.0766 -0.7636
vn 0.6411 0.0764 -0.7636
vn -0.6291 0.2723 -0.7281
vn -0.6690 0.4094 -0.6203
vn -0.7497 0.1630 -0.6414
vn 0.6453 -0.0902 -0.7586
vn 0.6443 -0.0884 -0.7597
vn 0.6453 -0.0903 -0.7585
vn 0.6436 -0.0892 -0.7602
vn 0.6431 -0.0904 -0.7604
vn 0.5860 0.5551 0.5904
vn 0.6018 0.5207 0.6056
vn 0.5150 0.5674 0.6425
vn -0.7227 0.4634 -0.5128
vn -0.7085 0.4941 -0.5039
vn -0.7484 0.5075 -0.4270
vn -1.0000 0.0003 0.0002
vn -1.0000 0.0001 0.0002
vn -1.0000 -0.0000 0.0001
vn -1.0000 -0.0001 0.0001
vn -1.0000 -0.0001 -0.0000
vn -1.0000 -0.0001 -0.0001
vn -1.0000 -0.0000 -0.0002
vn -1.0000 0.0001 -0.0004
vn -1.0000 0.0007 -0.0010
vn -1.0000 -0.0018 0.0002
vn -1.0000 -0.0013 0.0001
vn 1.0000 -0.0000 -0.0001
vn 1.0000 0.0001 -0.0000
vn 1.0000 -0.0001 -0.0000
vn 1.0000 0.0003 0.0002
vn 1.0000 0.0001 0.0002
vn 1.0000 -0.0000 0.0001
vn 1.0000 -0.0001 0.0001
vn 1.0000 -0.0001 -0.0001
vn 1.0000 -0.0000 -0.0002
vn 1.0000 0.0001 -0.0004
vn 1.0000 0.0006 -0.0010
vn 1.0000 -0.0018 0.0002
vn 1.0000 -0.0013 0.0001
vn -1.0000 -0.0000 -0.0001
vn -1.0000 0.0001 -0.0000
vn 0.8660 -0.5000 -0.0000
vn 0.8660 0.5000 -0.0000
vn -0.8660 0.5000 -0.0000
vn -0.8660 -0.5000 -0.0000
vn 0.9546 -0.2978 -0.0026
vn 0.9546 -0.2980 -0.0027
vn 0.8225 -0.5687 -0.0051
vn 0.8225 -0.5688 -0.0050
vn 0.9546 -0.2980 -0.0026
vn -0.3819 0.9242 -0.0000
vn -0.2831 0.9591 -0.0000
vn -0.9999 0.0120 -0.0000
vn -0.7059 0.7083 -0.0000
vn -0.9452 -0.3260 -0.0187
vn -0.9426 -0.3340 -0.0031
vn -0.9065 -0.4221 -0.0113
vn -0.7728 -0.6320 -0.0582
vn 0.9354 0.3537 0.0002
vn 0.9380 0.3467 -0.0022
vn 0.6746 0.7382 -0.0029
vn 0.6720 0.7406 -0.0000
vn -0.9939 0.1105 0.0026
vn -0.9936 0.1133 -0.0000
vn 0.9935 -0.1142 0.0014
vn 0.9933 -0.1158 -0.0000
vn -0.5973 0.8020 -0.0000
vn 0.5608 -0.8279 -0.0000
vn 0.4961 0.8682 0.0128
vn 0.4391 0.8984 -0.0091
vn 0.4187 0.9080 -0.0168
vn 0.5155 0.8567 0.0204
vn -0.4735 -0.8808 0.0050
vn -0.4944 -0.8692 -0.0000
vn -0.4913 -0.8710 0.0007
vn -0.4703 -0.8825 0.0057
vn -0.0001 -0.0000 -1.0000
vn -0.9986 -0.0492 0.0174
vn 0.9995 0.0331 -0.0000
vn -0.9587 -0.2843 0.0033
vn -0.9646 -0.2637 -0.0034
vn -0.6808 -0.7325 -0.0065
vn -0.6755 -0.7373 -0.0000
vn 0.9627 0.2707 0.0025
vn 0.9667 0.2559 -0.0039
vn 0.6644 0.7473 -0.0042
vn 0.6608 0.7506 -0.0000
vn -0.8260 0.5637 0.0029
vn -0.8245 0.5658 -0.0000
vn 0.9513 -0.3084 -0.0000
vn 0.9494 -0.3141 -0.0067
vn 0.4959 0.8683 0.0128
vn 0.4393 0.8983 -0.0091
vn 0.4187 0.9080 -0.0169
vn 0.5155 0.8567 0.0206
vn -0.4913 -0.8710 0.0008
vn -0.4704 -0.8825 0.0058
vn 0.9401 -0.3409 -0.0036
vn 0.9401 -0.3409 -0.0037
vn 0.9400 -0.3411 -0.0037
vn 0.7674 -0.6412 -0.0069
vn 0.7673 -0.6412 -0.0069
vn 0.9400 -0.3411 -0.0036
vn -0.9454 0.3258 -0.0000
vn -0.2970 0.9549 -0.0000
vn -0.9411 0.3382 -0.0000
vn -0.9454 0.3260 -0.0000
vn -0.9997 0.0258 -0.0000
vn -0.9412 0.3380 -0.0000
vn -0.5672 0.8236 -0.0000
vn -0.9546 -0.2978 -0.0026
vn -0.8225 -0.5688 -0.0050
vn -0.8225 -0.5687 -0.0051
vn -0.9546 -0.2980 -0.0027
vn -0.9546 -0.2980 -0.0026
vn 0.3819 0.9242 -0.0000
vn 0.2831 0.9591 -0.0000
vn 0.9999 0.0120 -0.0000
vn 0.7059 0.7083 -0.0000
vn 0.9065 -0.4221 -0.0113
vn 0.9426 -0.3340 -0.0031
vn 0.9452 -0.3260 -0.0187
vn 0.7728 -0.6320 -0.0582
vn -0.6746 0.7382 -0.0029
vn -0.9380 0.3467 -0.0022
vn -0.9354 0.3537 0.0002
vn -0.6720 0.7406 -0.0000
vn 0.9936 0.1133 -0.0000
vn 0.9939 0.1105 0.0026
vn -0.9933 -0.1158 -0.0000
vn -0.9935 -0.1142 0.0014
vn 0.5973 0.8020 -0.0000
vn -0.5608 -0.8279 -0.0000
vn -0.4187 0.9080 -0.0168
vn -0.4391 0.8984 -0.0091
vn -0.4961 0.8682 0.0128
vn -0.5155 0.8567 0.0204
vn 0.4913 -0.8710 0.0007
vn 0.4944 -0.8692 -0.0000
vn 0.4735 -0.8808 0.0050
vn 0.4704 -0.8825 0.0057
vn 0.9986 -0.0492 0.0174
vn -0.9995 0.0331 -0.0000
vn 0.6808 -0.7325 -0.0065
vn 0.9646 -0.2637 -0.0034
vn 0.9587 -0.2843 0.0033
vn 0.6755 -0.7373 -0.0000
vn -0.6644 0.7473 -0.0042
vn -0.9667 0.2559 -0.0039
vn -0.9627 0.2707 0.0025
vn -0.6608 0.7506 -0.0000
vn 0.0001 -0.0000 1.0000
vn 0.8245 0.5658 -0.0000
vn 0.8260 0.5637 0.0029
vn -0.9494 -0.3141 -0.0067
vn -0.9513 -0.3084 -0.0000
vn -0.4187 0.9080 -0.0169
vn -0.4393 0.8983 -0.0091
vn -0.4959 0.8683 0.0128
vn -0.5155 0.8567 0.0206
vn 0.4913 -0.8710 0.0008
vn 0.4703 -0.8825 0.0058
vn -0.9401 -0.3409 -0.0036
vn -0.9401 -0.3409 -0.0037
vn -0.7673 -0.6412 -0.0069
vn -0.7674 -0.6412 -0.0069
vn -0.9400 -0.3411 -0.0037
vn -0.9400 -0.3411 -0.0036
vn 0.9454 0.3258 -0.0000
vn 0.2970 0.9549 -0.0000
vn 0.9454 0.3260 -0.0000
vn 0.9411 0.3382 -0.0000
vn 0.9412 0.3380 -0.0000
vn 0.9997 0.0258 -0.0000
vn 0.5672 0.8236 -0.0000
vn -0.1881 0.0044 -0.9821
vn 0.2008 0.0018 -0.9796
vn 0.2029 0.0017 -0.9792
vn 0.2010 0.0017 -0.9796
vn 0.8349 -0.0039 -0.5503
vn 0.8353 -0.0039 -0.5498
vn 0.2031 0.0018 -0.9792
vn 0.9820 -0.0060 -0.1888
vn 0.8276 -0.0073 0.5612
vn 0.0185 0.0368 0.9992
vn -0.6183 0.0205 0.7857
vn -0.5011 -0.0182 0.8652
vn 0.0714 -0.0036 0.9974
vn -0.9531 0.0054 0.3026
vn -0.9351 -0.0349 0.3527
vn -0.8276 0.0073 -0.5612
vn -0.2901 0.9551 0.0597
vn -0.2902 0.9551 0.0597
vn -0.9983 0.0237 -0.0539
vn -0.9983 0.0236 -0.0539
vn -0.3258 -0.9284 -0.1787
vn 0.7900 -0.5951 -0.1475
vn 0.7900 -0.5950 -0.1475
vn 0.8190 0.5738 0.0001
vn -0.7048 0.7038 0.0891
vn -0.7149 0.6817 0.1552
vn -0.7049 0.7036 0.0897
vn -0.6990 -0.7039 -0.1261
vn -0.6991 -0.7004 -0.1442
vn -0.6989 -0.7038 -0.1275
vn 0.7048 -0.7037 -0.0896
vn 0.7049 -0.7035 -0.0902
vn 0.7149 -0.6817 -0.1552
vn 0.7149 -0.6818 -0.1552
vn 0.6991 0.7043 0.1232
vn 0.6991 0.7004 0.1442
vn 0.6993 0.7045 0.1211
vn -0.6772 0.7193 -0.1549
vn -0.6803 0.7210 -0.1313
vn -0.7078 -0.7046 -0.0508
vn -0.7084 -0.7043 -0.0466
vn 0.6807 -0.7200 0.1355
vn 0.6776 -0.7180 0.1591
vn 0.7095 0.7037 0.0366
vn 0.7088 0.7042 0.0415
vn -0.6464 0.5921 -0.4813
vn -0.6393 0.2919 -0.7114
vn -0.6393 0.2898 -0.7122
vn -0.6477 0.6036 -0.4649
vn -0.7516 -0.6061 0.2603
vn -0.7498 -0.6209 0.2287
vn -0.7778 -0.1413 0.6124
vn -0.7790 -0.1721 0.6030
vn 0.6448 -0.5848 0.4921
vn 0.6464 -0.5983 0.4735
vn 0.6298 -0.2978 0.7174
vn 0.6298 -0.2987 0.7171
vn 0.7542 0.5943 -0.2791
vn 0.7686 0.1655 -0.6180
vn 0.7674 0.1417 -0.6253
vn 0.7527 0.6100 -0.2477
vn -0.6586 -0.0768 -0.7486
vn -0.6585 -0.0757 -0.7488
vn -0.7276 0.3673 0.5794
vn -0.7267 0.3184 0.6087
vn 0.6511 0.0621 0.7565
vn 0.6507 0.0596 0.7570
vn 0.7233 -0.3062 -0.6189
vn 0.7244 -0.3546 -0.5912
vn -0.6679 -0.2415 -0.7040
vn -0.6678 -0.2415 -0.7040
vn -0.7201 0.4784 0.5025
vn 0.6618 0.2372 0.7112
vn 0.7168 -0.4746 -0.5109
vn -0.0000 -0.9911 -0.1333
vn 0.9835 -0.0000 -0.1810
vn -0.9835 -0.0000 -0.1810
vn 0.9659 -0.0000 -0.2588
vn 0.8660 -0.0000 -0.5000
vn 0.7071 -0.0000 -0.7071
vn 0.5000 -0.0000 -0.8660
vn 0.2588 -0.0000 -0.9659
vn -0.2588 -0.0000 -0.9659
vn -0.5000 -0.0000 -0.8660
vn -0.7071 -0.0000 -0.7071
vn -0.8660 -0.0000 -0.5000
vn -0.9659 -0.0000 -0.2588
vn -0.9659 -0.0000 0.2588
vn -0.8660 -0.0000 0.5000
vn -0.7071 -0.0000 0.7071
vn -0.5000 -0.0000 0.8660
vn -0.2588 -0.0000 0.9659
vn 0.2588 -0.0000 0.9659
vn 0.5000 -0.0000 0.8660
vn 0.7071 -0.0000 0.7071
vn 0.8660 -0.0000 0.5000
vn 0.9659 -0.0000 0.2588
vn -0.0000 -0.3090 -0.9511
vn -0.0000 -0.3090 0.9511
vn -0.0000 0.8090 0.5878
vn -0.0000 0.8090 -0.5878
vn -0.0000 -0.2944 -0.9557
vn -0.0000 -0.4372 -0.8994
vn -0.0000 0.2209 -0.9753
vn -0.0000 0.5568 -0.8306
vn -0.0000 0.9910 -0.1338
vn 0.1687 0.2914 -0.9416
vn 0.1459 0.3864 -0.9107
vn 0.2316 0.0114 -0.9727
vn -0.0000 0.0142 -0.9999
vn -0.0000 0.3861 -0.9224
vn -0.0001 -0.9622 0.2722
vn -0.0001 -0.9622 0.2724
vn -0.0002 -0.8518 0.5239
vn -0.0000 -0.8519 0.5237
vn 0.0122 0.6347 -0.7726
vn 0.1457 0.6143 -0.7755
vn 0.1354 0.6163 -0.7758
vn -0.0000 0.6360 -0.7717
vn 0.0049 0.6350 -0.7725
vn -0.0000 0.6354 -0.7721
vn -0.0001 0.0040 -1.0000
vn -0.0000 0.3796 -0.9252
vn -0.0000 0.0032 -1.0000
vn -0.0443 0.0049 -0.9990
vn -0.0000 0.3863 -0.9224
vn -0.0000 0.3798 -0.9251
vn -0.0000 -0.9623 0.2720
vn -0.0001 -0.9623 0.2722
vn 0.6235 0.7818 -0.0000
vn 0.9010 0.4339 -0.0000
vn 0.2225 0.9749 -0.0000
vn -0.2225 0.9749 -0.0000
vn -0.6235 0.7818 -0.0000
vn -0.9010 0.4339 -0.0000
vn -0.9010 -0.4339 -0.0000
vn -0.6235 -0.7818 -0.0000
vn -0.2226 -0.9749 -0.0000
vn 0.2225 -0.9749 -0.0000
vn -0.2224 -0.9749 -0.0000
vn 0.6235 -0.7818 -0.0000
vn 0.9010 -0.4339 -0.0000
vn 0.6235 -0.0000 -0.7818
vn 0.9010 -0.0000 -0.4339
vn 0.2225 -0.0000 -0.9749
vn -0.2225 -0.0000 -0.9749
vn -0.6235 -0.0000 -0.7818
vn -0.9010 -0.0000 -0.4339
vn -0.9010 -0.0000 0.4339
vn -0.6235 -0.0000 0.7818
vn -0.2225 -0.0000 0.9749
vn 0.2225 -0.0000 0.9749
vn 0.6235 -0.0000 0.7818
vn 0.9010 -0.0000 0.4339
vn -0.0000 0.4096 0.9123
vn -0.0000 0.2133 0.9770
vn -0.0000 0.9998 0.0209
vn -0.0000 -0.8854 0.4648
vn -0.0000 0.0079 1.0000
vn 0.8281 0.2926 -0.4781
vn 0.9237 0.2926 -0.2475
vn 0.6762 0.2926 -0.6762
vn 0.4781 0.2926 -0.8281
vn 0.2475 0.2926 -0.9237
vn 0.0001 0.2926 -0.9562
vn -0.2475 0.2926 -0.9237
vn -0.0001 0.2926 -0.9562
vn -0.4781 0.2926 -0.8281
vn -0.6762 0.2926 -0.6762
vn -0.8281 0.2926 -0.4781
vn -0.9237 0.2926 -0.2475
vn -0.9562 0.2926 -0.0000
vn -0.9237 0.2926 0.2475
vn -0.8281 0.2926 0.4781
vn -0.6762 0.2926 0.6762
vn -0.4781 0.2926 0.8281
vn -0.2475 0.2926 0.9237
vn -0.0000 0.2926 0.9562
vn 0.2475 0.2926 0.9237
vn 0.4781 0.2926 0.8281
vn 0.6762 0.2926 0.6762
vn 0.8281 0.2926 0.4781
vn 0.9237 0.2926 0.2475
vn 0.9562 0.2926 -0.0000
vn 0.8400 0.4936 -0.2251
vn 0.8697 0.4936 -0.0000
vn 0.9915 0.1303 -0.0000
vn 0.9577 0.1303 -0.2566
vn 0.4908 0.8626 -0.1230
vn 0.5119 0.8590 -0.0016
vn 0.4278 0.8672 -0.2550
vn 0.7532 0.4936 -0.4348
vn 0.8586 0.1303 -0.4957
vn 0.3636 0.8625 -0.3519
vn 0.6150 0.4936 -0.6150
vn 0.7011 0.1303 -0.7011
vn 0.2429 0.8672 -0.4348
vn 0.4348 0.4936 -0.7532
vn 0.4957 0.1303 -0.8586
vn 0.1389 0.8625 -0.4865
vn 0.2251 0.4936 -0.8400
vn 0.2566 0.1303 -0.9577
vn -0.0070 0.8672 -0.4980
vn -0.0000 0.4936 -0.8697
vn -0.0000 0.1303 -0.9915
vn -0.1230 0.8626 -0.4908
vn -0.2251 0.4936 -0.8400
vn -0.2566 0.1303 -0.9577
vn -0.2558 0.8642 -0.4334
vn -0.4348 0.4936 -0.7532
vn -0.4957 0.1303 -0.8586
vn -0.3631 0.8590 -0.3609
vn -0.6150 0.4936 -0.6150
vn -0.7011 0.1303 -0.7011
vn -0.4340 0.8626 -0.2601
vn -0.7532 0.4936 -0.4348
vn -0.8586 0.1303 -0.4957
vn -0.4873 0.8642 -0.1256
vn -0.8400 0.4936 -0.2251
vn -0.9577 0.1303 -0.2566
vn -0.5119 0.8590 0.0016
vn -0.8697 0.4936 -0.0000
vn -0.9915 0.1303 -0.0000
vn -0.4908 0.8625 0.1230
vn -0.8400 0.4936 0.2251
vn -0.9577 0.1303 0.2566
vn -0.4278 0.8672 0.2550
vn -0.7532 0.4936 0.4348
vn -0.8586 0.1303 0.4957
vn -0.3636 0.8625 0.3519
vn -0.6150 0.4936 0.6150
vn -0.7011 0.1303 0.7011
vn -0.2429 0.8672 0.4348
vn -0.4348 0.4936 0.7532
vn -0.4957 0.1303 0.8586
vn -0.1389 0.8625 0.4865
vn -0.2251 0.4936 0.8400
vn -0.2566 0.1303 0.9577
vn 0.0070 0.8672 0.4980
vn -0.0000 0.4936 0.8697
vn -0.0000 0.1303 0.9915
vn 0.1229 0.8626 0.4908
vn 0.2251 0.4936 0.8400
vn 0.2566 0.1303 0.9577
vn 0.2557 0.8642 0.4333
vn 0.4348 0.4936 0.7532
vn 0.4957 0.1303 0.8586
vn 0.3631 0.8590 0.3609
vn 0.6150 0.4936 0.6150
vn 0.7011 0.1303 0.7011
vn 0.4340 0.8626 0.2601
vn 0.7532 0.4936 0.4348
vn 0.8586 0.1303 0.4957
vn 0.4873 0.8642 0.1256
vn 0.8400 0.4936 0.2251
vn 0.9577 0.1303 0.2566
vn 0.8587 0.1301 -0.4958
vn 0.9577 0.1301 -0.2566
vn 0.7011 0.1301 -0.7011
vn 0.4957 0.1301 -0.8587
vn 0.2566 0.1301 -0.9577
vn 0.0001 0.1301 -0.9915
vn -0.2566 0.1301 -0.9577
vn -0.0001 0.1301 -0.9915
vn -0.4957 0.1301 -0.8587
vn -0.7011 0.1301 -0.7011
vn -0.8587 0.1301 -0.4957
vn -0.9577 0.1301 -0.2566
vn -0.9915 0.1301 -0.0000
vn -0.9577 0.1301 0.2566
vn -0.8587 0.1301 0.4957
vn -0.7011 0.1301 0.7011
vn -0.4957 0.1301 0.8587
vn -0.2566 0.1301 0.9577
vn -0.0000 0.1301 0.9915
vn 0.2566 0.1301 0.9577
vn 0.4957 0.1301 0.8587
vn 0.7011 0.1301 0.7011
vn 0.8587 0.1301 0.4957
vn 0.9577 0.1301 0.2566
vn 0.9915 0.1301 -0.0000
vn -0.0000 0.0049 -1.0000
vn -0.0000 -0.3510 -0.9364
vn -0.9845 -0.0000 0.1754
vn 0.0042 -0.0002 1.0000
vn 0.0043 -0.0000 1.0000
vn 0.9999 -0.0127 0.0077
vn 0.9447 -0.0266 0.3267
vn -0.0000 0.3814 0.9244
vn 0.8553 0.0089 0.5180
vn -0.9845 -0.0000 0.1756
vn -0.8423 -0.0000 0.5390
vn -0.9918 -0.0000 0.1275
vn 0.9364 -0.0000 -0.3510
vn 0.9583 -0.0000 0.2857
vn -0.9583 -0.0000 0.2857
vn 0.7546 0.0037 0.6561
vn 0.7908 -0.0207 0.6118
vn -0.7069 -0.0000 0.7073
vn 0.3912 0.0031 -0.9203
vn 0.4898 -0.0266 -0.8714
vn -0.3795 -0.0184 -0.9250
vn -0.3685 -0.0038 -0.9296
vn -0.0000 -0.0112 0.9999
vn 0.9742 -0.0009 -0.2258
vn 0.9739 -0.0009 -0.2270
vn -0.9100 0.0081 -0.4145
vn -0.9289 -0.0016 -0.3704
vn 0.9381 -0.0340 -0.3447
vn 0.7828 0.0199 -0.6220
vn -0.0014 0.8629 -0.5053
vn -0.0011 0.9736 -0.2284
vn -0.0008 0.9856 -0.1691
vn -0.0003 0.9739 -0.2269
vn 0.0014 0.8624 -0.5062
vn 0.0003 0.9740 -0.2266
vn 0.0008 0.9856 -0.1693
vn -0.0011 0.9737 -0.2277
vn -0.0014 0.8630 -0.5053
vn 0.0016 0.8624 -0.5062
vn 0.6696 -0.7207 -0.1794
vn 0.3863 -0.9165 -0.1035
vn 0.3464 -0.9165 -0.2000
vn 0.6004 -0.7207 -0.3466
vn 0.2828 -0.9165 -0.2828
vn 0.4902 -0.7207 -0.4902
vn 0.2000 -0.9165 -0.3464
vn 0.3466 -0.7207 -0.6004
vn 0.1035 -0.9165 -0.3863
vn 0.1794 -0.7207 -0.6696
vn 0.0001 -0.9166 -0.3999
vn -0.0000 -0.7207 -0.6933
vn -0.0000 -0.9165 -0.3999
vn -0.1035 -0.9165 -0.3863
vn -0.1794 -0.7207 -0.6696
vn -0.2000 -0.9165 -0.3464
vn -0.3466 -0.7207 -0.6004
vn -0.2828 -0.9165 -0.2828
vn -0.4902 -0.7207 -0.4902
vn -0.3464 -0.9165 -0.2000
vn -0.6004 -0.7207 -0.3466
vn -0.3863 -0.9165 -0.1035
vn -0.6696 -0.7207 -0.1794
vn -0.4000 -0.9165 -0.0000
vn -0.6933 -0.7207 -0.0000
vn -0.3863 -0.9165 0.1035
vn -0.6696 -0.7207 0.1794
vn -0.3464 -0.9165 0.2000
vn -0.6004 -0.7207 0.3466
vn -0.2828 -0.9165 0.2828
vn -0.4902 -0.7207 0.4902
vn -0.2000 -0.9165 0.3464
vn -0.3466 -0.7207 0.6004
vn -0.1035 -0.9165 0.3863
vn -0.1794 -0.7207 0.6696
vn -0.0000 -0.9165 0.4000
vn -0.0000 -0.7207 0.6933
vn 0.1035 -0.9165 0.3863
vn 0.1794 -0.7207 0.6696
vn 0.2000 -0.9165 0.3464
vn 0.3466 -0.7207 0.6004
vn 0.2828 -0.9165 0.2828
vn 0.4902 -0.7207 0.4902
vn 0.3464 -0.9165 0.2000
vn 0.6004 -0.7207 0.3466
vn 0.3863 -0.9165 0.1035
vn 0.6696 -0.7207 0.1794
vn 0.4000 -0.9165 -0.0000
vn 0.6933 -0.7207 -0.0000
vn -0.0000 0.6607 -0.7507
vn -0.0000 -0.3198 -0.9475
vn -0.0000 -0.9804 -0.1968
vn -0.0000 -0.6607 0.7507
vn -0.0000 0.3198 0.9475
vn -0.0000 0.9804 0.1968
vn -0.0000 -0.8660 -0.5000
vn -0.0000 -0.8660 0.5000
vn -0.0000 0.8660 0.5000
vn -0.0000 0.8660 -0.5000
vn -0.0000 -0.1373 -0.9905
vn -0.0000 -0.8353 -0.5498
vn -0.0000 0.8895 0.4569
vn -0.0000 0.7197 -0.6943
vn -0.2191 -0.7245 -0.6535
vn -0.2887 -0.0001 -0.9574
vn -0.6197 -0.0001 -0.7849
vn -0.4223 -0.7319 -0.5348
vn -0.2202 0.7206 -0.6574
vn -0.4219 0.7316 -0.5355
vn -0.6196 0.0001 -0.7849
vn -0.2887 0.0001 -0.9574
vn 0.0116 0.9974 0.0708
vn 0.0348 0.9986 0.0399
vn 0.2344 0.6869 0.6880
vn 0.4629 0.6813 0.5671
vn 0.3163 -0.0000 0.9487
vn 0.6336 -0.0000 0.7737
vn 0.2320 -0.6909 0.6847
vn 0.4629 -0.6813 0.5671
vn 0.0105 -0.9976 0.0678
vn 0.0340 -0.9986 0.0400
vn -0.8980 0.0002 -0.4401
vn -0.9935 -0.0069 -0.1132
vn -0.6927 -0.7169 -0.0787
vn -0.6086 -0.7361 -0.2963
vn -0.6087 0.7360 -0.2962
vn -0.6903 0.7189 -0.0822
vn -0.9940 0.0042 -0.1090
vn -0.8981 0.0002 -0.4397
vn 0.0494 0.9984 0.0266
vn 0.0271 0.9996 0.0062
vn 0.6607 0.6799 0.3180
vn 0.7138 0.6958 0.0797
vn 0.9026 -0.0002 0.4304
vn 0.9946 -0.0003 0.1042
vn 0.6609 -0.6798 0.3179
vn 0.7158 -0.6932 0.0839
vn 0.0493 -0.9984 0.0267
vn 0.0270 -0.9996 0.0047
vn -0.7136 0.6981 0.0578
vn 0.6965 -0.7148 -0.0623
vn -0.0380 -0.6898 -0.7230
vn -0.0723 -0.0001 -0.9974
vn 0.0457 -0.7162 0.6964
vn 0.0776 -0.0000 0.9970
vn 0.0468 0.7124 0.7002
vn -0.0394 0.6867 -0.7259
vn -0.0723 0.0001 -0.9974
vn -0.9997 -0.0224 -0.0056
vn -0.6935 -0.7172 -0.0683
vn -0.9999 -0.0136 -0.0028
vn -0.0015 0.9959 0.0903
vn 0.7155 0.6958 0.0620
vn 0.9998 -0.0180 -0.0046
vn -0.0011 -0.9956 -0.0938
vn -0.6801 -0.6725 -0.2920
vn -0.9986 -0.0501 -0.0197
vn -0.9981 -0.0420 -0.0461
vn -0.6803 -0.4653 -0.5662
vn -0.9986 -0.0500 -0.0197
vn -0.7332 0.6280 0.2608
vn -0.7434 0.4281 0.5139
vn -0.9981 -0.0419 -0.0461
vn 0.0001 0.9258 0.3780
vn -0.0000 0.6433 0.7656
vn 0.7331 0.6281 0.2610
vn 0.7434 0.4281 0.5139
vn 0.9986 -0.0493 -0.0196
vn 0.9981 -0.0418 -0.0459
vn 0.6800 -0.6725 -0.2921
vn 0.6803 -0.4653 -0.5662
vn -0.0000 -0.9159 -0.4015
vn -0.0000 -0.6315 -0.7754
vn -0.9993 -0.0099 -0.0347
vn -0.6890 -0.2049 -0.6952
vn -0.7248 0.1919 0.6617
vn -0.9994 -0.0099 -0.0346
vn -0.0001 0.2766 0.9610
vn 0.7249 0.1918 0.6616
vn 0.9994 -0.0097 -0.0344
vn 0.6890 -0.2048 -0.6952
vn -0.0000 -0.2834 -0.9590
vn -0.9999 -0.0024 -0.0167
vn -0.6982 -0.0491 -0.7142
vn -0.7148 0.0473 0.6978
vn -0.9999 -0.0024 -0.0166
vn -0.0001 0.0687 0.9976
vn 0.7148 0.0474 0.6977
vn 0.9999 -0.0023 -0.0165
vn 0.6981 -0.0492 -0.7143
vn -0.0000 -0.0676 -0.9977
vn -1.0000 -0.0000 0.0002
vn -0.7072 -0.0000 -0.7071
vn -1.0000 -0.0000 0.0003
vn 0.7069 -0.0000 0.7073
vn 1.0000 -0.0000 0.0002
vn 0.7072 -0.0000 -0.7071
vn -0.0109 0.9977 0.0673
vn -0.0472 0.7160 0.6965
vn 0.0389 0.6913 -0.7215
vn 0.0723 0.0001 -0.9974
vn 0.0384 -0.6852 -0.7273
vn 0.0723 -0.0001 -0.9974
vn -0.0118 -0.9974 0.0715
vn -0.0453 -0.7127 0.7000
vn -0.0776 -0.0000 0.9970
vn -0.0177 0.1645 -0.9862
vn -0.0016 -0.0766 -0.9971
vn 0.7149 -0.0547 -0.6971
vn -0.7153 -0.0520 -0.6969
vn -1.0000 0.0019 0.0062
vn -0.9996 0.0087 0.0284
vn -0.7204 -0.1882 -0.6675
vn -1.0000 0.0036 0.0063
vn -0.6972 0.0570 0.7146
vn -0.6906 0.1912 0.6975
vn -0.9996 0.0087 0.0285
vn -0.0000 0.0777 0.9970
vn -0.0000 0.2626 0.9649
vn 0.6969 0.0574 0.7149
vn 0.6902 0.1850 0.6996
vn 0.9998 0.0035 0.0195
vn 0.9989 0.0154 0.0447
vn 0.7213 -0.2144 -0.6586
vn 0.0029 -0.2567 -0.9665
vn -0.7107 -0.3064 -0.6332
vn -0.9999 0.0053 0.0119
vn -0.9951 -0.0799 0.0580
vn -0.6959 -0.4120 -0.5882
vn -0.9999 0.0053 0.0120
vn -0.6979 0.3053 0.6479
vn -0.6897 0.2977 0.6600
vn -0.9951 -0.0798 0.0581
vn -0.0001 0.4250 0.9052
vn 0.0292 0.4911 0.8706
vn 0.7099 0.3060 0.6343
vn 0.7240 0.3935 0.5666
vn 0.9952 0.0831 -0.0521
vn 0.7138 -0.2730 -0.6450
vn -0.0486 -0.4478 -0.8928
vn 0.0235 -0.4841 -0.8747
vn -0.9099 -0.3433 0.2331
vn -0.6252 -0.6133 -0.4827
vn -0.6140 0.1422 0.7764
vn -0.9099 -0.3432 0.2331
vn 0.0799 0.5273 0.8459
vn 0.6999 0.5845 0.4106
vn 0.9147 0.3356 -0.2250
vn 0.6584 -0.0828 -0.7481
vn 0.0453 -0.4781 -0.8771
vn -0.6553 -0.6311 0.4151
vn -0.4531 -0.8234 -0.3415
vn -0.4484 -0.0563 0.8921
vn -0.6553 -0.6310 0.4152
vn 0.0664 0.5600 0.8258
vn 0.5305 0.8042 0.2679
vn 0.6820 0.6124 -0.3999
vn 0.4863 0.1084 -0.8671
vn 0.0335 -0.4811 -0.8760
vn 0.2701 0.9428 0.1952
vn 0.0262 0.5807 0.8137
vn -0.2276 -0.1525 0.9617
vn -0.3283 -0.7936 0.5122
vn -0.3283 -0.7937 0.5121
vn -0.2276 -0.9380 -0.2613
vn 0.0059 -0.5013 -0.8653
vn 0.2435 0.2163 -0.9455
vn 0.3508 0.7885 -0.5052
vn -0.0034 0.5615 0.8275
vn -0.0573 -0.2074 0.9766
vn -0.0756 -0.8447 0.5298
vn -0.0756 -0.8448 0.5297
vn -0.0567 -0.9734 -0.2219
vn -0.0094 -0.5262 -0.8503
vn 0.0483 0.2358 -0.9706
vn 0.0777 0.8449 -0.5292
vn 0.0552 0.9789 0.1966
vn 0.9998 0.0188 -0.0002
vn 0.9994 0.0149 -0.0302
vn 0.7280 0.0149 0.6854
vn 0.7070 0.0188 0.7070
vn 0.0302 0.0149 0.9994
vn -0.0000 0.0188 0.9998
vn -0.6912 0.0407 0.7216
vn -0.7034 0.0112 0.7107
vn -0.9845 0.1669 0.0535
vn -0.9998 0.0133 -0.0128
vn -0.9872 0.1553 -0.0373
vn -0.7180 0.0656 -0.6929
vn -0.7105 0.0112 -0.7036
vn -0.0066 0.1579 -0.9874
vn 0.0052 0.0078 -1.0000
vn 0.6872 0.0391 -0.7254
vn 0.7068 0.0188 -0.7071
vn -0.9854 0.1680 -0.0281
vn -0.9838 0.1672 0.0649
vn 0.2203 -0.7205 -0.6575
vn 0.4219 -0.7316 -0.5355
vn 0.6196 -0.0001 -0.7849
vn 0.2887 -0.0001 -0.9574
vn 0.6197 0.0001 -0.7849
vn 0.4223 0.7319 -0.5348
vn 0.2191 0.7245 -0.6535
vn 0.2887 0.0001 -0.9574
vn -0.0340 0.9986 0.0400
vn -0.4629 0.6813 0.5671
vn -0.2320 0.6909 0.6847
vn -0.6336 -0.0000 0.7737
vn -0.3163 -0.0000 0.9487
vn -0.4629 -0.6813 0.5670
vn -0.2345 -0.6867 0.6880
vn -0.0348 -0.9986 0.0399
vn 0.6927 -0.7169 -0.0787
vn 0.9935 -0.0069 -0.1132
vn 0.8979 0.0002 -0.4401
vn 0.6086 -0.7361 -0.2963
vn 0.9940 0.0042 -0.1091
vn 0.6903 0.7189 -0.0822
vn 0.6087 0.7360 -0.2962
vn 0.8982 0.0002 -0.4397
vn -0.0271 0.9996 0.0062
vn -0.0494 0.9984 0.0266
vn -0.7138 0.6958 0.0797
vn -0.6607 0.6799 0.3180
vn -0.9946 -0.0003 0.1042
vn -0.9026 -0.0002 0.4304
vn -0.7156 -0.6935 0.0839
vn -0.6609 -0.6798 0.3179
vn -0.0270 -0.9996 0.0047
vn -0.0493 -0.9984 0.0267
vn 0.7146 0.6973 0.0566
vn -0.6973 -0.7140 -0.0626
vn 0.6935 -0.7172 -0.0683
vn 0.9997 -0.0224 -0.0056
vn 0.9999 -0.0136 -0.0029
vn 0.0015 0.9959 0.0903
vn -0.7155 0.6958 0.0619
vn -0.9998 -0.0180 -0.0046
vn 0.0011 -0.9956 -0.0938
vn 0.6801 -0.6725 -0.2921
vn 0.9981 -0.0420 -0.0461
vn 0.9986 -0.0501 -0.0197
vn 0.9986 -0.0500 -0.0197
vn 0.9981 -0.0419 -0.0461
vn 0.7333 0.6280 0.2607
vn -0.0000 0.6432 0.7657
vn -0.0001 0.9258 0.3780
vn -0.7433 0.4282 0.5139
vn -0.7331 0.6281 0.2610
vn -0.9981 -0.0418 -0.0459
vn -0.9986 -0.0493 -0.0196
vn -0.6800 -0.6725 -0.2922
vn 0.6890 -0.2049 -0.6952
vn 0.9993 -0.0099 -0.0347
vn 0.9994 -0.0098 -0.0346
vn 0.7248 0.1919 0.6617
vn -0.0000 0.2770 0.9609
vn -0.7248 0.1918 0.6617
vn -0.9994 -0.0097 -0.0344
vn -0.6890 -0.2048 -0.6952
vn 0.6982 -0.0491 -0.7142
vn 0.9999 -0.0023 -0.0167
vn 0.9999 -0.0023 -0.0166
vn 0.7148 0.0473 0.6978
vn 0.0001 0.0687 0.9976
vn -0.7148 0.0474 0.6977
vn -0.9999 -0.0023 -0.0165
vn -0.6981 -0.0492 -0.7143
vn 1.0000 -0.0001 0.0003
vn 0.9998 0.0032 0.0189
vn 0.6970 0.0560 0.7149
vn 0.9856 0.1685 -0.0117
vn -0.0000 0.0762 0.9971
vn -0.0177 0.1645 0.9862
vn -0.6965 0.0561 0.7154
vn -0.9998 0.0028 0.0191
vn -0.7149 -0.0556 -0.6970
vn -0.6716 0.1784 -0.7191
vn 0.0016 -0.0766 -0.9971
vn -0.0156 0.1795 -0.9836
vn 0.7149 -0.0516 -0.6973
vn 0.7204 -0.1882 -0.6675
vn 0.9996 0.0087 0.0284
vn 1.0000 0.0019 0.0062
vn 0.9996 0.0087 0.0285
vn 0.6907 0.1912 0.6974
vn -0.0000 0.2627 0.9649
vn -0.6902 0.1850 0.6996
vn -0.9989 0.0156 0.0448
vn -0.7252 -0.2136 -0.6546
vn -0.0025 -0.2569 -0.9664
vn 0.7108 -0.3064 -0.6332
vn 0.6958 -0.4120 -0.5883
vn 0.9951 -0.0799 0.0580
vn 0.9999 0.0052 0.0119
vn 0.9999 0.0053 0.0120
vn 0.9951 -0.0798 0.0581
vn 0.6897 0.2977 0.6600
vn 0.6979 0.3053 0.6479
vn -0.0292 0.4911 0.8706
vn 0.0001 0.4253 0.9050
vn -0.7240 0.3935 0.5666
vn -0.7099 0.3060 0.6343
vn -0.9952 0.0833 -0.0521
vn -0.7138 -0.2729 -0.6450
vn -0.0235 -0.4841 -0.8747
vn 0.0486 -0.4478 -0.8928
vn 0.6252 -0.6133 -0.4827
vn 0.9099 -0.3432 0.2330
vn 0.9099 -0.3432 0.2332
vn 0.6141 0.1422 0.7763
vn -0.0799 0.5273 0.8459
vn -0.6999 0.5845 0.4106
vn -0.9147 0.3356 -0.2250
vn -0.6584 -0.0828 -0.7481
vn -0.0452 -0.4781 -0.8771
vn 0.4520 -0.8247 -0.3400
vn 0.6553 -0.6311 0.4151
vn 0.6553 -0.6310 0.4152
vn 0.4484 -0.0563 0.8921
vn -0.0664 0.5600 0.8258
vn -0.5305 0.8042 0.2679
vn -0.6820 0.6124 -0.3999
vn -0.4863 0.1084 -0.8671
vn -0.0342 -0.4808 -0.8762
vn -0.0261 0.5807 0.8137
vn -0.2701 0.9428 0.1952
vn 0.2276 -0.1525 0.9617
vn 0.3283 -0.7937 0.5122
vn 0.2473 -0.9341 -0.2574
vn 0.3283 -0.7937 0.5121
vn -0.0002 -0.4737 -0.8807
vn -0.2520 0.2061 -0.9455
vn -0.3508 0.7885 -0.5052
vn 0.0573 -0.2074 0.9766
vn 0.0036 0.5611 0.8277
vn 0.0756 -0.8447 0.5298
vn 0.0469 -0.9845 -0.1692
vn 0.0757 -0.8448 0.5297
vn -0.0356 0.2201 -0.9748
vn -0.0777 0.8449 -0.5292
vn -0.0553 0.9790 0.1963
vn -0.7213 0.0413 0.6914
vn -0.9989 0.0392 -0.0270
vn -0.9998 0.0188 -0.0002
vn -0.7108 0.0112 0.7034
vn -0.0066 0.1580 0.9874
vn 0.0052 0.0078 1.0000
vn 0.6928 0.0656 0.7181
vn 0.7034 0.0112 0.7107
vn 0.9845 0.1669 0.0535
vn 0.7180 0.0656 -0.6929
vn 0.9872 0.1553 -0.0373
vn 0.9998 0.0133 -0.0128
vn 0.7105 0.0112 -0.7036
vn 0.0251 0.1710 -0.9849
vn -0.7104 0.1642 -0.6844
vn -0.7106 0.0078 -0.7036
vn 0.9838 0.1672 0.0649
vn -0.2029 0.0017 -0.9792
vn -0.2008 0.0018 -0.9796
vn 0.1881 0.0044 -0.9821
vn -0.8353 -0.0039 -0.5498
vn -0.8349 -0.0039 -0.5503
vn -0.2010 0.0017 -0.9796
vn -0.2031 0.0018 -0.9792
vn -0.9820 -0.0060 -0.1888
vn -0.8276 -0.0073 0.5612
vn 0.5011 -0.0182 0.8652
vn 0.6183 0.0205 0.7857
vn -0.0184 0.0368 0.9992
vn -0.0714 -0.0036 0.9974
vn 0.9351 -0.0349 0.3527
vn 0.9531 0.0054 0.3026
vn 0.8276 0.0073 -0.5612
vn 0.8277 0.0073 -0.5612
vn -0.0000 -0.5000 -0.8660
vn -0.0000 -0.0001 -1.0000
vn 0.0001 0.0001 -1.0000
vn -0.0000 0.5000 -0.8660
vn -0.0000 0.0001 -1.0000
vn -0.0000 0.5000 0.8660
vn -0.0000 -0.5000 0.8660
vn -0.0000 -0.9580 -0.2869
vn -0.0000 -0.9579 -0.2869
vn -0.0000 -0.0231 -0.9997
vn -0.0000 0.9437 -0.3309
vn -0.0000 0.9436 -0.3310
vn -0.0000 0.6063 0.7952
vn -0.0000 0.6064 0.7952
vn -0.0000 -0.5689 0.8224
vn -0.9336 0.0006 -0.3582
vn -0.5171 -0.0000 -0.8559
vn -0.5169 0.0002 -0.8561
vn -0.9749 0.0007 -0.2227
vn -0.0045 -0.0000 -1.0000
vn 0.5205 -0.0000 -0.8539
vn 0.9366 -0.0000 -0.3504
vn 0.9759 -0.0006 -0.2180
vn 0.9367 -0.0000 -0.3502
vn 1.0000 -0.0000 -0.0003
vn 1.0000 -0.0006 -0.0003
vn 0.9760 -0.0006 -0.2179
vn 0.6792 -0.0000 0.7339
vn 0.4981 -0.0000 0.8671
vn 0.0046 -0.0000 1.0000
vn -0.4849 0.0003 0.8746
vn -0.4845 -0.0000 0.8748
vn -0.6634 0.0005 0.7482
vn -0.6634 0.0004 0.7483
vn -1.0000 0.0013 0.0002
vn -1.0000 0.0010 0.0001
vn -0.0000 -0.9547 -0.2976
vn -0.0000 -0.9990 0.0446
vn -0.0000 -0.9990 0.0455
vn -0.0000 -0.9990 0.0456
vn -1.0000 0.0002 0.0001
vn -0.0000 -0.7461 0.6658
vn -0.0000 -0.7462 0.6658
vn 0.0003 -0.4838 0.8752
vn -0.0000 -0.4838 0.8752
vn 1.0000 0.0021 -0.0005
vn 1.0000 0.0022 -0.0006
vn 1.0000 0.0027 -0.0013
vn 1.0000 0.0027 -0.0012
vn -0.0000 -0.0881 -0.9961
vn -0.0000 -0.0875 -0.9962
vn -0.0000 0.2867 -0.9580
vn 1.0000 -0.0014 -0.0004
vn 1.0000 -0.0015 -0.0005
vn -0.0000 -0.0868 -0.9962
vn -0.0000 -0.0871 -0.9962
vn -0.0000 -0.7455 0.6665
vn -0.0000 -0.7454 0.6666
vn -0.0005 -0.4839 0.8751
vn -1.0000 -0.0002 -0.0002
vn -0.0000 -0.4486 -0.8937
vn 1.0000 -0.0008 -0.0003
vn 1.0000 -0.0009 -0.0003
vn 1.0000 -0.0012 -0.0004
vn -0.0000 -0.4493 -0.8934
vn 1.0000 0.0006 -0.0000
vn 1.0000 0.0009 0.0003
vn -0.5503 0.0003 -0.8350
vn 0.2029 0.0003 -0.9792
vn 0.2006 0.0003 -0.9797
vn -0.5505 0.0003 -0.8348
vn 0.2031 0.0003 -0.9792
vn 0.8364 0.0001 -0.5481
vn 0.8350 0.0001 -0.5503
vn 0.2008 0.0003 -0.9796
vn 0.9791 -0.0002 0.2035
vn 0.9795 -0.0002 0.2014
vn 0.5497 -0.0003 0.8354
vn 0.5494 -0.0003 0.8355
vn -0.2003 -0.0003 0.9797
vn -0.2026 -0.0003 0.9793
vn -0.8339 -0.0001 0.5519
vn -0.8354 -0.0001 0.5497
vn -0.9798 0.0002 -0.1998
vn -0.9794 0.0002 -0.2020
vn 0.5169 0.0002 -0.8561
vn 0.5171 -0.0000 -0.8559
vn 0.9336 0.0006 -0.3582
vn 0.9749 0.0007 -0.2227
vn 0.0045 -0.0000 -1.0000
vn -0.5205 -0.0000 -0.8539
vn -0.9759 -0.0006 -0.2180
vn -0.9366 -0.0000 -0.3504
vn -1.0000 -0.0006 -0.0003
vn -1.0000 -0.0000 -0.0003
vn -0.9367 -0.0000 -0.3503
vn -0.9760 -0.0006 -0.2179
vn -0.4981 -0.0000 0.8671
vn -0.6792 -0.0000 0.7339
vn -0.0046 -0.0000 1.0000
vn 0.4845 -0.0000 0.8748
vn 0.4849 0.0003 0.8746
vn 0.6634 0.0004 0.7483
vn 1.0000 0.0013 0.0002
vn 1.0000 0.0010 0.0001
vn 1.0000 0.0002 0.0001
vn -0.0003 -0.4838 0.8752
vn -0.0004 -0.4838 0.8752
vn -1.0000 0.0027 -0.0013
vn -1.0000 0.0022 -0.0007
vn -1.0000 0.0021 -0.0005
vn -1.0000 0.0028 -0.0012
vn -1.0000 -0.0012 -0.0003
vn -1.0000 -0.0014 -0.0004
vn 0.0005 -0.4839 0.8751
vn 1.0000 -0.0002 -0.0002
vn -1.0000 -0.0008 -0.0003
vn -1.0000 -0.0012 -0.0004
vn -1.0000 0.0009 0.0003
vn -1.0000 0.0006 -0.0000
vn -0.2007 0.0003 -0.9797
vn -0.2029 0.0003 -0.9792
vn 0.5503 0.0003 -0.8350
vn 0.5505 0.0003 -0.8348
vn -0.8350 0.0001 -0.5503
vn -0.8364 0.0001 -0.5481
vn -0.2031 0.0003 -0.9792
vn -0.2008 0.0003 -0.9796
vn -0.9795 -0.0002 0.2014
vn -0.9791 -0.0002 0.2035
vn -0.5494 -0.0003 0.8356
vn -0.5497 -0.0003 0.8354
vn 0.2026 -0.0003 0.9793
vn 0.2003 -0.0003 0.9797
vn 0.8354 -0.0001 0.5497
vn 0.8339 -0.0001 0.5519
vn 0.9794 0.0002 -0.2020
vn 0.9798 0.0002 -0.1998
vn 0.0101 -0.9978 -0.0657
vn 0.0087 -0.9946 -0.1036
vn -0.5474 -0.8360 -0.0387
vn -0.5038 -0.8636 -0.0207
vn -0.8672 -0.4923 0.0749
vn -0.8643 -0.5022 0.0286
vn -0.9868 -0.0030 0.1618
vn -0.9980 -0.0033 0.0633
vn -0.8492 0.4868 0.2045
vn -0.8643 0.4964 0.0810
vn -0.4901 0.8498 0.1938
vn -0.4990 0.8632 0.0770
vn 0.0076 0.9928 0.1194
vn 0.0055 0.9982 0.0590
vn 0.4647 0.8823 0.0742
vn 0.4936 0.8695 0.0208
vn 0.8065 0.5705 -0.1555
vn 0.8642 0.5019 -0.0356
vn 0.9878 0.0124 -0.1551
vn 0.9980 0.0033 -0.0633
vn 0.8457 -0.4840 -0.2248
vn 0.8643 -0.4964 -0.0810
vn 0.4770 -0.8575 -0.1927
vn 0.4990 -0.8632 -0.0770
vn -0.0285 -0.9914 -0.1274
vn 0.0001 -0.9986 -0.0524
vn -0.1146 -0.9379 -0.3275
vn -0.8285 -0.5202 0.2074
vn -0.9065 -0.0651 0.4173
vn -0.7491 0.4068 0.5228
vn -0.3968 0.7743 0.4929
vn 0.0585 0.9377 0.3424
vn 0.8916 0.1285 -0.4342
vn 0.4616 -0.1394 -0.8761
vn 0.3585 -0.7901 -0.4972
vn -0.1077 -0.9439 -0.3122
vn -0.2918 -0.8120 -0.5055
vn -0.5803 -0.8112 -0.0725
vn -0.7102 -0.6096 0.3521
vn -0.6688 -0.2517 0.6996
vn -0.4556 0.1774 0.8723
vn -0.1223 0.5622 0.8179
vn 0.2399 0.7970 0.5543
vn 0.5358 0.8279 0.1657
vn 0.6382 0.7160 -0.2829
vn 0.5412 0.4169 -0.7302
vn -0.0961 -0.4823 -0.8707
vn -0.2779 -0.8175 -0.5044
vn -0.4872 -0.6521 -0.5808
vn -0.5994 -0.7963 -0.0812
vn -0.5371 -0.7405 0.4040
vn -0.3378 -0.5015 0.7965
vn -0.0510 -0.1285 0.9904
vn 0.2530 0.2788 0.9264
vn 0.4826 0.6108 0.6278
vn 0.6037 0.7757 0.1840
vn -0.5146 -0.6335 -0.5778
vn -0.6669 -0.4880 -0.5632
vn -0.4110 -0.8429 0.3473
vn -0.1025 -0.6755 0.7302
vn 0.2342 -0.3376 0.9117
vn 0.4999 0.0968 0.8607
vn 0.6823 0.4720 0.5582
vn 0.4194 0.8440 -0.3342
vn 0.1345 0.6776 -0.7230
vn -0.2067 0.3256 -0.9226
vn -0.5043 -0.1210 -0.8550
vn -0.6527 -0.5232 -0.5479
vn -0.7305 -0.4504 -0.5134
vn -0.6195 -0.7783 -0.1017
vn -0.3132 -0.9045 0.2896
vn 0.0157 -0.7663 0.6423
vn 0.3899 -0.4450 0.8062
vn 0.6638 0.0055 0.7479
vn 0.6452 0.7489 0.1512
vn 0.3418 0.9032 -0.2595
vn -0.0150 0.7694 -0.6386
vn -0.3871 0.4486 -0.8055
vn -0.6552 -0.0053 -0.7554
vn -0.7371 -0.4523 -0.5021
vn -0.7852 -0.4103 -0.4638
vn 0.0993 -0.8284 0.5513
vn 0.4732 -0.4948 0.7289
vn 0.7417 -0.0815 0.6658
vn 0.7890 0.4063 0.4608
vn -0.1334 0.8324 -0.5378
vn -0.4615 0.4984 -0.7339
vn -0.7489 0.0539 -0.6605
vn -0.7734 -0.4247 -0.4706
vn -0.8036 -0.3979 -0.4427
vn -0.6123 -0.7806 -0.1256
vn -0.2439 -0.9468 0.2101
vn 0.1359 -0.8449 0.5174
vn 0.5609 -0.5380 0.6293
vn 0.6296 0.7633 0.1450
vn 0.2852 0.9414 -0.1802
vn -0.5517 0.5495 -0.6274
vn -0.8086 -0.4213 -0.4108
vn -0.8196 -0.3973 -0.4128
vn 0.2133 -0.8791 0.4263
vn 0.8067 -0.1395 0.5742
vn 0.8248 0.3789 0.4196
vn -0.2003 0.8846 -0.4210
vn -0.8214 0.0794 -0.5647
vn -0.8101 -0.4108 -0.4184
vn -0.8292 -0.3905 -0.3999
vn -0.5949 -0.7879 -0.1589
vn -0.1802 -0.9734 0.1419
vn 0.6140 -0.5940 0.5198
vn 0.6067 0.7772 0.1670
vn 0.2376 0.9656 -0.1060
vn -0.6234 0.5818 -0.5224
vn -0.8294 -0.4039 -0.3859
vn -0.8319 -0.3933 -0.3916
vn 0.2707 -0.9086 0.3182
vn 0.8509 -0.1611 0.5001
vn 0.8415 0.3680 0.3956
vn -0.2665 0.9105 -0.3163
vn -0.8637 0.0966 -0.4947
vn -0.8277 -0.3994 -0.3942
vn -0.8367 -0.3970 -0.3771
vn -0.5726 -0.7931 -0.2077
vn -0.1430 -0.9888 0.0419
vn 0.6793 -0.6022 0.4194
vn 0.5743 0.7920 0.2071
vn 0.1786 0.9837 -0.0230
vn -0.6709 0.6137 -0.4162
vn -0.8372 -0.3982 -0.3749
vn -0.8329 -0.3957 -0.3869
vn 0.3206 -0.9240 0.2083
vn 0.8891 -0.1588 0.4292
vn 0.8498 0.3589 0.3861
vn -0.3251 0.9219 -0.2109
vn -0.8966 0.1117 -0.4285
vn -0.8330 -0.3964 -0.3859
vn -0.8331 -0.4114 -0.3696
vn -0.5275 -0.8021 -0.2802
vn -0.1364 -0.9889 -0.0590
vn 0.3482 -0.9251 0.1513
vn 0.7361 -0.5972 0.3186
vn 0.5386 0.7931 0.2845
vn 0.1052 0.9935 0.0438
vn -0.3512 0.9238 -0.1527
vn -0.7181 0.6236 -0.3088
vn -0.8368 -0.3984 -0.3755
vn -0.8321 -0.3906 -0.3938
vn -0.0828 -0.9845 -0.1545
vn 0.3893 -0.9192 0.0592
vn 0.7583 -0.5984 0.2586
vn 0.9278 -0.1522 0.3406
vn 0.8497 0.3566 0.3885
vn 0.0735 0.9857 0.1517
vn -0.3902 0.9188 -0.0596
vn -0.7468 0.6148 -0.2537
vn -0.9316 0.1070 -0.3475
vn -0.8299 -0.3964 -0.3927
vn -0.8313 -0.3894 -0.3966
vn -0.5009 -0.7848 -0.3650
vn -0.0413 -0.9698 -0.2404
vn 0.4324 -0.9002 -0.0521
vn 0.7991 -0.5825 0.1488
vn 0.5099 0.7748 0.3738
vn 0.0476 0.9691 0.2422
vn -0.4340 0.8994 0.0514
vn -0.7928 0.5925 -0.1430
vn -0.8288 -0.4000 -0.3912
vn -0.8252 -0.3869 -0.4114
vn -0.4726 -0.7591 -0.4476
vn 0.0035 -0.9307 -0.3659
vn 0.4785 -0.8577 -0.1881
vn 0.8278 -0.5596 0.0390
vn 0.9583 -0.1064 0.2651
vn 0.8464 0.3406 0.4094
vn 0.4763 0.7617 0.4392
vn 0.0073 0.9295 0.3688
vn -0.4808 0.8567 0.1870
vn -0.8356 0.5474 -0.0462
vn -0.9593 0.0919 -0.2671
vn -0.8242 -0.3874 -0.4131
vn -0.8182 -0.3792 -0.4321
vn -0.4443 -0.7118 -0.5439
vn 0.0452 -0.8572 -0.5129
vn 0.5229 -0.7783 -0.3477
vn 0.8637 -0.4956 -0.0915
vn 0.9793 -0.0783 0.1865
vn 0.4578 0.6970 0.5518
vn -0.0322 0.8563 0.5155
vn -0.5262 0.7768 0.3460
vn -0.8728 0.4814 0.0806
vn -0.9772 0.0566 -0.2047
vn -0.8183 -0.3790 -0.4321
vn -0.8122 -0.3627 -0.4570
vn -0.4223 -0.6327 -0.6491
vn 0.0773 -0.7371 -0.6713
vn 0.5572 -0.6490 -0.5180
vn 0.8915 -0.3900 -0.2303
vn 0.9918 -0.0263 0.1247
vn 0.8466 0.3110 0.4318
vn 0.4285 0.6405 0.6374
vn -0.0624 0.7369 0.6732
vn -0.5609 0.6474 0.5160
vn -0.9007 0.3765 0.2169
vn -0.9899 0.0034 -0.1415
vn -0.8122 -0.3626 -0.4569
vn -0.8127 -0.3281 -0.4815
vn -0.4170 -0.5323 -0.7367
vn 0.0896 -0.5941 -0.7994
vn 0.5688 -0.5001 -0.6530
vn 0.9030 -0.2802 -0.3257
vn 0.9986 0.0120 0.0511
vn 0.4131 0.5164 0.7501
vn -0.0794 0.5943 0.8003
vn -0.5767 0.4967 0.6486
vn -0.9083 0.2745 0.3157
vn -0.9929 -0.0505 -0.1079
vn -0.8005 -0.3426 -0.4918
vn -0.8158 -0.2809 -0.5055
vn -0.4200 -0.4442 -0.7914
vn 0.1009 -0.5001 -0.8601
vn 0.5610 -0.3783 -0.7363
vn 0.9053 -0.1983 -0.3757
vn 0.8106 0.2632 0.5231
vn 0.4334 0.4085 0.8033
vn -0.0822 0.5083 0.8572
vn -0.5853 0.3703 0.7213
vn -0.9070 0.1965 0.3726
vn -0.8378 -0.2555 -0.4824
vn -0.8143 -0.2337 -0.5313
vn -0.4194 -0.3706 -0.8287
vn 0.1085 -0.4007 -0.9098
vn 0.9983 0.0176 0.0564
vn -0.0960 0.3875 0.9168
vn -0.9941 -0.0371 -0.1018
vn -0.8277 -0.2383 -0.5081
vn -0.7989 -0.2220 -0.5590
vn -0.4242 -0.2840 -0.8599
vn 0.0893 -0.3129 -0.9456
vn 0.5739 -0.2603 -0.7764
vn 0.9069 -0.1373 -0.3984
vn 0.8176 0.1817 0.5464
vn 0.4262 0.2893 0.8571
vn -0.0894 0.3157 0.9446
vn -0.5758 0.2598 0.7752
vn -0.9059 0.1376 0.4005
vn -0.8215 -0.1902 -0.5376
vn -0.8012 -0.1591 -0.5769
vn 0.9981 0.0214 0.0583
vn -0.9942 -0.0335 -0.1023
vn -0.8212 -0.1692 -0.5450
vn -0.8015 -0.1575 -0.5769
vn -0.4225 -0.1888 -0.8865
vn 0.0884 -0.2001 -0.9758
vn 0.5720 -0.1568 -0.8051
vn 0.9083 -0.0713 -0.4121
vn 0.8202 0.1279 0.5577
vn 0.4266 0.1900 0.8843
vn -0.0862 0.2002 0.9760
vn -0.5759 0.1560 0.8025
vn -0.9033 0.0734 0.4227
vn -0.8195 -0.1367 -0.5565
vn -0.8060 -0.1098 -0.5817
vn 0.9977 0.0381 0.0557
vn -0.9939 -0.0450 -0.1010
vn -0.8197 -0.1199 -0.5601
vn -0.8037 -0.1126 -0.5843
vn -0.4239 -0.1034 -0.8998
vn 0.0852 -0.0886 -0.9924
vn 0.5688 -0.0493 -0.8210
vn 0.9078 0.0027 -0.4193
vn 0.8242 0.0911 0.5590
vn 0.4297 0.1045 0.8969
vn -0.0822 0.0889 0.9926
vn -0.5722 0.0489 0.8187
vn -0.8989 -0.0005 0.4382
vn -0.8175 -0.0998 -0.5672
vn -0.8103 -0.0759 -0.5811
vn 0.9962 0.0703 0.0510
vn -0.9922 -0.0722 -0.1013
vn -0.8187 -0.0849 -0.5679
vn -0.8054 -0.0820 -0.5870
vn -0.4294 -0.0244 -0.9028
vn 0.0772 0.0222 -0.9968
vn 0.5607 0.0651 -0.8254
vn 0.9042 0.0903 -0.4175
vn 0.8295 0.0688 0.5542
vn 0.4369 0.0232 0.8992
vn -0.0755 -0.0250 0.9968
vn -0.5620 -0.0681 0.8243
vn -0.8902 -0.0930 0.4461
vn -0.8158 -0.0751 -0.5735
vn -0.8139 -0.0539 -0.5784
vn 0.9906 0.1216 0.0622
vn -0.9871 -0.1188 -0.1071
vn -0.8179 -0.0608 -0.5722
vn -0.8062 -0.0629 -0.5883
vn -0.4291 0.0646 -0.9009
vn 0.0519 0.1077 -0.9928
vn 0.5497 0.1679 -0.8183
vn 0.8908 0.1836 -0.4157
vn 0.8358 0.0613 0.5456
vn 0.4488 -0.0602 0.8916
vn -0.0458 -0.1553 0.9868
vn -0.5482 -0.1441 0.8238
vn -0.8746 -0.2130 0.4356
vn -0.8139 -0.0605 -0.5779
vn -0.8165 -0.0423 -0.5758
vn 0.0444 0.2023 -0.9783
vn 0.5348 0.2565 -0.8051
vn 0.8812 0.2396 -0.4076
vn 0.9762 0.2016 0.0799
vn -0.5362 -0.2778 0.7970
vn -0.9744 -0.1950 -0.1122
vn -0.8169 -0.0459 -0.5750
vn -0.8046 -0.0542 -0.5913
vn -0.4485 0.1678 -0.8779
vn 0.0185 0.2652 -0.9640
vn 0.5130 0.3530 -0.7824
vn 0.8564 0.3394 -0.3890
vn 0.8359 0.0683 0.5447
vn 0.4820 -0.1549 0.8624
vn -0.0514 -0.2676 0.9622
vn -0.5152 -0.3504 0.7822
vn -0.8458 -0.3462 0.4059
vn -0.8101 -0.0555 -0.5837
vn -0.8165 -0.0418 -0.5758
vn -0.0026 0.3814 -0.9244
vn 0.4796 0.4643 -0.7446
vn 0.8241 0.4326 -0.3656
vn 0.9504 0.2876 0.1185
vn -0.0020 -0.3840 0.9233
vn -0.4787 -0.4643 0.7452
vn -0.8248 -0.4199 0.3787
vn -0.9393 -0.3085 -0.1498
vn -0.8150 -0.0405 -0.5780
vn -0.7984 -0.0547 -0.5996
vn -0.4917 0.2880 -0.8218
vn -0.0507 0.4614 -0.8858
vn 0.4288 0.5895 -0.6846
vn 0.7781 0.5450 -0.3123
vn 0.9260 0.3480 0.1461
vn 0.8282 0.0941 0.5525
vn 0.5340 -0.2597 0.8046
vn 0.0161 -0.4717 0.8816
vn -0.4273 -0.5893 0.6856
vn -0.7749 -0.5531 0.3061
vn -0.8013 -0.0591 -0.5954
vn -0.8108 -0.0619 -0.5821
vn -0.1084 0.5949 -0.7965
vn 0.3544 0.7216 -0.5947
vn 0.7102 0.6650 -0.2312
vn 0.8775 0.4334 0.2055
vn 0.1090 -0.5967 0.7951
vn -0.3522 -0.7213 0.5964
vn -0.7172 -0.6610 0.2205
vn -0.8843 -0.4167 -0.2105
vn -0.8079 -0.0615 -0.5860
vn -0.7986 -0.0739 -0.5973
vn -0.5572 0.3554 -0.7505
vn -0.1775 0.6885 -0.7032
vn 0.2528 0.8451 -0.4710
vn 0.6168 0.7782 -0.1181
vn 0.8256 0.4979 0.2654
vn 0.8036 0.1302 0.5808
vn 0.6161 -0.3426 0.7093
vn 0.1593 -0.6859 0.7100
vn -0.2499 -0.8448 0.4732
vn -0.6250 -0.7732 0.1072
vn -0.8246 -0.4881 -0.2859
vn -0.7987 -0.0741 -0.5972
vn -0.7870 -0.0819 -0.6115
vn -0.6127 0.3957 -0.6841
vn -0.2786 0.7677 -0.5771
vn 0.1282 0.9389 -0.3193
vn 0.5015 0.8649 0.0219
vn 0.7425 0.5611 0.3659
vn 0.2964 -0.7694 0.5658
vn -0.1248 -0.9385 0.3219
vn -0.5106 -0.8592 -0.0320
vn -0.7521 -0.5423 -0.3745
vn -0.7870 -0.0821 -0.6115
vn -0.7730 -0.0879 -0.6283
vn -0.6675 0.4150 -0.6183
vn -0.3872 0.8069 -0.4460
vn -0.0059 0.9876 -0.1571
vn 0.3770 0.9099 0.1728
vn 0.6614 0.5943 0.4576
vn 0.7725 0.1230 0.6229
vn 0.6768 -0.3833 0.6285
vn 0.3969 -0.7956 0.4577
vn 0.0094 -0.9871 0.1600
vn -0.3862 -0.9045 -0.1812
vn -0.6722 -0.5720 -0.4700
vn -0.7730 -0.0881 -0.6283
vn -0.7642 -0.1065 -0.6361
vn -0.6990 0.4048 -0.5895
vn -0.4465 0.8077 -0.3850
vn -0.0743 0.9942 -0.0774
vn 0.3178 0.9143 0.2510
vn 0.6247 0.5895 0.5121
vn 0.7643 0.1066 0.6360
vn 0.6990 -0.4048 0.5895
vn 0.4465 -0.8077 0.3850
vn 0.0743 -0.9942 0.0774
vn -0.3178 -0.9143 -0.2510
vn -0.6247 -0.5894 -0.5121
vn -0.7643 -0.1067 -0.6360
vn -0.6431 -0.0437 0.7645
vn -0.0858 0.9948 0.0552
vn 0.1544 0.9613 -0.2280
vn -0.0858 0.9948 0.0551
vn 0.7640 0.0302 0.6445
vn -0.7640 -0.0302 -0.6445
vn -0.2035 0.9592 0.1963
vn 0.7640 0.0301 0.6445
vn 0.2684 0.8935 -0.3600
vn -0.7640 -0.0301 -0.6445
vn -0.1259 0.9867 0.1030
vn -0.1280 0.9862 0.1055
vn -0.6002 0.7186 -0.3512
vn -0.6264 0.6737 -0.3922
vn -0.0349 -0.9955 0.0880
vn 0.4618 0.7144 0.5257
vn 0.4129 0.7583 0.5045
vn 0.3491 -0.8594 -0.3736
vn 0.5142 -0.6317 -0.5802
vn 0.9024 -0.4292 0.0373
vn 0.7690 -0.6208 0.1526
vn -0.2514 -0.6601 -0.7079
vn -0.1692 -0.4708 -0.8658
vn 0.5143 -0.6315 -0.5803
vn -0.7305 -0.1040 -0.6749
vn -0.7629 -0.0298 -0.6458
vn -0.7971 0.5507 -0.2476
vn -0.9023 0.4290 -0.0420
vn -0.3372 0.8704 0.3588
vn -0.5137 0.6329 0.5793
vn 0.3495 0.5972 0.7219
vn 0.1715 0.4721 0.8647
vn 0.7914 -0.0450 0.6097
vn 0.7653 0.0306 0.6430
vn 0.5065 -0.6376 -0.5804
vn 0.8945 -0.4413 0.0714
vn -0.2003 -0.4908 -0.8479
vn 0.5271 -0.6352 -0.5646
vn -0.7717 -0.0161 -0.6357
vn -0.8921 0.4489 -0.0504
vn -0.4991 0.6599 0.5616
vn 0.1823 0.4964 0.8488
vn 0.7548 0.0407 0.6547
vn 0.4503 -0.6996 -0.5548
vn 0.4884 -0.6952 -0.5274
vn 0.4335 -0.7319 -0.5257
vn 0.3416 -0.8594 -0.3806
vn 0.8297 -0.5351 0.1588
vn -0.2711 -0.5893 -0.7611
vn 0.3588 -0.8570 -0.3698
vn 0.4833 -0.7350 -0.4755
vn -0.7771 0.0009 -0.6293
vn -0.8539 0.5113 -0.0972
vn -0.7879 0.5903 -0.1753
vn -0.4419 0.7525 0.4883
vn -0.3622 0.8468 0.3895
vn 0.2150 0.5543 0.8041
vn 0.2745 0.6340 0.7230
vn 0.7473 0.0611 0.6617
vn 0.2563 -0.9309 -0.2601
vn 0.1472 -0.9807 -0.1285
vn 0.6392 -0.6717 0.3745
vn 0.7337 -0.6275 0.2608
vn 0.2561 -0.9310 -0.2602
vn -0.3555 -0.6685 -0.6532
vn -0.4431 -0.7165 -0.5388
vn 0.1471 -0.9807 -0.1286
vn -0.7732 0.0159 -0.6340
vn -0.7214 0.6454 -0.2511
vn -0.6365 0.6831 -0.3582
vn -0.2600 0.9288 0.2642
vn -0.1508 0.9796 0.1329
vn 0.3407 0.6859 0.6430
vn 0.4279 0.7248 0.5400
vn 0.7543 0.0738 0.6524
vn -0.4319 0.1870 0.8823
vn -0.4323 0.1871 0.8821
vn -0.6254 0.2797 0.7284
vn -0.6253 0.2797 0.7285
vn -0.8050 0.1720 0.5677
vn -0.8053 0.1719 0.5675
vn -0.8676 -0.0763 0.4913
vn -0.8677 -0.0764 0.4912
vn -0.7738 -0.3228 0.5450
vn -0.7717 -0.3253 0.5465
vn -0.5749 -0.4215 0.7013
vn -0.5750 -0.4213 0.7013
vn -0.3940 -0.3104 0.8651
vn -0.3923 -0.3077 0.8668
vn -0.3353 -0.0555 0.9405
vn -0.3347 -0.0555 0.9407
vn 0.4633 0.7250 0.5096
vn 0.4617 0.7270 0.5083
vn -0.0983 0.9927 0.0696
vn -0.0978 0.9928 0.0696
vn -0.6112 0.6849 -0.3966
vn -0.6127 0.6826 -0.3983
vn -0.7848 -0.0302 -0.6190
vn -0.7847 -0.0311 -0.6191
vn -0.5097 -0.7292 -0.4566
vn -0.5096 -0.7294 -0.4564
vn 0.0493 -0.9987 -0.0122
vn 0.0494 -0.9987 -0.0121
vn 0.0495 -0.9987 -0.0120
vn 0.5683 -0.6870 0.4527
vn 0.5685 -0.6868 0.4530
vn 0.7425 0.0298 0.6692
vn 0.7425 0.0290 0.6693
vn 0.7551 0.0457 0.6540
vn 0.4554 0.7328 0.5056
vn -0.1021 0.9920 0.0745
vn -0.6079 0.6909 -0.3913
vn -0.7726 -0.0145 -0.6347
vn -0.4807 -0.7219 -0.4977
vn 0.0897 -0.9942 -0.0600
vn 0.0898 -0.9942 -0.0598
vn 0.6040 -0.6790 0.4173
vn 0.7689 -0.6209 0.1527
vn 0.6061 -0.7292 0.3178
vn 0.1485 -0.9803 -0.1299
vn -0.2515 -0.6602 -0.7077
vn 0.1484 -0.9803 -0.1301
vn -0.3813 -0.7669 -0.5161
vn -0.7497 0.1628 -0.6415
vn -0.7970 0.5508 -0.2478
vn -0.6003 0.7185 -0.3513
vn -0.3371 0.8705 0.3586
vn -0.1281 0.9861 0.1056
vn 0.4129 0.7582 0.5045
vn 0.3496 0.5973 0.7218
vn 0.7492 0.2222 0.6240
vn -0.6136 0.3795 0.6925
vn -0.6024 0.3913 0.6957
vn 0.9701 0.1214 -0.2103
vn 0.9701 0.1214 0.2103
vn 0.9701 -0.2428 -0.0000
vn -0.0000 -0.3827 -0.9239
vn -0.0000 -0.7070 -0.7072
vn -0.0000 0.7071 -0.7071
vn -0.0000 0.3827 -0.9239
vn -0.0000 0.9239 -0.3827
vn -0.0000 0.7071 0.7071
vn -0.0000 0.9239 0.3827
vn -0.0000 0.3827 0.9239
vn -0.0000 -0.7071 0.7071
vn -0.0000 -0.3827 0.9239
vn -0.0000 -0.9239 0.3827
vn -0.0000 -0.7072 -0.7070
vn -0.0000 -0.9239 -0.3827
vn -0.3479 -0.6629 -0.6629
vn 0.3444 -0.6639 -0.6639
vn 0.3445 -0.8674 -0.3591
vn -0.3479 -0.8662 -0.3587
vn -0.3479 -0.3588 -0.8662
vn 0.3444 -0.3593 -0.8674
vn -0.3479 -0.0000 -0.9375
vn 0.3444 -0.0000 -0.9388
vn -0.3479 0.3588 -0.8662
vn 0.3444 0.3593 -0.8674
vn -0.3479 0.6629 -0.6629
vn 0.3444 0.6639 -0.6639
vn -0.3479 0.8662 -0.3588
vn 0.3444 0.8674 -0.3593
vn -0.3479 0.9375 -0.0000
vn 0.3444 0.9388 -0.0000
vn -0.3479 0.8662 0.3588
vn 0.3444 0.8674 0.3593
vn -0.3479 0.6629 0.6629
vn 0.3444 0.6639 0.6639
vn -0.3479 0.3588 0.8662
vn 0.3444 0.3593 0.8674
vn -0.3479 -0.0000 0.9375
vn 0.3448 -0.0003 0.9387
vn -0.3479 -0.3588 0.8662
vn 0.3447 -0.3593 0.8672
vn -0.3479 -0.6630 0.6629
vn 0.3447 -0.6636 0.6639
vn -0.3480 -0.8662 0.3587
vn 0.3446 -0.8674 0.3591
vn -0.3479 -0.9375 0.0002
vn 0.3445 -0.9388 0.0002
vn 0.3445 -0.9388 -0.0000
vn -0.3480 -0.9375 -0.0000
vn -0.6753 -0.6814 -0.2821
vn -0.6753 -0.5215 -0.5215
vn -0.6753 -0.2823 -0.6814
vn -0.6753 -0.0000 -0.7376
vn -0.6753 0.2823 -0.6814
vn -0.6753 0.5215 -0.5215
vn -0.6753 0.6814 -0.2823
vn -0.6753 0.7376 -0.0000
vn -0.6753 0.6814 0.2823
vn -0.6753 0.5215 0.5215
vn -0.6753 0.2823 0.6814
vn -0.6753 -0.0000 0.7376
vn -0.6753 -0.2823 0.6814
vn -0.6753 -0.5217 0.5214
vn -0.6755 -0.6813 0.2821
vn -0.6755 -0.7374 0.0002
vn -0.6755 -0.7374 0.0001
vn 0.6693 -0.5254 -0.5254
vn 0.6693 -0.6866 -0.2840
vn 0.6693 -0.2843 -0.6865
vn 0.6693 -0.0000 -0.7430
vn 0.6693 0.2843 -0.6865
vn 0.6693 0.5254 -0.5254
vn 0.6693 0.6865 -0.2843
vn 0.6693 0.7430 -0.0000
vn 0.6693 0.6865 0.2843
vn 0.6693 0.5254 0.5254
vn 0.6693 0.2843 0.6865
vn 0.6694 -0.0005 0.7429
vn 0.6700 -0.2842 0.6858
vn 0.6698 -0.5249 0.5253
vn 0.6699 -0.6861 0.2838
vn 0.6697 -0.7426 0.0004
vn 0.6697 -0.7426 0.0002
vn 1.0000 0.0004 0.0003
vn 1.0000 0.0002 0.0008
vn 1.0000 0.0003 0.0004
vn 1.0000 0.0001 0.0005
vn 1.0000 -0.0001 0.0005
vn 1.0000 -0.0003 0.0004
vn 1.0000 -0.0004 0.0003
vn 1.0000 -0.0005 0.0001
vn 1.0000 -0.0005 -0.0001
vn 1.0000 -0.0004 -0.0003
vn 1.0000 -0.0003 -0.0004
vn 1.0000 -0.0013 -0.0005
vn 1.0000 -0.0012 -0.0005
vn 1.0000 -0.0001 -0.0005
vn 1.0000 -0.0002 0.0004
vn 1.0000 0.0008 0.0001
vn 1.0000 -0.0002 -0.0006
vn 1.0000 -0.0000 0.0006
vn 0.2569 0.6834 0.6834
vn 0.2569 0.8929 0.3698
vn 0.2570 0.8928 0.3700
vn 0.2569 0.3698 0.8929
vn 0.2569 -0.0000 0.9664
vn 0.2569 -0.3698 0.8929
vn 0.2569 -0.6834 0.6834
vn 0.2569 -0.8929 0.3698
vn 0.2569 -0.9664 0.0001
vn 0.2569 -0.8929 -0.3698
vn 0.2569 -0.9664 -0.0001
vn 0.2569 -0.6834 -0.6834
vn 0.2569 -0.3698 -0.8929
vn 0.2572 -0.0001 -0.9664
vn 0.2570 -0.0001 -0.9664
vn 0.2572 0.3699 -0.8927
vn 0.2570 0.6834 -0.6833
vn 0.2570 0.6833 -0.6834
vn 0.2571 0.8928 -0.3700
vn 0.2571 0.8928 -0.3698
vn 0.2571 0.9664 0.0002
vn 0.2571 0.9664 0.0001
vn -0.9701 0.1214 -0.2103
vn -0.9701 0.1214 0.2103
vn -0.9701 -0.2428 -0.0000
vn -0.3445 -0.8674 -0.3591
vn -0.3444 -0.6639 -0.6639
vn 0.3479 -0.6629 -0.6629
vn 0.3479 -0.8662 -0.3587
vn -0.3444 -0.3593 -0.8674
vn 0.3479 -0.3588 -0.8662
vn -0.3444 -0.0000 -0.9388
vn 0.3479 -0.0000 -0.9375
vn -0.3444 0.3593 -0.8674
vn 0.3479 0.3588 -0.8662
vn -0.3444 0.6639 -0.6639
vn 0.3479 0.6629 -0.6629
vn -0.3444 0.8674 -0.3593
vn 0.3479 0.8662 -0.3588
vn -0.3444 0.9388 -0.0000
vn 0.3479 0.9375 -0.0000
vn -0.3444 0.8674 0.3593
vn 0.3479 0.8662 0.3588
vn -0.3444 0.6639 0.6639
vn 0.3479 0.6629 0.6629
vn -0.3444 0.3593 0.8674
vn 0.3479 0.3588 0.8662
vn -0.3448 -0.0003 0.9387
vn 0.3479 -0.0000 0.9375
vn -0.3447 -0.3593 0.8672
vn 0.3479 -0.3588 0.8662
vn -0.3447 -0.6636 0.6639
vn 0.3479 -0.6630 0.6629
vn -0.3446 -0.8674 0.3591
vn 0.3480 -0.8662 0.3587
vn -0.3445 -0.9388 0.0002
vn 0.3480 -0.9375 0.0002
vn -0.3445 -0.9388 -0.0000
vn 0.3479 -0.9375 -0.0000
vn 0.6753 -0.5215 -0.5215
vn 0.6753 -0.6814 -0.2821
vn 0.6753 -0.2823 -0.6814
vn 0.6753 -0.0000 -0.7376
vn 0.6753 0.2823 -0.6814
vn 0.6753 0.5215 -0.5215
vn 0.6753 0.6814 -0.2823
vn 0.6753 0.7376 -0.0000
vn 0.6753 0.6814 0.2823
vn 0.6753 0.5215 0.5215
vn 0.6753 0.2823 0.6814
vn 0.6753 -0.0000 0.7376
vn 0.6753 -0.2823 0.6814
vn 0.6753 -0.5217 0.5214
vn 0.6755 -0.6813 0.2821
vn 0.6755 -0.7374 0.0002
vn 0.6755 -0.7374 0.0001
vn -0.6693 -0.6866 -0.2840
vn -0.6693 -0.5254 -0.5254
vn -0.6693 -0.2843 -0.6865
vn -0.6693 -0.0000 -0.7430
vn -0.6693 0.2843 -0.6865
vn -0.6693 0.5254 -0.5254
vn -0.6693 0.6865 -0.2843
vn -0.6693 0.7430 -0.0000
vn -0.6693 0.6865 0.2843
vn -0.6693 0.5254 0.5254
vn -0.6693 0.2843 0.6865
vn -0.6694 -0.0005 0.7429
vn -0.6697 -0.2842 0.6861
vn -0.6698 -0.5249 0.5253
vn -0.6699 -0.6861 0.2838
vn -0.6697 -0.7426 0.0004
vn -0.6697 -0.7426 0.0002
vn -1.0000 0.0002 0.0008
vn -1.0000 0.0004 0.0003
vn -1.0000 0.0003 0.0004
vn -1.0000 0.0001 0.0005
vn -1.0000 -0.0001 0.0005
vn -1.0000 -0.0003 0.0004
vn -1.0000 -0.0004 0.0003
vn -1.0000 -0.0005 0.0001
vn -1.0000 -0.0005 -0.0001
vn -1.0000 -0.0004 -0.0003
vn -1.0000 -0.0003 -0.0004
vn -1.0000 -0.0001 -0.0005
vn -1.0000 -0.0012 -0.0005
vn -1.0000 -0.0013 -0.0005
vn -1.0000 -0.0002 0.0004
vn -1.0000 0.0008 0.0001
vn -1.0000 -0.0002 -0.0006
vn -1.0000 -0.0000 0.0006
vn -0.2569 0.8929 0.3698
vn -0.2569 0.6834 0.6834
vn -0.2570 0.8928 0.3700
vn -0.2569 0.3698 0.8929
vn -0.2569 -0.0000 0.9664
vn -0.2569 -0.3698 0.8929
vn -0.2569 -0.6834 0.6834
vn -0.2569 -0.8929 0.3698
vn -0.2569 -0.9664 0.0001
vn -0.2569 -0.9664 -0.0001
vn -0.2569 -0.8929 -0.3698
vn -0.2569 -0.6834 -0.6834
vn -0.2569 -0.3698 -0.8929
vn -0.2570 -0.0001 -0.9664
vn -0.2572 -0.0001 -0.9664
vn -0.2572 0.3699 -0.8927
vn -0.2570 0.6833 -0.6834
vn -0.2570 0.6834 -0.6833
vn -0.2571 0.8928 -0.3698
vn -0.2571 0.8928 -0.3700
vn -0.2571 0.9664 0.0001
vn -0.2571 0.9664 0.0002
vn -0.0633 0.0523 -0.9966
vt 0.656708 0.504135
vt 0.659807 0.498767
vt 0.659799 0.504135
vt 0.655162 0.501458
vt 0.656708 0.498781
vt 0.661345 0.501458
vt 0.649337 0.504135
vt 0.649327 0.498764
vt 0.652428 0.504135
vt 0.653973 0.501458
vt 0.652428 0.498781
vt 0.647791 0.501458
vt 0.664785 0.527074
vt 0.670343 0.558612
vt 0.664785 0.550312
vt 0.647364 0.529192
vt 0.652651 0.541976
vt 0.649076 0.543032
vt 0.661104 0.529192
vt 0.659392 0.543032
vt 0.655817 0.541976
vt 0.652831 0.527074
vt 0.649490 0.527074
vt 0.655638 0.527074
vt 0.658978 0.527074
vt 0.686849 0.550312
vt 0.680928 0.558612
vt 0.686849 0.527074
vt 0.747798 0.531022
vt 0.754714 0.556945
vt 0.747798 0.548340
vt 0.723262 0.533218
vt 0.730930 0.551757
vt 0.728328 0.555082
vt 0.743193 0.533218
vt 0.738128 0.555082
vt 0.735525 0.551757
vt 0.731465 0.531022
vt 0.726452 0.531022
vt 0.734991 0.531022
vt 0.740004 0.531022
vt 0.779337 0.548340
vt 0.771875 0.556945
vt 0.779337 0.531022
vt 0.696805 0.426562
vt 0.699872 0.428333
vt 0.697828 0.428333
vt 0.697828 0.424790
vt 0.699872 0.424790
vt 0.700896 0.426562
vt 0.694773 0.426562
vt 0.693751 0.428333
vt 0.693751 0.424790
vt 0.691705 0.424790
vt 0.690682 0.426562
vt 0.691705 0.428333
vt 0.814303 0.027088
vt 0.817279 0.031477
vt 0.809093 0.026090
vt 0.804702 0.029068
vt 0.803700 0.034277
vt 0.806676 0.038666
vt 0.811886 0.039663
vt 0.816278 0.036686
vt 0.498641 0.077978
vt 0.489956 0.075591
vt 0.490691 0.089972
vt 0.499095 0.086865
vt 0.485043 0.083003
vt 0.165875 0.078281
vt 0.159239 0.084917
vt 0.179341 0.095831
vt 0.148325 0.064815
vt 0.105955 0.053462
vt 0.105955 0.062846
vt 0.127887 0.056349
vt 0.084023 0.056349
vt 0.046036 0.078281
vt 0.052672 0.084917
vt 0.063586 0.064815
vt 0.032570 0.095831
vt 0.021217 0.138201
vt 0.030601 0.138201
vt 0.024104 0.116269
vt 0.024104 0.160133
vt 0.046036 0.198120
vt 0.052672 0.191484
vt 0.032570 0.180570
vt 0.063586 0.211586
vt 0.105955 0.222939
vt 0.105955 0.213555
vt 0.084023 0.220052
vt 0.127887 0.220052
vt 0.165875 0.198120
vt 0.159239 0.191484
vt 0.148325 0.211586
vt 0.179341 0.180570
vt 0.190694 0.138201
vt 0.181310 0.138201
vt 0.187807 0.160133
vt 0.187807 0.116269
vt 0.163160 0.104618
vt 0.147460 0.096093
vt 0.152642 0.090910
vt 0.138935 0.080392
vt 0.122973 0.073781
vt 0.105843 0.078855
vt 0.105843 0.071525
vt 0.088713 0.073781
vt 0.072751 0.080392
vt 0.064226 0.096093
vt 0.059044 0.090910
vt 0.048526 0.104618
vt 0.041914 0.120580
vt 0.046988 0.137710
vt 0.039659 0.137710
vt 0.041914 0.154840
vt 0.048526 0.170802
vt 0.064226 0.179326
vt 0.059044 0.184509
vt 0.072751 0.195027
vt 0.088713 0.201639
vt 0.105843 0.196565
vt 0.105843 0.203894
vt 0.122973 0.201639
vt 0.138935 0.195027
vt 0.147459 0.179326
vt 0.152642 0.184509
vt 0.163160 0.170802
vt 0.169772 0.154840
vt 0.164698 0.137710
vt 0.172027 0.137710
vt 0.169772 0.120580
vt 0.673675 0.302970
vt 0.675737 0.303751
vt 0.673780 0.300768
vt 0.677116 0.302031
vt 0.675907 0.300188
vt 0.676933 0.297441
vt 0.677039 0.295239
vt 0.674806 0.298022
vt 0.674977 0.294458
vt 0.673597 0.296178
vt 0.639727 0.302015
vt 0.644327 0.245671
vt 0.639727 0.245671
vt 0.670170 0.302015
vt 0.670170 0.245671
vt 0.665569 0.245671
vt 0.689406 0.279284
vt 0.695832 0.272773
vt 0.686619 0.259439
vt 0.683843 0.259439
vt 0.674629 0.272773
vt 0.681056 0.279284
vt 0.118768 0.163005
vt 0.114207 0.157285
vt 0.089147 0.177269
vt 0.107615 0.154111
vt 0.100300 0.154111
vt 0.093708 0.157285
vt 0.089147 0.163005
vt 0.087519 0.170137
vt 0.093708 0.182989
vt 0.100300 0.186163
vt 0.107615 0.186163
vt 0.114207 0.182989
vt 0.118768 0.177269
vt 0.120396 0.170137
vt 0.964656 0.876356
vt 0.957121 0.866906
vt 0.967346 0.888139
vt 0.946232 0.861663
vt 0.934146 0.861663
vt 0.923257 0.866906
vt 0.915722 0.876356
vt 0.913033 0.888139
vt 0.915722 0.899921
vt 0.923257 0.909371
vt 0.934146 0.914614
vt 0.946232 0.914614
vt 0.957121 0.909370
vt 0.964656 0.899921
vt 0.549922 0.085937
vt 0.556975 0.072163
vt 0.547649 0.074259
vt 0.513078 0.072164
vt 0.520125 0.085947
vt 0.522406 0.074266
vt 0.400526 0.093291
vt 0.375957 0.059631
vt 0.354446 0.197402
vt 0.337850 0.042765
vt 0.296415 0.047212
vt 0.268030 0.064906
vt 0.251813 0.089724
vt 0.244253 0.122307
vt 0.250335 0.151323
vt 0.274904 0.184983
vt 0.313012 0.201849
vt 0.382831 0.179708
vt 0.399048 0.154890
vt 0.406608 0.122307
vt 0.787481 0.170903
vt 0.809113 0.183383
vt 0.809113 0.170903
vt 0.744216 0.154816
vt 0.765846 0.142335
vt 0.744217 0.142335
vt 0.775817 0.166498
vt 0.777512 0.195066
vt 0.752739 0.090536
vt 0.752737 0.127173
vt 0.761739 0.090536
vt 0.761734 0.127173
vt 0.639723 0.154816
vt 0.630694 0.165893
vt 0.639467 0.177632
vt 0.922634 0.194460
vt 0.913604 0.183383
vt 0.913861 0.206200
vt 0.908941 0.094366
vt 0.906004 0.099138
vt 0.912828 0.096275
vt 0.908885 0.133099
vt 0.912767 0.131190
vt 0.905942 0.127977
vt 0.840273 0.098149
vt 0.809987 0.072570
vt 0.810112 0.098149
vt 0.805765 0.072570
vt 0.775479 0.098149
vt 0.805639 0.098149
vt 0.842757 0.134512
vt 0.821467 0.134573
vt 0.821519 0.152594
vt 0.796499 0.134631
vt 0.775210 0.134693
vt 0.796552 0.152651
vt 0.452524 0.166439
vt 0.447561 0.178420
vt 0.447561 0.204134
vt 0.460418 0.156151
vt 0.470706 0.148256
vt 0.482687 0.143293
vt 0.495544 0.141601
vt 0.508401 0.143293
vt 0.520382 0.148256
vt 0.530670 0.156151
vt 0.538564 0.166439
vt 0.543527 0.178420
vt 0.545220 0.191276
vt 0.543527 0.204134
vt 0.538564 0.216114
vt 0.530670 0.226402
vt 0.520382 0.234297
vt 0.508401 0.239259
vt 0.495544 0.240952
vt 0.482687 0.239259
vt 0.470706 0.234297
vt 0.460418 0.226402
vt 0.452524 0.216114
vt 0.445868 0.191276
vt 0.903548 0.876618
vt 0.896112 0.867294
vt 0.879405 0.888244
vt 0.885368 0.862120
vt 0.873442 0.862120
vt 0.862698 0.867294
vt 0.855262 0.876618
vt 0.852609 0.888244
vt 0.855262 0.899871
vt 0.862698 0.909194
vt 0.873442 0.914368
vt 0.885368 0.914369
vt 0.896112 0.909194
vt 0.903548 0.899871
vt 0.906201 0.888244
vt 0.775845 0.586564
vt 0.774878 0.588899
vt 0.774878 0.584230
vt 0.772543 0.589865
vt 0.770208 0.588899
vt 0.769241 0.586564
vt 0.770208 0.584230
vt 0.772543 0.583263
vt 0.756095 0.586564
vt 0.757062 0.584230
vt 0.757062 0.588899
vt 0.759396 0.589865
vt 0.761731 0.588899
vt 0.762698 0.586564
vt 0.761731 0.584230
vt 0.759396 0.583263
vt 0.749495 0.232998
vt 0.732038 0.243077
vt 0.742117 0.225620
vt 0.752196 0.243077
vt 0.749495 0.253156
vt 0.742117 0.260534
vt 0.732038 0.263235
vt 0.721960 0.260534
vt 0.714581 0.253156
vt 0.711881 0.243077
vt 0.714581 0.232998
vt 0.721959 0.225620
vt 0.732038 0.222920
vt 0.665907 0.164852
vt 0.675985 0.182309
vt 0.658528 0.172230
vt 0.655828 0.182309
vt 0.658528 0.192388
vt 0.665907 0.199766
vt 0.675985 0.202467
vt 0.686064 0.199766
vt 0.693442 0.192388
vt 0.696143 0.182309
vt 0.693442 0.172230
vt 0.686064 0.164852
vt 0.675985 0.162152
vt 0.981639 0.453672
vt 0.973922 0.464829
vt 0.973728 0.456447
vt 0.986723 0.460339
vt 0.981953 0.467234
vt 0.967970 0.456447
vt 0.967776 0.464829
vt 0.960058 0.453672
vt 0.954974 0.460339
vt 0.959744 0.467234
vt 0.920011 0.602173
vt 0.923621 0.603275
vt 0.923621 0.605425
vt 0.918731 0.597131
vt 0.933909 0.590964
vt 0.919966 0.592075
vt 0.923620 0.590964
vt 0.938425 0.597055
vt 0.936932 0.592160
vt 0.936977 0.601963
vt 0.933911 0.605425
vt 0.933910 0.603254
vt 0.973382 0.576799
vt 0.947765 0.570169
vt 0.980305 0.570571
vt 0.982760 0.560900
vt 0.980392 0.551202
vt 0.973382 0.545109
vt 0.953647 0.545103
vt 0.947851 0.551366
vt 0.944987 0.560754
vt 0.953644 0.576790
vt 0.933910 0.588895
vt 0.923620 0.588898
vt 0.018372 0.862833
vt 0.853242 0.751350
vt 0.866191 0.645679
vt 0.853209 0.718022
vt 0.796886 0.821429
vt 0.809284 0.827350
vt 0.811075 0.805736
vt 0.835167 0.742126
vt 0.957016 0.823849
vt 0.970081 0.751369
vt 0.970082 0.718044
vt 0.841872 0.724147
vt 0.819009 0.675295
vt 0.829235 0.679468
vt 0.843664 0.665270
vt 0.839458 0.675289
vt 0.839391 0.655192
vt 0.829226 0.651079
vt 0.819064 0.655198
vt 0.814797 0.665270
vt 0.809269 0.748109
vt 0.796885 0.754052
vt 0.811072 0.769649
vt 0.980280 0.742202
vt 0.977336 0.734765
vt 0.987785 0.745470
vt 0.980280 0.727331
vt 0.987796 0.724089
vt 0.777603 0.818960
vt 0.770785 0.806625
vt 0.763833 0.822055
vt 0.770784 0.768736
vt 0.777606 0.756546
vt 0.763843 0.753426
vt 0.885666 0.240913
vt 0.876622 0.237167
vt 0.867577 0.240913
vt 0.863831 0.249958
vt 0.867577 0.259003
vt 0.876622 0.262749
vt 0.885666 0.259003
vt 0.889413 0.249958
vt 0.906595 0.435926
vt 0.915907 0.421990
vt 0.915907 0.389114
vt 0.892660 0.445237
vt 0.876222 0.448507
vt 0.859784 0.445237
vt 0.845849 0.435926
vt 0.836537 0.421990
vt 0.833268 0.405552
vt 0.836537 0.389114
vt 0.845849 0.375179
vt 0.859784 0.365868
vt 0.876222 0.362598
vt 0.892660 0.365868
vt 0.906595 0.375179
vt 0.919177 0.405552
vt 0.899690 0.302600
vt 0.894228 0.294425
vt 0.866768 0.288963
vt 0.886053 0.288963
vt 0.876411 0.287045
vt 0.858594 0.294425
vt 0.853132 0.302600
vt 0.851214 0.312242
vt 0.853132 0.321884
vt 0.858594 0.330059
vt 0.866768 0.335521
vt 0.876411 0.337439
vt 0.886053 0.335521
vt 0.894228 0.330059
vt 0.899690 0.321884
vt 0.901608 0.312242
vt 0.684912 0.518639
vt 0.684912 0.521190
vt 0.649588 0.521189
vt 0.649588 0.518638
vt 0.684912 0.523741
vt 0.649588 0.523740
vt 0.684912 0.508436
vt 0.684912 0.510987
vt 0.649588 0.510986
vt 0.649588 0.508435
vt 0.684912 0.513538
vt 0.649588 0.513537
vt 0.684912 0.516089
vt 0.649588 0.516088
vt 0.614398 0.558557
vt 0.616044 0.529260
vt 0.616044 0.558557
vt 0.643861 0.519238
vt 0.642075 0.522939
vt 0.616044 0.522942
vt 0.614398 0.519242
vt 0.643861 0.517021
vt 0.614398 0.517025
vt 0.614398 0.493890
vt 0.643861 0.493886
vt 0.614398 0.492053
vt 0.614398 0.482111
vt 0.643861 0.481894
vt 0.643861 0.492048
vt 0.643889 0.458651
vt 0.643889 0.476219
vt 0.614409 0.476219
vt 0.614409 0.458650
vt 0.643861 0.529259
vt 0.643861 0.558543
vt 0.642075 0.558543
vt 0.647364 0.558612
vt 0.649076 0.558612
vt 0.616044 0.526268
vt 0.614398 0.526268
vt 0.661104 0.558612
vt 0.659392 0.558612
vt 0.642075 0.479278
vt 0.642075 0.477571
vt 0.643861 0.477571
vt 0.643861 0.480829
vt 0.677667 0.558612
vt 0.643861 0.526267
vt 0.642075 0.526266
vt 0.643889 0.452457
vt 0.643889 0.456660
vt 0.614409 0.456660
vt 0.614409 0.452457
vt 0.643889 0.434325
vt 0.643889 0.451129
vt 0.614409 0.451130
vt 0.614409 0.434325
vt 0.614398 0.529260
vt 0.671843 0.527074
vt 0.673968 0.529192
vt 0.673968 0.558612
vt 0.677667 0.529192
vt 0.679792 0.527074
vt 0.642075 0.529259
vt 0.614398 0.477441
vt 0.616044 0.477440
vt 0.616044 0.479149
vt 0.614398 0.481046
vt 0.671162 0.400886
vt 0.672189 0.401598
vt 0.662564 0.410388
vt 0.661574 0.409311
vt 0.677751 0.400886
vt 0.687339 0.409311
vt 0.686350 0.410388
vt 0.676724 0.401598
vt 0.615408 0.365584
vt 0.633181 0.365329
vt 0.633181 0.380581
vt 0.615408 0.382743
vt 0.633181 0.405428
vt 0.615408 0.405565
vt 0.615408 0.391001
vt 0.633181 0.391001
vt 0.672248 0.399221
vt 0.673422 0.399539
vt 0.675492 0.399539
vt 0.676666 0.399221
vt 0.670413 0.383335
vt 0.671571 0.382864
vt 0.673373 0.397169
vt 0.615408 0.348358
vt 0.633181 0.348358
vt 0.675541 0.397169
vt 0.677343 0.382864
vt 0.678501 0.383335
vt 0.633181 0.421760
vt 0.615408 0.421760
vt 0.669155 0.382483
vt 0.669418 0.381261
vt 0.615408 0.345674
vt 0.633181 0.345674
vt 0.679496 0.381261
vt 0.679759 0.382483
vt 0.633181 0.423280
vt 0.615408 0.423279
vt 0.667565 0.382801
vt 0.666741 0.381861
vt 0.615408 0.345669
vt 0.633181 0.339618
vt 0.682172 0.381861
vt 0.681348 0.382801
vt 0.665886 0.384047
vt 0.664238 0.384040
vt 0.615408 0.339612
vt 0.684676 0.384040
vt 0.683028 0.384047
vt 0.633181 0.426992
vt 0.615408 0.426992
vt 0.615408 0.423283
vt 0.633181 0.423282
vt 0.687446 0.412533
vt 0.686457 0.412557
vt 0.633181 0.382752
vt 0.662457 0.412557
vt 0.661468 0.412533
vt 0.615408 0.387776
vt 0.633181 0.387777
vt 0.671043 0.372722
vt 0.672070 0.373434
vt 0.661598 0.382555
vt 0.660710 0.381477
vt 0.678284 0.372722
vt 0.688616 0.381477
vt 0.687729 0.382555
vt 0.677257 0.373434
vt 0.637917 0.412927
vt 0.655531 0.412524
vt 0.655531 0.428965
vt 0.637917 0.428965
vt 0.655531 0.355137
vt 0.637917 0.355327
vt 0.637917 0.339799
vt 0.655531 0.339799
vt 0.672132 0.371124
vt 0.673302 0.371376
vt 0.676025 0.371376
vt 0.677195 0.371124
vt 0.667258 0.353423
vt 0.668415 0.352952
vt 0.673254 0.369005
vt 0.672020 0.369208
vt 0.637917 0.393542
vt 0.655531 0.393542
vt 0.680911 0.352952
vt 0.682070 0.353423
vt 0.677307 0.369208
vt 0.676073 0.369005
vt 0.655531 0.375193
vt 0.637917 0.375197
vt 0.665999 0.352571
vt 0.666263 0.351349
vt 0.637917 0.390858
vt 0.655531 0.390858
vt 0.683064 0.351349
vt 0.683328 0.352571
vt 0.664410 0.352889
vt 0.663586 0.351949
vt 0.637917 0.390853
vt 0.655531 0.384802
vt 0.685741 0.351949
vt 0.684917 0.352889
vt 0.662731 0.354135
vt 0.661083 0.354128
vt 0.637917 0.384796
vt 0.688245 0.354128
vt 0.686597 0.354135
vt 0.655531 0.378914
vt 0.637917 0.378914
vt 0.637917 0.375205
vt 0.655531 0.375204
vt 0.690800 0.551857
vt 0.692478 0.528635
vt 0.692477 0.551857
vt 0.720586 0.514506
vt 0.718768 0.519958
vt 0.692478 0.519958
vt 0.690800 0.514506
vt 0.720586 0.512666
vt 0.690801 0.512666
vt 0.690800 0.495733
vt 0.720586 0.495730
vt 0.690800 0.493893
vt 0.690800 0.482908
vt 0.720586 0.482753
vt 0.720585 0.493891
vt 0.720561 0.478942
vt 0.720561 0.481005
vt 0.690776 0.481005
vt 0.690776 0.478942
vt 0.720586 0.551845
vt 0.718768 0.551845
vt 0.718768 0.528646
vt 0.723262 0.556945
vt 0.728328 0.556945
vt 0.692477 0.524858
vt 0.690800 0.524858
vt 0.743193 0.556945
vt 0.738128 0.556945
vt 0.718768 0.556809
vt 0.720586 0.558032
vt 0.765559 0.556945
vt 0.765559 0.533218
vt 0.720586 0.524860
vt 0.718768 0.524860
vt 0.720561 0.473061
vt 0.720561 0.477740
vt 0.690776 0.477740
vt 0.690776 0.473061
vt 0.720561 0.448986
vt 0.720561 0.471965
vt 0.690776 0.471965
vt 0.690776 0.448986
vt 0.690800 0.528635
vt 0.758386 0.531022
vt 0.761575 0.533218
vt 0.761575 0.556945
vt 0.768749 0.531022
vt 0.720586 0.528646
vt 0.692478 0.556804
vt 0.690800 0.558560
vt 0.723649 0.442267
vt 0.723649 0.444324
vt 0.690786 0.444324
vt 0.690785 0.442267
vt 0.723649 0.431982
vt 0.723649 0.434039
vt 0.690786 0.434039
vt 0.690786 0.431982
vt 0.723649 0.436096
vt 0.690785 0.436096
vt 0.723649 0.438153
vt 0.690785 0.438153
vt 0.723649 0.440210
vt 0.690785 0.440210
vt 0.633181 0.365329
vt 0.615408 0.365584
vt 0.615408 0.405565
vt 0.637917 0.375205
vt 0.817480 0.047623
vt 0.823326 0.047687
vt 0.823286 0.058491
vt 0.817458 0.058427
vt 0.776642 0.047687
vt 0.782474 0.047748
vt 0.782428 0.058552
vt 0.776582 0.058491
vt 0.788292 0.047768
vt 0.788282 0.058572
vt 0.794109 0.047737
vt 0.794135 0.058541
vt 0.803531 0.047636
vt 0.802230 0.058454
vt 0.811628 0.047592
vt 0.811641 0.058396
vt 0.498311 0.067437
vt 0.499655 0.042526
vt 0.491988 0.042554
vt 0.492744 0.067490
vt 0.503919 0.068255
vt 0.507145 0.042436
vt 0.509362 0.068814
vt 0.514761 0.042409
vt 0.481772 0.068814
vt 0.487218 0.068342
vt 0.484330 0.042481
vt 0.476602 0.042409
vt 0.459544 0.073541
vt 0.466955 0.086988
vt 0.470423 0.085010
vt 0.462933 0.071669
vt 0.455970 0.075197
vt 0.463461 0.088870
vt 0.469619 0.067429
vt 0.466189 0.069460
vt 0.473856 0.083036
vt 0.477308 0.081147
vt 0.455277 0.058385
vt 0.452392 0.060538
vt 0.448996 0.062265
vt 0.461862 0.054588
vt 0.458378 0.056291
vt 0.449616 0.049007
vt 0.445054 0.042330
vt 0.442316 0.044177
vt 0.446842 0.051036
vt 0.443307 0.052669
vt 0.439206 0.046729
vt 0.452258 0.046848
vt 0.455490 0.044964
vt 0.450926 0.038623
vt 0.447942 0.040617
vt 0.439693 0.034771
vt 0.436848 0.036832
vt 0.434360 0.039974
vt 0.446384 0.031199
vt 0.443228 0.033360
vt 0.431229 0.023216
vt 0.427687 0.025115
vt 0.424733 0.027866
vt 0.437482 0.018344
vt 0.434653 0.021149
vt 0.512268 0.136177
vt 0.505939 0.104383
vt 0.495204 0.104539
vt 0.489801 0.136503
vt 0.505807 0.102406
vt 0.505741 0.097809
vt 0.495005 0.097965
vt 0.495072 0.102562
vt 0.473081 0.097028
vt 0.453039 0.122865
vt 0.472975 0.133229
vt 0.482608 0.101980
vt 0.513870 0.103018
vt 0.509361 0.103916
vt 0.515690 0.135709
vt 0.524405 0.133974
vt 0.486518 0.102974
vt 0.476886 0.134223
vt 0.485648 0.135704
vt 0.491051 0.103740
vt 0.482350 0.350684
vt 0.507339 0.350684
vt 0.507339 0.339308
vt 0.482350 0.339308
vt 0.532327 0.350684
vt 0.532327 0.339308
vt 0.557316 0.350684
vt 0.557316 0.339308
vt 0.582305 0.350684
vt 0.582305 0.339308
vt 0.607294 0.350684
vt 0.607294 0.339308
vt 0.007559 0.350684
vt 0.032548 0.350684
vt 0.032548 0.339308
vt 0.007559 0.339308
vt 0.057537 0.350684
vt 0.057537 0.339308
vt 0.082526 0.350684
vt 0.082526 0.339308
vt 0.107515 0.350684
vt 0.107515 0.339308
vt 0.132504 0.350684
vt 0.132504 0.339308
vt 0.157493 0.350684
vt 0.157493 0.339308
vt 0.182482 0.350684
vt 0.182482 0.339308
vt 0.207471 0.350684
vt 0.207471 0.339308
vt 0.232460 0.350684
vt 0.232460 0.339308
vt 0.257449 0.350684
vt 0.257449 0.339308
vt 0.282438 0.350684
vt 0.282438 0.339308
vt 0.307427 0.350684
vt 0.307427 0.339308
vt 0.332416 0.350684
vt 0.332416 0.339308
vt 0.357405 0.350684
vt 0.357405 0.339308
vt 0.382394 0.350684
vt 0.382394 0.339308
vt 0.407383 0.350684
vt 0.407383 0.339308
vt 0.432372 0.350684
vt 0.432372 0.339308
vt 0.457361 0.350684
vt 0.457361 0.339308
vt 0.481455 0.325884
vt 0.506077 0.325884
vt 0.506077 0.323815
vt 0.481455 0.323815
vt 0.529396 0.325884
vt 0.529396 0.323815
vt 0.553275 0.325884
vt 0.553275 0.323815
vt 0.580007 0.325884
vt 0.580007 0.323815
vt 0.606001 0.325884
vt 0.606001 0.323815
vt 0.008853 0.325884
vt 0.034846 0.325884
vt 0.034846 0.323815
vt 0.008853 0.323815
vt 0.061579 0.325884
vt 0.061579 0.323815
vt 0.085457 0.325884
vt 0.085457 0.323815
vt 0.108777 0.325884
vt 0.108777 0.323815
vt 0.133399 0.325884
vt 0.133399 0.323815
vt 0.159651 0.325884
vt 0.159651 0.323815
vt 0.184627 0.325884
vt 0.184627 0.323815
vt 0.209218 0.325884
vt 0.209218 0.323815
vt 0.234280 0.325884
vt 0.234280 0.323815
vt 0.259944 0.325884
vt 0.259944 0.323815
vt 0.284431 0.325884
vt 0.284431 0.323815
vt 0.307427 0.325884
vt 0.307427 0.323815
vt 0.330423 0.325884
vt 0.330423 0.323815
vt 0.354910 0.325884
vt 0.354910 0.323815
vt 0.380574 0.325884
vt 0.380574 0.323815
vt 0.405635 0.325884
vt 0.405635 0.323815
vt 0.430227 0.325884
vt 0.430227 0.323815
vt 0.455203 0.325884
vt 0.455203 0.323815
vt 0.510438 0.331786
vt 0.510438 0.329606
vt 0.487149 0.329606
vt 0.487149 0.331786
vt 0.532318 0.331786
vt 0.532318 0.329606
vt 0.556362 0.331786
vt 0.556362 0.329606
vt 0.581698 0.331786
vt 0.581698 0.329606
vt 0.607094 0.331786
vt 0.607094 0.329606
vt 0.033156 0.331786
vt 0.033156 0.329606
vt 0.007760 0.329606
vt 0.007760 0.331786
vt 0.058492 0.331786
vt 0.058492 0.329606
vt 0.082536 0.331786
vt 0.082536 0.329606
vt 0.104416 0.331786
vt 0.104416 0.329606
vt 0.127705 0.331786
vt 0.127705 0.329606
vt 0.151728 0.331786
vt 0.151728 0.329606
vt 0.179340 0.331786
vt 0.179340 0.329606
vt 0.206842 0.331786
vt 0.206842 0.329606
vt 0.234684 0.331786
vt 0.234684 0.329606
vt 0.260196 0.331786
vt 0.260196 0.329606
vt 0.283764 0.331786
vt 0.283764 0.329606
vt 0.307427 0.331786
vt 0.307427 0.329606
vt 0.331090 0.331786
vt 0.331090 0.329606
vt 0.354658 0.331786
vt 0.354658 0.329606
vt 0.380170 0.331786
vt 0.380170 0.329606
vt 0.408012 0.331786
vt 0.408012 0.329606
vt 0.435514 0.331786
vt 0.435514 0.329606
vt 0.463126 0.331786
vt 0.463126 0.329606
vt 0.678321 0.326079
vt 0.678328 0.312424
vt 0.676693 0.312424
vt 0.676687 0.326079
vt 0.679956 0.326080
vt 0.679962 0.312425
vt 0.673418 0.326077
vt 0.673424 0.312422
vt 0.671790 0.312422
vt 0.671784 0.326076
vt 0.675053 0.326078
vt 0.675059 0.312423
vt 0.651556 0.316392
vt 0.640604 0.316392
vt 0.640605 0.330404
vt 0.651557 0.330403
vt 0.641070 0.310897
vt 0.640629 0.313236
vt 0.652009 0.313588
vt 0.652472 0.311288
vt 0.641063 0.335671
vt 0.652477 0.335282
vt 0.652013 0.332983
vt 0.640621 0.333332
vt 0.657718 0.313835
vt 0.658373 0.311705
vt 0.657521 0.330402
vt 0.657520 0.316391
vt 0.658381 0.334865
vt 0.657728 0.332734
vt 0.663120 0.313843
vt 0.663431 0.311745
vt 0.663409 0.330402
vt 0.663408 0.316391
vt 0.663435 0.334824
vt 0.663130 0.332724
vt 0.669513 0.313408
vt 0.669178 0.311429
vt 0.669901 0.330401
vt 0.669901 0.316390
vt 0.669173 0.335140
vt 0.669503 0.333160
vt 0.618928 0.265458
vt 0.617364 0.265049
vt 0.617364 0.313460
vt 0.617363 0.245697
vt 0.617363 0.250018
vt 0.637575 0.250032
vt 0.637575 0.245712
vt 0.633906 0.254367
vt 0.620701 0.254367
vt 0.620701 0.277017
vt 0.633906 0.277017
vt 0.637717 0.318653
vt 0.617221 0.318650
vt 0.617221 0.330080
vt 0.637717 0.330087
vt 0.635765 0.251614
vt 0.635765 0.265899
vt 0.637575 0.265371
vt 0.637575 0.251614
vt 0.617364 0.251600
vt 0.618929 0.251600
vt 0.649951 0.308305
vt 0.653925 0.308305
vt 0.618929 0.313460
vt 0.686619 0.308305
vt 0.689406 0.308305
vt 0.633906 0.288757
vt 0.620701 0.288757
vt 0.620701 0.313009
vt 0.633906 0.313009
vt 0.681056 0.308305
vt 0.683843 0.308305
vt 0.635765 0.313478
vt 0.637575 0.313478
vt 0.655971 0.308305
vt 0.659937 0.308305
vt 0.633906 0.279332
vt 0.620701 0.279332
vt 0.620701 0.286977
vt 0.633906 0.286977
vt 0.635765 0.316091
vt 0.637575 0.317198
vt 0.617364 0.317195
vt 0.618929 0.316082
vt 0.477277 0.703795
vt 0.477277 0.712368
vt 0.485768 0.712368
vt 0.485768 0.703795
vt 0.468785 0.703795
vt 0.468785 0.712368
vt 0.460294 0.703795
vt 0.460294 0.712368
vt 0.451803 0.703795
vt 0.451802 0.712368
vt 0.443311 0.703795
vt 0.443311 0.712368
vt 0.434819 0.703795
vt 0.434819 0.712368
vt 0.426329 0.703795
vt 0.426328 0.712368
vt 0.417836 0.703795
vt 0.417836 0.712368
vt 0.409345 0.703795
vt 0.409345 0.712368
vt 0.519735 0.703795
vt 0.519733 0.712368
vt 0.528226 0.712368
vt 0.528225 0.703795
vt 0.511243 0.703795
vt 0.511243 0.712368
vt 0.502751 0.703795
vt 0.502751 0.712368
vt 0.494260 0.703795
vt 0.494260 0.712368
vt 0.700126 0.734434
vt 0.700126 0.717489
vt 0.687484 0.717489
vt 0.687484 0.734434
vt 0.712768 0.734434
vt 0.712768 0.717489
vt 0.725410 0.734434
vt 0.725410 0.717489
vt 0.738051 0.734434
vt 0.738051 0.717489
vt 0.750693 0.734434
vt 0.750693 0.717489
vt 0.763335 0.734434
vt 0.763335 0.717489
vt 0.598990 0.734434
vt 0.598990 0.717489
vt 0.586348 0.717489
vt 0.586348 0.734434
vt 0.611632 0.734434
vt 0.611632 0.717489
vt 0.624274 0.734434
vt 0.624274 0.717489
vt 0.636916 0.734434
vt 0.636916 0.717489
vt 0.649558 0.734434
vt 0.649558 0.717489
vt 0.662200 0.734434
vt 0.662200 0.717489
vt 0.674842 0.734434
vt 0.674842 0.717489
vt 0.544186 0.096175
vt 0.544181 0.085959
vt 0.525484 0.085967
vt 0.525488 0.096183
vt 0.544121 0.071762
vt 0.544113 0.062455
vt 0.525529 0.062471
vt 0.525538 0.071777
vt 0.544168 0.103733
vt 0.544193 0.098029
vt 0.525472 0.098056
vt 0.525508 0.103751
vt 0.553142 0.097716
vt 0.547626 0.096110
vt 0.516897 0.097728
vt 0.522415 0.096125
vt 0.544176 0.074304
vt 0.525478 0.074312
vt 0.508005 0.555831
vt 0.507345 0.356563
vt 0.482313 0.356563
vt 0.482975 0.555831
vt 0.533012 0.555831
vt 0.532403 0.356563
vt 0.557992 0.555831
vt 0.557493 0.356563
vt 0.582935 0.555831
vt 0.582626 0.356563
vt 0.607871 0.555831
vt 0.607813 0.356563
vt 0.031919 0.555831
vt 0.032228 0.356563
vt 0.007041 0.356563
vt 0.006983 0.555831
vt 0.056862 0.555831
vt 0.057360 0.356563
vt 0.081842 0.555831
vt 0.082451 0.356563
vt 0.106848 0.555831
vt 0.107508 0.356563
vt 0.131879 0.555831
vt 0.132541 0.356563
vt 0.156928 0.555831
vt 0.157554 0.356563
vt 0.181995 0.555831
vt 0.182553 0.356563
vt 0.207072 0.555831
vt 0.207540 0.356563
vt 0.232154 0.555831
vt 0.232518 0.356563
vt 0.257241 0.555831
vt 0.257490 0.356563
vt 0.282331 0.555831
vt 0.282460 0.356563
vt 0.307427 0.555831
vt 0.307427 0.356563
vt 0.332522 0.555831
vt 0.332394 0.356563
vt 0.357614 0.555831
vt 0.357363 0.356563
vt 0.382700 0.555831
vt 0.382336 0.356563
vt 0.407782 0.555831
vt 0.407314 0.356563
vt 0.432858 0.555831
vt 0.432301 0.356563
vt 0.457926 0.555831
vt 0.457299 0.356563
vt 0.235545 0.070616
vt 0.226031 0.065124
vt 0.214505 0.092951
vt 0.225116 0.095795
vt 0.252135 0.048995
vt 0.244368 0.041228
vt 0.273756 0.032405
vt 0.268264 0.022892
vt 0.298934 0.021976
vt 0.296091 0.011365
vt 0.325954 0.018419
vt 0.325954 0.007434
vt 0.352973 0.021976
vt 0.355816 0.011365
vt 0.378151 0.032405
vt 0.383644 0.022892
vt 0.399772 0.048995
vt 0.407540 0.041228
vt 0.416362 0.070616
vt 0.425876 0.065124
vt 0.426792 0.095794
vt 0.437402 0.092951
vt 0.430349 0.122814
vt 0.441334 0.122814
vt 0.426792 0.149834
vt 0.437402 0.152677
vt 0.416362 0.175012
vt 0.425876 0.180504
vt 0.399772 0.196633
vt 0.407540 0.204400
vt 0.378151 0.213223
vt 0.383644 0.222736
vt 0.352973 0.223652
vt 0.355816 0.234263
vt 0.325954 0.227209
vt 0.325954 0.238194
vt 0.298934 0.223652
vt 0.296091 0.234263
vt 0.273756 0.213223
vt 0.268263 0.222736
vt 0.252135 0.196633
vt 0.244367 0.204400
vt 0.235545 0.175012
vt 0.226031 0.180504
vt 0.225115 0.149834
vt 0.214505 0.152677
vt 0.221558 0.122814
vt 0.210574 0.122814
vt 0.493903 0.261672
vt 0.493903 0.247122
vt 0.470593 0.247122
vt 0.470593 0.261672
vt 0.517213 0.261672
vt 0.517212 0.247122
vt 0.540524 0.261672
vt 0.540520 0.247122
vt 0.563860 0.261672
vt 0.563807 0.247122
vt 0.587496 0.261672
vt 0.586842 0.247122
vt 0.050993 0.261672
vt 0.051047 0.247122
vt 0.028012 0.247122
vt 0.027358 0.261672
vt 0.074329 0.261672
vt 0.074334 0.247122
vt 0.097641 0.261672
vt 0.097641 0.247122
vt 0.120951 0.261672
vt 0.120951 0.247122
vt 0.144261 0.261672
vt 0.144261 0.247122
vt 0.167570 0.261672
vt 0.167570 0.247122
vt 0.190879 0.261672
vt 0.190880 0.247122
vt 0.214189 0.261672
vt 0.214189 0.247122
vt 0.237499 0.261672
vt 0.237499 0.247122
vt 0.260808 0.261672
vt 0.260808 0.247122
vt 0.284118 0.261672
vt 0.284117 0.247122
vt 0.307427 0.261672
vt 0.307427 0.247122
vt 0.330737 0.261672
vt 0.330736 0.247122
vt 0.354046 0.261672
vt 0.354046 0.247122
vt 0.377355 0.261672
vt 0.377355 0.247122
vt 0.400665 0.261672
vt 0.400665 0.247122
vt 0.423974 0.261672
vt 0.423974 0.247122
vt 0.447284 0.261672
vt 0.447284 0.247122
vt 0.187830 0.090292
vt 0.183295 0.092910
vt 0.192335 0.114734
vt 0.197393 0.113379
vt 0.172618 0.070467
vt 0.168915 0.074169
vt 0.152793 0.055254
vt 0.150174 0.059789
vt 0.129706 0.045691
vt 0.128351 0.050749
vt 0.104931 0.042430
vt 0.104931 0.047666
vt 0.080155 0.045691
vt 0.081511 0.050749
vt 0.057069 0.055254
vt 0.059687 0.059789
vt 0.037244 0.070467
vt 0.040946 0.074169
vt 0.022031 0.090292
vt 0.026566 0.092910
vt 0.012468 0.113379
vt 0.017526 0.114734
vt 0.009206 0.138154
vt 0.014443 0.138154
vt 0.012468 0.162929
vt 0.017526 0.161574
vt 0.022031 0.186016
vt 0.026566 0.183398
vt 0.037244 0.205841
vt 0.040946 0.202138
vt 0.057069 0.221053
vt 0.059687 0.216519
vt 0.080155 0.230616
vt 0.081511 0.225558
vt 0.104931 0.233878
vt 0.104931 0.228642
vt 0.129706 0.230616
vt 0.128351 0.225558
vt 0.152793 0.221053
vt 0.150174 0.216519
vt 0.172618 0.205841
vt 0.168915 0.202138
vt 0.187830 0.186016
vt 0.183295 0.183398
vt 0.197393 0.162929
vt 0.192335 0.161574
vt 0.200655 0.138154
vt 0.195418 0.138154
vt 0.415740 0.098109
vt 0.418925 0.122307
vt 0.425083 0.122306
vt 0.421687 0.096514
vt 0.409719 0.099722
vt 0.412692 0.122307
vt 0.401002 0.078677
vt 0.406399 0.075560
vt 0.411732 0.072480
vt 0.387134 0.060604
vt 0.391541 0.056196
vt 0.395895 0.051842
vt 0.369061 0.046737
vt 0.372178 0.041338
vt 0.375256 0.036005
vt 0.348016 0.038019
vt 0.349629 0.031998
vt 0.351222 0.026050
vt 0.325431 0.035046
vt 0.325431 0.028812
vt 0.325430 0.022655
vt 0.302846 0.038019
vt 0.301233 0.031998
vt 0.299638 0.026051
vt 0.281800 0.046737
vt 0.278684 0.041338
vt 0.275604 0.036006
vt 0.263728 0.060604
vt 0.259320 0.056196
vt 0.254965 0.051843
vt 0.249861 0.078676
vt 0.244462 0.075559
vt 0.239129 0.072481
vt 0.241143 0.099722
vt 0.235122 0.098109
vt 0.229174 0.096515
vt 0.238170 0.122307
vt 0.231936 0.122307
vt 0.225778 0.122308
vt 0.241143 0.144892
vt 0.235122 0.146505
vt 0.229174 0.148100
vt 0.249860 0.165938
vt 0.244462 0.169054
vt 0.239129 0.172134
vt 0.263727 0.184010
vt 0.259320 0.188418
vt 0.254966 0.192773
vt 0.281800 0.197877
vt 0.278683 0.203276
vt 0.275605 0.208609
vt 0.302846 0.206595
vt 0.301232 0.212616
vt 0.299639 0.218564
vt 0.325430 0.209568
vt 0.325430 0.215802
vt 0.325431 0.221960
vt 0.348015 0.206595
vt 0.349629 0.212616
vt 0.351223 0.218564
vt 0.369061 0.197878
vt 0.372178 0.203276
vt 0.375257 0.208609
vt 0.387133 0.184010
vt 0.391541 0.188418
vt 0.395896 0.192772
vt 0.401001 0.165938
vt 0.406399 0.169055
vt 0.411732 0.172133
vt 0.409718 0.144892
vt 0.415740 0.146505
vt 0.421687 0.148099
vt 0.507338 0.318011
vt 0.507338 0.269132
vt 0.482350 0.269132
vt 0.482350 0.318011
vt 0.532328 0.318011
vt 0.532328 0.269132
vt 0.557316 0.318011
vt 0.557316 0.269132
vt 0.582305 0.318011
vt 0.582305 0.269132
vt 0.607294 0.318011
vt 0.607294 0.269132
vt 0.032548 0.318011
vt 0.032548 0.269132
vt 0.007559 0.269132
vt 0.007559 0.318011
vt 0.057537 0.318011
vt 0.057537 0.269132
vt 0.082526 0.318011
vt 0.082526 0.269132
vt 0.107515 0.318011
vt 0.107515 0.269132
vt 0.132504 0.318011
vt 0.132504 0.269132
vt 0.157493 0.318011
vt 0.157493 0.269132
vt 0.182482 0.318011
vt 0.182482 0.269132
vt 0.207471 0.318011
vt 0.207471 0.269132
vt 0.232460 0.318011
vt 0.232460 0.269132
vt 0.257449 0.318011
vt 0.257449 0.269132
vt 0.282438 0.318011
vt 0.282438 0.269132
vt 0.307427 0.318011
vt 0.307427 0.269132
vt 0.332416 0.318011
vt 0.332416 0.269132
vt 0.357405 0.318011
vt 0.357405 0.269132
vt 0.382394 0.318011
vt 0.382394 0.269132
vt 0.407383 0.318011
vt 0.407383 0.269132
vt 0.432372 0.318011
vt 0.432372 0.269132
vt 0.457361 0.318011
vt 0.457361 0.269132
vt 0.630087 0.132662
vt 0.651922 0.132662
vt 0.651909 0.085047
vt 0.630070 0.085047
vt 0.849076 0.125972
vt 0.874184 0.125922
vt 0.874185 0.121214
vt 0.849077 0.121213
vt 0.624063 0.023664
vt 0.595108 0.023664
vt 0.595108 0.074518
vt 0.624063 0.074518
vt 0.753641 0.179963
vt 0.775818 0.179963
vt 0.765501 0.208530
vt 0.765381 0.195066
vt 0.730932 0.195066
vt 0.730932 0.208530
vt 0.799688 0.208530
vt 0.774364 0.208530
vt 0.599035 0.132662
vt 0.625419 0.132662
vt 0.625402 0.085047
vt 0.599011 0.085047
vt 0.771224 0.195066
vt 0.595510 0.085047
vt 0.589557 0.087238
vt 0.589581 0.130471
vt 0.595533 0.132662
vt 0.718260 0.208530
vt 0.724545 0.208530
vt 0.724544 0.195066
vt 0.718262 0.195066
vt 0.662650 0.123304
vt 0.662644 0.094405
vt 0.823217 0.183383
vt 0.823217 0.170903
vt 0.628675 0.074518
vt 0.640136 0.064523
vt 0.640137 0.033658
vt 0.628675 0.023664
vt 0.730112 0.142335
vt 0.730111 0.154816
vt 0.746826 0.123304
vt 0.746827 0.094405
vt 0.906606 0.183383
vt 0.906606 0.170903
vt 0.730044 0.064523
vt 0.730044 0.033658
vt 0.646721 0.142335
vt 0.646723 0.154816
vt 0.585001 0.091799
vt 0.585167 0.126569
vt 0.913605 0.170903
vt 0.736358 0.068655
vt 0.736358 0.029527
vt 0.639724 0.142335
vt 0.922519 0.170903
vt 0.630809 0.142335
vt 0.565800 0.165893
vt 0.564442 0.177632
vt 0.591651 0.177632
vt 0.591641 0.165893
vt 0.740586 0.068655
vt 0.765188 0.068655
vt 0.765188 0.029527
vt 0.740586 0.029527
vt 0.876434 0.094366
vt 0.876434 0.099074
vt 0.953119 0.206200
vt 0.953166 0.194460
vt 0.597903 0.165893
vt 0.598714 0.177632
vt 0.557243 0.177632
vt 0.557274 0.165893
vt 0.915858 0.127528
vt 0.915905 0.099937
vt 0.848800 0.128089
vt 0.848800 0.133099
vt 0.873976 0.133099
vt 0.873976 0.127997
vt 0.876225 0.127997
vt 0.876225 0.133099
vt 0.787877 0.107694
vt 0.813921 0.107439
vt 0.813920 0.102076
vt 0.774820 0.102062
vt 0.787881 0.125730
vt 0.774817 0.131138
vt 0.813946 0.131025
vt 0.813946 0.125794
vt 0.818703 0.152594
vt 0.818651 0.134573
vt 0.799002 0.134631
vt 0.799055 0.152651
vt 0.839060 0.107598
vt 0.819249 0.107853
vt 0.819249 0.125819
vt 0.839060 0.125882
vt 0.482973 0.560599
vt 0.508005 0.560599
vt 0.533008 0.560599
vt 0.557987 0.560599
vt 0.582880 0.560599
vt 0.606676 0.560599
vt 0.008178 0.560599
vt 0.031973 0.560599
vt 0.056867 0.560599
vt 0.081846 0.560599
vt 0.106849 0.560599
vt 0.131881 0.560599
vt 0.156925 0.560599
vt 0.181998 0.560599
vt 0.207073 0.560599
vt 0.232156 0.560599
vt 0.257241 0.560599
vt 0.282329 0.560599
vt 0.307427 0.560599
vt 0.332525 0.560599
vt 0.357613 0.560599
vt 0.382698 0.560599
vt 0.407781 0.560599
vt 0.432856 0.560599
vt 0.457929 0.560599
vt 0.502498 0.717393
vt 0.502499 0.734576
vt 0.514186 0.734576
vt 0.514186 0.717393
vt 0.490812 0.717393
vt 0.490811 0.734576
vt 0.479124 0.717393
vt 0.479126 0.734576
vt 0.467439 0.717393
vt 0.467437 0.734576
vt 0.455750 0.717393
vt 0.455752 0.734576
vt 0.444064 0.717393
vt 0.444064 0.734576
vt 0.432377 0.717393
vt 0.432376 0.734576
vt 0.420690 0.717393
vt 0.420691 0.734576
vt 0.409003 0.717393
vt 0.409003 0.734576
vt 0.560934 0.717393
vt 0.560935 0.734576
vt 0.572620 0.734576
vt 0.572621 0.717393
vt 0.549247 0.717393
vt 0.549246 0.734576
vt 0.537560 0.717393
vt 0.537561 0.734576
vt 0.525873 0.717393
vt 0.525873 0.734576
vt 0.397947 0.713824
vt 0.206500 0.713824
vt 0.206500 0.719436
vt 0.397948 0.719436
vt 0.397947 0.708212
vt 0.206500 0.708213
vt 0.397947 0.702601
vt 0.206499 0.702601
vt 0.397948 0.730660
vt 0.206500 0.730659
vt 0.206499 0.736271
vt 0.397947 0.736272
vt 0.397948 0.725048
vt 0.206499 0.725048
vt 0.197141 0.740029
vt 0.015471 0.740029
vt 0.015471 0.744224
vt 0.197141 0.744224
vt 0.197141 0.735834
vt 0.015471 0.735834
vt 0.197141 0.756808
vt 0.015471 0.756809
vt 0.015471 0.761003
vt 0.197141 0.761003
vt 0.197141 0.752614
vt 0.015471 0.752614
vt 0.197141 0.748419
vt 0.015471 0.748419
vt 0.197141 0.707465
vt 0.015471 0.707465
vt 0.015471 0.710719
vt 0.197141 0.710719
vt 0.197141 0.703650
vt 0.015471 0.703650
vt 0.197141 0.723925
vt 0.015471 0.723925
vt 0.015471 0.728120
vt 0.197141 0.728120
vt 0.197141 0.719730
vt 0.015470 0.719730
vt 0.197141 0.715140
vt 0.015471 0.715140
vt 0.445648 0.619421
vt 0.445588 0.625087
vt 0.464277 0.624629
vt 0.464298 0.618994
vt 0.445556 0.586061
vt 0.464201 0.586372
vt 0.464146 0.580738
vt 0.445460 0.580398
vt 0.441632 0.591539
vt 0.464193 0.591790
vt 0.446223 0.597132
vt 0.464161 0.597168
vt 0.446364 0.602737
vt 0.464182 0.602683
vt 0.446255 0.608342
vt 0.464194 0.608199
vt 0.441599 0.613961
vt 0.464258 0.613577
vt 0.479440 0.624625
vt 0.496222 0.625305
vt 0.496615 0.619629
vt 0.479858 0.618975
vt 0.479766 0.586291
vt 0.496121 0.585546
vt 0.496095 0.579871
vt 0.479315 0.580644
vt 0.480306 0.591765
vt 0.497434 0.591194
vt 0.480747 0.597159
vt 0.498095 0.596864
vt 0.480960 0.602629
vt 0.498450 0.602578
vt 0.480778 0.608101
vt 0.497722 0.608296
vt 0.480367 0.613497
vt 0.497539 0.613971
vt 0.607329 0.585423
vt 0.605818 0.607972
vt 0.429298 0.619912
vt 0.429552 0.625578
vt 0.428261 0.608508
vt 0.428035 0.602770
vt 0.428232 0.597011
vt 0.429202 0.585689
vt 0.429434 0.579998
vt 0.606537 0.624971
vt 0.606100 0.619347
vt 0.607214 0.579795
vt 0.607948 0.591072
vt 0.607666 0.596714
vt 0.607005 0.602321
vt 0.605973 0.613664
vt 0.625512 0.619227
vt 0.625315 0.624730
vt 0.644708 0.624813
vt 0.644964 0.619216
vt 0.625454 0.579647
vt 0.625417 0.585203
vt 0.643776 0.584872
vt 0.644109 0.579172
vt 0.625410 0.590995
vt 0.643664 0.590751
vt 0.625451 0.596805
vt 0.643931 0.596632
vt 0.625551 0.602425
vt 0.644403 0.602335
vt 0.625613 0.607971
vt 0.644807 0.607942
vt 0.625623 0.613607
vt 0.644996 0.613577
vt 0.663261 0.624511
vt 0.663086 0.618913
vt 0.661843 0.584927
vt 0.661825 0.579337
vt 0.661937 0.590606
vt 0.662131 0.596295
vt 0.662399 0.601916
vt 0.662675 0.607540
vt 0.662902 0.613231
vt 0.689112 0.624144
vt 0.689286 0.618471
vt 0.687714 0.584480
vt 0.687947 0.578816
vt 0.687702 0.590147
vt 0.687972 0.595806
vt 0.688462 0.601449
vt 0.688962 0.607101
vt 0.689265 0.612783
vt 0.786128 0.622533
vt 0.786029 0.616844
vt 0.785408 0.582750
vt 0.785316 0.577075
vt 0.785506 0.588418
vt 0.785606 0.594085
vt 0.785712 0.599757
vt 0.785820 0.605442
vt 0.785929 0.611142
vt 0.359163 0.591747
vt 0.372503 0.597199
vt 0.371463 0.585795
vt 0.371205 0.580129
vt 0.371560 0.620019
vt 0.371326 0.625710
vt 0.359136 0.614169
vt 0.372533 0.608695
vt 0.372730 0.602937
vt 0.739455 0.653149
vt 0.584305 0.654509
vt 0.584619 0.660319
vt 0.584368 0.648727
vt 0.584729 0.642966
vt 0.566910 0.642805
vt 0.566690 0.648438
vt 0.585616 0.689252
vt 0.585705 0.683500
vt 0.567665 0.682835
vt 0.567583 0.688440
vt 0.585757 0.677736
vt 0.567653 0.677096
vt 0.585557 0.671941
vt 0.567446 0.671365
vt 0.585101 0.666134
vt 0.563273 0.665773
vt 0.564166 0.660084
vt 0.566604 0.654251
vt 0.549464 0.648625
vt 0.549610 0.642908
vt 0.488265 0.643132
vt 0.488422 0.648862
vt 0.550277 0.688911
vt 0.550379 0.683185
vt 0.490781 0.683158
vt 0.490528 0.688896
vt 0.550343 0.677415
vt 0.491229 0.677431
vt 0.550129 0.671651
vt 0.491340 0.671722
vt 0.490980 0.665989
vt 0.490177 0.660267
vt 0.549361 0.654348
vt 0.489166 0.654564
vt 0.469864 0.643313
vt 0.470091 0.649042
vt 0.473002 0.682363
vt 0.472604 0.688043
vt 0.473067 0.676524
vt 0.473041 0.671131
vt 0.472537 0.665554
vt 0.471642 0.660025
vt 0.470653 0.654810
vt 0.455272 0.643167
vt 0.455085 0.648887
vt 0.458158 0.682211
vt 0.457977 0.687906
vt 0.458170 0.676277
vt 0.457691 0.671173
vt 0.456916 0.665478
vt 0.456125 0.659815
vt 0.455495 0.654633
vt 0.441910 0.670798
vt 0.442662 0.676413
vt 0.442825 0.682124
vt 0.442680 0.687920
vt 0.439950 0.642552
vt 0.439480 0.648352
vt 0.439450 0.653906
vt 0.440085 0.659556
vt 0.440919 0.665169
vt 0.423996 0.676661
vt 0.423594 0.682224
vt 0.423158 0.687882
vt 0.420265 0.642455
vt 0.420215 0.648212
vt 0.420936 0.653857
vt 0.422114 0.659422
vt 0.423231 0.665118
vt 0.423932 0.670947
vt 0.766541 0.664439
vt 0.740781 0.664931
vt 0.740648 0.670925
vt 0.766296 0.670862
vt 0.740503 0.676942
vt 0.766009 0.677324
vt 0.740353 0.682998
vt 0.765600 0.683870
vt 0.741399 0.689676
vt 0.765087 0.690449
vt 0.767301 0.638389
vt 0.742644 0.640126
vt 0.741097 0.646909
vt 0.767119 0.645014
vt 0.742674 0.652744
vt 0.766937 0.651554
vt 0.740916 0.658941
vt 0.766757 0.658018
vt 0.738710 0.688587
vt 0.739511 0.641443
vt 0.355208 0.619647
vt 0.336565 0.619336
vt 0.336617 0.624970
vt 0.355299 0.625311
vt 0.336475 0.581082
vt 0.336460 0.586717
vt 0.355111 0.586287
vt 0.355167 0.580621
vt 0.336503 0.592134
vt 0.336570 0.597511
vt 0.354508 0.597366
vt 0.336584 0.603027
vt 0.354401 0.602972
vt 0.336606 0.608542
vt 0.354541 0.608577
vt 0.336575 0.613919
vt 0.304250 0.620181
vt 0.304679 0.625854
vt 0.321459 0.625065
vt 0.321006 0.619419
vt 0.304528 0.580422
vt 0.304539 0.586097
vt 0.320894 0.586740
vt 0.321307 0.581091
vt 0.303259 0.591753
vt 0.320389 0.592217
vt 0.302632 0.597427
vt 0.319983 0.597613
vt 0.302313 0.603142
vt 0.319804 0.603083
vt 0.303076 0.608855
vt 0.320022 0.608552
vt 0.303293 0.614529
vt 0.320464 0.613945
vt 0.193336 0.586636
vt 0.194977 0.609177
vt 0.194759 0.620555
vt 0.194356 0.626183
vt 0.193417 0.581008
vt 0.192750 0.592289
vt 0.193065 0.597929
vt 0.193759 0.603534
vt 0.194853 0.614871
vt 0.175341 0.620537
vt 0.155888 0.620626
vt 0.156175 0.626222
vt 0.175566 0.626039
vt 0.175186 0.580961
vt 0.156533 0.580579
vt 0.156894 0.586277
vt 0.175253 0.586516
vt 0.157037 0.592156
vt 0.175294 0.592307
vt 0.156802 0.598038
vt 0.175284 0.598117
vt 0.156360 0.603744
vt 0.175215 0.603735
vt 0.155985 0.609351
vt 0.175179 0.609281
vt 0.155827 0.614987
vt 0.175199 0.614917
vt 0.137768 0.620420
vt 0.137623 0.626020
vt 0.138812 0.580836
vt 0.138825 0.586427
vt 0.138764 0.592106
vt 0.138600 0.597796
vt 0.138362 0.603419
vt 0.138116 0.609044
vt 0.137921 0.614738
vt 0.111572 0.620124
vt 0.111780 0.625796
vt 0.112677 0.580463
vt 0.112945 0.586125
vt 0.112992 0.591791
vt 0.112754 0.597452
vt 0.112297 0.603098
vt 0.111831 0.608753
vt 0.111562 0.614436
vt 0.014826 0.619081
vt 0.014762 0.624771
vt 0.015297 0.579309
vt 0.015239 0.584985
vt 0.015175 0.590653
vt 0.015111 0.596321
vt 0.015040 0.601993
vt 0.014965 0.607679
vt 0.014891 0.613379
vt 0.195789 0.690151
vt 0.195592 0.684390
vt 0.041325 0.691718
vt 0.195677 0.678630
vt 0.041883 0.680058
vt 0.196043 0.672886
vt 0.196528 0.667140
vt 0.196958 0.661382
vt 0.042713 0.662312
vt 0.197100 0.655616
vt 0.043019 0.656393
vt 0.196901 0.649844
vt 0.214217 0.649654
vt 0.213794 0.644060
vt 0.196618 0.644085
vt 0.214670 0.689713
vt 0.214352 0.684141
vt 0.214185 0.678434
vt 0.214249 0.672683
vt 0.218212 0.666866
vt 0.217103 0.661187
vt 0.214487 0.655448
vt 0.231054 0.649112
vt 0.291169 0.648882
vt 0.290837 0.643178
vt 0.230469 0.643425
vt 0.232687 0.689397
vt 0.293338 0.688853
vt 0.292414 0.683145
vt 0.232243 0.683682
vt 0.291424 0.677422
vt 0.231850 0.677927
vt 0.290809 0.671715
vt 0.231647 0.672152
vt 0.290591 0.665982
vt 0.290770 0.660262
vt 0.291081 0.654547
vt 0.231434 0.654837
vt 0.309224 0.649470
vt 0.308762 0.643791
vt 0.311632 0.688478
vt 0.310587 0.682827
vt 0.309810 0.677076
vt 0.309133 0.671679
vt 0.308955 0.666094
vt 0.309059 0.660508
vt 0.309393 0.655254
vt 0.324016 0.649552
vt 0.323221 0.643838
vt 0.326472 0.688735
vt 0.325640 0.683066
vt 0.324940 0.677144
vt 0.324653 0.672049
vt 0.324475 0.666293
vt 0.324396 0.660574
vt 0.324293 0.655326
vt 0.340468 0.677508
vt 0.340272 0.671852
vt 0.341154 0.683196
vt 0.341974 0.688951
vt 0.339519 0.649238
vt 0.338492 0.643450
vt 0.344129 0.654811
vt 0.340305 0.660510
vt 0.340375 0.666185
vt 0.360532 0.683269
vt 0.359224 0.677712
vt 0.361547 0.688879
vt 0.358771 0.649146
vt 0.358185 0.643387
vt 0.358155 0.660447
vt 0.357935 0.666191
vt 0.358284 0.672035
vt 0.040589 0.674142
vt 0.040864 0.668177
vt 0.015007 0.666370
vt 0.014603 0.672749
vt 0.038765 0.680186
vt 0.014214 0.679145
vt 0.039962 0.686143
vt 0.013811 0.685592
vt 0.038054 0.692827
vt 0.013331 0.692121
vt 0.041846 0.650202
vt 0.041045 0.643463
vt 0.017440 0.640557
vt 0.016658 0.647072
vt 0.039904 0.656039
vt 0.016020 0.653537
vt 0.039590 0.662097
vt 0.015462 0.659974
vt 0.043655 0.644751
vt 0.676006 0.209425
vt 0.685236 0.209425
vt 0.685235 0.224913
vt 0.676007 0.224914
vt 0.694465 0.209425
vt 0.694465 0.224913
vt 0.583713 0.209425
vt 0.592943 0.209425
vt 0.592942 0.224914
vt 0.583713 0.224914
vt 0.602171 0.209425
vt 0.602172 0.224913
vt 0.611401 0.209425
vt 0.611401 0.224913
vt 0.620630 0.209425
vt 0.620631 0.224914
vt 0.629860 0.209425
vt 0.629860 0.224913
vt 0.639090 0.209425
vt 0.639089 0.224914
vt 0.648318 0.209425
vt 0.648319 0.224914
vt 0.657548 0.209425
vt 0.657548 0.224914
vt 0.666777 0.209425
vt 0.666777 0.224914
vt 0.947772 0.465469
vt 0.947772 0.470016
vt 0.907501 0.470016
vt 0.907501 0.465469
vt 0.947772 0.447278
vt 0.947772 0.451826
vt 0.907501 0.451826
vt 0.907501 0.447278
vt 0.947772 0.456373
vt 0.907501 0.456373
vt 0.947772 0.460921
vt 0.907501 0.460921
vt 0.912930 0.551059
vt 0.912930 0.559913
vt 0.902151 0.559915
vt 0.902151 0.551057
vt 0.912930 0.569399
vt 0.902151 0.569400
vt 0.912930 0.578889
vt 0.902151 0.578890
vt 0.912930 0.587716
vt 0.902151 0.587720
vt 0.912930 0.478333
vt 0.912930 0.497094
vt 0.902151 0.497095
vt 0.902151 0.478334
vt 0.912930 0.505207
vt 0.902151 0.505207
vt 0.912930 0.514538
vt 0.902151 0.514538
vt 0.912930 0.523870
vt 0.902151 0.523868
vt 0.912930 0.532290
vt 0.902151 0.532296
vt 0.925815 0.521131
vt 0.925808 0.527215
vt 0.919279 0.527220
vt 0.919279 0.521121
vt 0.931400 0.527347
vt 0.931401 0.521059
vt 0.937562 0.521059
vt 0.937562 0.527347
vt 0.882792 0.556852
vt 0.878762 0.545226
vt 0.919279 0.534277
vt 0.925811 0.534240
vt 0.925750 0.581350
vt 0.919288 0.581355
vt 0.879549 0.591487
vt 0.882954 0.581666
vt 0.899307 0.586560
vt 0.899307 0.602409
vt 0.925801 0.513851
vt 0.919279 0.513887
vt 0.919286 0.478345
vt 0.925679 0.478353
vt 0.878769 0.484163
vt 0.882798 0.472542
vt 0.937567 0.514146
vt 0.931399 0.514146
vt 0.931399 0.478788
vt 0.937619 0.478788
vt 0.899307 0.572438
vt 0.882959 0.577330
vt 0.879555 0.567513
vt 0.899307 0.556591
vt 0.931399 0.534780
vt 0.937567 0.534780
vt 0.937628 0.581267
vt 0.931398 0.581265
vt 0.878996 0.575341
vt 0.877843 0.571642
vt 0.876742 0.479276
vt 0.878107 0.474896
vt 0.878107 0.554494
vt 0.876742 0.550117
vt 0.877843 0.587355
vt 0.878996 0.583657
vt 0.975145 0.532737
vt 0.975162 0.540496
vt 0.946773 0.540477
vt 0.946727 0.532722
vt 0.975162 0.478445
vt 0.975224 0.486197
vt 0.946780 0.486186
vt 0.946773 0.478426
vt 0.975294 0.493950
vt 0.946788 0.493946
vt 0.975332 0.501705
vt 0.946793 0.501704
vt 0.975315 0.509462
vt 0.946748 0.509460
vt 0.975254 0.517220
vt 0.946740 0.517214
vt 0.975183 0.524979
vt 0.946732 0.524967
vt 0.037672 0.862833
vt 0.049782 0.870138
vt 0.018372 0.870138
vt 0.037672 0.877444
vt 0.018372 0.877444
vt 0.037672 0.884750
vt 0.018372 0.884750
vt 0.037672 0.892055
vt 0.018372 0.892055
vt 0.037672 0.899361
vt 0.018372 0.899361
vt 0.037672 0.906666
vt 0.018372 0.906666
vt 0.049781 0.913972
vt 0.018372 0.913972
vt 0.052682 0.921277
vt 0.018372 0.921277
vt 0.037672 0.928583
vt 0.018372 0.928583
vt 0.037672 0.935888
vt 0.018372 0.935888
vt 0.037672 0.943194
vt 0.018372 0.943194
vt 0.037672 0.950499
vt 0.018372 0.950499
vt 0.056972 0.862833
vt 0.056972 0.877444
vt 0.056973 0.884750
vt 0.056973 0.892055
vt 0.056973 0.899361
vt 0.056973 0.906666
vt 0.056973 0.928583
vt 0.077820 0.935888
vt 0.056973 0.943194
vt 0.056973 0.950499
vt 0.076273 0.862833
vt 0.076273 0.870138
vt 0.076273 0.877444
vt 0.076273 0.884750
vt 0.076273 0.892055
vt 0.076273 0.899361
vt 0.076273 0.906666
vt 0.076273 0.913972
vt 0.086066 0.921277
vt 0.085071 0.928583
vt 0.083402 0.943194
vt 0.076273 0.950499
vt 0.095573 0.862833
vt 0.100423 0.870138
vt 0.095573 0.877444
vt 0.095573 0.884750
vt 0.095573 0.892055
vt 0.095573 0.899361
vt 0.095573 0.906666
vt 0.100394 0.913972
vt 0.095573 0.950499
vt 0.114873 0.862833
vt 0.114874 0.877444
vt 0.114874 0.884750
vt 0.114874 0.892055
vt 0.114874 0.899361
vt 0.119621 0.906666
vt 0.114874 0.921277
vt 0.114874 0.928583
vt 0.114874 0.935888
vt 0.114874 0.943194
vt 0.114874 0.950499
vt 0.134174 0.862833
vt 0.141099 0.870138
vt 0.142836 0.877444
vt 0.134174 0.884750
vt 0.134174 0.892055
vt 0.134174 0.899361
vt 0.141087 0.913972
vt 0.142838 0.921277
vt 0.134174 0.928583
vt 0.134174 0.935888
vt 0.134174 0.943194
vt 0.134174 0.950499
vt 0.153474 0.862833
vt 0.153474 0.884750
vt 0.153474 0.892055
vt 0.160206 0.899361
vt 0.159056 0.906666
vt 0.161768 0.928583
vt 0.153474 0.935888
vt 0.160207 0.943194
vt 0.153474 0.950499
vt 0.172774 0.862833
vt 0.183557 0.870138
vt 0.182840 0.877444
vt 0.172774 0.884750
vt 0.180914 0.892055
vt 0.183553 0.913972
vt 0.182840 0.921277
vt 0.180915 0.935888
vt 0.172775 0.950499
vt 0.192075 0.862833
vt 0.201561 0.884750
vt 0.199761 0.899361
vt 0.198444 0.906666
vt 0.201561 0.928583
vt 0.199761 0.943194
vt 0.192075 0.950499
vt 0.211375 0.862833
vt 0.223629 0.870138
vt 0.222233 0.877444
vt 0.220502 0.892055
vt 0.223628 0.913972
vt 0.222233 0.921277
vt 0.220503 0.935888
vt 0.211375 0.950499
vt 0.230676 0.862833
vt 0.240959 0.884750
vt 0.239115 0.899361
vt 0.239003 0.906666
vt 0.240959 0.928583
vt 0.239114 0.943194
vt 0.230676 0.950499
vt 0.249976 0.862833
vt 0.262417 0.870138
vt 0.261297 0.877444
vt 0.259824 0.892055
vt 0.262417 0.913972
vt 0.261297 0.921277
vt 0.259824 0.935888
vt 0.249976 0.950499
vt 0.269276 0.862833
vt 0.269276 0.884750
vt 0.278333 0.899361
vt 0.280158 0.906666
vt 0.269276 0.928583
vt 0.278333 0.943194
vt 0.269276 0.950499
vt 0.288577 0.862833
vt 0.301090 0.870138
vt 0.288577 0.877444
vt 0.288577 0.884750
vt 0.288577 0.892055
vt 0.301090 0.913972
vt 0.288577 0.921277
vt 0.288577 0.928583
vt 0.288577 0.935888
vt 0.288577 0.950499
vt 0.307877 0.862833
vt 0.307877 0.877444
vt 0.307877 0.884750
vt 0.307877 0.892055
vt 0.317351 0.899361
vt 0.320046 0.906666
vt 0.307877 0.921277
vt 0.307877 0.928583
vt 0.307877 0.935888
vt 0.317352 0.943194
vt 0.307877 0.950499
vt 0.327177 0.862833
vt 0.327177 0.870138
vt 0.327177 0.877444
vt 0.327177 0.884750
vt 0.327177 0.892055
vt 0.327177 0.913972
vt 0.327177 0.921277
vt 0.327177 0.928583
vt 0.327177 0.935888
vt 0.327177 0.950499
vt 0.346478 0.862833
vt 0.346478 0.870138
vt 0.346478 0.877444
vt 0.346478 0.884750
vt 0.346478 0.892055
vt 0.346478 0.899361
vt 0.358845 0.906666
vt 0.346478 0.913972
vt 0.346478 0.921277
vt 0.346478 0.928583
vt 0.346478 0.935888
vt 0.346478 0.943194
vt 0.346478 0.950499
vt 0.365778 0.862833
vt 0.365778 0.870138
vt 0.365778 0.877444
vt 0.365778 0.884750
vt 0.365778 0.892055
vt 0.365778 0.899361
vt 0.365778 0.913972
vt 0.365778 0.921277
vt 0.365778 0.928583
vt 0.365778 0.935888
vt 0.365778 0.943194
vt 0.365778 0.950499
vt 0.385078 0.862833
vt 0.385078 0.870138
vt 0.385078 0.877444
vt 0.385078 0.884750
vt 0.385078 0.892055
vt 0.385078 0.899361
vt 0.395786 0.906666
vt 0.385078 0.913972
vt 0.385078 0.921277
vt 0.385078 0.928583
vt 0.385078 0.935888
vt 0.385078 0.943194
vt 0.385078 0.950499
vt 0.404379 0.862833
vt 0.404379 0.870138
vt 0.404379 0.877444
vt 0.404379 0.884750
vt 0.404379 0.892055
vt 0.407990 0.899361
vt 0.404379 0.913972
vt 0.404379 0.921277
vt 0.404379 0.928583
vt 0.404379 0.935888
vt 0.408054 0.943194
vt 0.404379 0.950499
vt 0.423679 0.862833
vt 0.423679 0.870138
vt 0.423679 0.877444
vt 0.431749 0.884750
vt 0.431176 0.892055
vt 0.432966 0.906666
vt 0.432469 0.913972
vt 0.423679 0.921277
vt 0.431756 0.928583
vt 0.431180 0.935888
vt 0.423679 0.950499
vt 0.442979 0.862833
vt 0.442979 0.870138
vt 0.442979 0.877444
vt 0.452103 0.899361
vt 0.442979 0.921277
vt 0.452100 0.943194
vt 0.442979 0.950499
vt 0.462280 0.862833
vt 0.471475 0.870138
vt 0.471178 0.877444
vt 0.470882 0.884750
vt 0.470435 0.892055
vt 0.471932 0.906666
vt 0.471475 0.913972
vt 0.471177 0.921277
vt 0.470882 0.928583
vt 0.470434 0.935888
vt 0.462280 0.950499
vt 0.481580 0.862833
vt 0.490335 0.899361
vt 0.490331 0.943194
vt 0.481580 0.950499
vt 0.500880 0.862833
vt 0.510598 0.870138
vt 0.510325 0.877444
vt 0.510078 0.884750
vt 0.509734 0.892055
vt 0.511042 0.906666
vt 0.510599 0.913972
vt 0.510325 0.921277
vt 0.510078 0.928583
vt 0.509735 0.935888
vt 0.500880 0.950499
vt 0.520181 0.862833
vt 0.529030 0.899361
vt 0.529029 0.943194
vt 0.520181 0.950499
vt 0.539481 0.862833
vt 0.549819 0.870138
vt 0.549519 0.877444
vt 0.549277 0.884750
vt 0.548974 0.892055
vt 0.550251 0.906666
vt 0.549818 0.913972
vt 0.549519 0.921277
vt 0.549277 0.928583
vt 0.548975 0.935888
vt 0.539481 0.950499
vt 0.558781 0.862833
vt 0.568067 0.899361
vt 0.568066 0.943194
vt 0.558781 0.950499
vt 0.578082 0.862833
vt 0.589088 0.870138
vt 0.588704 0.877444
vt 0.588422 0.884750
vt 0.588105 0.892055
vt 0.589297 0.906666
vt 0.589087 0.913972
vt 0.588704 0.921277
vt 0.588424 0.928583
vt 0.588106 0.935888
vt 0.578082 0.950499
vt 0.597382 0.862833
vt 0.607087 0.899361
vt 0.607087 0.943194
vt 0.597382 0.950499
vt 0.616682 0.862833
vt 0.628322 0.870138
vt 0.616682 0.877444
vt 0.616682 0.884750
vt 0.616682 0.892055
vt 0.627830 0.906666
vt 0.628322 0.913972
vt 0.627824 0.921277
vt 0.616682 0.928583
vt 0.627122 0.935888
vt 0.616682 0.950499
vt 0.635983 0.862833
vt 0.635983 0.877444
vt 0.635983 0.884750
vt 0.635983 0.892055
vt 0.645988 0.899361
vt 0.635983 0.928583
vt 0.645988 0.943194
vt 0.635983 0.950499
vt 0.655283 0.862833
vt 0.667381 0.870138
vt 0.655283 0.877444
vt 0.655283 0.884750
vt 0.655283 0.892055
vt 0.666022 0.906666
vt 0.667380 0.913972
vt 0.655283 0.921277
vt 0.655283 0.928583
vt 0.655283 0.935888
vt 0.655283 0.950499
vt 0.674583 0.862833
vt 0.674583 0.877444
vt 0.674583 0.884750
vt 0.674583 0.892055
vt 0.674583 0.899361
vt 0.674583 0.921277
vt 0.674583 0.928583
vt 0.674583 0.935888
vt 0.684629 0.943194
vt 0.674583 0.950499
vt 0.693884 0.862833
vt 0.705994 0.870138
vt 0.693884 0.877444
vt 0.693884 0.884750
vt 0.693884 0.892055
vt 0.693884 0.899361
vt 0.703953 0.906666
vt 0.705995 0.913972
vt 0.693884 0.921277
vt 0.693884 0.928583
vt 0.693884 0.935888
vt 0.693884 0.950499
vt 0.713184 0.862833
vt 0.713184 0.877444
vt 0.713184 0.884750
vt 0.713184 0.892055
vt 0.713184 0.899361
vt 0.713184 0.921277
vt 0.713184 0.928583
vt 0.713184 0.935888
vt 0.713184 0.943194
vt 0.713184 0.950499
vt 0.732484 0.862833
vt 0.732484 0.870138
vt 0.732484 0.877444
vt 0.732484 0.884750
vt 0.732484 0.892055
vt 0.732484 0.899361
vt 0.741299 0.906666
vt 0.743818 0.913972
vt 0.732484 0.921277
vt 0.732484 0.928583
vt 0.732484 0.935888
vt 0.732484 0.943194
vt 0.732484 0.950499
vt 0.751785 0.862833
vt 0.751785 0.870138
vt 0.751785 0.877444
vt 0.751785 0.884750
vt 0.751785 0.892055
vt 0.751785 0.899361
vt 0.751785 0.921277
vt 0.751785 0.928583
vt 0.751785 0.935888
vt 0.751785 0.943194
vt 0.751785 0.950499
vt 0.771085 0.862833
vt 0.771085 0.870138
vt 0.771085 0.877444
vt 0.771085 0.884750
vt 0.771085 0.892055
vt 0.771085 0.899361
vt 0.771085 0.906666
vt 0.771085 0.913972
vt 0.771085 0.921277
vt 0.771085 0.928583
vt 0.771085 0.935888
vt 0.771085 0.943194
vt 0.771085 0.950499
vt 0.790385 0.862833
vt 0.790385 0.870138
vt 0.790385 0.877444
vt 0.790385 0.884750
vt 0.790385 0.892055
vt 0.790385 0.899361
vt 0.790385 0.906666
vt 0.790385 0.913972
vt 0.790385 0.921277
vt 0.790385 0.928583
vt 0.790385 0.935888
vt 0.790385 0.943194
vt 0.790385 0.950499
vt 0.866191 0.823849
vt 0.853092 0.823849
vt 0.924700 0.718159
vt 0.940687 0.718159
vt 0.940687 0.645679
vt 0.924700 0.645679
vt 0.970100 0.823849
vt 0.949245 0.846623
vt 0.950798 0.833974
vt 0.914531 0.833974
vt 0.916232 0.846623
vt 0.916232 0.621531
vt 0.914531 0.634180
vt 0.950798 0.634180
vt 0.949245 0.621531
vt 0.913287 0.718159
vt 0.913287 0.645679
vt 0.940452 0.829902
vt 0.924877 0.829902
vt 0.952099 0.645679
vt 0.952099 0.718159
vt 0.924877 0.638252
vt 0.940452 0.638252
vt 0.775709 0.787704
vt 0.812724 0.787704
vt 0.812402 0.779088
vt 0.774478 0.777686
vt 0.924700 0.823849
vt 0.940687 0.823849
vt 0.940687 0.751483
vt 0.924700 0.751483
vt 0.952099 0.751483
vt 0.952099 0.823849
vt 0.970100 0.645679
vt 0.957016 0.645679
vt 0.873672 0.645679
vt 0.873672 0.823849
vt 0.907558 0.823849
vt 0.907558 0.645679
vt 0.853093 0.645679
vt 0.913287 0.751483
vt 0.913287 0.823849
vt 0.774473 0.797729
vt 0.812401 0.796325
vt 0.008899 0.847762
vt 0.308819 0.845512
vt 0.308734 0.837848
vt 0.009875 0.839446
vt 0.009874 0.789884
vt 0.308733 0.791403
vt 0.308817 0.783753
vt 0.008895 0.781564
vt 0.012311 0.797988
vt 0.308675 0.799202
vt 0.014752 0.806243
vt 0.308517 0.806971
vt 0.015743 0.814624
vt 0.308584 0.814642
vt 0.014752 0.823009
vt 0.308517 0.822271
vt 0.012310 0.831301
vt 0.308675 0.830076
vt 0.542585 0.844953
vt 0.548735 0.836961
vt 0.551087 0.792441
vt 0.542584 0.784293
vt 0.549570 0.799832
vt 0.548170 0.807209
vt 0.548915 0.814624
vt 0.550246 0.822019
vt 0.549631 0.829421
vt 0.559809 0.843674
vt 0.559809 0.785578
vt 0.574286 0.842613
vt 0.587025 0.841933
vt 0.580963 0.835031
vt 0.581902 0.794274
vt 0.587025 0.787317
vt 0.574287 0.786639
vt 0.580044 0.801279
vt 0.572751 0.807928
vt 0.585945 0.808163
vt 0.572586 0.814626
vt 0.585797 0.814625
vt 0.572751 0.821322
vt 0.585941 0.821087
vt 0.580601 0.827951
vt 0.599114 0.841464
vt 0.611571 0.840720
vt 0.611502 0.833975
vt 0.598823 0.834317
vt 0.599113 0.787790
vt 0.598822 0.794930
vt 0.611501 0.795275
vt 0.611569 0.788532
vt 0.603826 0.801825
vt 0.598557 0.808369
vt 0.611369 0.808273
vt 0.598534 0.814625
vt 0.611306 0.814625
vt 0.598561 0.820885
vt 0.611370 0.820978
vt 0.604380 0.827423
vt 0.835774 0.693242
vt 0.839065 0.689874
vt 0.829181 0.685899
vt 0.829181 0.690620
vt 0.819296 0.689874
vt 0.822588 0.693242
vt 0.815111 0.699644
vt 0.819777 0.699656
vt 0.819240 0.709440
vt 0.822553 0.706229
vt 0.829181 0.713471
vt 0.829181 0.708882
vt 0.835809 0.706229
vt 0.839122 0.709440
vt 0.838585 0.699656
vt 0.843251 0.699644
vt 0.805598 0.673594
vt 0.788552 0.673165
vt 0.788399 0.682986
vt 0.805438 0.682989
vt 0.788552 0.692807
vt 0.805598 0.692384
vt 0.788985 0.702700
vt 0.806044 0.701742
vt 0.789654 0.712507
vt 0.806726 0.711093
vt 0.790581 0.722357
vt 0.807632 0.720514
vt 0.807632 0.645465
vt 0.790581 0.643615
vt 0.789654 0.653464
vt 0.806726 0.654886
vt 0.788985 0.663279
vt 0.806044 0.664237
vt 0.651921 0.828055
vt 0.652253 0.821417
vt 0.652394 0.814624
vt 0.652253 0.807829
vt 0.651920 0.801194
vt 0.651522 0.794423
vt 0.651209 0.787517
vt 0.651212 0.841730
vt 0.651524 0.834824
vt 0.843553 0.809788
vt 0.817387 0.810615
vt 0.816814 0.818324
vt 0.844799 0.817446
vt 0.843541 0.765044
vt 0.844805 0.757386
vt 0.816823 0.756440
vt 0.817378 0.764154
vt 0.840828 0.772311
vt 0.819177 0.771866
vt 0.838055 0.779664
vt 0.821088 0.779873
vt 0.836938 0.787379
vt 0.821684 0.787394
vt 0.821102 0.794921
vt 0.838070 0.795099
vt 0.819209 0.802908
vt 0.840857 0.802478
vt 0.832822 0.734777
vt 0.835152 0.727321
vt 0.838544 0.524983
vt 0.864950 0.524684
vt 0.860895 0.509225
vt 0.836116 0.515726
vt 0.861281 0.549503
vt 0.864987 0.533956
vt 0.838580 0.534254
vt 0.836362 0.543563
vt 0.838580 0.531348
vt 0.864987 0.531050
vt 0.864950 0.527843
vt 0.838544 0.528141
vt 0.838238 0.479404
vt 0.864108 0.479788
vt 0.860532 0.464544
vt 0.836097 0.470276
vt 0.860034 0.504479
vt 0.864061 0.489348
vt 0.838191 0.488964
vt 0.835780 0.498024
vt 0.838191 0.486159
vt 0.864061 0.486543
vt 0.864108 0.483402
vt 0.838238 0.483018
vt 0.838213 0.569573
vt 0.864762 0.570582
vt 0.861453 0.554847
vt 0.836231 0.560152
vt 0.860145 0.596257
vt 0.864639 0.580819
vt 0.838090 0.579810
vt 0.835399 0.589054
vt 0.838090 0.576132
vt 0.864639 0.577141
vt 0.864762 0.573918
vt 0.838213 0.572909
vt 0.769409 0.430547
vt 0.783095 0.430547
vt 0.783095 0.421048
vt 0.769409 0.421048
vt 0.769409 0.440046
vt 0.783094 0.440046
vt 0.769409 0.449545
vt 0.783095 0.449545
vt 0.769409 0.459044
vt 0.783095 0.459044
vt 0.769409 0.468543
vt 0.783095 0.468543
vt 0.769409 0.478042
vt 0.783094 0.478042
vt 0.769409 0.487540
vt 0.783095 0.487540
vt 0.769409 0.497039
vt 0.783095 0.497039
vt 0.797823 0.267419
vt 0.823608 0.267411
vt 0.823608 0.247879
vt 0.797823 0.247900
vt 0.797823 0.286934
vt 0.823608 0.286931
vt 0.797823 0.306454
vt 0.823608 0.306450
vt 0.797823 0.325975
vt 0.823608 0.325974
vt 0.797823 0.345498
vt 0.823608 0.345497
vt 0.797823 0.365021
vt 0.823608 0.365022
vt 0.797823 0.384543
vt 0.823608 0.384544
vt 0.797823 0.404063
vt 0.823608 0.404062
vt 0.797823 0.423579
vt 0.823608 0.423581
vt 0.797823 0.443096
vt 0.823608 0.443098
vt 0.797823 0.462614
vt 0.823608 0.462618
vt 0.797823 0.482134
vt 0.823572 0.482138
vt 0.797823 0.501655
vt 0.823608 0.501661
vt 0.797831 0.521179
vt 0.823590 0.521200
vt 0.797831 0.540910
vt 0.823590 0.540963
vt 0.823590 0.228116
vt 0.797831 0.228175
vt 0.793532 0.247943
vt 0.793532 0.267421
vt 0.793532 0.286935
vt 0.793532 0.306453
vt 0.793532 0.325975
vt 0.793532 0.345499
vt 0.793532 0.365021
vt 0.793532 0.384544
vt 0.793532 0.404063
vt 0.793532 0.423579
vt 0.793532 0.443096
vt 0.793532 0.462614
vt 0.793532 0.482133
vt 0.793532 0.501652
vt 0.793544 0.521137
vt 0.793544 0.539880
vt 0.793544 0.229204
vt 0.827697 0.267412
vt 0.827697 0.247913
vt 0.827697 0.286930
vt 0.827697 0.306450
vt 0.827697 0.325973
vt 0.827697 0.345497
vt 0.827697 0.365022
vt 0.827697 0.384543
vt 0.827697 0.404062
vt 0.827697 0.423581
vt 0.827697 0.443098
vt 0.827697 0.462620
vt 0.827648 0.482138
vt 0.827697 0.501660
vt 0.827673 0.521166
vt 0.827673 0.540017
vt 0.827673 0.229066
vt 0.906797 0.282106
vt 0.896964 0.291939
vt 0.903241 0.301332
vt 0.916088 0.296011
vt 0.892892 0.272815
vt 0.887571 0.285662
vt 0.876490 0.269552
vt 0.876490 0.283458
vt 0.860088 0.272815
vt 0.865410 0.285662
vt 0.846183 0.282106
vt 0.856016 0.291939
vt 0.836892 0.296011
vt 0.849740 0.301332
vt 0.833630 0.312413
vt 0.847536 0.312413
vt 0.836892 0.328815
vt 0.849740 0.323493
vt 0.846183 0.342720
vt 0.856016 0.332887
vt 0.860088 0.352010
vt 0.865410 0.339163
vt 0.876490 0.355273
vt 0.876490 0.341367
vt 0.892892 0.352010
vt 0.887571 0.339163
vt 0.906797 0.342720
vt 0.896964 0.332887
vt 0.916088 0.328815
vt 0.903241 0.323493
vt 0.919351 0.312413
vt 0.905445 0.312413
vt 0.783702 0.299133
vt 0.766979 0.299131
vt 0.766979 0.310487
vt 0.783702 0.310489
vt 0.783702 0.287768
vt 0.766979 0.287775
vt 0.783702 0.276411
vt 0.766979 0.276417
vt 0.783702 0.265037
vt 0.766979 0.265070
vt 0.783702 0.253634
vt 0.766979 0.253751
vt 0.783702 0.242106
vt 0.766979 0.242528
vt 0.783702 0.230153
vt 0.766979 0.231649
vt 0.783702 0.401556
vt 0.766979 0.401136
vt 0.766979 0.412011
vt 0.783702 0.413507
vt 0.783702 0.390034
vt 0.766979 0.389915
vt 0.783702 0.378633
vt 0.766979 0.378604
vt 0.783702 0.367266
vt 0.766979 0.367259
vt 0.783671 0.355913
vt 0.766980 0.355909
vt 0.783702 0.344554
vt 0.766979 0.344550
vt 0.783687 0.333197
vt 0.766980 0.333202
vt 0.783687 0.321845
vt 0.766980 0.321842
vt 0.681924 0.254366
vt 0.674245 0.245671
vt 0.657891 0.254366
vt 0.655971 0.259439
vt 0.688538 0.254366
vt 0.696216 0.245671
vt 0.652006 0.254366
vt 0.653925 0.259439
s 1
usemtl VacuumCleaner
f 1/1/1 2/2/2 3/3/3
f 4/4/4 2/2/2 1/1/1
f 5/5/5 2/2/2 4/4/4
f 3/3/3 2/2/2 6/6/6
f 7/7/7 8/8/8 9/9/9
f 9/9/9 8/8/8 10/10/10
f 10/10/10 8/8/8 11/11/11
f 12/12/12 8/8/8 7/7/7
s 0
f 13/13/13 14/14/13 15/15/13
f 16/16/14 17/17/14 18/18/14
f 19/19/13 20/20/13 21/21/13
f 22/22/14 17/17/14 23/23/14
f 17/17/14 16/16/14 23/23/14
f 24/24/13 25/25/13 21/21/13
f 21/21/13 25/25/13 19/19/13
f 26/26/14 27/27/14 28/28/14
f 29/29/13 30/30/13 31/31/13
f 32/32/14 33/33/14 34/34/14
f 35/35/13 36/36/13 37/37/13
f 38/38/14 33/33/14 39/39/14
f 33/33/14 32/32/14 39/39/14
f 40/40/13 41/41/13 37/37/13
f 37/37/13 41/41/13 35/35/13
f 42/42/14 43/43/14 44/44/14
f 47/45/13 46/46/13 45/47/13
f 48/48/13 46/46/13 47/45/13
f 49/49/13 46/46/13 48/48/13
f 50/50/13 46/46/13 49/49/13
f 53/51/14 52/52/14 54/53/14
f 54/53/14 52/52/14 55/54/14
f 55/54/14 52/52/14 56/55/14
f 56/55/14 52/52/14 51/56/14
s 1
f 57/1/15 58/3/16 59/2/17
f 60/4/18 57/1/15 59/2/17
f 61/5/19 60/4/18 59/2/17
f 58/3/16 62/6/20 59/2/17
f 63/7/21 64/9/22 65/8/23
f 64/9/22 66/10/24 65/8/23
f 66/10/24 67/11/25 65/8/23
f 68/12/26 63/7/21 65/8/23
s 0
f 69/13/13 70/15/13 71/14/13
f 72/16/14 73/18/14 74/17/14
f 75/19/13 76/21/13 77/20/13
f 78/22/14 79/23/14 74/17/14
f 74/17/14 79/23/14 72/16/14
f 80/24/13 76/21/13 81/25/13
f 76/21/13 75/19/13 81/25/13
f 82/26/14 83/28/14 84/27/14
f 85/29/13 86/31/13 87/30/13
f 88/32/14 89/34/14 90/33/14
f 91/35/13 92/37/13 93/36/13
f 94/38/14 95/39/14 90/33/14
f 90/33/14 95/39/14 88/32/14
f 96/40/13 92/37/13 97/41/13
f 92/37/13 91/35/13 97/41/13
f 98/42/14 99/44/14 100/43/14
f 103/45/13 101/47/13 102/46/13
f 104/48/13 103/45/13 102/46/13
f 105/49/13 104/48/13 102/46/13
f 106/50/13 105/49/13 102/46/13
f 108/52/14 109/51/14 107/56/14
f 109/51/14 110/53/14 107/56/14
f 110/53/14 111/54/14 107/56/14
f 111/54/27 112/55/27 107/56/27
f 113/57/28 114/58/28 115/59/28
f 115/59/28 114/58/28 116/60/28
f 116/60/28 114/58/28 117/61/28
f 117/61/28 114/58/28 118/62/28
f 118/62/28 114/58/28 119/63/28
f 119/63/28 114/58/28 120/64/28
f 121/65/29 122/66/29 123/67/29
f 124/68/30 121/65/30 123/67/30
f 122/66/30 125/69/30 123/67/30
f 126/70/31 127/71/31 128/72/31
f 129/73/31 127/71/31 126/70/31
f 130/74/31 131/75/31 132/76/31
f 133/77/31 131/75/31 130/74/31
f 134/78/31 135/79/31 136/80/31
f 137/81/31 135/79/31 134/78/31
f 138/82/31 139/83/31 140/84/31
f 141/85/31 139/83/31 138/82/31
f 142/86/31 143/87/31 144/88/31
f 145/89/31 143/87/31 142/86/31
f 146/90/31 147/91/31 148/92/31
f 149/93/31 147/91/31 146/90/31
f 150/94/31 151/95/31 152/96/31
f 153/97/31 151/95/31 150/94/31
f 154/98/31 155/99/31 156/100/31
f 157/101/31 155/99/31 154/98/31
f 158/102/32 159/103/32 160/104/32
f 160/104/32 159/103/32 161/105/32
f 162/106/32 163/107/32 164/108/32
f 164/108/32 163/107/32 165/109/32
f 166/110/32 167/111/32 168/112/32
f 168/112/32 167/111/32 169/113/32
f 170/114/32 171/115/32 172/116/32
f 172/116/32 171/115/32 173/117/32
f 174/118/32 175/119/32 176/120/32
f 176/120/32 175/119/32 177/121/32
f 178/122/32 179/123/32 180/124/32
f 180/124/32 179/123/32 181/125/32
f 182/126/32 183/127/32 184/128/32
f 184/128/32 183/127/32 185/129/32
f 186/130/32 187/131/32 188/132/32
f 188/132/32 187/131/32 189/133/32
f 190/70/32 191/72/32 192/71/32
f 193/73/32 190/70/32 192/71/32
f 194/74/32 195/76/32 196/75/32
f 197/77/32 194/74/32 196/75/32
f 198/78/32 199/80/32 200/79/32
f 201/81/32 198/78/32 200/79/32
f 202/82/32 203/84/32 204/83/32
f 205/85/32 202/82/32 204/83/32
f 206/86/32 207/88/32 208/87/32
f 209/89/32 206/86/32 208/87/32
f 210/90/32 211/92/32 212/91/32
f 213/93/32 210/90/32 212/91/32
f 214/94/32 215/96/32 216/95/32
f 217/97/32 214/94/32 216/95/32
f 218/98/32 219/100/32 220/99/32
f 221/101/32 218/98/32 220/99/32
f 222/102/31 223/104/31 224/103/31
f 223/104/31 225/105/31 224/103/31
f 226/106/31 227/108/31 228/107/31
f 227/108/31 229/109/31 228/107/31
f 230/110/31 231/112/31 232/111/31
f 231/112/31 233/113/31 232/111/31
f 234/114/31 235/116/31 236/115/31
f 235/116/31 237/117/31 236/115/31
f 238/118/31 239/120/31 240/119/31
f 239/120/31 241/121/31 240/119/31
f 242/122/31 243/124/31 244/123/31
f 243/124/31 245/125/31 244/123/31
f 246/126/31 247/128/31 248/127/31
f 247/128/31 249/129/31 248/127/31
f 250/130/31 251/132/31 252/131/31
f 251/132/31 253/133/31 252/131/31
f 254/134/33 255/135/33 256/136/33
f 258/137/33 257/138/33 256/136/33
f 255/135/33 258/137/33 256/136/33
f 260/139/34 261/140/34 259/141/34
f 261/140/34 262/142/34 259/141/34
f 262/142/34 263/143/34 259/141/34
f 266/144/33 267/145/33 268/146/33
f 269/147/34 270/148/34 271/149/34
f 274/150/34 275/151/34 276/152/34
f 277/153/33 278/154/33 279/155/33
f 280/156/13 281/157/13 282/158/13
f 281/157/13 283/159/13 282/158/13
f 283/159/13 284/160/13 282/158/13
f 284/160/13 285/161/13 282/158/13
f 285/161/13 286/162/13 282/158/13
f 286/162/13 287/163/13 282/158/13
f 288/164/13 289/165/13 282/158/13
f 289/165/13 290/166/13 282/158/13
f 290/166/13 291/167/13 282/158/13
f 291/167/13 292/168/13 282/158/13
f 292/168/13 293/169/13 282/158/13
f 293/169/13 280/156/13 282/158/13
f 294/170/31 295/171/31 296/172/31
f 295/171/31 297/173/31 296/172/31
f 297/173/31 298/174/31 296/172/31
f 298/174/31 299/175/31 296/172/31
f 299/175/31 300/176/31 296/172/31
f 300/176/31 301/177/31 296/172/31
f 301/177/31 302/178/31 296/172/31
f 302/178/31 303/179/31 296/172/31
f 303/179/31 304/180/31 296/172/31
f 304/180/31 305/181/31 296/172/31
f 305/181/31 306/182/31 296/172/31
f 306/182/31 307/183/31 296/172/31
f 308/184/33 309/185/33 310/186/33
f 311/187/34 312/188/34 313/189/34
s 1
f 314/190/35 316/191/36 315/192/37
f 316/191/36 317/193/38 315/192/37
f 317/193/38 318/194/39 315/192/37
f 318/194/39 319/195/40 315/192/37
f 319/195/40 320/196/41 315/192/37
f 320/196/41 321/197/42 315/192/37
f 321/197/42 322/198/43 315/192/37
f 322/198/43 323/199/44 315/192/37
f 323/199/44 324/200/45 315/192/37
f 325/201/46 326/202/47 315/192/37
f 326/202/47 327/203/48 315/192/37
f 327/203/48 314/190/35 315/192/37
f 328/204/33 329/205/49 330/206/50
f 331/207/51 332/208/34 333/209/52
f 331/207/51 334/210/53 332/208/34
f 335/211/54 329/205/49 328/204/33
s 0
f 336/212/31 337/213/31 338/214/31
s 1
f 337/213/31 339/215/55 338/214/56
f 340/216/57 341/217/58 342/218/59
f 343/219/33 344/220/60 345/221/33
f 346/222/31 347/223/61 348/224/31
f 349/225/31 350/226/31 351/227/62
f 348/224/31 347/223/61 350/226/31
s 0
f 352/228/63 353/229/63 354/230/63
f 355/231/64 356/232/64 357/233/64
f 358/234/65 359/235/65 360/236/65
f 361/237/66 362/238/66 363/239/66
s 1
f 350/226/31 347/223/61 351/227/62
f 364/240/67 365/241/68 366/242/69
f 367/243/70 364/240/67 366/242/69
f 368/244/71 367/243/70 366/242/69
f 369/245/72 368/244/71 366/242/69
f 370/246/73 369/245/72 366/242/69
f 371/247/74 370/246/73 366/242/69
f 372/248/75 371/247/74 366/242/69
f 373/249/76 372/248/75 366/242/69
f 374/250/77 373/249/76 366/242/69
f 375/251/78 374/250/77 366/242/69
f 376/252/79 375/251/78 366/242/69
f 377/253/80 376/252/79 366/242/69
f 378/254/81 377/253/80 366/242/69
f 379/255/82 378/254/81 366/242/69
f 380/256/83 379/255/82 366/242/69
f 381/257/84 380/256/83 366/242/69
f 382/258/85 381/257/84 366/242/69
f 383/259/86 382/258/85 366/242/69
f 384/260/87 383/259/86 366/242/69
f 385/261/88 384/260/87 366/242/69
f 386/262/89 385/261/88 366/242/69
f 365/241/68 387/263/90 366/242/69
f 388/264/91 389/265/92 390/266/13
f 389/265/92 391/267/93 390/266/13
f 391/267/93 392/268/94 390/266/13
f 392/268/94 393/269/95 390/266/13
f 393/269/95 394/270/96 390/266/13
f 394/270/96 395/271/97 390/266/13
f 395/271/97 396/272/98 390/266/13
f 396/272/98 397/273/99 390/266/13
f 397/273/99 398/274/100 390/266/13
f 398/274/100 399/275/101 390/266/13
f 399/275/101 400/276/102 390/266/13
f 400/276/102 401/277/103 390/266/13
f 401/277/103 402/278/104 390/266/13
f 402/278/104 388/264/91 390/266/13
s 0
f 403/279/105 404/280/105 405/281/105
f 404/280/105 406/282/105 405/281/105
f 406/282/105 407/283/105 405/281/105
f 407/283/105 408/284/105 405/281/105
f 408/284/105 409/285/105 405/281/105
f 409/285/105 410/286/105 405/281/105
f 411/287/105 412/288/105 413/289/105
f 413/289/105 412/288/105 414/290/105
f 414/290/105 412/288/105 415/291/105
f 415/291/105 412/288/105 416/292/105
f 416/292/105 412/288/105 417/293/105
f 417/293/105 412/288/105 418/294/105
f 419/57/106 420/59/106 421/58/106
f 420/59/106 422/60/106 421/58/106
f 422/60/106 423/61/106 421/58/106
f 423/61/106 424/62/106 421/58/106
f 424/62/106 425/63/106 421/58/106
f 425/63/106 426/64/106 421/58/106
s 1
f 427/295/107 428/296/33 429/297/108
f 430/298/109 428/296/33 427/295/107
f 431/299/110 428/296/33 430/298/109
f 432/300/111 428/296/33 431/299/110
f 433/301/112 428/296/33 432/300/111
f 434/302/113 428/296/33 433/301/112
f 435/303/114 428/296/33 434/302/113
f 436/304/115 428/296/33 435/303/114
f 437/305/116 428/296/33 436/304/115
f 438/306/117 428/296/33 437/305/116
f 439/307/118 428/296/33 438/306/117
f 429/297/108 428/296/33 439/307/118
f 440/308/119 441/309/34 442/310/120
f 442/310/120 441/309/34 443/311/121
f 443/311/121 441/309/34 444/312/122
f 444/312/122 441/309/34 445/313/123
f 445/313/123 441/309/34 446/314/124
f 446/314/124 441/309/34 447/315/125
f 447/315/125 441/309/34 448/316/126
f 448/316/126 441/309/34 449/317/127
f 449/317/127 441/309/34 450/318/128
f 450/318/128 441/309/34 451/319/129
f 451/319/129 441/309/34 452/320/130
f 452/320/130 441/309/34 440/308/119
s 0
f 453/321/33 454/322/33 455/323/33
f 456/324/33 454/322/33 453/321/33
f 457/325/33 454/322/33 456/324/33
f 458/326/34 459/327/34 460/328/34
f 460/328/34 459/327/34 461/329/34
f 461/329/34 459/327/34 462/330/34
f 463/331/32 464/332/32 465/333/32
f 466/334/32 467/335/32 463/331/32
f 468/336/32 467/335/32 466/334/32
f 469/337/32 467/335/32 468/336/32
f 471/338/32 467/335/32 470/339/32
f 472/340/32 467/335/32 471/338/32
f 473/341/32 474/342/32 472/340/32
f 475/343/31 476/344/31 477/345/31
f 477/345/31 476/344/31 478/346/31
f 478/346/31 476/344/31 479/347/31
f 479/347/31 476/344/31 480/348/31
f 480/348/31 476/344/31 481/349/31
f 481/349/31 476/344/31 482/350/31
f 482/350/31 476/344/31 483/351/31
f 484/352/31 476/344/31 475/343/31
f 464/332/32 467/335/32 474/342/32
f 470/339/32 467/335/32 485/353/32
f 474/342/32 467/335/32 472/340/32
f 463/331/32 467/335/32 464/332/32
f 486/354/32 469/337/32 468/336/32
f 487/321/34 488/323/34 489/322/34
f 490/324/34 487/321/34 489/322/34
f 491/325/34 490/324/34 489/322/34
f 492/326/33 493/328/33 494/327/33
f 493/328/33 495/329/33 494/327/33
f 495/329/33 496/330/33 494/327/33
f 497/331/32 498/333/32 499/332/32
f 500/334/32 497/331/32 501/335/32
f 502/336/32 500/334/32 501/335/32
f 503/337/32 502/336/32 501/335/32
f 505/338/32 504/339/32 501/335/32
f 506/340/32 505/338/32 501/335/32
f 507/341/32 506/340/32 508/342/32
f 509/343/31 510/345/31 511/344/31
f 510/345/31 512/346/31 511/344/31
f 512/346/31 513/347/31 511/344/31
f 513/347/31 514/348/31 511/344/31
f 514/348/31 515/349/31 511/344/31
f 515/349/31 516/350/31 511/344/31
f 516/350/31 517/351/31 511/344/31
f 518/352/31 509/343/31 511/344/31
f 499/332/32 508/342/32 501/335/32
f 504/339/32 519/353/32 501/335/32
f 508/342/32 506/340/32 501/335/32
f 497/331/32 499/332/32 501/335/32
f 520/354/32 502/336/32 503/337/32
s 1
f 521/295/120 522/297/119 523/296/34
f 524/298/121 521/295/120 523/296/34
f 525/299/122 524/298/121 523/296/34
f 526/300/123 525/299/122 523/296/34
f 527/301/124 526/300/123 523/296/34
f 528/302/125 527/301/124 523/296/34
f 529/303/126 528/302/125 523/296/34
f 530/304/127 529/303/126 523/296/34
f 531/305/128 530/304/127 523/296/34
f 532/306/129 531/305/128 523/296/34
f 533/307/130 532/306/129 523/296/34
f 522/297/119 533/307/130 523/296/34
f 534/308/108 535/310/107 536/309/33
f 535/310/107 537/311/109 536/309/33
f 537/311/109 538/312/110 536/309/33
f 538/312/110 539/313/111 536/309/33
f 539/313/111 540/314/112 536/309/33
f 540/314/112 541/315/113 536/309/33
f 541/315/113 542/316/114 536/309/33
f 542/316/114 543/317/115 536/309/33
f 543/317/115 544/318/116 536/309/33
f 544/318/116 545/319/117 536/309/33
f 545/319/117 546/320/118 536/309/33
f 546/320/118 534/308/108 536/309/33
s 0
f 547/355/131 548/355/131 549/355/131
s 1
f 550/355/131 551/355/131 549/355/131
f 552/356/132 553/357/133 554/358/134
f 555/359/135 556/360/136 557/361/137
f 552/356/132 554/358/134 558/362/138
f 559/363/139 560/364/140 561/365/141
f 562/366/142 558/362/138 554/358/134
s 0
f 563/367/143 564/368/143 565/369/143
f 564/368/144 566/370/144 565/369/144
f 567/371/143 568/372/143 565/369/143
f 568/372/145 569/373/145 565/369/145
f 569/373/143 570/374/143 565/369/143
f 570/374/143 563/367/143 565/369/143
s 1
f 571/375/146 572/376/147 573/377/148
f 574/378/149 575/379/150 560/364/140
f 574/378/149 560/364/140 576/380/151
f 561/365/141 577/381/152 578/382/153
f 580/383/154 581/384/155 582/385/156
f 583/386/157 584/387/158 585/388/159
s 0
f 586/389/33 587/390/33 588/391/33
f 589/392/33 590/393/33 588/391/33
f 590/393/33 591/394/33 588/391/33
f 591/394/33 592/395/33 588/391/33
f 592/395/33 593/396/33 588/391/33
f 593/396/33 586/389/33 588/391/33
f 594/397/160 595/398/160 596/399/160
f 597/400/161 594/397/161 596/399/161
f 598/401/162 597/400/162 596/399/162
f 599/402/162 598/401/162 596/399/162
f 600/403/163 599/402/163 596/399/163
f 601/404/164 600/403/164 596/399/164
f 602/405/164 601/404/164 596/399/164
f 603/406/164 602/405/164 596/399/164
f 604/407/165 603/406/165 596/399/165
f 605/408/165 604/407/165 596/399/165
f 606/409/166 605/408/166 596/399/166
f 607/410/167 606/409/167 596/399/167
f 608/411/168 607/410/168 596/399/168
s 1
f 595/398/169 609/412/169 596/399/170
s 0
f 610/413/33 611/414/33 612/415/33
f 611/414/33 613/416/33 612/415/33
f 613/416/171 614/417/171 612/415/171
f 615/418/172 616/419/172 612/415/172
f 616/419/33 617/420/33 612/415/33
f 617/420/33 618/421/33 612/415/33
f 618/421/33 619/422/33 612/415/33
f 619/422/33 620/423/33 612/415/33
f 620/423/33 621/424/33 612/415/33
f 621/424/172 622/425/172 612/415/172
f 622/425/173 623/426/173 612/415/173
f 623/426/33 624/427/33 612/415/33
f 624/427/33 625/428/33 612/415/33
f 625/428/171 610/413/171 612/415/171
f 626/389/34 627/391/34 628/390/34
f 629/392/34 627/391/34 630/393/34
f 630/393/34 627/391/34 631/394/34
f 631/394/34 627/391/34 632/395/34
f 632/395/34 627/391/34 633/396/34
f 633/396/34 627/391/34 626/389/34
f 634/397/174 635/399/174 636/398/174
f 637/400/175 635/399/175 634/397/175
f 638/401/176 635/399/176 637/400/176
f 639/402/176 635/399/176 638/401/176
f 640/403/177 635/399/177 639/402/177
f 641/404/173 635/399/173 640/403/173
f 642/405/173 635/399/173 641/404/173
f 643/406/173 635/399/173 642/405/173
f 644/407/178 635/399/178 643/406/178
f 645/408/178 635/399/178 644/407/178
f 646/409/179 635/399/179 645/408/179
f 647/410/180 635/399/180 646/409/180
f 648/411/181 635/399/181 647/410/181
s 1
f 636/398/182 635/399/183 649/412/182
s 0
f 650/413/34 651/415/34 652/414/34
f 652/414/34 651/415/34 653/416/34
f 653/416/184 651/415/184 654/417/184
f 655/418/185 651/415/185 656/419/185
f 656/419/34 651/415/34 657/420/34
f 657/420/34 651/415/34 658/421/34
f 658/421/34 651/415/34 659/422/34
f 659/422/34 651/415/34 660/423/34
f 660/423/34 651/415/34 661/424/34
f 661/424/185 651/415/185 662/425/185
f 662/425/164 651/415/164 663/426/164
f 663/426/34 651/415/34 664/427/34
f 664/427/34 651/415/34 665/428/34
f 665/428/184 651/415/184 650/413/184
f 666/429/32 667/430/32 668/431/32
f 666/429/32 668/431/32 669/432/32
f 670/430/186 671/433/186 672/434/186
f 670/430/186 672/434/186 673/431/186
f 674/435/187 675/436/187 676/437/187
f 674/435/187 676/437/187 677/438/187
f 678/436/31 679/439/31 680/440/31
f 678/436/31 680/440/31 681/437/31
f 682/439/188 683/441/188 684/442/188
f 682/439/188 684/442/188 685/440/188
f 686/441/189 687/429/189 688/432/189
f 686/441/189 688/432/189 689/442/189
f 690/443/34 691/444/34 692/445/34
f 693/446/31 694/447/31 695/448/31
f 693/446/31 695/448/31 696/449/31
s 1
f 697/450/33 698/451/33 699/452/190
f 697/450/33 699/452/190 700/453/190
f 701/454/191 702/455/192 703/456/193
f 701/454/191 703/456/193 704/457/194
s 0
f 705/458/34 706/459/34 707/460/34
f 705/458/34 707/460/34 708/461/34
f 709/462/34 710/463/34 711/464/34
f 712/465/14 16/16/14 18/18/14
f 712/465/14 18/18/14 713/466/14
s 1
f 695/448/31 714/467/195 715/468/195
f 695/448/31 715/468/195 696/449/31
s 0
f 716/469/13 717/470/13 20/20/13
f 716/469/13 20/20/13 19/19/13
f 718/471/32 719/472/32 720/473/32
f 718/471/32 720/473/32 721/474/32
f 27/27/14 722/475/14 28/28/14
s 1
f 723/476/195 724/477/195 694/447/31
f 723/476/195 694/447/31 693/446/31
s 0
f 725/478/196 726/479/196 727/480/196
f 725/478/196 727/480/196 728/481/196
f 729/482/197 730/483/197 731/484/197
f 729/482/197 731/484/197 732/485/197
f 733/486/34 691/444/34 690/443/34
f 13/13/13 734/487/13 735/488/13
f 13/13/13 735/488/13 736/489/13
f 737/490/14 738/491/14 28/28/14
f 737/490/14 28/28/14 722/475/14
f 709/462/34 711/464/34 739/492/34
s 1
f 740/486/198 715/468/195 714/467/195
f 740/486/198 714/467/195 741/444/198
f 723/476/195 742/462/198 743/492/198
f 723/476/195 743/492/198 724/477/195
s 0
f 744/493/32 745/494/32 746/495/32
f 744/493/32 746/495/32 747/496/32
f 736/489/13 14/14/13 13/13/13
f 746/495/32 718/471/32 721/474/32
f 746/495/32 721/474/32 747/496/32
f 748/497/13 749/498/13 750/499/13
f 748/497/13 750/499/13 751/500/13
f 752/501/14 753/502/14 754/503/14
f 752/501/14 754/503/14 755/504/14
s 1
f 756/505/199 757/506/200 758/507/201
f 756/505/199 758/507/201 759/508/202
f 760/509/203 761/510/204 762/511/205
f 760/509/203 762/511/205 763/512/206
s 0
f 764/513/13 765/514/13 749/498/13
f 764/513/13 749/498/13 748/497/13
f 755/504/14 766/515/14 767/516/14
f 755/504/14 767/516/14 752/501/14
f 768/517/13 769/518/13 770/519/13
f 768/517/13 770/519/13 764/513/13
s 1
f 771/520/207 772/521/208 757/506/200
f 771/520/207 757/506/200 756/505/199
s 0
f 773/522/14 774/523/14 775/524/14
f 773/522/14 775/524/14 767/516/14
s 1
f 776/525/209 777/526/210 761/510/204
f 776/525/209 761/510/204 760/509/203
s 0
f 768/517/13 778/527/13 779/528/13
f 768/517/13 779/528/13 769/518/13
f 780/529/211 781/530/211 782/521/211
f 780/529/211 782/521/211 783/520/211
f 784/531/14 785/532/14 775/524/14
f 784/531/14 775/524/14 774/523/14
f 786/533/212 787/534/212 788/526/212
f 786/533/212 788/526/212 789/525/212
f 790/535/13 791/536/13 779/528/13
f 790/535/13 779/528/13 778/527/13
s 1
f 792/537/213 793/538/214 794/530/215
s 0
f 784/531/14 795/539/14 796/540/14
f 784/531/14 796/540/14 785/532/14
f 799/541/13 800/542/13 791/536/13
f 799/541/13 791/536/13 790/535/13
s 1
f 801/543/216 793/538/214 792/537/213
s 0
f 795/539/14 802/544/14 803/545/14
f 795/539/14 803/545/14 796/540/14
s 1
f 804/546/217 805/547/218 798/548/219
f 804/546/217 798/548/219 797/549/220
s 0
f 764/513/13 770/519/13 765/514/13
f 773/522/14 767/516/14 766/515/14
f 806/550/221 807/551/221 754/503/221
f 806/550/14 754/503/14 753/502/14
s 1
f 808/552/222 759/508/202 758/507/201
s 0
f 750/499/13 809/553/13 810/554/13
f 750/499/13 810/554/13 751/500/13
f 811/555/223 812/556/223 813/512/223
f 811/555/223 813/512/223 814/511/223
f 815/557/13 816/558/13 817/559/13
f 815/557/13 817/559/13 818/560/13
f 819/561/14 820/562/14 821/563/14
f 819/561/14 821/563/14 822/564/14
s 1
f 823/565/224 824/566/225 825/567/226
f 823/565/224 825/567/226 826/568/227
f 827/569/228 828/570/229 829/571/230
f 827/569/228 829/571/230 830/572/231
s 0
f 831/573/13 832/574/13 816/558/13
f 831/573/13 816/558/13 815/557/13
f 822/564/14 833/575/14 834/576/14
f 822/564/14 834/576/14 819/561/14
f 835/577/13 836/578/13 837/579/13
f 835/577/13 837/579/13 838/580/13
s 1
f 839/581/232 840/582/233 824/566/225
f 839/581/232 824/566/225 823/565/224
s 0
f 841/583/221 842/584/221 843/585/221
f 841/583/14 843/585/14 844/586/14
s 1
f 845/587/234 846/588/235 828/570/229
f 845/587/234 828/570/229 827/569/228
s 0
f 835/577/13 847/589/13 848/590/13
f 835/577/13 848/590/13 836/578/13
s 1
f 849/591/211 850/592/211 840/582/233
f 849/591/211 840/582/233 839/581/232
s 0
f 851/593/14 852/594/14 842/584/14
f 851/593/14 842/584/14 841/583/14
f 853/595/13 854/596/13 848/590/13
f 853/595/13 848/590/13 847/589/13
s 1
f 855/597/236 856/598/237 857/592/238
s 0
f 851/593/14 858/599/14 859/600/14
f 851/593/14 859/600/14 852/594/14
f 862/601/13 863/602/13 854/596/13
f 862/601/13 854/596/13 853/595/13
s 1
f 864/603/239 856/598/237 855/597/236
s 0
f 858/599/14 865/604/14 866/605/14
f 858/599/14 866/605/14 859/600/14
s 1
f 867/606/217 868/607/218 861/608/240
f 867/606/217 861/608/240 860/609/241
s 0
f 831/573/13 838/580/13 837/579/13
f 831/573/13 837/579/13 832/574/13
f 844/586/14 843/585/14 834/576/14
f 844/586/14 834/576/14 833/575/14
f 869/610/34 870/611/34 871/612/34
f 872/613/31 873/614/31 874/615/31
f 872/613/31 874/615/31 875/616/31
s 1
f 876/617/33 877/618/33 878/619/242
f 876/617/33 878/619/242 879/620/243
f 880/621/244 881/622/245 882/623/246
f 880/621/244 882/623/246 883/624/247
f 884/625/248 885/626/34 886/627/34
f 884/625/248 886/627/34 887/628/248
s 0
f 888/629/34 889/630/34 890/631/34
f 891/632/14 32/32/14 34/34/14
f 891/632/14 34/34/14 892/633/14
s 1
f 874/615/31 893/634/249 894/635/249
f 874/615/31 894/635/249 875/616/31
s 0
f 895/636/13 896/637/13 36/36/13
f 895/636/13 36/36/13 35/35/13
f 897/638/32 898/630/32 899/629/32
f 897/638/32 899/629/32 900/639/32
f 43/43/14 901/640/14 902/641/14
f 43/43/14 902/641/14 44/44/14
s 1
f 903/642/249 904/643/249 873/614/31
f 903/642/249 873/614/31 872/613/31
f 905/644/250 906/645/251 907/646/251
f 905/644/250 907/646/251 908/647/250
f 909/648/252 910/649/253 911/650/253
f 909/648/252 911/650/253 912/651/252
s 0
f 913/652/34 870/611/34 869/610/34
f 29/29/13 914/653/13 915/654/13
f 29/29/13 915/654/13 916/655/13
f 902/641/14 917/656/14 44/44/14
f 888/629/34 890/631/34 918/657/34
s 1
f 919/652/254 894/635/249 893/634/249
f 919/652/254 893/634/249 920/611/254
f 903/642/249 921/657/254 922/631/254
f 903/642/249 922/631/254 904/643/249
s 0
f 923/610/32 924/612/32 925/658/32
f 923/610/32 925/658/32 926/659/32
f 916/655/13 30/30/13 29/29/13
f 925/658/32 897/638/32 900/639/32
f 925/658/32 900/639/32 926/659/32
f 927/660/32 928/661/32 929/662/32
f 927/660/32 929/662/32 930/663/32
f 931/664/186 932/665/186 933/666/186
f 931/664/186 933/666/186 934/667/186
f 935/665/187 936/668/187 937/669/187
f 935/665/187 937/669/187 938/666/187
f 939/668/31 940/670/31 941/671/31
f 939/668/31 941/671/31 942/669/31
f 943/670/188 944/672/188 945/673/188
f 943/670/188 945/673/188 946/671/188
f 947/672/189 948/660/189 949/663/189
f 947/672/189 949/663/189 950/673/189
f 951/431/32 952/430/32 953/429/32
f 951/431/32 953/429/32 954/432/32
f 955/434/189 956/433/189 957/430/189
f 955/434/189 957/430/189 958/431/189
f 959/437/188 960/436/188 961/435/188
f 959/437/188 961/435/188 962/438/188
f 963/440/31 964/439/31 965/436/31
f 963/440/31 965/436/31 966/437/31
f 967/442/187 968/441/187 969/439/187
f 967/442/187 969/439/187 970/440/187
f 971/432/186 972/429/186 973/441/186
f 971/432/186 973/441/186 974/442/186
f 975/445/33 976/444/33 977/443/33
f 978/448/31 979/447/31 980/446/31
f 978/448/31 980/446/31 981/449/31
s 1
f 982/452/255 983/451/34 984/450/34
f 982/452/255 984/450/34 985/453/255
f 986/456/256 987/455/257 988/454/258
f 986/456/256 988/454/258 989/457/259
s 0
f 990/460/33 991/459/33 992/458/33
f 990/460/33 992/458/33 993/461/33
f 73/18/14 72/16/14 996/465/14
f 73/18/14 996/465/14 997/466/14
s 1
f 978/448/31 981/449/31 998/468/260
f 978/448/31 998/468/260 999/467/260
s 0
f 77/20/13 1000/470/13 1001/469/13
f 77/20/13 1001/469/13 75/19/13
f 1002/471/32 1003/474/32 1004/473/32
f 1002/471/32 1004/473/32 1005/472/32
f 84/27/14 83/28/14 1006/475/14
s 1
f 979/447/31 1007/477/260 1008/476/260
f 979/447/31 1008/476/260 980/446/31
s 0
f 1009/480/261 1010/479/261 1011/478/261
f 1009/480/261 1011/478/261 1012/481/261
f 1013/484/262 1014/483/262 1015/482/262
f 1013/484/262 1015/482/262 1016/485/262
f 976/444/33 1017/486/33 977/443/33
f 69/13/13 1018/489/13 1019/488/13
f 69/13/13 1019/488/13 1020/487/13
f 83/28/14 1021/491/14 1022/490/14
f 83/28/14 1022/490/14 1006/475/14
f 1023/492/33 994/464/33 995/463/33
f 1023/492/33 995/463/33 1024/462/33
s 1
f 999/467/260 998/468/260 1025/486/263
f 999/467/260 1025/486/263 1026/444/263
f 1027/492/263 1028/462/263 1008/476/260
f 1027/492/263 1008/476/260 1007/477/260
s 0
f 1029/495/32 1030/494/32 1031/493/32
f 1029/495/32 1031/493/32 1032/496/32
f 71/14/13 1018/489/13 69/13/13
f 1003/474/32 1002/471/32 1029/495/32
f 1003/474/32 1029/495/32 1032/496/32
f 1033/499/13 1034/498/13 1035/497/13
f 1033/499/13 1035/497/13 1036/500/13
f 1037/501/14 1038/504/14 1039/503/14
f 1037/501/14 1039/503/14 1040/502/14
s 1
f 1041/507/264 1042/674/265 1043/675/266
f 1041/507/264 1043/675/266 1044/508/267
f 1045/511/268 1046/676/269 1047/509/270
f 1045/511/268 1047/509/270 1048/512/271
s 0
f 1034/498/13 1049/514/13 1050/513/13
f 1034/498/13 1050/513/13 1035/497/13
f 1038/504/14 1037/501/14 1051/516/14
f 1038/504/14 1051/516/14 1052/515/14
f 1053/519/13 1054/518/13 1055/517/13
f 1053/519/13 1055/517/13 1050/513/13
s 1
f 1042/674/265 1056/521/272 1057/520/273
f 1042/674/265 1057/520/273 1043/675/266
s 0
f 1058/522/14 1051/516/14 1059/524/14
f 1058/522/14 1059/524/14 1060/523/14
s 1
f 1046/676/269 1061/526/274 1062/525/275
f 1046/676/269 1062/525/275 1047/509/270
s 0
f 1055/517/13 1054/518/13 1063/528/13
f 1055/517/13 1063/528/13 1064/527/13
f 1065/521/276 1066/530/276 1067/529/276
f 1065/521/276 1067/529/276 1068/520/276
f 1059/524/14 1069/532/14 1070/531/14
f 1059/524/14 1070/531/14 1060/523/14
f 1071/526/277 1072/534/277 1073/533/277
f 1071/526/277 1073/533/277 1074/525/277
f 1063/528/13 1075/536/13 1076/535/13
f 1063/528/13 1076/535/13 1064/527/13
s 1
f 1077/530/278 1078/538/279 1079/537/280
s 0
f 1070/531/14 1069/532/14 1080/540/14
f 1070/531/14 1080/540/14 1081/539/14
f 1075/536/13 1084/542/13 1085/541/13
f 1075/536/13 1085/541/13 1076/535/13
s 1
f 1078/538/279 1086/543/281 1079/537/280
s 0
f 1081/539/14 1080/540/14 1087/545/14
f 1081/539/14 1087/545/14 1088/544/14
s 1
f 1082/548/282 1089/547/283 1090/546/284
f 1082/548/282 1090/546/284 1083/549/285
s 0
f 1050/513/13 1049/514/13 1053/519/13
f 1051/516/14 1058/522/14 1052/515/14
f 1039/503/14 1091/551/14 1092/550/14
f 1039/503/221 1092/550/221 1040/502/221
s 1
f 1044/508/267 1093/552/286 1041/507/264
s 0
f 1033/499/13 1036/500/13 1094/554/13
f 1033/499/13 1094/554/13 1095/553/13
f 1096/512/287 1097/556/287 1098/555/287
f 1096/512/287 1098/555/287 1099/511/287
f 1100/559/13 1101/558/13 1102/557/13
f 1100/559/13 1102/557/13 1103/560/13
f 1104/561/14 1105/564/14 1106/563/14
f 1104/561/14 1106/563/14 1107/562/14
s 1
f 1108/567/288 1109/566/289 1110/565/290
f 1108/567/288 1110/565/290 1111/568/291
f 1112/571/292 1113/570/293 1114/569/294
f 1112/571/292 1114/569/294 1115/572/295
s 0
f 1101/558/13 1116/574/13 1117/573/13
f 1101/558/13 1117/573/13 1102/557/13
f 1105/564/14 1104/561/14 1118/576/14
f 1105/564/14 1118/576/14 1119/575/14
f 1120/579/13 1121/578/13 1122/577/13
f 1120/579/296 1122/577/296 1123/580/296
s 1
f 1109/566/289 1124/582/297 1125/581/298
f 1109/566/289 1125/581/298 1110/565/290
s 0
f 1126/585/14 1127/584/14 1128/583/14
f 1126/585/14 1128/583/14 1129/586/14
s 1
f 1113/570/293 1130/588/299 1131/587/300
f 1113/570/293 1131/587/300 1114/569/294
s 0
f 1122/577/13 1121/578/13 1132/590/13
f 1122/577/13 1132/590/13 1133/589/13
s 1
f 1124/582/297 1134/592/276 1135/591/276
f 1124/582/297 1135/591/276 1125/581/298
s 0
f 1127/584/14 1136/594/14 1137/593/14
f 1127/584/14 1137/593/14 1128/583/14
f 1132/590/13 1138/596/13 1139/595/13
f 1132/590/13 1139/595/13 1133/589/13
s 1
f 1140/592/301 1141/598/302 1142/597/303
s 0
f 1137/593/14 1136/594/14 1143/600/14
f 1137/593/14 1143/600/14 1144/599/14
f 1138/596/13 1147/602/13 1148/601/13
f 1138/596/13 1148/601/13 1139/595/13
s 1
f 1141/598/302 1149/603/304 1142/597/303
s 0
f 1144/599/14 1143/600/14 1150/605/14
f 1144/599/14 1150/605/14 1151/604/14
s 1
f 1145/677/305 1152/607/283 1153/606/284
f 1145/677/305 1153/606/284 1146/609/306
s 0
f 1117/573/13 1116/574/13 1120/579/13
f 1117/573/13 1120/579/13 1123/580/13
f 1118/576/14 1126/585/14 1129/586/14
f 1118/576/14 1129/586/14 1119/575/14
f 1154/612/33 1155/611/33 1156/610/33
f 1157/615/31 1158/614/31 1159/613/31
f 1157/615/31 1159/613/31 1160/616/31
s 1
f 1161/619/307 1162/618/34 1163/617/34
f 1161/619/307 1163/617/34 1164/620/308
f 1165/623/309 1166/622/310 1167/621/311
f 1165/623/309 1167/621/311 1168/624/312
f 1169/627/33 1170/626/33 1171/625/313
f 1169/627/33 1171/625/313 1172/628/313
s 0
f 1173/630/33 1174/629/33 1175/657/33
f 1173/630/33 1175/657/33 1176/631/33
f 89/34/14 88/32/14 1177/632/14
f 89/34/14 1177/632/14 1178/633/14
s 1
f 1157/615/31 1160/616/31 1179/635/314
f 1157/615/31 1179/635/314 1180/634/314
s 0
f 93/36/13 1181/637/13 1182/636/13
f 93/36/13 1182/636/13 91/35/13
f 1183/638/32 1184/639/32 1185/629/32
f 1183/638/32 1185/629/32 1186/630/32
f 100/43/14 99/44/14 1187/641/14
f 100/43/14 1187/641/14 1188/640/14
s 1
f 1158/614/31 1189/643/314 1190/642/314
f 1158/614/31 1190/642/314 1159/613/31
f 1191/646/315 1192/645/315 1193/644/316
f 1191/646/315 1193/644/316 1194/647/316
f 1195/650/317 1196/649/317 1197/648/318
f 1195/650/317 1197/648/318 1198/651/318
s 0
f 1155/611/33 1199/652/33 1156/610/33
f 85/29/13 1200/655/13 1201/654/13
f 85/29/13 1201/654/13 1202/653/13
f 99/44/14 1203/656/14 1187/641/14
s 1
f 1180/634/314 1179/635/314 1204/652/319
f 1180/634/314 1204/652/319 1205/611/319
f 1206/631/319 1207/657/319 1190/642/314
f 1206/631/319 1190/642/314 1189/643/314
s 0
f 1208/658/32 1209/612/32 1210/610/32
f 1208/658/32 1210/610/32 1211/659/32
f 87/30/13 1200/655/13 85/29/13
f 1184/639/32 1183/638/32 1208/658/32
f 1184/639/32 1208/658/32 1211/659/32
f 1212/662/32 1213/661/32 1214/660/32
f 1212/662/32 1214/660/32 1215/663/32
f 1216/666/189 1217/665/189 1218/664/189
f 1216/666/189 1218/664/189 1219/667/189
f 1220/669/188 1221/668/188 1222/665/188
f 1220/669/188 1222/665/188 1223/666/188
f 1224/671/31 1225/670/31 1226/668/31
f 1224/671/31 1226/668/31 1227/669/31
f 1228/673/187 1229/672/187 1230/670/187
f 1228/673/187 1230/670/187 1231/671/187
f 1232/663/186 1233/660/186 1234/672/186
f 1232/663/186 1234/672/186 1235/673/186
s 1
f 1236/678/320 1237/679/321 1238/680/322
f 1236/678/320 1238/680/322 1239/681/320
f 1240/682/323 1241/683/324 1242/684/325
f 1240/682/323 1242/684/325 1243/685/326
f 1241/683/324 1244/686/327 1245/687/327
f 1241/683/324 1245/687/327 1242/684/325
s 0
f 1246/686/328 1247/688/328 1248/689/328
f 1246/686/328 1248/689/328 1249/687/328
s 1
f 1250/688/329 1251/690/330 1252/691/331
f 1250/688/329 1252/691/331 1253/689/332
f 1251/690/330 1254/692/333 1255/693/334
f 1251/690/330 1255/693/334 1252/691/331
s 0
f 1256/692/335 1257/678/335 1258/681/335
s 1
f 1256/692/335 1258/681/335 1259/693/335
f 1260/694/336 1261/695/337 1262/696/336
f 1260/694/336 1262/696/336 1263/697/337
f 1264/698/338 1265/699/339 1266/695/339
f 1264/698/338 1266/695/339 1267/694/339
f 1268/700/340 1269/701/340 1270/699/340
f 1268/700/340 1270/699/340 1271/698/340
f 1272/702/341 1273/703/342 1274/704/341
f 1272/702/341 1274/704/341 1275/705/341
f 1276/703/343 1277/697/343 1278/696/343
f 1276/703/343 1278/696/343 1279/704/343
f 1280/706/344 1281/707/345 1282/708/345
f 1280/706/344 1282/708/345 1283/709/346
f 1284/710/347 1285/711/348 1286/707/348
f 1284/710/347 1286/707/348 1287/706/349
f 1288/712/350 1289/713/351 1290/714/352
f 1288/712/350 1290/714/352 1291/715/353
f 1292/709/354 1293/708/355 1294/714/355
f 1292/709/354 1294/714/355 1295/713/356
f 1283/709/346 1296/716/357 1297/717/358
f 1283/709/346 1297/717/358 1280/706/344
f 1287/706/349 1298/717/359 1299/718/360
f 1287/706/349 1299/718/360 1284/710/347
f 1289/713/351 1288/712/350 1300/719/361
f 1289/713/351 1300/719/361 1301/720/362
f 1295/713/356 1302/720/363 1303/716/364
f 1295/713/356 1303/716/364 1292/709/354
f 1304/721/365 1305/722/366 1306/723/367
f 1304/721/365 1306/723/367 1307/724/368
f 1308/725/369 1309/724/370 1310/723/371
f 1308/725/369 1310/723/371 1311/726/372
f 1312/727/373 1313/728/374 1314/729/375
f 1312/727/373 1314/729/375 1315/730/376
f 1316/727/377 1317/730/378 1318/722/379
f 1316/727/377 1318/722/379 1319/721/380
f 1306/723/367 1305/722/366 1320/731/381
f 1306/723/367 1320/731/381 1321/732/382
f 1310/723/371 1322/732/383 1323/733/384
f 1310/723/371 1323/733/384 1311/726/372
f 1314/729/375 1324/734/385 1325/735/386
f 1314/729/375 1325/735/386 1315/730/376
f 1318/722/379 1317/730/378 1326/735/387
f 1318/722/379 1326/735/387 1327/731/388
f 1321/732/382 1320/731/381 1328/736/389
f 1321/732/382 1328/736/389 1329/737/390
f 1322/732/383 1330/737/391 1331/738/391
f 1322/732/383 1331/738/391 1323/733/384
f 1324/734/385 1332/739/392 1333/740/392
f 1324/734/385 1333/740/392 1325/735/386
f 1327/731/388 1326/735/387 1334/740/393
f 1327/731/388 1334/740/393 1335/736/393
f 1299/718/360 1298/717/359 1309/724/370
f 1299/718/360 1309/724/370 1308/725/369
f 1301/720/362 1300/719/361 1313/728/374
f 1301/720/362 1313/728/374 1312/727/373
f 1302/720/363 1316/727/377 1319/721/380
f 1302/720/363 1319/721/380 1303/716/364
f 1296/716/357 1304/721/365 1307/724/368
f 1296/716/357 1307/724/368 1297/717/358
s 0
f 1336/741/31 1337/742/31 1338/743/31
f 1336/741/31 1338/743/31 1339/744/31
f 1340/745/14 1341/746/14 1342/747/14
f 1340/745/14 1342/747/14 1343/748/14
f 1344/749/394 1345/750/394 1346/751/394
f 1344/749/394 1346/751/394 1347/752/394
f 1348/753/395 1349/754/395 1350/755/395
f 1348/753/395 1350/755/395 1351/756/395
f 1352/757/396 1353/758/396 1354/759/396
f 1352/757/396 1354/759/396 1355/760/396
s 1
f 1356/761/397 1357/762/398 1358/763/398
f 1356/761/397 1358/763/398 1359/764/397
f 1357/762/398 1360/765/399 1361/766/399
f 1357/762/398 1361/766/399 1358/763/398
f 1360/765/399 1362/767/400 1363/768/400
f 1360/765/399 1363/768/400 1361/766/399
f 1362/767/400 1364/769/401 1365/770/401
f 1362/767/400 1365/770/401 1363/768/400
f 1364/769/401 1366/771/27 1367/772/27
f 1364/769/401 1367/772/27 1365/770/401
f 1368/773/221 1369/774/402 1370/775/402
f 1368/773/221 1370/775/402 1371/776/221
f 1369/774/402 1372/777/403 1373/778/403
f 1369/774/402 1373/778/403 1370/775/402
f 1372/777/403 1374/779/404 1375/780/404
f 1372/777/403 1375/780/404 1373/778/403
f 1374/779/404 1376/781/405 1377/782/405
f 1374/779/404 1377/782/405 1375/780/404
f 1376/781/405 1378/783/406 1379/784/406
f 1376/781/405 1379/784/406 1377/782/405
f 1378/783/406 1380/785/34 1381/786/34
f 1378/783/406 1381/786/34 1379/784/406
f 1380/785/34 1382/787/407 1383/788/407
f 1380/785/34 1383/788/407 1381/786/34
f 1382/787/407 1384/789/408 1385/790/408
f 1382/787/407 1385/790/408 1383/788/407
f 1384/789/408 1386/791/409 1387/792/409
f 1384/789/408 1387/792/409 1385/790/408
f 1386/791/409 1388/793/410 1389/794/410
f 1386/791/409 1389/794/410 1387/792/409
f 1388/793/410 1390/795/411 1391/796/411
f 1388/793/410 1391/796/411 1389/794/410
f 1390/795/411 1392/797/13 1393/798/13
f 1390/795/411 1393/798/13 1391/796/411
f 1392/797/13 1394/799/412 1395/800/412
f 1392/797/13 1395/800/412 1393/798/13
f 1394/799/412 1396/801/413 1397/802/413
f 1394/799/412 1397/802/413 1395/800/412
f 1396/801/413 1398/803/414 1399/804/414
f 1396/801/413 1399/804/414 1397/802/413
f 1398/803/414 1400/805/415 1401/806/415
f 1398/803/414 1401/806/415 1399/804/414
f 1400/805/415 1402/807/416 1403/808/416
f 1400/805/415 1403/808/416 1401/806/415
f 1402/807/416 1404/809/33 1405/810/33
f 1402/807/416 1405/810/33 1403/808/416
f 1404/809/33 1356/761/397 1359/764/397
f 1404/809/33 1359/764/397 1405/810/33
f 1406/811/397 1407/812/398 1408/813/398
f 1406/811/397 1408/813/398 1409/814/397
f 1407/812/398 1410/815/399 1411/816/399
f 1407/812/398 1411/816/399 1408/813/398
f 1410/815/399 1412/817/400 1413/818/400
f 1410/815/399 1413/818/400 1411/816/399
f 1412/817/400 1414/819/401 1415/820/401
f 1412/817/400 1415/820/401 1413/818/400
f 1414/819/401 1416/821/27 1417/822/27
f 1414/819/401 1417/822/27 1415/820/401
f 1418/823/221 1419/824/402 1420/825/402
f 1418/823/221 1420/825/402 1421/826/221
f 1419/824/402 1422/827/403 1423/828/403
f 1419/824/402 1423/828/403 1420/825/402
f 1422/827/403 1424/829/404 1425/830/404
f 1422/827/403 1425/830/404 1423/828/403
f 1424/829/404 1426/831/405 1427/832/405
f 1424/829/404 1427/832/405 1425/830/404
f 1426/831/405 1428/833/406 1429/834/406
f 1426/831/405 1429/834/406 1427/832/405
f 1428/833/406 1430/835/34 1431/836/34
f 1428/833/406 1431/836/34 1429/834/406
f 1430/835/34 1432/837/407 1433/838/407
f 1430/835/34 1433/838/407 1431/836/34
f 1432/837/407 1434/839/408 1435/840/408
f 1432/837/407 1435/840/408 1433/838/407
f 1434/839/408 1436/841/409 1437/842/409
f 1434/839/408 1437/842/409 1435/840/408
f 1436/841/409 1438/843/410 1439/844/410
f 1436/841/409 1439/844/410 1437/842/409
f 1438/843/410 1440/845/411 1441/846/411
f 1438/843/410 1441/846/411 1439/844/410
f 1440/845/411 1442/847/13 1443/848/13
f 1440/845/411 1443/848/13 1441/846/411
f 1442/847/13 1444/849/412 1445/850/412
f 1442/847/13 1445/850/412 1443/848/13
f 1444/849/412 1446/851/413 1447/852/413
f 1444/849/412 1447/852/413 1445/850/412
f 1446/851/413 1448/853/414 1449/854/414
f 1446/851/413 1449/854/414 1447/852/413
f 1448/853/414 1450/855/415 1451/856/415
f 1448/853/414 1451/856/415 1449/854/414
f 1450/855/415 1452/857/416 1453/858/416
f 1450/855/415 1453/858/416 1451/856/415
f 1452/857/416 1454/859/33 1455/860/33
f 1452/857/416 1455/860/33 1453/858/416
f 1454/859/33 1406/811/397 1409/814/397
f 1454/859/33 1409/814/397 1455/860/33
s 0
f 127/71/31 155/99/31 157/101/31
f 127/71/31 157/101/31 128/72/31
f 131/75/31 127/71/31 129/73/31
f 131/75/31 129/73/31 132/76/31
f 135/79/31 131/75/31 133/77/31
f 135/79/31 133/77/31 136/80/31
f 139/83/31 135/79/31 137/81/31
f 139/83/31 137/81/31 140/84/31
f 143/87/31 139/83/31 141/85/31
f 143/87/31 141/85/31 144/88/31
f 147/91/31 143/87/31 145/89/31
f 147/91/31 145/89/31 148/92/31
f 151/95/31 147/91/31 149/93/31
f 151/95/31 149/93/31 152/96/31
f 155/99/31 151/95/31 153/97/31
f 155/99/31 153/97/31 156/100/31
f 187/131/32 159/103/32 158/102/32
f 187/131/32 158/102/32 189/133/32
f 159/103/32 163/107/32 162/106/32
f 159/103/32 162/106/32 161/105/32
f 163/107/32 167/111/32 166/110/32
f 163/107/32 166/110/32 165/109/32
f 167/111/32 171/115/32 170/114/32
f 167/111/32 170/114/32 169/113/32
f 171/115/32 175/119/32 174/118/32
f 171/115/32 174/118/32 173/117/32
f 175/119/32 179/123/32 178/122/32
f 175/119/32 178/122/32 177/121/32
f 179/123/32 183/127/32 182/126/32
f 179/123/32 182/126/32 181/125/32
f 183/127/32 187/131/32 186/130/32
f 183/127/32 186/130/32 185/129/32
s 1
f 1456/861/398 1457/862/398 1458/863/397
f 1456/861/398 1458/863/397 1459/864/397
f 1460/865/399 1461/866/399 1457/862/398
f 1460/865/399 1457/862/398 1456/861/398
f 1462/867/400 1463/868/400 1461/866/399
f 1462/867/400 1461/866/399 1460/865/399
f 1464/869/401 1465/870/401 1463/868/400
f 1464/869/401 1463/868/400 1462/867/400
f 1466/871/27 1467/872/27 1465/870/401
f 1466/871/27 1465/870/401 1464/869/401
f 1468/873/402 1469/874/402 1470/875/221
f 1468/873/402 1470/875/221 1471/876/221
f 1472/877/403 1473/878/403 1469/874/402
f 1472/877/403 1469/874/402 1468/873/402
f 1474/879/404 1475/880/404 1473/878/403
f 1474/879/404 1473/878/403 1472/877/403
f 1476/881/405 1477/882/405 1475/880/404
f 1476/881/405 1475/880/404 1474/879/404
f 1478/883/406 1479/884/406 1477/882/405
f 1478/883/406 1477/882/405 1476/881/405
f 1480/885/34 1481/886/34 1479/884/406
f 1480/885/34 1479/884/406 1478/883/406
f 1482/887/407 1483/888/407 1481/886/34
f 1482/887/407 1481/886/34 1480/885/34
f 1484/889/408 1485/890/408 1483/888/407
f 1484/889/408 1483/888/407 1482/887/407
f 1486/891/409 1487/892/409 1485/890/408
f 1486/891/409 1485/890/408 1484/889/408
f 1488/893/410 1489/894/410 1487/892/409
f 1488/893/410 1487/892/409 1486/891/409
f 1490/895/411 1491/896/411 1489/894/410
f 1490/895/411 1489/894/410 1488/893/410
f 1492/897/13 1493/898/13 1491/896/411
f 1492/897/13 1491/896/411 1490/895/411
f 1494/899/412 1495/900/412 1493/898/13
f 1494/899/412 1493/898/13 1492/897/13
f 1496/901/413 1497/902/413 1495/900/412
f 1496/901/413 1495/900/412 1494/899/412
f 1498/903/414 1499/904/414 1497/902/413
f 1498/903/414 1497/902/413 1496/901/413
f 1500/905/415 1501/906/415 1499/904/414
f 1500/905/415 1499/904/414 1498/903/414
f 1502/907/416 1503/908/416 1501/906/415
f 1502/907/416 1501/906/415 1500/905/415
f 1504/909/33 1505/910/33 1503/908/416
f 1504/909/33 1503/908/416 1502/907/416
f 1459/864/397 1458/863/397 1505/910/33
f 1459/864/397 1505/910/33 1504/909/33
s 0
f 221/101/32 220/99/32 192/71/32
f 221/101/32 192/71/32 191/72/32
f 193/73/32 192/71/32 196/75/32
f 193/73/32 196/75/32 195/76/32
f 197/77/32 196/75/32 200/79/32
f 197/77/32 200/79/32 199/80/32
f 201/81/32 200/79/32 204/83/32
f 201/81/32 204/83/32 203/84/32
f 205/85/32 204/83/32 208/87/32
f 205/85/32 208/87/32 207/88/32
f 209/89/32 208/87/32 212/91/32
f 209/89/32 212/91/32 211/92/32
f 213/93/32 212/91/32 216/95/32
f 213/93/32 216/95/32 215/96/32
f 217/97/32 216/95/32 220/99/32
f 217/97/32 220/99/32 219/100/32
f 222/102/31 224/103/31 252/131/31
f 222/102/31 252/131/31 253/133/31
f 226/106/31 228/107/31 224/103/31
f 226/106/31 224/103/31 225/105/31
f 230/110/31 232/111/31 228/107/31
f 230/110/31 228/107/31 229/109/31
f 234/114/31 236/115/31 232/111/31
f 234/114/31 232/111/31 233/113/31
f 238/118/31 240/119/31 236/115/31
f 238/118/31 236/115/31 237/117/31
f 242/122/31 244/123/31 240/119/31
f 242/122/31 240/119/31 241/121/31
f 246/126/31 248/127/31 244/123/31
f 246/126/31 244/123/31 245/125/31
f 250/130/31 252/131/31 248/127/31
f 250/130/31 248/127/31 249/129/31
f 1506/911/417 1507/912/417 1508/913/417
f 1506/911/417 1508/913/417 1509/914/417
f 1510/915/32 1511/916/32 1512/912/32
f 1510/915/32 1512/912/32 1513/911/32
f 1514/917/418 1515/918/418 1516/919/418
f 1514/917/418 1516/919/418 1517/920/418
f 1518/921/419 1519/922/419 1520/918/419
f 1518/921/419 1520/918/419 1521/917/419
f 1522/914/420 1523/913/420 1524/922/420
f 1522/914/420 1524/922/420 1525/921/420
s 1
f 1526/923/421 1527/924/422 1528/925/422
f 1526/923/421 1528/925/422 1529/926/421
s 0
f 1530/927/33 1531/928/33 1532/929/33
f 1530/927/33 1532/929/33 1533/930/33
f 1534/931/34 1535/932/34 1536/933/34
f 1534/931/34 1536/933/34 1537/934/34
f 1533/930/33 1532/929/33 1538/935/33
f 1533/930/33 1538/935/33 1539/936/33
s 1
f 1529/926/421 1540/937/423 1541/938/423
f 1529/926/421 1541/938/423 1526/923/421
s 0
f 1535/932/34 1542/939/34 1543/940/34
f 1535/932/34 1543/940/34 1536/933/34
f 1539/936/33 1538/935/33 1544/941/33
f 1539/936/33 1544/941/33 1545/942/33
s 1
f 1540/937/423 1546/943/424 1547/944/424
f 1540/937/423 1547/944/424 1541/938/423
s 0
f 1542/939/34 1548/945/34 1549/946/34
f 1542/939/34 1549/946/34 1543/940/34
f 1545/942/33 1544/941/33 1550/947/33
f 1545/942/33 1550/947/33 1551/948/33
f 1552/943/425 1553/949/425 1554/950/425
f 1552/943/425 1554/950/425 1555/944/425
f 1548/945/34 1556/951/34 1557/952/34
f 1548/945/34 1557/952/34 1549/946/34
s 1
f 1560/953/426 1561/954/427 1562/955/428
s 0
f 272/956/31 273/957/31 265/958/31
f 272/956/31 265/958/31 264/959/31
s 1
f 1563/960/429 1564/961/429 1565/962/430
f 1563/960/429 1565/962/430 1566/963/430
f 1567/964/431 1568/965/432 1569/966/433
f 1567/964/431 1569/966/433 1570/967/434
f 1571/968/435 1558/969/436 1559/970/437
f 1571/968/435 1559/970/437 1572/971/438
f 1573/972/439 1561/954/427 1560/953/426
f 1573/972/439 1560/953/426 1574/973/440
s 0
f 266/144/33 1575/974/33 1576/975/33
f 1560/953/441 1562/955/441 1577/976/441
f 274/150/34 276/152/34 1578/977/34
f 274/150/34 1578/977/34 1579/978/34
s 1
f 1580/979/442 1581/980/442 1582/981/14
f 1580/979/442 1582/981/14 1583/982/14
s 0
f 279/155/33 1584/983/33 1585/984/33
f 279/155/33 1585/984/33 277/153/33
f 1558/969/443 1586/985/443 1587/986/443
f 1558/969/444 1587/986/444 1559/970/444
f 269/147/34 1588/987/34 1589/988/34
s 1
f 1590/989/445 1591/990/445 1592/991/446
f 1590/989/445 1592/991/446 1593/992/446
f 1594/993/32 1595/994/447 1596/986/32
s 0
f 1594/993/32 1596/986/32 1597/985/32
s 1
f 1598/995/448 1595/994/447 1594/993/32
f 1598/995/448 1594/993/32 1599/996/32
s 0
f 1599/996/32 1600/976/32 1601/955/32
s 1
f 1599/996/32 1601/955/32 1598/995/448
f 1602/997/449 1603/998/449 1604/999/450
f 1602/997/449 1604/999/450 1605/1000/450
f 1606/1001/451 1607/1002/451 1603/998/449
f 1606/1001/451 1603/998/449 1602/997/449
f 1608/1003/452 1609/1004/452 1607/1002/451
f 1608/1003/452 1607/1002/451 1606/1001/451
f 1610/1005/453 1611/1006/453 1609/1004/452
f 1610/1005/453 1609/1004/452 1608/1003/452
f 1612/1007/454 1613/1008/454 1611/1006/453
f 1612/1007/454 1611/1006/453 1610/1005/453
f 1614/1009/34 1615/1010/34 1613/1008/454
f 1614/1009/34 1613/1008/454 1612/1007/454
f 1616/1011/455 1617/1012/455 1615/1010/34
f 1616/1011/455 1615/1010/34 1614/1009/34
f 1618/1013/456 1619/1014/456 1617/1012/455
f 1618/1013/456 1617/1012/455 1616/1011/455
f 1620/1015/457 1621/1016/457 1619/1014/456
f 1620/1015/457 1619/1014/456 1618/1013/456
f 1622/1017/458 1623/1018/458 1624/1019/459
f 1622/1017/458 1624/1019/459 1625/1020/459
f 1626/1021/460 1627/1022/460 1623/1018/458
f 1626/1021/460 1623/1018/458 1622/1017/458
f 1628/1023/461 1629/1024/461 1627/1022/460
f 1628/1023/461 1627/1022/460 1626/1021/460
f 1630/1025/33 1631/1026/33 1629/1024/461
f 1630/1025/33 1629/1024/461 1628/1023/461
f 1605/1000/450 1604/999/450 1631/1026/33
f 1605/1000/450 1631/1026/33 1630/1025/33
f 1632/1027/462 1633/1028/462 1634/1029/463
f 1632/1027/462 1634/1029/463 1635/1030/463
f 1636/1031/464 1637/1032/464 1633/1028/462
f 1636/1031/464 1633/1028/462 1632/1027/462
f 1638/1033/465 1639/1034/465 1637/1032/464
f 1638/1033/465 1637/1032/464 1636/1031/464
f 1640/1035/466 1641/1036/466 1639/1034/465
f 1640/1035/466 1639/1034/465 1638/1033/465
f 1642/1037/467 1643/1038/467 1641/1036/466
f 1642/1037/467 1641/1036/466 1640/1035/466
f 1644/1039/184 1645/1040/184 1643/1038/467
f 1644/1039/184 1643/1038/467 1642/1037/467
f 1646/1041/468 1647/1042/468 1648/1043/162
f 1646/1041/468 1648/1043/162 1649/1044/162
f 1650/1045/469 1651/1046/469 1647/1042/468
f 1650/1045/469 1647/1042/468 1646/1041/468
f 1652/1047/470 1653/1048/470 1651/1046/469
f 1652/1047/470 1651/1046/469 1650/1045/469
f 1654/1049/471 1655/1050/471 1653/1048/470
f 1654/1049/471 1653/1048/470 1652/1047/470
f 1656/1051/472 1657/1052/472 1655/1050/471
f 1656/1051/472 1655/1050/471 1654/1049/471
f 1658/1053/473 1659/1054/473 1657/1052/472
f 1658/1053/473 1657/1052/472 1656/1051/472
f 1660/1055/33 1661/1056/33 1659/1054/473
f 1660/1055/33 1659/1054/473 1658/1053/473
f 1635/1030/463 1634/1029/463 1661/1056/33
f 1635/1030/463 1661/1056/33 1660/1055/33
f 1662/1057/474 1663/1058/475 1664/1059/475
f 1662/1057/474 1664/1059/475 1665/1060/474
s 0
f 1666/1061/476 1667/1062/476 1668/1063/476
f 1666/1061/476 1668/1063/476 1669/1064/476
f 1670/1065/477 1671/1066/477 1672/1067/477
f 1670/1065/477 1672/1067/477 1673/1068/477
f 1674/1069/33 309/185/33 308/184/33
f 1674/1069/33 308/184/33 1675/1070/33
f 1676/1071/34 1677/1072/34 312/188/34
f 1676/1071/34 312/188/34 311/187/34
s 1
f 1663/1058/475 1678/1073/478 1679/1074/478
f 1663/1058/475 1679/1074/478 1664/1059/475
f 1680/1075/398 1681/1076/398 1682/1077/397
f 1680/1075/398 1682/1077/397 1683/1078/397
f 1684/1079/399 1685/1080/399 1681/1076/398
f 1684/1079/399 1681/1076/398 1680/1075/398
f 1686/1081/400 1687/1082/400 1685/1080/399
f 1686/1081/400 1685/1080/399 1684/1079/399
f 1688/1083/401 1689/1084/401 1687/1082/400
f 1688/1083/401 1687/1082/400 1686/1081/400
f 1690/1085/27 1691/1086/27 1689/1084/401
f 1690/1085/27 1689/1084/401 1688/1083/401
f 1692/1087/402 1693/1088/402 1694/1089/221
f 1692/1087/402 1694/1089/221 1695/1090/221
f 1696/1091/403 1697/1092/403 1693/1088/402
f 1696/1091/403 1693/1088/402 1692/1087/402
f 1698/1093/404 1699/1094/404 1697/1092/403
f 1698/1093/404 1697/1092/403 1696/1091/403
f 1700/1095/405 1701/1096/405 1699/1094/404
f 1700/1095/405 1699/1094/404 1698/1093/404
f 1702/1097/406 1703/1098/406 1701/1096/405
f 1702/1097/406 1701/1096/405 1700/1095/405
f 1704/1099/34 1705/1100/34 1703/1098/406
f 1704/1099/34 1703/1098/406 1702/1097/406
f 1706/1101/407 1707/1102/407 1705/1100/34
f 1706/1101/407 1705/1100/34 1704/1099/34
f 1708/1103/408 1709/1104/408 1707/1102/407
f 1708/1103/408 1707/1102/407 1706/1101/407
f 1710/1105/409 1711/1106/409 1709/1104/408
f 1710/1105/409 1709/1104/408 1708/1103/408
f 1712/1107/410 1713/1108/410 1711/1106/409
f 1712/1107/410 1711/1106/409 1710/1105/409
f 1714/1109/411 1715/1110/411 1713/1108/410
f 1714/1109/411 1713/1108/410 1712/1107/410
f 1716/1111/13 1717/1112/13 1715/1110/411
f 1716/1111/13 1715/1110/411 1714/1109/411
f 1718/1113/412 1719/1114/412 1717/1112/13
f 1718/1113/412 1717/1112/13 1716/1111/13
f 1720/1115/413 1721/1116/413 1719/1114/412
f 1720/1115/413 1719/1114/412 1718/1113/412
f 1722/1117/414 1723/1118/414 1721/1116/413
f 1722/1117/414 1721/1116/413 1720/1115/413
f 1724/1119/415 1725/1120/415 1723/1118/414
f 1724/1119/415 1723/1118/414 1722/1117/414
f 1726/1121/416 1727/1122/416 1725/1120/415
f 1726/1121/416 1725/1120/415 1724/1119/415
f 1728/1123/33 1729/1124/33 1727/1122/416
f 1728/1123/33 1727/1122/416 1726/1121/416
f 1683/1078/397 1682/1077/397 1729/1124/33
f 1683/1078/397 1729/1124/33 1728/1123/33
s 0
f 1730/1125/32 1731/1126/32 1732/1127/32
f 1730/1125/32 1732/1127/32 1733/1128/32
f 1734/1129/32 1735/1130/32 1731/1126/32
f 1734/1129/32 1731/1126/32 1730/1125/32
f 1736/1131/32 1737/1132/32 1735/1130/32
f 1736/1131/32 1735/1130/32 1734/1129/32
f 1738/1133/32 1739/1134/32 1737/1132/32
f 1738/1133/32 1737/1132/32 1736/1131/32
f 1740/1135/32 1741/1136/32 1739/1134/32
f 1740/1135/32 1739/1134/32 1738/1133/32
f 1742/1137/32 1743/1138/32 1741/1136/32
f 1742/1137/32 1741/1136/32 1740/1135/32
f 1744/1139/32 1745/1140/32 1743/1138/32
f 1744/1139/32 1743/1138/32 1742/1137/32
f 1746/1141/32 1747/1142/32 1745/1140/32
f 1746/1141/32 1745/1140/32 1744/1139/32
f 1748/1143/32 1749/1144/32 1747/1142/32
f 1748/1143/32 1747/1142/32 1746/1141/32
f 1750/1145/32 1751/1146/32 1749/1144/32
f 1750/1145/32 1749/1144/32 1748/1143/32
f 1752/1147/32 1753/1148/32 1751/1146/32
f 1752/1147/32 1751/1146/32 1750/1145/32
f 1754/1149/32 1755/1150/32 1753/1148/32
f 1754/1149/32 1753/1148/32 1752/1147/32
f 1756/1151/32 1757/1152/32 1755/1150/32
f 1756/1151/32 1755/1150/32 1754/1149/32
f 1758/1153/32 1759/1154/32 1757/1152/32
f 1758/1153/32 1757/1152/32 1756/1151/32
f 1760/1155/32 1761/1156/32 1759/1154/32
f 1760/1155/32 1759/1154/32 1758/1153/32
f 1762/1157/32 1763/1158/32 1761/1156/32
f 1762/1157/32 1761/1156/32 1760/1155/32
f 1764/1159/32 1765/1160/32 1763/1158/32
f 1764/1159/32 1763/1158/32 1762/1157/32
f 1766/1161/32 1767/1162/32 1765/1160/32
f 1766/1161/32 1765/1160/32 1764/1159/32
f 1768/1163/32 1769/1164/32 1767/1162/32
f 1768/1163/32 1767/1162/32 1766/1161/32
f 1770/1165/32 1771/1166/32 1769/1164/32
f 1770/1165/32 1769/1164/32 1768/1163/32
f 1772/1167/32 1773/1168/32 1771/1166/32
f 1772/1167/32 1771/1166/32 1770/1165/32
f 1774/1169/32 1775/1170/32 1773/1168/32
f 1774/1169/32 1773/1168/32 1772/1167/32
f 1776/1171/32 1777/1172/32 1775/1170/32
f 1776/1171/32 1775/1170/32 1774/1169/32
f 1733/1128/32 1732/1127/32 1777/1172/32
f 1733/1128/32 1777/1172/32 1776/1171/32
s 1
f 1778/1173/479 1779/1174/479 1780/1175/480
f 1778/1173/479 1780/1175/480 1781/1176/480
f 1782/1177/481 1783/1178/481 1779/1174/479
f 1782/1177/481 1779/1174/479 1778/1173/479
f 1784/1179/482 1785/1180/482 1783/1178/481
f 1784/1179/482 1783/1178/481 1782/1177/481
f 1786/1181/483 1787/1182/483 1785/1180/482
f 1786/1181/483 1785/1180/482 1784/1179/482
f 1788/1183/484 1789/1184/484 1787/1182/483
f 1788/1183/484 1787/1182/483 1786/1181/483
f 1790/1185/485 1791/1186/485 1792/1187/486
f 1790/1185/485 1792/1187/486 1793/1188/486
f 1794/1189/487 1795/1190/487 1791/1186/485
f 1794/1189/487 1791/1186/485 1790/1185/485
f 1796/1191/488 1797/1192/488 1795/1190/487
f 1796/1191/488 1795/1190/487 1794/1189/487
f 1798/1193/489 1799/1194/489 1797/1192/488
f 1798/1193/489 1797/1192/488 1796/1191/488
f 1800/1195/490 1801/1196/490 1799/1194/489
f 1800/1195/490 1799/1194/489 1798/1193/489
f 1802/1197/491 1803/1198/491 1801/1196/490
f 1802/1197/491 1801/1196/490 1800/1195/490
f 1804/1199/492 1805/1200/492 1803/1198/491
f 1804/1199/492 1803/1198/491 1802/1197/491
f 1806/1201/493 1807/1202/493 1805/1200/492
f 1806/1201/493 1805/1200/492 1804/1199/492
f 1808/1203/494 1809/1204/494 1807/1202/493
f 1808/1203/494 1807/1202/493 1806/1201/493
f 1810/1205/495 1811/1206/495 1809/1204/494
f 1810/1205/495 1809/1204/494 1808/1203/494
f 1812/1207/496 1813/1208/496 1811/1206/495
f 1812/1207/496 1811/1206/495 1810/1205/495
f 1814/1209/497 1815/1210/497 1813/1208/496
f 1814/1209/497 1813/1208/496 1812/1207/496
f 1816/1211/498 1817/1212/498 1815/1210/497
f 1816/1211/498 1815/1210/497 1814/1209/497
f 1818/1213/499 1819/1214/499 1817/1212/498
f 1818/1213/499 1817/1212/498 1816/1211/498
f 1820/1215/500 1821/1216/500 1819/1214/499
f 1820/1215/500 1819/1214/499 1818/1213/499
f 1822/1217/501 1823/1218/501 1821/1216/500
f 1822/1217/501 1821/1216/500 1820/1215/500
f 1824/1219/502 1825/1220/502 1823/1218/501
f 1824/1219/502 1823/1218/501 1822/1217/501
f 1826/1221/503 1827/1222/503 1825/1220/502
f 1826/1221/503 1825/1220/502 1824/1219/502
f 1781/1176/480 1780/1175/480 1827/1222/503
f 1781/1176/480 1827/1222/503 1826/1221/503
s 0
f 1828/1223/31 1829/1224/31 1830/1225/31
f 1828/1223/31 1830/1225/31 1831/1226/31
f 1832/1227/31 1833/1228/31 1829/1224/31
f 1832/1227/31 1829/1224/31 1828/1223/31
f 1834/1229/31 1835/1230/31 1833/1228/31
f 1834/1229/31 1833/1228/31 1832/1227/31
f 1836/1231/31 1837/1232/31 1835/1230/31
f 1836/1231/31 1835/1230/31 1834/1229/31
f 1838/1233/31 1839/1234/31 1837/1232/31
f 1838/1233/31 1837/1232/31 1836/1231/31
f 1840/1235/31 1841/1236/31 1839/1234/31
f 1840/1235/31 1839/1234/31 1838/1233/31
f 1842/1237/31 1843/1238/31 1841/1236/31
f 1842/1237/31 1841/1236/31 1840/1235/31
f 1844/1239/31 1845/1240/31 1843/1238/31
f 1844/1239/31 1843/1238/31 1842/1237/31
f 1846/1241/31 1847/1242/31 1845/1240/31
f 1846/1241/31 1845/1240/31 1844/1239/31
f 1848/1243/31 1849/1244/31 1847/1242/31
f 1848/1243/31 1847/1242/31 1846/1241/31
f 1850/1245/31 1851/1246/31 1849/1244/31
f 1850/1245/31 1849/1244/31 1848/1243/31
f 1852/1247/31 1853/1248/31 1851/1246/31
f 1852/1247/31 1851/1246/31 1850/1245/31
f 1854/1249/31 1855/1250/31 1853/1248/31
f 1854/1249/31 1853/1248/31 1852/1247/31
f 1856/1251/31 1857/1252/31 1855/1250/31
f 1856/1251/31 1855/1250/31 1854/1249/31
f 1858/1253/31 1859/1254/31 1857/1252/31
f 1858/1253/31 1857/1252/31 1856/1251/31
f 1860/1255/31 1861/1256/31 1859/1254/31
f 1860/1255/31 1859/1254/31 1858/1253/31
f 1862/1257/31 1863/1258/31 1861/1256/31
f 1862/1257/31 1861/1256/31 1860/1255/31
f 1864/1259/31 1865/1260/31 1863/1258/31
f 1864/1259/31 1863/1258/31 1862/1257/31
f 1866/1261/31 1867/1262/31 1865/1260/31
f 1866/1261/31 1865/1260/31 1864/1259/31
f 1868/1263/31 1869/1264/31 1867/1262/31
f 1868/1263/31 1867/1262/31 1866/1261/31
f 1870/1265/31 1871/1266/31 1869/1264/31
f 1870/1265/31 1869/1264/31 1868/1263/31
f 1872/1267/31 1873/1268/31 1871/1266/31
f 1872/1267/31 1871/1266/31 1870/1265/31
f 1874/1269/31 1875/1270/31 1873/1268/31
f 1874/1269/31 1873/1268/31 1872/1267/31
f 1831/1226/31 1830/1225/31 1875/1270/31
f 1831/1226/31 1875/1270/31 1874/1269/31
s 1
f 1876/1271/504 1877/1272/505 1878/1273/506
f 1876/1271/504 1878/1273/506 1879/1274/507
f 1880/1275/508 1881/1276/509 1877/1272/505
f 1880/1275/508 1877/1272/505 1876/1271/504
f 314/190/35 327/203/48 1881/1276/509
f 314/190/35 1881/1276/509 1880/1275/508
f 1880/1275/508 1882/1277/510 314/190/35
f 1876/1271/504 1883/1278/511 1882/1277/510
f 1876/1271/504 1882/1277/510 1880/1275/508
f 1879/1274/507 1884/1279/512 1883/1278/511
f 1879/1274/507 1883/1278/511 1876/1271/504
f 1882/1277/510 1885/1280/513 316/191/36
f 1882/1277/510 316/191/36 314/190/35
f 1883/1278/511 1886/1281/514 1885/1280/513
f 1883/1278/511 1885/1280/513 1882/1277/510
f 1884/1279/512 1887/1282/515 1886/1281/514
f 1884/1279/512 1886/1281/514 1883/1278/511
f 1885/1280/513 1888/1283/516 316/191/36
f 1886/1281/514 1889/1284/517 1888/1283/516
f 1886/1281/514 1888/1283/516 1885/1280/513
f 1887/1282/515 1890/1285/518 1889/1284/517
f 1887/1282/515 1889/1284/517 1886/1281/514
f 1888/1283/516 1891/1286/519 317/193/38
f 1888/1283/516 317/193/38 316/191/36
f 1889/1284/517 1892/1287/520 1891/1286/519
f 1889/1284/517 1891/1286/519 1888/1283/516
f 1890/1285/518 1893/1288/521 1892/1287/520
f 1890/1285/518 1892/1287/520 1889/1284/517
f 1891/1286/519 1894/1289/522 317/193/38
f 1892/1287/520 1895/1290/523 1894/1289/522
f 1892/1287/520 1894/1289/522 1891/1286/519
f 1893/1288/521 1896/1291/524 1895/1290/523
f 1893/1288/521 1895/1290/523 1892/1287/520
f 1894/1289/522 1897/1292/525 318/194/39
f 1894/1289/522 318/194/39 317/193/38
f 1895/1290/523 1898/1293/526 1897/1292/525
f 1895/1290/523 1897/1292/525 1894/1289/522
f 1896/1291/524 1899/1294/527 1898/1293/526
f 1896/1291/524 1898/1293/526 1895/1290/523
f 1897/1292/525 1900/1295/528 318/194/39
f 1898/1293/526 1901/1296/529 1900/1295/528
f 1898/1293/526 1900/1295/528 1897/1292/525
f 1899/1294/527 1902/1297/530 1901/1296/529
f 1899/1294/527 1901/1296/529 1898/1293/526
f 1900/1295/528 1903/1298/531 319/195/40
f 1900/1295/528 319/195/40 318/194/39
f 1901/1296/529 1904/1299/532 1903/1298/531
f 1901/1296/529 1903/1298/531 1900/1295/528
f 1902/1297/530 1905/1300/533 1904/1299/532
f 1902/1297/530 1904/1299/532 1901/1296/529
f 1903/1298/531 1906/1301/534 320/196/41
f 1903/1298/531 320/196/41 319/195/40
f 1904/1299/532 1907/1302/535 1906/1301/534
f 1904/1299/532 1906/1301/534 1903/1298/531
f 1905/1300/533 1908/1303/536 1907/1302/535
f 1905/1300/533 1907/1302/535 1904/1299/532
f 1906/1301/534 1909/1304/537 320/196/41
f 1907/1302/535 1910/1305/538 1909/1304/537
f 1907/1302/535 1909/1304/537 1906/1301/534
f 1908/1303/536 1911/1306/539 1910/1305/538
f 1908/1303/536 1910/1305/538 1907/1302/535
f 1909/1304/537 1912/1307/540 321/197/42
f 1909/1304/537 321/197/42 320/196/41
f 1910/1305/538 1913/1308/541 1912/1307/540
f 1910/1305/538 1912/1307/540 1909/1304/537
f 1911/1306/539 1914/1309/542 1913/1308/541
f 1911/1306/539 1913/1308/541 1910/1305/538
f 1912/1307/540 1915/1310/543 322/198/43
f 1912/1307/540 322/198/43 321/197/42
f 1913/1308/541 1916/1311/544 1915/1310/543
f 1913/1308/541 1915/1310/543 1912/1307/540
f 1914/1309/542 1917/1312/545 1916/1311/544
f 1914/1309/542 1916/1311/544 1913/1308/541
f 1915/1310/543 1918/1313/546 322/198/43
f 1916/1311/544 1919/1314/547 1918/1313/546
f 1916/1311/544 1918/1313/546 1915/1310/543
f 1917/1312/545 1920/1315/548 1919/1314/547
f 1917/1312/545 1919/1314/547 1916/1311/544
f 1918/1313/546 1921/1316/549 323/199/44
f 1918/1313/546 323/199/44 322/198/43
f 1919/1314/547 1922/1317/550 1921/1316/549
f 1919/1314/547 1921/1316/549 1918/1313/546
f 1920/1315/548 1923/1318/551 1922/1317/550
f 1920/1315/548 1922/1317/550 1919/1314/547
f 1921/1316/549 1924/1319/552 323/199/44
f 1922/1317/550 1925/1320/553 1924/1319/552
f 1922/1317/550 1924/1319/552 1921/1316/549
f 1923/1318/551 1926/1321/554 1925/1320/553
f 1923/1318/551 1925/1320/553 1922/1317/550
f 1924/1319/552 1927/1322/555 324/200/45
f 1924/1319/552 324/200/45 323/199/44
f 1925/1320/553 1928/1323/556 1927/1322/555
f 1925/1320/553 1927/1322/555 1924/1319/552
f 1926/1321/554 1929/1324/557 1928/1323/556
f 1926/1321/554 1928/1323/556 1925/1320/553
f 1927/1322/555 1930/1325/558 324/200/45
f 1928/1323/556 1931/1326/559 1930/1325/558
f 1928/1323/556 1930/1325/558 1927/1322/555
f 1929/1324/557 1932/1327/560 1931/1326/559
f 1929/1324/557 1931/1326/559 1928/1323/556
f 1930/1325/558 1933/1328/561 315/192/37
f 1930/1325/558 315/192/37 324/200/45
f 1931/1326/559 1934/1329/562 1933/1328/561
f 1931/1326/559 1933/1328/561 1930/1325/558
f 1932/1327/560 1935/1330/563 1934/1329/562
f 1932/1327/560 1934/1329/562 1931/1326/559
f 1933/1328/561 1936/1331/564 315/192/37
f 1934/1329/562 1937/1332/565 1936/1331/564
f 1934/1329/562 1936/1331/564 1933/1328/561
f 1935/1330/563 1938/1333/566 1937/1332/565
f 1935/1330/563 1937/1332/565 1934/1329/562
f 1936/1331/564 1939/1334/567 325/201/46
f 1936/1331/564 325/201/46 315/192/37
f 1937/1332/565 1940/1335/568 1939/1334/567
f 1937/1332/565 1939/1334/567 1936/1331/564
f 1938/1333/566 1941/1336/569 1940/1335/568
f 1938/1333/566 1940/1335/568 1937/1332/565
f 1939/1334/567 1942/1337/570 326/202/47
f 1939/1334/567 326/202/47 325/201/46
f 1940/1335/568 1943/1338/571 1942/1337/570
f 1940/1335/568 1942/1337/570 1939/1334/567
f 1941/1336/569 1944/1339/572 1943/1338/571
f 1941/1336/569 1943/1338/571 1940/1335/568
f 1942/1337/570 1945/1340/573 326/202/47
f 1943/1338/571 1946/1341/574 1945/1340/573
f 1943/1338/571 1945/1340/573 1942/1337/570
f 1944/1339/572 1947/1342/575 1946/1341/574
f 1944/1339/572 1946/1341/574 1943/1338/571
f 1945/1340/573 1881/1276/509 327/203/48
f 1945/1340/573 327/203/48 326/202/47
f 1946/1341/574 1877/1272/505 1881/1276/509
f 1946/1341/574 1881/1276/509 1945/1340/573
f 1947/1342/575 1878/1273/506 1877/1272/505
f 1947/1342/575 1877/1272/505 1946/1341/574
f 1948/1343/398 1949/1344/576 1950/1345/577
f 1948/1343/398 1950/1345/577 1951/1346/397
f 1952/1347/399 1953/1348/578 1949/1344/576
f 1952/1347/399 1949/1344/576 1948/1343/398
f 1954/1349/400 1955/1350/579 1953/1348/578
f 1954/1349/400 1953/1348/578 1952/1347/399
f 1956/1351/401 1957/1352/580 1955/1350/579
f 1956/1351/401 1955/1350/579 1954/1349/400
f 1958/1353/27 1959/1354/581 1957/1352/580
f 1958/1353/27 1957/1352/580 1956/1351/401
f 1960/1355/402 1961/1356/582 1962/1357/583
f 1960/1355/402 1962/1357/583 1963/1358/221
f 1964/1359/403 1965/1360/584 1961/1356/582
f 1964/1359/403 1961/1356/582 1960/1355/402
f 1966/1361/404 1967/1362/585 1965/1360/584
f 1966/1361/404 1965/1360/584 1964/1359/403
f 1968/1363/405 1969/1364/586 1967/1362/585
f 1968/1363/405 1967/1362/585 1966/1361/404
f 1970/1365/406 1971/1366/587 1969/1364/586
f 1970/1365/406 1969/1364/586 1968/1363/405
f 1972/1367/34 1973/1368/588 1971/1366/587
f 1972/1367/34 1971/1366/587 1970/1365/406
f 1974/1369/407 1975/1370/589 1973/1368/588
f 1974/1369/407 1973/1368/588 1972/1367/34
f 1976/1371/408 1977/1372/590 1975/1370/589
f 1976/1371/408 1975/1370/589 1974/1369/407
f 1978/1373/409 1979/1374/591 1977/1372/590
f 1978/1373/409 1977/1372/590 1976/1371/408
f 1980/1375/410 1981/1376/592 1979/1374/591
f 1980/1375/410 1979/1374/591 1978/1373/409
f 1982/1377/411 1983/1378/593 1981/1376/592
f 1982/1377/411 1981/1376/592 1980/1375/410
f 1984/1379/13 1985/1380/594 1983/1378/593
f 1984/1379/13 1983/1378/593 1982/1377/411
f 1986/1381/412 1987/1382/595 1985/1380/594
f 1986/1381/412 1985/1380/594 1984/1379/13
f 1988/1383/413 1989/1384/596 1987/1382/595
f 1988/1383/413 1987/1382/595 1986/1381/412
f 1990/1385/414 1991/1386/597 1989/1384/596
f 1990/1385/414 1989/1384/596 1988/1383/413
f 1992/1387/415 1993/1388/598 1991/1386/597
f 1992/1387/415 1991/1386/597 1990/1385/414
f 1994/1389/416 1995/1390/599 1993/1388/598
f 1994/1389/416 1993/1388/598 1992/1387/415
f 1996/1391/33 1997/1392/600 1995/1390/599
f 1996/1391/33 1995/1390/599 1994/1389/416
f 1951/1346/397 1950/1345/577 1997/1392/600
f 1951/1346/397 1997/1392/600 1996/1391/33
s 0
f 1998/1393/31 1999/1394/31 2000/1395/31
f 1998/1393/31 2000/1395/31 2001/1396/31
f 2002/1397/601 2003/1398/601 2004/1399/601
f 2002/1397/601 2004/1399/601 2005/1400/601
f 2006/1401/602 2007/1402/602 2008/1403/602
f 2006/1401/602 2008/1403/602 2009/1404/602
s 1
f 2010/1405/34 2011/1406/603 334/210/53
f 2010/1405/34 334/210/53 331/207/51
s 0
f 2012/1407/604 2013/1408/604 2014/1409/604
f 2012/1407/605 2014/1409/605 2015/1410/605
s 1
f 2016/1411/606 329/205/49 335/211/54
f 2016/1411/606 335/211/54 2017/1412/607
s 0
f 2018/1413/608 2019/1414/608 2020/1415/608
f 2018/1413/608 2020/1415/608 2021/1416/608
s 1
f 335/211/54 2022/1417/609 2017/1412/607
s 0
f 2023/1418/31 2024/1419/31 2025/1420/31
f 2023/1418/31 2025/1420/31 2026/1421/31
s 1
f 2027/1422/610 2028/1423/611 2029/1424/611
f 2027/1422/610 2029/1424/611 2030/1425/612
s 0
f 1999/1394/31 2031/1426/31 2032/1427/31
f 1999/1394/31 2032/1427/31 2000/1395/31
s 1
f 329/205/49 2033/1428/613 2034/1429/613
f 329/205/49 2034/1429/613 330/206/50
s 0
f 2035/1430/32 2036/1431/32 2037/1432/32
f 2035/1430/32 2037/1432/32 2038/1433/32
s 1
f 333/209/52 2039/1434/52 2040/1435/52
f 333/209/52 2040/1435/52 331/207/51
s 0
f 2031/1426/31 2041/1436/31 2042/1437/31
f 2031/1426/31 2042/1437/31 2032/1427/31
s 1
f 2033/1428/613 2043/1438/614 2044/1439/614
f 2033/1428/613 2044/1439/614 2034/1429/613
s 0
f 2036/1431/32 2045/1440/32 2046/1441/32
f 2036/1431/32 2046/1441/32 2037/1432/32
s 1
f 2039/1434/52 2047/1442/615 2048/1443/615
f 2039/1434/52 2048/1443/615 2040/1435/52
f 2022/1417/609 2049/1408/616 2050/1407/617
f 2022/1417/609 2050/1407/617 2017/1412/607
s 0
f 2025/1420/31 2024/1419/31 2051/1444/31
f 2025/1420/31 2051/1444/31 2052/1445/31
s 1
f 2028/1423/611 2053/1410/618 2054/1409/618
f 2028/1423/611 2054/1409/618 2029/1424/611
s 0
f 2041/1436/31 337/213/31 336/212/31
f 2041/1436/31 336/212/31 2042/1437/31
s 1
f 2043/1438/614 344/220/60 2055/1446/614
f 2043/1438/614 2055/1446/614 2044/1439/614
s 0
f 2045/1440/32 2056/1447/32 2057/1448/32
f 2045/1440/32 2057/1448/32 2046/1441/32
s 1
f 2047/1442/615 2058/1449/615 340/216/57
f 2047/1442/615 340/216/57 2048/1443/615
f 344/220/60 343/219/33 2059/1450/33
f 344/220/60 2059/1450/33 2055/1446/614
f 340/216/57 2058/1449/615 2060/1451/34
f 340/216/57 2060/1451/34 341/217/58
f 2061/1452/619 2062/1453/620 2063/1454/621
f 2061/1452/619 2063/1454/621 2064/1455/622
s 0
f 2065/1456/623 2066/1457/623 2067/1458/623
f 2065/1456/623 2067/1458/623 2068/1459/623
s 1
f 2069/1460/31 2070/1461/31 347/223/61
f 2069/1460/31 347/223/61 346/222/31
f 343/219/33 345/221/33 2071/1462/624
f 343/219/33 2071/1462/624 2072/1463/625
f 341/217/58 2073/1464/626 2074/1465/627
f 341/217/58 2074/1465/627 342/218/59
f 2075/1466/628 2062/1453/620 2076/1467/629
s 0
f 350/226/31 2077/1468/31 2078/1469/31
f 350/226/31 2078/1469/31 348/224/31
s 1
f 2062/1453/620 2061/1452/619 2076/1467/629
f 2073/1464/626 2064/1455/622 2063/1454/621
f 2073/1464/626 2063/1454/621 2074/1465/627
s 0
f 2079/1470/601 2080/1471/601 2081/1472/601
f 2079/1470/601 2081/1472/601 2082/1473/601
s 1
f 351/227/62 2083/1474/31 2084/1475/31
f 351/227/62 2084/1475/31 349/225/31
f 2085/1476/630 2086/1477/631 2087/1478/632
f 2085/1476/630 2087/1478/632 2088/1479/633
f 2089/1480/634 2090/1481/635 2091/1482/636
f 2089/1480/634 2091/1482/636 2092/1483/637
f 2085/1476/630 2088/1479/633 2090/1481/635
f 2085/1476/630 2090/1481/635 2089/1480/634
s 0
f 2093/1484/14 2094/1485/14 2095/1486/14
f 2093/1484/14 2095/1486/14 2096/1487/14
s 1
f 2097/1488/31 2098/1489/638 2099/1490/639
f 2097/1488/31 2099/1490/639 2100/1491/31
f 2101/1078/640 2102/1492/641 2103/1493/642
f 2101/1078/640 2103/1493/642 2104/1075/643
f 2104/1075/643 2103/1493/642 2105/1494/644
f 2104/1075/643 2105/1494/644 2106/1079/645
f 2106/1079/645 2105/1494/644 2107/1495/646
f 2106/1079/645 2107/1495/646 2108/1081/647
f 2108/1081/647 2107/1495/646 2109/1496/648
f 2108/1081/647 2109/1496/648 2110/1083/649
f 2110/1083/649 2109/1496/648 2111/1497/650
f 2110/1083/649 2111/1497/650 2112/1085/651
f 2113/1090/651 2114/1498/652 2115/1499/653
f 2113/1090/651 2115/1499/653 2116/1087/654
f 2116/1087/654 2115/1499/653 2117/1500/655
f 2116/1087/654 2117/1500/655 2118/1091/656
f 2118/1091/656 2117/1500/655 2119/1501/657
f 2118/1091/656 2119/1501/657 2120/1093/658
f 2120/1093/658 2119/1501/657 2121/1502/659
f 2120/1093/658 2121/1502/659 2122/1095/660
f 2122/1095/660 2121/1502/659 2123/1503/661
f 2122/1095/660 2123/1503/661 2124/1097/662
f 2124/1097/662 2123/1503/661 2125/1504/663
f 2124/1097/662 2125/1504/663 2126/1099/664
f 2126/1099/664 2125/1504/663 2127/1505/665
f 2126/1099/664 2127/1505/665 2128/1101/666
f 2128/1101/666 2127/1505/665 2129/1506/667
f 2128/1101/666 2129/1506/667 2130/1103/668
f 2130/1103/668 2129/1506/667 2131/1507/669
f 2130/1103/668 2131/1507/669 2132/1105/670
f 2132/1105/670 2131/1507/669 2133/1508/671
f 2132/1105/670 2133/1508/671 2134/1107/672
f 2134/1107/672 2133/1508/671 2135/1509/673
f 2134/1107/672 2135/1509/673 2136/1109/674
f 2136/1109/674 2135/1509/673 2137/1510/675
f 2136/1109/674 2137/1510/675 2138/1111/676
f 2138/1111/676 2137/1510/675 2139/1511/677
f 2138/1111/676 2139/1511/677 2140/1113/678
f 2140/1113/678 2139/1511/677 2141/1512/679
f 2140/1113/678 2141/1512/679 2142/1115/680
f 2142/1115/680 2141/1512/679 2143/1513/681
f 2142/1115/680 2143/1513/681 2144/1117/682
f 2144/1117/682 2143/1513/681 2145/1514/683
f 2144/1117/682 2145/1514/683 2146/1119/684
f 2146/1119/684 2145/1514/683 2147/1515/685
f 2146/1119/684 2147/1515/685 2148/1121/686
f 2148/1121/686 2147/1515/685 2149/1516/687
f 2148/1121/686 2149/1516/687 2150/1123/688
f 2150/1123/688 2149/1516/687 2102/1492/641
f 2150/1123/688 2102/1492/641 2101/1078/640
f 2151/1517/449 2152/1518/449 2153/1519/450
f 2151/1517/449 2153/1519/450 2154/1520/450
f 2155/1521/451 2156/1522/451 2152/1518/449
f 2155/1521/451 2152/1518/449 2151/1517/449
f 2157/1523/452 2158/1524/452 2156/1522/451
f 2157/1523/452 2156/1522/451 2155/1521/451
f 2159/1525/453 2160/1526/453 2158/1524/452
f 2159/1525/453 2158/1524/452 2157/1523/452
f 2161/1527/454 2162/1528/454 2160/1526/453
f 2161/1527/454 2160/1526/453 2159/1525/453
f 2163/1529/34 2164/1530/34 2162/1528/454
f 2163/1529/34 2162/1528/454 2161/1527/454
f 2165/1531/455 2166/1532/455 2164/1530/34
f 2165/1531/455 2164/1530/34 2163/1529/34
f 2167/1533/456 2168/1534/456 2166/1532/455
f 2167/1533/456 2166/1532/455 2165/1531/455
f 2169/1535/457 2170/1536/457 2168/1534/456
f 2169/1535/457 2168/1534/456 2167/1533/456
f 2171/1537/458 2172/1538/458 2173/1539/459
f 2171/1537/458 2173/1539/459 2174/1540/459
f 2175/1541/460 2176/1542/460 2172/1538/458
f 2175/1541/460 2172/1538/458 2171/1537/458
f 2177/1543/461 2178/1544/461 2176/1542/460
f 2177/1543/461 2176/1542/460 2175/1541/460
f 2179/1545/33 2180/1546/33 2178/1544/461
f 2179/1545/33 2178/1544/461 2177/1543/461
f 2154/1520/450 2153/1519/450 2180/1546/33
f 2154/1520/450 2180/1546/33 2179/1545/33
s 0
f 2181/1547/689 2182/1548/689 2183/1549/689
f 2181/1547/689 2183/1549/689 2184/1550/689
f 2185/1551/690 2186/1552/690 2187/1548/690
f 2185/1551/690 2187/1548/690 2188/1547/690
f 2189/1553/691 2190/1554/691 2191/1552/691
f 2189/1553/691 2191/1552/691 2192/1551/691
f 2193/1555/692 2194/1556/692 2195/1557/692
f 2193/1555/692 2195/1557/692 2196/1558/692
f 2197/1559/693 2198/1560/693 2199/1556/693
f 2197/1559/693 2199/1556/693 2200/1555/693
f 2201/1550/694 2202/1549/694 2203/1560/694
f 2201/1550/694 2203/1560/694 2204/1559/694
f 2205/1561/14 2206/1562/14 2207/1563/14
f 2205/1561/14 2207/1563/14 2208/1564/14
f 2209/1565/695 2210/1566/695 2211/1562/695
f 2209/1565/695 2211/1562/695 2212/1561/695
f 2213/1567/696 2214/1568/696 2215/1569/696
f 2213/1567/696 2215/1569/696 2216/1570/696
f 2217/1571/13 2218/1572/13 2219/1568/13
f 2217/1571/13 2219/1568/13 2220/1567/13
s 1
f 2221/1573/697 2222/1574/697 2223/1572/697
f 2221/1573/697 2223/1572/697 2224/1571/697
s 0
f 2225/1564/698 2226/1563/698 2227/1574/698
f 2225/1564/698 2227/1574/698 2228/1573/698
f 2229/1575/699 2230/1576/699 2231/1577/699
f 2229/1575/699 2231/1577/699 2232/1578/699
f 2233/1579/700 2234/1580/700 2235/1576/700
f 2233/1579/700 2235/1576/700 2236/1575/700
f 2237/1581/696 2238/1582/696 2239/1583/696
f 2237/1581/696 2239/1583/696 2240/1584/696
f 2241/1585/13 2242/1586/13 2243/1582/13
f 2241/1585/13 2243/1582/13 2244/1581/13
f 2245/1587/701 2246/1588/701 2247/1586/701
f 2245/1587/701 2247/1586/701 2248/1585/701
f 2249/1578/702 2250/1577/702 2251/1588/702
f 2249/1578/702 2251/1588/702 2252/1587/702
s 1
f 2253/1589/703 2254/1590/704 2255/1591/705
f 2253/1589/703 2255/1591/705 2256/1592/706
f 2257/1593/707 2258/1594/708 2259/1595/709
f 2257/1593/707 2259/1595/709 2260/1596/710
f 2261/1597/711 2262/1598/712 2258/1594/708
f 2261/1597/711 2258/1594/708 2257/1593/707
f 2263/1599/713 2264/1600/714 2262/1598/712
f 2263/1599/713 2262/1598/712 2261/1597/711
f 2265/1601/715 2266/1602/716 2264/1600/714
f 2265/1601/715 2264/1600/714 2263/1599/713
f 2265/1601/715 2267/1603/717 2268/1604/718
f 2265/1601/715 2268/1604/718 2266/1602/716
f 2267/1603/717 2269/1605/719 2270/1606/720
f 2267/1603/717 2270/1606/720 2268/1604/718
f 2269/1605/719 2253/1589/703 2256/1592/706
f 2269/1605/719 2256/1592/706 2270/1606/720
f 2271/1607/721 2272/1608/722 2273/1609/723
f 2271/1607/721 2273/1609/723 2274/1610/724
f 2275/1611/725 2276/1612/726 2277/1613/727
f 2275/1611/725 2277/1613/727 2278/1614/728
f 2279/1615/729 2280/1616/730 2276/1612/726
f 2279/1615/729 2276/1612/726 2275/1611/725
f 2281/1617/731 2282/1618/732 2280/1616/730
f 2281/1617/731 2280/1616/730 2279/1615/729
f 2283/1619/733 2284/1620/734 2282/1618/732
f 2283/1619/733 2282/1618/732 2281/1617/731
f 2285/1621/735 2286/1622/736 2284/1620/734
f 2285/1621/735 2284/1620/734 2283/1619/733
f 2285/1621/735 2287/1623/737 2288/1624/738
f 2285/1621/735 2288/1624/738 2286/1622/736
f 2287/1623/737 2274/1610/724 2273/1609/723
f 2287/1623/737 2273/1609/723 2288/1624/738
f 2276/1612/726 2289/1625/739 2277/1613/727
f 2280/1616/730 2289/1625/739 2276/1612/726
f 2286/1622/736 2290/1626/740 2284/1620/734
f 2288/1624/738 2290/1626/740 2286/1622/736
f 2291/1627/741 2292/1628/742 2254/1590/704
f 2291/1627/741 2254/1590/704 2253/1589/703
f 2269/1605/719 2291/1627/741 2253/1589/703
f 2293/1629/743 2269/1605/719 2267/1603/717
f 2294/1630/744 2293/1629/743 2267/1603/717
f 2294/1630/744 2267/1603/717 2265/1601/715
f 2294/1630/744 2265/1601/715 2263/1599/713
f 2294/1630/744 2263/1599/713 2295/1631/745
f 2295/1631/745 2263/1599/713 2261/1597/711
f 2261/1597/711 2257/1593/707 2296/1632/746
f 2296/1632/746 2257/1593/707 2260/1596/710
f 2296/1632/746 2260/1596/710 2297/1633/747
f 2258/1594/708 2275/1611/725 2278/1614/728
f 2258/1594/708 2278/1614/728 2259/1595/709
f 2256/1592/706 2255/1591/705 2271/1607/721
f 2256/1592/706 2271/1607/721 2274/1610/724
f 2270/1606/720 2256/1592/706 2274/1610/724
f 2270/1606/720 2274/1610/724 2287/1623/737
f 2268/1604/718 2270/1606/720 2287/1623/737
f 2268/1604/718 2287/1623/737 2285/1621/735
f 2266/1602/716 2268/1604/718 2285/1621/735
f 2266/1602/716 2285/1621/735 2283/1619/733
f 2266/1602/716 2283/1619/733 2281/1617/731
f 2266/1602/716 2281/1617/731 2264/1600/714
f 2264/1600/714 2281/1617/731 2279/1615/729
f 2264/1600/714 2279/1615/729 2262/1598/712
f 2262/1598/712 2279/1615/729 2275/1611/725
f 2262/1598/712 2275/1611/725 2258/1594/708
f 2272/1608/722 2298/1634/748 2299/1635/749
f 2272/1608/722 2299/1635/749 2273/1609/723
f 2289/1625/739 2300/1636/750 2277/1613/727
f 2280/1616/730 2301/1637/751 2289/1625/739
f 2282/1618/732 2302/1638/752 2301/1637/751
f 2282/1618/732 2301/1637/751 2280/1616/730
f 2284/1620/734 2303/1639/753 2302/1638/752
f 2284/1620/734 2302/1638/752 2282/1618/732
f 2290/1626/740 2303/1639/753 2284/1620/734
f 2288/1624/738 2304/1640/754 2290/1626/740
f 2273/1609/723 2299/1635/749 2304/1640/754
f 2273/1609/723 2304/1640/754 2288/1624/738
f 2305/1641/755 2306/1642/756 2307/1643/757
f 2305/1641/755 2307/1643/757 2308/1644/758
f 2309/1645/759 2310/1646/760 2311/1647/761
f 2309/1645/759 2311/1647/761 2312/1648/762
f 2310/1646/760 2313/1649/763 2314/1650/764
f 2310/1646/760 2314/1650/764 2311/1647/761
f 2315/1651/765 2316/1652/766 2314/1650/764
f 2315/1651/765 2314/1650/764 2313/1649/763
f 2317/1653/767 2318/1654/768 2316/1652/766
f 2317/1653/767 2316/1652/766 2315/1651/765
f 2319/1655/769 2320/1656/770 2318/1654/768
f 2319/1655/769 2318/1654/768 2317/1653/767
f 2321/1657/771 2322/1658/772 2320/1656/770
f 2321/1657/771 2320/1656/770 2319/1655/769
f 2321/1657/771 2305/1641/755 2308/1644/758
f 2321/1657/771 2308/1644/758 2322/1658/772
f 2307/1643/757 2323/1659/773 2324/1660/774
f 2307/1643/757 2324/1660/774 2308/1644/758
f 2311/1647/761 2325/1661/775 2326/1662/776
f 2311/1647/761 2326/1662/776 2312/1648/762
f 2314/1650/764 2327/1663/777 2325/1661/775
f 2314/1650/764 2325/1661/775 2311/1647/761
f 2314/1650/764 2316/1652/766 2328/1664/778
f 2314/1650/764 2328/1664/778 2327/1663/777
f 2316/1652/766 2318/1654/768 2329/1665/779
f 2316/1652/766 2329/1665/779 2328/1664/778
f 2318/1654/768 2320/1656/770 2330/1666/780
f 2318/1654/768 2330/1666/780 2329/1665/779
f 2320/1656/770 2322/1658/772 2331/1667/781
f 2320/1656/770 2331/1667/781 2330/1666/780
f 2308/1644/758 2324/1660/774 2331/1667/781
f 2308/1644/758 2331/1667/781 2322/1658/772
f 2323/1659/773 2332/1668/782 2333/1669/783
f 2323/1659/773 2333/1669/783 2324/1660/774
f 2325/1661/775 2334/1670/784 2335/1671/785
f 2325/1661/775 2335/1671/785 2326/1662/776
f 2327/1663/777 2336/1672/786 2334/1670/784
f 2327/1663/777 2334/1670/784 2325/1661/775
f 2328/1664/778 2337/1673/787 2336/1672/786
f 2328/1664/778 2336/1672/786 2327/1663/777
f 2328/1664/778 2329/1665/779 2338/1674/788
f 2328/1664/778 2338/1674/788 2337/1673/787
f 2329/1665/779 2330/1666/780 2339/1675/789
f 2329/1665/779 2339/1675/789 2338/1674/788
f 2331/1667/781 2340/1676/790 2339/1675/789
f 2331/1667/781 2339/1675/789 2330/1666/780
f 2324/1660/774 2333/1669/783 2340/1676/790
f 2324/1660/774 2340/1676/790 2331/1667/781
f 2302/1638/752 2315/1651/765 2313/1649/763
f 2302/1638/752 2313/1649/763 2301/1637/751
f 2289/1625/739 2301/1637/751 2313/1649/763
f 2289/1625/739 2313/1649/763 2310/1646/760
f 2300/1636/750 2289/1625/739 2310/1646/760
f 2300/1636/750 2310/1646/760 2309/1645/759
f 2299/1635/749 2298/1634/748 2306/1642/756
f 2299/1635/749 2306/1642/756 2305/1641/755
f 2304/1640/754 2299/1635/749 2305/1641/755
f 2304/1640/754 2305/1641/755 2321/1657/771
f 2304/1640/754 2321/1657/771 2319/1655/769
f 2304/1640/754 2319/1655/769 2290/1626/740
f 2290/1626/740 2319/1655/769 2317/1653/767
f 2290/1626/740 2317/1653/767 2303/1639/753
f 2303/1639/753 2317/1653/767 2315/1651/765
f 2303/1639/753 2315/1651/765 2302/1638/752
f 2332/1668/782 2341/1677/791 2342/1678/792
f 2332/1668/782 2342/1678/792 2333/1669/783
f 2334/1670/784 2343/1679/618 2344/1680/793
f 2334/1670/784 2344/1680/793 2335/1671/785
f 2336/1672/786 2345/1681/13 2343/1679/618
f 2336/1672/786 2343/1679/618 2334/1670/784
f 2337/1673/787 2346/1682/794 2345/1681/13
f 2337/1673/787 2345/1681/13 2336/1672/786
f 2338/1674/788 2347/1683/795 2346/1682/794
f 2338/1674/788 2346/1682/794 2337/1673/787
f 2339/1675/789 2348/1684/796 2347/1683/795
f 2339/1675/789 2347/1683/795 2338/1674/788
f 2340/1676/790 2349/1685/14 2348/1684/796
f 2340/1676/790 2348/1684/796 2339/1675/789
f 2333/1669/783 2342/1678/792 2349/1685/14
f 2333/1669/783 2349/1685/14 2340/1676/790
f 2261/1597/711 2350/1686/797 2351/1687/798
f 2261/1597/711 2351/1687/798 2295/1631/745
f 2296/1632/746 2352/1688/799 2350/1686/797
f 2296/1632/746 2350/1686/797 2261/1597/711
f 2297/1633/747 2353/1689/800 2352/1688/799
f 2297/1633/747 2352/1688/799 2296/1632/746
f 2291/1627/741 2354/1690/801 2355/1691/802
f 2291/1627/741 2355/1691/802 2292/1628/742
f 2269/1605/719 2356/1692/803 2354/1690/801
f 2269/1605/719 2354/1690/801 2291/1627/741
f 2293/1629/743 2357/1693/804 2356/1692/803
f 2293/1629/743 2356/1692/803 2269/1605/719
f 2294/1630/744 2358/1694/805 2357/1693/804
f 2294/1630/744 2357/1693/804 2293/1629/743
f 2295/1631/745 2351/1687/798 2358/1694/805
f 2295/1631/745 2358/1694/805 2294/1630/744
f 2367/1695/806 2368/1696/807 2366/1697/808
f 2360/1698/809 2368/1696/807 2367/1695/806
f 2360/1698/809 2359/1699/810 2369/1700/811
f 2360/1698/809 2369/1700/811 2370/1701/812
f 2362/1702/813 2361/1703/814 2371/1704/815
f 2362/1702/813 2371/1704/815 2372/1705/816
f 2361/1703/814 2363/1706/817 2373/1707/818
f 2361/1703/814 2373/1707/818 2371/1704/815
f 2364/1708/819 2374/1709/820 2373/1707/818
f 2364/1708/819 2373/1707/818 2363/1706/817
f 2365/1710/821 2375/1711/822 2374/1709/820
f 2365/1710/821 2374/1709/820 2364/1708/819
f 2366/1697/808 2376/1712/823 2375/1711/822
f 2366/1697/808 2375/1711/822 2365/1710/821
f 2368/1696/807 2377/1713/824 2376/1712/823
f 2368/1696/807 2376/1712/823 2366/1697/808
f 2368/1696/807 2360/1698/809 2370/1701/812
f 2368/1696/807 2370/1701/812 2377/1713/824
f 2378/1714/825 2379/1715/826 2380/1716/827
f 2378/1714/825 2380/1716/827 2381/1717/828
f 2382/1718/829 2383/1719/830 2384/1720/831
f 2382/1718/829 2384/1720/831 2385/1721/832
f 2386/1722/833 2387/1723/834 2384/1720/831
f 2386/1722/833 2384/1720/831 2383/1719/830
f 2388/1724/835 2389/1725/836 2387/1723/834
f 2388/1724/835 2387/1723/834 2386/1722/833
f 2375/1711/822 2390/1726/837 2389/1725/836
f 2375/1711/822 2389/1725/836 2388/1724/835
f 2376/1712/823 2391/1727/838 2390/1726/837
f 2376/1712/823 2390/1726/837 2375/1711/822
f 2392/1728/839 2393/1729/840 2391/1727/838
f 2392/1728/839 2391/1727/838 2376/1712/823
f 2378/1714/825 2381/1717/828 2393/1729/840
f 2378/1714/825 2393/1729/840 2392/1728/839
f 2374/1709/820 2388/1724/835 2386/1722/833
f 2374/1709/820 2386/1722/833 2373/1707/818
f 2371/1704/815 2373/1707/818 2386/1722/833
f 2371/1704/815 2386/1722/833 2383/1719/830
f 2372/1705/816 2371/1704/815 2383/1719/830
f 2372/1705/816 2383/1719/830 2382/1718/829
f 2370/1701/812 2369/1700/811 2379/1715/826
f 2370/1701/812 2379/1715/826 2378/1714/825
f 2377/1713/824 2370/1701/812 2378/1714/825
f 2377/1713/824 2378/1714/825 2392/1728/839
f 2377/1713/824 2392/1728/839 2376/1712/823
f 2375/1711/822 2388/1724/835 2374/1709/820
f 2381/1717/828 2380/1716/827 2394/1730/841
f 2381/1717/828 2394/1730/841 2395/1731/842
f 2385/1721/832 2384/1720/831 2396/1732/843
f 2385/1721/832 2396/1732/843 2397/1733/844
f 2387/1723/834 2398/1734/845 2396/1732/843
f 2387/1723/834 2396/1732/843 2384/1720/831
f 2389/1725/836 2399/1735/846 2398/1734/845
f 2389/1725/836 2398/1734/845 2387/1723/834
f 2390/1726/837 2400/1736/847 2399/1735/846
f 2390/1726/837 2399/1735/846 2389/1725/836
f 2391/1727/838 2401/1737/848 2400/1736/847
f 2391/1727/838 2400/1736/847 2390/1726/837
f 2393/1729/840 2402/1738/849 2401/1737/848
f 2393/1729/840 2401/1737/848 2391/1727/838
f 2381/1717/828 2395/1731/842 2402/1738/849
f 2381/1717/828 2402/1738/849 2393/1729/840
f 2395/1731/842 2394/1730/841 2403/1739/850
f 2395/1731/842 2403/1739/850 2404/1740/851
f 2397/1733/844 2396/1732/843 2405/1741/852
f 2397/1733/844 2405/1741/852 2406/1742/853
f 2396/1732/843 2398/1734/845 2407/1743/854
f 2396/1732/843 2407/1743/854 2405/1741/852
f 2398/1734/845 2399/1735/846 2408/1744/855
f 2398/1734/845 2408/1744/855 2407/1743/854
f 2400/1736/847 2409/1745/856 2408/1744/855
f 2400/1736/847 2408/1744/855 2399/1735/846
f 2401/1737/848 2410/1746/857 2409/1745/856
f 2401/1737/848 2409/1745/856 2400/1736/847
f 2402/1738/849 2411/1747/858 2410/1746/857
f 2402/1738/849 2410/1746/857 2401/1737/848
f 2395/1731/842 2404/1740/851 2411/1747/858
f 2395/1731/842 2411/1747/858 2402/1738/849
f 2408/1744/855 2412/1748/859 2413/1749/860
f 2408/1744/855 2413/1749/860 2407/1743/854
f 2405/1741/852 2407/1743/854 2413/1749/860
f 2405/1741/852 2413/1749/860 2414/1750/861
f 2406/1742/853 2405/1741/852 2414/1750/861
f 2406/1742/853 2414/1750/861 2415/1751/862
f 2404/1740/851 2403/1739/850 2416/1752/863
f 2404/1740/851 2416/1752/863 2417/1753/864
f 2404/1740/851 2417/1753/864 2418/1754/865
f 2404/1740/851 2418/1754/865 2411/1747/858
f 2411/1747/858 2418/1754/865 2419/1755/866
f 2411/1747/858 2419/1755/866 2410/1746/857
f 2410/1746/857 2419/1755/866 2420/1756/867
f 2410/1746/857 2420/1756/867 2409/1745/856
f 2409/1745/856 2420/1756/867 2412/1748/859
f 2409/1745/856 2412/1748/859 2408/1744/855
f 2414/1750/861 2413/1749/860 2421/1757/868
f 2414/1750/861 2421/1757/868 2422/1758/869
f 2415/1751/862 2414/1750/861 2422/1758/869
f 2415/1751/862 2422/1758/869 2423/1759/870
f 2417/1753/864 2416/1752/863 2424/1760/871
f 2417/1753/864 2424/1760/871 2425/1761/872
f 2417/1753/864 2425/1761/872 2426/1762/873
f 2417/1753/864 2426/1762/873 2418/1754/865
f 2418/1754/865 2426/1762/873 2427/1763/874
f 2418/1754/865 2427/1763/874 2419/1755/866
f 2419/1755/866 2427/1763/874 2428/1764/875
f 2419/1755/866 2428/1764/875 2420/1756/867
f 2420/1756/867 2428/1764/875 2429/1765/876
f 2420/1756/867 2429/1765/876 2412/1748/859
f 2413/1749/860 2412/1748/859 2429/1765/876
f 2413/1749/860 2429/1765/876 2421/1757/868
f 2430/1766/877 2431/1767/878 2432/1768/879
f 2430/1766/877 2432/1768/879 2433/1769/880
f 2433/1769/880 2432/1768/879 2434/1770/881
f 2433/1769/880 2434/1770/881 2435/1771/882
f 2435/1771/882 2434/1770/881 2436/1772/883
f 2435/1771/882 2436/1772/883 2437/1773/884
f 2437/1773/884 2436/1772/883 2438/1774/885
f 2437/1773/884 2438/1774/885 2439/1775/184
f 2440/1776/886 2441/1777/887 2442/1778/888
f 2440/1776/886 2442/1778/888 2443/1779/889
f 2443/1779/889 2442/1778/888 2444/1780/890
f 2443/1779/889 2444/1780/890 2445/1781/891
f 2445/1781/891 2444/1780/890 2446/1782/892
f 2445/1781/891 2446/1782/892 2447/1783/893
f 2447/1783/893 2446/1782/892 2431/1767/878
f 2447/1783/893 2431/1767/878 2430/1766/877
f 2431/1767/878 2365/1710/821 2364/1708/819
f 2431/1767/878 2364/1708/819 2432/1768/879
f 2432/1768/879 2364/1708/819 2363/1706/817
f 2432/1768/879 2363/1706/817 2434/1770/881
f 2434/1770/881 2363/1706/817 2361/1703/814
f 2434/1770/881 2361/1703/814 2436/1772/883
f 2436/1772/883 2361/1703/814 2362/1702/813
f 2436/1772/883 2362/1702/813 2448/1784/894
f 2449/1785/895 2359/1699/810 2360/1698/809
f 2449/1785/895 2360/1698/809 2442/1778/888
f 2442/1778/888 2360/1698/809 2367/1695/806
f 2367/1695/806 2366/1697/808 2446/1782/892
f 2446/1782/892 2366/1697/808 2365/1710/821
f 2446/1782/892 2365/1710/821 2431/1767/878
f 2436/1772/883 2448/1784/894 2438/1774/885
f 2441/1777/887 2449/1785/895 2442/1778/888
f 2442/1778/888 2367/1695/806 2444/1780/890
f 2444/1780/890 2367/1695/806 2446/1782/892
f 2450/1786/896 2451/1787/897 2452/1788/898
f 2450/1786/896 2452/1788/898 2453/1789/899
f 2454/1790/900 2455/1791/901 2456/1792/902
f 2454/1790/900 2456/1792/902 2457/1793/903
f 2455/1791/901 2458/1794/904 2350/1686/797
f 2455/1791/901 2350/1686/797 2456/1792/902
f 2458/1794/904 2459/1795/905 2460/1796/906
f 2458/1794/904 2460/1796/906 2350/1686/797
f 2459/1795/905 2461/1797/907 2462/1798/908
f 2459/1795/905 2462/1798/908 2460/1796/906
f 2462/1798/908 2461/1797/907 2463/1799/909
f 2462/1798/908 2463/1799/909 2464/1800/910
f 2464/1800/910 2463/1799/909 2465/1801/911
f 2464/1800/910 2465/1801/911 2356/1692/803
f 2356/1692/803 2465/1801/911 2451/1787/897
f 2356/1692/803 2451/1787/897 2450/1786/896
f 2466/1802/912 2467/1803/913 2468/1804/914
f 2466/1802/912 2468/1804/914 2469/1805/915
f 2470/1806/916 2471/1807/917 2472/1808/918
f 2470/1806/916 2472/1808/918 2473/1809/919
f 2471/1807/917 2474/1810/920 2475/1811/921
f 2471/1807/917 2475/1811/921 2472/1808/918
f 2474/1810/920 2476/1812/922 2477/1813/923
f 2474/1810/920 2477/1813/923 2475/1811/921
f 2476/1812/922 2478/1814/924 2479/1815/925
f 2476/1812/922 2479/1815/925 2477/1813/923
f 2478/1814/924 2480/1816/926 2481/1817/927
f 2478/1814/924 2481/1817/927 2479/1815/925
f 2481/1817/927 2480/1816/926 2482/1818/928
f 2481/1817/927 2482/1818/928 2483/1819/929
f 2483/1819/929 2482/1818/928 2466/1802/912
f 2483/1819/929 2466/1802/912 2469/1805/915
f 2470/1806/916 2484/1820/930 2471/1807/917
f 2484/1820/930 2474/1810/920 2471/1807/917
f 2478/1814/924 2485/1821/931 2480/1816/926
f 2485/1821/931 2482/1818/928 2480/1816/926
f 2354/1690/801 2450/1786/896 2453/1789/899
f 2354/1690/801 2453/1789/899 2355/1691/802
f 2356/1692/803 2450/1786/896 2354/1690/801
f 2357/1693/804 2464/1800/910 2356/1692/803
f 2358/1694/805 2462/1798/908 2464/1800/910
f 2358/1694/805 2464/1800/910 2357/1693/804
f 2460/1796/906 2462/1798/908 2358/1694/805
f 2460/1796/906 2358/1694/805 2351/1687/798
f 2350/1686/797 2460/1796/906 2351/1687/798
f 2456/1792/902 2350/1686/797 2352/1688/799
f 2457/1793/903 2456/1792/902 2352/1688/799
f 2457/1793/903 2352/1688/799 2353/1689/800
f 2473/1809/919 2472/1808/918 2455/1791/901
f 2473/1809/919 2455/1791/901 2454/1790/900
f 2451/1787/897 2469/1805/915 2468/1804/914
f 2451/1787/897 2468/1804/914 2452/1788/898
f 2465/1801/911 2483/1819/929 2469/1805/915
f 2465/1801/911 2469/1805/915 2451/1787/897
f 2463/1799/909 2481/1817/927 2483/1819/929
f 2463/1799/909 2483/1819/929 2465/1801/911
f 2461/1797/907 2479/1815/925 2481/1817/927
f 2461/1797/907 2481/1817/927 2463/1799/909
f 2477/1813/923 2479/1815/925 2461/1797/907
f 2477/1813/923 2461/1797/907 2459/1795/905
f 2475/1811/921 2477/1813/923 2459/1795/905
f 2475/1811/921 2459/1795/905 2458/1794/904
f 2472/1808/918 2475/1811/921 2458/1794/904
f 2472/1808/918 2458/1794/904 2455/1791/901
f 2486/1822/932 2487/1823/933 2467/1803/913
f 2486/1822/932 2467/1803/913 2466/1802/912
f 2488/1824/934 2484/1820/930 2470/1806/916
f 2484/1820/930 2489/1825/935 2474/1810/920
f 2489/1825/935 2490/1826/936 2476/1812/922
f 2489/1825/935 2476/1812/922 2474/1810/920
f 2490/1826/936 2491/1827/937 2478/1814/924
f 2490/1826/936 2478/1814/924 2476/1812/922
f 2491/1827/937 2485/1821/931 2478/1814/924
f 2485/1821/931 2492/1828/938 2482/1818/928
f 2492/1828/938 2486/1822/932 2466/1802/912
f 2492/1828/938 2466/1802/912 2482/1818/928
f 2493/1829/939 2494/1830/770 2495/1831/940
f 2493/1829/939 2495/1831/940 2496/1832/941
f 2497/1833/942 2498/1834/943 2499/1835/766
f 2497/1833/942 2499/1835/766 2500/1836/944
f 2500/1836/944 2499/1835/766 2501/1837/945
f 2500/1836/944 2501/1837/945 2502/1838/946
f 2501/1837/945 2503/1839/947 2504/1840/948
f 2501/1837/945 2504/1840/948 2502/1838/946
f 2503/1839/947 2505/1841/949 2506/1842/950
f 2503/1839/947 2506/1842/950 2504/1840/948
f 2505/1841/949 2507/1843/758 2508/1844/951
f 2505/1841/949 2508/1844/951 2506/1842/950
f 2507/1843/758 2509/1845/772 2510/1846/771
f 2507/1843/758 2510/1846/771 2508/1844/951
f 2510/1846/771 2509/1845/772 2494/1830/770
f 2510/1846/771 2494/1830/770 2493/1829/939
f 2511/1847/952 2512/1848/953 2495/1831/940
f 2511/1847/952 2495/1831/940 2494/1830/770
f 2513/1849/954 2514/1850/955 2499/1835/766
f 2513/1849/954 2499/1835/766 2498/1834/943
f 2514/1850/955 2515/1851/956 2501/1837/945
f 2514/1850/955 2501/1837/945 2499/1835/766
f 2501/1837/945 2515/1851/956 2516/1852/957
f 2501/1837/945 2516/1852/957 2503/1839/947
f 2503/1839/947 2516/1852/957 2517/1853/958
f 2503/1839/947 2517/1853/958 2505/1841/949
f 2505/1841/949 2517/1853/958 2518/1854/959
f 2505/1841/949 2518/1854/959 2507/1843/758
f 2507/1843/758 2518/1854/959 2519/1855/781
f 2507/1843/758 2519/1855/781 2509/1845/772
f 2519/1855/781 2511/1847/952 2494/1830/770
f 2519/1855/781 2494/1830/770 2509/1845/772
f 2520/1856/960 2521/1857/961 2512/1848/953
f 2520/1856/960 2512/1848/953 2511/1847/952
f 2522/1858/962 2523/1859/963 2514/1850/955
f 2522/1858/962 2514/1850/955 2513/1849/954
f 2523/1859/963 2524/1860/964 2515/1851/956
f 2523/1859/963 2515/1851/956 2514/1850/955
f 2524/1860/964 2525/1861/965 2516/1852/957
f 2524/1860/964 2516/1852/957 2515/1851/956
f 2516/1852/957 2525/1861/965 2526/1862/966
f 2516/1852/957 2526/1862/966 2517/1853/958
f 2517/1853/958 2526/1862/966 2527/1863/967
f 2517/1853/958 2527/1863/967 2518/1854/959
f 2527/1863/967 2528/1864/790 2519/1855/781
f 2527/1863/967 2519/1855/781 2518/1854/959
f 2528/1864/790 2520/1856/960 2511/1847/952
f 2528/1864/790 2511/1847/952 2519/1855/781
f 2502/1838/946 2504/1840/948 2490/1826/936
f 2502/1838/946 2490/1826/936 2489/1825/935
f 2484/1820/930 2500/1836/944 2502/1838/946
f 2484/1820/930 2502/1838/946 2489/1825/935
f 2488/1824/934 2497/1833/942 2500/1836/944
f 2488/1824/934 2500/1836/944 2484/1820/930
f 2486/1822/932 2493/1829/939 2496/1832/941
f 2486/1822/932 2496/1832/941 2487/1823/933
f 2492/1828/938 2510/1846/771 2493/1829/939
f 2492/1828/938 2493/1829/939 2486/1822/932
f 2508/1844/951 2510/1846/771 2492/1828/938
f 2508/1844/951 2492/1828/938 2485/1821/931
f 2506/1842/950 2508/1844/951 2485/1821/931
f 2506/1842/950 2485/1821/931 2491/1827/937
f 2504/1840/948 2506/1842/950 2491/1827/937
f 2504/1840/948 2491/1827/937 2490/1826/936
f 2529/1865/796 2530/1866/795 2521/1857/961
f 2529/1865/796 2521/1857/961 2520/1856/960
f 2531/1867/968 2532/1868/794 2523/1859/963
f 2531/1867/968 2523/1859/963 2522/1858/962
f 2532/1868/794 2533/1869/13 2524/1860/964
f 2532/1868/794 2524/1860/964 2523/1859/963
f 2533/1869/13 2534/1870/618 2525/1861/965
f 2533/1869/13 2525/1861/965 2524/1860/964
f 2534/1870/618 2535/1871/791 2526/1862/966
f 2534/1870/618 2526/1862/966 2525/1861/965
f 2535/1871/791 2536/1872/792 2527/1863/967
f 2535/1871/791 2527/1863/967 2526/1862/966
f 2536/1872/792 2537/1873/14 2528/1864/790
f 2536/1872/792 2528/1864/790 2527/1863/967
f 2537/1873/14 2529/1865/796 2520/1856/960
f 2537/1873/14 2520/1856/960 2528/1864/790
f 2540/1874/969 2541/1875/970 2542/1876/971
f 2541/1875/970 2543/1877/972 2544/1878/973
f 2543/1877/972 2545/1879/974 2544/1878/973
f 2546/1880/975 2547/1881/976 2548/1882/977
f 2547/1881/976 2549/1883/978 2550/1884/979
f 2547/1881/976 2550/1884/979 2548/1882/977
f 2549/1883/978 2538/1885/980 2550/1884/979
f 2538/1885/980 2551/1886/981 2552/1887/982
f 2538/1885/980 2552/1887/982 2539/1888/983
f 2540/1874/969 2553/1889/984 2554/1890/985
f 2540/1874/969 2554/1890/985 2541/1875/970
f 2541/1875/970 2554/1890/985 2555/1891/986
f 2541/1875/970 2555/1891/986 2543/1877/972
f 2555/1891/986 2556/1892/987 2545/1879/974
f 2555/1891/986 2545/1879/974 2543/1877/972
f 2556/1892/987 2557/1893/988 2546/1880/975
f 2556/1892/987 2546/1880/975 2545/1879/974
f 2557/1893/988 2558/1894/989 2547/1881/976
f 2557/1893/988 2547/1881/976 2546/1880/975
f 2558/1894/989 2559/1895/990 2549/1883/978
f 2558/1894/989 2549/1883/978 2547/1881/976
f 2549/1883/978 2559/1895/990 2551/1886/981
f 2549/1883/978 2551/1886/981 2538/1885/980
f 2560/1896/991 2561/1897/992 2562/1898/993
f 2560/1896/991 2562/1898/993 2563/1899/994
f 2564/1900/995 2565/1901/996 2566/1902/997
f 2564/1900/995 2566/1902/997 2567/1903/998
f 2566/1902/997 2568/1904/999 2569/1905/1000
f 2566/1902/997 2569/1905/1000 2567/1903/998
f 2568/1904/999 2570/1906/1001 2571/1907/1002
f 2568/1904/999 2571/1907/1002 2569/1905/1000
f 2570/1906/1001 2572/1908/1003 2557/1893/988
f 2570/1906/1001 2557/1893/988 2571/1907/1002
f 2572/1908/1003 2573/1909/1004 2558/1894/989
f 2572/1908/1003 2558/1894/989 2557/1893/988
f 2573/1909/1004 2574/1910/1005 2575/1911/1006
f 2573/1909/1004 2575/1911/1006 2558/1894/989
f 2574/1910/1005 2561/1897/992 2560/1896/991
f 2574/1910/1005 2560/1896/991 2575/1911/1006
f 2569/1905/1000 2571/1907/1002 2556/1892/987
f 2569/1905/1000 2556/1892/987 2555/1891/986
f 2554/1890/985 2567/1903/998 2569/1905/1000
f 2554/1890/985 2569/1905/1000 2555/1891/986
f 2553/1889/984 2564/1900/995 2567/1903/998
f 2553/1889/984 2567/1903/998 2554/1890/985
f 2551/1886/981 2560/1896/991 2563/1899/994
f 2551/1886/981 2563/1899/994 2552/1887/982
f 2559/1895/990 2575/1911/1006 2560/1896/991
f 2559/1895/990 2560/1896/991 2551/1886/981
f 2558/1894/989 2575/1911/1006 2559/1895/990
f 2571/1907/1002 2557/1893/988 2556/1892/987
f 2561/1897/992 2576/1912/1007 2577/1913/1008
f 2561/1897/992 2577/1913/1008 2562/1898/993
f 2565/1901/996 2578/1914/1009 2579/1915/1010
f 2565/1901/996 2579/1915/1010 2566/1902/997
f 2579/1915/1010 2580/1916/1011 2568/1904/999
f 2579/1915/1010 2568/1904/999 2566/1902/997
f 2580/1916/1011 2581/1917/1012 2570/1906/1001
f 2580/1916/1011 2570/1906/1001 2568/1904/999
f 2581/1917/1012 2582/1918/1013 2572/1908/1003
f 2581/1917/1012 2572/1908/1003 2570/1906/1001
f 2582/1918/1013 2583/1919/1014 2573/1909/1004
f 2582/1918/1013 2573/1909/1004 2572/1908/1003
f 2583/1919/1014 2584/1920/1015 2574/1910/1005
f 2583/1919/1014 2574/1910/1005 2573/1909/1004
f 2584/1920/1015 2576/1912/1007 2561/1897/992
f 2584/1920/1015 2561/1897/992 2574/1910/1005
f 2576/1912/1007 2585/1921/1016 2586/1922/1017
f 2576/1912/1007 2586/1922/1017 2577/1913/1008
f 2578/1914/1009 2587/1923/1018 2588/1924/1019
f 2578/1914/1009 2588/1924/1019 2579/1915/1010
f 2579/1915/1010 2588/1924/1019 2589/1925/1020
f 2579/1915/1010 2589/1925/1020 2580/1916/1011
f 2580/1916/1011 2589/1925/1020 2590/1926/1021
f 2580/1916/1011 2590/1926/1021 2581/1917/1012
f 2590/1926/1021 2591/1927/1022 2582/1918/1013
f 2590/1926/1021 2582/1918/1013 2581/1917/1012
f 2591/1927/1022 2592/1928/1023 2583/1919/1014
f 2591/1927/1022 2583/1919/1014 2582/1918/1013
f 2592/1928/1023 2593/1929/1024 2584/1920/1015
f 2592/1928/1023 2584/1920/1015 2583/1919/1014
f 2593/1929/1024 2585/1921/1016 2576/1912/1007
f 2593/1929/1024 2576/1912/1007 2584/1920/1015
f 2594/1930/1025 2595/1931/1026 2590/1926/1021
f 2594/1930/1025 2590/1926/1021 2589/1925/1020
f 2588/1924/1019 2596/1932/1027 2594/1930/1025
f 2588/1924/1019 2594/1930/1025 2589/1925/1020
f 2587/1923/1018 2597/1933/1028 2596/1932/1027
f 2587/1923/1018 2596/1932/1027 2588/1924/1019
f 2585/1921/1016 2598/1934/1029 2599/1935/1030
f 2585/1921/1016 2599/1935/1030 2586/1922/1017
f 2600/1936/1031 2598/1934/1029 2585/1921/1016
f 2600/1936/1031 2585/1921/1016 2593/1929/1024
f 2601/1937/1032 2600/1936/1031 2593/1929/1024
f 2601/1937/1032 2593/1929/1024 2592/1928/1023
f 2602/1938/1033 2601/1937/1032 2592/1928/1023
f 2602/1938/1033 2592/1928/1023 2591/1927/1022
f 2595/1931/1026 2602/1938/1033 2591/1927/1022
f 2595/1931/1026 2591/1927/1022 2590/1926/1021
f 2596/1932/1027 2603/1939/1034 2604/1940/1035
f 2596/1932/1027 2604/1940/1035 2594/1930/1025
f 2597/1933/1028 2605/1941/1036 2603/1939/1034
f 2597/1933/1028 2603/1939/1034 2596/1932/1027
f 2598/1934/1029 2606/1942/1037 2607/1943/1038
f 2598/1934/1029 2607/1943/1038 2599/1935/1030
f 2600/1936/1031 2606/1942/1037 2598/1934/1029
f 2608/1944/1039 2600/1936/1031 2601/1937/1032
f 2609/1945/1040 2608/1944/1039 2601/1937/1032
f 2609/1945/1040 2601/1937/1032 2602/1938/1033
f 2610/1946/1041 2609/1945/1040 2602/1938/1033
f 2610/1946/1041 2602/1938/1033 2595/1931/1026
f 2594/1930/1025 2604/1940/1035 2610/1946/1041
f 2594/1930/1025 2610/1946/1041 2595/1931/1026
f 2611/1947/1042 2612/1948/1043 2613/1949/1044
f 2611/1947/1042 2613/1949/1044 2614/1950/1045
f 2615/1951/1046 2611/1947/1042 2614/1950/1045
f 2615/1951/1046 2614/1950/1045 2616/1952/1047
f 2617/1953/1048 2615/1951/1046 2616/1952/1047
f 2617/1953/1048 2616/1952/1047 2618/1954/1049
f 2619/1955/1050 2617/1953/1048 2618/1954/1049
f 2619/1955/1050 2618/1954/1049 2620/1956/171
f 2621/1957/1051 2622/1958/1052 2623/1959/1053
f 2621/1957/1051 2623/1959/1053 2624/1960/1054
f 2625/1961/1055 2621/1957/1051 2624/1960/1054
f 2625/1961/1055 2624/1960/1054 2626/1962/14
f 2627/1963/1056 2625/1961/1055 2626/1962/14
f 2627/1963/1056 2626/1962/14 2628/1964/1057
f 2612/1948/1043 2627/1963/1056 2628/1964/1057
f 2612/1948/1043 2628/1964/1057 2613/1949/1044
f 2545/1879/974 2546/1880/975 2612/1948/1043
f 2545/1879/974 2612/1948/1043 2611/1947/1042
f 2544/1878/973 2545/1879/974 2611/1947/1042
f 2541/1875/970 2544/1878/973 2617/1953/1048
f 2542/1876/971 2541/1875/970 2617/1953/1048
f 2538/1885/980 2539/1888/983 2629/1965/1058
f 2538/1885/980 2629/1965/1058 2621/1957/1051
f 2550/1884/979 2538/1885/980 2621/1957/1051
f 2546/1880/975 2548/1882/977 2612/1948/1043
f 2544/1878/973 2611/1947/1042 2615/1951/1046
f 2617/1953/1048 2544/1878/973 2615/1951/1046
f 2542/1876/971 2617/1953/1048 2619/1955/1050
f 2621/1957/1051 2629/1965/1058 2622/1958/1052
f 2550/1884/979 2621/1957/1051 2625/1961/1055
f 2548/1882/977 2550/1884/979 2625/1961/1055
f 2548/1882/977 2625/1961/1055 2627/1963/1056
f 2612/1948/1043 2548/1882/977 2627/1963/1056
f 2610/1946/1041 2604/1940/1035 2421/1757/868
f 2610/1946/1041 2421/1757/868 2429/1765/876
f 2609/1945/1040 2610/1946/1041 2429/1765/876
f 2609/1945/1040 2429/1765/876 2428/1764/875
f 2608/1944/1039 2609/1945/1040 2428/1764/875
f 2608/1944/1039 2428/1764/875 2427/1763/874
f 2600/1936/1031 2608/1944/1039 2427/1763/874
f 2600/1936/1031 2427/1763/874 2426/1762/873
f 2606/1942/1037 2600/1936/1031 2426/1762/873
f 2606/1942/1037 2426/1762/873 2425/1761/872
f 2607/1943/1038 2606/1942/1037 2425/1761/872
f 2607/1943/1038 2425/1761/872 2424/1760/871
f 2603/1939/1034 2605/1941/1036 2423/1759/870
f 2603/1939/1034 2423/1759/870 2422/1758/869
f 2604/1940/1035 2603/1939/1034 2422/1758/869
f 2604/1940/1035 2422/1758/869 2421/1757/868
f 2630/680/1059 2631/679/1060 2632/678/1061
f 2630/680/1059 2632/678/1061 2633/681/1061
f 2634/684/1062 2635/683/1063 2636/682/1064
f 2634/684/1062 2636/682/1064 2637/685/1065
f 2638/687/1066 2639/686/1066 2635/683/1063
f 2638/687/1066 2635/683/1063 2634/684/1062
s 0
f 2640/689/1067 2641/688/1067 2642/686/1067
f 2640/689/1067 2642/686/1067 2643/687/1067
s 1
f 2644/691/1068 2645/690/1069 2646/688/1070
f 2644/691/1068 2646/688/1070 2647/689/1071
f 2648/693/1072 2649/692/1073 2645/690/1069
f 2648/693/1072 2645/690/1069 2644/691/1068
s 0
f 2650/681/1074 2651/678/1074 2652/692/1074
f 2650/681/1075 2652/692/1075 2653/693/1075
s 1
f 2654/1966/695 2655/1967/1076 2656/1968/1076
f 2654/1966/695 2656/1968/1076 2657/1969/695
f 2655/1967/1076 2658/1970/1077 2659/1971/1077
f 2655/1967/1076 2659/1971/1077 2656/1968/1076
f 2660/1972/1078 2661/1973/1079 2662/1974/1079
f 2660/1972/1078 2662/1974/1079 2663/1975/1080
f 2661/1973/1079 2664/1976/698 2665/1977/698
f 2661/1973/1079 2665/1977/698 2662/1974/1079
f 2664/1976/698 2666/1978/31 2667/1979/31
f 2664/1976/698 2667/1979/31 2665/1977/698
f 2666/1978/31 2668/1980/697 2669/1981/697
f 2666/1978/31 2669/1981/697 2667/1979/31
f 2668/1980/697 2670/1982/1081 2671/1983/1081
f 2668/1980/697 2671/1983/1081 2669/1981/697
f 2670/1982/1081 2672/1984/13 2673/1985/13
f 2670/1982/1081 2673/1985/13 2671/1983/1081
f 2672/1984/13 2674/1986/1082 2675/1987/1082
f 2672/1984/13 2675/1987/1082 2673/1985/13
f 2674/1986/1082 2676/1988/696 2677/1989/696
f 2674/1986/1082 2677/1989/696 2675/1987/1082
f 2676/1988/696 2678/1990/32 2679/1991/32
f 2676/1988/696 2679/1991/32 2677/1989/696
f 2678/1990/32 2654/1966/695 2657/1969/695
f 2678/1990/32 2657/1969/695 2679/1991/32
s 0
f 2680/1992/1083 2681/1993/1083 2682/1994/1083
f 2680/1992/1084 2682/1994/1084 2683/1995/1084
f 2684/1996/1085 2685/1997/1085 2686/1998/1085
f 2684/1996/1085 2686/1998/1085 2687/1999/1085
f 2688/1997/1086 2689/2000/1086 2690/2001/1086
f 2688/1997/1087 2690/2001/1087 2691/1998/1087
f 2692/2000/1088 2693/2002/1088 2694/2003/1088
f 2692/2000/1089 2694/2003/1089 2695/2001/1089
f 2696/2002/1090 2697/1992/1090 2698/1995/1090
f 2696/2002/1090 2698/1995/1090 2699/2003/1090
s 1
f 2700/2004/1091 2701/2005/1092 2702/2006/1093
f 2700/2004/1091 2702/2006/1093 2703/2007/1094
f 2701/2005/1092 2704/2008/1095 2705/2009/1095
f 2701/2005/1092 2705/2009/1095 2702/2006/1093
f 2704/2008/1095 2706/2010/1096 2707/2011/1096
f 2704/2008/1095 2707/2011/1096 2705/2009/1095
f 2706/2010/1096 2708/2012/1097 2709/2013/1098
f 2706/2010/1096 2709/2013/1098 2707/2011/1096
f 2710/2014/1099 2711/2015/1100 2712/2016/1101
f 2710/2014/1099 2712/2016/1101 2713/2017/1102
f 2714/2015/1103 2715/2018/1104 2716/2019/1104
f 2714/2015/1103 2716/2019/1104 2717/2016/1103
f 2715/2018/1104 2718/2020/1105 2719/2021/1105
f 2715/2018/1104 2719/2021/1105 2716/2019/1104
f 2718/2020/1105 2720/2022/1106 2721/2023/1107
f 2718/2020/1105 2721/2023/1107 2719/2021/1105
f 2720/2022/1106 2722/2024/1108 2723/2025/1109
f 2720/2022/1106 2723/2025/1109 2721/2023/1107
f 2724/2024/1110 2700/2004/1091 2703/2007/1094
f 2724/2024/1110 2703/2007/1094 2725/2025/1111
f 2726/2026/1112 2727/2027/1113 2728/2028/1113
f 2726/2026/1112 2728/2028/1113 2729/2029/1112
f 2730/2030/1114 2731/2031/1112 2732/2032/1112
f 2730/2030/1114 2732/2032/1112 2733/2033/1115
f 2703/2007/1094 2734/2034/1116 2735/2035/1116
f 2703/2007/1094 2735/2035/1116 2725/2025/1111
f 2736/2036/1117 2737/2037/1118 2738/2038/1119
f 2736/2036/1117 2738/2038/1119 2739/2039/1120
f 2740/2040/1121 2741/2041/1122 2742/2042/1123
f 2740/2040/1121 2742/2042/1123 2743/2043/1124
f 2744/2044/1125 2745/2045/1126 2746/2046/1127
f 2744/2044/1125 2746/2046/1127 2747/2047/1127
f 2748/2048/1128 2749/2049/1129 2713/2017/1102
f 2748/2048/1128 2713/2017/1102 2712/2016/1101
f 2750/2050/1130 2751/2051/1131 2752/2052/1127
f 2750/2050/1130 2752/2052/1127 2753/2053/1127
s 0
f 2754/2054/34 2755/2055/34 2756/2056/34
f 2754/2054/34 2756/2056/34 2757/2057/34
s 1
f 2758/2058/1132 2759/2059/1133 2760/2060/1134
f 2758/2058/1132 2760/2060/1134 2761/2061/1134
f 2730/2030/1114 2733/2033/1115 2759/2059/1133
f 2730/2030/1114 2759/2059/1133 2758/2058/1132
f 2755/2055/185 2762/2062/1135 2763/2063/1135
s 0
f 2755/2055/165 2763/2063/165 2756/2056/165
s 1
f 2764/2032/1136 2765/2031/1136 2751/2051/1131
f 2764/2032/1136 2751/2051/1131 2750/2050/1130
s 0
f 2766/2064/1137 2767/2065/1137 2749/2049/1137
f 2766/2064/1138 2749/2049/1139 2748/2048/1138
s 1
f 2728/2028/1113 2727/2027/1113 2737/2037/1118
f 2728/2028/1113 2737/2037/1118 2736/2036/1117
s 0
f 2734/2034/165 2768/2066/165 2769/2067/165
f 2734/2034/34 2769/2067/34 2735/2035/34
s 1
f 2770/2026/1140 2771/2029/1140 2745/2045/1126
f 2770/2026/1140 2745/2045/1126 2744/2044/1125
f 2772/2068/1141 2773/2069/1142 2741/2041/1122
f 2772/2068/1141 2741/2041/1122 2740/2040/1121
f 2774/2070/1143 2775/2071/1144 2776/2072/1145
f 2774/2070/1143 2776/2072/1145 2777/2073/1146
f 2778/2074/1147 2779/2075/1148 2780/2076/1149
f 2778/2074/1147 2780/2076/1149 2781/2077/1150
f 2779/2075/1148 2782/2078/1151 2783/2079/1152
f 2779/2075/1148 2783/2079/1152 2780/2076/1149
f 2782/2078/1151 2784/2080/1153 2785/2081/1154
f 2782/2078/1151 2785/2081/1154 2783/2079/1152
f 2784/2080/1153 2786/2082/1155 2787/2083/1156
f 2784/2080/1153 2787/2083/1156 2785/2081/1154
f 2786/2082/1155 2788/2084/1157 2789/2085/1158
f 2786/2082/1155 2789/2085/1158 2787/2083/1156
f 2788/2084/1157 2790/2086/1159 2791/2087/1160
f 2788/2084/1157 2791/2087/1160 2789/2085/1158
f 2790/2086/1159 2774/2070/1143 2777/2073/1146
f 2790/2086/1159 2777/2073/1146 2791/2087/1160
s 0
f 2792/1994/1083 2793/1993/1083 2794/1992/1083
f 2792/1994/1083 2794/1992/1083 2795/1995/1083
f 2796/1998/1085 2797/1997/1085 2798/1996/1085
f 2796/1998/1085 2798/1996/1085 2799/1999/1085
f 2800/2001/1086 2801/2000/1086 2802/1997/1086
f 2800/2001/1087 2802/1997/1087 2803/1998/1087
f 2804/2003/1088 2805/2002/1088 2806/2000/1088
f 2804/2003/1089 2806/2000/1089 2807/2001/1089
f 2808/1995/1090 2809/1992/1090 2810/2002/1090
f 2808/1995/1090 2810/2002/1090 2811/2003/1090
s 1
f 2812/2006/1161 2813/2005/1162 2814/2004/1163
f 2812/2006/1161 2814/2004/1163 2815/2007/1164
f 2816/2009/1165 2817/2008/1165 2813/2005/1162
f 2816/2009/1165 2813/2005/1162 2812/2006/1161
f 2818/2011/1166 2819/2010/1166 2817/2008/1165
f 2818/2011/1166 2817/2008/1165 2816/2009/1165
f 2820/2013/1167 2821/2012/1168 2819/2010/1166
f 2820/2013/1167 2819/2010/1166 2818/2011/1166
f 2822/2016/1169 2823/2015/1170 2824/2014/1171
f 2822/2016/1169 2824/2014/1171 2825/2017/1172
f 2826/2019/1173 2827/2018/1173 2828/2015/1174
f 2826/2019/1173 2828/2015/1174 2829/2016/1174
f 2830/2021/1175 2831/2020/1175 2827/2018/1173
f 2830/2021/1175 2827/2018/1173 2826/2019/1173
f 2832/2023/1176 2833/2022/1177 2831/2020/1175
f 2832/2023/1176 2831/2020/1175 2830/2021/1175
f 2834/2025/1178 2835/2024/1178 2833/2022/1177
f 2834/2025/1178 2833/2022/1177 2832/2023/1176
f 2815/2007/1164 2814/2004/1163 2836/2024/1179
f 2815/2007/1164 2836/2024/1179 2837/2025/1180
f 2838/2028/1113 2839/2027/1113 2840/2026/1112
f 2838/2028/1113 2840/2026/1112 2841/2029/1112
f 2842/2032/1112 2843/2031/1112 2844/2030/1114
f 2842/2032/1112 2844/2030/1114 2845/2033/1115
f 2815/2007/1164 2837/2025/1180 2846/2035/1181
f 2815/2007/1164 2846/2035/1181 2847/2034/1181
f 2848/2038/1182 2849/2037/1117 2850/2036/1117
f 2848/2038/1182 2850/2036/1117 2851/2039/1183
f 2852/2042/1184 2853/2041/1185 2854/2040/1186
f 2852/2042/1184 2854/2040/1186 2855/2043/1187
f 2856/2046/1127 2857/2045/1126 2858/2044/1125
f 2856/2046/1127 2858/2044/1125 2859/2047/1127
f 2825/2017/1172 2860/2049/1188 2861/2048/1189
f 2825/2017/1172 2861/2048/1189 2822/2016/1169
f 2862/2052/1127 2863/2051/1131 2864/2050/1130
f 2862/2052/1127 2864/2050/1130 2865/2053/1127
s 0
f 2866/2054/33 2867/2057/33 2868/2056/33
f 2866/2054/33 2868/2056/33 2869/2055/33
s 1
f 2870/2060/1190 2871/2059/1133 2872/2058/1132
f 2870/2060/1190 2872/2058/1132 2873/2061/1190
f 2871/2059/1133 2845/2033/1115 2844/2030/1114
f 2871/2059/1133 2844/2030/1114 2872/2058/1132
s 0
f 2869/2055/178 2868/2056/178 2874/2063/178
s 1
f 2869/2055/172 2874/2063/1191 2875/2062/1191
f 2863/2051/1131 2876/2031/1136 2877/2032/1136
f 2863/2051/1131 2877/2032/1136 2864/2050/1130
s 0
f 2860/2049/1192 2878/2065/1192 2879/2064/1192
f 2860/2049/1193 2879/2064/1192 2861/2048/1192
s 1
f 2849/2037/1117 2839/2027/1113 2838/2028/1113
f 2849/2037/1117 2838/2028/1113 2850/2036/1117
s 0
f 2847/2034/33 2846/2035/33 2880/2067/33
f 2847/2034/178 2880/2067/178 2881/2066/178
s 1
f 2857/2045/1126 2882/2029/1140 2883/2026/1140
f 2857/2045/1126 2883/2026/1140 2858/2044/1125
f 2853/2041/1185 2884/2069/1194 2885/2068/1195
f 2853/2041/1185 2885/2068/1195 2854/2040/1186
f 2886/2072/1196 2887/2071/1197 2888/2070/1198
f 2886/2072/1196 2888/2070/1198 2889/2073/1199
f 2890/2076/1200 2891/2075/1201 2892/2074/1202
f 2890/2076/1200 2892/2074/1202 2893/2077/1203
f 2894/2079/1204 2895/2078/1205 2891/2075/1201
f 2894/2079/1204 2891/2075/1201 2890/2076/1200
f 2896/2081/1206 2897/2080/1207 2895/2078/1205
f 2896/2081/1206 2895/2078/1205 2894/2079/1204
f 2898/2083/1208 2899/2082/1209 2897/2080/1207
f 2898/2083/1208 2897/2080/1207 2896/2081/1206
f 2900/2085/1210 2901/2084/1211 2899/2082/1209
f 2900/2085/1210 2899/2082/1209 2898/2083/1208
f 2902/2087/1212 2903/2086/1213 2901/2084/1211
f 2902/2087/1212 2901/2084/1211 2900/2085/1210
f 2889/2073/1199 2888/2070/1198 2903/2086/1213
f 2889/2073/1199 2903/2086/1213 2902/2087/1212
f 2904/1968/1076 2905/1967/1076 2906/1966/695
f 2904/1968/1076 2906/1966/695 2907/1969/695
f 2908/1971/1077 2909/1970/1077 2905/1967/1076
f 2908/1971/1077 2905/1967/1076 2904/1968/1076
f 2910/1974/1079 2911/1973/1079 2912/1972/1080
f 2910/1974/1079 2912/1972/1080 2913/1975/1078
f 2914/1977/698 2915/1976/698 2911/1973/1079
f 2914/1977/698 2911/1973/1079 2910/1974/1079
f 2916/1979/31 2917/1978/31 2915/1976/698
f 2916/1979/31 2915/1976/698 2914/1977/698
f 2918/1981/697 2919/1980/697 2917/1978/31
f 2918/1981/697 2917/1978/31 2916/1979/31
f 2920/1983/1081 2921/1982/1081 2919/1980/697
f 2920/1983/1081 2919/1980/697 2918/1981/697
f 2922/1985/13 2923/1984/13 2921/1982/1081
f 2922/1985/13 2921/1982/1081 2920/1983/1081
f 2924/1987/1082 2925/1986/1082 2923/1984/13
f 2924/1987/1082 2923/1984/13 2922/1985/13
f 2926/1989/696 2927/1988/696 2925/1986/1082
f 2926/1989/696 2925/1986/1082 2924/1987/1082
f 2928/1991/32 2929/1990/32 2927/1988/696
f 2928/1991/32 2927/1988/696 2926/1989/696
f 2907/1969/695 2906/1966/695 2929/1990/32
f 2907/1969/695 2929/1990/32 2928/1991/32
f 2930/355/1214 2931/2088/1215 2932/2089/1216
f 2930/355/1214 2932/2089/1216 2933/2090/1217
f 2933/2090/1217 2932/2089/1216 2934/2091/1218
f 2933/2090/1217 2934/2091/1218 2935/2092/1219
f 2935/2092/1219 2934/2091/1218 2936/2093/1220
f 2935/2092/1219 2936/2093/1220 2937/2094/1221
f 2937/2094/1221 2936/2093/1220 2938/2095/1222
f 2937/2094/1221 2938/2095/1222 2939/2096/1223
f 2939/2096/1223 2938/2095/1222 2940/2097/1224
f 2939/2096/1223 2940/2097/1224 2941/2098/1225
f 2941/2098/1225 2940/2097/1224 2942/2099/1226
f 2941/2098/1225 2942/2099/1226 2943/2100/1227
f 2943/2100/1227 2942/2099/1226 2944/2101/1228
f 2943/2100/1227 2944/2101/1228 2945/2102/1229
f 2945/2102/1229 2944/2101/1228 2946/2103/1230
f 2945/2102/1229 2946/2103/1230 2947/2104/1231
f 2947/2104/1231 2946/2103/1230 2948/2105/1232
f 2947/2104/1231 2948/2105/1232 2949/2106/1233
f 2949/2106/1233 2948/2105/1232 2950/2107/1234
f 2949/2106/1233 2950/2107/1234 2951/2108/1235
f 2951/2108/1235 2950/2107/1234 2952/2109/1236
f 2951/2108/1235 2952/2109/1236 2953/2110/1237
f 2953/2110/1237 2952/2109/1236 2954/2111/1238
f 2953/2110/1237 2954/2111/1238 2955/2112/1239
f 2931/2088/1215 2956/2113/1240 2932/2089/1216
f 2932/2089/1216 2957/2114/1241 2934/2091/1218
f 2934/2091/1218 2957/2114/1241 2958/2115/1242
f 2934/2091/1218 2958/2115/1242 2936/2093/1220
f 2936/2093/1220 2958/2115/1242 2959/2116/1243
f 2936/2093/1220 2959/2116/1243 2938/2095/1222
f 2938/2095/1222 2959/2116/1243 2960/2117/1244
f 2938/2095/1222 2960/2117/1244 2940/2097/1224
f 2940/2097/1224 2960/2117/1244 2961/2118/1245
f 2940/2097/1224 2961/2118/1245 2942/2099/1226
f 2942/2099/1226 2961/2118/1245 2944/2101/1228
f 2946/2103/1230 2962/2119/1246 2948/2105/1232
f 2948/2105/1232 2962/2119/1246 2963/2120/1247
f 2948/2105/1232 2963/2120/1247 2950/2107/1234
f 2950/2107/1234 2963/2120/1247 2964/2121/1248
f 2950/2107/1234 2964/2121/1248 2952/2109/1236
f 2952/2109/1236 2964/2121/1248 2965/2122/1249
f 2952/2109/1236 2965/2122/1249 2954/2111/1238
f 2956/2113/1240 2966/2123/1250 2967/2124/1251
f 2956/2113/1240 2967/2124/1251 2932/2089/1216
f 2932/2089/1216 2967/2124/1251 2968/2125/1252
f 2932/2089/1216 2968/2125/1252 2957/2114/1241
f 2957/2114/1241 2968/2125/1252 2969/2126/1253
f 2957/2114/1241 2969/2126/1253 2958/2115/1242
f 2958/2115/1242 2969/2126/1253 2970/2127/1254
f 2958/2115/1242 2970/2127/1254 2959/2116/1243
f 2959/2116/1243 2970/2127/1254 2971/2128/1255
f 2959/2116/1243 2971/2128/1255 2960/2117/1244
f 2960/2117/1244 2971/2128/1255 2972/2129/1256
f 2960/2117/1244 2972/2129/1256 2961/2118/1245
f 2961/2118/1245 2972/2129/1256 2973/2130/1257
f 2961/2118/1245 2973/2130/1257 2944/2101/1228
f 2944/2101/1228 2973/2130/1257 2974/2131/1258
f 2944/2101/1228 2974/2131/1258 2946/2103/1230
f 2946/2103/1230 2974/2131/1258 2975/2132/1259
f 2946/2103/1230 2975/2132/1259 2962/2119/1246
f 2962/2119/1246 2975/2132/1259 2963/2120/1247
f 2963/2120/1247 2976/2133/1260 2964/2121/1248
f 2964/2121/1248 2976/2133/1260 2977/2134/1261
f 2964/2121/1248 2977/2134/1261 2965/2122/1249
f 2966/2123/1250 2978/2135/1262 2979/2136/1263
f 2966/2123/1250 2979/2136/1263 2967/2124/1251
f 2967/2124/1251 2979/2136/1263 2980/2137/1264
f 2967/2124/1251 2980/2137/1264 2968/2125/1252
f 2968/2125/1252 2980/2137/1264 2981/2138/1265
f 2968/2125/1252 2981/2138/1265 2969/2126/1253
f 2969/2126/1253 2981/2138/1265 2982/2139/1266
f 2969/2126/1253 2982/2139/1266 2970/2127/1254
f 2970/2127/1254 2982/2139/1266 2983/2140/1267
f 2970/2127/1254 2983/2140/1267 2971/2128/1255
f 2971/2128/1255 2983/2140/1267 2984/2141/1268
f 2971/2128/1255 2984/2141/1268 2972/2129/1256
f 2972/2129/1256 2984/2141/1268 2985/2142/1269
f 2972/2129/1256 2985/2142/1269 2973/2130/1257
f 2973/2130/1257 2985/2142/1269 2974/2131/1258
f 2976/2133/1260 2986/2143/1270 2977/2134/1261
f 2978/2135/1262 2987/2144/1271 2979/2136/1263
f 2979/2136/1263 2988/2145/1272 2980/2137/1264
f 2980/2137/1264 2988/2145/1272 2989/2146/1273
f 2980/2137/1264 2989/2146/1273 2981/2138/1265
f 2981/2138/1265 2989/2146/1273 2990/2147/1274
f 2981/2138/1265 2990/2147/1274 2982/2139/1266
f 2982/2139/1266 2990/2147/1274 2991/2148/1275
f 2982/2139/1266 2991/2148/1275 2983/2140/1267
f 2983/2140/1267 2991/2148/1275 2992/2149/1276
f 2983/2140/1267 2992/2149/1276 2984/2141/1268
f 2984/2141/1268 2992/2149/1276 2985/2142/1269
f 2985/2142/1269 2993/2150/1277 2974/2131/1258
f 2974/2131/1258 2993/2150/1277 2994/2151/1278
f 2974/2131/1258 2994/2151/1278 2975/2132/1259
f 2975/2132/1259 2994/2151/1278 2995/2152/1279
f 2975/2132/1259 2995/2152/1279 2963/2120/1247
f 2963/2120/1247 2995/2152/1279 2996/2153/1280
f 2963/2120/1247 2996/2153/1280 2976/2133/1260
f 2976/2133/1260 2996/2153/1280 2997/2154/1281
f 2976/2133/1260 2997/2154/1281 2986/2143/1270
f 2987/2144/1271 2998/2155/1282 2999/2156/1283
f 2987/2144/1271 2999/2156/1283 2979/2136/1263
f 2979/2136/1263 2999/2156/1283 3000/2157/1284
f 2979/2136/1263 3000/2157/1284 2988/2145/1272
f 2988/2145/1272 3000/2157/1284 3001/2158/1285
f 2988/2145/1272 3001/2158/1285 2989/2146/1273
f 2989/2146/1273 3001/2158/1285 3002/2159/1286
f 2989/2146/1273 3002/2159/1286 2990/2147/1274
f 2990/2147/1274 3002/2159/1286 3003/2160/1287
f 2990/2147/1274 3003/2160/1287 2991/2148/1275
f 2991/2148/1275 3003/2160/1287 2992/2149/1276
f 2992/2149/1276 3004/2161/1288 2985/2142/1269
f 2985/2142/1269 3004/2161/1288 3005/2162/1289
f 2985/2142/1269 3005/2162/1289 2993/2150/1277
f 2993/2150/1277 3005/2162/1289 3006/2163/1290
f 2993/2150/1277 3006/2163/1290 2994/2151/1278
f 2994/2151/1278 3006/2163/1290 3007/2164/1291
f 2994/2151/1278 3007/2164/1291 2995/2152/1279
f 2995/2152/1279 3007/2164/1291 3008/2165/1292
f 2995/2152/1279 3008/2165/1292 2996/2153/1280
f 2996/2153/1280 3008/2165/1292 3009/2166/1293
f 2996/2153/1280 3009/2166/1293 2997/2154/1281
f 2998/2155/1282 3010/2167/1294 2999/2156/1283
f 3000/2157/1284 3011/2168/1295 3001/2158/1285
f 3001/2158/1285 3011/2168/1295 3012/2169/1296
f 3001/2158/1285 3012/2169/1296 3002/2159/1286
f 3002/2159/1286 3012/2169/1296 3013/2170/1297
f 3002/2159/1286 3013/2170/1297 3003/2160/1287
f 3003/2160/1287 3013/2170/1297 3014/2171/1298
f 3003/2160/1287 3014/2171/1298 2992/2149/1276
f 2992/2149/1276 3014/2171/1298 3004/2161/1288
f 3005/2162/1289 3015/2172/1299 3006/2163/1290
f 3006/2163/1290 3015/2172/1299 3016/2173/1300
f 3006/2163/1290 3016/2173/1300 3007/2164/1291
f 3007/2164/1291 3016/2173/1300 3017/2174/1301
f 3007/2164/1291 3017/2174/1301 3008/2165/1292
f 3008/2165/1292 3017/2174/1301 3018/2175/1302
f 3008/2165/1292 3018/2175/1302 3009/2166/1293
f 3010/2167/1294 3019/2176/1303 3020/2177/1304
f 3010/2167/1294 3020/2177/1304 2999/2156/1283
f 2999/2156/1283 3020/2177/1304 3021/2178/1305
f 2999/2156/1283 3021/2178/1305 3000/2157/1284
f 3000/2157/1284 3021/2178/1305 3022/2179/1306
f 3000/2157/1284 3022/2179/1306 3011/2168/1295
f 3011/2168/1295 3022/2179/1306 3023/2180/1307
f 3011/2168/1295 3023/2180/1307 3012/2169/1296
f 3012/2169/1296 3023/2180/1307 3013/2170/1297
f 3014/2171/1298 3024/2181/1308 3004/2161/1288
f 3004/2161/1288 3024/2181/1308 3025/2182/1309
f 3004/2161/1288 3025/2182/1309 3005/2162/1289
f 3005/2162/1289 3025/2182/1309 3015/2172/1299
f 3015/2172/1299 3026/2183/1310 3016/2173/1300
f 3016/2173/1300 3026/2183/1310 3017/2174/1301
f 3017/2174/1301 3027/2184/1311 3018/2175/1302
f 3019/2176/1303 3028/2185/1312 3020/2177/1304
f 3021/2178/1305 3029/2186/1313 3022/2179/1306
f 3022/2179/1306 3029/2186/1313 3023/2180/1307
f 3023/2180/1307 3030/2187/1314 3013/2170/1297
f 3013/2170/1297 3030/2187/1314 3031/2188/1315
f 3013/2170/1297 3031/2188/1315 3014/2171/1298
f 3014/2171/1298 3031/2188/1315 3024/2181/1308
f 3025/2182/1309 3032/2189/1316 3015/2172/1299
f 3015/2172/1299 3032/2189/1316 3026/2183/1310
f 3026/2183/1310 3033/2190/1317 3017/2174/1301
f 3017/2174/1301 3033/2190/1317 3034/2191/1318
f 3017/2174/1301 3034/2191/1318 3027/2184/1311
f 3028/2185/1312 3035/2192/1319 3036/2193/1320
f 3028/2185/1312 3036/2193/1320 3020/2177/1304
f 3020/2177/1304 3036/2193/1320 3037/2194/1321
f 3020/2177/1304 3037/2194/1321 3021/2178/1305
f 3021/2178/1305 3037/2194/1321 3029/2186/1313
f 3029/2186/1313 3038/2195/1322 3023/2180/1307
f 3023/2180/1307 3038/2195/1322 3030/2187/1314
f 3031/2188/1315 3039/2196/1323 3024/2181/1308
f 3024/2181/1308 3039/2196/1323 3040/2197/1324
f 3024/2181/1308 3040/2197/1324 3025/2182/1309
f 3025/2182/1309 3040/2197/1324 3032/2189/1316
f 3032/2189/1316 3041/2198/1325 3026/2183/1310
f 3026/2183/1310 3041/2198/1325 3033/2190/1317
f 3033/2190/1317 3042/2199/1326 3034/2191/1318
f 3035/2192/1319 3043/2200/1327 3036/2193/1320
f 3037/2194/1321 3044/2201/1328 3029/2186/1313
f 3029/2186/1313 3044/2201/1328 3038/2195/1322
f 3038/2195/1322 3045/2202/1329 3030/2187/1314
f 3030/2187/1314 3045/2202/1329 3046/2203/1330
f 3030/2187/1314 3046/2203/1330 3031/2188/1315
f 3031/2188/1315 3046/2203/1330 3039/2196/1323
f 3040/2197/1324 3047/2204/1331 3032/2189/1316
f 3032/2189/1316 3047/2204/1331 3041/2198/1325
f 3041/2198/1325 3048/2205/1332 3033/2190/1317
f 3033/2190/1317 3048/2205/1332 3049/2206/1333
f 3033/2190/1317 3049/2206/1333 3042/2199/1326
f 3043/2200/1327 3050/2207/1334 3051/2208/1335
f 3043/2200/1327 3051/2208/1335 3036/2193/1320
f 3036/2193/1320 3051/2208/1335 3052/2209/1336
f 3036/2193/1320 3052/2209/1336 3037/2194/1321
f 3037/2194/1321 3052/2209/1336 3044/2201/1328
f 3044/2201/1328 3053/2210/1337 3038/2195/1322
f 3038/2195/1322 3053/2210/1337 3045/2202/1329
f 3046/2203/1330 3054/2211/1338 3039/2196/1323
f 3039/2196/1323 3054/2211/1338 3055/2212/1339
f 3039/2196/1323 3055/2212/1339 3040/2197/1324
f 3040/2197/1324 3055/2212/1339 3047/2204/1331
f 3047/2204/1331 3056/2213/1340 3041/2198/1325
f 3041/2198/1325 3056/2213/1340 3048/2205/1332
f 3048/2205/1332 3057/2214/1341 3049/2206/1333
f 3050/2207/1334 3058/2215/1342 3051/2208/1335
f 3052/2209/1336 3059/2216/1343 3044/2201/1328
f 3044/2201/1328 3059/2216/1343 3053/2210/1337
f 3053/2210/1337 3060/2217/1344 3045/2202/1329
f 3045/2202/1329 3060/2217/1344 3061/2218/1345
f 3045/2202/1329 3061/2218/1345 3046/2203/1330
f 3046/2203/1330 3061/2218/1345 3054/2211/1338
f 3055/2212/1339 3062/2219/1346 3047/2204/1331
f 3047/2204/1331 3062/2219/1346 3056/2213/1340
f 3056/2213/1340 3063/2220/1347 3048/2205/1332
f 3048/2205/1332 3063/2220/1347 3064/2221/1348
f 3048/2205/1332 3064/2221/1348 3057/2214/1341
f 3058/2215/1342 3065/2222/1349 3066/2223/1350
f 3058/2215/1342 3066/2223/1350 3051/2208/1335
f 3051/2208/1335 3066/2223/1350 3067/2224/1351
f 3051/2208/1335 3067/2224/1351 3052/2209/1336
f 3052/2209/1336 3067/2224/1351 3068/2225/1352
f 3052/2209/1336 3068/2225/1352 3059/2216/1343
f 3059/2216/1343 3068/2225/1352 3069/2226/1353
f 3059/2216/1343 3069/2226/1353 3053/2210/1337
f 3053/2210/1337 3069/2226/1353 3060/2217/1344
f 3061/2218/1345 3070/2227/1354 3054/2211/1338
f 3054/2211/1338 3070/2227/1354 3071/2228/1355
f 3054/2211/1338 3071/2228/1355 3055/2212/1339
f 3055/2212/1339 3071/2228/1355 3072/2229/1356
f 3055/2212/1339 3072/2229/1356 3062/2219/1346
f 3062/2219/1346 3072/2229/1356 3073/2230/1357
f 3062/2219/1346 3073/2230/1357 3056/2213/1340
f 3056/2213/1340 3073/2230/1357 3063/2220/1347
f 3063/2220/1347 3074/2231/1358 3064/2221/1348
f 3065/2222/1349 3075/2232/1359 3066/2223/1350
f 3066/2223/1350 3076/2233/1360 3067/2224/1351
f 3067/2224/1351 3076/2233/1360 3077/2234/1361
f 3067/2224/1351 3077/2234/1361 3068/2225/1352
f 3068/2225/1352 3077/2234/1361 3078/2235/1362
f 3068/2225/1352 3078/2235/1362 3069/2226/1353
f 3069/2226/1353 3078/2235/1362 3079/2236/1363
f 3069/2226/1353 3079/2236/1363 3060/2217/1344
f 3060/2217/1344 3079/2236/1363 3080/2237/1364
f 3060/2217/1344 3080/2237/1364 3061/2218/1345
f 3061/2218/1345 3080/2237/1364 3070/2227/1354
f 3070/2227/1354 3081/2238/1365 3071/2228/1355
f 3071/2228/1355 3081/2238/1365 3082/2239/1366
f 3071/2228/1355 3082/2239/1366 3072/2229/1356
f 3072/2229/1356 3082/2239/1366 3083/2240/1367
f 3072/2229/1356 3083/2240/1367 3073/2230/1357
f 3073/2230/1357 3083/2240/1367 3084/2241/1368
f 3073/2230/1357 3084/2241/1368 3063/2220/1347
f 3063/2220/1347 3084/2241/1368 3085/2242/1369
f 3063/2220/1347 3085/2242/1369 3074/2231/1358
f 3075/2232/1359 3086/2243/1370 3087/2244/1371
f 3075/2232/1359 3087/2244/1371 3066/2223/1350
f 3066/2223/1350 3087/2244/1371 3088/2245/1372
f 3066/2223/1350 3088/2245/1372 3076/2233/1360
f 3076/2233/1360 3088/2245/1372 3089/2246/1373
f 3076/2233/1360 3089/2246/1373 3077/2234/1361
f 3077/2234/1361 3089/2246/1373 3090/2247/1374
f 3077/2234/1361 3090/2247/1374 3078/2235/1362
f 3078/2235/1362 3090/2247/1374 3079/2236/1363
f 3080/2237/1364 3091/2248/1375 3070/2227/1354
f 3070/2227/1354 3091/2248/1375 3092/2249/1376
f 3070/2227/1354 3092/2249/1376 3081/2238/1365
f 3081/2238/1365 3092/2249/1376 3093/2250/1377
f 3081/2238/1365 3093/2250/1377 3082/2239/1366
f 3082/2239/1366 3093/2250/1377 3094/2251/1378
f 3082/2239/1366 3094/2251/1378 3083/2240/1367
f 3083/2240/1367 3094/2251/1378 3084/2241/1368
f 3084/2241/1368 3095/2252/1379 3085/2242/1369
f 3086/2243/1370 3096/2253/1380 3097/2254/1381
f 3086/2243/1370 3097/2254/1381 3087/2244/1371
f 3087/2244/1371 3097/2254/1381 3098/2255/1382
f 3087/2244/1371 3098/2255/1382 3088/2245/1372
f 3088/2245/1372 3098/2255/1382 3099/2256/1383
f 3088/2245/1372 3099/2256/1383 3089/2246/1373
f 3089/2246/1373 3099/2256/1383 3100/2257/1384
f 3089/2246/1373 3100/2257/1384 3090/2247/1374
f 3090/2247/1374 3100/2257/1384 3101/2258/1385
f 3090/2247/1374 3101/2258/1385 3079/2236/1363
f 3079/2236/1363 3101/2258/1385 3102/2259/1386
f 3079/2236/1363 3102/2259/1386 3080/2237/1364
f 3080/2237/1364 3102/2259/1386 3103/2260/1387
f 3080/2237/1364 3103/2260/1387 3091/2248/1375
f 3091/2248/1375 3103/2260/1387 3104/2261/1388
f 3091/2248/1375 3104/2261/1388 3092/2249/1376
f 3092/2249/1376 3104/2261/1388 3105/2262/1389
f 3092/2249/1376 3105/2262/1389 3093/2250/1377
f 3093/2250/1377 3105/2262/1389 3106/2263/1390
f 3093/2250/1377 3106/2263/1390 3094/2251/1378
f 3094/2251/1378 3106/2263/1390 3107/2264/1391
f 3094/2251/1378 3107/2264/1391 3084/2241/1368
f 3084/2241/1368 3107/2264/1391 3108/2265/1392
f 3084/2241/1368 3108/2265/1392 3095/2252/1379
f 3096/2253/1380 3109/2266/1393 3110/2267/1394
f 3096/2253/1380 3110/2267/1394 3097/2254/1381
f 3097/2254/1381 3110/2267/1394 3111/2268/1395
f 3097/2254/1381 3111/2268/1395 3098/2255/1382
f 3098/2255/1382 3111/2268/1395 3112/2269/1396
f 3098/2255/1382 3112/2269/1396 3099/2256/1383
f 3099/2256/1383 3112/2269/1396 3113/2270/1397
f 3099/2256/1383 3113/2270/1397 3100/2257/1384
f 3100/2257/1384 3113/2270/1397 3114/2271/1398
f 3100/2257/1384 3114/2271/1398 3101/2258/1385
f 3101/2258/1385 3114/2271/1398 3102/2259/1386
f 3102/2259/1386 3115/2272/1399 3103/2260/1387
f 3103/2260/1387 3115/2272/1399 3116/2273/1400
f 3103/2260/1387 3116/2273/1400 3104/2261/1388
f 3104/2261/1388 3116/2273/1400 3117/2274/1401
f 3104/2261/1388 3117/2274/1401 3105/2262/1389
f 3105/2262/1389 3117/2274/1401 3118/2275/1402
f 3105/2262/1389 3118/2275/1402 3106/2263/1390
f 3106/2263/1390 3118/2275/1402 3119/2276/1403
f 3106/2263/1390 3119/2276/1403 3107/2264/1391
f 3107/2264/1391 3119/2276/1403 3120/2277/1404
f 3107/2264/1391 3120/2277/1404 3108/2265/1392
f 3109/2266/1393 3121/2278/1405 3122/2279/1406
f 3109/2266/1393 3122/2279/1406 3110/2267/1394
f 3110/2267/1394 3122/2279/1406 3123/2280/1407
f 3110/2267/1394 3123/2280/1407 3111/2268/1395
f 3111/2268/1395 3123/2280/1407 3124/2281/1408
f 3111/2268/1395 3124/2281/1408 3112/2269/1396
f 3112/2269/1396 3124/2281/1408 3125/2282/1409
f 3112/2269/1396 3125/2282/1409 3113/2270/1397
f 3113/2270/1397 3125/2282/1409 3126/2283/1410
f 3113/2270/1397 3126/2283/1410 3114/2271/1398
f 3114/2271/1398 3126/2283/1410 3127/2284/1411
f 3114/2271/1398 3127/2284/1411 3102/2259/1386
f 3102/2259/1386 3127/2284/1411 3128/2285/1412
f 3102/2259/1386 3128/2285/1412 3115/2272/1399
f 3115/2272/1399 3128/2285/1412 3129/2286/1413
f 3115/2272/1399 3129/2286/1413 3116/2273/1400
f 3116/2273/1400 3129/2286/1413 3130/2287/1414
f 3116/2273/1400 3130/2287/1414 3117/2274/1401
f 3117/2274/1401 3130/2287/1414 3131/2288/1415
f 3117/2274/1401 3131/2288/1415 3118/2275/1402
f 3118/2275/1402 3131/2288/1415 3132/2289/1416
f 3118/2275/1402 3132/2289/1416 3119/2276/1403
f 3119/2276/1403 3132/2289/1416 3133/2290/1417
f 3119/2276/1403 3133/2290/1417 3120/2277/1404
f 3121/2278/1405 3134/2291/1418 3135/2292/1419
f 3121/2278/1405 3135/2292/1419 3122/2279/1406
f 3122/2279/1406 3135/2292/1419 3136/2293/1420
f 3122/2279/1406 3136/2293/1420 3123/2280/1407
f 3123/2280/1407 3136/2293/1420 3137/2294/1421
f 3123/2280/1407 3137/2294/1421 3124/2281/1408
f 3124/2281/1408 3137/2294/1421 3138/2295/1422
f 3124/2281/1408 3138/2295/1422 3125/2282/1409
f 3125/2282/1409 3138/2295/1422 3139/2296/1423
f 3125/2282/1409 3139/2296/1423 3126/2283/1410
f 3126/2283/1410 3139/2296/1423 3127/2284/1411
f 3127/2284/1411 3140/2297/1424 3128/2285/1412
f 3128/2285/1412 3140/2297/1424 3141/2298/1425
f 3128/2285/1412 3141/2298/1425 3129/2286/1413
f 3129/2286/1413 3141/2298/1425 3142/2299/1426
f 3129/2286/1413 3142/2299/1426 3130/2287/1414
f 3130/2287/1414 3142/2299/1426 3143/2300/1427
f 3130/2287/1414 3143/2300/1427 3131/2288/1415
f 3131/2288/1415 3143/2300/1427 3144/2301/1428
f 3131/2288/1415 3144/2301/1428 3132/2289/1416
f 3132/2289/1416 3144/2301/1428 3145/2302/1429
f 3132/2289/1416 3145/2302/1429 3133/2290/1417
f 3134/2291/1418 3146/2303/1430 3147/2304/1431
f 3134/2291/1418 3147/2304/1431 3135/2292/1419
f 3135/2292/1419 3147/2304/1431 3148/2305/1432
f 3135/2292/1419 3148/2305/1432 3136/2293/1420
f 3136/2293/1420 3148/2305/1432 3149/2306/1433
f 3136/2293/1420 3149/2306/1433 3137/2294/1421
f 3137/2294/1421 3149/2306/1433 3150/2307/1434
f 3137/2294/1421 3150/2307/1434 3138/2295/1422
f 3138/2295/1422 3150/2307/1434 3139/2296/1423
f 3139/2296/1423 3151/2308/1435 3127/2284/1411
f 3127/2284/1411 3151/2308/1435 3152/2309/1436
f 3127/2284/1411 3152/2309/1436 3140/2297/1424
f 3140/2297/1424 3152/2309/1436 3153/2310/1437
f 3140/2297/1424 3153/2310/1437 3141/2298/1425
f 3141/2298/1425 3153/2310/1437 3154/2311/1438
f 3141/2298/1425 3154/2311/1438 3142/2299/1426
f 3142/2299/1426 3154/2311/1438 3155/2312/1439
f 3142/2299/1426 3155/2312/1439 3143/2300/1427
f 3143/2300/1427 3155/2312/1439 3144/2301/1428
f 3144/2301/1428 3156/2313/1440 3145/2302/1429
f 3146/2303/1430 3157/2314/1441 3158/2315/1442
f 3146/2303/1430 3158/2315/1442 3147/2304/1431
f 3147/2304/1431 3158/2315/1442 3159/2316/1443
f 3147/2304/1431 3159/2316/1443 3148/2305/1432
f 3148/2305/1432 3159/2316/1443 3149/2306/1433
f 3150/2307/1434 3160/2317/1444 3139/2296/1423
f 3139/2296/1423 3160/2317/1444 3151/2308/1435
f 3152/2309/1436 3161/2318/1445 3153/2310/1437
f 3153/2310/1437 3161/2318/1445 3154/2311/1438
f 3155/2312/1439 3162/2319/1446 3144/2301/1428
f 3144/2301/1428 3162/2319/1446 3163/2320/1447
f 3144/2301/1428 3163/2320/1447 3156/2313/1440
f 3157/2314/1441 3164/2321/1448 3165/2322/1449
f 3157/2314/1441 3165/2322/1449 3158/2315/1442
f 3158/2315/1442 3165/2322/1449 3166/2323/1450
f 3158/2315/1442 3166/2323/1450 3159/2316/1443
f 3159/2316/1443 3166/2323/1450 3167/2324/1451
f 3159/2316/1443 3167/2324/1451 3149/2306/1433
f 3149/2306/1433 3167/2324/1451 3168/2325/1452
f 3149/2306/1433 3168/2325/1452 3150/2307/1434
f 3150/2307/1434 3168/2325/1452 3160/2317/1444
f 3160/2317/1444 3169/2326/1453 3151/2308/1435
f 3151/2308/1435 3169/2326/1453 3170/2327/1454
f 3151/2308/1435 3170/2327/1454 3152/2309/1436
f 3152/2309/1436 3170/2327/1454 3171/2328/1455
f 3152/2309/1436 3171/2328/1455 3161/2318/1445
f 3161/2318/1445 3171/2328/1455 3172/2329/1456
f 3161/2318/1445 3172/2329/1456 3154/2311/1438
f 3154/2311/1438 3172/2329/1456 3173/2330/1457
f 3154/2311/1438 3173/2330/1457 3155/2312/1439
f 3155/2312/1439 3173/2330/1457 3162/2319/1446
f 3162/2319/1446 3174/2331/1458 3163/2320/1447
f 3164/2321/1448 3175/2332/1459 3165/2322/1449
f 3168/2325/1452 3176/2333/1460 3160/2317/1444
f 3160/2317/1444 3176/2333/1460 3169/2326/1453
f 3173/2330/1457 3177/2334/1461 3162/2319/1446
f 3162/2319/1446 3177/2334/1461 3178/2335/1462
f 3162/2319/1446 3178/2335/1462 3174/2331/1458
f 3175/2332/1459 3179/2336/1463 3180/2337/1464
f 3175/2332/1459 3180/2337/1464 3165/2322/1449
f 3165/2322/1449 3180/2337/1464 3181/2338/1465
f 3165/2322/1449 3181/2338/1465 3166/2323/1450
f 3166/2323/1450 3181/2338/1465 3182/2339/1466
f 3166/2323/1450 3182/2339/1466 3167/2324/1451
f 3167/2324/1451 3182/2339/1466 3183/2340/1467
f 3167/2324/1451 3183/2340/1467 3168/2325/1452
f 3168/2325/1452 3183/2340/1467 3176/2333/1460
f 3176/2333/1460 3184/2341/1468 3169/2326/1453
f 3169/2326/1453 3184/2341/1468 3185/2342/1469
f 3169/2326/1453 3185/2342/1469 3170/2327/1454
f 3170/2327/1454 3185/2342/1469 3186/2343/1470
f 3170/2327/1454 3186/2343/1470 3171/2328/1455
f 3171/2328/1455 3186/2343/1470 3187/2344/1471
f 3171/2328/1455 3187/2344/1471 3172/2329/1456
f 3172/2329/1456 3187/2344/1471 3188/2345/1472
f 3172/2329/1456 3188/2345/1472 3173/2330/1457
f 3173/2330/1457 3188/2345/1472 3177/2334/1461
f 3177/2334/1461 3189/2346/1473 3178/2335/1462
f 3179/2336/1463 3190/2347/1474 3180/2337/1464
f 3183/2340/1467 3191/2348/1475 3176/2333/1460
f 3176/2333/1460 3191/2348/1475 3184/2341/1468
f 3188/2345/1472 3192/2349/1476 3177/2334/1461
f 3177/2334/1461 3192/2349/1476 3193/2350/1477
f 3177/2334/1461 3193/2350/1477 3189/2346/1473
f 3190/2347/1474 3194/2351/1478 3195/2352/1479
f 3190/2347/1474 3195/2352/1479 3180/2337/1464
f 3180/2337/1464 3195/2352/1479 3196/2353/1480
f 3180/2337/1464 3196/2353/1480 3181/2338/1465
f 3181/2338/1465 3196/2353/1480 3197/2354/1481
f 3181/2338/1465 3197/2354/1481 3182/2339/1466
f 3182/2339/1466 3197/2354/1481 3198/2355/1482
f 3182/2339/1466 3198/2355/1482 3183/2340/1467
f 3183/2340/1467 3198/2355/1482 3191/2348/1475
f 3191/2348/1475 3199/2356/1483 3184/2341/1468
f 3184/2341/1468 3199/2356/1483 3200/2357/1484
f 3184/2341/1468 3200/2357/1484 3185/2342/1469
f 3185/2342/1469 3200/2357/1484 3201/2358/1485
f 3185/2342/1469 3201/2358/1485 3186/2343/1470
f 3186/2343/1470 3201/2358/1485 3202/2359/1486
f 3186/2343/1470 3202/2359/1486 3187/2344/1471
f 3187/2344/1471 3202/2359/1486 3203/2360/1487
f 3187/2344/1471 3203/2360/1487 3188/2345/1472
f 3188/2345/1472 3203/2360/1487 3192/2349/1476
f 3192/2349/1476 3204/2361/1488 3193/2350/1477
f 3194/2351/1478 3205/2362/1489 3195/2352/1479
f 3198/2355/1482 3206/2363/1490 3191/2348/1475
f 3191/2348/1475 3206/2363/1490 3199/2356/1483
f 3203/2360/1487 3207/2364/1491 3192/2349/1476
f 3192/2349/1476 3207/2364/1491 3208/2365/1492
f 3192/2349/1476 3208/2365/1492 3204/2361/1488
f 3205/2362/1489 3209/2366/1493 3210/2367/1494
f 3205/2362/1489 3210/2367/1494 3195/2352/1479
f 3195/2352/1479 3210/2367/1494 3211/2368/1495
f 3195/2352/1479 3211/2368/1495 3196/2353/1480
f 3196/2353/1480 3211/2368/1495 3212/2369/1496
f 3196/2353/1480 3212/2369/1496 3197/2354/1481
f 3197/2354/1481 3212/2369/1496 3213/2370/1497
f 3197/2354/1481 3213/2370/1497 3198/2355/1482
f 3198/2355/1482 3213/2370/1497 3206/2363/1490
f 3206/2363/1490 3214/2371/1498 3199/2356/1483
f 3199/2356/1483 3214/2371/1498 3215/2372/1499
f 3199/2356/1483 3215/2372/1499 3200/2357/1484
f 3200/2357/1484 3215/2372/1499 3216/2373/1500
f 3200/2357/1484 3216/2373/1500 3201/2358/1485
f 3201/2358/1485 3216/2373/1500 3217/2374/1501
f 3201/2358/1485 3217/2374/1501 3202/2359/1486
f 3202/2359/1486 3217/2374/1501 3218/2375/1502
f 3202/2359/1486 3218/2375/1502 3203/2360/1487
f 3203/2360/1487 3218/2375/1502 3207/2364/1491
f 3207/2364/1491 3219/2376/1503 3208/2365/1492
f 3209/2366/1493 3220/2377/1504 3210/2367/1494
f 3213/2370/1497 3221/2378/1505 3206/2363/1490
f 3206/2363/1490 3221/2378/1505 3214/2371/1498
f 3218/2375/1502 3222/2379/1506 3207/2364/1491
f 3207/2364/1491 3222/2379/1506 3223/2380/1507
f 3207/2364/1491 3223/2380/1507 3219/2376/1503
f 3220/2377/1504 3224/2381/1508 3225/2382/1509
f 3220/2377/1504 3225/2382/1509 3210/2367/1494
f 3210/2367/1494 3225/2382/1509 3226/2383/1510
f 3210/2367/1494 3226/2383/1510 3211/2368/1495
f 3211/2368/1495 3226/2383/1510 3227/2384/1511
f 3211/2368/1495 3227/2384/1511 3212/2369/1496
f 3212/2369/1496 3227/2384/1511 3228/2385/1512
f 3212/2369/1496 3228/2385/1512 3213/2370/1497
f 3213/2370/1497 3228/2385/1512 3221/2378/1505
f 3221/2378/1505 3229/2386/1513 3214/2371/1498
f 3214/2371/1498 3229/2386/1513 3230/2387/1514
f 3214/2371/1498 3230/2387/1514 3215/2372/1499
f 3215/2372/1499 3230/2387/1514 3231/2388/1515
f 3215/2372/1499 3231/2388/1515 3216/2373/1500
f 3216/2373/1500 3231/2388/1515 3232/2389/1516
f 3216/2373/1500 3232/2389/1516 3217/2374/1501
f 3217/2374/1501 3232/2389/1516 3233/2390/1517
f 3217/2374/1501 3233/2390/1517 3218/2375/1502
f 3218/2375/1502 3233/2390/1517 3222/2379/1506
f 3222/2379/1506 3234/2391/1518 3223/2380/1507
f 3224/2381/1508 3235/2392/1519 3225/2382/1509
f 3225/2382/1509 3236/2393/1520 3226/2383/1510
f 3226/2383/1510 3236/2393/1520 3237/2394/1521
f 3226/2383/1510 3237/2394/1521 3227/2384/1511
f 3227/2384/1511 3237/2394/1521 3238/2395/1522
f 3227/2384/1511 3238/2395/1522 3228/2385/1512
f 3228/2385/1512 3238/2395/1522 3239/2396/1523
f 3228/2385/1512 3239/2396/1523 3221/2378/1505
f 3221/2378/1505 3239/2396/1523 3229/2386/1513
f 3231/2388/1515 3240/2397/1524 3232/2389/1516
f 3232/2389/1516 3240/2397/1524 3233/2390/1517
f 3233/2390/1517 3241/2398/1525 3222/2379/1506
f 3222/2379/1506 3241/2398/1525 3242/2399/1526
f 3222/2379/1506 3242/2399/1526 3234/2391/1518
f 3235/2392/1519 3243/2400/1527 3244/2401/1528
f 3235/2392/1519 3244/2401/1528 3225/2382/1509
f 3225/2382/1509 3244/2401/1528 3245/2402/1529
f 3225/2382/1509 3245/2402/1529 3236/2393/1520
f 3236/2393/1520 3245/2402/1529 3246/2403/1530
f 3236/2393/1520 3246/2403/1530 3237/2394/1521
f 3237/2394/1521 3246/2403/1530 3247/2404/1531
f 3237/2394/1521 3247/2404/1531 3238/2395/1522
f 3238/2395/1522 3247/2404/1531 3239/2396/1523
f 3239/2396/1523 3248/2405/1532 3229/2386/1513
f 3229/2386/1513 3248/2405/1532 3249/2406/1533
f 3229/2386/1513 3249/2406/1533 3230/2387/1514
f 3230/2387/1514 3249/2406/1533 3250/2407/1534
f 3230/2387/1514 3250/2407/1534 3231/2388/1515
f 3231/2388/1515 3250/2407/1534 3251/2408/1535
f 3231/2388/1515 3251/2408/1535 3240/2397/1524
f 3240/2397/1524 3251/2408/1535 3252/2409/1536
f 3240/2397/1524 3252/2409/1536 3233/2390/1517
f 3233/2390/1517 3252/2409/1536 3241/2398/1525
f 3241/2398/1525 3253/2410/1537 3242/2399/1526
f 3243/2400/1527 3254/2411/1538 3244/2401/1528
f 3244/2401/1528 3255/2412/1539 3245/2402/1529
f 3245/2402/1529 3255/2412/1539 3256/2413/1540
f 3245/2402/1529 3256/2413/1540 3246/2403/1530
f 3246/2403/1530 3256/2413/1540 3257/2414/1541
f 3246/2403/1530 3257/2414/1541 3247/2404/1531
f 3247/2404/1531 3257/2414/1541 3258/2415/1542
f 3247/2404/1531 3258/2415/1542 3239/2396/1523
f 3239/2396/1523 3258/2415/1542 3248/2405/1532
f 3249/2406/1533 3259/2416/1543 3250/2407/1534
f 3250/2407/1534 3259/2416/1543 3260/2417/1544
f 3250/2407/1534 3260/2417/1544 3251/2408/1535
f 3251/2408/1535 3260/2417/1544 3261/2418/1545
f 3251/2408/1535 3261/2418/1545 3252/2409/1536
f 3252/2409/1536 3261/2418/1545 3262/2419/1546
f 3252/2409/1536 3262/2419/1546 3241/2398/1525
f 3241/2398/1525 3262/2419/1546 3263/2420/1547
f 3241/2398/1525 3263/2420/1547 3253/2410/1537
f 3254/2411/1538 3264/2421/1548 3265/2422/1549
f 3254/2411/1538 3265/2422/1549 3244/2401/1528
f 3244/2401/1528 3265/2422/1549 3266/2423/1550
f 3244/2401/1528 3266/2423/1550 3255/2412/1539
f 3255/2412/1539 3266/2423/1550 3267/2424/1551
f 3255/2412/1539 3267/2424/1551 3256/2413/1540
f 3256/2413/1540 3267/2424/1551 3268/2425/1552
f 3256/2413/1540 3268/2425/1552 3257/2414/1541
f 3257/2414/1541 3268/2425/1552 3269/2426/1553
f 3257/2414/1541 3269/2426/1553 3258/2415/1542
f 3258/2415/1542 3269/2426/1553 3270/2427/1554
f 3258/2415/1542 3270/2427/1554 3248/2405/1532
f 3248/2405/1532 3270/2427/1554 3271/2428/1555
f 3248/2405/1532 3271/2428/1555 3249/2406/1533
f 3249/2406/1533 3271/2428/1555 3272/2429/1556
f 3249/2406/1533 3272/2429/1556 3259/2416/1543
f 3259/2416/1543 3272/2429/1556 3273/2430/1557
f 3259/2416/1543 3273/2430/1557 3260/2417/1544
f 3260/2417/1544 3273/2430/1557 3274/2431/1558
f 3260/2417/1544 3274/2431/1558 3261/2418/1545
f 3261/2418/1545 3274/2431/1558 3262/2419/1546
f 3262/2419/1546 3275/2432/1559 3263/2420/1547
f 3264/2421/1548 3276/2433/1560 3265/2422/1549
f 3265/2422/1549 3277/2434/1561 3266/2423/1550
f 3266/2423/1550 3277/2434/1561 3278/2435/1562
f 3266/2423/1550 3278/2435/1562 3267/2424/1551
f 3267/2424/1551 3278/2435/1562 3279/2436/1563
f 3267/2424/1551 3279/2436/1563 3268/2425/1552
f 3268/2425/1552 3279/2436/1563 3280/2437/1564
f 3268/2425/1552 3280/2437/1564 3269/2426/1553
f 3269/2426/1553 3280/2437/1564 3270/2427/1554
f 3271/2428/1555 3281/2438/1565 3272/2429/1556
f 3272/2429/1556 3281/2438/1565 3282/2439/1566
f 3272/2429/1556 3282/2439/1566 3273/2430/1557
f 3273/2430/1557 3282/2439/1566 3283/2440/1567
f 3273/2430/1557 3283/2440/1567 3274/2431/1558
f 3274/2431/1558 3283/2440/1567 3284/2441/1568
f 3274/2431/1558 3284/2441/1568 3262/2419/1546
f 3262/2419/1546 3284/2441/1568 3285/2442/1569
f 3262/2419/1546 3285/2442/1569 3275/2432/1559
f 3276/2433/1560 3286/2443/1570 3287/2444/1571
f 3276/2433/1560 3287/2444/1571 3265/2422/1549
f 3265/2422/1549 3287/2444/1571 3288/2445/1572
f 3265/2422/1549 3288/2445/1572 3277/2434/1561
f 3277/2434/1561 3288/2445/1572 3289/2446/1573
f 3277/2434/1561 3289/2446/1573 3278/2435/1562
f 3278/2435/1562 3289/2446/1573 3290/2447/1574
f 3278/2435/1562 3290/2447/1574 3279/2436/1563
f 3279/2436/1563 3290/2447/1574 3291/2448/1575
f 3279/2436/1563 3291/2448/1575 3280/2437/1564
f 3280/2437/1564 3291/2448/1575 3292/2449/1576
f 3280/2437/1564 3292/2449/1576 3270/2427/1554
f 3270/2427/1554 3292/2449/1576 3293/2450/1577
f 3270/2427/1554 3293/2450/1577 3271/2428/1555
f 3271/2428/1555 3293/2450/1577 3294/2451/1578
f 3271/2428/1555 3294/2451/1578 3281/2438/1565
f 3281/2438/1565 3294/2451/1578 3295/2452/1579
f 3281/2438/1565 3295/2452/1579 3282/2439/1566
f 3282/2439/1566 3295/2452/1579 3296/2453/1580
f 3282/2439/1566 3296/2453/1580 3283/2440/1567
f 3283/2440/1567 3296/2453/1580 3297/2454/1581
f 3283/2440/1567 3297/2454/1581 3284/2441/1568
f 3284/2441/1568 3297/2454/1581 3298/2455/1582
f 3284/2441/1568 3298/2455/1582 3285/2442/1569
f 3286/2443/1570 3299/2456/1583 3300/2457/1584
f 3286/2443/1570 3300/2457/1584 3287/2444/1571
f 3287/2444/1571 3300/2457/1584 3301/2458/1585
f 3287/2444/1571 3301/2458/1585 3288/2445/1572
f 3288/2445/1572 3301/2458/1585 3302/2459/1586
f 3288/2445/1572 3302/2459/1586 3289/2446/1573
f 3289/2446/1573 3302/2459/1586 3303/2460/1587
f 3289/2446/1573 3303/2460/1587 3290/2447/1574
f 3290/2447/1574 3303/2460/1587 3304/2461/1588
f 3290/2447/1574 3304/2461/1588 3291/2448/1575
f 3291/2448/1575 3304/2461/1588 3292/2449/1576
f 3293/2450/1577 3305/2462/1589 3294/2451/1578
f 3294/2451/1578 3305/2462/1589 3306/2463/1590
f 3294/2451/1578 3306/2463/1590 3295/2452/1579
f 3295/2452/1579 3306/2463/1590 3307/2464/1591
f 3295/2452/1579 3307/2464/1591 3296/2453/1580
f 3296/2453/1580 3307/2464/1591 3308/2465/1592
f 3296/2453/1580 3308/2465/1592 3297/2454/1581
f 3297/2454/1581 3308/2465/1592 3309/2466/1593
f 3297/2454/1581 3309/2466/1593 3298/2455/1582
f 3299/2456/1583 3310/2467/1594 3311/2468/1595
f 3299/2456/1583 3311/2468/1595 3300/2457/1584
f 3300/2457/1584 3311/2468/1595 3312/2469/1596
f 3300/2457/1584 3312/2469/1596 3301/2458/1585
f 3301/2458/1585 3312/2469/1596 3313/2470/1597
f 3301/2458/1585 3313/2470/1597 3302/2459/1586
f 3302/2459/1586 3313/2470/1597 3314/2471/1598
f 3302/2459/1586 3314/2471/1598 3303/2460/1587
f 3303/2460/1587 3314/2471/1598 3315/2472/1599
f 3303/2460/1587 3315/2472/1599 3304/2461/1588
f 3304/2461/1588 3315/2472/1599 3316/2473/1600
f 3304/2461/1588 3316/2473/1600 3292/2449/1576
f 3292/2449/1576 3316/2473/1600 3317/2474/1601
f 3292/2449/1576 3317/2474/1601 3293/2450/1577
f 3293/2450/1577 3317/2474/1601 3318/2475/1602
f 3293/2450/1577 3318/2475/1602 3305/2462/1589
f 3305/2462/1589 3318/2475/1602 3319/2476/1603
f 3305/2462/1589 3319/2476/1603 3306/2463/1590
f 3306/2463/1590 3319/2476/1603 3320/2477/1604
f 3306/2463/1590 3320/2477/1604 3307/2464/1591
f 3307/2464/1591 3320/2477/1604 3321/2478/1605
f 3307/2464/1591 3321/2478/1605 3308/2465/1592
f 3308/2465/1592 3321/2478/1605 3322/2479/1606
f 3308/2465/1592 3322/2479/1606 3309/2466/1593
f 3310/2467/1594 3323/2480/1607 3324/2481/1608
f 3310/2467/1594 3324/2481/1608 3311/2468/1595
f 3311/2468/1595 3324/2481/1608 3325/2482/1609
f 3311/2468/1595 3325/2482/1609 3312/2469/1596
f 3312/2469/1596 3325/2482/1609 3326/2483/1610
f 3312/2469/1596 3326/2483/1610 3313/2470/1597
f 3313/2470/1597 3326/2483/1610 3327/2484/1611
f 3313/2470/1597 3327/2484/1611 3314/2471/1598
f 3314/2471/1598 3327/2484/1611 3328/2485/1612
f 3314/2471/1598 3328/2485/1612 3315/2472/1599
f 3315/2472/1599 3328/2485/1612 3329/2486/1613
f 3315/2472/1599 3329/2486/1613 3316/2473/1600
f 3316/2473/1600 3329/2486/1613 3330/2487/1614
f 3316/2473/1600 3330/2487/1614 3317/2474/1601
f 3317/2474/1601 3330/2487/1614 3331/2488/1615
f 3317/2474/1601 3331/2488/1615 3318/2475/1602
f 3318/2475/1602 3331/2488/1615 3332/2489/1616
f 3318/2475/1602 3332/2489/1616 3319/2476/1603
f 3319/2476/1603 3332/2489/1616 3333/2490/1617
f 3319/2476/1603 3333/2490/1617 3320/2477/1604
f 3320/2477/1604 3333/2490/1617 3334/2491/1618
f 3320/2477/1604 3334/2491/1618 3321/2478/1605
f 3321/2478/1605 3334/2491/1618 3335/2492/1619
f 3321/2478/1605 3335/2492/1619 3322/2479/1606
f 3336/2493/1620 553/357/133 552/356/132
f 3336/2493/1620 552/356/132 3337/2494/1620
f 3338/2495/1621 3339/2496/1622 3340/2497/1622
f 3338/2495/1621 3340/2497/1622 3341/2498/1623
f 560/364/140 559/363/139 3342/2499/139
s 0
f 3345/2500/1624 3346/2501/1624 3347/2502/1624
f 3345/2500/1624 3347/2502/1624 3348/2503/1624
f 3349/2504/1625 3350/2505/1625 3351/2506/1625
f 3349/2504/1625 3351/2506/1625 3352/2507/1625
s 1
f 3353/2508/1626 3338/2495/1621 3341/2498/1623
f 3353/2508/1626 3341/2498/1623 3354/2509/1626
s 0
f 3346/2501/1627 3355/2510/1627 3356/2511/1627
f 3346/2501/1624 3356/2511/1624 3347/2502/1624
s 1
f 3357/2512/1628 3340/2497/1622 3339/2496/1622
f 3357/2512/1628 3339/2496/1622 3358/2513/1628
s 0
f 3350/2505/1625 3359/2514/1625 3360/2515/1625
f 3350/2505/1629 3360/2515/1629 3351/2506/1629
s 1
f 3361/2516/1630 3362/2517/1631 3363/2518/1632
f 3361/2516/1630 3363/2518/1632 3364/2519/1633
f 3365/2520/1621 3366/2521/1622 3367/2522/1622
f 3365/2520/1621 3367/2522/1622 3368/2523/1623
f 3369/2524/1628 3367/2522/1622 3366/2521/1622
f 3369/2524/1628 3366/2521/1622 3370/2525/1628
f 561/365/141 3371/2526/139 3372/2527/139
f 561/365/141 3372/2527/139 559/363/139
s 0
f 3343/2528/1634 3373/2529/1634 3374/2530/1634
s 1
f 3343/2528/1634 3374/2530/1634 3344/2531/1634
f 554/358/134 553/357/133 3375/2532/133
f 3376/2533/1626 3377/2534/1626 3365/2520/1621
f 3376/2533/1626 3365/2520/1621 3368/2523/1623
f 581/384/155 580/383/154 555/359/135
f 581/384/155 555/359/135 557/361/137
f 573/377/148 583/386/157 3364/2519/1633
f 573/377/148 3364/2519/1633 3363/2518/1632
f 3361/2516/1630 3378/2535/1635 3379/2536/1636
f 3361/2516/1630 3379/2536/1636 3362/2517/1631
f 3380/2537/1637 3381/2538/1638 3382/2539/1639
f 3380/2537/1637 3382/2539/1639 3383/2540/1640
f 3384/2541/1641 3385/2542/1642 3386/2543/1643
f 3384/2541/1641 3386/2543/1643 3387/2544/1637
f 3388/2545/1644 3389/2546/1645 3385/2542/1642
f 3388/2545/1644 3385/2542/1642 3384/2541/1641
f 3390/2547/1646 3391/2548/1647 3389/2546/1645
f 3390/2547/1646 3389/2546/1645 3388/2545/1644
f 3392/2549/1648 3393/2550/1649 3391/2548/1647
f 3392/2549/1648 3391/2548/1647 3390/2547/1646
f 3394/2551/1650 3395/2552/1651 3393/2550/1649
f 3394/2551/1650 3393/2550/1649 3392/2549/1648
f 3394/2551/1650 3396/2553/1652 3397/2554/1653
f 3394/2551/1650 3397/2554/1653 3395/2552/1651
f 3396/2553/1652 3383/2540/1640 3382/2539/1639
f 3396/2553/1652 3382/2539/1639 3397/2554/1653
f 3381/2538/1638 3398/2555/1654 3399/2556/1655
f 3381/2538/1638 3399/2556/1655 3382/2539/1639
f 3385/2542/1642 3400/2557/1656 3401/2558/1657
f 3385/2542/1642 3401/2558/1657 3386/2543/1643
f 3389/2546/1645 3402/2559/1658 3400/2557/1656
f 3389/2546/1645 3400/2557/1656 3385/2542/1642
f 3391/2548/1647 3403/2560/1659 3402/2559/1658
f 3391/2548/1647 3402/2559/1658 3389/2546/1645
f 3393/2550/1649 3404/2561/1660 3403/2560/1659
f 3393/2550/1649 3403/2560/1659 3391/2548/1647
f 3395/2552/1651 3405/2562/1661 3404/2561/1660
f 3395/2552/1651 3404/2561/1660 3393/2550/1649
f 3397/2554/1653 3406/2563/1662 3405/2562/1661
f 3397/2554/1653 3405/2562/1661 3395/2552/1651
f 3382/2539/1639 3399/2556/1655 3406/2563/1662
f 3382/2539/1639 3406/2563/1662 3397/2554/1653
f 3398/2555/1654 3407/2564/1663 3399/2556/1655
f 3401/2558/1657 3400/2557/1656 3408/2565/1664
f 3409/2566/1665 3410/2567/1666 3411/2568/1667
f 3412/2569/1668 3413/2570/1669 3414/2571/1670
f 3415/2572/1671 3416/2573/1672 3417/2574/1673
f 3416/2573/1672 3418/2575/1674 3419/2576/1675
f 3416/2573/1672 3419/2576/1675 3417/2574/1673
f 3420/2577/1676 3421/2578/1677 3419/2576/1675
f 3420/2577/1676 3419/2576/1675 3418/2575/1674
f 3422/2579/1678 3421/2578/1677 3420/2577/1676
f 3423/2580/1679 3424/2581/1680 3425/2582/1681
f 3423/2580/1679 3425/2582/1681 3426/2583/1682
f 3427/2584/1683 3428/2585/1684 3429/2586/1685
f 3427/2584/1683 3429/2586/1685 3430/2587/1686
f 3428/2585/1684 3431/2588/1687 3429/2586/1685
f 3431/2588/1687 3432/2589/1688 3433/2590/1689
f 3432/2589/1688 3434/2591/1690 3435/2592/1691
f 3432/2589/1688 3435/2592/1691 3433/2590/1689
f 3436/2593/1692 3437/2594/1693 3435/2592/1691
f 3436/2593/1692 3435/2592/1691 3434/2591/1690
f 3438/2595/1694 3437/2594/1693 3436/2593/1692
f 3426/2583/1682 3425/2582/1681 3438/2595/1694
f 3439/2596/1695 3440/2597/1696 3441/2598/1697
f 3439/2596/1695 3441/2598/1697 3442/2599/1698
f 3442/2599/1698 3441/2598/1697 3443/2600/1699
f 3442/2599/1698 3443/2600/1699 3444/2601/1700
f 3444/2601/1700 3443/2600/1699 3445/2602/1701
f 3444/2601/1700 3445/2602/1701 3446/2603/1702
f 3446/2603/1702 3445/2602/1701 3447/2604/1703
f 3446/2603/1702 3447/2604/1703 3448/2605/1704
f 3448/2605/1704 3447/2604/1703 3449/2606/1705
f 3448/2605/1704 3449/2606/1705 3450/2607/1706
f 3451/2608/1707 3450/2607/1706 3449/2606/1705
f 3451/2608/1707 3449/2606/1705 3452/2609/1708
f 3453/2610/1709 3451/2608/1707 3452/2609/1708
f 3453/2610/1709 3452/2609/1708 3454/2611/1710
f 3453/2610/1709 3454/2611/1710 3440/2597/1696
f 3453/2610/1709 3440/2597/1696 3439/2596/1695
f 3455/2612/1711 3456/2613/1712 3457/2614/1713
f 3455/2612/1711 3457/2614/1713 3458/2615/1714
f 3458/2615/1714 3457/2614/1713 3459/2616/1715
f 3458/2615/1714 3459/2616/1715 3460/2617/1716
f 3460/2617/1716 3459/2616/1715 3461/2618/1717
f 3460/2617/1716 3461/2618/1717 3462/2619/1718
f 3462/2619/1718 3461/2618/1717 3463/2620/1719
f 3462/2619/1718 3463/2620/1719 3464/2621/1720
f 3464/2621/1720 3463/2620/1719 3465/2622/1721
f 3464/2621/1720 3465/2622/1721 3466/2623/1722
f 3467/2624/1723 3468/2625/1722 3469/2626/1724
f 3467/2624/1723 3469/2626/1724 3470/2627/1725
f 3470/2627/1725 3469/2626/1724 3471/2628/1726
f 3470/2627/1725 3471/2628/1726 3472/2629/1727
f 3472/2629/1727 3471/2628/1726 3456/2613/1712
f 3472/2629/1727 3456/2613/1712 3455/2612/1711
f 3422/2579/1678 3438/2595/1694 3436/2593/1692
f 3422/2579/1678 3436/2593/1692 3421/2578/1677
f 3421/2578/1677 3436/2593/1692 3434/2591/1690
f 3421/2578/1677 3434/2591/1690 3419/2576/1675
f 3419/2576/1675 3434/2591/1690 3432/2589/1688
f 3419/2576/1675 3432/2589/1688 3417/2574/1673
f 3417/2574/1673 3432/2589/1688 3431/2588/1687
f 3417/2574/1673 3431/2588/1687 3415/2572/1671
f 3412/2569/1668 3415/2572/1671 3431/2588/1687
f 3412/2569/1668 3431/2588/1687 3428/2585/1684
f 3413/2570/1669 3412/2569/1668 3428/2585/1684
f 3413/2570/1669 3428/2585/1684 3427/2584/1683
f 3410/2567/1666 3423/2580/1679 3426/2583/1682
f 3410/2567/1666 3426/2583/1682 3411/2568/1667
f 3411/2568/1667 3426/2583/1682 3438/2595/1694
f 3411/2568/1667 3438/2595/1694 3422/2579/1678
f 3438/2595/1694 3473/2630/1728 3474/2631/1729
f 3438/2595/1694 3474/2631/1729 3437/2594/1693
f 3437/2594/1693 3474/2631/1729 3475/2632/1730
f 3437/2594/1693 3475/2632/1730 3435/2592/1691
f 3435/2592/1691 3475/2632/1730 3476/2633/1731
f 3435/2592/1691 3476/2633/1731 3433/2590/1689
f 3431/2588/1687 3433/2590/1689 3476/2633/1731
f 3431/2588/1687 3476/2633/1731 3477/2634/1732
f 3429/2586/1685 3431/2588/1687 3477/2634/1732
f 3429/2586/1685 3477/2634/1732 3478/2635/1733
f 3429/2586/1685 3478/2635/1733 3479/2636/1734
f 3429/2586/1685 3479/2636/1734 3430/2587/1686
f 3424/2581/1680 3480/2637/1735 3481/2638/1736
f 3424/2581/1680 3481/2638/1736 3425/2582/1681
f 3425/2582/1681 3481/2638/1736 3473/2630/1728
f 3425/2582/1681 3473/2630/1728 3438/2595/1694
f 3405/2562/1661 3406/2563/1662 3422/2579/1678
f 3405/2562/1661 3422/2579/1678 3420/2577/1676
f 3405/2562/1661 3420/2577/1676 3418/2575/1674
f 3405/2562/1661 3418/2575/1674 3404/2561/1660
f 3404/2561/1660 3418/2575/1674 3416/2573/1672
f 3404/2561/1660 3416/2573/1672 3403/2560/1659
f 3403/2560/1659 3416/2573/1672 3415/2572/1671
f 3403/2560/1659 3415/2572/1671 3402/2559/1658
f 3402/2559/1658 3415/2572/1671 3412/2569/1668
f 3402/2559/1658 3412/2569/1668 3400/2557/1656
f 3400/2557/1656 3412/2569/1668 3414/2571/1670
f 3400/2557/1656 3414/2571/1670 3408/2565/1664
f 3407/2564/1663 3409/2566/1665 3411/2568/1667
f 3407/2564/1663 3411/2568/1667 3399/2556/1655
f 3406/2563/1662 3399/2556/1655 3411/2568/1667
f 3406/2563/1662 3411/2568/1667 3422/2579/1678
f 3482/2639/1737 3483/2640/1738 3484/2641/1739
f 3482/2639/1737 3484/2641/1739 3485/2642/1637
f 3486/2643/1740 3487/2644/1637 3488/2645/1741
f 3486/2643/1740 3488/2645/1741 3489/2646/1742
f 3490/2647/1644 3486/2643/1740 3489/2646/1742
f 3490/2647/1644 3489/2646/1742 3491/2648/1743
f 3492/2649/1744 3490/2647/1644 3491/2648/1743
f 3492/2649/1744 3491/2648/1743 3493/2650/1745
f 3494/2651/1746 3492/2649/1744 3493/2650/1745
f 3494/2651/1746 3493/2650/1745 3495/2652/1747
f 3494/2651/1746 3495/2652/1747 3496/2653/1748
f 3494/2651/1746 3496/2653/1748 3497/2654/1749
f 3497/2654/1749 3496/2653/1748 3498/2655/1750
f 3497/2654/1749 3498/2655/1750 3499/2656/1652
f 3499/2656/1652 3498/2655/1750 3483/2640/1738
f 3499/2656/1652 3483/2640/1738 3482/2639/1737
f 575/379/150 577/381/152 561/365/141
f 575/379/150 561/365/141 560/364/140
f 3378/2535/1635 581/384/155 557/361/137
f 3378/2535/1635 557/361/137 3379/2536/1636
f 583/386/157 573/377/148 572/376/147
f 583/386/157 572/376/147 584/387/158
f 579/2657/1751 558/362/138 562/366/142
f 579/2657/1751 562/366/142 3500/2658/1752
s 0
f 3501/2659/695 3502/2660/695 3503/2661/695
f 3501/2659/695 3503/2661/695 3504/2662/695
f 3505/2663/697 3506/2664/697 3507/2665/697
f 3505/2663/697 3507/2665/697 3508/2666/697
f 3509/2667/1753 3510/2668/1753 3511/2669/1753
f 3509/2667/1753 3511/2669/1753 3512/2670/1753
f 3513/2671/698 3514/2672/698 3515/2673/698
f 3513/2671/698 3515/2673/698 3516/2674/698
f 3517/2675/696 3518/2676/696 3519/2677/696
f 3517/2675/696 3519/2677/696 3520/2678/696
f 3521/2679/1754 3522/2680/1754 3523/2681/1754
f 3521/2679/1754 3523/2681/1754 3524/2682/1754
f 3525/2683/13 3526/2684/13 3527/2685/13
f 3525/2683/13 3527/2685/13 3528/2686/13
f 3529/2687/14 3530/2688/14 3531/2689/14
f 3529/2687/14 3531/2689/14 3532/2690/14
f 3533/2691/1755 3534/2692/1755 3535/2693/1755
f 3533/2691/1755 3535/2693/1755 3536/2694/1755
s 1
f 3537/2695/1756 3538/2696/1756 3539/2697/1757
f 3537/2695/1756 3539/2697/1757 3540/2698/1757
f 3541/2699/1758 3542/2700/1758 3543/2696/1759
f 3541/2699/1758 3543/2696/1759 3544/2695/1759
f 3545/2701/1760 3546/2702/1760 3542/2700/1758
f 3545/2701/1760 3542/2700/1758 3541/2699/1758
f 3547/2703/1761 3548/2704/1761 3549/2702/1762
f 3547/2703/1761 3549/2702/1762 3550/2701/1762
f 3551/2705/1763 3552/2706/1763 3548/2704/1761
f 3551/2705/1763 3548/2704/1761 3547/2703/1761
f 3553/2707/1764 3554/2708/1764 3555/2706/1765
f 3553/2707/1764 3555/2706/1765 3556/2705/1765
f 3557/2709/1766 3558/2710/1766 3554/2708/1764
f 3557/2709/1766 3554/2708/1764 3553/2707/1764
f 3559/2711/1767 3560/2712/1767 3561/2710/1768
f 3559/2711/1767 3561/2710/1768 3562/2709/1768
f 3563/2713/1769 3564/2714/1770 3565/2715/1771
f 3563/2713/1769 3565/2715/1771 3566/2716/1772
f 3567/2717/1773 3568/2718/1774 3564/2714/1770
f 3567/2717/1773 3564/2714/1770 3563/2713/1769
f 3569/2719/1775 3570/2720/1776 3568/2718/1774
f 3569/2719/1775 3568/2718/1774 3567/2717/1773
f 3571/2721/1777 3572/2722/1778 3570/2720/1776
f 3571/2721/1777 3570/2720/1776 3569/2719/1775
f 3573/2723/1779 3574/2724/1780 3572/2722/1778
f 3573/2723/1779 3572/2722/1778 3571/2721/1777
f 3575/2725/1781 3576/2726/1782 3574/2724/1780
f 3575/2725/1781 3574/2724/1780 3573/2723/1779
f 3577/2727/1783 3578/2728/1784 3576/2726/1782
f 3577/2727/1783 3576/2726/1782 3575/2725/1781
f 3579/2729/1785 3580/2730/1786 3578/2728/1784
f 3579/2729/1785 3578/2728/1784 3577/2727/1783
f 3581/2731/1787 3582/2732/1788 3580/2730/1786
f 3581/2731/1787 3580/2730/1786 3579/2729/1785
f 3583/2733/1789 3584/2734/1790 3582/2732/1788
f 3583/2733/1789 3582/2732/1788 3581/2731/1787
f 3585/2735/1791 3586/2736/1792 3584/2734/1790
f 3585/2735/1791 3584/2734/1790 3583/2733/1789
f 3587/2737/1793 3588/2738/1794 3586/2736/1792
f 3587/2737/1793 3586/2736/1792 3585/2735/1791
f 3589/2739/1795 3590/2740/1796 3588/2738/1794
f 3589/2739/1795 3588/2738/1794 3587/2737/1793
f 3591/2741/1797 3592/2742/1798 3590/2740/1796
f 3591/2741/1797 3590/2740/1796 3589/2739/1795
f 3593/2743/1799 3594/2744/1800 3592/2742/1798
f 3593/2743/1799 3592/2742/1798 3591/2741/1797
f 3566/2716/1772 3565/2715/1771 3595/2745/1801
f 3566/2716/1772 3595/2745/1801 3596/2746/1802
f 3566/2716/1772 3597/2747/1803 3598/2748/1804
f 3566/2716/1772 3598/2748/1804 3563/2713/1769
f 3563/2713/1769 3598/2748/1804 3599/2749/1805
f 3563/2713/1769 3599/2749/1805 3567/2717/1773
f 3567/2717/1773 3599/2749/1805 3600/2750/1806
f 3567/2717/1773 3600/2750/1806 3569/2719/1775
f 3569/2719/1775 3600/2750/1806 3601/2751/1807
f 3569/2719/1775 3601/2751/1807 3571/2721/1777
f 3571/2721/1777 3601/2751/1807 3602/2752/1808
f 3571/2721/1777 3602/2752/1808 3573/2723/1779
f 3573/2723/1779 3602/2752/1808 3603/2753/1809
f 3573/2723/1779 3603/2753/1809 3575/2725/1781
f 3575/2725/1781 3603/2753/1809 3604/2754/1810
f 3575/2725/1781 3604/2754/1810 3577/2727/1783
f 3577/2727/1783 3604/2754/1810 3605/2755/1811
f 3577/2727/1783 3605/2755/1811 3579/2729/1785
f 3579/2729/1785 3605/2755/1811 3606/2756/1812
f 3579/2729/1785 3606/2756/1812 3581/2731/1787
f 3581/2731/1787 3606/2756/1812 3607/2757/1813
f 3581/2731/1787 3607/2757/1813 3583/2733/1789
f 3583/2733/1789 3607/2757/1813 3608/2758/1814
f 3583/2733/1789 3608/2758/1814 3585/2735/1791
f 3585/2735/1791 3608/2758/1814 3609/2759/1815
f 3585/2735/1791 3609/2759/1815 3587/2737/1793
f 3587/2737/1793 3609/2759/1815 3610/2760/1816
f 3587/2737/1793 3610/2760/1816 3589/2739/1795
f 3589/2739/1795 3610/2760/1816 3611/2761/1817
f 3589/2739/1795 3611/2761/1817 3591/2741/1797
f 3591/2741/1797 3611/2761/1817 3612/2762/1818
f 3591/2741/1797 3612/2762/1818 3593/2743/1799
f 3596/2746/1802 3613/2763/1819 3597/2747/1803
f 3596/2746/1802 3597/2747/1803 3566/2716/1772
f 3564/2714/1770 3614/2764/1820 3615/2765/1821
f 3564/2714/1770 3615/2765/1821 3565/2715/1771
f 3568/2718/1774 3616/2766/1822 3614/2764/1820
f 3568/2718/1774 3614/2764/1820 3564/2714/1770
f 3570/2720/1776 3617/2767/1823 3616/2766/1822
f 3570/2720/1776 3616/2766/1822 3568/2718/1774
f 3572/2722/1778 3618/2768/1824 3617/2767/1823
f 3572/2722/1778 3617/2767/1823 3570/2720/1776
f 3574/2724/1780 3619/2769/1825 3618/2768/1824
f 3574/2724/1780 3618/2768/1824 3572/2722/1778
f 3576/2726/1782 3620/2770/1826 3619/2769/1825
f 3576/2726/1782 3619/2769/1825 3574/2724/1780
f 3578/2728/1784 3621/2771/1827 3620/2770/1826
f 3578/2728/1784 3620/2770/1826 3576/2726/1782
f 3580/2730/1786 3622/2772/1828 3621/2771/1827
f 3580/2730/1786 3621/2771/1827 3578/2728/1784
f 3582/2732/1788 3623/2773/1829 3622/2772/1828
f 3582/2732/1788 3622/2772/1828 3580/2730/1786
f 3584/2734/1790 3624/2774/1830 3623/2773/1829
f 3584/2734/1790 3623/2773/1829 3582/2732/1788
f 3586/2736/1792 3625/2775/1831 3624/2774/1830
f 3586/2736/1792 3624/2774/1830 3584/2734/1790
f 3588/2738/1794 3626/2776/1832 3625/2775/1831
f 3588/2738/1794 3625/2775/1831 3586/2736/1792
f 3590/2740/1796 3627/2777/1833 3626/2776/1832
f 3590/2740/1796 3626/2776/1832 3588/2738/1794
f 3592/2742/1798 3628/2778/1834 3627/2777/1833
f 3592/2742/1798 3627/2777/1833 3590/2740/1796
f 3594/2744/1800 3629/2779/1835 3628/2778/1834
f 3594/2744/1800 3628/2778/1834 3592/2742/1798
f 3565/2715/1771 3615/2765/1821 3630/2780/1836
f 3565/2715/1771 3630/2780/1836 3595/2745/1801
f 3631/2781/1837 3632/2782/1837 3633/2783/1838
f 3631/2781/1837 3633/2783/1838 3634/2784/1838
s 0
f 3635/2785/1839 3636/2786/1839 3632/2782/1839
f 3635/2785/1839 3632/2782/1839 3631/2781/1839
f 3637/2787/1840 3638/2788/1840 3636/2786/1840
f 3637/2787/1840 3636/2786/1840 3635/2785/1840
f 3639/2789/1841 3640/2790/1841 3638/2788/1841
f 3639/2789/1841 3638/2788/1841 3637/2787/1841
f 3641/2791/1842 3642/2792/1842 3640/2790/1842
f 3641/2791/1842 3640/2790/1842 3639/2789/1842
f 3643/2793/1843 3644/2794/1843 3642/2792/1843
f 3643/2793/1843 3642/2792/1843 3641/2791/1843
f 3645/2795/1844 3646/2796/1844 3644/2794/1844
f 3645/2795/1844 3644/2794/1844 3643/2793/1844
f 3647/2797/1845 3648/2798/1845 3646/2796/1845
f 3647/2797/1845 3646/2796/1845 3645/2795/1845
f 3649/2799/1846 3650/2800/1846 3648/2798/1846
f 3649/2799/1846 3648/2798/1846 3647/2797/1846
f 3651/2801/1847 3652/2802/1847 3650/2800/1847
f 3651/2801/1847 3650/2800/1847 3649/2799/1847
s 1
f 3653/2803/1848 3654/2804/1849 3652/2802/1850
f 3653/2803/1848 3652/2802/1850 3651/2801/1850
f 3655/2805/1851 3656/2806/1851 3654/2804/1849
f 3655/2805/1851 3654/2804/1849 3653/2803/1848
f 3657/2807/1852 3658/2808/1852 3656/2806/1851
f 3657/2807/1852 3656/2806/1851 3655/2805/1851
f 3659/2809/1853 3660/2810/1853 3658/2808/1852
f 3659/2809/1853 3658/2808/1852 3657/2807/1852
f 3661/2811/1854 3662/2812/1854 3660/2810/1853
f 3661/2811/1854 3660/2810/1853 3659/2809/1853
f 3634/2784/1838 3633/2783/1838 3662/2812/1854
f 3634/2784/1838 3662/2812/1854 3661/2811/1854
f 3663/2813/1855 3664/2814/1855 3665/2815/1856
f 3663/2813/1855 3665/2815/1856 3666/2816/1857
f 3667/2817/1858 3668/2818/1858 3664/2814/1855
f 3667/2817/1858 3664/2814/1855 3663/2813/1855
f 3669/2819/1859 3670/2820/1859 3668/2818/1858
f 3669/2819/1859 3668/2818/1858 3667/2817/1858
f 3671/2821/1860 3672/2822/1860 3670/2820/1859
f 3671/2821/1860 3670/2820/1859 3669/2819/1859
f 3673/2823/1861 3674/2824/1861 3672/2822/1860
f 3673/2823/1861 3672/2822/1860 3671/2821/1860
f 3675/2825/1862 3676/2826/1862 3674/2824/1861
f 3675/2825/1862 3674/2824/1861 3673/2823/1861
f 3677/2827/1863 3678/2828/1863 3676/2826/1862
f 3677/2827/1863 3676/2826/1862 3675/2825/1862
f 3679/2829/1864 3680/2830/1864 3681/2831/1865
f 3679/2829/1864 3681/2831/1865 3682/2832/1865
f 3683/2833/1866 3684/2834/1866 3680/2830/1864
f 3683/2833/1866 3680/2830/1864 3679/2829/1864
f 3685/2835/1867 3686/2836/1867 3684/2834/1866
f 3685/2835/1867 3684/2834/1866 3683/2833/1866
f 3687/2837/1868 3688/2838/1869 3686/2836/1867
f 3687/2837/1868 3686/2836/1867 3685/2835/1867
f 3689/2839/1870 3690/2840/1870 3688/2838/1869
f 3689/2839/1870 3688/2838/1869 3687/2837/1868
f 3691/2841/1871 3692/2842/1872 3690/2840/1870
f 3691/2841/1871 3690/2840/1870 3689/2839/1870
f 3693/2843/1873 3694/2844/1874 3692/2842/1872
f 3693/2843/1873 3692/2842/1872 3691/2841/1871
f 3695/2845/1875 3696/2846/1876 3694/2844/1874
f 3695/2845/1875 3694/2844/1874 3693/2843/1873
f 3666/2816/1857 3665/2815/1856 3696/2846/1876
f 3666/2816/1857 3696/2846/1876 3695/2845/1875
s 0
f 3697/2661/695 3698/2660/695 3699/2659/695
f 3697/2661/695 3699/2659/695 3700/2662/695
f 3701/2663/697 3702/2666/697 3703/2665/697
f 3701/2663/697 3703/2665/697 3704/2664/697
f 3705/2669/1877 3706/2668/1877 3707/2667/1877
f 3705/2669/1877 3707/2667/1877 3708/2670/1877
f 3709/2673/698 3710/2672/698 3711/2671/698
f 3709/2673/698 3711/2671/698 3712/2674/698
f 3713/2675/696 3714/2678/696 3715/2677/696
f 3713/2675/696 3715/2677/696 3716/2676/696
f 3717/2681/1878 3718/2680/1878 3719/2679/1878
f 3717/2681/1878 3719/2679/1878 3720/2682/1878
f 3721/2685/13 3722/2684/13 3723/2683/13
f 3721/2685/13 3723/2683/13 3724/2686/13
f 3725/2687/14 3726/2690/14 3727/2689/14
f 3725/2687/14 3727/2689/14 3728/2688/14
f 3729/2693/1879 3730/2692/1879 3731/2691/1879
s 1
f 3729/2693/1879 3731/2691/1879 3732/2694/1879
f 3733/2697/1757 3734/2696/1756 3735/2695/1756
f 3733/2697/1757 3735/2695/1756 3736/2698/1757
f 3737/2696/1759 3738/2700/1758 3739/2699/1758
f 3737/2696/1759 3739/2699/1758 3740/2695/1759
f 3738/2700/1758 3741/2702/1760 3742/2701/1760
f 3738/2700/1758 3742/2701/1760 3739/2699/1758
f 3743/2702/1762 3744/2704/1761 3745/2703/1761
f 3743/2702/1762 3745/2703/1761 3746/2701/1762
f 3744/2704/1761 3747/2706/1763 3748/2705/1763
f 3744/2704/1761 3748/2705/1763 3745/2703/1761
f 3749/2706/1765 3750/2708/1764 3751/2707/1764
f 3749/2706/1765 3751/2707/1764 3752/2705/1765
f 3750/2708/1764 3753/2710/1766 3754/2709/1766
f 3750/2708/1764 3754/2709/1766 3751/2707/1764
f 3755/2710/1768 3756/2712/1767 3757/2711/1767
f 3755/2710/1768 3757/2711/1767 3758/2709/1768
f 3759/2715/1880 3760/2714/1881 3761/2713/1882
f 3759/2715/1880 3761/2713/1882 3762/2716/1883
f 3760/2714/1881 3763/2718/1884 3764/2717/1885
f 3760/2714/1881 3764/2717/1885 3761/2713/1882
f 3763/2718/1884 3765/2720/1886 3766/2719/1887
f 3763/2718/1884 3766/2719/1887 3764/2717/1885
f 3765/2720/1886 3767/2722/1888 3768/2721/1889
f 3765/2720/1886 3768/2721/1889 3766/2719/1887
f 3767/2722/1888 3769/2724/1890 3770/2723/1891
f 3767/2722/1888 3770/2723/1891 3768/2721/1889
f 3769/2724/1890 3771/2726/1892 3772/2725/1893
f 3769/2724/1890 3772/2725/1893 3770/2723/1891
f 3771/2726/1892 3773/2728/1894 3774/2727/1895
f 3771/2726/1892 3774/2727/1895 3772/2725/1893
f 3773/2728/1894 3775/2730/1896 3776/2729/1897
f 3773/2728/1894 3776/2729/1897 3774/2727/1895
f 3775/2730/1896 3777/2732/1898 3778/2731/1899
f 3775/2730/1896 3778/2731/1899 3776/2729/1897
f 3777/2732/1898 3779/2734/1900 3780/2733/1901
f 3777/2732/1898 3780/2733/1901 3778/2731/1899
f 3779/2734/1900 3781/2736/1902 3782/2735/1903
f 3779/2734/1900 3782/2735/1903 3780/2733/1901
f 3781/2736/1902 3783/2738/1904 3784/2737/1905
f 3781/2736/1902 3784/2737/1905 3782/2735/1903
f 3783/2738/1904 3785/2740/1906 3786/2739/1907
f 3783/2738/1904 3786/2739/1907 3784/2737/1905
f 3785/2740/1906 3787/2742/1908 3788/2741/1909
f 3785/2740/1906 3788/2741/1909 3786/2739/1907
f 3787/2742/1908 3789/2744/1910 3790/2743/1911
f 3787/2742/1908 3790/2743/1911 3788/2741/1909
f 3791/2745/1912 3759/2715/1880 3762/2716/1883
f 3791/2745/1912 3762/2716/1883 3792/2746/1913
f 3793/2748/1914 3794/2747/1915 3762/2716/1883
f 3793/2748/1914 3762/2716/1883 3761/2713/1882
f 3795/2749/1916 3793/2748/1914 3761/2713/1882
f 3795/2749/1916 3761/2713/1882 3764/2717/1885
f 3796/2750/1917 3795/2749/1916 3764/2717/1885
f 3796/2750/1917 3764/2717/1885 3766/2719/1887
f 3797/2751/1918 3796/2750/1917 3766/2719/1887
f 3797/2751/1918 3766/2719/1887 3768/2721/1889
f 3798/2752/1919 3797/2751/1918 3768/2721/1889
f 3798/2752/1919 3768/2721/1889 3770/2723/1891
f 3799/2753/1920 3798/2752/1919 3770/2723/1891
f 3799/2753/1920 3770/2723/1891 3772/2725/1893
f 3800/2754/1921 3799/2753/1920 3772/2725/1893
f 3800/2754/1921 3772/2725/1893 3774/2727/1895
f 3801/2755/1922 3800/2754/1921 3774/2727/1895
f 3801/2755/1922 3774/2727/1895 3776/2729/1897
f 3802/2756/1923 3801/2755/1922 3776/2729/1897
f 3802/2756/1923 3776/2729/1897 3778/2731/1899
f 3803/2757/1924 3802/2756/1923 3778/2731/1899
f 3803/2757/1924 3778/2731/1899 3780/2733/1901
f 3804/2758/1925 3803/2757/1924 3780/2733/1901
f 3804/2758/1925 3780/2733/1901 3782/2735/1903
f 3805/2759/1926 3804/2758/1925 3782/2735/1903
f 3805/2759/1926 3782/2735/1903 3784/2737/1905
f 3806/2760/1927 3805/2759/1926 3784/2737/1905
f 3806/2760/1927 3784/2737/1905 3786/2739/1907
f 3807/2761/1928 3806/2760/1927 3786/2739/1907
f 3807/2761/1928 3786/2739/1907 3788/2741/1909
f 3808/2762/1929 3807/2761/1928 3788/2741/1909
f 3808/2762/1929 3788/2741/1909 3790/2743/1911
f 3794/2747/1915 3809/2763/1930 3792/2746/1913
f 3794/2747/1915 3792/2746/1913 3762/2716/1883
f 3810/2765/1931 3811/2764/1932 3760/2714/1881
f 3810/2765/1931 3760/2714/1881 3759/2715/1880
f 3811/2764/1932 3812/2766/1933 3763/2718/1884
f 3811/2764/1932 3763/2718/1884 3760/2714/1881
f 3812/2766/1933 3813/2767/1934 3765/2720/1886
f 3812/2766/1933 3765/2720/1886 3763/2718/1884
f 3813/2767/1934 3814/2768/1935 3767/2722/1888
f 3813/2767/1934 3767/2722/1888 3765/2720/1886
f 3814/2768/1935 3815/2769/1936 3769/2724/1890
f 3814/2768/1935 3769/2724/1890 3767/2722/1888
f 3815/2769/1936 3816/2770/1937 3771/2726/1892
f 3815/2769/1936 3771/2726/1892 3769/2724/1890
f 3816/2770/1937 3817/2771/1938 3773/2728/1894
f 3816/2770/1937 3773/2728/1894 3771/2726/1892
f 3817/2771/1938 3818/2772/1939 3775/2730/1896
f 3817/2771/1938 3775/2730/1896 3773/2728/1894
f 3818/2772/1939 3819/2773/1940 3777/2732/1898
f 3818/2772/1939 3777/2732/1898 3775/2730/1896
f 3819/2773/1940 3820/2774/1941 3779/2734/1900
f 3819/2773/1940 3779/2734/1900 3777/2732/1898
f 3820/2774/1941 3821/2775/1942 3781/2736/1902
f 3820/2774/1941 3781/2736/1902 3779/2734/1900
f 3821/2775/1942 3822/2776/1943 3783/2738/1904
f 3821/2775/1942 3783/2738/1904 3781/2736/1902
f 3822/2776/1943 3823/2777/1944 3785/2740/1906
f 3822/2776/1943 3785/2740/1906 3783/2738/1904
f 3823/2777/1944 3824/2778/1945 3787/2742/1908
f 3823/2777/1944 3787/2742/1908 3785/2740/1906
f 3824/2778/1945 3825/2779/1946 3789/2744/1910
f 3824/2778/1945 3789/2744/1910 3787/2742/1908
f 3826/2780/1947 3810/2765/1931 3759/2715/1880
f 3826/2780/1947 3759/2715/1880 3791/2745/1912
f 3827/2783/1948 3828/2782/1949 3829/2781/1949
f 3827/2783/1948 3829/2781/1949 3830/2784/1948
s 0
f 3828/2782/1950 3831/2786/1950 3832/2785/1950
f 3828/2782/1950 3832/2785/1950 3829/2781/1950
f 3831/2786/1951 3833/2788/1951 3834/2787/1951
f 3831/2786/1951 3834/2787/1951 3832/2785/1951
f 3833/2788/1952 3835/2790/1952 3836/2789/1952
f 3833/2788/1952 3836/2789/1952 3834/2787/1952
f 3835/2790/1953 3837/2792/1953 3838/2791/1953
f 3835/2790/1953 3838/2791/1953 3836/2789/1953
f 3837/2792/1954 3839/2794/1954 3840/2793/1954
f 3837/2792/1954 3840/2793/1954 3838/2791/1954
f 3839/2794/1955 3841/2796/1955 3842/2795/1955
f 3839/2794/1955 3842/2795/1955 3840/2793/1955
f 3841/2796/1956 3843/2798/1956 3844/2797/1956
f 3841/2796/1956 3844/2797/1956 3842/2795/1956
f 3843/2798/1957 3845/2800/1957 3846/2799/1957
f 3843/2798/1957 3846/2799/1957 3844/2797/1957
f 3845/2800/1958 3847/2802/1958 3848/2801/1958
f 3845/2800/1958 3848/2801/1958 3846/2799/1958
s 1
f 3847/2802/1959 3849/2804/1960 3850/2803/1961
f 3847/2802/1959 3850/2803/1961 3848/2801/1959
f 3849/2804/1960 3851/2806/1962 3852/2805/1962
f 3849/2804/1960 3852/2805/1962 3850/2803/1961
f 3851/2806/1962 3853/2808/1963 3854/2807/1963
f 3851/2806/1962 3854/2807/1963 3852/2805/1962
f 3853/2808/1963 3855/2810/1964 3856/2809/1964
f 3853/2808/1963 3856/2809/1964 3854/2807/1963
f 3855/2810/1964 3857/2812/1965 3858/2811/1965
f 3855/2810/1964 3858/2811/1965 3856/2809/1964
f 3857/2812/1965 3827/2783/1948 3830/2784/1948
f 3857/2812/1965 3830/2784/1948 3858/2811/1965
f 3859/2815/1966 3860/2814/1967 3861/2813/1967
f 3859/2815/1966 3861/2813/1967 3862/2816/1968
f 3860/2814/1967 3863/2818/1969 3864/2817/1969
f 3860/2814/1967 3864/2817/1969 3861/2813/1967
f 3863/2818/1969 3865/2820/1970 3866/2819/1970
f 3863/2818/1969 3866/2819/1970 3864/2817/1969
f 3865/2820/1970 3867/2822/1971 3868/2821/1971
f 3865/2820/1970 3868/2821/1971 3866/2819/1970
f 3867/2822/1971 3869/2824/1972 3870/2823/1972
f 3867/2822/1971 3870/2823/1972 3868/2821/1971
f 3869/2824/1972 3871/2826/1973 3872/2825/1973
f 3869/2824/1972 3872/2825/1973 3870/2823/1972
f 3871/2826/1973 3873/2828/1974 3874/2827/1974
f 3871/2826/1973 3874/2827/1974 3872/2825/1973
f 3875/2831/1975 3876/2830/1976 3877/2829/1976
f 3875/2831/1975 3877/2829/1976 3878/2832/1975
f 3876/2830/1976 3879/2834/1977 3880/2833/1977
f 3876/2830/1976 3880/2833/1977 3877/2829/1976
f 3879/2834/1977 3881/2836/1978 3882/2835/1978
f 3879/2834/1977 3882/2835/1978 3880/2833/1977
f 3881/2836/1978 3883/2838/1979 3884/2837/1980
f 3881/2836/1978 3884/2837/1980 3882/2835/1978
f 3883/2838/1979 3885/2840/1981 3886/2839/1981
f 3883/2838/1979 3886/2839/1981 3884/2837/1980
f 3885/2840/1981 3887/2842/1982 3888/2841/1983
f 3885/2840/1981 3888/2841/1983 3886/2839/1981
f 3887/2842/1982 3889/2844/1984 3890/2843/1985
f 3887/2842/1982 3890/2843/1985 3888/2841/1983
f 3889/2844/1984 3891/2846/1986 3892/2845/1987
f 3889/2844/1984 3892/2845/1987 3890/2843/1985
f 3891/2846/1986 3859/2815/1966 3862/2816/1968
f 3891/2846/1986 3862/2816/1968 3892/2845/1987
s 0
f 278/154/33 3893/2847/33 3894/2848/33
f 3893/2847/33 278/154/33 277/153/33
f 271/149/34 1588/987/34 269/147/34
f 1588/987/34 271/149/34 3895/2849/34
f 1588/987/34 3895/2849/34 3896/2850/34
f 3898/2851/34 275/151/34 3897/2852/34
f 275/151/34 3898/2851/34 276/152/34
f 1576/975/33 267/145/33 266/144/33
f 267/145/33 1576/975/33 3899/2853/33
f 3899/2853/33 1576/975/33 3900/2854/33
f 3902/355/1988 3912/355/1988 3901/355/1988
f 3912/355/1988 3902/355/1988 3903/355/1988
f 3912/355/1988 3903/355/1988 3911/355/1988
f 3911/355/1988 3903/355/1988 3904/355/1988
f 3911/355/1988 3904/355/1988 3910/355/1988
f 3910/355/1988 3904/355/1988 3905/355/1988
f 3910/355/1988 3905/355/1988 3909/355/1988
f 3909/355/1988 3905/355/1988 3906/355/1988
f 3909/355/1988 3906/355/1988 3908/355/1988
f 3908/355/1988 3906/355/1988 3907/355/1988
f 3914/355/131 551/355/131 3913/355/131
f 551/355/131 3914/355/131 549/355/131
f 549/355/131 3914/355/131 3915/355/131
f 549/355/131 3915/355/131 3916/355/131
f 549/355/131 3916/355/131 547/355/131
f 547/355/131 3916/355/131 3917/355/131
f 547/355/131 3917/355/131 3918/355/131
f 547/355/131 3918/355/131 3919/355/131
