# Blender 4.5.13 LTS
# www.blender.org
mtllib vacuum_20k.mtl
o Object_4
v 0.332441 0.834848 0.000943
v 0.331716 0.834051 0.000943
v 0.332073 0.835153 0.000941
v 0.350593 0.839346 0.003683
v 0.351003 0.839011 0.004307
v 0.350594 0.839346 -0.003681
v 0.351003 0.839011 -0.004307
v 0.335991 0.827720 -0.001882
v 0.338629 0.830831 -0.002005
v 0.341243 0.827980 -0.003501
v 0.341089 0.827813 -0.003601
v 0.341580 0.828094 -0.004103
v 0.341470 0.827766 -0.004030
v 0.341281 0.827938 -0.003557
v 0.354931 0.843749 0.004256
v 0.354948 0.843723 0.004257
v 0.354560 0.844079 0.003659
v 0.349444 0.836021 0.004481
v 0.355059 0.842832 0.004520
v 0.354952 0.843736 -0.004269
v 0.354968 0.843732 -0.004267
v 0.354565 0.844088 -0.003660
v 0.349493 0.835971 -0.004544
v 0.349308 0.835903 -0.004545
v 0.355062 0.842835 -0.004521
v 0.349308 0.835903 0.004545
v 0.351240 0.838243 0.004552
v 0.350723 0.838671 0.004307
v 0.348874 0.836432 0.004299
v 0.350589 0.839354 0.003694
v 0.354498 0.844135 0.003665
v 0.348323 0.825846 0.000904
v 0.353368 0.832269 0.001797
v 0.348122 0.826013 0.001774
v 0.345808 0.833573 0.003692
v 0.346773 0.837174 0.002954
v 0.348914 0.839623 0.002686
v 0.353588 0.832122 -0.000429
v 0.351030 0.831089 0.003287
v 0.352154 0.833548 0.003870
v 0.350881 0.834600 0.004645
v 0.345521 0.828165 0.004554
v 0.350429 0.835012 0.004580
v 0.344122 0.829322 0.004615
v 0.348865 0.835051 0.004563
v 0.343469 0.829886 0.004279
v 0.344127 0.829318 0.004546
v 0.343457 0.829872 0.004282
v 0.346807 0.827101 0.003854
v 0.347348 0.826653 0.003277
v 0.346807 0.827101 0.003854
v 0.347374 0.826632 0.003305
v 0.348170 0.825974 -0.001796
v 0.348122 0.826013 0.001774
v 0.343469 0.829886 -0.004279
v 0.342919 0.830126 -0.003679
v 0.347044 0.835059 -0.003697
v 0.348874 0.836432 -0.004299
v 0.353476 0.832041 0.000909
v 0.348483 0.836806 0.003692
v 0.351521 0.838583 0.004553
v 0.355101 0.842910 0.004553
v 0.350589 0.839354 -0.003694
v 0.349308 0.835903 0.004545
v 0.350862 0.834617 0.004565
v 0.352698 0.833098 0.003292
v 0.352698 0.833098 0.003292
v 0.353555 0.832209 0.000898
v 0.353385 0.832428 0.001761
v 0.351521 0.838583 -0.004553
v 0.349799 0.837552 -0.004303
v 0.350315 0.837124 -0.004548
v 0.350315 0.837124 -0.004548
v 0.335154 0.832691 -0.001570
v 0.332069 0.827564 -0.001541
v 0.343157 0.829919 -0.004040
v 0.337359 0.832737 -0.001701
v 0.341410 0.837879 -0.001850
v 0.340018 0.832374 -0.002023
v 0.345129 0.838059 -0.002123
v 0.348921 0.839619 -0.002685
v 0.348231 0.825733 -0.000905
v 0.347853 0.825694 -0.001772
v 0.348029 0.825901 -0.001774
v 0.347523 0.825967 -0.002573
v 0.347699 0.826174 -0.002575
v 0.348029 0.825901 -0.001774
v 0.347079 0.826334 -0.003274
v 0.347255 0.826541 -0.003277
v 0.347699 0.826174 -0.002575
v 0.346107 0.827491 -0.004314
v 0.347255 0.826541 -0.003277
v 0.345443 0.828043 -0.004666
v 0.353076 0.832648 -0.002586
v 0.347348 0.826653 -0.003277
v 0.346807 0.827101 -0.003853
v 0.352181 0.833525 -0.003939
v 0.350862 0.834617 -0.004565
v 0.344823 0.828742 -0.004635
v 0.349309 0.835901 -0.004540
v 0.343447 0.829880 -0.004324
v 0.345520 0.828166 -0.004546
v 0.345530 0.828158 -0.004588
v 0.347792 0.826286 -0.002575
v 0.347792 0.826286 -0.002575
v 0.342919 0.830126 -0.003679
v 0.348483 0.836806 -0.003692
v 0.351521 0.838583 -0.004553
v 0.355101 0.842910 -0.004553
v 0.346448 0.824002 -0.001771
v 0.346163 0.823849 -0.001476
v 0.345843 0.824113 -0.002497
v 0.346119 0.824275 -0.002570
v 0.345820 0.824040 -0.002515
v 0.345396 0.824430 -0.003194
v 0.345386 0.824399 -0.003201
v 0.344868 0.824861 -0.003755
v 0.344267 0.825364 -0.004171
v 0.344254 0.825335 -0.004183
v 0.343615 0.825904 -0.004428
v 0.343600 0.825876 -0.004441
v 0.342935 0.826460 -0.004516
v 0.342289 0.827054 -0.004408
v 0.342462 0.827304 -0.004537
v 0.342289 0.827054 -0.004408
v 0.341696 0.827664 -0.004158
v 0.341794 0.827857 -0.004274
v 0.341696 0.827664 -0.004158
v 0.341470 0.827766 -0.004030
v 0.341570 0.828085 -0.004108
v 0.354498 0.844135 -0.003664
v 0.350250 0.835301 -0.004599
v 0.350162 0.835196 -0.004655
v 0.352154 0.833547 -0.003870
v 0.352698 0.833098 -0.003292
v 0.352698 0.833098 -0.003292
v 0.353340 0.832291 -0.001782
v 0.353384 0.832427 -0.001761
v 0.353340 0.832291 0.001782
v 0.351240 0.838243 0.004553
v 0.351521 0.838583 0.004553
v 0.351549 0.838560 0.004527
v 0.351268 0.838221 0.004527
v 0.351521 0.838583 0.004553
v 0.351240 0.838243 0.004552
v 0.350863 0.834634 0.004512
v 0.351913 0.833822 0.004142
v 0.350862 0.834617 0.004565
v 0.352730 0.833199 0.003252
v 0.352698 0.833098 0.003292
v 0.353095 0.832660 0.002593
v 0.352698 0.833098 0.003292
v 0.351554 0.838555 -0.004523
v 0.351521 0.838583 -0.004553
v 0.350334 0.837109 -0.004525
v 0.351215 0.834336 -0.004479
v 0.352154 0.833547 -0.003870
v 0.352214 0.833669 -0.003823
v 0.352698 0.833098 -0.003292
v 0.352154 0.833547 -0.003870
v 0.352730 0.833199 -0.003252
v 0.352583 0.832966 -0.003280
v 0.349427 0.836025 0.004507
v 0.349486 0.836056 -0.004508
v 0.342919 0.830126 0.003679
v 0.346448 0.824002 -0.001771
v 0.346651 0.823834 -0.000903
v 0.346448 0.824002 -0.001771
v 0.349516 0.836072 -0.004510
v 0.349516 0.836073 0.004510
v 0.345910 0.837459 0.002579
v 0.346722 0.839524 0.002146
v 0.345129 0.838059 0.002123
v 0.346845 0.837451 0.002850
v 0.342919 0.830126 0.003679
v 0.340999 0.831635 0.002583
v 0.342118 0.831957 0.002872
v 0.342810 0.832374 0.002990
v 0.353617 0.832162 -0.000469
v 0.353539 0.832203 0.000897
v 0.350246 0.835297 0.004597
v 0.345115 0.839470 -0.002010
v 0.345129 0.838059 -0.002123
v 0.346722 0.839524 -0.002146
v 0.336552 0.832443 -0.001707
v 0.342910 0.838896 -0.001908
v 0.346722 0.839524 -0.002146
v 0.344418 0.837266 0.002111
v 0.345859 0.837481 0.002543
v 0.334344 0.833883 0.001382
v 0.339647 0.845733 0.001353
v 0.332799 0.835371 0.001457
v 0.351469 0.845859 0.001461
v 0.338134 0.843846 0.001312
v 0.341960 0.848584 0.001241
v 0.347507 0.847255 0.001531
v 0.343725 0.847631 0.001470
v 0.335077 0.832772 0.001336
v 0.337148 0.845068 0.001384
v 0.338093 0.847043 0.000816
v 0.346626 0.847586 0.001491
v 0.345719 0.848570 0.001335
v 0.342429 0.847088 0.001271
v 0.351119 0.845597 0.000000
v 0.336331 0.844854 0.000849
v 0.332199 0.835313 0.000889
v 0.350214 0.847206 0.001299
v 0.351882 0.846304 0.001400
v 0.351551 0.845917 0.001451
v 0.333865 0.839583 0.000904
v 0.342792 0.848883 -0.000935
v 0.332214 0.835340 -0.000879
v 0.351773 0.846149 0.001389
v 0.340391 0.846266 -0.001291
v 0.338044 0.843737 -0.001332
v 0.347756 0.847189 -0.001519
v 0.346001 0.847634 0.001497
v 0.334241 0.833813 -0.001415
v 0.332799 0.835374 -0.001457
v 0.351469 0.845859 -0.001461
v 0.339939 0.847901 -0.001159
v 0.343653 0.847611 -0.001475
v 0.337148 0.845068 -0.001384
v 0.337054 0.845804 -0.000946
v 0.346626 0.847586 -0.001491
v 0.346071 0.848689 -0.001291
v 0.349846 0.847462 -0.001278
v 0.351772 0.846143 -0.001388
v 0.351551 0.845917 -0.001451
v 0.334249 0.840298 -0.000957
v 0.351773 0.846149 -0.001389
v 0.346001 0.847634 -0.001497
v 0.335157 0.832790 0.001204
v 0.335122 0.832792 -0.001289
v 0.331569 0.834058 -0.000947
v 0.332184 0.827820 -0.001390
v 0.329083 0.828595 0.001187
v 0.332108 0.827626 0.001373
v 0.329022 0.828565 -0.001164
v 0.322696 0.815839 -0.001258
v 0.323082 0.821037 0.000824
v 0.320771 0.818138 0.000926
v 0.322697 0.815824 0.001264
v 0.320769 0.818128 -0.000941
v 0.322201 0.819916 -0.000828
v 0.323068 0.821026 -0.000836
v 0.322207 0.819924 0.000834
v 0.320691 0.818204 0.000000
v 0.320909 0.817359 0.001273
v 0.320818 0.817437 -0.001272
v 0.322661 0.815905 -0.001247
v 0.322785 0.815802 -0.001050
v 0.322785 0.815802 0.001050
v 0.322661 0.815905 0.001247
v 0.331582 0.834045 0.000923
v 0.360151 0.840086 -0.000901
v 0.360219 0.840169 0.000904
v 0.360016 0.840337 0.001772
v 0.359630 0.840594 0.002550
v 0.359610 0.840588 0.002541
v 0.359243 0.840977 0.003275
v 0.358702 0.841424 0.003850
v 0.358085 0.841934 0.004278
v 0.357416 0.842488 0.004542
v 0.356684 0.843019 0.004582
v 0.351038 0.834761 0.004643
v 0.349574 0.835974 0.004574
v 0.355292 0.843002 0.004586
v 0.355863 0.843654 0.004465
v 0.355559 0.843319 0.004572
v 0.355106 0.843822 0.004303
v 0.355106 0.843822 0.004303
v 0.355863 0.843654 0.004465
v 0.355320 0.844103 0.004206
v 0.353250 0.832794 0.002588
v 0.353706 0.832127 -0.000542
v 0.353512 0.832439 0.001782
v 0.352870 0.833246 0.003292
v 0.352870 0.833246 0.003292
v 0.352326 0.833695 0.003871
v 0.352326 0.833695 0.003871
v 0.351706 0.834208 0.004301
v 0.351706 0.834208 0.004301
v 0.351034 0.834765 0.004566
v 0.353649 0.832189 0.000909
v 0.353512 0.832439 0.001782
v 0.359630 0.840594 -0.002550
v 0.358914 0.840544 -0.003297
v 0.359610 0.840588 -0.002541
v 0.357075 0.842065 -0.004572
v 0.356688 0.843024 -0.004587
v 0.350706 0.835036 -0.004652
v 0.349574 0.835974 -0.004574
v 0.360102 0.840147 -0.000889
v 0.360102 0.840147 -0.000889
v 0.359142 0.840941 -0.003220
v 0.359142 0.840941 -0.003220
v 0.357346 0.842427 -0.004465
v 0.357346 0.842427 -0.004465
v 0.355292 0.843002 -0.004586
v 0.355863 0.843654 -0.004465
v 0.355106 0.843822 -0.004303
v 0.355559 0.843319 -0.004572
v 0.355106 0.843822 -0.004303
v 0.355320 0.844103 -0.004206
v 0.355863 0.843654 -0.004465
v 0.358085 0.841934 -0.004278
v 0.358702 0.841424 -0.003850
v 0.352391 0.833688 -0.003931
v 0.355127 0.835058 -0.002590
v 0.360016 0.840337 -0.001772
v 0.353512 0.832439 -0.001782
v 0.353512 0.832439 -0.001782
v 0.353248 0.832795 -0.002587
v 0.353248 0.832795 -0.002587
v 0.352326 0.833695 -0.003871
v 0.351706 0.834208 -0.004301
v 0.351706 0.834208 -0.004301
v 0.353649 0.832189 0.000909
v 0.278440 0.766451 0.000858
v 0.277708 0.765528 0.000870
v 0.277468 0.765596 0.000950
v 0.278378 0.766696 0.000954
v 0.278540 0.766554 -0.000647
v 0.278501 0.766557 0.000650
v 0.278310 0.766713 0.000872
v 0.278307 0.766690 -0.000868
v 0.277819 0.765726 0.000798
v 0.277453 0.765671 -0.000868
v 0.277460 0.765667 0.000872
v 0.277711 0.765575 -0.000860
v 0.278392 0.766427 -0.000772
v 0.278168 0.766436 -0.000822
v 0.277463 0.765590 -0.000954
v 0.277684 0.765518 0.000814
v 0.277745 0.765493 0.000647
v 0.277743 0.765628 -0.000806
v 0.278582 0.766555 0.000649
v 0.278384 0.766406 0.000805
v 0.278492 0.766498 0.000866
v 0.278491 0.766493 -0.000814
v 0.278527 0.766438 -0.000647
v 0.278527 0.766438 -0.000647
v 0.277657 0.765462 0.000647
v 0.323199 0.814956 -0.001536
v 0.324636 0.813766 -0.000805
v 0.323607 0.814618 0.001572
v 0.283349 0.768309 -0.000417
v 0.284508 0.767350 -0.001518
v 0.285395 0.766617 0.001041
v 0.324712 0.813704 0.000623
v 0.322497 0.815536 0.000402
v 0.285648 0.766408 -0.000647
v 0.284115 0.767675 0.001471
v 0.317401 0.811914 0.000666
v 0.282945 0.770173 0.000618
v 0.318668 0.810866 -0.000731
v 0.284147 0.769179 -0.000703
v 0.282929 0.770187 -0.000645
v 0.317418 0.811900 -0.000638
v 0.318659 0.810873 0.000726
v 0.284156 0.769171 0.000708
v 0.284106 0.769222 0.000735
v 0.282846 0.767686 0.001246
v 0.284074 0.769246 -0.000743
v 0.282801 0.767563 -0.001250
v 0.282766 0.769904 0.000463
v 0.280678 0.769443 0.001037
v 0.282784 0.769888 -0.000476
v 0.280720 0.769436 -0.001041
v 0.278409 0.762261 0.000927
v 0.278373 0.762304 -0.001027
v 0.278302 0.766623 0.000918
v 0.276701 0.763962 -0.001209
v 0.276577 0.764615 -0.000823
v 0.277502 0.765626 -0.000865
v 0.278339 0.766649 -0.000882
v 0.276564 0.764626 0.000000
v 0.278423 0.762257 -0.000898
v 0.276586 0.764597 0.000968
v 0.277516 0.765655 0.000893
v 0.278417 0.762500 -0.001044
v 0.275755 0.759286 -0.001027
v 0.275435 0.759445 -0.000999
v 0.276754 0.763875 0.000690
v 0.276744 0.763884 -0.000690
v 0.274046 0.760523 0.000655
v 0.277112 0.763579 -0.001068
v 0.274497 0.760403 -0.001043
v 0.277112 0.763579 0.001068
v 0.276754 0.763875 0.000690
v 0.274581 0.760506 0.001044
v 0.278417 0.762500 0.001045
v 0.275721 0.759255 0.001027
v 0.276754 0.763875 -0.000690
v 0.277112 0.763579 -0.001068
v 0.275451 0.759500 0.001015
v 0.275351 0.759449 0.000957
v 0.274044 0.760519 -0.000655
v 0.275404 0.759419 -0.001031
v 0.275387 0.759420 0.001014
v 0.277112 0.763579 0.001068
v 0.269128 0.752893 -0.001703
v 0.268666 0.753290 -0.001677
v 0.268110 0.754906 0.000887
v 0.273420 0.759051 0.001634
v 0.272169 0.759344 0.000933
v 0.274063 0.758843 0.001598
v 0.274407 0.759260 -0.001385
v 0.268663 0.753283 -0.001683
v 0.269066 0.752912 -0.001646
v 0.269066 0.752912 0.001646
v 0.268663 0.753284 0.001682
v 0.272009 0.759118 -0.001041
v 0.268108 0.754906 -0.000889
v 0.270346 0.757831 -0.000868
v 0.270319 0.757790 0.000875
v 0.268120 0.754920 0.000878
v 0.268122 0.754922 -0.000878
v 0.274022 0.759806 0.000615
v 0.274055 0.759772 -0.000763
v 0.268666 0.753289 0.001677
v 0.269131 0.752895 0.001701
v 0.273334 0.758943 -0.001660
v 0.269117 0.752897 -0.001695
v 0.269117 0.752896 0.001695
v 0.269117 0.752897 -0.001695
v 0.269117 0.752896 0.001695
v 0.263658 0.751701 0.009882
v 0.262817 0.753063 0.009863
v 0.263461 0.752509 0.009856
v 0.260839 0.751717 0.007289
v 0.260839 0.751717 -0.007289
v 0.262941 0.752862 -0.009748
v 0.262674 0.753067 -0.009748
v 0.262674 0.753067 0.009748
v 0.262941 0.752862 0.009748
v 0.262223 0.750193 -0.005094
v 0.262876 0.750747 -0.003921
v 0.262924 0.750450 -0.004752
v 0.262302 0.750006 -0.005909
v 0.260616 0.752034 0.003229
v 0.260403 0.751119 0.004614
v 0.260294 0.751778 0.004388
v 0.262021 0.752729 0.000468
v 0.262427 0.752907 0.000031
v 0.260310 0.751006 0.005620
v 0.263299 0.751234 -0.003336
v 0.261183 0.752629 0.001931
v 0.261280 0.752898 0.001873
v 0.260738 0.750350 0.006909
v 0.262950 0.752277 -0.001030
v 0.261336 0.750130 0.006891
v 0.261213 0.750413 -0.006981
v 0.261650 0.749942 -0.006978
v 0.260652 0.752469 0.003157
v 0.261599 0.750000 0.006909
v 0.261569 0.749956 -0.006977
v 0.260426 0.751695 0.006909
v 0.260643 0.752284 -0.006977
v 0.261536 0.752806 0.006909
v 0.262963 0.752275 -0.006977
v 0.263103 0.750898 0.006909
v 0.262963 0.750862 -0.006977
v 0.263051 0.750814 -0.006977
v 0.261663 0.750087 0.006909
v 0.261693 0.750140 -0.006977
v 0.262003 0.752930 -0.003736
v 0.262034 0.753197 -0.004312
v 0.262105 0.750112 0.003604
v 0.262116 0.749886 0.004171
v 0.260510 0.750738 0.000706
v 0.260295 0.750638 0.000845
v 0.260269 0.751765 -0.000785
v 0.262897 0.750914 0.005821
v 0.263007 0.750853 0.006919
v 0.261044 0.752529 -0.002314
v 0.260908 0.752709 -0.002674
v 0.263256 0.751478 -0.006966
v 0.263162 0.752064 -0.006977
v 0.260538 0.751913 -0.000973
v 0.260503 0.752284 -0.001729
v 0.263077 0.751694 0.006899
v 0.263024 0.751900 -0.003939
v 0.263400 0.751472 -0.005423
v 0.261845 0.750044 0.005442
v 0.260538 0.750522 0.003909
v 0.261169 0.752624 -0.000336
v 0.260915 0.752721 -0.000091
v 0.260599 0.752026 0.000982
v 0.260399 0.752138 0.001161
v 0.261993 0.753116 -0.001737
v 0.260382 0.751079 0.002395
v 0.260231 0.751382 0.002414
v 0.262008 0.752744 -0.001702
v 0.262201 0.749961 0.006908
v 0.262476 0.750427 -0.006984
v 0.262903 0.750733 -0.005864
v 0.263011 0.750565 -0.006980
v 0.262660 0.750444 0.006906
v 0.261836 0.751832 -0.008097
v 0.261812 0.751796 0.008097
v 0.262206 0.751400 0.008097
v 0.262030 0.751106 -0.008097
v 0.261363 0.751173 0.008097
v 0.261663 0.751603 -0.008097
v 0.261846 0.751861 0.008097
v 0.346916 0.823192 -0.000656
v 0.342777 0.818189 -0.000656
v 0.346916 0.823192 0.000652
v 0.342777 0.818189 0.000652
v 0.336847 0.816042 -0.003624
v 0.336263 0.816427 -0.004048
v 0.336264 0.816492 -0.003847
v 0.337848 0.815257 -0.002774
v 0.337382 0.815625 -0.003262
v 0.338231 0.814954 -0.002179
v 0.337850 0.815259 -0.002774
v 0.338518 0.814732 -0.001501
v 0.338262 0.814923 -0.002208
v 0.338693 0.814594 -0.000765
v 0.338520 0.814735 -0.001501
v 0.338753 0.814548 0.000000
v 0.338695 0.814597 -0.000765
v 0.338816 0.814426 0.000805
v 0.338755 0.814550 -0.000000
v 0.338690 0.814590 0.000765
v 0.338518 0.814732 0.001501
v 0.338690 0.814590 0.000765
v 0.338232 0.814956 0.002180
v 0.338520 0.814734 0.001501
v 0.337848 0.815257 0.002774
v 0.338234 0.814958 0.002179
v 0.337434 0.815509 0.003432
v 0.337850 0.815259 0.002774
v 0.337377 0.815620 0.003262
v 0.336847 0.816042 0.003624
v 0.337377 0.815620 0.003262
v 0.336268 0.816496 0.003848
v 0.336849 0.816044 0.003624
v 0.335667 0.816970 0.003923
v 0.336270 0.816499 0.003848
v 0.335063 0.817441 0.003847
v 0.334483 0.817894 0.003624
v 0.335065 0.817443 0.003847
v 0.333951 0.818313 0.003262
v 0.334464 0.817901 0.003673
v 0.333483 0.818680 0.002774
v 0.333952 0.818316 0.003262
v 0.333099 0.818981 0.002179
v 0.333485 0.818682 0.002774
v 0.332815 0.819206 0.001501
v 0.333101 0.818983 0.002179
v 0.332446 0.819421 0.000805
v 0.332635 0.819338 0.000765
v 0.332577 0.819388 -0.000000
v 0.332635 0.819338 0.000765
v 0.332638 0.819342 -0.000765
v 0.332532 0.819415 -0.000000
v 0.332814 0.819205 -0.001501
v 0.332640 0.819345 -0.000765
v 0.333099 0.818981 -0.002179
v 0.332816 0.819207 -0.001501
v 0.333699 0.818512 -0.003047
v 0.333101 0.818984 -0.002179
v 0.334484 0.817895 -0.003624
v 0.335063 0.817441 -0.003847
v 0.334486 0.817897 -0.003624
v 0.336849 0.816045 -0.003624
v 0.335668 0.816971 -0.003923
v 0.336264 0.816492 -0.003847
v 0.335618 0.816908 -0.004125
v 0.334985 0.817404 -0.004046
v 0.335065 0.817443 -0.003848
v 0.335665 0.816968 -0.003923
v 0.334376 0.817882 -0.003811
v 0.333542 0.818521 -0.003203
v 0.332919 0.819024 -0.002292
v 0.332619 0.819259 -0.001579
v 0.332434 0.819404 -0.000805
v 0.332372 0.819453 -0.000000
v 0.332619 0.819259 0.001579
v 0.332919 0.819024 0.002292
v 0.333323 0.818708 0.002917
v 0.333815 0.818322 0.003430
v 0.334376 0.817882 0.003811
v 0.334985 0.817404 0.004046
v 0.335618 0.816908 0.004125
v 0.336251 0.816411 0.004046
v 0.336860 0.815934 0.003811
v 0.337913 0.815108 0.002917
v 0.338317 0.814792 0.002292
v 0.338617 0.814556 0.001579
v 0.338864 0.814363 -0.000000
v 0.338802 0.814412 -0.000805
v 0.338617 0.814556 -0.001579
v 0.338317 0.814792 -0.002292
v 0.337913 0.815108 -0.002917
v 0.337421 0.815494 -0.003430
v 0.336860 0.815934 -0.003811
v 0.335618 0.816908 -0.004125
v 0.340832 0.822475 -0.003352
v 0.339449 0.823564 -0.003249
v 0.338026 0.821457 -0.003305
v 0.339257 0.820490 -0.003285
v 0.338445 0.824352 -0.002369
v 0.336879 0.822355 -0.002369
v 0.337708 0.824929 -0.000905
v 0.336181 0.822902 -0.001070
v 0.336879 0.822355 -0.002369
v 0.337723 0.824917 0.000653
v 0.336158 0.822920 0.000653
v 0.337851 0.824817 0.001294
v 0.336308 0.822803 0.001282
v 0.336158 0.822920 0.000653
v 0.336286 0.822820 0.001297
v 0.339094 0.823843 0.003061
v 0.337399 0.821946 0.002972
v 0.340309 0.822890 0.003350
v 0.338743 0.820893 0.003350
v 0.340823 0.822487 0.003285
v 0.339257 0.820490 0.003285
v 0.338743 0.820893 0.003350
v 0.342517 0.821159 0.002142
v 0.340851 0.819239 0.002300
v 0.339257 0.820490 0.003285
v 0.342905 0.820852 -0.000656
v 0.341369 0.818836 -0.000658
v 0.342497 0.821174 -0.001940
v 0.341351 0.818847 -0.000663
v 0.340517 0.819503 -0.002582
v 0.339257 0.820490 -0.003285
v 0.335958 0.816282 -0.003285
v 0.334927 0.817090 -0.003317
v 0.335572 0.815786 -0.003301
v 0.334532 0.816606 -0.003352
v 0.334929 0.817089 -0.003285
v 0.333527 0.818188 -0.002452
v 0.333156 0.817686 -0.002416
v 0.333580 0.818147 -0.002369
v 0.332780 0.818776 -0.000685
v 0.332459 0.818229 -0.000656
v 0.332818 0.818743 -0.000658
v 0.333178 0.818466 0.001911
v 0.332792 0.817967 0.001921
v 0.333252 0.818404 0.001861
v 0.334395 0.817511 0.003190
v 0.334047 0.816982 0.003095
v 0.334435 0.817477 0.003095
v 0.334929 0.817089 0.003285
v 0.334539 0.816595 0.003301
v 0.334929 0.817089 0.003285
v 0.335961 0.816281 0.003317
v 0.335570 0.815787 0.003285
v 0.335958 0.816282 0.003285
v 0.336452 0.815895 0.003095
v 0.336064 0.815400 0.003095
v 0.336452 0.815895 0.003095
v 0.336908 0.815537 0.002785
v 0.336526 0.815035 0.002798
v 0.336908 0.815537 0.002785
v 0.337654 0.814952 0.001881
v 0.337289 0.814433 0.001898
v 0.337635 0.814967 0.001861
v 0.338162 0.814552 0.000012
v 0.337692 0.814124 -0.000000
v 0.338080 0.814619 -0.000000
v 0.338029 0.814658 -0.000653
v 0.337652 0.814153 -0.000657
v 0.338068 0.814629 -0.000668
v 0.337107 0.815381 -0.002698
v 0.336829 0.814800 -0.002582
v 0.335958 0.816282 -0.003285
v 0.335825 0.815747 -0.002898
v 0.334900 0.816473 -0.003013
v 0.335287 0.816034 -0.002833
v 0.334418 0.816716 -0.002724
v 0.334010 0.817170 -0.002670
v 0.333647 0.817320 -0.002200
v 0.336124 0.815378 -0.002510
v 0.336645 0.815104 -0.002341
v 0.336799 0.814848 -0.001806
v 0.337235 0.814642 -0.001427
v 0.337211 0.814525 -0.000826
v 0.337505 0.814430 -0.000297
v 0.337297 0.814458 0.000279
v 0.337414 0.814502 0.000879
v 0.337043 0.814657 0.001342
v 0.336975 0.814845 0.001921
v 0.336489 0.815092 0.002200
v 0.336257 0.815409 0.002670
v 0.335718 0.815696 0.002724
v 0.335367 0.816106 0.003013
v 0.334848 0.816378 0.002833
v 0.334442 0.816832 0.002898
v 0.334012 0.817034 0.002510
v 0.333622 0.817475 0.002341
v 0.333485 0.817435 0.002004
v 0.333032 0.817937 0.001427
v 0.333092 0.817755 0.001342
v 0.332762 0.818149 0.000297
v 0.332875 0.817914 0.000553
v 0.332839 0.817954 -0.000279
v 0.332853 0.818078 -0.000879
v 0.333092 0.817755 -0.001342
v 0.333291 0.817734 -0.001921
v 0.332582 0.835018 -0.000661
v 0.332582 0.835018 0.000660
v 0.332168 0.835360 -0.000661
v 0.332158 0.835369 0.000659
v 0.331643 0.833883 0.000660
v 0.331643 0.833883 -0.000661
v 0.331509 0.833993 0.000658
v 0.331520 0.833984 -0.000661
v 0.331716 0.834051 -0.000944
v 0.332441 0.834848 -0.000944
v 0.332073 0.835153 -0.000941
v 0.331907 0.833879 -0.000661
v 0.331907 0.833879 0.000660
v 0.331804 0.833840 -0.000661
v 0.331804 0.833840 0.000660
v 0.331695 0.833859 -0.000661
v 0.331695 0.833859 0.000660
v 0.332600 0.834716 -0.000731
v 0.331943 0.833921 -0.000731
v 0.332557 0.834751 -0.000854
v 0.331900 0.833957 -0.000854
v 0.332484 0.834812 -0.000925
v 0.331826 0.834018 -0.000925
v 0.332635 0.834759 0.000660
v 0.332635 0.834759 -0.000661
v 0.332654 0.834868 0.000660
v 0.332654 0.834868 -0.000661
v 0.332615 0.834971 0.000660
v 0.332615 0.834971 -0.000661
v 0.331943 0.833921 0.000731
v 0.332600 0.834716 0.000731
v 0.331900 0.833957 0.000854
v 0.332557 0.834751 0.000854
v 0.331826 0.834018 0.000925
v 0.332484 0.834812 0.000925
v 0.331954 0.833912 -0.000661
v 0.332611 0.834707 0.000660
v 0.331954 0.833912 0.000660
v 0.332611 0.834707 -0.000661
v 0.323158 0.820738 0.000893
v 0.322991 0.820998 0.000894
v 0.322208 0.819998 0.000894
v 0.322503 0.819759 0.000889
v 0.322991 0.820998 0.000894
v 0.323306 0.820733 0.000877
v 0.323302 0.820769 0.000884
v 0.323014 0.821028 0.000900
v 0.322999 0.821123 0.000000
v 0.323417 0.821070 -0.000660
v 0.323353 0.820696 -0.000795
v 0.323358 0.820788 0.000660
v 0.323358 0.820788 0.000660
v 0.323361 0.820635 0.000660
v 0.323210 0.820651 0.000815
v 0.323401 0.820680 -0.000662
v 0.322546 0.819806 0.000663
v 0.322556 0.819859 -0.000816
v 0.322514 0.819830 0.000811
v 0.323336 0.820769 -0.000796
v 0.323222 0.820694 -0.000822
v 0.323369 0.820674 -0.000661
v 0.323019 0.821034 -0.000901
v 0.322991 0.820998 -0.000894
v 0.323141 0.820705 -0.000841
v 0.322467 0.819905 -0.000892
v 0.323334 0.820808 -0.000800
v 0.322501 0.819760 -0.000877
v 0.322208 0.819998 -0.000894
v 0.322362 0.819757 -0.000777
v 0.322187 0.819971 -0.000899
v 0.321985 0.819841 0.000056
v 0.322460 0.819706 0.000796
v 0.322598 0.820045 0.000825
v 0.322457 0.819732 -0.000886
v 0.322208 0.819998 0.000894
v 0.322208 0.819998 -0.000894
v 0.339248 0.831757 0.001086
v 0.343315 0.836715 0.001161
v 0.344357 0.837281 0.001361
v 0.339422 0.831568 0.001193
v 0.346665 0.837492 0.002073
v 0.341730 0.831778 0.001905
v 0.346840 0.837302 0.002180
v 0.342772 0.832344 0.002105
v 0.353428 0.845742 0.001743
v 0.354152 0.845621 0.002387
v 0.353752 0.845473 0.002530
v 0.351948 0.846589 0.000943
v 0.351897 0.846528 0.001205
v 0.353846 0.845874 0.001644
v 0.355005 0.844892 0.003557
v 0.354188 0.845113 0.003220
v 0.354592 0.844640 0.003788
v 0.354685 0.844702 0.003748
v 0.353752 0.845473 0.002530
v 0.354550 0.845276 0.003046
v 0.354188 0.845113 0.003220
v 0.351664 0.846188 0.001180
v 0.353673 0.846069 0.000000
v 0.353649 0.846036 -0.000001
v 0.353732 0.846023 0.000826
v 0.353229 0.845907 0.000889
v 0.352057 0.846721 0.000524
v 0.352012 0.846667 -0.000521
v 0.353296 0.845993 -0.000890
v 0.352012 0.846667 -0.000521
v 0.351948 0.846589 -0.000943
v 0.353491 0.845827 -0.001745
v 0.351948 0.846589 -0.000943
v 0.351897 0.846528 -0.001205
v 0.354564 0.845281 -0.003038
v 0.353766 0.845492 -0.002531
v 0.351664 0.846188 -0.001180
v 0.354188 0.845113 -0.003220
v 0.354188 0.845113 -0.003220
v 0.354593 0.844642 -0.003789
v 0.354974 0.844851 -0.003558
v 0.354685 0.844704 -0.003750
v 0.353229 0.845907 0.000889
v 0.353428 0.845742 0.001743
v 0.352012 0.846667 0.000521
v 0.351948 0.846589 0.000943
v 0.354498 0.844135 0.003665
v 0.351859 0.846454 0.001400
v 0.351200 0.844781 0.001968
v 0.351998 0.843482 0.002254
v 0.354498 0.844135 0.003665
v 0.349469 0.840280 0.002605
v 0.350590 0.839353 0.003692
v 0.351374 0.845960 0.001435
v 0.350767 0.845914 0.001250
v 0.350179 0.845011 0.001462
v 0.335930 0.833910 0.001472
v 0.335171 0.832754 0.001537
v 0.334501 0.834313 0.001237
v 0.336248 0.835454 0.001171
v 0.337819 0.833354 0.001670
v 0.336558 0.832517 0.001602
v 0.335171 0.832754 0.001537
v 0.337325 0.832871 0.001633
v 0.337819 0.833354 0.001670
v 0.335459 0.836503 0.001377
v 0.335904 0.836223 0.001124
v 0.338234 0.844010 -0.001260
v 0.338268 0.844099 0.001262
v 0.341402 0.846824 -0.001233
v 0.341669 0.846994 -0.001252
v 0.341829 0.845596 -0.001358
v 0.344181 0.847391 -0.001370
v 0.346941 0.847288 -0.001419
v 0.351374 0.845960 -0.001435
v 0.351374 0.845960 0.001435
v 0.349901 0.846170 0.001398
v 0.350772 0.845917 0.001251
v 0.346816 0.847322 0.001422
v 0.344020 0.847355 0.001360
v 0.345298 0.844926 0.001135
v 0.346408 0.847274 0.001390
v 0.350140 0.845129 0.001366
v 0.350261 0.844078 0.001194
v 0.349144 0.844812 0.001164
v 0.351200 0.844781 0.001968
v 0.350092 0.843299 0.001091
v 0.351661 0.843184 0.002401
v 0.348449 0.841228 0.001144
v 0.349079 0.839566 0.002563
v 0.347392 0.840839 0.001115
v 0.348433 0.841237 0.000920
v 0.349479 0.840310 -0.002613
v 0.349083 0.839556 -0.002562
v 0.346089 0.839719 -0.001924
v 0.348410 0.841178 -0.000983
v 0.342947 0.839086 -0.001855
v 0.341839 0.839412 -0.001313
v 0.343277 0.840563 -0.000673
v 0.340494 0.839069 0.000000
v 0.341839 0.839412 0.001313
v 0.343201 0.840563 0.000635
v 0.341311 0.837917 -0.001778
v 0.337698 0.835902 -0.000545
v 0.337819 0.833354 -0.001670
v 0.337280 0.835396 -0.000782
v 0.337279 0.835399 -0.000865
v 0.337291 0.835408 0.000779
v 0.337697 0.835902 0.000546
v 0.341311 0.837917 0.001778
v 0.342947 0.839086 0.001855
v 0.346089 0.839719 0.001924
v 0.336040 0.835647 -0.001159
v 0.335930 0.833910 -0.001472
v 0.335993 0.836467 -0.001129
v 0.338369 0.842901 -0.001081
v 0.338352 0.842824 0.001081
v 0.341279 0.845092 -0.001155
v 0.349072 0.844748 -0.001185
v 0.350261 0.844078 -0.001194
v 0.350353 0.844200 0.001215
v 0.347823 0.844831 0.001153
v 0.341038 0.845092 0.001154
v 0.335885 0.836135 0.001135
v 0.335459 0.836503 -0.001377
v 0.334412 0.834043 -0.001294
v 0.334606 0.833501 0.001274
v 0.335992 0.836460 -0.001129
v 0.337587 0.840909 -0.001090
v 0.338680 0.843081 -0.001163
v 0.339754 0.844273 -0.001125
v 0.341385 0.845056 -0.001189
v 0.338979 0.844164 -0.001376
v 0.339926 0.845993 -0.001220
v 0.346408 0.847274 -0.001390
v 0.349901 0.846170 -0.001398
v 0.350140 0.845129 -0.001366
v 0.345298 0.844926 -0.001135
v 0.349144 0.844812 -0.001164
v 0.350157 0.843303 -0.001135
v 0.351200 0.844781 -0.001968
v 0.350261 0.844078 -0.001194
v 0.351587 0.843147 -0.002439
v 0.350771 0.845916 -0.001251
v 0.335178 0.832753 -0.001533
v 0.335158 0.832712 0.001556
v 0.335250 0.832733 -0.001574
v 0.335171 0.832754 -0.001536
v 0.336558 0.832517 -0.001602
v 0.337325 0.832871 -0.001633
v 0.337819 0.833354 -0.001670
v 0.337279 0.835399 0.000865
v 0.342368 0.847277 0.001216
v 0.341829 0.845596 0.001358
v 0.341385 0.845056 0.001189
v 0.340122 0.846121 0.001221
v 0.341397 0.846821 0.001233
v 0.339754 0.844273 0.001125
v 0.338680 0.843081 0.001163
v 0.338979 0.844164 0.001376
v 0.337587 0.840909 0.001090
v 0.351877 0.846479 0.001396
v 0.352062 0.846742 0.000044
v 0.351374 0.845960 0.001435
v 0.351374 0.845960 -0.001435
v 0.351915 0.846497 -0.001392
v 0.350767 0.845914 0.001250
v 0.350179 0.845011 0.001462
v 0.349920 0.846102 0.001378
v 0.337744 0.833312 0.001748
v 0.340673 0.836629 0.001725
v 0.341289 0.837893 0.001767
v 0.341382 0.837870 0.001884
v 0.340219 0.836502 0.001779
v 0.342331 0.838653 0.001803
v 0.342385 0.838580 0.001929
v 0.343086 0.838951 0.001957
v 0.343047 0.839072 0.001818
v 0.342331 0.838653 0.001803
v 0.343943 0.839323 0.001892
v 0.343959 0.839206 0.002035
v 0.343047 0.839072 0.001818
v 0.345160 0.839615 0.001900
v 0.345135 0.839491 0.002033
v 0.343943 0.839323 0.001892
v 0.345885 0.839628 0.001914
v 0.345160 0.839615 0.001900
v 0.345875 0.839469 0.002054
v 0.346910 0.839912 0.002179
v 0.345885 0.839628 0.001914
v 0.336568 0.832514 0.001592
v 0.336908 0.832641 0.001783
v 0.335175 0.832744 0.001563
v 0.350590 0.839353 0.003692
v 0.349031 0.839543 0.002629
v 0.349469 0.840280 0.002605
v 0.347798 0.839380 0.002327
v 0.347847 0.839726 0.002314
v 0.346625 0.839320 0.001988
v 0.354498 0.844135 -0.003664
v 0.351200 0.844781 -0.001968
v 0.351859 0.846454 -0.001400
v 0.351998 0.843482 -0.002254
v 0.354498 0.844135 -0.003664
v 0.349469 0.840280 -0.002605
v 0.350590 0.839353 -0.003692
v 0.351374 0.845960 -0.001435
v 0.350767 0.845914 -0.001250
v 0.350179 0.845011 -0.001462
v 0.350767 0.845914 -0.001250
v 0.349920 0.846102 -0.001378
v 0.350179 0.845011 -0.001462
v 0.337744 0.833312 -0.001748
v 0.336908 0.832641 -0.001783
v 0.340673 0.836629 -0.001725
v 0.341289 0.837893 -0.001767
v 0.340219 0.836502 -0.001779
v 0.341382 0.837870 -0.001884
v 0.342331 0.838653 -0.001803
v 0.342385 0.838580 -0.001929
v 0.343047 0.839072 -0.001818
v 0.342331 0.838653 -0.001803
v 0.343086 0.838951 -0.001957
v 0.343943 0.839323 -0.001892
v 0.343047 0.839072 -0.001818
v 0.343959 0.839206 -0.002035
v 0.345160 0.839615 -0.001900
v 0.343943 0.839323 -0.001892
v 0.345135 0.839491 -0.002033
v 0.345875 0.839469 -0.002054
v 0.345885 0.839628 -0.001914
v 0.345160 0.839615 -0.001900
v 0.346910 0.839912 -0.002179
v 0.345885 0.839628 -0.001914
v 0.336568 0.832514 -0.001592
v 0.335175 0.832744 -0.001563
v 0.350590 0.839353 -0.003692
v 0.349469 0.840280 -0.002605
v 0.349031 0.839543 -0.002629
v 0.347847 0.839726 -0.002314
v 0.346625 0.839320 -0.001988
v 0.347798 0.839380 -0.002327
v 0.355021 0.844860 0.003533
v 0.355023 0.844853 -0.003530
v 0.354685 0.844704 -0.003750
v 0.354685 0.844702 0.003748
v 0.354685 0.844704 -0.003750
v 0.354637 0.844155 0.003671
v 0.354685 0.844702 0.003748
v 0.354637 0.844155 -0.003671
v 0.344381 0.837416 0.002095
v 0.343575 0.836953 0.001182
v 0.346910 0.837485 0.002897
v 0.346895 0.837462 0.002155
v 0.339225 0.831668 0.001096
v 0.339185 0.831642 0.001993
v 0.346910 0.837398 0.002931
v 0.346891 0.837405 0.002171
v 0.342847 0.832430 0.002990
v 0.342509 0.832111 0.002083
v 0.341675 0.831745 0.002781
v 0.339242 0.831646 0.001990
v 0.339197 0.831603 0.001111
v 0.346821 0.837487 0.002941
v 0.342516 0.832156 0.002992
v 0.341178 0.831675 0.002633
v 0.344381 0.837285 0.002121
v 0.339407 0.831568 0.002060
v 0.343282 0.836691 0.002056
v 0.339250 0.831771 0.001959
v 0.335991 0.827720 0.001882
v 0.338629 0.830831 0.002005
v 0.341243 0.827980 0.003501
v 0.335154 0.832691 0.001570
v 0.332069 0.827564 0.001541
v 0.336552 0.832443 0.001707
v 0.339246 0.831777 0.001981
v 0.337359 0.832737 0.001700
v 0.343282 0.836691 0.002067
v 0.341410 0.837879 0.001850
v 0.342907 0.838896 0.001922
v 0.344391 0.837283 0.002061
v 0.345115 0.839470 0.002010
v 0.346722 0.839524 0.002146
v 0.339409 0.831567 0.002056
v 0.341263 0.827942 0.003584
v 0.342765 0.829917 0.003686
v 0.340949 0.831650 0.002565
v 0.342919 0.830126 0.003679
v 0.341580 0.828094 0.004103
v 0.342919 0.830126 0.003679
v 0.341570 0.828085 0.004108
v 0.341470 0.827766 0.004030
v 0.341794 0.827857 0.004274
v 0.341696 0.827664 0.004158
v 0.341696 0.827664 0.004158
v 0.342289 0.827054 0.004408
v 0.342289 0.827054 0.004408
v 0.342935 0.826460 0.004516
v 0.342463 0.827305 0.004535
v 0.343148 0.829922 0.004051
v 0.344033 0.829206 0.004545
v 0.345253 0.827845 0.004541
v 0.344027 0.829209 0.004624
v 0.343600 0.825876 0.004441
v 0.345427 0.828053 0.004545
v 0.344254 0.825335 0.004183
v 0.343615 0.825904 0.004428
v 0.345427 0.828053 0.004545
v 0.346096 0.827500 0.004280
v 0.346714 0.826989 0.003853
v 0.344843 0.824807 0.003777
v 0.347079 0.826334 0.003274
v 0.346714 0.826989 0.003853
v 0.345386 0.824399 0.003201
v 0.344267 0.825364 0.004171
v 0.347255 0.826541 0.003277
v 0.345820 0.824040 0.002515
v 0.345396 0.824430 0.003194
v 0.347255 0.826541 0.003277
v 0.347698 0.826175 0.002574
v 0.348027 0.825902 0.001773
v 0.348231 0.825733 0.000905
v 0.346651 0.823834 0.000903
v 0.346448 0.824002 0.001771
v 0.346448 0.824002 0.001771
v 0.346119 0.824275 0.002571
v 0.346448 0.824002 0.001771
v 0.345843 0.824113 0.002497
v 0.346163 0.823849 0.001476
v 0.341089 0.827813 0.003601
v 0.341470 0.827766 0.004030
v 0.342962 0.830004 0.003606
v 0.342999 0.830075 0.003599
v 0.343288 0.829907 0.003911
v 0.343053 0.830114 0.003606
v 0.343213 0.829847 0.003929
v 0.343452 0.829749 0.004174
v 0.343508 0.829827 0.004182
v 0.344117 0.829231 0.004440
v 0.343053 0.830114 -0.003606
v 0.342987 0.830060 -0.003599
v 0.343258 0.829902 -0.003929
v 0.342962 0.830004 -0.003606
v 0.343461 0.829774 -0.004186
v 0.344348 0.828947 -0.004516
v 0.345533 0.828152 -0.004585
v 0.345463 0.828087 -0.004440
v 0.346147 0.827582 -0.004182
v 0.346102 0.827496 -0.004220
v 0.347301 0.826653 -0.003213
v 0.347218 0.826573 -0.003201
v 0.347697 0.826269 -0.002515
v 0.348333 0.825206 0.000887
v 0.348370 0.825279 0.000887
v 0.349529 0.824322 0.000560
v 0.348420 0.825311 0.000888
v 0.348420 0.825311 -0.000888
v 0.348357 0.825263 -0.000887
v 0.349463 0.824340 -0.000369
v 0.348333 0.825206 -0.000887
v 0.332198 0.827627 0.001454
v 0.332181 0.827860 0.001569
v 0.332198 0.827627 -0.001454
v 0.332181 0.827860 -0.001569
v 0.346459 0.823736 0.000000
v 0.346360 0.823686 0.000877
v 0.346591 0.823664 0.000924
v 0.346360 0.823686 -0.000877
v 0.346651 0.823834 -0.000903
v 0.346961 0.823578 0.000000
v 0.346961 0.823578 -0.000903
v 0.348417 0.822373 0.000444
v 0.348427 0.822365 0.000000
v 0.346163 0.823849 -0.001476
v 0.346360 0.823686 -0.000877
v 0.346448 0.824002 -0.001771
v 0.346163 0.823849 0.001476
v 0.346448 0.824002 0.001771
v 0.346360 0.823686 0.000877
v 0.341089 0.827813 0.003601
v 0.341483 0.827695 -0.004080
v 0.341089 0.827813 -0.003601
v 0.341454 0.827651 0.004083
v 0.345843 0.824113 0.002497
v 0.345169 0.824667 0.003490
v 0.344066 0.825768 0.004322
v 0.342404 0.826386 0.004494
v 0.346360 0.823685 0.000866
v 0.346426 0.823631 0.000000
v 0.346360 0.823685 -0.000866
v 0.345843 0.824113 -0.002497
v 0.345166 0.824663 -0.003490
v 0.343974 0.825659 -0.004321
v 0.342481 0.826542 -0.004494
v 0.335154 0.832691 0.001570
v 0.332181 0.827860 0.001569
v 0.335154 0.832691 -0.001570
v 0.332181 0.827860 -0.001569
v 0.336008 0.827739 0.001867
v 0.341089 0.827813 0.003601
v 0.336008 0.827739 -0.001867
v 0.332198 0.827627 0.001454
v 0.332198 0.827627 -0.001454
v 0.341089 0.827813 -0.003601
v 0.347099 0.826860 -0.003600
v 0.347767 0.826305 -0.002545
v 0.347066 0.826884 -0.003516
v 0.346184 0.827615 -0.004232
v 0.345522 0.828163 -0.004493
v 0.348175 0.825782 0.000891
v 0.348276 0.825709 -0.000004
v 0.348535 0.825481 0.000905
v 0.348535 0.825481 0.000000
v 0.349660 0.824551 0.000446
v 0.349671 0.824542 0.000000
v 0.348535 0.825481 -0.000905
v 0.348220 0.825759 -0.000900
v 0.348270 0.825702 0.000000
v 0.347675 0.826194 -0.002545
v 0.347236 0.826557 -0.003239
v 0.343364 0.829760 0.004282
v 0.344053 0.829191 0.004492
v 0.343418 0.829717 0.004182
v 0.343184 0.829869 0.003975
v 0.348362 0.825813 0.000000
v 0.348294 0.825869 0.000894
v 0.348294 0.825869 -0.000894
v 0.348094 0.826035 -0.001753
v 0.347767 0.826305 -0.002545
v 0.348094 0.826035 0.001753
v 0.344145 0.829302 0.004493
v 0.343483 0.829850 0.004232
v 0.348001 0.825924 0.001753
v 0.348202 0.825758 0.000894
v 0.347675 0.826194 0.002545
v 0.347236 0.826557 0.003239
v 0.347236 0.826557 -0.003239
v 0.346702 0.826999 -0.003809
v 0.346091 0.827504 -0.004232
v 0.348094 0.826035 0.001753
v 0.347767 0.826305 0.002545
v 0.347328 0.826668 0.003239
v 0.346091 0.827504 -0.004232
v 0.345095 0.828329 -0.004526
v 0.345081 0.828338 -0.004634
v 0.344072 0.829176 -0.004440
v 0.344033 0.829206 -0.004545
v 0.343418 0.829717 -0.004182
v 0.343364 0.829760 -0.004282
v 0.343184 0.829869 -0.003975
v 0.344472 0.829033 -0.004634
v 0.345522 0.828163 -0.004493
v 0.344500 0.829008 -0.004527
v 0.343483 0.829850 -0.004232
v 0.346702 0.826999 0.003809
v 0.347236 0.826557 0.003239
v 0.343468 0.829884 -0.004279
v 0.343512 0.829832 -0.004183
v 0.343355 0.830608 -0.003662
v 0.344138 0.829260 0.004468
v 0.345436 0.828048 0.004482
v 0.345508 0.828136 0.004456
v 0.346723 0.827029 0.003789
v 0.347264 0.826628 0.003201
v 0.346735 0.827065 0.003764
v 0.347303 0.826641 0.003219
v 0.348014 0.825977 0.001738
v 0.348233 0.825857 0.000884
v 0.348172 0.825784 0.000884
v 0.348300 0.825801 -0.000000
v 0.348239 0.825728 0.000000
v 0.348218 0.825838 -0.000884
v 0.347974 0.825948 -0.001733
v 0.348035 0.826021 -0.001733
v 0.347697 0.826269 -0.002515
v 0.344823 0.828742 0.004635
v 0.344145 0.829302 0.004493
v 0.344843 0.828723 0.004527
v 0.345865 0.827881 0.004456
v 0.345861 0.827882 0.004353
v 0.346794 0.827110 0.003809
v 0.343499 0.829923 0.004279
v 0.342627 0.829630 0.003638
v 0.343508 0.829827 0.004182
v 0.344053 0.829191 0.004492
v 0.344752 0.828613 0.004527
v 0.344730 0.828629 0.004634
v 0.345429 0.828052 0.004492
v 0.348001 0.825924 -0.001753
v 0.347675 0.826194 -0.002545
v 0.348202 0.825758 -0.000894
v 0.348001 0.825924 -0.001753
v 0.345429 0.828052 0.004492
v 0.346091 0.827504 0.004232
v 0.346702 0.826999 0.003809
v 0.347328 0.826668 0.003239
v 0.346794 0.827110 0.003809
v 0.349516 0.824226 0.000446
v 0.348418 0.822373 0.000444
v 0.348420 0.822369 -0.000444
v 0.349510 0.824229 -0.000444
v 0.349656 0.824554 0.000444
v 0.348535 0.825481 0.000905
v 0.349673 0.825570 0.000443
v 0.349250 0.826351 0.000883
v 0.349658 0.825550 -0.000441
v 0.349255 0.826353 -0.000886
v 0.349671 0.824542 0.000000
v 0.349681 0.825575 0.000445
v 0.349693 0.825597 0.000000
v 0.349664 0.824551 0.000441
v 0.346911 0.823578 -0.000737
v 0.348229 0.822125 -0.000467
v 0.348436 0.822359 -0.000418
v 0.348371 0.822399 -0.000432
v 0.348328 0.825257 -0.000933
v 0.346651 0.823834 -0.000903
v 0.348114 0.825595 -0.000909
v 0.348372 0.825309 -0.000905
v 0.348535 0.825481 -0.000905
v 0.349238 0.826339 -0.000882
v 0.349543 0.824519 -0.000396
v 0.349564 0.824376 -0.000468
v 0.349657 0.824548 -0.000439
v 0.349681 0.825574 -0.000447
v 0.349693 0.825597 0.000000
v 0.349671 0.824542 0.000000
v 0.349471 0.824263 -0.000473
v 0.349504 0.824248 -0.000476
v 0.346947 0.823566 0.000912
v 0.348397 0.822384 0.000400
v 0.346916 0.823192 0.000652
v 0.348057 0.822249 0.000304
v 0.346916 0.823192 -0.000656
v 0.346776 0.823355 -0.000876
v 0.348193 0.822249 -0.000380
v 0.349579 0.824350 -0.000443
v 0.349666 0.824547 -0.000444
v 0.349577 0.824354 0.000444
v 0.349601 0.824544 0.000432
v 0.349535 0.824368 0.000443
v 0.348482 0.825430 0.000864
v 0.349535 0.824389 0.000474
v 0.348231 0.825733 0.000904
v 0.348350 0.825282 0.000905
v 0.346961 0.823578 0.000903
v 0.346651 0.823834 0.000903
v 0.348317 0.825217 0.000904
v 0.349471 0.824263 0.000473
v 0.348365 0.822400 0.000423
v 0.349473 0.824248 0.000439
v 0.349583 0.824346 0.000385
v 0.349567 0.824360 0.000439
v 0.349580 0.824349 -0.000396
v 0.349567 0.824360 -0.000439
v 0.348413 0.825318 -0.000896
v 0.349532 0.824391 -0.000470
v 0.349532 0.824391 0.000470
v 0.348413 0.825318 0.000896
v 0.349521 0.824223 -0.000385
v 0.349504 0.824237 -0.000439
v 0.349517 0.824226 0.000396
v 0.349504 0.824237 0.000439
v 0.348325 0.825211 0.000896
v 0.349468 0.824266 0.000469
v 0.349546 0.824310 -0.000438
v 0.349533 0.824279 0.000433
v 0.349468 0.824266 -0.000469
v 0.348325 0.825211 -0.000896
v 0.348220 0.822114 -0.000458
v 0.348057 0.822249 -0.000359
v 0.348220 0.822114 0.000394
v 0.348057 0.822249 0.000304
v 0.327786 0.821821 0.001010
v 0.332279 0.827681 0.000820
v 0.327752 0.821847 -0.000998
v 0.332320 0.827680 -0.000829
v 0.337971 0.827783 -0.001163
v 0.330526 0.819941 -0.001304
v 0.329953 0.820026 0.001257
v 0.332406 0.820293 0.000989
v 0.338359 0.827787 0.000944
v 0.338506 0.827802 -0.000472
v 0.332498 0.820315 -0.000794
v 0.329942 0.820012 -0.000417
v 0.329305 0.820204 -0.001013
v 0.327544 0.821661 -0.000762
v 0.327690 0.821875 -0.000761
v 0.327525 0.821676 0.000761
v 0.327708 0.821860 0.000762
v 0.329777 0.819813 0.000417
v 0.329469 0.820403 0.001013
v 0.329483 0.820057 0.000788
v 0.329431 0.820100 0.001098
v 0.329232 0.820265 0.001032
v 0.329713 0.819866 0.000838
v 0.329690 0.819885 0.000360
v 0.329944 0.819675 0.000382
v 0.329725 0.819856 -0.000242
v 0.329984 0.819643 -0.000256
v 0.329483 0.820057 -0.000788
v 0.329713 0.819866 -0.000838
v 0.329232 0.820265 -0.001032
v 0.329431 0.820100 -0.001098
v 0.327851 0.821407 -0.000943
v 0.327667 0.821559 -0.000804
v 0.327542 0.821662 -0.000648
v 0.327464 0.821727 -0.000461
v 0.327434 0.821752 -0.000258
v 0.327429 0.821756 0.000233
v 0.327464 0.821727 0.000461
v 0.327542 0.821662 0.000648
v 0.327667 0.821559 0.000804
v 0.327810 0.821441 0.000911
v 0.322846 0.815767 0.000795
v 0.327535 0.821667 0.000798
v 0.324896 0.814072 0.001035
v 0.329519 0.820027 0.001074
v 0.330035 0.819600 0.000035
v 0.325367 0.813681 -0.000035
v 0.324851 0.814108 -0.001074
v 0.329564 0.819990 -0.001035
v 0.322868 0.815749 -0.000798
v 0.327514 0.821685 -0.000795
v 0.329635 0.820245 -0.000278
v 0.329395 0.819887 -0.000406
v 0.329342 0.820516 -0.000795
v 0.329075 0.820128 -0.000851
v 0.327859 0.821656 -0.000466
v 0.327532 0.821317 -0.000527
v 0.327513 0.821337 0.000498
v 0.327892 0.821622 0.000528
v 0.329411 0.820337 0.000576
v 0.329093 0.820147 0.000885
v 0.329423 0.819848 0.000300
v 0.329070 0.820149 0.000891
v 0.329490 0.819848 0.000718
v 0.329404 0.819891 0.000411
v 0.329679 0.819673 0.000328
v 0.329448 0.819859 -0.000313
v 0.329714 0.819646 -0.000220
v 0.329087 0.820081 -0.000833
v 0.329316 0.819942 -0.000909
v 0.327850 0.821303 -0.000756
v 0.329277 0.819998 0.000905
v 0.327688 0.821177 0.000772
v 0.327521 0.821463 0.000548
v 0.322972 0.815672 0.000509
v 0.329451 0.819862 0.000866
v 0.325012 0.813972 0.000560
v 0.329567 0.819765 -0.000769
v 0.324875 0.814084 -0.000750
v 0.327567 0.821428 -0.000622
v 0.323164 0.815507 -0.000682
v 0.327844 0.821748 -0.000831
v 0.327987 0.821629 -0.000628
v 0.329396 0.820464 -0.001032
v 0.329338 0.820511 -0.000787
v 0.329648 0.820255 -0.000788
v 0.329615 0.820282 -0.000380
v 0.329890 0.820055 -0.000242
v 0.329854 0.820084 0.000360
v 0.329654 0.820250 0.000290
v 0.329648 0.820255 0.000788
v 0.329396 0.820464 0.001032
v 0.329338 0.820511 0.000787
v 0.327978 0.821637 0.000898
v 0.327744 0.821830 0.000696
v 0.327987 0.821629 0.000628
v 0.327607 0.821943 0.000357
v 0.327830 0.821759 0.000307
v 0.327606 0.821944 -0.000349
v 0.327830 0.821759 -0.000304
v 0.322917 0.815710 -0.000739
v 0.323179 0.815496 -0.000691
v 0.323178 0.815493 -0.000956
v 0.322762 0.815837 -0.000370
v 0.322989 0.815655 -0.000328
v 0.322989 0.815655 0.000324
v 0.322764 0.815835 0.000379
v 0.322916 0.815710 0.000739
v 0.323177 0.815494 0.000691
v 0.323178 0.815493 0.000956
v 0.324763 0.814181 0.001098
v 0.325045 0.813947 0.000838
v 0.324704 0.814228 0.000860
v 0.325076 0.813917 0.000308
v 0.325276 0.813757 0.000382
v 0.325316 0.813725 -0.000256
v 0.325032 0.813953 -0.000406
v 0.325045 0.813948 -0.000838
v 0.324705 0.814230 -0.000860
v 0.324763 0.814181 -0.001098
v 0.343932 0.823436 -0.002735
v 0.345287 0.825154 -0.002743
v 0.344174 0.823246 -0.002442
v 0.345518 0.824973 -0.002435
v 0.344168 0.823251 0.002435
v 0.345412 0.825057 0.002600
v 0.345518 0.824973 0.002435
v 0.344061 0.823335 0.002600
v 0.344061 0.823335 0.002600
v 0.345282 0.825158 0.002735
v 0.343932 0.823436 0.002735
v 0.340099 0.826442 0.002735
v 0.341320 0.828265 0.002600
v 0.341449 0.828163 0.002735
v 0.339970 0.826543 0.002600
v 0.339970 0.826543 0.002600
v 0.341214 0.828348 0.002435
v 0.339863 0.826626 0.002435
v 0.339863 0.826626 -0.002435
v 0.341320 0.828265 -0.002600
v 0.341214 0.828348 -0.002435
v 0.339970 0.826543 -0.002600
v 0.339970 0.826543 -0.002600
v 0.341449 0.828163 -0.002735
v 0.340099 0.826442 -0.002735
v 0.342565 0.821426 0.002600
v 0.343786 0.823250 0.002735
v 0.343915 0.823148 0.002600
v 0.342436 0.821528 0.002735
v 0.342671 0.821343 0.002435
v 0.343915 0.823148 0.002600
v 0.344022 0.823065 0.002435
v 0.341389 0.822349 -0.003175
v 0.342742 0.824069 -0.003175
v 0.342767 0.824049 -0.003469
v 0.341428 0.822319 -0.003467
v 0.342773 0.824044 -0.003471
v 0.342736 0.824073 -0.003174
v 0.341449 0.822302 -0.002889
v 0.342802 0.824022 -0.002891
v 0.341591 0.822191 -0.002654
v 0.342797 0.824025 -0.002887
v 0.342943 0.823911 -0.002657
v 0.342990 0.823874 -0.002614
v 0.341687 0.822115 -0.002571
v 0.340851 0.825852 0.002565
v 0.342198 0.827577 0.002571
v 0.342374 0.827438 0.002763
v 0.341022 0.825718 0.002765
v 0.341053 0.825694 0.002828
v 0.342434 0.827392 0.002891
v 0.341104 0.825654 0.002960
v 0.342475 0.827360 0.003029
v 0.341130 0.825633 0.003028
v 0.341140 0.825626 0.003323
v 0.342492 0.827345 0.003323
v 0.341126 0.825636 0.003395
v 0.342456 0.827373 0.003467
v 0.341112 0.825648 0.003471
v 0.343746 0.823582 0.002541
v 0.345094 0.825306 0.002547
v 0.345276 0.825162 0.002732
v 0.343927 0.823440 0.002727
v 0.343930 0.823438 0.002731
v 0.343689 0.823627 0.002521
v 0.344985 0.825391 0.002492
v 0.343634 0.823670 0.002495
v 0.344753 0.825573 0.002476
v 0.343403 0.823851 0.002469
v 0.343346 0.823895 0.002493
v 0.344640 0.825662 0.002510
v 0.343237 0.823982 0.002540
v 0.344534 0.825745 0.002571
v 0.342890 0.821172 -0.000295
v 0.344251 0.822885 -0.000289
v 0.343118 0.820993 -0.000631
v 0.344469 0.822714 -0.000628
v 0.344457 0.822724 -0.000647
v 0.344682 0.822547 -0.000747
v 0.343342 0.820818 -0.000723
v 0.344692 0.822539 -0.000742
v 0.344234 0.822899 -0.000218
v 0.342867 0.821190 -0.000147
v 0.344211 0.822916 -0.000074
v 0.342855 0.821199 -0.000000
v 0.339870 0.826621 0.002429
v 0.341215 0.828346 0.002428
v 0.340016 0.826507 0.002199
v 0.341361 0.828233 0.002196
v 0.340031 0.826495 0.002126
v 0.341402 0.828200 0.002057
v 0.340061 0.826471 0.001984
v 0.341421 0.828186 0.001911
v 0.340069 0.826465 0.001837
v 0.341417 0.828189 0.001763
v 0.341391 0.828209 0.001619
v 0.340054 0.826477 0.001691
v 0.340017 0.826506 0.001552
v 0.341343 0.828247 0.001484
v 0.339867 0.826624 0.002432
v 0.338297 0.824752 -0.002220
v 0.339653 0.826472 -0.002236
v 0.338515 0.824602 -0.002196
v 0.339834 0.826348 -0.002258
v 0.338556 0.824570 -0.002057
v 0.339885 0.826308 -0.002126
v 0.338575 0.824555 -0.001911
v 0.339915 0.826285 -0.001984
v 0.339923 0.826279 -0.001837
v 0.338573 0.824556 -0.001763
v 0.339921 0.826280 -0.001763
v 0.339851 0.826334 -0.001481
v 0.338496 0.824617 -0.001484
v 0.340189 0.823289 -0.003096
v 0.341591 0.824971 -0.003061
v 0.340292 0.823209 -0.003026
v 0.340099 0.823360 -0.003190
v 0.341494 0.825047 -0.003143
v 0.340025 0.823418 -0.003304
v 0.341412 0.825111 -0.003247
v 0.339970 0.823461 -0.003434
v 0.341348 0.825161 -0.003369
v 0.339933 0.823490 -0.003598
v 0.341475 0.825091 -0.003556
v 0.341698 0.824887 -0.003004
v 0.340403 0.823121 -0.002983
v 0.341811 0.824798 -0.002976
v 0.340519 0.823031 -0.002968
v 0.339364 0.827018 -0.000663
v 0.340663 0.828780 -0.000698
v 0.340766 0.828699 -0.000628
v 0.339461 0.826942 -0.000581
v 0.340856 0.828629 -0.000534
v 0.339543 0.826878 -0.000477
v 0.340930 0.828571 -0.000419
v 0.339607 0.826827 -0.000354
v 0.340985 0.828528 -0.000289
v 0.339651 0.826793 -0.000218
v 0.341018 0.828501 -0.000147
v 0.339674 0.826775 -0.000074
v 0.341030 0.828492 0.000000
v 0.339257 0.827102 -0.000719
v 0.340543 0.828874 -0.000723
v 0.339193 0.827152 -0.000742
v 0.342473 0.824581 -0.003247
v 0.343862 0.826271 -0.003302
v 0.343786 0.826331 -0.003190
v 0.342391 0.824645 -0.003143
v 0.343696 0.826402 -0.003096
v 0.343593 0.826483 -0.003026
v 0.342294 0.824720 -0.003061
v 0.342187 0.824804 -0.003004
v 0.343482 0.826570 -0.002983
v 0.342074 0.824893 -0.002976
v 0.343366 0.826661 -0.002968
v 0.342518 0.824545 -0.003299
v 0.343952 0.826202 -0.003598
v 0.342601 0.824480 -0.003598
v 0.342733 0.821314 -0.002229
v 0.344085 0.823033 -0.002236
v 0.343905 0.823157 -0.002258
v 0.342524 0.821459 -0.002196
v 0.343854 0.823197 -0.002126
v 0.342483 0.821491 -0.002057
v 0.343823 0.823220 -0.001984
v 0.342464 0.821506 -0.001911
v 0.343816 0.823226 -0.001837
v 0.342468 0.821503 -0.001763
v 0.342537 0.821449 -0.001481
v 0.343813 0.823229 -0.001761
v 0.343892 0.823166 -0.001484
v 0.339465 0.823829 -0.003328
v 0.340827 0.825544 -0.003338
v 0.339647 0.823714 -0.003175
v 0.340995 0.825438 -0.003249
v 0.339628 0.823729 -0.003029
v 0.340988 0.825444 -0.003102
v 0.340958 0.825467 -0.002960
v 0.339597 0.823753 -0.002884
v 0.340937 0.825483 -0.002891
v 0.340712 0.825659 -0.002551
v 0.339351 0.823946 -0.002571
v 0.341756 0.825146 -0.002953
v 0.343115 0.826861 -0.002956
v 0.341433 0.825396 -0.003576
v 0.342801 0.827107 -0.003587
v 0.341432 0.825396 -0.003587
v 0.341844 0.825073 -0.003004
v 0.343250 0.826752 -0.002983
v 0.341958 0.824984 -0.002976
v 0.343366 0.826661 -0.002968
v 0.341084 0.822585 -0.003587
v 0.342453 0.824295 -0.003587
v 0.341068 0.822600 -0.003434
v 0.342435 0.824309 -0.003505
v 0.341015 0.822641 -0.003302
v 0.342391 0.824344 -0.003369
v 0.342370 0.824360 -0.003297
v 0.340639 0.822936 -0.002960
v 0.341991 0.824656 -0.002959
v 0.340519 0.823031 -0.002968
v 0.341927 0.824707 -0.002976
v 0.344526 0.822971 -0.000534
v 0.345874 0.824695 -0.000536
v 0.344392 0.823076 -0.000292
v 0.345745 0.824796 -0.000290
v 0.344397 0.823072 -0.000289
v 0.344346 0.823112 -0.000001
v 0.345702 0.824829 -0.000000
v 0.344571 0.822936 -0.000581
v 0.345966 0.824622 -0.000628
v 0.344667 0.822860 -0.000663
v 0.346068 0.824542 -0.000698
v 0.346197 0.824441 -0.000744
v 0.344816 0.822748 -0.000520
v 0.338473 0.824635 0.002600
v 0.339717 0.826440 0.002435
v 0.339824 0.826357 0.002600
v 0.338367 0.824718 0.002435
v 0.338603 0.824533 0.002735
v 0.339824 0.826357 0.002600
v 0.339953 0.826255 0.002735
v 0.343818 0.823225 0.001763
v 0.343754 0.823276 0.001764
v 0.342419 0.821542 0.001758
v 0.343887 0.823171 0.001481
v 0.342542 0.821444 0.001484
v 0.344015 0.823070 0.002429
v 0.342673 0.821343 0.002424
v 0.344018 0.823067 0.002432
v 0.343519 0.823761 -0.002447
v 0.344870 0.825480 -0.002456
v 0.343184 0.824023 -0.002571
v 0.344526 0.825751 -0.002549
v 0.343524 0.823756 -0.002440
v 0.345288 0.825154 -0.002730
v 0.343935 0.823434 -0.002732
v 0.339574 0.826853 0.001120
v 0.340867 0.828620 0.001108
v 0.340982 0.828530 0.001132
v 0.339686 0.826765 0.001158
v 0.341091 0.828444 0.001185
v 0.339790 0.826684 0.001224
v 0.341190 0.828367 0.001263
v 0.341275 0.828300 0.001364
v 0.339882 0.826612 0.001313
v 0.339959 0.826552 0.001424
v 0.341343 0.828247 0.001484
v 0.339459 0.826944 0.001111
v 0.340751 0.828711 0.001113
v 0.339344 0.827034 0.001130
v 0.340637 0.828800 0.001154
v 0.339284 0.827081 0.001148
v 0.338021 0.824990 -0.001108
v 0.339428 0.826667 -0.001120
v 0.338136 0.824900 -0.001132
v 0.337904 0.825081 -0.001113
v 0.339313 0.826757 -0.001111
v 0.337791 0.825170 -0.001154
v 0.339138 0.826894 -0.001148
v 0.339198 0.826847 -0.001130
v 0.339540 0.826579 -0.001158
v 0.338245 0.824814 -0.001185
v 0.338430 0.824668 -0.001362
v 0.339598 0.826533 -0.001178
v 0.339779 0.826392 -0.001364
v 0.339813 0.826365 -0.001424
v 0.338496 0.824617 -0.001484
v 0.342439 0.821525 -0.002732
v 0.343786 0.823250 -0.002735
v 0.342248 0.821675 -0.002544
v 0.343600 0.823395 -0.002541
v 0.343597 0.823398 -0.002547
v 0.343374 0.823572 -0.002464
v 0.343373 0.823573 -0.002471
v 0.342024 0.821851 -0.002456
v 0.343029 0.823842 -0.002549
v 0.341687 0.822115 -0.002571
v 0.344572 0.822934 0.001111
v 0.345864 0.824703 0.001093
v 0.345980 0.824603 0.001322
v 0.344638 0.822874 0.001308
v 0.344514 0.822980 0.001108
v 0.344181 0.823240 0.001242
v 0.345540 0.824956 0.001260
v 0.344191 0.823233 0.001263
v 0.344034 0.823356 0.001480
v 0.345389 0.825075 0.001484
v 0.341424 0.822321 0.003475
v 0.342454 0.824294 0.003598
v 0.342775 0.824043 0.003475
v 0.341104 0.822572 0.003598
v 0.337904 0.825081 0.001113
v 0.339198 0.826847 0.001130
v 0.337791 0.825170 0.001155
v 0.338021 0.824990 0.001108
v 0.339313 0.826757 0.001111
v 0.339486 0.826622 0.001132
v 0.339428 0.826667 0.001120
v 0.338136 0.824899 0.001129
v 0.339697 0.826456 0.001257
v 0.338343 0.824737 0.001263
v 0.338428 0.824670 0.001364
v 0.339736 0.826425 0.001313
v 0.338496 0.824617 0.001484
v 0.339813 0.826365 0.001424
v 0.339138 0.826894 0.001148
v 0.340629 0.826026 0.002469
v 0.341979 0.827749 0.002472
v 0.342200 0.827575 0.002564
v 0.340848 0.825855 0.002571
v 0.340628 0.826027 0.002476
v 0.340396 0.826209 0.002488
v 0.341747 0.827930 0.002495
v 0.340342 0.826251 0.002521
v 0.341637 0.828017 0.002544
v 0.340288 0.826294 0.002547
v 0.341449 0.828164 0.002734
v 0.340096 0.826444 0.002732
v 0.339354 0.823943 0.002565
v 0.340701 0.825668 0.002571
v 0.340880 0.825528 0.002760
v 0.339526 0.823810 0.002765
v 0.339587 0.823761 0.002891
v 0.340907 0.825508 0.002828
v 0.339628 0.823729 0.003029
v 0.340958 0.825467 0.002960
v 0.339647 0.823714 0.003175
v 0.340988 0.825444 0.003102
v 0.339643 0.823717 0.003323
v 0.340995 0.825438 0.003249
v 0.339610 0.823742 0.003467
v 0.340966 0.825461 0.003471
v 0.340980 0.825450 0.003395
v 0.344034 0.823357 -0.001481
v 0.345389 0.825075 -0.001484
v 0.345312 0.825135 -0.001763
v 0.343964 0.823411 -0.001763
v 0.343959 0.823416 -0.001763
v 0.343979 0.823399 -0.002057
v 0.345327 0.825124 -0.002058
v 0.344000 0.823383 -0.002126
v 0.345370 0.825089 -0.002196
v 0.344016 0.823371 -0.002199
v 0.344167 0.823252 -0.002436
v 0.345516 0.824975 -0.002440
v 0.340629 0.826027 -0.002452
v 0.341633 0.828019 -0.002534
v 0.340288 0.826294 -0.002547
v 0.340238 0.826332 -0.002586
v 0.341629 0.828043 -0.002811
v 0.340267 0.826331 -0.002804
v 0.341979 0.827748 -0.002472
v 0.340628 0.826027 -0.002476
v 0.340850 0.825853 -0.002564
v 0.342198 0.827577 -0.002571
v 0.341087 0.822583 0.003587
v 0.342435 0.824309 0.003505
v 0.341068 0.822600 0.003434
v 0.342453 0.824295 0.003587
v 0.342391 0.824344 0.003369
v 0.341013 0.822643 0.003304
v 0.342326 0.824394 0.003247
v 0.340939 0.822701 0.003189
v 0.340637 0.822937 0.002968
v 0.342301 0.824414 0.003171
v 0.341985 0.824662 0.002983
v 0.341927 0.824707 0.002976
v 0.340519 0.823031 0.002968
v 0.339517 0.826898 -0.001101
v 0.340867 0.828620 -0.001108
v 0.340636 0.828801 -0.001150
v 0.339287 0.827078 -0.001147
v 0.339284 0.827081 -0.001148
v 0.339574 0.826853 -0.001120
v 0.340985 0.828527 -0.001118
v 0.339632 0.826808 -0.001132
v 0.339938 0.826568 -0.001346
v 0.341275 0.828300 -0.001364
v 0.339959 0.826552 -0.001424
v 0.341343 0.828247 -0.001484
v 0.343136 0.824060 0.002614
v 0.344439 0.825819 0.002657
v 0.344534 0.825745 0.002571
v 0.343049 0.824129 0.002711
v 0.344359 0.825882 0.002765
v 0.342979 0.824184 0.002828
v 0.344296 0.825932 0.002889
v 0.342948 0.824208 0.002891
v 0.342882 0.824260 0.003174
v 0.344235 0.825979 0.003175
v 0.342888 0.824255 0.003175
v 0.344275 0.825949 0.003467
v 0.342913 0.824236 0.003469
v 0.342919 0.824230 0.003471
v 0.338898 0.824303 -0.002480
v 0.340251 0.826022 -0.002495
v 0.338612 0.824527 -0.002735
v 0.339945 0.826261 -0.002709
v 0.339955 0.826253 -0.002731
v 0.340250 0.826022 -0.002488
v 0.339132 0.824118 -0.002472
v 0.340482 0.825840 -0.002476
v 0.340539 0.825796 -0.002493
v 0.339245 0.824030 -0.002510
v 0.340648 0.825710 -0.002540
v 0.339351 0.823946 -0.002571
v 0.339614 0.823740 -0.003475
v 0.341285 0.825211 -0.003598
v 0.340964 0.825462 -0.003475
v 0.339935 0.823489 -0.003598
v 0.343939 0.826209 0.003585
v 0.342599 0.824481 0.003587
v 0.342598 0.824482 0.003576
v 0.343860 0.826274 0.003304
v 0.342514 0.824547 0.003301
v 0.342473 0.824581 0.003247
v 0.343786 0.826331 0.003189
v 0.342391 0.824645 0.003143
v 0.343696 0.826402 0.003096
v 0.342294 0.824720 0.003061
v 0.343593 0.826483 0.003026
v 0.342187 0.824804 0.003004
v 0.343482 0.826570 0.002983
v 0.342074 0.824893 0.002976
v 0.343366 0.826661 0.002968
v 0.339015 0.824210 0.002468
v 0.340308 0.825977 0.002483
v 0.338900 0.824300 0.002495
v 0.340366 0.825932 0.002471
v 0.340597 0.825751 0.002503
v 0.339245 0.824030 0.002510
v 0.339351 0.823946 0.002571
v 0.340648 0.825710 0.002540
v 0.340249 0.826024 0.002489
v 0.340043 0.826185 0.002626
v 0.338691 0.824464 0.002623
v 0.340000 0.826218 0.002676
v 0.338613 0.824527 0.002736
v 0.339955 0.826253 0.002731
v 0.338556 0.824570 0.002057
v 0.339911 0.826288 0.002058
v 0.338573 0.824556 0.001763
v 0.338517 0.824600 0.002197
v 0.339885 0.826308 0.002126
v 0.339865 0.826324 0.002196
v 0.339728 0.826431 0.002434
v 0.338367 0.824718 0.002425
v 0.339720 0.826438 0.002432
v 0.339921 0.826280 0.001763
v 0.339908 0.826291 0.001691
v 0.338544 0.824579 0.001619
v 0.339870 0.826320 0.001552
v 0.338496 0.824617 0.001484
v 0.337688 0.825251 0.000744
v 0.339375 0.826709 0.000559
v 0.339038 0.826973 0.000744
v 0.338017 0.824992 0.000545
v 0.339396 0.826692 0.000477
v 0.338083 0.824941 0.000419
v 0.339450 0.826649 0.000431
v 0.338202 0.824847 0.000003
v 0.339534 0.826584 0.000000
v 0.341593 0.822189 0.002657
v 0.342939 0.823914 0.002652
v 0.341449 0.822302 0.002889
v 0.341687 0.822115 0.002571
v 0.342990 0.823874 0.002614
v 0.342802 0.824022 0.002891
v 0.342781 0.824038 0.002960
v 0.341393 0.822346 0.003024
v 0.342742 0.824069 0.003026
v 0.342772 0.824045 0.003467
v 0.341429 0.822318 0.003467
v 0.342773 0.824044 0.003471
v 0.343204 0.820930 0.000753
v 0.344628 0.822590 0.000719
v 0.343342 0.820817 0.000720
v 0.344572 0.822633 0.000698
v 0.342867 0.821190 0.000147
v 0.342855 0.821199 -0.000000
v 0.344156 0.822959 0.000174
v 0.344211 0.822916 0.000074
v 0.344692 0.822539 0.000742
v 0.342902 0.821162 -0.001129
v 0.344311 0.822838 -0.001120
v 0.343018 0.821071 -0.001108
v 0.344253 0.822883 -0.001132
v 0.344042 0.823049 -0.001257
v 0.344045 0.823046 -0.001263
v 0.342694 0.821326 -0.001260
v 0.343888 0.823170 -0.001480
v 0.342542 0.821444 -0.001484
v 0.344426 0.822748 -0.001111
v 0.343134 0.820973 -0.001322
v 0.344492 0.822687 -0.001308
v 0.343351 0.820810 0.000743
v 0.344604 0.822608 0.001150
v 0.344701 0.822532 0.000743
v 0.343254 0.820886 0.001150
v 0.338083 0.824941 -0.000419
v 0.339396 0.826692 -0.000477
v 0.338009 0.824999 -0.000534
v 0.338138 0.824898 -0.000289
v 0.339461 0.826641 -0.000354
v 0.338172 0.824871 -0.000147
v 0.339505 0.826606 -0.000218
v 0.338183 0.824862 0.000000
v 0.339528 0.826589 -0.000074
v 0.339314 0.826756 -0.000581
v 0.337919 0.825069 -0.000628
v 0.339218 0.826831 -0.000663
v 0.337817 0.825150 -0.000698
v 0.339069 0.826943 -0.000520
v 0.337688 0.825251 -0.000744
v 0.340848 0.825855 -0.002571
v 0.342209 0.827567 -0.002551
v 0.341099 0.825657 -0.002878
v 0.342434 0.827392 -0.002891
v 0.342475 0.827360 -0.003029
v 0.341104 0.825654 -0.002960
v 0.341134 0.825630 -0.003102
v 0.342496 0.827342 -0.003175
v 0.341143 0.825623 -0.003175
v 0.341114 0.825646 -0.003477
v 0.342461 0.827370 -0.003475
v 0.343960 0.823414 0.001911
v 0.345308 0.825138 0.001911
v 0.344015 0.823371 0.002198
v 0.345368 0.825091 0.002197
v 0.344020 0.823367 0.002196
v 0.345518 0.824974 0.002425
v 0.344157 0.823260 0.002434
v 0.344165 0.823254 0.002432
v 0.343962 0.823413 0.001837
v 0.345314 0.825133 0.001763
v 0.343959 0.823416 0.001761
v 0.344039 0.823353 0.001484
v 0.345384 0.825079 0.001481
v 0.342789 0.821251 0.001171
v 0.344095 0.823008 0.001224
v 0.342695 0.821325 0.001263
v 0.344141 0.822971 0.001174
v 0.343256 0.820885 0.001142
v 0.344610 0.822604 0.001133
v 0.344041 0.823050 0.001257
v 0.342538 0.821448 0.001480
v 0.343892 0.823166 0.001484
v 0.337688 0.825251 -0.000743
v 0.339135 0.826897 -0.001150
v 0.339038 0.826973 -0.000743
v 0.337785 0.825175 -0.001150
v 0.344810 0.822752 0.000821
v 0.344397 0.823072 0.000289
v 0.345705 0.824827 0.000314
v 0.344391 0.823076 0.000291
v 0.344352 0.823107 -0.000000
v 0.345696 0.824834 0.000001
v 0.346188 0.824448 0.000723
v 0.344839 0.822725 0.000742
v 0.344847 0.822719 0.000743
v 0.346100 0.824517 0.001150
v 0.346197 0.824440 0.000743
v 0.344750 0.822795 0.001150
v 0.342247 0.821676 0.002547
v 0.343604 0.823393 0.002525
v 0.341905 0.821943 0.002461
v 0.343647 0.823359 0.002586
v 0.342263 0.821643 0.002801
v 0.343618 0.823360 0.002804
v 0.343257 0.823665 0.002476
v 0.343200 0.823709 0.002493
v 0.341793 0.822032 0.002510
v 0.343090 0.823795 0.002540
v 0.341687 0.822115 0.002571
v 0.341737 0.825157 0.003061
v 0.343036 0.826920 0.003096
v 0.343138 0.826839 0.003026
v 0.341844 0.825073 0.003004
v 0.343250 0.826752 0.002983
v 0.341958 0.824984 0.002976
v 0.343366 0.826661 0.002968
v 0.341641 0.825233 0.003143
v 0.342946 0.826990 0.003189
v 0.341559 0.825297 0.003247
v 0.342872 0.827048 0.003304
v 0.342817 0.827091 0.003434
v 0.341494 0.825348 0.003369
v 0.341450 0.825383 0.003505
v 0.342798 0.827108 0.003587
v 0.341432 0.825396 0.003587
v 0.339651 0.826793 0.000218
v 0.341018 0.828501 0.000147
v 0.340985 0.828528 0.000289
v 0.339607 0.826827 0.000354
v 0.340930 0.828571 0.000419
v 0.339543 0.826878 0.000477
v 0.340856 0.828629 0.000534
v 0.340766 0.828699 0.000628
v 0.339461 0.826942 0.000581
v 0.339418 0.826976 0.000634
v 0.340535 0.828880 0.000750
v 0.339184 0.827159 0.000744
v 0.339674 0.826775 0.000074
v 0.341030 0.828492 0.000000
v 0.342979 0.824184 -0.002828
v 0.344357 0.825884 -0.002763
v 0.344298 0.825930 -0.002891
v 0.342943 0.824212 -0.002888
v 0.344235 0.825979 -0.003175
v 0.342888 0.824255 -0.003175
v 0.342890 0.824254 -0.003249
v 0.344242 0.825974 -0.003323
v 0.344276 0.825948 -0.003467
v 0.342905 0.824242 -0.003395
v 0.342919 0.824230 -0.003471
v 0.343009 0.824160 -0.002765
v 0.343180 0.824026 -0.002565
v 0.344534 0.825745 -0.002571
v 0.340510 0.823041 0.002872
v 0.341862 0.824762 0.002884
v 0.339936 0.823491 0.003583
v 0.341263 0.825228 0.003566
v 0.341286 0.825210 0.003587
v 0.344290 0.823155 -0.001185
v 0.345639 0.824878 -0.001181
v 0.344513 0.822981 -0.001101
v 0.345864 0.824702 -0.001108
v 0.344572 0.822934 -0.001111
v 0.345983 0.824601 -0.001309
v 0.344638 0.822874 -0.001308
v 0.344280 0.823164 -0.001164
v 0.345374 0.825087 -0.001470
v 0.344039 0.823353 -0.001484
v 0.338473 0.824635 -0.002600
v 0.339953 0.826255 -0.002735
v 0.339824 0.826357 -0.002600
v 0.338603 0.824533 -0.002735
v 0.338367 0.824718 -0.002435
v 0.339824 0.826357 -0.002600
v 0.339717 0.826440 -0.002435
v 0.341104 0.822572 -0.003598
v 0.342775 0.824043 -0.003475
v 0.342454 0.824294 -0.003598
v 0.341424 0.822321 -0.003475
v 0.343254 0.820886 -0.001150
v 0.344701 0.822532 -0.000743
v 0.344604 0.822608 -0.001150
v 0.343351 0.820810 -0.000743
v 0.339935 0.823489 0.003598
v 0.340964 0.825462 0.003475
v 0.341285 0.825211 0.003598
v 0.339614 0.823740 0.003475
v 0.342600 0.824481 -0.003598
v 0.344271 0.825951 -0.003475
v 0.343950 0.826203 -0.003598
v 0.342921 0.824229 -0.003475
v 0.337785 0.825175 0.001150
v 0.339038 0.826973 0.000743
v 0.339135 0.826897 0.001150
v 0.337688 0.825251 0.000743
v 0.342369 0.822170 -0.003029
v 0.343326 0.821413 -0.001644
v 0.343670 0.821140 0.000320
v 0.342647 0.821949 0.002849
v 0.341766 0.821192 0.002604
v 0.339768 0.822688 0.003277
v 0.339042 0.824769 0.002824
v 0.338037 0.825564 0.000962
v 0.338233 0.825404 -0.001671
v 0.337468 0.824076 -0.000433
v 0.337853 0.824080 0.001896
v 0.339710 0.824254 -0.003333
v 0.339979 0.822757 -0.003387
v 0.338383 0.823571 -0.002523
v 0.341044 0.823220 -0.003553
v 0.341378 0.821642 -0.003080
v 0.340615 0.821269 0.002065
v 0.341620 0.820664 -0.001871
v 0.342647 0.820433 0.000383
v 0.340532 0.823597 0.003642
v 0.340017 0.826506 -0.001552
v 0.341391 0.828209 -0.001619
v 0.341343 0.828247 -0.001484
v 0.340054 0.826477 -0.001691
v 0.341417 0.828189 -0.001763
v 0.340069 0.826465 -0.001837
v 0.341421 0.828186 -0.001911
v 0.340061 0.826471 -0.001984
v 0.341402 0.828201 -0.002057
v 0.340031 0.826495 -0.002126
v 0.341361 0.828233 -0.002196
v 0.339980 0.826535 -0.002258
v 0.341152 0.828377 -0.002229
v 0.339800 0.826658 -0.002236
v 0.344750 0.822795 -0.001150
v 0.346197 0.824440 -0.000743
v 0.346100 0.824517 -0.001150
v 0.344847 0.822719 -0.000743
v 0.342921 0.824229 0.003475
v 0.343950 0.826203 0.003598
v 0.344271 0.825951 0.003475
v 0.342600 0.824481 0.003598
v 0.339281 0.827083 0.001150
v 0.340534 0.828881 0.000743
v 0.340631 0.828805 0.001150
v 0.339184 0.827159 0.000743
v 0.339184 0.827159 -0.000743
v 0.340631 0.828805 -0.001150
v 0.340534 0.828881 -0.000743
v 0.339281 0.827083 -0.001150
v 0.341431 0.825397 0.003598
v 0.342461 0.827371 0.003475
v 0.342781 0.827119 0.003598
v 0.341110 0.825649 0.003475
v 0.341110 0.825649 -0.003475
v 0.342781 0.827119 -0.003598
v 0.342461 0.827371 -0.003475
v 0.341431 0.825397 -0.003598
v 0.342436 0.821528 -0.002735
v 0.343791 0.823245 -0.002743
v 0.342678 0.821338 -0.002442
v 0.344022 0.823065 -0.002435
v 0.343814 0.823234 0.001763
v 0.343703 0.823328 0.001659
v 0.343800 0.823317 0.002106
v 0.343913 0.823217 0.002239
v 0.341461 0.825305 -0.003332
v 0.341487 0.825274 -0.003134
v 0.341792 0.825101 -0.002840
v 0.341782 0.825116 -0.003018
v 0.344477 0.822699 0.000652
v 0.344327 0.822825 0.000613
v 0.344211 0.822934 0.000170
v 0.344076 0.823045 0.000160
v 0.344600 0.822838 0.000661
v 0.344446 0.822960 0.000622
v 0.344388 0.823074 0.000293
v 0.344243 0.823177 0.000276
v 0.341382 0.825201 0.003332
v 0.341609 0.824966 0.002874
v 0.341588 0.824974 0.003054
v 0.341419 0.825184 0.003135
v 0.341867 0.824756 0.002959
v 0.341872 0.824761 0.002785
v 0.344079 0.823024 0.001150
v 0.344287 0.822930 0.001029
v 0.344437 0.822814 0.001093
v 0.343740 0.823513 -0.002555
v 0.343637 0.823595 -0.002404
v 0.343473 0.823792 -0.002398
v 0.346961 0.823578 0.000903
v 0.346764 0.823340 -0.000886
v 0.346961 0.823578 -0.000903
v 0.346773 0.823351 0.000889
v 0.348535 0.825481 0.000905
v 0.348535 0.825481 -0.000905
v 0.349264 0.826362 -0.000891
v 0.349273 0.826374 0.000888
v 0.332537 0.827682 -0.000962
v 0.333259 0.827701 -0.001274
v 0.337462 0.827787 -0.001274
v 0.337466 0.827792 0.001274
v 0.332228 0.827678 -0.000520
v 0.332209 0.827677 0.000476
v 0.332538 0.827684 0.000962
v 0.333259 0.827701 0.001274
v 0.338178 0.827793 -0.000962
v 0.338488 0.827800 -0.000520
v 0.338507 0.827800 0.000476
v 0.338171 0.827782 0.000961
v 0.341418 0.822326 -0.003470
v 0.341105 0.822572 -0.003597
v 0.340989 0.822662 -0.003233
v 0.341415 0.822328 -0.002952
v 0.340519 0.823031 -0.002940
v 0.341786 0.822037 -0.002483
v 0.339248 0.824028 -0.002501
v 0.338395 0.824696 -0.002428
v 0.342659 0.821353 -0.002453
v 0.342456 0.821512 -0.001912
v 0.338590 0.824544 -0.001836
v 0.342562 0.821429 -0.001412
v 0.338398 0.824694 -0.001298
v 0.342958 0.821119 -0.001099
v 0.343350 0.820811 -0.000744
v 0.338079 0.824944 -0.001113
v 0.337696 0.825244 -0.000750
v 0.337788 0.825172 -0.001142
v 0.343063 0.821036 -0.000597
v 0.338059 0.824959 -0.000490
v 0.342844 0.821208 -0.000076
v 0.338194 0.824853 0.000076
v 0.342979 0.821102 0.000490
v 0.337975 0.825025 0.000597
v 0.343343 0.820817 0.000750
v 0.337688 0.825250 0.000744
v 0.343017 0.821072 0.001099
v 0.337804 0.825160 0.001124
v 0.338303 0.824768 0.001205
v 0.342641 0.821367 0.001298
v 0.338574 0.824556 0.001686
v 0.342442 0.821523 0.001913
v 0.338540 0.824582 0.002129
v 0.342673 0.821342 0.002449
v 0.338375 0.824712 0.002436
v 0.342199 0.821714 0.002501
v 0.342436 0.821528 0.002734
v 0.341791 0.822033 0.002501
v 0.339133 0.824118 0.002467
v 0.338788 0.824388 0.002539
v 0.338595 0.824540 0.002744
v 0.339543 0.823796 0.002748
v 0.341468 0.822287 0.002816
v 0.340519 0.823031 0.002940
v 0.340049 0.823399 0.003233
v 0.339635 0.823724 0.003450
v 0.339934 0.823490 0.003597
v 0.340989 0.822662 0.003233
v 0.341403 0.822337 0.003450
v 0.341105 0.822572 0.003597
v 0.343254 0.820887 0.001150
v 0.343254 0.820887 -0.001150
v 0.342436 0.821528 -0.002734
v 0.342250 0.821673 -0.002539
v 0.338840 0.824347 -0.002501
v 0.338595 0.824540 -0.002744
v 0.339571 0.823774 -0.002816
v 0.340049 0.823399 -0.003233
v 0.339635 0.823724 -0.003450
v 0.339934 0.823490 -0.003597
v 0.342482 0.827354 -0.003450
v 0.342780 0.827120 -0.003597
v 0.342896 0.827029 -0.003233
v 0.342417 0.827405 -0.002816
v 0.343306 0.826708 -0.002954
v 0.344262 0.825958 -0.002952
v 0.344633 0.825668 -0.002483
v 0.342094 0.827658 -0.002501
v 0.341241 0.828327 -0.002428
v 0.345506 0.824983 -0.002453
v 0.345097 0.825303 -0.002539
v 0.345282 0.825158 -0.002734
v 0.345295 0.825148 -0.001836
v 0.341436 0.828174 -0.001836
v 0.345528 0.824965 -0.001240
v 0.341244 0.828324 -0.001298
v 0.340925 0.828574 -0.001113
v 0.346167 0.824465 -0.000756
v 0.346081 0.824532 -0.001124
v 0.340542 0.828875 -0.000750
v 0.340906 0.828590 -0.000490
v 0.345759 0.824784 -0.000364
v 0.341041 0.828484 0.000076
v 0.345714 0.824820 0.000224
v 0.340822 0.828656 0.000597
v 0.345917 0.824660 0.000586
v 0.346189 0.824447 0.000750
v 0.340535 0.828881 0.000744
v 0.345864 0.824702 0.001099
v 0.346100 0.824517 0.001150
v 0.340927 0.828573 0.001099
v 0.345488 0.824997 0.001298
v 0.341323 0.828263 0.001412
v 0.345295 0.825148 0.001836
v 0.341428 0.828180 0.001988
v 0.345506 0.824983 0.002452
v 0.341221 0.828342 0.002436
v 0.345045 0.825344 0.002501
v 0.345282 0.825158 0.002734
v 0.342099 0.827654 0.002483
v 0.341635 0.828018 0.002539
v 0.341441 0.828170 0.002744
v 0.344637 0.825664 0.002501
v 0.344314 0.825917 0.002816
v 0.342440 0.827386 0.002886
v 0.343366 0.826661 0.002940
v 0.343836 0.826292 0.003233
v 0.344250 0.825968 0.003450
v 0.343951 0.826202 0.003597
v 0.342896 0.827029 0.003233
v 0.342482 0.827354 0.003450
v 0.342780 0.827120 0.003597
v 0.340631 0.828805 0.001150
v 0.340635 0.828802 -0.001142
v 0.341441 0.828170 -0.002744
v 0.341686 0.827978 -0.002501
v 0.343700 0.826399 -0.003088
v 0.344264 0.825956 -0.003470
v 0.343961 0.826194 -0.003559
v 0.340558 0.823599 -0.003553
v 0.341568 0.822807 -0.003436
v 0.339543 0.824396 -0.003187
v 0.342574 0.822019 -0.002784
v 0.338833 0.824952 -0.002512
v 0.338302 0.825368 -0.001611
v 0.343318 0.821435 -0.001611
v 0.338014 0.825594 -0.000320
v 0.343606 0.821209 -0.000320
v 0.338106 0.825522 0.000963
v 0.343514 0.821282 0.000963
v 0.338619 0.825119 0.002241
v 0.343001 0.821684 0.002241
v 0.339543 0.824396 0.003187
v 0.342293 0.822239 0.003012
v 0.341568 0.822807 0.003436
v 0.340558 0.823599 0.003553
v 0.344244 0.823182 0.000277
v 0.344137 0.823040 0.000274
v 0.344173 0.823144 0.000139
v 0.344140 0.823122 -0.000000
v 0.344082 0.823026 0.000139
v 0.344529 0.822919 0.000675
v 0.344405 0.822773 0.000683
v 0.344590 0.822770 0.000697
v 0.341426 0.825251 0.003231
v 0.341394 0.825276 0.003365
v 0.341546 0.825298 0.003109
v 0.341457 0.825180 0.003110
v 0.341547 0.825156 0.003001
v 0.341701 0.825177 0.002913
v 0.341611 0.825059 0.002916
v 0.341729 0.825013 0.002847
v 0.341902 0.825019 0.002807
v 0.341811 0.824902 0.002811
v 0.341942 0.824846 0.002793
v 0.332341 0.835010 0.000780
v 0.331386 0.834379 0.000727
v 0.331921 0.833974 0.000839
v 0.332412 0.835041 0.000806
v 0.332370 0.835101 0.000621
v 0.331777 0.835282 0.000731
v 0.331738 0.835389 0.000613
v 0.332442 0.835132 -0.000612
v 0.331783 0.835293 -0.000739
v 0.331777 0.835341 -0.000806
v 0.331756 0.835334 -0.000611
v 0.331781 0.835364 -0.000739
v 0.331745 0.835354 -0.000739
v 0.331248 0.834305 -0.000740
v 0.331246 0.834304 0.000740
v 0.331738 0.835355 0.000740
v 0.331920 0.834028 -0.000803
v 0.331339 0.834263 -0.000735
v 0.332014 0.834164 0.000752
v 0.331302 0.834319 0.000613
v 0.331302 0.834301 0.000818
v 0.331255 0.834309 -0.000737
v 0.331433 0.834427 -0.000720
v 0.331305 0.834412 -0.000736
v 0.331410 0.834421 -0.000821
v 0.332311 0.834991 -0.000733
v 0.332457 0.835024 -0.000612
v 0.332457 0.835024 -0.000612
v 0.332484 0.835141 0.000613
v 0.332248 0.834908 0.000756
v 0.331905 0.833969 0.000773
v 0.331933 0.834006 -0.000741
v 0.331930 0.833948 0.000612
v 0.332373 0.835029 -0.000769
v 0.331968 0.834084 -0.000840
v 0.332407 0.835062 0.000819
v 0.331753 0.835280 0.000721
v 0.331752 0.835244 0.000831
v 0.323124 0.820720 0.000772
v 0.322020 0.820384 0.000723
v 0.322463 0.819855 0.000826
v 0.323202 0.820753 0.000806
v 0.322562 0.821155 0.000743
v 0.322600 0.821084 0.000714
v 0.322603 0.821089 0.000826
v 0.322728 0.821266 0.000612
v 0.322635 0.821095 0.000732
v 0.323217 0.820837 0.000615
v 0.323255 0.820831 -0.000612
v 0.323113 0.820712 -0.000732
v 0.323242 0.820725 -0.000612
v 0.323242 0.820725 -0.000612
v 0.323208 0.820777 -0.000770
v 0.323294 0.820835 0.000614
v 0.322445 0.819854 0.000770
v 0.323106 0.820694 0.000761
v 0.322500 0.819958 -0.000762
v 0.322502 0.819831 0.000612
v 0.322419 0.819802 0.000612
v 0.322718 0.821175 -0.000844
v 0.322485 0.819948 -0.000772
v 0.322468 0.819865 -0.000806
v 0.321901 0.820189 -0.000748
v 0.322431 0.819833 -0.000821
v 0.322364 0.819833 -0.000727
v 0.322568 0.820045 0.000754
v 0.321876 0.820321 -0.000737
v 0.321911 0.820290 0.000824
v 0.321874 0.820252 0.000612
v 0.321887 0.820339 0.000612
v 0.321992 0.820384 -0.000825
v 0.321952 0.820418 -0.000743
v 0.322622 0.821247 -0.000752
v 0.322029 0.820394 -0.000714
v 0.322025 0.820390 -0.000826
v 0.322661 0.821196 -0.000806
v 0.322710 0.821263 -0.000612
v 0.322627 0.821234 0.000612
v 0.322627 0.821234 0.000612
v 0.322604 0.821221 -0.000612
v 0.322637 0.821220 0.000738
v 0.321866 0.820338 0.000751
v 0.321892 0.820335 -0.000740
v 0.322668 0.821215 -0.000737
v 0.322710 0.821263 -0.000612
v 0.323208 0.820782 0.000819
v 0.344493 0.836162 0.002479
v 0.344724 0.835775 0.002665
v 0.344732 0.835768 0.002641
v 0.344460 0.836400 0.002372
v 0.344510 0.836148 0.002431
v 0.344740 0.835762 0.002617
v 0.355092 0.843840 -0.004238
v 0.354642 0.844199 -0.003764
v 0.355032 0.843799 0.004230
v 0.354633 0.844188 0.003765
v 0.354669 0.844509 -0.003816
v 0.354725 0.844564 0.003820
v 0.355178 0.842955 -0.004481
v 0.355178 0.842955 0.004481
v 0.360102 0.840147 0.000889
v 0.360219 0.840564 0.000000
v 0.360169 0.840091 0.000000
v 0.360155 0.840616 0.000837
v 0.359902 0.840312 0.001743
v 0.360102 0.840147 0.000889
v 0.359967 0.840772 0.001642
v 0.359578 0.840580 0.002530
v 0.359902 0.840312 0.001743
v 0.359662 0.841024 0.002384
v 0.359142 0.840941 0.003220
v 0.359578 0.840580 0.002530
v 0.359251 0.841364 0.003034
v 0.358611 0.841381 0.003786
v 0.359142 0.840941 0.003220
v 0.358750 0.841779 0.003567
v 0.358004 0.841882 0.004206
v 0.358611 0.841381 0.003786
v 0.358179 0.842251 0.003963
v 0.357346 0.842427 0.004465
v 0.358004 0.841882 0.004206
v 0.357559 0.842764 0.004207
v 0.356662 0.842993 0.004553
v 0.357346 0.842427 0.004465
v 0.356914 0.843297 0.004290
v 0.355863 0.843654 0.004465
v 0.356662 0.842993 0.004553
v 0.356155 0.843926 0.004207
v 0.355320 0.844103 0.004206
v 0.355863 0.843654 0.004465
v 0.355649 0.844344 0.003963
v 0.354800 0.844582 0.003802
v 0.355320 0.844103 0.004206
v 0.359020 0.841555 0.003332
v 0.358179 0.842251 0.003963
v 0.356155 0.843926 0.004207
v 0.357258 0.843013 0.004285
v 0.359842 0.840875 0.002032
v 0.360218 0.840564 0.000423
v 0.360155 0.840616 -0.000837
v 0.359842 0.840875 -0.002032
v 0.359020 0.841555 -0.003332
v 0.355078 0.844816 -0.003567
v 0.358179 0.842251 -0.003963
v 0.356016 0.844040 -0.004172
v 0.357258 0.843013 -0.004285
v 0.360102 0.840147 -0.000889
v 0.360155 0.840616 -0.000837
v 0.359902 0.840312 -0.001743
v 0.359967 0.840772 -0.001642
v 0.360102 0.840147 -0.000889
v 0.359578 0.840580 -0.002530
v 0.359662 0.841024 -0.002384
v 0.359902 0.840312 -0.001743
v 0.359142 0.840941 -0.003220
v 0.359251 0.841364 -0.003034
v 0.359578 0.840580 -0.002530
v 0.358611 0.841381 -0.003786
v 0.358750 0.841779 -0.003567
v 0.359142 0.840941 -0.003220
v 0.358004 0.841882 -0.004206
v 0.358179 0.842251 -0.003963
v 0.358611 0.841381 -0.003786
v 0.357346 0.842427 -0.004465
v 0.357559 0.842764 -0.004207
v 0.358004 0.841882 -0.004206
v 0.356662 0.842993 -0.004553
v 0.356914 0.843297 -0.004290
v 0.357346 0.842427 -0.004465
v 0.355863 0.843654 -0.004465
v 0.356155 0.843926 -0.004207
v 0.356662 0.842993 -0.004553
v 0.355320 0.844103 -0.004206
v 0.355649 0.844344 -0.003963
v 0.355863 0.843654 -0.004465
v 0.354750 0.844574 -0.003812
v 0.355078 0.844816 -0.003567
v 0.355320 0.844103 -0.004206
v 0.349520 0.836017 0.004501
v 0.349520 0.836017 -0.004500
v 0.355102 0.842798 0.004519
v 0.349563 0.835981 0.004581
v 0.349520 0.836017 0.004501
v 0.349574 0.835974 -0.004575
v 0.355294 0.842999 -0.004572
v 0.355114 0.842796 -0.004517
v 0.354914 0.843752 -0.004310
v 0.349520 0.836017 -0.004500
v 0.355294 0.842999 0.004572
v 0.355083 0.843759 0.004243
v 0.355106 0.843822 0.004303
v 0.354949 0.843823 0.004134
v 0.349475 0.835861 0.004506
v 0.349475 0.835861 -0.004506
v 0.351905 0.833840 -0.004069
v 0.352717 0.833131 -0.003247
v 0.353294 0.832541 -0.002172
v 0.353616 0.832112 -0.000470
v 0.353530 0.832142 0.000896
v 0.353206 0.832438 0.002180
v 0.352717 0.833131 0.003247
v 0.351967 0.833917 0.004070
v 0.350606 0.834926 0.004585
v 0.350606 0.834926 -0.004585
v 0.354631 0.844483 -0.003881
v 0.355115 0.843915 -0.004359
v 0.354880 0.844491 0.003745
v 0.354788 0.844492 -0.003772
v 0.350286 0.835287 0.004623
v 0.349522 0.835919 0.004539
v 0.350961 0.834693 0.004524
v 0.351649 0.834159 0.004271
v 0.351034 0.834765 0.004566
v 0.352326 0.833695 0.003871
v 0.352204 0.833542 0.003872
v 0.352727 0.833072 0.003300
v 0.353622 0.832653 0.001757
v 0.352870 0.833246 0.003292
v 0.353112 0.832715 0.002550
v 0.353454 0.832490 0.001747
v 0.353588 0.832161 0.000903
v 0.353662 0.831954 -0.000398
v 0.353629 0.832242 -0.000509
v 0.353408 0.832305 -0.001786
v 0.353147 0.832660 -0.002595
v 0.352811 0.833181 -0.003246
v 0.352310 0.833746 -0.003803
v 0.351649 0.834159 -0.004271
v 0.350716 0.835047 -0.004644
v 0.350614 0.834938 -0.004579
v 0.349522 0.835919 -0.004539
v 0.355138 0.842859 0.004494
v 0.355138 0.842859 -0.004494
v 0.349497 0.835939 0.004503
v 0.349497 0.835939 -0.004503
v 0.354643 0.844539 0.003929
v 0.355115 0.843915 0.004359
v 0.354750 0.844574 -0.003812
v 0.355003 0.845243 0.003750
v 0.355078 0.844816 -0.003567
v 0.320749 0.817486 0.001087
v 0.319770 0.812263 0.001220
v 0.317802 0.813788 0.001100
v 0.322740 0.815839 0.001207
v 0.317721 0.812139 0.000472
v 0.318577 0.810937 0.000765
v 0.318608 0.810910 -0.000757
v 0.319755 0.812189 -0.001195
v 0.317678 0.812137 -0.000471
v 0.317743 0.813853 -0.001077
v 0.320778 0.817463 -0.001041
v 0.322754 0.815828 -0.001214
v 0.278455 0.766347 0.000766
v 0.277361 0.766014 0.000717
v 0.277799 0.765489 0.000819
v 0.278532 0.766379 0.000799
v 0.277897 0.766778 0.000737
v 0.277935 0.766708 0.000708
v 0.277939 0.766713 0.000819
v 0.278063 0.766889 0.000607
v 0.277970 0.766719 0.000726
v 0.278547 0.766463 0.000610
v 0.278584 0.766457 -0.000607
v 0.278444 0.766339 -0.000725
v 0.278572 0.766352 -0.000607
v 0.278572 0.766352 -0.000607
v 0.278538 0.766403 -0.000764
v 0.278623 0.766462 0.000609
v 0.278437 0.766322 0.000755
v 0.277781 0.765489 0.000763
v 0.277836 0.765592 -0.000756
v 0.277838 0.765465 0.000607
v 0.277756 0.765437 0.000607
v 0.278052 0.766798 -0.000837
v 0.277957 0.766869 -0.000746
v 0.277293 0.766048 -0.000737
v 0.277242 0.765821 -0.000742
v 0.277332 0.766014 -0.000818
v 0.277369 0.766024 -0.000708
v 0.277365 0.766020 -0.000819
v 0.277217 0.765951 -0.000731
v 0.277701 0.765468 -0.000720
v 0.277904 0.765678 0.000748
v 0.277252 0.765921 0.000817
v 0.277216 0.765883 0.000607
v 0.277228 0.765970 0.000607
v 0.277768 0.765468 -0.000814
v 0.277822 0.765581 -0.000766
v 0.277804 0.765499 -0.000799
v 0.277996 0.766819 -0.000799
v 0.278045 0.766885 -0.000607
v 0.278003 0.766838 -0.000731
v 0.277939 0.766844 -0.000607
v 0.277233 0.765965 -0.000734
v 0.277208 0.765968 0.000744
v 0.277972 0.766843 0.000732
v 0.277962 0.766857 0.000607
v 0.277962 0.766857 0.000607
v 0.278045 0.766885 -0.000607
v 0.278538 0.766408 0.000812
v 0.323422 0.814771 -0.001454
v 0.323974 0.814314 -0.001407
v 0.322926 0.815181 -0.001137
v 0.324364 0.813992 -0.001137
v 0.322645 0.815413 -0.000693
v 0.324700 0.813714 -0.000567
v 0.322517 0.815519 -0.000144
v 0.324772 0.813654 0.000144
v 0.322560 0.815484 0.000427
v 0.324644 0.813760 0.000693
v 0.322837 0.815255 0.001048
v 0.324364 0.813992 0.001137
v 0.323422 0.814771 0.001454
v 0.323974 0.814314 0.001407
v 0.285342 0.766644 0.001047
v 0.285575 0.766197 0.001240
v 0.285625 0.766421 0.000427
v 0.285891 0.765920 0.000384
v 0.285655 0.766385 -0.000289
v 0.285805 0.765991 -0.000754
v 0.285417 0.766594 -0.000933
v 0.285366 0.766370 -0.001511
v 0.285075 0.766877 -0.001297
v 0.284699 0.766906 -0.001932
v 0.284652 0.767227 -0.001463
v 0.284212 0.767590 -0.001407
v 0.283973 0.767522 -0.001871
v 0.283822 0.767913 -0.001137
v 0.283455 0.767951 -0.001511
v 0.283481 0.768184 -0.000567
v 0.283082 0.768260 -0.000922
v 0.282911 0.768401 -0.000192
v 0.283416 0.768237 0.000289
v 0.283001 0.768311 0.000754
v 0.283606 0.768097 0.000813
v 0.283901 0.767836 0.001232
v 0.283455 0.767951 0.001511
v 0.284107 0.767396 0.001932
v 0.284430 0.767410 0.001463
v 0.284870 0.767046 0.001407
v 0.284984 0.766671 0.001820
v 0.285868 0.765961 -0.000717
v 0.281131 0.760031 -0.000060
v 0.280003 0.760964 -0.002061
v 0.284900 0.766762 -0.001889
v 0.283311 0.768076 -0.001524
v 0.278069 0.762564 -0.000739
v 0.278510 0.762199 0.001470
v 0.282959 0.768367 0.000717
v 0.284210 0.767332 0.002035
v 0.280239 0.760768 0.001906
v 0.285681 0.766116 0.001171
v 0.279139 0.761679 -0.001871
v 0.279724 0.761195 -0.001946
v 0.280287 0.760729 -0.001725
v 0.280741 0.760353 -0.001241
v 0.278502 0.762205 -0.001394
v 0.281018 0.760124 -0.000568
v 0.281066 0.760085 0.000385
v 0.278087 0.762549 -0.000385
v 0.280650 0.760429 0.001394
v 0.278173 0.762478 0.000754
v 0.280014 0.760955 0.001871
v 0.278732 0.762015 0.001639
v 0.279429 0.761439 0.001946
v 0.323241 0.815456 0.000969
v 0.322805 0.815256 0.001402
v 0.323598 0.814606 0.001527
v 0.324607 0.814207 0.000986
v 0.324357 0.813973 0.001437
v 0.321897 0.810069 0.000798
v 0.320678 0.811077 0.001527
v 0.323598 0.814606 0.001527
v 0.325151 0.813872 -0.000468
v 0.321540 0.810365 -0.001342
v 0.324363 0.813967 -0.001435
v 0.323598 0.814606 -0.001527
v 0.320708 0.811045 -0.001527
v 0.324620 0.814231 -0.000989
v 0.323598 0.814606 -0.001527
v 0.323192 0.815388 -0.000954
v 0.322733 0.815310 -0.001387
v 0.322876 0.815768 -0.000668
v 0.320708 0.811045 -0.001527
v 0.323598 0.814606 -0.001527
v 0.318985 0.811121 -0.000951
v 0.318963 0.811118 0.000944
v 0.323598 0.814606 0.001527
v 0.320678 0.811077 0.001527
v 0.322852 0.815804 0.000640
v 0.325208 0.813819 0.000364
v 0.319162 0.811123 -0.001108
v 0.319581 0.811105 -0.001421
v 0.320678 0.811077 0.001527
v 0.318887 0.811101 -0.000574
v 0.318929 0.811148 0.000719
v 0.319525 0.811150 0.001397
v 0.320708 0.811045 -0.001527
v 0.323598 0.814606 -0.001527
v 0.320678 0.811077 0.001527
v 0.323598 0.814606 0.001527
v 0.320708 0.811045 -0.001527
v 0.320708 0.811045 -0.001527
v 0.321363 0.810511 -0.001448
v 0.320678 0.811077 0.001527
v 0.321641 0.810281 -0.001111
v 0.321875 0.810087 -0.000509
v 0.321923 0.810047 0.000172
v 0.321779 0.810166 0.000826
v 0.321402 0.810479 0.001432
v 0.278325 0.756937 -0.000747
v 0.278026 0.757319 -0.001381
v 0.277986 0.757295 -0.001379
v 0.275910 0.759011 -0.001378
v 0.275685 0.759199 -0.001049
v 0.275539 0.759042 -0.001797
v 0.275321 0.759204 -0.001851
v 0.275540 0.759040 -0.001805
v 0.275519 0.758993 -0.001788
v 0.275363 0.759333 -0.001072
v 0.275405 0.759399 -0.001087
v 0.277830 0.757115 -0.002355
v 0.275495 0.758932 -0.001806
v 0.271955 0.754234 -0.002357
v 0.272201 0.754010 -0.002358
v 0.274036 0.754401 -0.002362
v 0.277881 0.757063 -0.002324
v 0.276079 0.754680 -0.000330
v 0.280190 0.759904 -0.000523
v 0.280136 0.759959 0.000723
v 0.278020 0.757317 0.001379
v 0.279800 0.760242 0.001353
v 0.277986 0.757295 0.001379
v 0.278347 0.756873 0.000653
v 0.273970 0.754330 0.002374
v 0.277884 0.757065 0.002326
v 0.275664 0.755076 0.002356
v 0.274036 0.754401 0.002362
v 0.272198 0.754008 0.002360
v 0.271959 0.754232 0.002355
v 0.275513 0.758909 0.001778
v 0.275778 0.758811 0.002370
v 0.277811 0.757103 0.002353
v 0.275912 0.759014 0.001379
v 0.275537 0.759035 0.001801
v 0.275687 0.759201 0.001050
v 0.275274 0.759174 0.001843
v 0.275427 0.759413 0.001106
v 0.271773 0.754477 0.001815
v 0.271499 0.754621 0.001858
v 0.275447 0.758910 0.001780
v 0.275287 0.759194 0.001858
v 0.271772 0.754065 0.002350
v 0.271692 0.754375 0.001804
v 0.271500 0.754616 0.001850
v 0.271511 0.754626 -0.001848
v 0.271692 0.754376 -0.001804
v 0.271957 0.754225 -0.002354
v 0.272188 0.753998 -0.002359
v 0.275638 0.755065 -0.002333
v 0.272682 0.753603 0.000080
v 0.275991 0.754531 -0.000352
v 0.275883 0.754847 -0.001605
v 0.275996 0.754751 0.000989
v 0.279800 0.760242 -0.001353
v 0.271497 0.754619 -0.001861
v 0.275279 0.759182 -0.001849
v 0.275449 0.758912 -0.001782
v 0.271773 0.754477 -0.001815
v 0.275777 0.758811 -0.002370
v 0.278415 0.762501 -0.001027
v 0.275921 0.759028 -0.001367
v 0.278639 0.762316 -0.001353
v 0.275694 0.759215 -0.001043
v 0.271499 0.754626 0.001857
v 0.275289 0.759251 0.001855
v 0.275284 0.759327 -0.001875
v 0.271499 0.754626 -0.001857
v 0.278639 0.762316 0.001353
v 0.275694 0.759214 0.001042
v 0.278415 0.762501 0.001027
v 0.275921 0.759033 0.001370
v 0.278639 0.762316 -0.001353
v 0.277992 0.757299 -0.001376
v 0.279800 0.760242 -0.001353
v 0.275912 0.759019 -0.001375
v 0.280723 0.760592 -0.001353
v 0.278639 0.762316 0.001353
v 0.279800 0.760242 0.001353
v 0.280723 0.760592 0.001353
v 0.277992 0.757298 0.001376
v 0.275912 0.759019 0.001375
v 0.281161 0.760251 -0.000185
v 0.280238 0.759901 0.000185
v 0.280166 0.760018 -0.000713
v 0.281000 0.760389 -0.000890
v 0.280723 0.760592 -0.001353
v 0.279800 0.760242 -0.001353
v 0.281088 0.760367 0.000713
v 0.280077 0.760039 0.000890
v 0.279800 0.760242 0.001353
v 0.280723 0.760592 0.001353
v 0.275511 0.759473 -0.001036
v 0.275486 0.759473 0.001062
v 0.275401 0.759379 -0.001111
v 0.275401 0.759380 0.001111
v 0.275403 0.759434 0.001083
v 0.275403 0.759435 -0.001076
v 0.275376 0.759380 0.001128
v 0.275377 0.759381 -0.001119
v 0.269128 0.752906 -0.001706
v 0.269409 0.753206 0.001597
v 0.269409 0.753206 -0.001597
v 0.269127 0.752902 0.001706
v 0.273734 0.758457 -0.001688
v 0.273806 0.758548 -0.001554
v 0.274183 0.758990 -0.001348
v 0.274445 0.759302 -0.000807
v 0.274619 0.759508 0.000181
v 0.274559 0.759425 -0.000168
v 0.274315 0.759145 0.001083
v 0.273810 0.758566 0.001669
v 0.273737 0.758445 0.001572
v 0.274219 0.758714 -0.001598
v 0.275043 0.758734 -0.001385
v 0.274564 0.759131 0.001385
v 0.274699 0.758318 0.001598
v 0.269275 0.752738 0.001716
v 0.269755 0.752342 0.001716
v 0.269755 0.752342 -0.001716
v 0.269275 0.752738 -0.001716
v 0.269275 0.752738 -0.001716
v 0.269755 0.752342 0.001716
v 0.269755 0.752342 -0.001716
v 0.269275 0.752738 0.001716
v 0.274507 0.759073 -0.001289
v 0.274041 0.758806 -0.001489
v 0.269554 0.753086 -0.001597
v 0.269409 0.753206 -0.001597
v 0.274362 0.759194 0.001289
v 0.274187 0.758686 0.001489
v 0.269409 0.753206 0.001597
v 0.269554 0.753086 0.001597
v 0.274341 0.758859 0.001348
v 0.273977 0.758406 0.001554
v 0.274598 0.759176 0.000807
v 0.274768 0.759385 -0.000181
v 0.274698 0.759311 0.000168
v 0.274468 0.759019 -0.001083
v 0.273994 0.758414 -0.001669
v 0.273891 0.758317 -0.001572
v 0.269275 0.752738 -0.001716
v 0.269554 0.753086 -0.001597
v 0.269275 0.752738 0.001716
v 0.269554 0.753086 0.001597
v 0.273901 0.758319 0.001688
v 0.269554 0.753086 0.001597
v 0.269409 0.753206 -0.001597
v 0.269409 0.753206 0.001597
v 0.269554 0.753086 -0.001597
v 0.269755 0.752342 0.001716
v 0.274376 0.757928 -0.001689
v 0.269755 0.752342 -0.001716
v 0.274462 0.758032 0.001670
v 0.274977 0.758654 0.001108
v 0.275250 0.758984 0.000181
v 0.274976 0.758653 -0.001161
v 0.263728 0.751755 0.009866
v 0.268017 0.751881 0.009866
v 0.263400 0.752569 0.009866
v 0.262863 0.753063 0.009866
v 0.264332 0.753126 0.009865
v 0.266438 0.753959 0.009827
v 0.264453 0.753247 0.009860
v 0.262831 0.753149 0.009893
v 0.267809 0.753136 0.009844
v 0.267882 0.752776 0.009855
v 0.268038 0.751903 0.009778
v 0.263676 0.751724 0.009819
v 0.263319 0.752538 0.009852
v 0.262735 0.753099 0.009843
v 0.268063 0.751918 0.009863
v 0.268039 0.751929 0.009839
v 0.263742 0.751806 0.009837
v 0.263632 0.751725 0.009830
v 0.262622 0.753199 0.009830
v 0.262580 0.753148 -0.009830
v 0.263693 0.751779 -0.009830
v 0.262510 0.753026 0.009830
v 0.262522 0.753049 -0.009830
v 0.264708 0.753311 -0.002845
v 0.266469 0.753966 -0.002845
v 0.267055 0.754059 -0.009830
v 0.268323 0.752032 -0.002845
v 0.268112 0.751828 -0.009830
v 0.264707 0.753309 0.002845
v 0.266469 0.753966 0.002845
v 0.267055 0.754059 0.009830
v 0.268112 0.751828 0.009830
v 0.268323 0.752032 0.002845
v 0.265119 0.754337 -0.001734
v 0.267829 0.754777 -0.001688
v 0.267837 0.754846 -0.001746
v 0.270839 0.755000 -0.001717
v 0.264708 0.753294 0.002815
v 0.266172 0.753881 0.002845
v 0.267829 0.754777 0.002845
v 0.265174 0.754297 0.002845
v 0.267799 0.753126 0.002845
v 0.266870 0.753838 0.002845
v 0.270836 0.754963 0.002845
v 0.270661 0.751888 0.002845
v 0.268104 0.751851 0.002845
v 0.265140 0.754310 0.002770
v 0.267829 0.754777 0.002845
v 0.267839 0.754846 0.002786
v 0.270838 0.754997 0.002815
v 0.265129 0.754113 0.002783
v 0.270836 0.754963 0.002845
v 0.270904 0.754970 0.002786
v 0.270661 0.751888 0.002845
v 0.270728 0.751889 0.002786
v 0.270704 0.751889 0.001706
v 0.270704 0.751889 0.002827
v 0.268020 0.751841 0.001688
v 0.268086 0.751843 0.002845
v 0.263555 0.751653 0.009830
v 0.268087 0.751809 0.009830
v 0.268087 0.751809 0.000000
v 0.268020 0.751841 -0.001688
v 0.268086 0.751843 -0.002845
v 0.270704 0.751889 -0.002827
v 0.270704 0.751889 -0.001706
v 0.263558 0.751657 -0.009830
v 0.268087 0.751809 -0.009830
v 0.264708 0.753294 -0.002815
v 0.267830 0.754777 -0.002845
v 0.265174 0.754297 -0.002845
v 0.267799 0.753126 -0.002845
v 0.266870 0.753838 -0.002845
v 0.266172 0.753881 -0.002845
v 0.270836 0.754963 -0.002845
v 0.268104 0.751851 -0.002845
v 0.270661 0.751888 -0.002845
v 0.265140 0.754310 -0.002770
v 0.267829 0.754777 -0.002845
v 0.267839 0.754846 -0.002786
v 0.270838 0.754997 -0.002815
v 0.265129 0.754113 -0.002783
v 0.266438 0.753959 -0.009827
v 0.264332 0.753126 -0.009865
v 0.262863 0.753063 -0.009866
v 0.268017 0.751881 -0.009866
v 0.263400 0.752569 -0.009866
v 0.263728 0.751755 -0.009866
v 0.267809 0.753136 -0.009844
v 0.267882 0.752776 -0.009855
v 0.268038 0.751903 -0.009778
v 0.263676 0.751724 -0.009819
v 0.263319 0.752538 -0.009852
v 0.262735 0.753099 -0.009843
v 0.268063 0.751918 -0.009863
v 0.262831 0.753149 -0.009893
v 0.264453 0.753247 -0.009860
v 0.262817 0.753063 -0.009863
v 0.263461 0.752509 -0.009856
v 0.263658 0.751701 -0.009882
v 0.268039 0.751929 -0.009839
v 0.263742 0.751807 -0.009837
v 0.270904 0.754970 -0.002786
v 0.270836 0.754963 -0.002845
v 0.270720 0.751889 -0.002794
v 0.270904 0.754970 -0.002786
v 0.270904 0.754970 -0.001747
v 0.270728 0.751889 -0.002786
v 0.270728 0.751889 -0.001747
v 0.270836 0.754963 -0.001688
v 0.270904 0.754970 -0.001747
v 0.270661 0.751888 -0.001688
v 0.270728 0.751889 -0.001747
v 0.267799 0.753126 -0.001688
v 0.270836 0.754963 -0.001688
v 0.266085 0.754502 -0.001688
v 0.266870 0.753838 -0.001688
v 0.266172 0.753881 -0.001688
v 0.265218 0.753487 -0.001688
v 0.268052 0.751874 -0.001688
v 0.270661 0.751888 -0.001688
v 0.268261 0.752039 -0.001688
v 0.267265 0.753703 0.001688
v 0.268140 0.751878 0.001686
v 0.266387 0.753936 -0.001688
v 0.264767 0.753393 0.001688
v 0.264742 0.753345 -0.001688
v 0.270661 0.751888 0.001688
v 0.268020 0.751841 -0.001688
v 0.268087 0.751809 0.000000
v 0.270661 0.751888 -0.001688
v 0.268020 0.751841 0.001688
v 0.270661 0.751888 0.001688
v 0.270728 0.751889 0.001747
v 0.270836 0.754963 0.001688
v 0.270904 0.754970 0.001747
v 0.268052 0.751874 0.001688
v 0.270661 0.751888 0.001688
v 0.267799 0.753126 0.001688
v 0.270836 0.754963 0.001688
v 0.266085 0.754502 0.001688
v 0.266870 0.753838 0.001688
v 0.266172 0.753881 0.001688
v 0.265218 0.753487 0.001688
v 0.267829 0.754777 0.001688
v 0.267839 0.754846 0.001746
v 0.270839 0.755000 0.001717
v 0.265119 0.754330 0.001741
v 0.265130 0.754333 0.001747
v 0.265135 0.754335 -0.001747
v 0.266031 0.754519 -0.001747
v 0.266804 0.754659 0.001747
v 0.271011 0.755337 0.002786
v 0.265190 0.754367 0.001747
v 0.266820 0.754662 -0.002786
v 0.265190 0.754367 -0.001747
v 0.265112 0.754307 -0.002786
v 0.264726 0.753344 0.002842
v 0.264719 0.753326 -0.002843
v 0.264746 0.753354 -0.002841
v 0.265111 0.754307 0.002786
v 0.267182 0.754727 -0.001747
v 0.267926 0.754858 0.001747
v 0.267926 0.754858 -0.001747
v 0.270969 0.755263 0.001747
v 0.270917 0.755169 -0.001747
v 0.270960 0.755246 -0.002786
v 0.270872 0.755002 -0.002786
v 0.270872 0.755002 -0.001747
v 0.270872 0.755002 0.002786
v 0.270872 0.755002 0.001747
v 0.270904 0.754970 0.001747
v 0.270904 0.754970 0.002786
v 0.270728 0.751889 0.001747
v 0.270728 0.751889 0.002786
v 0.260958 0.751802 0.007289
v 0.261224 0.751921 -0.007289
v 0.260958 0.751802 -0.007289
v 0.261224 0.751921 0.007289
v 0.261224 0.751921 0.007289
v 0.261509 0.751986 -0.007289
v 0.261224 0.751921 -0.007289
v 0.261509 0.751986 0.007289
v 0.261509 0.751986 0.007289
v 0.261800 0.751994 -0.007289
v 0.261509 0.751986 -0.007289
v 0.261800 0.751994 0.007289
v 0.261800 0.751994 0.007289
v 0.262088 0.751945 -0.007289
v 0.261800 0.751994 -0.007289
v 0.262088 0.751945 0.007289
v 0.262088 0.751945 0.007289
v 0.262360 0.751841 -0.007289
v 0.262088 0.751945 -0.007289
v 0.262360 0.751841 0.007289
v 0.262360 0.751841 0.007289
v 0.262607 0.751686 -0.007289
v 0.262360 0.751841 -0.007289
v 0.262607 0.751686 0.007289
v 0.262614 0.751678 0.007289
v 0.262615 0.751679 -0.007289
v 0.262616 0.751679 0.000000
v 0.263180 0.750406 0.007289
v 0.263132 0.750118 -0.007289
v 0.263180 0.750406 -0.007289
v 0.263132 0.750118 0.007289
v 0.260899 0.750016 0.009645
v 0.267812 0.749840 0.009644
v 0.260897 0.750001 0.007289
v 0.263063 0.749937 0.007289
v 0.263458 0.749916 -0.000019
v 0.263096 0.749926 0.007289
v 0.263141 0.750043 -0.007289
v 0.263063 0.749937 -0.007289
v 0.267812 0.749840 -0.009644
v 0.260899 0.750016 -0.009645
v 0.267945 0.749844 0.000001
v 0.260897 0.750001 -0.007289
v 0.260445 0.751573 0.001688
v 0.260719 0.751634 0.000000
v 0.260445 0.751572 0.002845
v 0.260456 0.751583 0.000000
v 0.260472 0.751585 0.009780
v 0.267935 0.751685 0.009781
v 0.268048 0.751773 0.002875
v 0.260713 0.751625 0.007289
v 0.262623 0.751672 0.007289
v 0.268086 0.751826 0.002845
v 0.270816 0.752004 0.001699
v 0.268019 0.751835 0.001688
v 0.270705 0.751884 0.002827
v 0.268087 0.751803 0.000000
v 0.268019 0.751835 -0.001688
v 0.262615 0.751679 -0.000007
v 0.268086 0.751826 -0.002845
v 0.270816 0.752004 -0.001699
v 0.262623 0.751672 -0.007289
v 0.267935 0.751685 -0.009781
v 0.260472 0.751585 -0.009780
v 0.268048 0.751773 -0.002875
v 0.260713 0.751625 -0.007289
v 0.260445 0.751572 -0.002845
v 0.260445 0.751573 -0.001688
v 0.260456 0.751583 0.000000
v 0.270705 0.751884 -0.002827
v 0.260433 0.751570 0.002845
v 0.260433 0.751570 0.001688
v 0.260427 0.750933 0.009780
v 0.260410 0.750916 0.007289
v 0.260456 0.751569 0.009781
v 0.260435 0.751573 -0.001688
v 0.260400 0.751230 -0.007289
v 0.260433 0.751570 -0.002845
v 0.260454 0.751568 -0.009781
v 0.260430 0.750936 -0.009780
v 0.260404 0.750911 -0.007289
v 0.260400 0.751230 0.007289
v 0.270788 0.751873 0.000000
v 0.268019 0.751835 0.001688
v 0.268087 0.751803 0.000000
v 0.270788 0.751873 0.001688
v 0.270717 0.750295 0.001700
v 0.270607 0.750177 0.002827
v 0.267989 0.750136 0.002845
v 0.267922 0.750129 0.001688
v 0.267990 0.750096 0.000000
v 0.263173 0.750602 0.007288
v 0.260409 0.750912 0.007289
v 0.267943 0.750172 0.009779
v 0.260430 0.750933 0.009780
v 0.267973 0.750125 0.002846
v 0.267922 0.750129 -0.001688
v 0.267989 0.750136 -0.002845
v 0.270607 0.750177 -0.002827
v 0.263175 0.750601 -0.007289
v 0.267943 0.750172 -0.009779
v 0.270717 0.750295 -0.001700
v 0.267973 0.750125 -0.002846
v 0.260409 0.750912 -0.007289
v 0.260430 0.750933 -0.009780
v 0.270691 0.750167 0.000000
v 0.267922 0.750129 0.001688
v 0.270691 0.750167 0.001688
v 0.267990 0.750096 0.000000
v 0.268114 0.751836 0.002849
v 0.267982 0.750162 0.009786
v 0.268040 0.751757 0.009780
v 0.267992 0.750154 0.002852
v 0.270788 0.751873 0.000000
v 0.270691 0.750167 0.001688
v 0.270788 0.751873 0.001688
v 0.270691 0.750167 0.000000
v 0.270758 0.751878 0.001717
v 0.270661 0.750172 0.001717
v 0.270694 0.751882 0.002816
v 0.270597 0.750176 0.002816
v 0.270660 0.751882 0.002845
v 0.267989 0.750136 0.002845
v 0.268086 0.751826 0.002845
v 0.270563 0.750176 0.002845
v 0.270728 0.751883 0.001747
v 0.270631 0.750176 0.002786
v 0.270728 0.751883 0.002786
v 0.270631 0.750176 0.001747
v 0.260466 0.751575 0.009784
v 0.268038 0.751756 0.009779
v 0.260430 0.750935 0.009778
v 0.267945 0.750146 0.009783
v 0.267951 0.750086 0.001583
v 0.267959 0.749854 0.000000
v 0.267951 0.750087 -0.001952
v 0.267807 0.749829 -0.009653
v 0.267841 0.750077 -0.009654
v 0.267807 0.749829 0.009653
v 0.267841 0.750077 0.009654
v 0.260545 0.750823 0.009648
v 0.260886 0.749986 0.007289
v 0.260465 0.750745 0.007289
v 0.260889 0.750006 0.009643
v 0.260518 0.750817 0.007289
v 0.263174 0.750623 0.007289
v 0.260530 0.750861 0.007289
v 0.263100 0.749991 0.007289
v 0.260714 0.750040 0.007289
v 0.267825 0.749848 0.009662
v 0.260952 0.750096 0.009644
v 0.267832 0.750081 0.009657
v 0.260540 0.750787 0.009637
v 0.267826 0.750093 0.009653
v 0.267840 0.749924 0.009618
v 0.260563 0.750873 0.009644
v 0.267820 0.750118 0.009643
v 0.260546 0.750875 0.007289
v 0.263174 0.750623 0.007289
v 0.267960 0.750124 0.002845
v 0.267909 0.750123 0.001681
v 0.267898 0.750124 -0.001688
v 0.263173 0.750624 -0.007289
v 0.267960 0.750123 -0.002845
v 0.267820 0.750118 -0.009643
v 0.260563 0.750874 -0.009644
v 0.260546 0.750875 -0.007289
v 0.267937 0.750074 0.001988
v 0.267911 0.750139 0.001688
v 0.267951 0.750090 -0.000000
v 0.267937 0.750074 -0.001988
v 0.267911 0.750139 -0.001688
v 0.267965 0.750129 -0.002845
v 0.267804 0.750068 -0.009649
v 0.267965 0.750129 0.002845
v 0.267804 0.750068 0.009649
v 0.270788 0.751873 0.000000
v 0.268019 0.751835 -0.001688
v 0.270788 0.751873 -0.001688
v 0.268087 0.751803 0.000000
v 0.270691 0.750167 0.000000
v 0.267922 0.750129 -0.001688
v 0.267990 0.750096 0.000000
v 0.270691 0.750167 -0.001688
v 0.268114 0.751836 -0.002849
v 0.267982 0.750162 -0.009786
v 0.268040 0.751757 -0.009780
v 0.267992 0.750154 -0.002852
v 0.270788 0.751873 0.000000
v 0.270691 0.750167 -0.001688
v 0.270691 0.750167 0.000000
v 0.270788 0.751873 -0.001688
v 0.270758 0.751878 -0.001717
v 0.270661 0.750172 -0.001717
v 0.270694 0.751882 -0.002816
v 0.270597 0.750176 -0.002816
v 0.270660 0.751882 -0.002845
v 0.267989 0.750136 -0.002845
v 0.270563 0.750176 -0.002845
v 0.268086 0.751826 -0.002845
v 0.270728 0.751883 -0.001747
v 0.270631 0.750176 -0.002786
v 0.270631 0.750176 -0.001747
v 0.270728 0.751883 -0.002786
v 0.260466 0.751575 -0.009784
v 0.268038 0.751756 -0.009779
v 0.260430 0.750935 -0.009778
v 0.267945 0.750146 -0.009783
v 0.260545 0.750823 -0.009648
v 0.260886 0.749986 -0.007289
v 0.260889 0.750006 -0.009643
v 0.260465 0.750745 -0.007289
v 0.260517 0.750816 -0.007289
v 0.263100 0.749991 -0.007289
v 0.260714 0.750040 -0.007289
v 0.263174 0.750623 -0.007289
v 0.260530 0.750861 -0.007289
v 0.267835 0.750083 -0.009662
v 0.260952 0.750096 -0.009644
v 0.267821 0.749845 -0.009658
v 0.260540 0.750787 -0.009637
v 0.267826 0.750093 -0.009653
v 0.267840 0.749924 -0.009618
v 0.260715 0.751627 -0.007289
v 0.260717 0.751629 0.007289
v 0.260812 0.751724 0.007289
v 0.262624 0.751672 0.007289
v 0.261912 0.752019 0.007289
v 0.263174 0.750624 -0.007289
v 0.263175 0.750607 0.007288
v 0.263178 0.750503 -0.007289
v 0.263180 0.750406 0.007289
v 0.263175 0.750605 0.007288
v 0.262624 0.751672 -0.007289
v 0.261912 0.752019 -0.007289
v 0.260812 0.751724 -0.007289
v 0.263149 0.750163 0.003045
v 0.263149 0.750163 -0.002976
v 0.262843 0.749903 0.002960
v 0.262983 0.749992 0.007288
v 0.263154 0.750084 0.001802
v 0.263155 0.750086 0.002730
v 0.263153 0.750081 0.000000
v 0.263154 0.750084 0.001572
v 0.263154 0.750084 -0.001572
v 0.263153 0.750081 -0.000000
v 0.263155 0.750086 -0.002730
v 0.263154 0.750084 -0.001802
v 0.263245 0.750155 -0.007289
v 0.263466 0.750269 -0.002962
v 0.262147 0.753325 0.009747
v 0.262991 0.752896 0.009953
v 0.262941 0.752862 0.009748
v 0.263470 0.751465 -0.009944
v 0.263483 0.751455 0.009943
v 0.263073 0.753016 -0.009742
v 0.263207 0.752546 -0.009954
v 0.261806 0.753297 -0.009954
v 0.260634 0.752802 -0.009946
v 0.260469 0.752583 -0.009704
v 0.260066 0.751207 -0.009940
v 0.260142 0.751275 0.009941
v 0.260248 0.752367 0.009959
v 0.260441 0.752553 0.009703
v 0.261110 0.753150 0.009953
v 0.262496 0.753145 -0.009958
v 0.262424 0.752989 -0.010044
v 0.263284 0.752306 -0.009955
v 0.263431 0.751431 -0.009939
v 0.263146 0.751739 -0.009962
v 0.260190 0.751333 -0.009918
v 0.260295 0.751462 -0.010041
v 0.260392 0.752440 -0.009855
v 0.260534 0.752358 -0.009949
v 0.261072 0.753082 -0.009903
v 0.261148 0.752938 -0.009997
v 0.262424 0.752977 -0.010040
v 0.261218 0.753018 -0.010040
v 0.263126 0.752240 -0.010040
v 0.263274 0.751576 -0.010040
v 0.260437 0.752315 -0.010040
v 0.260298 0.751464 -0.010040
v 0.263424 0.751402 -0.009927
v 0.260178 0.751305 -0.009930
v 0.260400 0.751230 -0.007289
v 0.262932 0.751327 -0.007289
v 0.262932 0.751327 0.007289
v 0.260400 0.751230 0.007289
v 0.260163 0.751288 0.009931
v 0.263413 0.751412 0.009930
v 0.260295 0.751462 0.010041
v 0.260190 0.751333 0.009918
v 0.263146 0.751739 0.009962
v 0.260392 0.752440 0.009855
v 0.260534 0.752358 0.009949
v 0.261072 0.753082 0.009903
v 0.261148 0.752938 0.009997
v 0.262496 0.753145 0.009958
v 0.262424 0.752989 0.010044
v 0.263284 0.752306 0.009955
v 0.263431 0.751431 0.009939
v 0.262424 0.752977 0.010040
v 0.261218 0.753018 0.010040
v 0.260437 0.752315 0.010040
v 0.263126 0.752240 0.010040
v 0.260298 0.751464 0.010040
v 0.263274 0.751576 0.010040
v 0.262202 0.753256 0.009748
v 0.261519 0.753293 0.009748
v 0.260879 0.753021 0.009748
v 0.260726 0.753015 0.009748
v 0.260324 0.752512 0.009748
v 0.262673 0.753046 0.009748
v 0.262796 0.753250 0.009748
v 0.262722 0.753151 -0.009748
v 0.261258 0.753282 -0.009748
v 0.260290 0.752550 -0.009748
v 0.260238 0.752605 0.009748
v 0.260726 0.753015 -0.009748
v 0.261519 0.753293 -0.009748
v 0.260879 0.753021 -0.009748
v 0.260324 0.752512 -0.009748
v 0.262202 0.753257 -0.009748
v 0.262673 0.753046 -0.009748
v 0.262673 0.753046 0.009748
v 0.262673 0.753046 -0.009748
v 0.260313 0.752514 -0.009748
v 0.260311 0.752471 0.009748
v 0.261344 0.752671 -0.005094
v 0.260643 0.752415 -0.004752
v 0.260692 0.752117 -0.003921
v 0.261265 0.752858 -0.005909
v 0.261918 0.752922 -0.006978
v 0.262354 0.752452 -0.006981
v 0.260268 0.751631 -0.003336
v 0.260617 0.750588 -0.001030
v 0.261141 0.749957 0.000031
v 0.261546 0.750135 0.000468
v 0.262287 0.749966 0.001873
v 0.262384 0.750235 0.001931
v 0.262915 0.750395 0.003157
v 0.262951 0.750830 0.003229
v 0.263273 0.751087 0.004389
v 0.263164 0.751745 0.004614
v 0.263257 0.751858 0.005620
v 0.262829 0.752515 0.006909
v 0.262231 0.752734 0.006891
v 0.263086 0.751685 0.006909
v 0.261085 0.750303 0.006909
v 0.262482 0.752561 0.006909
v 0.260481 0.751179 0.006909
v 0.261432 0.752710 0.006909
v 0.260678 0.752153 0.006909
v 0.262136 0.750154 0.006909
v 0.262889 0.750711 0.006909
v 0.262136 0.750154 -0.006977
v 0.262482 0.752561 -0.006977
v 0.261085 0.750303 -0.006977
v 0.261432 0.752710 -0.006977
v 0.260481 0.751179 -0.006977
v 0.260678 0.752153 -0.006977
v 0.263086 0.751685 -0.006977
v 0.262889 0.750711 -0.006977
v 0.261564 0.749934 -0.003736
v 0.261534 0.749667 -0.004312
v 0.260406 0.750801 -0.006977
v 0.260312 0.751386 -0.006966
v 0.262660 0.750156 -0.002674
v 0.262523 0.750335 -0.002314
v 0.263065 0.750580 -0.001729
v 0.263029 0.750952 -0.000973
v 0.263298 0.751099 -0.000785
v 0.263272 0.752227 0.000845
v 0.263057 0.752126 0.000706
v 0.261462 0.752753 0.003604
v 0.261451 0.752979 0.004171
v 0.260560 0.752011 0.006919
v 0.260670 0.751951 0.005821
v 0.260490 0.751170 0.006899
v 0.260543 0.750964 -0.003939
v 0.260168 0.751392 -0.005423
v 0.260664 0.752131 -0.005864
v 0.260556 0.752300 -0.006980
v 0.261092 0.752438 -0.006984
v 0.261574 0.749748 -0.001737
v 0.261559 0.750120 -0.001702
v 0.262398 0.750240 -0.000336
v 0.262653 0.750144 -0.000091
v 0.263169 0.750727 0.001161
v 0.262968 0.750839 0.000982
v 0.263336 0.751482 0.002414
v 0.263185 0.751785 0.002395
v 0.263029 0.752342 0.003909
v 0.261722 0.752821 0.005442
v 0.261366 0.752904 0.006908
v 0.260908 0.752421 0.006906
v 0.261546 0.751735 0.008097
v 0.261449 0.751219 0.008097
v 0.262023 0.751135 0.008097
v 0.262121 0.751652 0.008097
v 0.262121 0.751652 -0.008097
v 0.261546 0.751735 -0.008097
v 0.261449 0.751219 -0.008097
v 0.262023 0.751135 -0.008097
v 0.348057 0.822249 0.000304
v 0.342777 0.818189 0.000652
v 0.346916 0.823192 0.000652
v 0.343483 0.817880 0.000478
v 0.344513 0.817965 0.000304
v 0.344463 0.817877 -0.000356
v 0.344513 0.817965 0.000304
v 0.342688 0.818067 0.000647
v 0.342777 0.818189 -0.000656
v 0.348057 0.822249 -0.000359
v 0.344513 0.817965 -0.000359
v 0.343483 0.817880 -0.000508
v 0.346916 0.823192 -0.000656
v 0.342777 0.818189 -0.000656
v 0.348057 0.822249 -0.000359
v 0.344513 0.817965 0.000304
v 0.348057 0.822249 0.000304
v 0.344513 0.817965 -0.000359
v 0.329488 0.817292 0.000817
v 0.329455 0.817344 0.000014
v 0.329228 0.816876 0.000560
v 0.327772 0.815059 0.000457
v 0.327788 0.815045 -0.000454
v 0.329228 0.816876 -0.000560
v 0.329488 0.817292 -0.000817
v 0.331227 0.817964 -0.000817
v 0.329488 0.817292 -0.000817
v 0.330223 0.816684 -0.000817
v 0.330484 0.818203 -0.000817
v 0.329488 0.817292 0.000817
v 0.330447 0.818215 0.000818
v 0.329451 0.817305 -0.000818
v 0.330484 0.818203 -0.000817
v 0.330223 0.816684 0.000817
v 0.330484 0.818203 0.000817
v 0.331227 0.817964 0.000817
v 0.329488 0.817292 0.000817
v 0.331227 0.817964 0.000817
v 0.330421 0.818252 -0.000000
v 0.331164 0.818014 -0.000000
v 0.330484 0.818203 0.000817
v 0.330484 0.818203 -0.000817
v 0.331227 0.817964 -0.000817
v 0.330223 0.816684 0.000817
v 0.329228 0.816876 0.000560
v 0.329488 0.817292 0.000817
v 0.329732 0.816459 0.000560
v 0.329732 0.816459 -0.000560
v 0.328180 0.814719 -0.000456
v 0.329710 0.816475 0.000562
v 0.328198 0.814706 0.000454
v 0.329488 0.817292 -0.000817
v 0.329732 0.816459 -0.000560
v 0.330223 0.816684 -0.000817
v 0.329228 0.816876 -0.000560
v 0.328198 0.814706 -0.000454
v 0.327765 0.815064 -0.000443
v 0.328174 0.814726 0.000443
v 0.327788 0.815045 0.000454
v 0.329732 0.816459 0.000560
v 0.327788 0.815045 0.000454
v 0.329228 0.816876 0.000560
v 0.328198 0.814706 0.000454
v 0.329228 0.816876 -0.000560
v 0.328198 0.814706 -0.000454
v 0.329732 0.816459 -0.000560
v 0.327788 0.815045 -0.000454
v 0.344432 0.826169 -0.004026
v 0.343146 0.827177 -0.004187
v 0.341910 0.828147 -0.003710
v 0.340912 0.828930 -0.002669
v 0.345571 0.825276 -0.003252
v 0.340303 0.829407 -0.001221
v 0.346390 0.824634 -0.001983
v 0.346702 0.824389 -0.000817
v 0.340176 0.829506 0.000412
v 0.347489 0.823772 -0.000000
v 0.346702 0.824389 0.000817
v 0.340551 0.829212 0.001983
v 0.346390 0.824634 0.001983
v 0.341371 0.828570 0.003252
v 0.345571 0.825276 0.003252
v 0.342510 0.827676 0.004026
v 0.344432 0.826169 0.004026
v 0.343471 0.826923 0.004187
v 0.347426 0.823822 0.000817
v 0.347426 0.823822 -0.000817
v 0.335295 0.817737 -0.003847
v 0.335662 0.816964 -0.003923
v 0.335897 0.817264 -0.003923
v 0.335060 0.817437 -0.003847
v 0.334694 0.818214 -0.003698
v 0.335060 0.817437 -0.003847
v 0.334481 0.817891 -0.003624
v 0.334481 0.817891 -0.003624
v 0.333021 0.819036 -0.002259
v 0.333331 0.819277 -0.002179
v 0.333045 0.819501 -0.001501
v 0.333095 0.818977 -0.002179
v 0.332810 0.819201 -0.001501
v 0.332857 0.819651 -0.000769
v 0.332810 0.819201 -0.001501
v 0.332635 0.819338 -0.000765
v 0.332635 0.819338 -0.000765
v 0.332606 0.819362 0.000769
v 0.332857 0.819651 0.000769
v 0.332635 0.819338 0.000765
v 0.333070 0.818999 0.002197
v 0.333331 0.819277 0.002179
v 0.331807 0.813374 -0.004106
v 0.335524 0.816788 -0.004187
v 0.334881 0.817292 -0.004107
v 0.331162 0.813887 -0.003951
v 0.334881 0.817292 -0.004107
v 0.329407 0.815256 -0.001602
v 0.330223 0.816684 -0.000817
v 0.329711 0.815018 -0.002326
v 0.330411 0.816537 -0.001602
v 0.332480 0.819175 -0.001602
v 0.332784 0.818936 -0.002326
v 0.332480 0.819175 -0.001602
v 0.332292 0.819322 -0.000817
v 0.331217 0.817977 -0.000820
v 0.332292 0.819322 -0.000817
v 0.332262 0.819347 0.000820
v 0.331227 0.817964 0.000817
v 0.332734 0.818974 0.002358
v 0.332292 0.819322 0.000817
v 0.329205 0.815419 0.000823
v 0.329711 0.815018 0.002326
v 0.330121 0.814697 0.002960
v 0.330617 0.814308 0.003487
v 0.331806 0.813374 0.004114
v 0.333693 0.818223 0.003481
v 0.334864 0.817305 0.004173
v 0.336172 0.816281 0.004176
v 0.334281 0.811435 0.003482
v 0.334780 0.811043 0.002961
v 0.337355 0.815353 0.003481
v 0.337854 0.814961 0.002961
v 0.337854 0.814961 0.002961
v 0.335190 0.810721 0.002327
v 0.338264 0.814640 0.002326
v 0.335495 0.810483 0.001603
v 0.338264 0.814640 0.002326
v 0.335499 0.810476 -0.001606
v 0.335683 0.810336 -0.000817
v 0.338819 0.814204 -0.000000
v 0.338756 0.814254 -0.000817
v 0.335746 0.810286 -0.000000
v 0.338756 0.814254 -0.000817
v 0.338568 0.814401 -0.001602
v 0.338756 0.814254 0.000817
v 0.338819 0.814204 -0.000000
v 0.335683 0.810336 0.000817
v 0.338568 0.814401 0.001602
v 0.338756 0.814254 0.000817
v 0.337897 0.814928 -0.003004
v 0.338568 0.814401 -0.001602
v 0.334793 0.811032 -0.002979
v 0.337854 0.814961 -0.002961
v 0.333711 0.811881 -0.003869
v 0.333093 0.812366 -0.004107
v 0.332451 0.812869 -0.004187
v 0.335524 0.816788 -0.004187
v 0.336167 0.816284 -0.004107
v 0.336785 0.815799 -0.003868
v 0.336167 0.816284 -0.004107
v 0.336809 0.815780 -0.003924
v 0.338568 0.814401 0.001602
v 0.336785 0.815799 0.003868
v 0.337355 0.815353 0.003481
v 0.333711 0.811881 0.003869
v 0.333093 0.812366 0.004107
v 0.336167 0.816284 0.004107
v 0.336785 0.815799 0.003868
v 0.334881 0.817292 0.004107
v 0.333194 0.818615 0.002961
v 0.333693 0.818223 0.003481
v 0.332784 0.818936 0.002326
v 0.333194 0.818615 0.002961
v 0.332679 0.819015 -0.002440
v 0.334263 0.817777 -0.003868
v 0.332451 0.812869 -0.004187
v 0.334263 0.817777 -0.003868
v 0.336499 0.816791 -0.003847
v 0.337078 0.816337 -0.003624
v 0.337084 0.816335 -0.003639
v 0.336580 0.816833 -0.004035
v 0.337187 0.816357 -0.003801
v 0.335948 0.817329 -0.004114
v 0.336498 0.816790 -0.003847
v 0.335897 0.817263 -0.003923
v 0.337747 0.815918 -0.003421
v 0.337611 0.815917 -0.003262
v 0.338089 0.815547 -0.002785
v 0.338237 0.815534 -0.002909
v 0.337612 0.815918 -0.003262
v 0.338080 0.815552 -0.002774
v 0.338463 0.815250 -0.002179
v 0.338640 0.815218 -0.002286
v 0.338463 0.815251 -0.002179
v 0.338761 0.815020 -0.001507
v 0.338939 0.814983 -0.001574
v 0.338749 0.815027 -0.001501
v 0.338924 0.814888 -0.000765
v 0.339123 0.814839 -0.000803
v 0.339186 0.814790 -0.000000
v 0.338983 0.814842 -0.000000
v 0.338924 0.814889 -0.000765
v 0.338924 0.814888 0.000765
v 0.339123 0.814839 0.000803
v 0.338748 0.815026 0.001501
v 0.338924 0.814889 0.000765
v 0.338939 0.814983 0.001574
v 0.338463 0.815250 0.002179
v 0.338640 0.815218 0.002286
v 0.338463 0.815250 0.002179
v 0.338079 0.815551 0.002774
v 0.338237 0.815534 0.002909
v 0.338079 0.815551 0.002774
v 0.337620 0.815915 0.003275
v 0.337747 0.815918 0.003421
v 0.337612 0.815919 0.003262
v 0.337077 0.816336 0.003624
v 0.337187 0.816357 0.003801
v 0.336566 0.816814 0.004037
v 0.337078 0.816337 0.003624
v 0.336500 0.816792 0.003847
v 0.335896 0.817263 0.003923
v 0.335948 0.817329 0.004114
v 0.335293 0.817739 0.003863
v 0.335316 0.817824 0.004035
v 0.334715 0.818189 0.003624
v 0.334709 0.818300 0.003801
v 0.335295 0.817736 0.003847
v 0.336500 0.816792 0.003847
v 0.334181 0.818607 0.003262
v 0.334149 0.818739 0.003421
v 0.333659 0.819124 0.002909
v 0.333713 0.818974 0.002774
v 0.334181 0.818608 0.003262
v 0.333329 0.819275 0.002179
v 0.333256 0.819440 0.002286
v 0.333044 0.819499 0.001501
v 0.332957 0.819674 0.001574
v 0.333330 0.819276 0.002179
v 0.332869 0.819637 0.000765
v 0.332858 0.819648 0.000768
v 0.332773 0.819819 0.000803
v 0.332799 0.819695 -0.000000
v 0.332710 0.819867 -0.000000
v 0.332810 0.819684 0.000000
v 0.332928 0.819590 -0.001144
v 0.332843 0.819777 -0.001200
v 0.333256 0.819440 -0.002286
v 0.333499 0.819143 -0.002500
v 0.334181 0.818607 -0.003262
v 0.334715 0.818190 -0.003624
v 0.334712 0.818195 -0.003639
v 0.333892 0.818955 -0.003195
v 0.334709 0.818300 -0.003801
v 0.335316 0.817824 -0.004035
v 0.335294 0.817735 -0.003847
v 0.335896 0.817262 -0.003923
v 0.335948 0.817329 -0.004114
v 0.340316 0.822899 -0.003869
v 0.340603 0.823265 -0.003869
v 0.339200 0.824366 -0.003535
v 0.338764 0.824116 -0.003433
v 0.337239 0.825314 -0.000792
v 0.337527 0.825676 -0.000779
v 0.337330 0.825241 -0.000755
v 0.337558 0.825652 -0.000000
v 0.337271 0.825287 -0.000000
v 0.337271 0.825287 -0.000000
v 0.337330 0.825241 0.000755
v 0.337330 0.825241 0.000755
v 0.337604 0.825619 0.000758
v 0.337759 0.824906 0.002167
v 0.337784 0.824884 0.002150
v 0.338060 0.825260 0.002160
v 0.338911 0.824591 0.003217
v 0.338617 0.824234 0.003232
v 0.338911 0.824591 0.003217
v 0.339437 0.824179 0.003575
v 0.339151 0.823813 0.003575
v 0.340009 0.823731 0.003795
v 0.339151 0.823813 0.003575
v 0.339722 0.823365 0.003795
v 0.339722 0.823365 0.003795
v 0.341431 0.822614 0.003817
v 0.341309 0.822121 0.003753
v 0.343170 0.821253 0.002187
v 0.342869 0.820897 0.002173
v 0.339728 0.823373 0.003795
v 0.340323 0.822909 0.003869
v 0.339633 0.823331 0.004041
v 0.339731 0.823376 0.003795
v 0.339025 0.823807 0.003806
v 0.340577 0.822576 0.004118
v 0.341529 0.821890 0.003810
v 0.341203 0.822202 0.003720
v 0.342344 0.821228 0.003201
v 0.342856 0.820925 0.002150
v 0.342961 0.820721 0.002289
v 0.343260 0.820486 0.001577
v 0.342853 0.820921 0.002150
v 0.343138 0.820704 0.001481
v 0.343135 0.820701 0.001481
v 0.343289 0.820544 0.000764
v 0.343445 0.820341 0.000804
v 0.344042 0.819976 0.000759
v 0.342256 0.821377 0.003005
v 0.339156 0.823820 0.003575
v 0.339159 0.823824 0.003575
v 0.338464 0.824247 0.003425
v 0.337973 0.824632 0.002913
v 0.338632 0.824235 0.003217
v 0.338167 0.824592 0.002736
v 0.337790 0.824892 0.002149
v 0.338111 0.824622 0.002798
v 0.337570 0.824948 0.002289
v 0.337270 0.825183 0.001577
v 0.337793 0.824895 0.002150
v 0.337510 0.825114 0.001481
v 0.337335 0.825248 0.000755
v 0.337085 0.825328 0.000804
v 0.337339 0.825252 0.000755
v 0.337035 0.825395 -0.000000
v 0.337271 0.825287 -0.000000
v 0.337271 0.825287 -0.000000
v 0.337085 0.825328 -0.000804
v 0.337335 0.825248 -0.000755
v 0.337339 0.825252 -0.000755
v 0.337403 0.825102 -0.001952
v 0.337617 0.825014 -0.001833
v 0.338167 0.824592 -0.002736
v 0.338628 0.824230 -0.003217
v 0.338111 0.824622 -0.002798
v 0.339154 0.823817 -0.003575
v 0.338583 0.824252 -0.003290
v 0.339121 0.823830 -0.003656
v 0.339725 0.823370 -0.003795
v 0.339705 0.823372 -0.003881
v 0.340321 0.822906 -0.003869
v 0.340265 0.822835 -0.004120
v 0.339633 0.823331 -0.004041
v 0.339025 0.823807 -0.003806
v 0.338464 0.824247 -0.003425
v 0.337973 0.824632 -0.002913
v 0.344129 0.819854 0.000788
v 0.343406 0.820421 0.000788
v 0.341486 0.821992 -0.003575
v 0.340913 0.822438 -0.003795
v 0.340920 0.822419 -0.003881
v 0.341506 0.821862 -0.003806
v 0.340898 0.822339 -0.004041
v 0.341490 0.821997 -0.003575
v 0.342066 0.821422 -0.003425
v 0.342013 0.821580 -0.003217
v 0.342017 0.821584 -0.003217
v 0.342558 0.821037 -0.002913
v 0.342478 0.821222 -0.002736
v 0.342961 0.820721 -0.002289
v 0.342474 0.821218 -0.002736
v 0.343260 0.820486 -0.001577
v 0.342902 0.820865 -0.002199
v 0.342851 0.820919 -0.002150
v 0.343134 0.820700 -0.001481
v 0.343138 0.820705 -0.001481
v 0.343445 0.820341 -0.000804
v 0.343286 0.820540 -0.000764
v 0.344023 0.819985 -0.000757
v 0.344090 0.819952 0.000000
v 0.344230 0.819726 -0.000000
v 0.344168 0.819774 -0.000804
v 0.344168 0.819774 0.000804
v 0.344093 0.819956 -0.000000
v 0.344031 0.819998 0.000755
v 0.340325 0.822911 -0.003869
v 0.340265 0.822835 -0.004120
v 0.333715 0.818976 0.002774
v 0.333095 0.818977 0.002179
v 0.333331 0.819277 0.002179
v 0.333479 0.818676 0.002774
v 0.334182 0.818609 0.003262
v 0.333479 0.818676 0.002774
v 0.333947 0.818309 0.003262
v 0.334169 0.818620 0.003294
v 0.333947 0.818309 0.003262
v 0.335052 0.817444 0.003883
v 0.335292 0.817738 0.003866
v 0.335060 0.817437 0.003847
v 0.336268 0.816490 0.003884
v 0.336500 0.816792 0.003847
v 0.337079 0.816338 0.003624
v 0.336264 0.816492 0.003847
v 0.336500 0.816792 0.003847
v 0.336844 0.816038 0.003624
v 0.337613 0.815920 0.003262
v 0.336844 0.816038 0.003624
v 0.337079 0.816338 0.003624
v 0.337377 0.815620 0.003262
v 0.338080 0.815553 0.002774
v 0.337377 0.815620 0.003262
v 0.337845 0.815253 0.002774
v 0.338464 0.815252 0.002179
v 0.337845 0.815253 0.002774
v 0.338080 0.815553 0.002774
v 0.338229 0.814952 0.002179
v 0.338749 0.815028 0.001501
v 0.338229 0.814952 0.002179
v 0.338464 0.815252 0.002179
v 0.338514 0.814728 0.001501
v 0.338925 0.814890 0.000765
v 0.338514 0.814728 0.001501
v 0.338690 0.814590 0.000765
v 0.338984 0.814844 -0.000000
v 0.338690 0.814590 0.000765
v 0.338925 0.814890 0.000765
v 0.338749 0.814544 -0.000000
v 0.338925 0.814890 -0.000765
v 0.338749 0.814544 -0.000000
v 0.338690 0.814590 -0.000765
v 0.338749 0.815028 -0.001501
v 0.338690 0.814590 -0.000765
v 0.338925 0.814890 -0.000765
v 0.338514 0.814728 -0.001501
v 0.338464 0.815252 -0.002179
v 0.338514 0.814728 -0.001501
v 0.338229 0.814952 -0.002179
v 0.338080 0.815553 -0.002774
v 0.338464 0.815252 -0.002179
v 0.337845 0.815253 -0.002774
v 0.337613 0.815920 -0.003262
v 0.337845 0.815253 -0.002774
v 0.337377 0.815620 -0.003262
v 0.337079 0.816338 -0.003624
v 0.337613 0.815920 -0.003262
v 0.336844 0.816038 -0.003624
v 0.336500 0.816792 -0.003847
v 0.336844 0.816038 -0.003624
v 0.336264 0.816492 -0.003847
v 0.335897 0.817264 -0.003923
v 0.336264 0.816492 -0.003847
v 0.336500 0.816792 -0.003847
v 0.335662 0.816964 -0.003923
v 0.342883 0.818029 0.000819
v 0.343046 0.818113 -0.000000
v 0.342368 0.818861 0.000817
v 0.342432 0.818812 -0.000000
v 0.342294 0.818790 -0.000815
v 0.342983 0.818163 -0.000817
v 0.340598 0.823260 -0.003869
v 0.341197 0.822799 -0.003795
v 0.341275 0.822819 -0.004037
v 0.340656 0.823334 -0.004115
v 0.341895 0.822362 -0.003801
v 0.341762 0.822344 -0.003575
v 0.342287 0.821929 -0.003217
v 0.342455 0.821923 -0.003421
v 0.342290 0.821933 -0.003217
v 0.342797 0.821549 -0.002786
v 0.342946 0.821538 -0.002909
v 0.343183 0.821247 -0.002189
v 0.343349 0.821222 -0.002286
v 0.343408 0.821050 -0.001481
v 0.343648 0.820988 -0.001575
v 0.343411 0.821054 -0.001481
v 0.343598 0.820936 -0.000762
v 0.343832 0.820843 -0.000803
v 0.344318 0.820362 -0.000756
v 0.344368 0.820307 -0.000000
v 0.344429 0.820270 -0.000000
v 0.344617 0.820228 -0.000000
v 0.344555 0.820276 0.000803
v 0.344555 0.820276 -0.000803
v 0.344316 0.820360 0.000756
v 0.343600 0.820939 0.000762
v 0.343412 0.821055 0.001481
v 0.343469 0.821023 0.001508
v 0.343127 0.821271 0.002150
v 0.343648 0.820988 0.001575
v 0.343349 0.821222 0.002286
v 0.342538 0.821736 0.003005
v 0.342727 0.821724 0.003195
v 0.343130 0.821274 0.002149
v 0.341765 0.822347 0.003575
v 0.341792 0.822338 0.003640
v 0.341895 0.822362 0.003801
v 0.341210 0.822794 0.003864
v 0.341288 0.822838 0.004035
v 0.341193 0.822795 0.003795
v 0.340597 0.823258 0.003869
v 0.339709 0.823954 0.003720
v 0.340344 0.823592 0.004113
v 0.339417 0.824305 0.003801
v 0.338904 0.824583 0.003217
v 0.338857 0.824744 0.003421
v 0.338444 0.824946 0.002736
v 0.338367 0.825129 0.002909
v 0.338906 0.824585 0.003217
v 0.337899 0.825374 0.001833
v 0.337795 0.825591 0.001948
v 0.337426 0.825880 0.000405
v 0.337552 0.825645 0.000381
v 0.337613 0.825603 -0.000755
v 0.337565 0.825652 -0.000769
v 0.337481 0.825823 -0.000803
v 0.337741 0.825514 -0.001508
v 0.337665 0.825679 -0.001575
v 0.338065 0.825243 -0.002150
v 0.337964 0.825444 -0.002286
v 0.338367 0.825129 -0.002909
v 0.338413 0.824987 -0.002786
v 0.338447 0.824950 -0.002736
v 0.337787 0.825467 -0.001481
v 0.339155 0.824389 -0.003428
v 0.340006 0.823727 -0.003795
v 0.340000 0.823743 -0.003864
v 0.340025 0.823829 -0.004035
v 0.340595 0.823256 -0.003869
v 0.340656 0.823334 -0.004115
v 0.339130 0.824544 -0.003645
v 0.343832 0.820843 0.000803
v 0.343131 0.821276 -0.002150
v 0.342753 0.821573 -0.002736
v 0.341197 0.822799 -0.003795
v 0.342534 0.818341 -0.000817
v 0.344186 0.819738 -0.000811
v 0.343449 0.820279 -0.000813
v 0.342983 0.818163 -0.000817
v 0.342368 0.818861 -0.000817
v 0.343998 0.820940 0.000817
v 0.346731 0.824365 0.000828
v 0.343533 0.821303 0.002345
v 0.346222 0.824764 0.002337
v 0.343614 0.821246 0.002439
v 0.344546 0.826081 0.004061
v 0.341585 0.828399 0.003587
v 0.341006 0.823286 0.004274
v 0.338922 0.824921 0.003516
v 0.338936 0.824910 0.003481
v 0.341141 0.828750 0.002961
v 0.338437 0.825301 0.002961
v 0.338437 0.825301 0.002961
v 0.340138 0.829537 0.000952
v 0.337516 0.826023 0.001132
v 0.337694 0.825886 -0.001614
v 0.340369 0.829359 -0.001635
v 0.337723 0.825861 -0.001602
v 0.338869 0.824967 -0.003586
v 0.341604 0.828386 -0.003551
v 0.338936 0.824910 -0.003481
v 0.340757 0.823486 -0.004322
v 0.343471 0.826923 -0.004187
v 0.338568 0.821994 0.004107
v 0.338902 0.823693 0.003868
v 0.339520 0.823208 0.004107
v 0.334797 0.818458 0.003868
v 0.340163 0.822704 0.004187
v 0.339520 0.823208 0.004107
v 0.335415 0.817973 0.004107
v 0.336058 0.817469 0.004187
v 0.335415 0.817973 0.004107
v 0.334228 0.818905 0.003481
v 0.333280 0.819647 0.002367
v 0.334228 0.818905 0.003481
v 0.333265 0.819675 0.002375
v 0.333319 0.819618 0.002326
v 0.333269 0.819655 -0.002358
v 0.332805 0.820022 -0.000821
v 0.337423 0.824852 -0.002326
v 0.338293 0.824169 -0.003539
v 0.334228 0.818905 -0.003481
v 0.338902 0.823693 -0.003868
v 0.338332 0.824139 -0.003481
v 0.334797 0.818458 -0.003868
v 0.333274 0.819650 -0.002373
v 0.336056 0.817473 -0.004227
v 0.340163 0.822704 -0.004187
v 0.338886 0.823704 -0.003935
v 0.336883 0.825274 -0.000836
v 0.336755 0.825368 -0.000831
v 0.337373 0.824890 0.002358
v 0.337423 0.824852 0.002326
v 0.338321 0.824150 0.003503
v 0.338902 0.823693 0.003868
v 0.336701 0.816965 0.004107
v 0.336058 0.817469 0.004187
v 0.337319 0.816481 0.003868
v 0.336701 0.816965 0.004107
v 0.340806 0.822200 0.004107
v 0.341424 0.821715 0.003868
v 0.342503 0.820868 0.002975
v 0.337346 0.816460 0.003929
v 0.340910 0.818015 0.002326
v 0.338798 0.815321 0.002326
v 0.338388 0.815643 0.002961
v 0.338388 0.815643 0.002961
v 0.338798 0.815321 0.002326
v 0.339290 0.814936 0.000817
v 0.342368 0.818861 0.000817
v 0.339466 0.814805 0.000835
v 0.339102 0.815082 0.001602
v 0.342902 0.820556 0.002326
v 0.342902 0.820556 0.002326
v 0.343207 0.820317 0.001602
v 0.343207 0.820317 0.001602
v 0.343394 0.820170 0.000817
v 0.342401 0.818834 -0.000827
v 0.338798 0.815321 -0.002326
v 0.338798 0.815321 -0.002326
v 0.341179 0.818357 -0.002326
v 0.339102 0.815082 -0.001602
v 0.343394 0.820170 -0.000817
v 0.343207 0.820317 -0.001602
v 0.343207 0.820317 -0.001602
v 0.342902 0.820556 -0.002326
v 0.338388 0.815643 -0.002961
v 0.342902 0.820556 -0.002326
v 0.342493 0.820877 -0.002961
v 0.342493 0.820877 -0.002961
v 0.339115 0.818771 -0.003868
v 0.337319 0.816481 -0.003868
v 0.337889 0.816034 -0.003481
v 0.337889 0.816034 -0.003481
v 0.337048 0.817408 -0.004107
v 0.341424 0.821715 -0.003868
v 0.341993 0.821269 -0.003481
v 0.341424 0.821715 -0.003868
v 0.340163 0.822704 -0.004187
v 0.340806 0.822200 -0.004107
v 0.340806 0.822200 -0.004107
v 0.336058 0.817469 -0.004187
v 0.336701 0.816965 -0.004107
v 0.336701 0.816965 -0.004107
v 0.337319 0.816481 -0.003868
v 0.340767 0.823474 -0.004187
v 0.344116 0.826415 -0.004126
v 0.343471 0.826923 -0.004187
v 0.341410 0.822970 -0.004107
v 0.341410 0.822970 -0.004107
v 0.342612 0.822028 -0.003516
v 0.345336 0.825453 -0.003552
v 0.342597 0.822039 -0.003481
v 0.343902 0.821015 -0.001666
v 0.346515 0.824536 -0.001602
v 0.343811 0.821087 -0.001602
v 0.346702 0.824389 -0.000817
v 0.343998 0.820940 -0.000817
v 0.344509 0.820286 0.000794
v 0.343692 0.820874 0.000777
v 0.347426 0.823822 0.000817
v 0.344624 0.820292 0.000806
v 0.343875 0.820837 0.000806
v 0.346702 0.824389 0.000817
v 0.344129 0.819854 -0.000788
v 0.343406 0.820421 -0.000788
v 0.340603 0.823265 -0.003869
v 0.340910 0.822434 -0.003795
v 0.341197 0.822799 -0.003795
v 0.340316 0.822899 -0.003869
v 0.341197 0.822799 -0.003795
v 0.341481 0.821986 -0.003575
v 0.341768 0.822351 -0.003575
v 0.342007 0.821573 -0.003217
v 0.342294 0.821939 -0.003217
v 0.341481 0.821986 -0.003575
v 0.342294 0.821939 -0.003217
v 0.342469 0.821211 -0.002736
v 0.342755 0.821577 -0.002736
v 0.342007 0.821573 -0.003217
v 0.342491 0.821192 -0.002759
v 0.343440 0.821039 -0.001498
v 0.343129 0.820694 -0.001481
v 0.343415 0.821059 -0.001481
v 0.343302 0.820558 -0.000755
v 0.343589 0.820923 -0.000755
v 0.343129 0.820694 -0.001481
v 0.344186 0.819738 0.000810
v 0.343450 0.820279 0.000814
v 0.342368 0.818861 0.000817
v 0.342534 0.818341 0.000817
v 0.342983 0.818163 0.000817
v 0.343589 0.820923 0.000755
v 0.343129 0.820694 0.001481
v 0.343415 0.821059 0.001481
v 0.343302 0.820558 0.000755
v 0.342847 0.820914 0.002150
v 0.343134 0.821280 0.002150
v 0.343129 0.820694 0.001481
v 0.335107 0.818233 -0.004019
v 0.336003 0.817399 -0.004151
v 0.335011 0.818081 -0.003948
v 0.333970 0.819125 -0.003247
v 0.333895 0.818957 -0.003188
v 0.333277 0.819498 -0.002301
v 0.332905 0.819961 -0.001220
v 0.333319 0.819618 -0.002326
v 0.332849 0.819778 -0.001196
v 0.332763 0.820053 -0.000000
v 0.332710 0.819867 -0.000000
v 0.332905 0.819962 0.001217
v 0.332850 0.819777 0.001199
v 0.333319 0.819618 0.002326
v 0.333277 0.819498 0.002301
v 0.333728 0.819296 0.002961
v 0.334174 0.818836 0.003468
v 0.334177 0.818794 0.003441
v 0.334797 0.818458 0.003868
v 0.335357 0.817906 0.004095
v 0.335352 0.817874 0.004058
v 0.336058 0.817469 0.004187
v 0.335987 0.817376 0.004137
v 0.336701 0.816965 0.004107
v 0.336622 0.816878 0.004058
v 0.337319 0.816481 0.003868
v 0.337233 0.816399 0.003822
v 0.337889 0.816034 0.003481
v 0.338324 0.815580 0.002958
v 0.338289 0.815570 0.002925
v 0.338719 0.815270 0.002306
v 0.339102 0.815082 0.001602
v 0.339226 0.814875 0.000821
v 0.339179 0.814869 0.000806
v 0.339356 0.814899 -0.000410
v 0.339188 0.814803 -0.000407
v 0.339021 0.815033 -0.001588
v 0.338693 0.815252 -0.002298
v 0.338836 0.815330 -0.002356
v 0.338237 0.815534 -0.002909
v 0.337795 0.815957 -0.003440
v 0.337233 0.816399 -0.003822
v 0.337889 0.816034 -0.003481
v 0.336622 0.816878 -0.004058
v 0.337319 0.816481 -0.003868
v 0.336003 0.817399 -0.004151
v 0.336701 0.816965 -0.004107
v 0.335571 0.816848 -0.004156
v 0.334949 0.817367 -0.004065
v 0.334881 0.817292 -0.004107
v 0.334319 0.817829 -0.003840
v 0.333546 0.818516 -0.003201
v 0.333419 0.818422 -0.003248
v 0.332874 0.818996 -0.002302
v 0.332784 0.818936 -0.002326
v 0.332549 0.819217 -0.001590
v 0.332387 0.819379 -0.000808
v 0.332292 0.819322 -0.000817
v 0.332300 0.819412 -0.000000
v 0.332387 0.819379 0.000808
v 0.332339 0.819372 0.000823
v 0.332480 0.819175 0.001602
v 0.332852 0.818980 0.002309
v 0.333279 0.818677 0.002930
v 0.333194 0.818615 0.002961
v 0.333773 0.818289 0.003446
v 0.333744 0.818274 0.003483
v 0.334263 0.817777 0.003868
v 0.334932 0.817343 0.004105
v 0.334948 0.817367 0.004065
v 0.335524 0.816788 0.004187
v 0.336209 0.816348 0.004076
v 0.336833 0.815889 0.003830
v 0.336785 0.815799 0.003868
v 0.337388 0.815423 0.003456
v 0.337893 0.815060 0.002932
v 0.337854 0.814961 0.002961
v 0.338290 0.814716 0.002309
v 0.338601 0.814506 0.001588
v 0.338568 0.814401 0.001602
v 0.338779 0.814333 0.000811
v 0.338852 0.814311 0.000001
v 0.338819 0.814204 -0.000000
v 0.338788 0.814360 -0.000810
v 0.338756 0.814254 -0.000817
v 0.338593 0.814479 -0.001590
v 0.338317 0.814792 -0.002292
v 0.337858 0.814913 -0.002977
v 0.337893 0.815060 -0.002932
v 0.337421 0.815494 -0.003430
v 0.336785 0.815759 -0.003898
v 0.336833 0.815889 -0.003830
v 0.336221 0.816369 -0.004066
v 0.336167 0.816284 -0.004107
v 0.335571 0.816848 -0.004156
v 0.339815 0.824238 -0.004019
v 0.340711 0.823404 -0.004151
v 0.339720 0.824086 -0.003949
v 0.338885 0.824799 -0.003442
v 0.338936 0.824910 -0.003481
v 0.338221 0.825489 -0.002665
v 0.338153 0.825315 -0.002616
v 0.337683 0.825739 -0.001586
v 0.337721 0.825914 -0.001604
v 0.337433 0.825880 -0.000403
v 0.337481 0.825823 0.000803
v 0.337487 0.826065 0.000410
v 0.337860 0.825772 0.001978
v 0.338437 0.825301 0.002961
v 0.337801 0.825591 0.001946
v 0.338936 0.824910 0.003481
v 0.338391 0.825185 0.002928
v 0.338885 0.824799 0.003442
v 0.339506 0.824463 0.003868
v 0.339417 0.824305 0.003801
v 0.340448 0.823742 0.004180
v 0.340346 0.823594 0.004108
v 0.341732 0.822735 0.004021
v 0.341607 0.822605 0.003950
v 0.342870 0.821842 0.003250
v 0.342725 0.821727 0.003191
v 0.343506 0.821326 0.002326
v 0.343402 0.821256 0.002298
v 0.343729 0.821038 0.001588
v 0.343915 0.820892 0.000810
v 0.340712 0.823404 -0.004151
v 0.341330 0.822882 -0.004058
v 0.341410 0.822970 -0.004107
v 0.341895 0.822362 -0.003801
v 0.342624 0.822054 -0.003520
v 0.342504 0.821962 -0.003440
v 0.343174 0.821375 -0.002621
v 0.343330 0.821480 -0.002665
v 0.343702 0.821020 -0.001583
v 0.343811 0.821087 -0.001602
v 0.343915 0.820892 -0.000810
v 0.343302 0.820558 -0.000755
v 0.344312 0.820356 -0.000755
v 0.344025 0.819991 -0.000755
v 0.343589 0.820923 -0.000755
v 0.344462 0.820297 -0.000786
v 0.343739 0.820864 -0.000786
v 0.340215 0.822777 -0.004158
v 0.338881 0.823673 -0.003909
v 0.338982 0.823769 -0.003826
v 0.338419 0.824211 -0.003443
v 0.338332 0.824139 -0.003481
v 0.337903 0.824582 -0.002937
v 0.337390 0.825074 -0.001951
v 0.337239 0.824981 -0.001980
v 0.337008 0.825283 -0.000810
v 0.337020 0.825364 0.000404
v 0.336865 0.825274 0.000414
v 0.337194 0.825137 0.001589
v 0.337520 0.824917 0.002300
v 0.337480 0.824909 0.002328
v 0.337833 0.824531 0.002961
v 0.338982 0.823769 0.003826
v 0.338398 0.824193 0.003453
v 0.338902 0.823693 0.003868
v 0.339576 0.823269 0.004074
v 0.340576 0.822574 0.004113
v 0.340481 0.822436 0.004180
v 0.341714 0.821469 0.003703
v 0.341790 0.821621 0.003645
v 0.342525 0.820957 0.002937
v 0.342941 0.820667 0.002303
v 0.342902 0.820556 0.002326
v 0.343234 0.820402 0.001589
v 0.343420 0.820256 0.000810
v 0.340865 0.822293 -0.004062
v 0.340214 0.822769 -0.004153
v 0.341477 0.821813 -0.003827
v 0.340806 0.822200 -0.004107
v 0.341424 0.821675 -0.003898
v 0.342066 0.821422 -0.003425
v 0.342525 0.820957 -0.002937
v 0.342941 0.820667 -0.002303
v 0.343234 0.820402 -0.001589
v 0.342902 0.820556 -0.002326
v 0.343420 0.820256 -0.000810
v 0.343589 0.820923 0.000755
v 0.344025 0.819991 0.000755
v 0.343302 0.820558 0.000755
v 0.344312 0.820356 0.000755
v 0.343046 0.818113 -0.000000
v 0.344118 0.819603 0.000817
v 0.344181 0.819553 -0.000000
v 0.342983 0.818163 0.000817
v 0.342983 0.818163 -0.000817
v 0.344181 0.819553 -0.000000
v 0.344118 0.819603 -0.000817
v 0.344785 0.820324 -0.000000
v 0.347426 0.823822 0.000817
v 0.347489 0.823772 -0.000000
v 0.344722 0.820373 0.000817
v 0.344722 0.820373 -0.000817
v 0.347426 0.823822 -0.000817
v 0.344785 0.820324 -0.000000
v 0.344312 0.820356 -0.000755
v 0.344084 0.819945 -0.000000
v 0.344371 0.820310 -0.000000
v 0.344025 0.819991 -0.000755
v 0.344025 0.819991 0.000755
v 0.344312 0.820356 0.000755
v 0.344084 0.819945 -0.000000
v 0.344638 0.820325 -0.000810
v 0.344673 0.820256 -0.000002
v 0.344785 0.820324 -0.000000
v 0.344638 0.820325 0.000810
v 0.344181 0.819553 -0.000000
v 0.344143 0.819689 -0.000810
v 0.344217 0.819670 0.000002
v 0.344143 0.819689 0.000810
v 0.344599 0.820271 -0.000802
v 0.343900 0.820858 -0.000809
v 0.347426 0.823822 -0.000817
v 0.346702 0.824389 -0.000817
v 0.334743 0.810983 -0.002968
v 0.334105 0.811675 -0.004032
v 0.333912 0.811649 -0.003763
v 0.334995 0.810960 -0.003180
v 0.335377 0.810501 -0.001902
v 0.335493 0.810570 -0.002385
v 0.335920 0.810247 -0.001218
v 0.335714 0.810231 -0.000379
v 0.336036 0.810155 0.000406
v 0.335606 0.810317 0.001137
v 0.335674 0.810445 0.002038
v 0.335005 0.810799 0.002646
v 0.334995 0.810960 0.003180
v 0.333913 0.811650 0.003763
v 0.334105 0.811675 0.004032
v 0.332711 0.812586 0.004196
v 0.332817 0.812678 0.004495
v 0.331519 0.813522 0.004057
v 0.331540 0.813681 0.004347
v 0.330336 0.814460 0.003287
v 0.330616 0.814394 0.003812
v 0.329991 0.814884 0.003180
v 0.329454 0.815145 0.001902
v 0.329493 0.815275 0.002385
v 0.329078 0.815612 0.001218
v 0.329111 0.815409 0.000379
v 0.329220 0.815324 -0.001137
v 0.328960 0.815702 -0.000406
v 0.329328 0.815420 -0.002038
v 0.329608 0.815009 -0.002226
v 0.329991 0.814884 -0.003180
v 0.330336 0.814460 -0.003287
v 0.330616 0.814394 -0.003812
v 0.331540 0.813681 -0.004347
v 0.331519 0.813522 -0.004057
v 0.332817 0.812678 -0.004495
v 0.332710 0.812586 -0.004196
v 0.335207 0.810615 -0.002362
v 0.334655 0.810524 -0.002706
v 0.333870 0.811671 -0.003781
v 0.335709 0.810227 -0.000382
v 0.335082 0.810117 -0.001797
v 0.335518 0.810368 0.001571
v 0.334472 0.811183 0.003330
v 0.334034 0.810537 0.003066
v 0.332999 0.812331 0.004194
v 0.332725 0.811463 0.003844
v 0.331578 0.812343 0.003967
v 0.330474 0.813272 0.003583
v 0.329418 0.815140 0.001898
v 0.329511 0.814086 0.002684
v 0.329061 0.815430 0.000035
v 0.329441 0.815146 -0.001868
v 0.329648 0.814446 -0.002722
v 0.330307 0.814454 -0.003289
v 0.330934 0.813401 -0.003888
v 0.332093 0.813087 -0.004233
v 0.333012 0.811766 -0.004049
v 0.328770 0.814509 0.000863
v 0.329125 0.814320 -0.001012
v 0.328912 0.814354 0.000982
v 0.328959 0.814169 0.001019
v 0.329479 0.813722 0.002529
v 0.329606 0.813996 0.002544
v 0.330514 0.813215 0.003418
v 0.330187 0.813234 0.003143
v 0.330947 0.812606 0.003551
v 0.331572 0.812311 0.003790
v 0.332009 0.811756 0.003666
v 0.332677 0.811464 0.003671
v 0.333111 0.810964 0.003310
v 0.333915 0.810616 0.002937
v 0.334043 0.810296 0.002497
v 0.334573 0.810033 0.001736
v 0.334546 0.809784 0.001021
v 0.334775 0.809768 0.000667
v 0.334565 0.809739 0.000667
v 0.334628 0.809741 0.000115
v 0.334648 0.809988 -0.001033
v 0.334529 0.810148 -0.001760
v 0.333559 0.811223 -0.003737
v 0.334441 0.810614 -0.002947
v 0.334940 0.809651 0.000579
v 0.334696 0.809924 0.001837
v 0.334553 0.810004 0.001756
v 0.333880 0.810596 0.002959
v 0.334005 0.810546 0.003088
v 0.332669 0.811445 0.003675
v 0.332721 0.811433 0.003849
v 0.331560 0.812298 0.003795
v 0.331560 0.812325 0.003975
v 0.330478 0.813199 0.003422
v 0.329661 0.813959 0.002868
v 0.330429 0.813269 0.003583
v 0.329565 0.813980 0.002530
v 0.329055 0.814346 0.001838
v 0.332425 0.812233 -0.004124
v 0.331152 0.813036 -0.004040
v 0.333594 0.810936 -0.003058
v 0.332673 0.811508 -0.003514
v 0.330556 0.813200 -0.003274
v 0.331601 0.812333 -0.003627
v 0.329699 0.813936 -0.002460
v 0.329973 0.814044 -0.003259
v 0.329153 0.814765 -0.001803
v 0.334027 0.810579 -0.002653
v 0.334354 0.810261 -0.001984
v 0.334039 0.810570 -0.002668
v 0.334443 0.809857 0.001332
v 0.334227 0.810068 0.001996
v 0.333885 0.810396 0.002654
v 0.333337 0.810765 0.003126
v 0.332796 0.811149 0.003426
v 0.332260 0.811545 0.003595
v 0.331732 0.811952 0.003650
v 0.331211 0.812368 0.003595
v 0.330699 0.812793 0.003426
v 0.330196 0.813228 0.003126
v 0.329708 0.813672 0.002654
v 0.329307 0.813925 0.001996
v 0.329051 0.814085 0.001332
v 0.328907 0.814175 0.000667
v 0.328898 0.814236 0.000128
v 0.330628 0.814227 0.003577
v 0.331653 0.813364 0.004140
v 0.334715 0.809943 0.001799
v 0.335250 0.810759 -0.003013
v 0.334995 0.811180 -0.003477
v 0.336197 0.810236 -0.000321
v 0.336091 0.810100 0.000321
v 0.335357 0.810895 0.003013
v 0.334889 0.811045 0.003477
v 0.332846 0.812863 0.004575
v 0.332246 0.813117 0.004575
v 0.330204 0.814936 0.003477
v 0.329735 0.815085 0.003013
v 0.329001 0.815880 0.000321
v 0.328895 0.815744 -0.000321
v 0.329842 0.815221 -0.003013
v 0.330097 0.814800 -0.003477
v 0.332352 0.813252 -0.004575
v 0.332740 0.812728 -0.004575
v 0.334476 0.811586 -0.003812
v 0.333558 0.812306 -0.004348
v 0.330097 0.815020 -0.003180
v 0.335101 0.811096 -0.003180
v 0.329425 0.815546 -0.002039
v 0.335773 0.810569 -0.002039
v 0.329061 0.815832 -0.000406
v 0.336137 0.810284 -0.000406
v 0.329177 0.815741 0.001219
v 0.336021 0.810375 0.001219
v 0.329599 0.815410 0.002385
v 0.335599 0.810706 0.002385
v 0.330097 0.815020 0.003180
v 0.335101 0.811096 0.003180
v 0.330995 0.814316 0.004033
v 0.334476 0.811586 0.003812
v 0.332280 0.813308 0.004496
v 0.333558 0.812306 0.004348
v 0.330995 0.814316 -0.004033
v 0.332280 0.813308 -0.004496
v 0.333905 0.810607 -0.002916
v 0.332681 0.811517 -0.003514
v 0.332694 0.811479 -0.003626
v 0.333853 0.810681 -0.002827
v 0.334419 0.810184 -0.002051
v 0.334714 0.809905 -0.001094
v 0.334354 0.810261 -0.001984
v 0.334656 0.810007 -0.001055
v 0.334660 0.809618 -0.000000
v 0.334588 0.809714 -0.000000
v 0.334506 0.809792 0.001015
v 0.334574 0.809699 0.001049
v 0.334273 0.809995 0.002051
v 0.334214 0.810079 0.001984
v 0.333756 0.810419 0.002918
v 0.333705 0.810492 0.002829
v 0.332546 0.811290 0.003627
v 0.332538 0.811335 0.003516
v 0.331438 0.812143 0.003744
v 0.331466 0.812160 0.003629
v 0.330358 0.813038 0.003380
v 0.330421 0.813027 0.003276
v 0.329463 0.813785 0.002542
v 0.329549 0.813751 0.002456
v 0.328973 0.814130 0.001015
v 0.328866 0.814175 0.001049
v 0.328825 0.814314 -0.000307
v 0.328955 0.814295 -0.000301
v 0.329321 0.814182 -0.001694
v 0.329226 0.814230 -0.001751
v 0.329782 0.813882 -0.002725
v 0.329863 0.813843 -0.002638
v 0.330507 0.813227 -0.003379
v 0.330565 0.813209 -0.003274
v 0.331609 0.812342 -0.003627
v 0.331586 0.812332 -0.003743
v 0.334530 0.810045 -0.001829
v 0.334056 0.810486 -0.002731
v 0.334744 0.809826 -0.000691
v 0.334631 0.809609 0.000009
v 0.334472 0.809774 0.001538
v 0.333839 0.810367 0.002859
v 0.332717 0.811109 0.003680
v 0.330885 0.812529 0.003679
v 0.329549 0.813720 0.002655
v 0.328938 0.814098 0.001421
v 0.328752 0.814236 -0.000060
v 0.328951 0.814369 -0.000684
v 0.329183 0.814222 -0.001675
v 0.329910 0.813725 -0.002906
v 0.330733 0.812998 -0.003518
v 0.331873 0.812053 -0.003791
v 0.333143 0.811155 -0.003504
v 0.334145 0.810320 -0.002578
v 0.333229 0.811018 -0.003378
v 0.334701 0.809851 -0.000994
v 0.334535 0.809440 0.000377
v 0.334294 0.809721 0.001771
v 0.332122 0.811298 0.003711
v 0.331398 0.812096 0.003740
v 0.329586 0.813644 0.002732
v 0.330244 0.812923 0.003392
v 0.328711 0.814151 0.000443
v 0.328988 0.813947 0.001763
v 0.328924 0.814335 -0.000689
v 0.329191 0.814183 -0.001754
v 0.329737 0.813833 -0.002732
v 0.330049 0.813243 -0.003221
v 0.332532 0.810688 -0.002409
v 0.332101 0.811854 -0.003739
v 0.330988 0.812705 -0.003628
v 0.330312 0.811565 0.000097
v 0.333081 0.810832 0.003380
v 0.333887 0.810272 0.002733
v 0.330143 0.816706 -0.000411
v 0.327528 0.816882 -0.001441
v 0.330411 0.816537 -0.001602
v 0.327296 0.817029 -0.000409
v 0.330223 0.816684 0.000817
v 0.327366 0.817010 0.000654
v 0.329156 0.815453 -0.000000
v 0.326497 0.815901 0.000654
v 0.329220 0.815403 0.000817
v 0.326442 0.815944 -0.000054
v 0.330223 0.816684 -0.000817
v 0.329691 0.816451 -0.000525
v 0.330163 0.816673 0.000767
v 0.329732 0.816459 0.000560
v 0.326573 0.815845 -0.001473
v 0.327277 0.817083 0.000663
v 0.326497 0.815901 0.000654
v 0.327528 0.816882 -0.001441
v 0.330411 0.816537 -0.001602
v 0.326659 0.815774 -0.001441
v 0.329407 0.815256 -0.001602
v 0.327528 0.816882 -0.001441
v 0.329220 0.815403 -0.000817
v 0.326442 0.815944 -0.000054
v 0.329156 0.815453 -0.000000
v 0.326497 0.815901 -0.000761
v 0.329220 0.815403 0.000817
v 0.327366 0.817010 0.000654
v 0.330223 0.816684 0.000817
v 0.326497 0.815901 0.000654
v 0.329407 0.815256 -0.001602
v 0.326497 0.815901 -0.000761
v 0.329220 0.815403 -0.000817
v 0.326659 0.815774 -0.001441
v 0.339257 0.820490 -0.003285
v 0.338325 0.820880 -0.003243
v 0.338487 0.821107 -0.003344
v 0.339093 0.820300 -0.003201
v 0.339290 0.820515 -0.003304
v 0.340424 0.819586 -0.002600
v 0.340204 0.819406 -0.002520
v 0.341080 0.819072 -0.001587
v 0.340839 0.818907 -0.001536
v 0.341328 0.818866 -0.000653
v 0.341079 0.818709 -0.000634
v 0.341328 0.818866 -0.000653
v 0.341381 0.818836 0.000328
v 0.341129 0.818680 0.000321
v 0.341081 0.819071 0.001584
v 0.340838 0.818908 0.001539
v 0.340426 0.819585 0.002598
v 0.340202 0.819407 0.002522
v 0.339276 0.820491 0.003318
v 0.339103 0.820315 0.003191
v 0.338743 0.820893 0.003350
v 0.339257 0.820490 0.003285
v 0.338572 0.820675 0.003249
v 0.338743 0.820893 0.003350
v 0.337981 0.821503 0.003216
v 0.337831 0.821268 0.003118
v 0.337072 0.822217 0.002597
v 0.336949 0.821960 0.002517
v 0.336291 0.822830 0.001304
v 0.336233 0.822564 0.001251
v 0.336158 0.822920 0.000653
v 0.336308 0.822803 0.001282
v 0.336064 0.822641 0.000634
v 0.336158 0.822920 0.000653
v 0.336118 0.822965 -0.000328
v 0.336026 0.822684 -0.000321
v 0.336417 0.822731 -0.001582
v 0.336317 0.822456 -0.001537
v 0.336879 0.822355 -0.002369
v 0.336764 0.822092 -0.002297
v 0.336879 0.822355 -0.002369
v 0.337501 0.821881 -0.002962
v 0.337368 0.821631 -0.002874
v 0.339541 0.819895 -0.003003
v 0.339547 0.819872 -0.003064
v 0.339983 0.819548 -0.002703
v 0.339781 0.819512 -0.002498
v 0.338757 0.819814 -0.001639
v 0.338236 0.820242 -0.001805
v 0.339014 0.819621 -0.001485
v 0.338213 0.820218 -0.001776
v 0.338063 0.821054 -0.003188
v 0.338552 0.820650 -0.003253
v 0.337951 0.820446 -0.001739
v 0.338006 0.820904 -0.002947
v 0.337689 0.820650 -0.001638
v 0.337231 0.821030 -0.001278
v 0.337225 0.820993 -0.001255
v 0.337551 0.821438 -0.003059
v 0.336423 0.822318 -0.001808
v 0.336742 0.822069 -0.002300
v 0.336983 0.821380 -0.001126
v 0.336198 0.822515 -0.001244
v 0.336283 0.822255 -0.001150
v 0.336745 0.821566 -0.000395
v 0.336935 0.821242 -0.000678
v 0.337052 0.821129 -0.000986
v 0.336843 0.821292 -0.000346
v 0.336840 0.821335 0.000349
v 0.336843 0.821292 0.000346
v 0.336023 0.822644 -0.000630
v 0.336978 0.821376 0.001127
v 0.336968 0.821182 0.000842
v 0.337316 0.820909 0.001380
v 0.337806 0.820542 0.001706
v 0.338213 0.820218 0.001776
v 0.338309 0.820340 0.002026
v 0.337807 0.821238 0.003127
v 0.339051 0.820258 0.003190
v 0.338552 0.820650 0.003253
v 0.338620 0.820096 0.001987
v 0.339532 0.819880 0.003005
v 0.338919 0.819862 0.001872
v 0.338486 0.820004 0.001742
v 0.338748 0.819799 0.001641
v 0.338999 0.819624 0.001476
v 0.339202 0.819443 0.001256
v 0.339437 0.819456 0.001433
v 0.339781 0.819512 0.002498
v 0.339983 0.819548 0.002703
v 0.340362 0.819230 0.002300
v 0.339635 0.819300 0.001126
v 0.341014 0.818723 0.000949
v 0.341128 0.818670 -0.000000
v 0.341053 0.818668 -0.000635
v 0.341110 0.818647 -0.000652
v 0.339594 0.819160 -0.000346
v 0.339606 0.819114 0.000175
v 0.340711 0.819030 0.001802
v 0.339393 0.819306 0.000993
v 0.339401 0.819317 -0.000990
v 0.340719 0.818954 -0.001846
v 0.340689 0.818995 -0.001806
v 0.336922 0.821931 0.002526
v 0.336435 0.822330 0.001806
v 0.336502 0.822084 0.001669
v 0.336027 0.822642 0.000651
v 0.337583 0.821430 -0.003003
v 0.338612 0.819891 -0.001707
v 0.337822 0.820223 -0.001671
v 0.337948 0.820438 -0.001747
v 0.338898 0.819352 -0.001310
v 0.339321 0.819383 -0.001144
v 0.339379 0.818972 -0.000165
v 0.339637 0.819132 0.000175
v 0.339081 0.819208 0.001078
v 0.339126 0.819536 0.001391
v 0.338182 0.819918 0.001684
v 0.338092 0.820352 0.001787
v 0.337157 0.820780 0.001206
v 0.337220 0.820995 0.001265
v 0.337097 0.820713 0.001184
v 0.336885 0.821304 0.000521
v 0.336786 0.821019 0.000488
v 0.336864 0.821263 -0.000517
v 0.336954 0.820916 -0.000925
v 0.337040 0.821117 -0.000988
v 0.337214 0.820981 -0.001257
v 0.336933 0.820842 -0.000930
v 0.337097 0.820713 -0.001184
v 0.337426 0.820815 -0.001478
v 0.337097 0.820713 -0.001184
v 0.337297 0.820557 -0.001393
v 0.337668 0.820625 -0.001642
v 0.337297 0.820557 -0.001393
v 0.337525 0.820378 -0.001547
v 0.337525 0.820378 -0.001547
v 0.337772 0.820184 -0.001643
v 0.337758 0.820187 -0.001830
v 0.339204 0.819061 -0.000841
v 0.337019 0.816716 -0.001372
v 0.337339 0.816464 0.000535
v 0.339181 0.819080 0.001108
v 0.336073 0.817448 0.001862
v 0.338030 0.819984 0.001709
v 0.336052 0.817474 0.001746
v 0.337084 0.820723 0.001204
v 0.337064 0.820741 0.001218
v 0.335046 0.818269 0.001280
v 0.336784 0.820961 -0.001021
v 0.334941 0.818347 -0.000949
v 0.337097 0.820713 -0.001184
v 0.336933 0.820842 -0.000930
v 0.335126 0.818199 -0.001184
v 0.335801 0.817670 -0.001643
v 0.337772 0.820184 -0.001643
v 0.335553 0.817864 -0.001547
v 0.337525 0.820378 -0.001547
v 0.337525 0.820378 -0.001547
v 0.335325 0.818043 -0.001393
v 0.337297 0.820557 -0.001393
v 0.337297 0.820557 -0.001393
v 0.335126 0.818199 -0.001184
v 0.337097 0.820713 -0.001184
v 0.335474 0.817555 -0.001708
v 0.335647 0.817738 -0.001620
v 0.336657 0.816940 -0.001490
v 0.336539 0.816715 -0.001568
v 0.337272 0.816492 -0.000646
v 0.337214 0.816182 -0.000514
v 0.337300 0.816433 0.000488
v 0.337184 0.816246 0.000680
v 0.336659 0.816938 0.001489
v 0.336537 0.816717 0.001570
v 0.336058 0.817469 0.001675
v 0.335894 0.817264 0.001773
v 0.335989 0.817412 0.001686
v 0.334989 0.817939 0.001380
v 0.335005 0.818244 0.001078
v 0.334482 0.818339 0.000174
v 0.334707 0.818479 -0.000165
v 0.334674 0.818234 -0.000836
v 0.335111 0.818206 -0.001194
v 0.334923 0.818044 -0.001248
v 0.335126 0.818199 -0.001184
v 0.336559 0.816754 -0.001563
v 0.336121 0.816913 -0.001973
v 0.336163 0.817051 -0.001746
v 0.337050 0.816344 -0.000992
v 0.337412 0.815430 -0.002326
v 0.337714 0.815157 -0.001824
v 0.337178 0.816258 -0.000674
v 0.337254 0.816027 -0.000758
v 0.337669 0.815322 -0.001732
v 0.338118 0.814872 -0.000641
v 0.337960 0.814977 -0.001257
v 0.338109 0.814820 0.000635
v 0.337953 0.814969 0.001257
v 0.337999 0.814939 0.001286
v 0.337392 0.815409 0.002322
v 0.336794 0.815887 0.002910
v 0.337363 0.815561 0.002204
v 0.336069 0.816446 0.003220
v 0.335316 0.817046 0.003284
v 0.336123 0.816831 0.002245
v 0.334577 0.817616 0.003033
v 0.334136 0.817976 0.002730
v 0.334690 0.817658 0.002880
v 0.333563 0.818421 0.002093
v 0.333185 0.818722 0.001257
v 0.333007 0.818848 0.000635
v 0.333032 0.818828 -0.000640
v 0.333281 0.818642 -0.001556
v 0.333223 0.818808 -0.000608
v 0.333753 0.818295 -0.002323
v 0.334546 0.817611 -0.003053
v 0.335066 0.817236 -0.003252
v 0.336774 0.815865 -0.002906
v 0.336043 0.816414 -0.003214
v 0.335626 0.817475 -0.001729
v 0.335366 0.817679 -0.001629
v 0.335509 0.817395 -0.001944
v 0.335336 0.817665 -0.001655
v 0.334915 0.818032 -0.001247
v 0.334700 0.818050 -0.001427
v 0.334671 0.818234 -0.000835
v 0.334511 0.818323 -0.000341
v 0.334536 0.818330 0.000344
v 0.334281 0.818366 0.000388
v 0.334671 0.818234 0.000836
v 0.335115 0.817872 0.001478
v 0.335358 0.817666 0.001628
v 0.334946 0.817836 0.001648
v 0.335765 0.817376 0.001764
v 0.336168 0.817036 0.001742
v 0.336867 0.816472 0.001259
v 0.337173 0.816234 0.000681
v 0.337257 0.816196 0.000344
v 0.337262 0.816156 0.000346
v 0.337257 0.816196 -0.000344
v 0.337343 0.815957 -0.000387
v 0.336034 0.816390 -0.003244
v 0.335930 0.816252 -0.003306
v 0.335013 0.817181 -0.003243
v 0.336774 0.815867 -0.002903
v 0.336686 0.815698 -0.002962
v 0.337555 0.815254 -0.002088
v 0.337482 0.815073 -0.002130
v 0.338023 0.814617 -0.000666
v 0.338090 0.814818 -0.000649
v 0.338124 0.814746 -0.000002
v 0.338029 0.814658 -0.000653
v 0.338080 0.814619 -0.000000
v 0.338032 0.814880 0.000954
v 0.337967 0.814693 0.000976
v 0.337635 0.814967 0.001861
v 0.337680 0.815112 0.001831
v 0.337635 0.814967 0.001861
v 0.336912 0.815504 0.002804
v 0.336963 0.815651 0.002748
v 0.336513 0.816003 0.003053
v 0.336452 0.815895 0.003095
v 0.335958 0.816282 0.003285
v 0.336023 0.816385 0.003242
v 0.334919 0.817071 0.003318
v 0.335011 0.817181 0.003239
v 0.334524 0.817563 0.003051
v 0.334435 0.817477 0.003095
v 0.333912 0.818113 0.002547
v 0.333761 0.817994 0.002598
v 0.333357 0.818480 0.001837
v 0.333219 0.818420 0.001875
v 0.332975 0.818848 0.000325
v 0.332806 0.818743 0.000328
v 0.332942 0.818766 -0.000647
v 0.333268 0.818618 -0.001552
v 0.333107 0.818507 -0.001587
v 0.333656 0.818206 -0.002345
v 0.334332 0.817783 -0.002904
v 0.334194 0.817654 -0.002966
v 0.334929 0.817089 -0.003285
v 0.332936 0.812259 -0.003858
v 0.331976 0.812900 -0.003931
v 0.331476 0.813465 -0.003756
v 0.330815 0.813811 -0.003484
v 0.330412 0.814300 -0.003038
v 0.329645 0.814902 -0.001856
v 0.329876 0.814547 -0.002505
v 0.329304 0.814996 -0.001143
v 0.329293 0.815179 -0.000391
v 0.329186 0.815088 0.000393
v 0.329409 0.815087 0.001135
v 0.329541 0.814810 0.001870
v 0.329978 0.814641 0.002487
v 0.330314 0.814203 0.003060
v 0.330910 0.813910 0.003459
v 0.331386 0.813363 0.003783
v 0.332063 0.813006 0.003903
v 0.332592 0.812416 0.003929
v 0.333261 0.812066 0.003752
v 0.333751 0.811507 0.003478
v 0.334321 0.811233 0.003031
v 0.334685 0.810774 0.002499
v 0.335084 0.810634 0.001849
v 0.335254 0.810327 0.001141
v 0.335435 0.810311 0.000153
v 0.335317 0.810451 -0.001133
v 0.335253 0.810329 -0.001149
v 0.334752 0.810895 -0.002481
v 0.334682 0.810777 -0.002506
v 0.333825 0.811622 -0.003453
v 0.333745 0.811512 -0.003483
v 0.332926 0.812247 -0.003845
v 0.332975 0.812312 -0.003835
v 0.332949 0.812401 -0.003460
v 0.333696 0.811750 -0.003137
v 0.334541 0.811088 -0.002256
v 0.335055 0.810684 -0.001032
v 0.335165 0.810604 -0.000000
v 0.335055 0.810684 0.001033
v 0.334540 0.811088 0.002257
v 0.333696 0.811750 0.003137
v 0.332657 0.812578 0.003537
v 0.331563 0.813423 0.003403
v 0.330600 0.814178 0.002749
v 0.329908 0.814721 0.001676
v 0.329591 0.814970 0.000348
v 0.329698 0.814886 -0.001033
v 0.330213 0.814482 -0.002256
v 0.331057 0.813820 -0.003137
v 0.332105 0.813005 -0.003538
v 0.332918 0.812356 -0.003473
v 0.333049 0.812399 -0.003859
v 0.332073 0.813021 -0.003910
v 0.331281 0.813795 -0.003645
v 0.330460 0.814385 -0.003056
v 0.329689 0.814989 -0.001868
v 0.329334 0.815267 -0.000396
v 0.329455 0.815184 0.001143
v 0.330021 0.814736 0.002497
v 0.330953 0.813996 0.003476
v 0.331798 0.813289 0.003844
v 0.332679 0.812545 0.003910
v 0.333599 0.811907 0.003626
v 0.334332 0.811241 0.003036
v 0.335485 0.810396 0.000386
v 0.335409 0.810523 -0.001144
v 0.334761 0.810905 -0.002491
v 0.333917 0.811710 -0.003480
v 0.335152 0.810719 0.001909
v 0.332866 0.812294 -0.003462
v 0.333927 0.811563 -0.002984
v 0.333593 0.811641 -0.003113
v 0.334769 0.810825 -0.001755
v 0.335114 0.810553 -0.000431
v 0.335031 0.810617 0.000958
v 0.334536 0.811006 0.002198
v 0.333708 0.811656 0.003100
v 0.332673 0.812469 0.003529
v 0.332005 0.812888 0.003511
v 0.331555 0.813413 0.003404
v 0.330970 0.813700 0.003108
v 0.330593 0.814169 0.002749
v 0.330135 0.814355 0.002233
v 0.329901 0.814712 0.001678
v 0.329554 0.814826 0.000684
v 0.329584 0.814960 0.000352
v 0.329628 0.814752 -0.001026
v 0.329689 0.814878 -0.001028
v 0.330170 0.814414 -0.002245
v 0.331009 0.813755 -0.003122
v 0.332049 0.812939 -0.003526
v 0.332866 0.812294 -0.003462
v 0.331654 0.812967 -0.003512
v 0.332009 0.812875 -0.003513
v 0.330514 0.813940 -0.002808
v 0.329795 0.814505 -0.001755
v 0.329451 0.814776 -0.000431
v 0.329533 0.814712 0.000958
v 0.330028 0.814324 0.002198
v 0.330857 0.813673 0.003100
v 0.331891 0.812861 0.003529
v 0.332559 0.812442 0.003511
v 0.333009 0.811916 0.003404
v 0.333595 0.811630 0.003108
v 0.333972 0.811161 0.002749
v 0.334430 0.810975 0.002233
v 0.334664 0.810618 0.001678
v 0.335010 0.810504 0.000684
v 0.334981 0.810369 0.000352
v 0.334875 0.810452 -0.001028
v 0.334936 0.810577 -0.001026
v 0.334394 0.810916 -0.002245
v 0.333555 0.811574 -0.003122
v 0.332782 0.812186 -0.003462
v 0.332782 0.812186 -0.003462
v 0.331808 0.812710 -0.003932
v 0.331913 0.812760 -0.003540
v 0.332790 0.812077 -0.003834
v 0.332698 0.812078 -0.003460
v 0.329803 0.814425 -0.002491
v 0.330668 0.813638 -0.003478
v 0.329357 0.814785 -0.001495
v 0.329037 0.814901 -0.000380
v 0.329400 0.814726 -0.000000
v 0.329467 0.814689 0.001851
v 0.329963 0.814209 0.002775
v 0.329104 0.814843 0.000832
v 0.330863 0.813571 0.003135
v 0.330731 0.813690 0.003464
v 0.331603 0.812857 0.003884
v 0.333363 0.811618 0.003614
v 0.334155 0.811018 0.003036
v 0.335152 0.810236 0.001141
v 0.334582 0.810678 -0.002492
v 0.334971 0.810215 -0.001518
v 0.333595 0.811328 -0.003484
v 0.332759 0.812031 -0.003847
v 0.332734 0.812121 -0.003473
v 0.333507 0.811510 -0.003137
v 0.334352 0.810848 -0.002256
v 0.334866 0.810444 -0.001033
v 0.334973 0.810360 0.000348
v 0.334657 0.810608 0.001676
v 0.333964 0.811152 0.002749
v 0.333001 0.811907 0.003403
v 0.331914 0.812759 0.003540
v 0.330024 0.814242 0.002257
v 0.329509 0.814646 0.001033
v 0.329509 0.814646 -0.001032
v 0.330024 0.814242 -0.002256
v 0.330868 0.813580 -0.003137
v 0.335224 0.810047 -0.000392
v 0.334686 0.810440 0.002194
v 0.332511 0.812335 0.003902
v 0.331934 0.812856 -0.003916
v 0.330819 0.813818 -0.003483
v 0.330740 0.813707 -0.003453
v 0.329883 0.814553 -0.002506
v 0.329812 0.814435 -0.002481
v 0.329312 0.815001 -0.001149
v 0.329247 0.814878 -0.001133
v 0.329129 0.815019 0.000153
v 0.329310 0.815002 0.001141
v 0.329480 0.814695 0.001849
v 0.329879 0.814556 0.002499
v 0.330243 0.814097 0.003031
v 0.330813 0.813823 0.003478
v 0.331304 0.813264 0.003752
v 0.331972 0.812914 0.003929
v 0.332502 0.812324 0.003903
v 0.333179 0.811967 0.003783
v 0.333655 0.811419 0.003459
v 0.334250 0.811126 0.003060
v 0.334587 0.810688 0.002487
v 0.335023 0.810520 0.001870
v 0.335155 0.810243 0.001135
v 0.335378 0.810241 0.000393
v 0.335272 0.810151 -0.000391
v 0.335260 0.810333 -0.001143
v 0.334919 0.810428 -0.001856
v 0.334688 0.810782 -0.002505
v 0.334152 0.811030 -0.003038
v 0.333749 0.811519 -0.003484
v 0.332835 0.812123 -0.003858
v 0.332842 0.812139 -0.003845
v 0.335810 0.815730 -0.002894
v 0.335166 0.815818 -0.003201
v 0.334886 0.816455 -0.003010
v 0.336111 0.815077 -0.002836
v 0.336629 0.815088 -0.002338
v 0.336874 0.814479 -0.002040
v 0.337218 0.814626 -0.001426
v 0.337339 0.814114 -0.000933
v 0.337487 0.814414 -0.000297
v 0.337435 0.814038 0.000316
v 0.337397 0.814485 0.000877
v 0.337149 0.814263 0.001517
v 0.336959 0.814828 0.001918
v 0.336522 0.814754 0.002487
v 0.336242 0.815391 0.002667
v 0.335652 0.815437 0.003078
v 0.335353 0.816088 0.003010
v 0.334669 0.816208 0.003202
v 0.334429 0.816813 0.002895
v 0.333724 0.816950 0.002837
v 0.333610 0.817456 0.002339
v 0.332960 0.817549 0.002041
v 0.333021 0.817918 0.001427
v 0.332494 0.817914 0.000934
v 0.332751 0.818130 0.000297
v 0.332398 0.817990 -0.000316
v 0.332842 0.818059 -0.000878
v 0.332685 0.817765 -0.001518
v 0.333279 0.817715 -0.001919
v 0.333997 0.817152 -0.002668
v 0.333312 0.817273 -0.002488
v 0.334183 0.816589 -0.003079
v 0.335704 0.815680 -0.002721
v 0.335117 0.815789 -0.002999
v 0.334835 0.816361 -0.002830
v 0.336002 0.815094 -0.002658
v 0.336474 0.815076 -0.002198
v 0.336717 0.814533 -0.001911
v 0.337027 0.814641 -0.001341
v 0.337153 0.814192 -0.000874
v 0.337281 0.814443 -0.000279
v 0.337244 0.814121 0.000296
v 0.337195 0.814510 0.000825
v 0.336975 0.814331 0.001421
v 0.336784 0.814832 0.001803
v 0.336388 0.814792 0.002330
v 0.336109 0.815361 0.002507
v 0.335572 0.815432 0.002884
v 0.335274 0.816016 0.002830
v 0.334651 0.816154 0.003000
v 0.334405 0.816698 0.002722
v 0.333766 0.816849 0.002658
v 0.333635 0.817302 0.002199
v 0.333050 0.817410 0.001912
v 0.333081 0.817737 0.001341
v 0.332614 0.817752 0.000875
v 0.332827 0.817936 0.000279
v 0.332524 0.817823 -0.000296
v 0.332913 0.817869 -0.000825
v 0.332792 0.817612 -0.001422
v 0.333325 0.817546 -0.001804
v 0.334000 0.817016 -0.002508
v 0.333380 0.817151 -0.002331
v 0.334196 0.816511 -0.002885
v 0.334585 0.816223 -0.003049
v 0.334399 0.813769 -0.002911
v 0.336781 0.814500 -0.002065
v 0.335919 0.812576 -0.001102
v 0.337184 0.814185 0.001103
v 0.335516 0.812891 0.002063
v 0.335662 0.815379 0.002914
v 0.333322 0.814612 0.003046
v 0.333801 0.816838 0.002744
v 0.331717 0.815871 0.001876
v 0.332501 0.817858 0.000681
v 0.331241 0.816245 -0.000680
v 0.332978 0.817483 -0.001878
v 0.332539 0.815227 -0.002741
v 0.334319 0.813841 -0.002882
v 0.333763 0.814074 -0.002942
v 0.333399 0.814562 -0.002996
v 0.335135 0.813200 -0.002330
v 0.334632 0.813392 -0.002607
v 0.335334 0.812841 -0.001875
v 0.335722 0.812739 -0.001422
v 0.335762 0.812506 -0.000857
v 0.335991 0.812528 -0.000297
v 0.335850 0.812436 0.000292
v 0.335901 0.812599 0.000873
v 0.335586 0.812644 0.001396
v 0.335465 0.812941 0.001910
v 0.335009 0.813096 0.002287
v 0.334750 0.813502 0.002656
v 0.334208 0.813725 0.002830
v 0.333866 0.814196 0.002996
v 0.333305 0.814434 0.002941
v 0.332946 0.814918 0.002881
v 0.332438 0.815114 0.002605
v 0.332132 0.815557 0.002327
v 0.331737 0.815664 0.001873
v 0.331546 0.816016 0.001419
v 0.331310 0.815999 0.000856
v 0.331278 0.816227 0.000296
v 0.331222 0.816068 -0.000291
v 0.331368 0.816156 -0.000872
v 0.331485 0.815861 -0.001394
v 0.331802 0.815815 -0.001907
v 0.332061 0.815410 -0.002285
v 0.332516 0.815256 -0.002653
v 0.332860 0.814782 -0.002828
v 0.334102 0.816669 -0.003110
v 0.332442 0.815253 -0.002930
v 0.334428 0.813696 -0.003110
v 0.336088 0.815112 -0.002930
v 0.335915 0.812529 -0.001463
v 0.337377 0.814102 -0.001024
v 0.336057 0.812418 0.001024
v 0.337235 0.814213 0.001463
v 0.334768 0.813428 0.002930
v 0.335749 0.815380 0.003110
v 0.332782 0.814985 0.003110
v 0.333763 0.816937 0.002930
v 0.331295 0.816152 0.001463
v 0.332473 0.817948 0.001024
v 0.331153 0.816264 -0.001024
v 0.332615 0.817836 -0.001463
v 0.333361 0.814545 -0.003201
v 0.332740 0.814701 -0.002977
v 0.332417 0.815286 -0.002835
v 0.333690 0.813956 -0.003097
v 0.334344 0.813774 -0.003079
v 0.335215 0.813091 -0.002488
v 0.334604 0.813238 -0.002745
v 0.335843 0.812598 -0.001518
v 0.335343 0.812659 -0.001974
v 0.335794 0.812305 -0.000903
v 0.336130 0.812373 -0.000317
v 0.336034 0.812448 0.000933
v 0.335887 0.812232 0.000306
v 0.335609 0.812450 0.001469
v 0.335568 0.812814 0.002041
v 0.334804 0.813413 0.002837
v 0.335002 0.812926 0.002407
v 0.334159 0.813588 0.002978
v 0.333859 0.814155 0.003201
v 0.332877 0.814925 0.003078
v 0.333209 0.814334 0.003096
v 0.332295 0.815051 0.002743
v 0.332006 0.815608 0.002486
v 0.331380 0.816100 0.001516
v 0.331558 0.815629 0.001972
v 0.331108 0.815982 0.000902
v 0.331093 0.816325 0.000316
v 0.331190 0.816249 -0.000932
v 0.331015 0.816055 -0.000306
v 0.331292 0.815837 -0.001467
v 0.331655 0.815884 -0.002039
v 0.331898 0.815362 -0.002405
v 0.333690 0.813954 -0.003100
v 0.333594 0.813871 -0.002848
v 0.334605 0.813236 -0.002748
v 0.334435 0.813212 -0.002524
v 0.335345 0.812656 -0.001977
v 0.335114 0.812680 -0.001815
v 0.335796 0.812303 -0.000904
v 0.335528 0.812355 -0.000831
v 0.335890 0.812229 0.000305
v 0.335614 0.812287 0.000281
v 0.335612 0.812447 0.001469
v 0.335359 0.812487 0.001349
v 0.335005 0.812923 0.002408
v 0.334801 0.812924 0.002212
v 0.334161 0.813584 0.002981
v 0.334027 0.813532 0.002738
v 0.333210 0.814331 0.003100
v 0.333152 0.814218 0.002848
v 0.332294 0.815049 0.002748
v 0.332311 0.814877 0.002524
v 0.331783 0.815281 0.002014
v 0.331555 0.815628 0.001976
v 0.331189 0.815904 0.001187
v 0.331387 0.815602 0.001349
v 0.331010 0.816056 0.000305
v 0.331132 0.815802 0.000280
v 0.331104 0.815982 -0.000904
v 0.331218 0.815734 -0.000831
v 0.331415 0.815727 -0.001723
v 0.331504 0.815500 -0.001583
v 0.331894 0.815362 -0.002408
v 0.331944 0.815165 -0.002212
v 0.332738 0.814700 -0.002981
v 0.332719 0.814557 -0.002738
v 0.331735 0.815663 -0.001877
v 0.331791 0.815539 -0.001779
v 0.332243 0.815256 -0.002450
v 0.332272 0.815154 -0.002321
v 0.332859 0.814782 -0.002832
v 0.332856 0.814704 -0.002684
v 0.333764 0.814073 -0.002945
v 0.333713 0.814032 -0.002791
v 0.334633 0.813391 -0.002610
v 0.334537 0.813386 -0.002473
v 0.335336 0.812840 -0.001878
v 0.335202 0.812864 -0.001779
v 0.335764 0.812504 -0.000859
v 0.335608 0.812546 -0.000814
v 0.335853 0.812434 0.000290
v 0.335689 0.812474 -0.000000
v 0.335608 0.812546 0.000814
v 0.335589 0.812641 0.001395
v 0.335202 0.812864 0.001779
v 0.335013 0.813093 0.002288
v 0.334537 0.813386 0.002473
v 0.334211 0.813721 0.002832
v 0.333713 0.814032 0.002791
v 0.333307 0.814431 0.002945
v 0.332856 0.814704 0.002683
v 0.332437 0.815112 0.002610
v 0.332272 0.815154 0.002321
v 0.331735 0.815663 0.001878
v 0.331791 0.815540 0.001779
v 0.331307 0.815999 0.000859
v 0.331385 0.815858 0.000814
v 0.331217 0.816069 -0.000290
v 0.331296 0.815919 -0.000000
v 0.331385 0.815858 -0.000814
v 0.331389 0.815926 -0.001127
v 0.332115 0.812584 -0.001282
v 0.335227 0.816265 -0.001282
v 0.333189 0.811741 -0.000086
v 0.336162 0.815533 0.000086
v 0.332254 0.812473 0.001282
v 0.335088 0.816376 0.001282
v 0.331180 0.813316 0.000086
v 0.334153 0.817108 -0.000086
v 0.332093 0.812600 -0.001169
v 0.332477 0.812299 -0.000898
v 0.332541 0.812249 -0.001094
v 0.331960 0.812705 -0.000941
v 0.331586 0.812997 -0.000925
v 0.331597 0.812989 -0.000612
v 0.331434 0.813117 -0.000190
v 0.331247 0.813264 -0.000117
v 0.331458 0.813098 0.000280
v 0.331456 0.813100 0.000759
v 0.331643 0.812953 0.000688
v 0.331964 0.812701 0.000923
v 0.331916 0.812739 0.001124
v 0.332333 0.812411 0.000954
v 0.332366 0.812386 0.001162
v 0.332666 0.812151 0.000746
v 0.332912 0.811958 0.000759
v 0.332924 0.811948 0.000285
v 0.333122 0.811793 -0.000117
v 0.332866 0.811994 -0.000463
v 0.332899 0.811968 -0.000745
v 0.335471 0.816261 -0.001084
v 0.331952 0.812712 -0.001012
v 0.332985 0.811902 -0.000272
v 0.336099 0.815770 0.000289
v 0.332394 0.812364 0.001020
v 0.335001 0.816631 0.001075
v 0.331389 0.813154 0.000270
v 0.334403 0.817101 -0.000287
vn 0.0076 -0.0068 -0.9999
vn 0.0044 -0.0040 -1.0000
vn 0.0061 -0.0057 -1.0000
vn -0.1806 0.1162 -0.9767
vn -0.1938 0.1492 -0.9696
vn -0.4517 0.4656 -0.7610
vn -0.5012 -0.0957 -0.8600
vn -0.6078 0.3147 -0.7290
vn -0.7333 -0.3012 -0.6096
vn -0.0999 0.1204 0.9877
vn -0.2665 0.2174 0.9390
vn -0.4418 0.3628 0.8205
vn -0.4833 0.4004 0.7785
vn -0.5652 0.4780 0.6724
vn -0.5459 0.4509 0.7062
vn -0.4372 0.4205 0.7950
vn 0.7385 -0.6159 0.2745
vn 0.5301 -0.3064 -0.7906
vn 0.7080 -0.5950 0.3803
vn -0.3249 0.2765 0.9044
vn -0.3318 0.3159 0.8889
vn -0.3191 0.2655 0.9098
vn 0.0248 -0.0216 0.9995
vn 0.0048 0.0064 1.0000
vn 0.0181 -0.0139 0.9997
vn -0.0080 0.0510 0.9987
vn -0.1519 0.1228 0.9807
vn -0.2478 0.1846 0.9511
vn -0.2479 0.1823 0.9515
vn -0.4136 0.3397 0.8447
vn 0.3693 -0.3167 0.8737
vn 0.3257 -0.2724 0.9054
vn 0.3155 -0.2674 0.9104
vn 0.2908 -0.2552 0.9221
vn 0.5433 -0.4525 0.7071
vn 0.4874 -0.4062 0.7729
vn 0.4871 -0.4062 0.7731
vn 0.4267 -0.3560 0.8314
vn 0.6416 -0.5352 0.5494
vn 0.6349 -0.5266 0.5653
vn 0.6301 -0.5177 0.5788
vn 0.7578 -0.6420 -0.1163
vn 0.7683 -0.6337 -0.0905
vn 0.7597 -0.6482 -0.0510
vn 0.6835 -0.5747 0.4501
vn -0.5631 0.4660 -0.6825
vn -0.4328 0.3902 -0.8127
vn -0.5678 0.4688 -0.6767
vn -0.4849 0.4009 -0.7773
vn 0.8360 -0.5331 0.1303
vn -0.5803 0.4723 0.6634
vn -0.4521 0.4019 0.7963
vn -0.4423 0.3636 0.8199
vn -0.2685 0.2309 0.9352
vn -0.3137 0.2595 0.9134
vn -0.2749 0.5090 0.8157
vn -0.4313 0.3667 0.8243
vn -0.5682 0.4640 0.6796
vn -0.4285 0.3668 -0.8257
vn -0.5653 0.4780 -0.6723
vn -0.5459 0.4518 -0.7056
vn -0.1012 0.1208 0.9875
vn -0.1687 0.1729 0.9704
vn 0.0934 -0.0795 0.9924
vn 0.5419 -0.4517 0.7087
vn 0.5827 -0.4854 0.6519
vn 0.7632 -0.5830 0.2786
vn 0.7996 -0.5549 -0.2296
vn 0.9393 0.1832 0.2902
vn 0.9018 -0.4322 0.0002
vn 0.9011 -0.4337 0.0007
vn 0.9623 0.2718 0.0019
vn -0.0996 0.1203 -0.9877
vn -0.4432 0.3634 -0.8194
vn -0.2658 0.2167 -0.9394
vn -0.2655 0.2172 -0.9393
vn -0.4424 0.3625 -0.8203
vn -0.2663 0.2170 -0.9392
vn -0.1557 0.2707 -0.9500
vn -0.0875 0.0607 -0.9943
vn -0.1284 0.3210 -0.9383
vn -0.0835 0.0567 -0.9949
vn -0.2229 0.1681 -0.9603
vn -0.3396 0.3002 -0.8914
vn -0.3161 0.2669 -0.9104
vn -0.1756 0.1664 -0.9703
vn 0.7343 -0.6125 -0.2925
vn 0.7066 -0.5951 -0.3829
vn 0.7026 -0.6006 -0.3817
vn 0.7065 -0.5953 -0.3827
vn 0.6353 -0.5365 -0.5555
vn 0.6311 -0.5415 -0.5554
vn 0.7023 -0.6003 -0.3827
vn 0.6237 -0.5513 -0.5541
vn 0.5232 -0.4698 -0.7110
vn 0.5353 -0.4622 -0.7070
vn 0.6311 -0.5414 -0.5556
vn 0.4822 -0.4348 -0.7605
vn 0.4126 -0.3792 -0.8283
vn 0.4906 -0.4251 -0.7607
vn -0.1540 0.1147 -0.9814
vn -0.2571 0.2166 -0.9418
vn -0.1172 0.1439 -0.9826
vn -0.1205 0.0886 -0.9887
vn 0.1486 -0.1259 -0.9808
vn 0.0739 -0.0642 -0.9952
vn 0.0743 -0.0646 -0.9951
vn 0.2935 -0.2523 -0.9221
vn 0.2662 -0.2164 -0.9393
vn 0.2776 -0.2314 -0.9324
vn 0.3047 -0.2671 -0.9142
vn 0.6389 -0.5316 -0.5561
vn 0.5939 -0.4944 -0.6347
vn 0.5942 -0.4947 -0.6342
vn 0.6559 -0.5440 -0.5234
vn 0.6072 -0.5053 -0.6132
vn 0.6780 -0.5553 -0.4816
vn -0.4270 0.3853 -0.8181
vn -0.4514 0.4025 -0.7964
vn -0.5836 0.4715 -0.6612
vn -0.2680 0.2298 -0.9356
vn -0.4312 0.3666 -0.8244
vn -0.2686 0.5051 -0.8202
vn -0.3112 0.2575 -0.9148
vn 0.2783 -0.8981 -0.3406
vn -0.0728 -0.9737 -0.2159
vn -0.0374 -0.9312 -0.3625
vn 0.5067 -0.6723 -0.5397
vn -0.0355 -0.0742 -0.9966
vn -0.6107 -0.4344 -0.6621
vn -0.2404 0.0354 -0.9700
vn -0.2667 -0.0171 -0.9636
vn -0.5706 -0.4691 -0.6740
vn -0.6687 -0.3808 -0.6386
vn -0.5473 -0.1110 -0.8295
vn -0.5435 -0.1255 -0.8300
vn -0.6688 -0.3807 -0.6385
vn -0.7239 -0.3379 -0.6015
vn -0.6085 0.2933 -0.7374
vn -0.4381 0.4217 -0.7939
vn 0.0238 0.0093 -0.9997
vn 0.1052 0.1261 -0.9864
vn 0.4873 -0.4063 -0.7730
vn 0.4266 -0.3560 -0.8314
vn 0.5423 -0.4519 -0.7083
vn 0.5427 -0.4521 -0.7079
vn 0.8167 -0.4512 -0.3597
vn 0.7434 -0.5814 -0.3306
vn -0.2657 0.2175 0.9392
vn -0.2645 0.2188 0.9393
vn -0.4282 0.3670 0.8258
vn 0.4435 -0.3631 0.8194
vn 0.4335 -0.3773 0.8183
vn 0.7208 -0.5508 0.4209
vn 0.4230 -0.3667 0.8286
vn 0.3096 -0.1937 0.9309
vn 0.6770 0.7276 0.1110
vn 0.5859 0.6115 0.5319
vn 0.5212 0.8079 0.2750
vn 0.8746 0.2785 0.3970
vn 0.7886 -0.0797 0.6097
vn 0.7149 0.6983 -0.0364
vn 0.7840 -0.0680 0.6170
vn 0.9660 0.0727 0.2482
vn 0.8109 -0.4702 0.3483
vn 0.9148 -0.3828 0.1291
vn 0.4387 -0.3685 -0.8196
vn 0.4394 -0.3677 -0.8196
vn -0.0008 0.0164 -0.9999
vn -0.0037 0.0207 -0.9998
vn -0.4256 0.3262 -0.8440
vn 0.0088 -0.0483 -0.9988
vn 0.6570 0.7505 -0.0706
vn 0.1135 0.0990 -0.9886
vn 0.5936 0.6122 -0.5223
vn 0.6401 0.0158 -0.7681
vn 0.7444 0.3201 -0.5860
vn 0.7850 -0.0758 -0.6148
vn 0.6570 0.0024 -0.7539
vn 0.9877 -0.1564 0.0083
vn 0.7705 -0.4390 -0.4622
vn 0.8847 -0.1820 0.4291
vn 0.9194 0.1199 -0.3745
vn 0.6731 0.7395 0.0005
vn 0.6627 0.7489 0.0014
vn -0.5634 0.4668 0.6817
vn -0.4342 0.3892 0.8124
vn -0.5087 0.3947 -0.7652
vn -0.5759 0.3072 -0.7576
vn -0.2437 0.2559 -0.9355
vn -0.1364 0.1923 -0.9718
vn -0.0368 0.0178 -0.9992
vn 0.0391 -0.1689 -0.9849
vn 0.2224 -0.3095 -0.9245
vn 0.0957 -0.2224 -0.9702
vn 0.2180 -0.2633 -0.9398
vn 0.3275 -0.2956 -0.8974
vn 0.4385 -0.3799 -0.8145
vn 0.2712 -0.3277 -0.9050
vn 0.4570 -0.4393 -0.7734
vn 0.5455 -0.5586 -0.6248
vn 0.5121 -0.5143 -0.6879
vn 0.7107 -0.5903 -0.3828
vn 0.7356 -0.6116 -0.2915
vn 0.7107 -0.5903 -0.3826
vn -0.7552 0.5016 -0.4219
vn 0.7732 -0.6342 -0.0000
vn -0.2956 0.3005 0.9068
vn -0.2099 0.4685 0.8582
vn -0.1811 0.1691 0.9688
vn -0.3107 0.5012 0.8076
vn -0.3265 0.3457 0.8797
vn -0.3999 0.3550 0.8450
vn -0.3034 0.2599 0.9167
vn -0.4281 0.3855 0.8174
vn -0.3193 0.2650 0.9098
vn 0.7177 0.6963 0.0063
vn 0.6760 0.7368 0.0068
vn 0.6528 0.7575 -0.0034
vn 0.6847 0.7278 0.0389
vn 0.6337 0.6114 -0.4740
vn -0.0656 0.0576 -0.9962
vn -0.2045 0.1790 -0.9624
vn -0.0575 0.0455 -0.9973
vn -0.1923 0.4403 -0.8770
vn 0.0635 -0.0049 -0.9980
vn -0.2066 0.4615 -0.8627
vn -0.2929 0.4405 -0.8486
vn -0.4762 0.3689 -0.7982
vn -0.1758 0.1656 0.9704
vn -0.3167 0.2716 0.9088
vn -0.3164 0.2692 0.9096
vn -0.0300 -0.0261 0.9992
vn -0.1550 0.5966 0.7874
vn 0.3550 -0.3977 0.8460
vn 0.0707 0.5491 0.8328
vn -0.3159 0.1450 0.9377
vn -0.8120 0.3573 0.4614
vn -0.7981 0.3367 0.4997
vn 0.2268 0.5413 0.8097
vn 0.5098 0.8598 -0.0303
vn 0.2058 0.5394 -0.8165
vn -0.3223 0.2491 0.9133
vn 0.5333 -0.3285 0.7795
vn 0.0694 0.2144 0.9743
vn 0.4184 -0.0244 0.9079
vn 0.0675 0.2012 0.9772
vn -0.5716 0.7109 0.4096
vn -0.7898 0.4953 0.3619
vn 0.0800 0.5903 -0.8032
vn -0.1228 0.8235 -0.5538
vn -0.3220 0.6176 -0.7175
vn -0.8004 0.3568 -0.4816
vn 0.0723 0.1730 0.9823
vn 0.3059 -0.4253 -0.8518
vn 0.3514 -0.9268 -0.1323
vn -0.2058 -0.9745 0.0890
vn -0.3643 -0.9312 -0.0077
vn -0.3347 -0.9175 0.2148
vn 0.5104 -0.3164 -0.7996
vn 0.0401 -0.2790 -0.9595
vn -0.0141 0.0338 0.9993
vn -0.3145 0.1421 -0.9386
vn -0.7935 0.3616 -0.4894
vn 0.5547 0.8295 -0.0649
vn -0.3313 0.2390 -0.9127
vn 0.0615 0.2026 -0.9773
vn 0.3926 -0.4848 -0.7815
vn 0.0680 0.2005 -0.9773
vn -0.7000 0.5669 -0.4343
vn 0.0729 0.1725 -0.9823
vn -0.2522 -0.9645 -0.0780
vn -0.3499 -0.9087 -0.2278
vn -0.0119 0.0027 -0.9999
vn 0.6562 -0.1096 0.7466
vn 0.8193 0.5400 0.1925
vn 0.6857 -0.1205 -0.7178
vn 0.5947 -0.4159 0.6880
vn 0.5753 -0.3917 -0.7181
vn -0.5667 0.3351 0.7527
vn -0.5595 0.3384 -0.7566
vn -0.7808 0.3864 -0.4909
vn -0.7881 0.3851 0.4803
vn 0.5484 -0.4200 0.7231
vn 0.5473 -0.4130 -0.7279
vn -0.7509 0.3217 0.5767
vn -0.7381 0.3407 -0.5824
vn -0.9886 -0.1450 0.0397
vn -0.3015 0.0678 -0.9510
vn -0.2517 0.0556 0.9662
vn -0.7837 0.6129 -0.1007
vn -0.7779 0.6258 0.0572
vn -0.7845 0.6159 0.0720
vn -0.7777 0.6248 -0.0697
vn -0.6393 -0.7689 0.0020
vn -0.6392 -0.7690 0.0007
vn -0.6390 -0.7692 -0.0007
vn -0.6389 -0.7693 -0.0016
vn -0.1044 0.1314 0.9858
vn -0.0736 0.2482 0.9659
vn -0.0987 0.4010 0.9107
vn -0.1044 0.1314 -0.9858
vn -0.0987 0.4010 -0.9107
vn -0.0736 0.2481 -0.9659
vn 0.7683 -0.6313 -0.1058
vn 0.8703 -0.4735 -0.1359
vn 0.7761 -0.6305 0.0112
vn 0.6690 -0.5455 0.5049
vn 0.6578 -0.5012 0.5622
vn 0.6804 -0.5590 0.4739
vn 0.6006 -0.4927 0.6297
vn 0.6727 -0.5119 0.5342
vn 0.6253 -0.5077 0.5926
vn 0.0403 -0.0202 0.9990
vn -0.0261 0.0579 0.9980
vn -0.0172 0.0191 0.9997
vn -0.1013 0.1485 0.9837
vn -0.0120 0.3434 0.9391
vn -0.1317 0.3748 0.9177
vn -0.1034 0.2251 0.9688
vn 0.0790 0.4113 0.9081
vn 0.0449 0.5608 0.8267
vn 0.7152 -0.5885 0.3770
vn 0.5460 -0.4485 0.7076
vn 0.5472 -0.4495 0.7061
vn 0.4904 -0.4025 0.7730
vn 0.4297 -0.3523 0.8314
vn 0.4296 -0.3522 0.8315
vn 0.3648 -0.2986 0.8819
vn 0.2965 -0.2421 0.9238
vn 0.2964 -0.2420 0.9239
vn 0.2252 -0.1831 0.9569
vn 0.1519 -0.1225 0.9808
vn 0.7575 -0.6235 0.1932
vn 0.7389 -0.6081 0.2902
vn 0.7144 -0.5879 0.3794
vn 0.7544 -0.5921 -0.2835
vn 0.6723 -0.5450 -0.5010
vn 0.6833 -0.5624 -0.4656
vn 0.6597 -0.4985 -0.5623
vn 0.5755 -0.4804 -0.6618
vn 0.5565 -0.4636 -0.6895
vn 0.6218 -0.3875 -0.6805
vn 0.7332 -0.4652 -0.4960
vn 0.5103 -0.3669 -0.7778
vn 0.2821 -0.2235 -0.9330
vn 0.0821 -0.0641 -0.9946
vn 0.1950 -0.0414 -0.9799
vn 0.0359 -0.0070 -0.9993
vn 0.3807 0.8718 0.3081
vn 0.7224 -0.1194 -0.6810
vn 0.8004 -0.1861 -0.5698
vn 0.2841 0.2411 -0.9280
vn 0.4134 0.1360 -0.9003
vn -0.0889 0.1401 -0.9861
vn -0.0165 0.3470 -0.9377
vn -0.1317 0.3748 -0.9177
vn 0.0160 0.5583 -0.8295
vn 0.0790 0.4113 -0.9081
vn -0.1033 0.2251 -0.9688
vn 0.7202 -0.5928 -0.3604
vn 0.7143 -0.5913 -0.3743
vn 0.6407 -0.5327 -0.5530
vn 0.6170 -0.5128 -0.5970
vn 0.4296 -0.3522 -0.8315
vn 0.2965 -0.2421 -0.9238
vn 0.3648 -0.2986 -0.8819
vn 0.2745 -0.2239 -0.9351
vn 0.7629 -0.6280 0.1535
vn -0.0214 0.0205 0.9996
vn -0.0324 0.0309 -0.9990
vn -0.7193 -0.5771 -0.3868
vn -0.5016 -0.8486 -0.1681
vn -0.7160 -0.0592 -0.6956
vn -0.3154 0.2511 -0.9151
vn -0.2696 0.2032 -0.9413
vn -0.2324 0.1967 -0.9525
vn -0.3019 0.2330 -0.9244
vn -0.3145 0.1325 0.9400
vn -0.2337 0.0778 0.9692
vn -0.2347 0.0791 0.9688
vn -0.3005 0.1256 0.9455
vn -0.8814 -0.2074 0.4244
vn -0.6457 0.2243 0.7299
vn -0.7455 0.3027 0.5938
vn -0.7575 0.6525 0.0200
vn -0.9941 0.0608 0.0900
vn -0.8244 0.5624 -0.0631
vn -0.0866 0.9962 0.0067
vn -0.9191 0.3761 -0.1180
vn 0.1971 0.9565 -0.2152
vn -0.6880 0.7256 0.0128
vn -0.7135 0.5325 -0.4553
vn -0.6077 -0.5814 0.5410
vn 0.3503 0.9305 -0.1072
vn 0.2892 0.9525 -0.0951
vn -0.1292 0.9916 -0.0046
vn -0.1625 0.9867 0.0029
vn -0.2789 0.2350 -0.9311
vn -0.0334 0.0267 -0.9991
vn -0.7549 0.6159 -0.2252
vn 0.6202 -0.5126 -0.5938
vn 0.7011 -0.5793 -0.4157
vn -0.0344 0.0339 0.9988
vn -0.3142 0.2529 0.9150
vn 0.5590 -0.4675 0.6848
vn 0.6929 -0.5694 0.4424
vn -0.7468 0.6260 0.2247
vn 0.5314 -0.4396 -0.7241
vn 0.6262 -0.4036 -0.6671
vn -0.3801 0.5981 -0.7056
vn -0.5558 0.4597 -0.6926
vn -0.5595 0.4622 0.6880
vn 0.5323 -0.4407 0.7228
vn 0.6063 -0.5040 0.6152
vn -0.3495 0.5955 0.7234
vn 0.6343 -0.3017 0.7118
vn 0.5217 -0.3143 0.7931
vn 0.5596 -0.3496 -0.7514
vn 0.6228 -0.3885 -0.6791
vn -0.3208 0.6412 0.6971
vn -0.4260 0.6135 0.6649
vn -0.4249 0.6306 -0.6495
vn -0.3307 0.7090 -0.6229
vn -0.6639 0.5371 -0.5204
vn 0.3108 -0.6840 0.6600
vn 0.2601 -0.7344 -0.6269
vn -0.7094 0.2493 0.6592
vn -0.5058 -0.0433 -0.8616
vn -0.8389 0.3957 -0.3738
vn -0.9750 -0.2219 0.0114
vn -0.7037 -0.7105 0.0025
vn -0.7641 0.6434 -0.0469
vn -0.6240 0.5299 -0.5744
vn -0.7230 0.6146 -0.3155
vn 0.0010 -0.0125 -0.9999
vn -0.0530 0.0399 -0.9978
vn 0.0625 -0.0134 -0.9980
vn -0.7779 0.6284 0.0097
vn -0.7787 0.6274 0.0057
vn -0.8654 0.2973 0.4035
vn 0.0117 -0.0223 -0.9997
vn -0.8662 0.2497 -0.4329
vn 0.0048 -0.0111 0.9999
vn 0.0526 -0.0326 0.9981
vn 0.0063 -0.0094 0.9999
vn -0.4980 0.4020 -0.7684
vn -0.6311 -0.0206 -0.7755
vn -0.5988 0.0817 0.7968
vn -0.4979 0.4020 0.7684
vn -0.6264 0.0973 0.7734
vn -0.5504 -0.4541 0.7006
vn -0.7195 -0.6924 0.0533
vn -0.6328 -0.7743 -0.0049
vn 0.0071 -0.0138 -0.9999
vn -0.4907 0.3980 0.7751
vn -0.4908 0.3979 -0.7751
vn 0.0068 -0.0135 0.9999
vn 0.3761 0.8790 0.2930
vn 0.3485 0.3573 -0.8665
vn 0.1443 0.9405 -0.3075
vn -0.0262 0.2847 -0.9583
vn 0.0125 -0.0006 -0.9999
vn -0.1874 0.1637 -0.9686
vn -0.3312 0.2843 0.8997
vn -0.1778 0.1635 0.9704
vn -0.0756 0.3796 0.9220
vn -0.4621 0.7271 0.5078
vn 0.2669 0.2367 0.9342
vn -0.8195 -0.5731 -0.0053
vn -0.5194 -0.8381 -0.1666
vn -0.5188 -0.8387 0.1657
vn -0.8126 -0.5823 -0.0245
vn -0.5786 0.5201 0.6283
vn -0.6228 0.5891 -0.5149
vn -0.4550 0.6858 -0.5680
vn -0.3422 0.2935 -0.8926
vn -0.0214 0.0361 0.9991
vn -0.2822 -0.9594 0.0001
vn -0.2805 -0.9599 -0.0000
vn -0.5942 -0.6836 -0.4239
vn -0.5927 -0.6837 0.4257
vn -0.9617 0.2740 -0.0032
vn -0.9621 0.2726 -0.0020
vn 0.7317 0.6420 -0.2292
vn 0.4470 0.8018 -0.3967
vn 0.6079 0.7940 -0.0000
vn 0.7315 0.6095 0.3057
vn -0.1168 0.9596 -0.2561
vn -0.4480 0.8287 -0.3356
vn -0.2132 0.9239 -0.3178
vn 0.3814 0.8978 -0.2203
vn -0.9485 -0.0005 -0.3169
vn -0.9329 -0.3117 -0.1805
vn -0.9411 -0.2181 -0.2583
vn -0.4689 -0.8372 0.2814
vn -0.7239 0.5179 -0.4557
vn -0.7701 0.3190 -0.5524
vn -0.7406 -0.6567 -0.1423
vn -0.3850 0.8227 -0.4183
vn -0.8867 0.2181 -0.4077
vn -0.8725 0.2312 -0.4305
vn -0.3752 -0.8940 -0.2449
vn -0.9379 0.0311 -0.3456
vn 0.6182 0.6970 -0.3633
vn 0.6602 0.6092 -0.4392
vn -0.3400 -0.9055 -0.2539
vn 0.8222 0.5693 -0.0036
vn 0.9215 0.3873 0.0274
vn 0.9262 -0.3768 -0.0159
vn 0.7848 -0.6172 0.0567
vn 0.3406 -0.9395 -0.0374
vn -0.7590 -0.6505 0.0269
vn -0.7966 -0.6023 -0.0517
vn -0.9999 0.0001 0.0100
vn -0.4907 0.8713 -0.0034
vn -0.4468 0.8946 0.0022
vn -0.4890 0.8723 -0.0032
vn -0.3734 0.9277 0.0026
vn 0.1207 -0.8707 -0.4768
vn 0.0928 -0.8686 -0.4867
vn 0.1517 -0.8970 -0.4152
vn 0.0817 -0.8383 -0.5391
vn 0.4097 -0.8461 -0.3410
vn 0.8691 -0.4815 -0.1133
vn 0.9816 -0.1565 -0.1094
vn 0.8843 -0.4281 -0.1866
vn -0.4193 -0.8167 -0.3965
vn -0.0888 -0.9037 -0.4189
vn -0.1601 -0.9043 -0.3958
vn -0.8403 -0.4689 -0.2720
vn -0.0474 -0.8977 -0.4380
vn 0.9909 -0.0855 -0.1036
vn -0.9325 -0.1751 -0.3160
vn -0.9317 -0.1552 -0.3285
vn -0.8364 -0.4950 -0.2353
vn -0.2343 -0.9719 -0.0215
vn -0.0022 -0.9446 -0.3281
vn -0.7168 -0.4211 -0.5558
vn -0.7232 -0.4864 -0.4902
vn -0.7068 -0.5348 -0.4631
vn -0.6945 -0.4892 -0.5276
vn -0.8569 -0.5097 -0.0774
vn -0.8777 -0.1063 -0.4673
vn -0.6987 0.6359 -0.3278
vn 0.6592 -0.7246 -0.2012
vn -0.8606 -0.4263 -0.2787
vn -0.8893 -0.0786 -0.4504
vn 0.7087 -0.6735 -0.2103
vn -0.7274 0.6560 -0.2011
vn -0.3606 0.9164 -0.1735
vn -0.2446 0.9550 -0.1681
vn 0.9634 0.2678 -0.0149
vn 0.7085 0.7057 0.0026
vn 0.8383 -0.5450 0.0180
vn 0.7066 -0.7001 -0.1027
vn -0.9968 -0.0793 0.0140
vn -0.8216 -0.5692 -0.0303
vn -0.8182 0.5749 0.0001
vn -0.7705 0.6374 -0.0000
vn 0.6837 0.6663 -0.2975
vn 0.6547 0.7120 -0.2538
vn 0.6459 0.7255 -0.2377
vn 0.8224 0.5539 -0.1294
vn 0.7793 0.6070 -0.1555
vn 0.6893 0.7220 -0.0595
vn 0.8034 0.5947 0.0307
vn 0.8510 0.5251 0.0023
vn 0.7884 0.6139 0.0390
vn 0.8187 0.5597 0.1284
vn 0.7948 0.6021 0.0756
vn 0.7851 0.6164 0.0600
vn 0.7252 0.6559 0.2092
vn 0.7698 0.5891 0.2456
vn 0.7111 0.6744 0.1986
vn 0.6782 0.6695 0.3030
vn 0.6944 0.6808 0.2331
vn 0.6970 0.6855 0.2105
vn 0.4369 0.8552 0.2790
vn 0.5014 0.8237 0.2647
vn 0.5730 0.8123 0.1087
vn 0.3932 0.9164 0.0743
vn 0.3223 0.9355 0.1444
vn 0.4102 0.9101 0.0582
vn 0.3337 0.9427 -0.0048
vn 0.3881 0.9213 0.0255
vn 0.4063 0.9131 0.0331
vn 0.3251 0.9436 -0.0622
vn 0.3651 0.9310 -0.0034
vn 0.5208 0.8537 -0.0046
vn 0.6190 0.7392 -0.2655
vn 0.5806 0.7367 -0.3467
vn 0.6293 0.7386 -0.2418
vn 0.5849 0.7282 -0.3572
vn 0.5125 0.7789 -0.3613
vn 0.5371 0.7673 -0.3503
vn 0.5696 0.7484 -0.3398
vn 0.5300 0.7713 -0.3525
vn 0.4582 0.8216 -0.3392
vn 0.4841 0.8089 -0.3337
vn 0.5176 0.7892 -0.3306
vn 0.4631 0.8219 -0.3316
vn 0.3631 0.8791 -0.3088
vn 0.3627 0.8796 -0.3077
vn 0.4570 0.8362 -0.3033
vn 0.3383 0.9154 -0.2181
vn 0.3574 0.9047 -0.2319
vn 0.3469 0.9146 -0.2075
vn 0.3034 0.9431 -0.1361
vn 0.3262 0.9329 -0.1525
vn 0.3512 0.9192 -0.1779
vn 0.3191 0.9363 -0.1466
vn 0.2879 0.9553 -0.0664
vn 0.3079 0.9474 -0.0875
vn 0.3278 0.9373 -0.1179
vn 0.2966 0.9508 -0.0897
vn 0.2306 0.9730 -0.0000
vn 0.3037 0.9522 -0.0320
vn 0.3142 0.9375 0.1495
vn 0.3355 0.9185 0.2095
vn 0.3378 0.9238 0.1799
vn 0.3372 0.9218 0.1911
vn 0.3723 0.8896 0.2644
vn 0.3709 0.8985 0.2347
vn 0.3613 0.9104 0.2016
vn 0.3711 0.8952 0.2468
vn 0.4169 0.8547 0.3093
vn 0.4109 0.8672 0.2812
vn 0.3964 0.8828 0.2520
vn 0.4027 0.8671 0.2932
vn 0.4343 0.8134 0.3870
vn 0.4625 0.8264 0.3212
vn 0.5221 0.7723 0.3618
vn 0.5087 0.7912 0.3394
vn 0.4877 0.8146 0.3141
vn 0.5149 0.7827 0.3495
vn 0.5746 0.7335 0.3632
vn 0.5743 0.7341 0.3623
vn 0.5384 0.7713 0.3396
vn 0.6349 0.6839 0.3594
vn 0.6163 0.7059 0.3492
vn 0.6238 0.6970 0.3538
vn 0.6889 0.6415 0.3375
vn 0.6690 0.6649 0.3321
vn 0.6425 0.6897 0.3338
vn 0.6610 0.6682 0.3415
vn 0.7948 0.5579 0.2389
vn 0.7703 0.5821 0.2603
vn 0.8171 0.5409 0.1997
vn 0.7991 0.5627 0.2116
vn 0.7778 0.5838 0.2327
vn 0.8064 0.5539 0.2072
vn 0.8432 0.5203 0.1356
vn 0.8274 0.5404 0.1526
vn 0.8096 0.5590 0.1790
vn 0.8258 0.5392 0.1651
vn 0.8634 0.5037 -0.0298
vn 0.8579 0.5137 0.0100
vn 0.8574 0.5089 -0.0774
vn 0.8523 0.5206 -0.0501
vn 0.8486 0.5289 -0.0135
vn 0.8540 0.5169 -0.0598
vn 0.8401 0.5223 -0.1463
vn 0.8394 0.5306 -0.1174
vn 0.8411 0.5349 -0.0798
vn 0.8449 0.5209 -0.1216
vn 0.8344 0.4996 -0.2326
vn 0.8134 0.5516 -0.1847
vn 0.7759 0.5725 -0.2649
vn 0.7838 0.5746 -0.2354
vn 0.7952 0.5744 -0.1941
vn 0.7799 0.5758 -0.2456
vn 0.7343 0.6082 -0.3016
vn 0.7341 0.6089 -0.3005
vn 0.7608 0.5983 -0.2517
vn 0.6807 0.6471 -0.3434
vn 0.6970 0.6415 -0.3205
vn 0.7064 0.6336 -0.3155
vn 0.5500 0.7491 -0.3693
vn -0.0557 0.0553 0.9969
vn 0.2738 -0.2153 0.9374
vn 0.2118 -0.1562 0.9647
vn -0.0728 0.0906 0.9932
vn 0.5094 -0.3995 0.7622
vn 0.5034 -0.3849 0.7736
vn 0.6060 -0.4846 0.6308
vn 0.7595 -0.5981 0.2558
vn 0.7459 -0.5828 0.3225
vn 0.6021 -0.4723 0.6438
vn 0.7821 -0.6135 -0.1096
vn 0.7875 -0.6084 -0.0986
vn 0.7810 -0.6028 -0.1631
vn 0.7481 -0.5713 -0.3376
vn 0.7338 -0.5701 -0.3694
vn 0.7717 -0.6051 -0.1957
vn 0.5922 -0.4739 -0.6517
vn 0.3737 -0.2989 -0.8781
vn 0.4165 -0.3270 -0.8483
vn 0.6010 -0.4716 -0.6453
vn 0.0707 -0.0554 -0.9960
vn 0.0815 -0.0539 -0.9952
vn 0.0023 -0.0018 -1.0000
vn -0.1512 0.1185 -0.9814
vn -0.1557 0.1221 -0.9802
vn -0.0024 0.0019 -1.0000
vn -0.2850 0.2119 -0.9348
vn -0.6482 0.5068 -0.5684
vn -0.6019 0.4767 -0.6407
vn -0.2752 0.2159 -0.9368
vn -0.7832 0.5969 -0.1741
vn -0.7747 0.6049 -0.1842
vn -0.7580 0.5875 0.2834
vn -0.6399 0.4993 0.5841
vn -0.6993 0.5763 0.4229
vn -0.5255 0.3795 0.7615
vn -0.3728 0.2697 0.8879
vn -0.2304 0.2143 0.9492
vn -0.1089 0.0541 0.9926
vn -0.0610 -0.0179 0.9980
vn -0.0384 -0.0066 0.9992
vn 0.0103 -0.0788 0.9968
vn 0.1956 -0.2880 0.9374
vn 0.3975 -0.2501 0.8829
vn 0.2800 -0.3344 0.8999
vn 0.4751 -0.2922 0.8300
vn 0.5616 -0.5746 0.5954
vn 0.7684 -0.4528 0.4523
vn 0.6229 -0.5937 0.5094
vn 0.8149 -0.4617 0.3503
vn 0.8072 -0.5675 -0.1627
vn 0.7766 -0.6053 -0.1744
vn 0.7790 -0.6026 -0.1735
vn 0.8094 -0.5646 -0.1618
vn 0.4786 -0.5877 -0.6523
vn 0.5530 -0.2591 -0.7919
vn 0.4369 -0.5154 -0.7372
vn 0.4922 -0.1731 -0.8531
vn 0.3115 -0.2523 -0.9161
vn 0.1404 -0.1416 -0.9799
vn 0.1451 -0.1372 -0.9799
vn 0.3163 -0.2480 -0.9157
vn 0.0831 -0.0964 -0.9919
vn 0.0193 0.0362 -0.9992
vn 0.0061 -0.0238 -0.9997
vn -0.0581 0.1091 -0.9923
vn -0.1513 0.1186 -0.9813
vn -0.2990 0.2345 -0.9250
vn -0.3031 0.2377 -0.9228
vn -0.1558 0.1222 -0.9802
vn -0.2904 0.2196 -0.9314
vn -0.4511 0.3217 -0.8325
vn -0.4458 0.3259 -0.8337
vn -0.2856 0.2238 -0.9318
vn -0.4981 0.3589 -0.7893
vn -0.5667 0.3798 -0.7312
vn -0.5597 0.4020 -0.7246
vn -0.6229 0.4198 -0.6601
vn -0.7678 0.4715 -0.4337
vn -0.6646 0.6992 -0.2634
vn -0.7882 0.5182 -0.3320
vn -0.6648 0.7308 -0.1548
vn -0.7905 0.6123 -0.0167
vn -0.7864 0.5859 0.1959
vn -0.7839 0.5916 0.1882
vn -0.7868 0.6168 -0.0232
vn -0.6627 0.5746 0.4803
vn -0.4379 0.3671 0.8207
vn -0.6078 0.4321 0.6662
vn -0.6562 0.5847 0.4770
vn -0.2331 0.1518 0.9605
vn -0.2352 0.1675 0.9574
vn 0.4457 0.7822 0.4353
vn 0.5846 0.6732 0.4528
vn 0.4441 0.6627 0.6030
vn 0.6293 0.5177 0.5796
vn 0.7183 0.5682 0.4014
vn 0.7933 0.3893 0.4681
vn 0.2659 0.8022 0.5346
vn 0.3226 0.8788 0.3516
vn 0.1218 0.9150 0.3847
vn 0.2342 0.9483 0.2143
vn 0.0339 0.9838 0.1760
vn 0.1938 0.9800 0.0446
vn 0.0157 0.9981 -0.0594
vn 0.2074 0.9693 -0.1320
vn 0.0697 0.9557 -0.2858
vn 0.2731 0.9177 -0.2884
vn 0.1881 0.8632 -0.4686
vn 0.3809 0.8331 -0.4011
vn 0.3524 0.7346 -0.5798
vn 0.5145 0.7283 -0.4527
vn 0.5377 0.5896 -0.6028
vn 0.6535 0.6192 -0.4354
vn 0.7137 0.4463 -0.5399
vn 0.7795 0.4863 -0.3948
vn 0.8444 0.3762 -0.3814
vn 0.8894 0.3934 -0.2326
vn 0.8903 0.3935 -0.2293
vn 0.9276 0.3710 -0.0445
vn 0.9493 0.2560 -0.1825
vn 0.9668 0.2480 0.0619
vn 0.8922 0.4318 0.1322
vn 0.9112 0.2971 0.2853
vn 0.8263 0.4835 0.2888
vn -0.6374 -0.7705 -0.0000
vn 0.6374 0.7706 -0.0000
vn 0.6374 0.7705 -0.0000
vn 0.0045 -0.0041 1.0000
vn 0.0078 -0.0069 0.9999
vn 0.0063 -0.0059 1.0000
vn -0.0530 0.0368 -0.9979
vn 0.1495 0.2621 -0.9534
vn -0.2648 -0.2416 -0.9335
vn -0.1072 0.1316 -0.9855
vn -0.3148 0.1095 -0.9428
vn -0.8148 -0.5344 -0.2249
vn -0.4659 -0.6247 0.6266
vn -0.7401 -0.1764 -0.6489
vn -0.2252 -0.9722 -0.0644
vn -0.3495 -0.6480 0.6767
vn -0.3604 -0.1375 0.9226
vn -0.7207 0.0582 0.6908
vn -0.9992 0.0232 -0.0323
vn -0.8705 -0.4547 -0.1881
vn -0.4551 -0.7549 -0.4722
vn -0.8322 0.4454 -0.3303
vn -0.5760 0.3618 -0.7330
vn -0.6835 -0.1788 -0.7077
vn -0.8285 0.5176 0.2135
vn -0.7215 0.6694 -0.1769
vn -0.6638 0.6886 0.2920
vn -0.5913 0.6489 -0.4789
vn -0.4740 0.2540 0.8431
vn -0.9308 0.3559 0.0835
vn -0.4469 0.1375 0.8839
vn -0.2494 0.1481 0.9570
vn -0.1243 0.0544 0.9908
vn -0.3484 -0.1679 0.9222
vn -0.2469 0.2629 0.9327
vn 0.5040 0.7023 0.5028
vn 0.3692 0.8730 0.3188
vn -0.0412 0.4095 0.9114
vn 0.3520 0.9339 -0.0626
vn 0.8329 -0.0778 -0.5480
vn 0.5511 0.1875 -0.8131
vn 0.1694 0.9400 0.2963
vn -0.0471 0.5921 -0.8045
vn 0.1577 0.2929 0.9430
vn 0.3060 -0.2371 -0.9220
vn 0.0606 0.9632 0.2617
vn 0.1313 0.9344 0.3312
vn 0.0463 0.9669 0.2511
vn -0.2371 0.7166 0.6560
vn 0.4449 0.8846 0.1395
vn 0.3988 0.8994 0.1789
vn 0.1317 0.8421 0.5229
vn 0.2420 0.9676 0.0714
vn 0.1543 0.8832 0.4430
vn 0.2070 0.8932 -0.3991
vn -0.0181 0.9802 -0.1971
vn 0.2001 0.8383 -0.5072
vn 0.4133 0.9032 -0.1155
vn 0.4557 0.8879 -0.0628
vn 0.6972 0.5778 -0.4244
vn -0.2429 0.6593 0.7115
vn -0.2444 0.6137 0.7507
vn -0.1502 0.9323 0.3289
vn -0.5353 0.8412 -0.0770
vn -0.3681 0.5803 0.7265
vn -0.2366 0.7214 0.6508
vn -0.2339 0.6562 0.7174
vn -0.7540 0.6162 0.2276
vn -0.3693 0.9086 0.1951
vn 0.2038 0.9365 0.2853
vn -0.1830 0.9802 0.0760
vn 0.4530 0.8914 0.0149
vn 0.4728 0.8811 0.0117
vn 0.4547 0.8855 -0.0959
vn 0.3914 0.9100 -0.1370
vn 0.4115 0.8953 -0.1705
vn 0.3898 0.9034 -0.1783
vn -0.7598 0.6085 -0.2288
vn -0.1693 0.9211 -0.3506
vn -0.5313 0.8429 0.0851
vn -0.2248 0.6521 -0.7241
vn -0.3953 0.5566 -0.7307
vn -0.2205 0.6571 -0.7209
vn -0.2089 0.6411 -0.7385
vn 0.0983 0.9872 0.1259
vn 0.0715 0.9623 0.2626
vn 0.5137 0.8533 0.0895
vn 0.4450 0.8846 0.1394
vn -0.3718 0.4031 0.8362
vn -0.4531 0.1288 0.8821
vn -0.4754 0.4482 0.7570
vn -0.4691 0.3390 0.8155
vn -0.4881 0.4566 0.7438
vn -0.5388 0.5521 0.6363
vn -0.5227 0.4895 0.6980
vn -0.5023 0.4522 0.7370
vn -0.3597 0.3382 0.8696
vn -0.0015 0.6870 0.7266
vn -0.1873 0.0071 0.9823
vn 0.0003 0.2028 0.9792
vn -0.7070 0.1423 0.6927
vn -0.0729 0.1891 0.9792
vn 0.1175 0.5059 0.8546
vn 0.4964 0.3620 0.7890
vn -0.3806 0.4054 0.8311
vn -0.0077 0.1510 0.9885
vn -0.1211 0.2197 0.9680
vn -0.1468 0.2717 0.9511
vn -0.1367 0.2495 0.9587
vn -0.3658 0.3724 0.8529
vn -0.2046 0.1108 0.9726
vn 0.5564 0.1466 0.8179
vn -0.6282 0.0141 -0.7779
vn -0.5052 0.4063 -0.7614
vn -0.1627 0.0964 -0.9820
vn -0.9337 0.3581 0.0002
vn -0.5665 0.4324 0.7015
vn 0.0257 -0.0217 -0.9994
vn -0.4874 0.6224 0.6124
vn 0.0210 -0.0315 0.9993
vn -0.5090 0.6055 -0.6118
vn -0.5053 0.8626 0.0227
vn -0.0386 0.5014 -0.8643
vn 0.0065 -0.1183 -0.9930
vn -0.2858 0.6072 -0.7414
vn -0.2004 0.6371 0.7443
vn -0.4544 0.8908 0.0001
vn 0.1687 0.9857 -0.0005
vn 0.1738 0.9848 -0.0051
vn 0.2908 0.9558 0.0447
vn 0.0966 0.9952 -0.0152
vn -0.0726 0.9974 -0.0003
vn -0.0714 0.9974 -0.0000
vn 0.1635 0.4409 0.8826
vn -0.0165 0.6579 0.7530
vn -0.0022 -0.1009 0.9949
vn -0.0040 -0.0116 0.9999
vn -0.2459 -0.0758 0.9663
vn -0.0230 -0.4280 0.9035
vn -0.0359 -0.4359 0.8993
vn -0.0150 -0.0255 0.9996
vn -0.5109 0.1944 0.8374
vn -0.7140 0.0071 0.7001
vn -0.8058 0.4597 0.3732
vn -0.6116 0.3541 0.7075
vn -0.5306 0.6688 0.5208
vn -0.4325 0.5105 0.7432
vn -0.1980 0.8480 0.4917
vn -0.1390 0.7314 0.6677
vn -0.5143 0.7313 -0.4480
vn -0.2962 0.8625 -0.4104
vn -0.3820 0.9226 0.0542
vn -0.7363 0.4102 -0.5381
vn -0.6601 0.3917 -0.6409
vn -0.5691 0.3331 -0.7518
vn -0.5572 0.4751 -0.6810
vn -0.1425 0.7381 -0.6595
vn -0.4339 0.5880 -0.6826
vn -0.2600 0.6955 -0.6698
vn -0.6496 0.7596 -0.0311
vn -0.4160 0.5847 0.6964
vn -0.3019 0.8664 0.3978
vn -0.5107 0.4726 -0.7182
vn -0.6771 0.6261 -0.3867
vn -0.3809 0.4056 -0.8309
vn 0.1823 0.4979 -0.8479
vn -0.7689 0.6394 -0.0002
vn -0.6779 0.6195 0.3958
vn -0.5107 0.4726 0.7182
vn -0.2608 0.6932 0.6719
vn 0.6484 0.2748 -0.7100
vn 0.0206 0.1936 -0.9809
vn 0.9815 -0.1904 0.0191
vn 0.9985 -0.0535 -0.0133
vn 0.8089 -0.5877 -0.0151
vn 0.7975 -0.6032 0.0133
vn 0.4212 -0.9069 0.0080
vn 0.3683 -0.9288 0.0402
vn -0.2461 -0.9692 -0.0032
vn -0.1119 -0.9933 -0.0271
vn -0.4898 -0.8696 0.0629
vn -0.3213 -0.9459 -0.0445
vn -0.5571 -0.1233 -0.8212
vn -0.7907 -0.1730 0.5873
vn 0.8915 -0.4382 0.1155
vn 0.4215 -0.0183 -0.9066
vn 0.6226 -0.3199 -0.7142
vn 0.3249 -0.5698 -0.7548
vn 0.1579 -0.4223 -0.8926
vn -0.0248 -0.4274 -0.9037
vn -0.0018 -0.0134 -0.9999
vn -0.0775 -0.2005 -0.9766
vn -0.0150 -0.0255 -0.9996
vn -0.0559 -0.4300 -0.9011
vn -0.7190 -0.0158 -0.6949
vn -0.5252 0.2052 -0.8259
vn 0.1634 0.4361 -0.8849
vn -0.9085 -0.4110 0.0758
vn -0.0077 0.1510 -0.9885
vn -0.1468 0.2717 -0.9511
vn -0.1211 0.2197 -0.9680
vn -0.1367 0.2495 -0.9587
vn -0.3658 0.3724 -0.8529
vn -0.7692 0.6390 -0.0000
vn 0.1602 -0.4238 0.8915
vn 0.3249 -0.5698 0.7548
vn 0.6226 -0.3199 0.7142
vn 0.8923 -0.4369 -0.1134
vn -0.8385 0.5448 -0.0081
vn -0.7117 0.7025 -0.0053
vn -0.7264 0.6873 -0.0056
vn -0.7051 0.7091 -0.0048
vn -0.7182 0.6958 -0.0000
vn -0.0017 0.6871 0.7266
vn 0.1053 0.2446 0.9639
vn -0.1874 0.0072 0.9823
vn 0.0335 -0.0470 0.9983
vn -0.4290 0.3173 0.8457
vn 0.2130 -0.1859 0.9592
vn -0.5890 0.5262 0.6133
vn -0.3878 0.5642 0.7289
vn -0.4361 0.6683 0.6027
vn -0.4360 0.6683 0.6027
vn -0.3135 0.6985 0.6433
vn -0.2892 0.5992 0.7465
vn -0.3877 0.5642 0.7289
vn -0.3134 0.6986 0.6432
vn -0.1945 0.6538 0.7312
vn -0.2890 0.5992 0.7466
vn -0.2117 0.7320 0.6476
vn -0.0946 0.6636 0.7421
vn -0.1944 0.6538 0.7312
vn -0.0877 0.7193 0.6891
vn -0.0640 0.6477 0.7592
vn -0.0945 0.6636 0.7421
vn -0.0765 0.6986 0.7114
vn -0.3427 0.6577 0.6708
vn -0.4394 0.6439 0.6264
vn -0.3278 0.6232 0.7100
vn -0.2433 0.9581 0.1511
vn -0.4460 0.6082 0.6566
vn -0.6256 0.6400 0.4461
vn -0.3797 0.8299 -0.4087
vn -0.5464 0.3987 0.7365
vn -0.5373 0.3879 0.7489
vn -0.4387 0.3787 0.8149
vn -0.3541 -0.1066 0.9291
vn -0.4324 0.1893 0.8816
vn -0.2903 0.0577 0.9552
vn -0.4531 0.1288 -0.8821
vn -0.4754 0.4481 -0.7571
vn -0.4691 0.3390 -0.8155
vn -0.3721 0.4029 -0.8362
vn -0.5388 0.5521 -0.6364
vn -0.4882 0.4565 -0.7438
vn -0.5227 0.4895 -0.6980
vn -0.5023 0.4522 -0.7370
vn -0.3597 0.3382 -0.8696
vn -0.0015 0.6870 -0.7267
vn -0.1873 0.0071 -0.9823
vn -0.0017 0.6871 -0.7266
vn -0.1874 0.0072 -0.9823
vn 0.1054 0.2446 -0.9639
vn 0.0335 -0.0470 -0.9983
vn -0.4290 0.3173 -0.8457
vn -0.5890 0.5262 -0.6133
vn 0.2130 -0.1859 -0.9592
vn -0.3878 0.5642 -0.7289
vn -0.4361 0.6683 -0.6027
vn -0.4360 0.6683 -0.6027
vn -0.2892 0.5992 -0.7465
vn -0.3135 0.6985 -0.6432
vn -0.3877 0.5642 -0.7289
vn -0.3134 0.6986 -0.6432
vn -0.1945 0.6538 -0.7312
vn -0.2117 0.7320 -0.6476
vn -0.2890 0.5992 -0.7466
vn -0.0946 0.6636 -0.7421
vn -0.0877 0.7193 -0.6891
vn -0.1944 0.6538 -0.7312
vn -0.0640 0.6477 -0.7592
vn -0.0765 0.6986 -0.7114
vn -0.0945 0.6636 -0.7421
vn -0.3427 0.6577 -0.6708
vn -0.3278 0.6233 -0.7100
vn -0.4394 0.6438 -0.6264
vn -0.4457 0.6077 -0.6573
vn -0.2433 0.9581 -0.1511
vn -0.6256 0.6400 -0.4461
vn -0.3797 0.8300 0.4086
vn -0.5464 0.3987 -0.7365
vn -0.4388 0.3787 -0.8149
vn -0.5373 0.3879 -0.7489
vn -0.3535 -0.1066 -0.9293
vn -0.2903 0.0577 -0.9552
vn -0.4324 0.1893 -0.8816
vn 0.4052 -0.9142 0.0010
vn 0.4042 -0.9147 0.0018
vn 0.4228 -0.9062 0.0003
vn 0.4226 -0.9063 -0.0001
vn 0.9962 -0.0868 -0.0000
vn 0.5677 0.7375 0.3657
vn 0.5683 0.7371 -0.3656
vn 0.9962 -0.0870 -0.0000
vn -0.0893 0.9872 -0.1322
vn -0.6429 0.7492 0.1595
vn -0.3139 0.9295 -0.1934
vn -0.1434 0.9893 -0.0276
vn -0.7665 0.6406 0.0469
vn -0.7719 0.6355 -0.0156
vn 0.6885 -0.7253 0.0032
vn 0.7730 -0.6337 -0.0317
vn 0.7737 -0.6330 -0.0241
vn 0.5657 -0.8215 -0.0718
vn 0.3334 -0.9415 -0.0488
vn 0.0251 -0.9986 0.0475
vn 0.0866 -0.9953 -0.0440
vn -0.3377 0.2681 0.9023
vn -0.3007 0.2515 0.9200
vn -0.3148 0.2732 0.9090
vn -0.3181 0.1551 0.9353
vn -0.2609 0.2657 0.9281
vn -0.3410 0.3869 0.8568
vn -0.3393 0.2535 0.9059
vn -0.1557 0.2707 0.9500
vn -0.1806 0.1162 0.9767
vn -0.1993 0.1538 0.9678
vn -0.4517 0.4656 0.7611
vn -0.0875 0.0607 0.9943
vn -0.2016 0.1965 0.9596
vn -0.1287 0.3226 0.9377
vn -0.1188 0.1109 0.9867
vn -0.0553 0.0547 0.9970
vn -0.0882 0.0501 0.9948
vn -0.0776 0.0610 0.9951
vn -0.1543 0.1697 0.9733
vn -0.0720 0.0656 0.9952
vn -0.1959 0.4122 0.8898
vn -0.2739 0.2216 0.9359
vn -0.5216 0.4294 0.7372
vn -0.3289 0.2295 0.9161
vn -0.4772 0.4161 0.7741
vn -0.4280 0.3858 0.8173
vn -0.7152 0.3828 0.5849
vn -0.5611 0.4523 0.6932
vn -0.4405 0.3547 0.8247
vn -0.5435 -0.1255 0.8300
vn -0.6085 0.2933 0.7374
vn -0.7239 -0.3379 0.6015
vn -0.2635 -0.0134 0.9646
vn -0.5451 -0.1128 0.8307
vn -0.6656 -0.3815 0.6415
vn -0.6688 -0.3807 0.6386
vn -0.5659 -0.4582 0.6854
vn 0.0186 -0.0632 0.9978
vn -0.1716 -0.1272 0.9769
vn -0.6036 -0.4255 0.6742
vn -0.2485 0.2551 0.9345
vn -0.2950 0.2140 0.9312
vn -0.2461 0.2508 0.9362
vn -0.2388 0.1922 0.9519
vn 0.0081 -0.0471 0.9989
vn 0.0518 -0.1122 0.9923
vn 0.0910 -0.1112 0.9896
vn 0.0992 -0.1014 0.9899
vn 0.2172 -0.2664 0.9391
vn 0.1302 -0.1449 0.9809
vn 0.1238 -0.1931 0.9733
vn 0.2070 -0.2165 0.9541
vn 0.1422 -0.1370 0.9803
vn 0.3239 -0.3172 0.8914
vn 0.4065 -0.3776 0.8320
vn 0.3300 -0.3194 0.8883
vn 0.4900 -0.4887 0.7218
vn 0.5304 -0.4721 0.7042
vn 0.4702 -0.4360 0.7674
vn 0.4054 -0.3748 0.8338
vn 0.2564 -0.2980 0.9195
vn 0.5352 -0.4621 0.7071
vn 0.5481 -0.5591 0.6221
vn 0.5251 -0.4715 0.7085
vn 0.5121 -0.5143 0.6879
vn 0.5768 -0.5224 0.6280
vn 0.5363 -0.4630 0.7057
vn 0.7355 -0.6120 0.2906
vn 0.7353 -0.6121 0.2910
vn 0.7355 -0.6120 0.2907
vn 0.7102 -0.5909 0.3826
vn 0.7102 -0.5909 0.3828
vn 0.6779 -0.5642 0.4714
vn 0.5060 -0.6728 0.5397
vn 0.2783 -0.8981 0.3406
vn 0.5067 -0.6723 0.5397
vn -0.0373 -0.9312 0.3625
vn -0.0727 -0.9737 0.2159
vn -0.5012 -0.0956 0.8600
vn -0.7333 -0.3011 0.6096
vn -0.6078 0.3147 0.7290
vn -0.4105 0.6378 0.6517
vn -0.4477 0.3986 0.8004
vn -0.3962 0.6560 0.6425
vn -0.4598 0.3865 0.7995
vn -0.2827 0.0447 0.9582
vn -0.4775 0.2638 0.8381
vn -0.4834 0.2661 0.8340
vn -0.5678 0.4602 -0.6826
vn -0.4850 0.4158 -0.7693
vn -0.4960 0.4121 -0.7643
vn 0.4188 0.6771 -0.6051
vn 0.0847 0.6968 -0.7122
vn -0.4678 -0.6448 -0.6045
vn -0.3309 -0.7883 -0.5187
vn 0.6377 -0.0133 -0.7702
vn 0.5559 0.0689 -0.8284
vn 0.3490 -0.4711 -0.8101
vn 0.4040 -0.5306 -0.7452
vn 0.1010 -0.0627 0.9929
vn 0.1577 -0.1924 0.9686
vn 0.1008 -0.0603 0.9931
vn 0.2042 -0.1475 -0.9678
vn 0.3726 -0.2098 -0.9040
vn 0.2062 -0.1476 -0.9673
vn -0.9975 -0.0707 -0.0000
vn -0.0783 -0.9947 -0.0662
vn 0.0558 -0.9792 -0.1950
vn -0.7985 -0.5991 -0.0598
vn -0.1631 -0.9765 -0.1405
vn 0.0612 -0.9977 -0.0274
vn 0.1459 -0.9815 -0.1242
vn -0.3890 -0.9126 -0.1256
vn -0.5740 -0.8186 0.0182
vn -0.5717 -0.8204 0.0026
vn 0.1704 -0.9723 -0.1601
vn -0.0727 -0.9737 -0.2159
vn 0.0450 -0.9886 -0.1435
vn -0.4977 -0.8630 -0.0868
vn -0.3964 -0.8656 0.3058
vn -0.7551 -0.6061 -0.2500
vn 0.1292 -0.8679 0.4797
vn -0.3302 -0.9437 -0.0189
vn -0.2122 -0.9768 0.0287
vn -0.4470 -0.8941 -0.0270
vn -0.7872 -0.3901 0.4777
vn -0.0341 -0.9271 0.3732
vn -0.6201 -0.7829 0.0506
vn -0.5716 -0.7978 0.1915
vn -0.5325 -0.8348 -0.1397
vn 0.0025 -0.9909 0.1347
vn -0.6351 -0.7724 0.0002
vn 0.0029 -0.9909 -0.1344
vn -0.0379 -0.9267 -0.3738
vn -0.6365 -0.7712 -0.0003
vn -0.6297 -0.7764 0.0255
vn -0.5836 -0.7531 -0.3037
vn -0.8663 0.4936 -0.0768
vn -0.8602 0.5084 0.0398
vn -0.8517 0.5240 -0.0000
vn 0.0208 -0.9998 -0.0000
vn -0.0210 -0.9976 -0.0655
vn 0.0296 -0.9996 -0.0000
vn -0.0210 -0.9976 0.0655
vn -0.6271 -0.7788 -0.0167
vn -0.6225 -0.7825 -0.0155
vn -0.6264 -0.7793 -0.0163
vn -0.6290 -0.7772 -0.0179
vn 0.6586 0.7525 0.0002
vn 0.6416 0.7670 0.0121
vn 0.6447 0.7644 0.0078
vn 0.6602 0.7511 -0.0000
vn 0.6601 0.7512 -0.0001
vn 0.6686 0.7436 -0.0026
vn 0.6037 0.7971 -0.0151
vn 0.6347 0.7726 0.0131
vn 0.6056 0.7957 -0.0134
vn 0.6529 0.7559 0.0485
vn 0.6400 0.7683 -0.0142
vn 0.6382 0.7698 -0.0138
vn 0.6387 0.7694 -0.0139
vn 0.6359 0.7717 -0.0128
vn 0.6355 0.7720 -0.0126
vn 0.6062 0.7952 0.0129
vn 0.6045 0.7964 0.0144
vn 0.6369 0.7508 0.1750
vn -0.6389 -0.7691 -0.0174
vn -0.6359 -0.7715 -0.0201
vn -0.6383 -0.7696 -0.0177
vn -0.6145 -0.7877 -0.0433
vn -0.9147 -0.3850 -0.1229
vn -0.8919 -0.3105 0.3288
vn -0.8730 -0.3978 0.2822
vn 0.2328 0.1024 0.9671
vn 0.1504 0.1723 0.9735
vn 0.7564 -0.6287 0.1807
vn 0.7505 -0.5763 0.3234
vn 0.7559 -0.6292 0.1807
vn 0.7685 -0.6398 -0.0001
vn 0.7363 -0.6602 -0.1483
vn 0.7690 -0.6393 -0.0001
vn 0.7690 -0.5912 -0.2432
vn 0.7099 -0.5913 -0.3826
vn 0.7104 -0.5908 -0.3826
vn -0.6372 -0.7705 0.0181
vn -0.6391 -0.7689 0.0181
vn -0.6366 -0.7710 0.0183
vn -0.6332 -0.7737 0.0189
vn -0.6325 -0.7744 0.0188
vn -0.6305 -0.7760 0.0176
vn -0.2676 -0.7331 0.6253
vn 0.0303 -0.6417 0.7664
vn -0.1498 -0.7302 0.6666
vn 0.6362 0.7714 0.0124
vn 0.6372 0.7706 0.0134
vn 0.6376 0.7703 0.0135
vn 0.6388 0.7693 0.0144
vn 0.8618 -0.5073 -0.0025
vn 0.8605 -0.5095 0.0024
vn 0.8749 -0.4839 -0.0192
vn 0.8626 -0.5059 -0.0078
vn 0.4382 0.1344 0.8888
vn 0.3972 -0.0145 0.9176
vn 0.9907 0.1117 0.0781
vn 0.3667 -0.1398 0.9198
vn 0.9261 0.3077 -0.2181
vn 0.8412 0.5280 0.1169
vn 0.9696 -0.2439 0.0203
vn 0.9700 0.0834 0.2282
vn 0.9998 -0.0160 -0.0119
vn 0.9809 0.1915 0.0350
vn 0.1503 0.0814 -0.9853
vn 0.1603 0.0307 -0.9866
vn 0.2772 0.0012 -0.9608
vn 0.2761 -0.2334 -0.9324
vn 0.1777 -0.2130 -0.9607
vn -0.0043 -0.0889 -0.9960
vn -0.0142 -0.0776 -0.9969
vn 0.3175 -0.2667 -0.9100
vn 0.1302 -0.1118 -0.9852
vn 0.0075 -0.0071 -0.9999
vn 0.2350 -0.1484 -0.9606
vn 0.4737 -0.3203 -0.8204
vn 0.8319 -0.2422 -0.4993
vn 0.2200 -0.0943 -0.9709
vn 0.3619 -0.2148 -0.9071
vn -0.4020 0.2939 -0.8672
vn -0.4829 0.4512 -0.7505
vn -0.1689 0.4192 -0.8921
vn 0.9832 -0.0380 -0.1787
vn 0.9812 0.1898 -0.0364
vn 0.9688 -0.2462 -0.0303
vn 0.3143 -0.2198 -0.9235
vn -0.0962 -0.5257 0.8452
vn -0.6906 -0.3695 0.6218
vn -0.0826 -0.4315 0.8983
vn -0.7250 -0.3528 0.5915
vn -0.9955 0.0154 0.0932
vn -0.7567 -0.6538 -0.0000
vn -0.2405 -0.9623 -0.1268
vn -0.5392 -0.8040 -0.2507
vn 0.9386 -0.2706 -0.2140
vn 0.9869 -0.1474 0.0662
vn 0.9152 -0.4030 0.0035
vn 0.9903 -0.1183 0.0727
vn 0.2808 0.1067 0.9538
vn 0.6038 -0.0446 0.7959
vn 0.4821 -0.0003 0.8761
vn 0.0332 0.0102 0.9994
vn 0.0925 0.0264 0.9954
vn 0.3603 -0.0287 0.9324
vn 0.1027 -0.0721 0.9921
vn -0.0003 -0.0004 1.0000
vn 0.0933 -0.0756 0.9928
vn 0.1225 -0.0890 0.9885
vn 0.3626 -0.2409 0.9003
vn 0.2989 -0.2161 0.9295
vn -0.5080 -0.7536 -0.4171
vn -0.6374 -0.7706 -0.0000
vn -0.6375 -0.7704 -0.0000
vn -0.5326 0.4442 0.7204
vn -0.1047 -0.4208 0.9011
vn 0.6045 -0.4588 0.6512
vn -0.7075 0.1909 0.6805
vn -0.7181 0.1979 -0.6672
vn -0.5316 0.4376 -0.7252
vn -0.0023 -0.4729 -0.8811
vn 0.4359 -0.3279 -0.8382
vn 0.5395 -0.6989 -0.4696
vn 0.4675 -0.6471 0.6022
vn 0.7697 -0.6045 -0.2050
vn 0.3146 -0.8756 -0.3666
vn 0.9190 -0.1450 0.3666
vn 0.6426 0.5012 -0.5795
vn -0.6089 0.4799 -0.6316
vn -0.5706 0.3926 -0.7213
vn -0.5855 0.5082 0.6316
vn -0.4925 0.4870 0.7213
vn -0.3719 -0.7252 0.5795
vn 0.6375 0.7705 -0.0000
vn -0.5906 0.4700 -0.6560
vn -0.5711 0.4474 -0.6882
vn -0.5787 0.4522 0.6786
vn -0.5843 0.4641 0.6657
vn 0.3250 -0.2555 0.9106
vn 0.3720 -0.2997 0.8785
vn 0.7872 -0.6161 0.0283
vn 0.7825 -0.6220 -0.0274
vn 0.3556 -0.2741 -0.8935
vn 0.3468 -0.2745 -0.8969
vn -0.3311 0.0723 0.9408
vn -0.8083 0.4107 0.4219
vn -0.8724 0.4361 0.2206
vn -0.3483 0.0964 0.9324
vn 0.5048 -0.6082 0.6126
vn 0.4712 -0.5763 0.6677
vn 0.5472 -0.6508 -0.5263
vn 0.3914 -0.4878 -0.7803
vn -0.5258 -0.2975 -0.7969
vn -0.7686 0.1018 -0.6316
vn -0.9317 0.2310 -0.2802
vn -0.5612 -0.8274 0.0228
vn -0.5723 -0.8187 0.0466
vn -0.5715 -0.8168 -0.0790
vn -0.6026 -0.7973 0.0351
vn -0.6182 -0.7859 0.0151
vn -0.6157 -0.7878 0.0148
vn -0.6251 -0.7805 0.0071
vn -0.4645 -0.5186 -0.7178
vn -0.3289 -0.9440 -0.0246
vn -0.7154 -0.6433 -0.2729
vn 0.6121 -0.4767 -0.6310
vn 0.6315 -0.4552 -0.6277
vn 0.5731 -0.4508 0.6844
vn -0.4641 0.3687 -0.8054
vn -0.5798 0.5073 -0.6376
vn -0.5557 0.4276 0.7130
vn -0.4933 0.4101 0.7671
vn 0.4894 -0.3685 0.7904
vn -0.6375 -0.7705 -0.0000
vn -0.6333 -0.7739 0.0037
vn -0.6362 -0.7715 0.0093
vn -0.6343 -0.7731 0.0070
vn -0.6270 -0.7790 0.0038
vn -0.6260 -0.7798 0.0078
vn -0.6278 -0.7784 -0.0048
vn -0.6246 -0.7810 -0.0037
vn -0.6357 -0.7719 -0.0074
vn -0.6377 -0.7703 -0.0027
vn -0.6380 -0.7700 0.0005
vn -0.6373 -0.7706 0.0078
vn -0.6344 -0.7730 0.0059
vn -0.6368 -0.7710 0.0041
vn -0.6277 -0.7784 0.0032
vn -0.6258 -0.7800 0.0034
vn -0.6261 -0.7797 -0.0026
vn -0.6277 -0.7784 -0.0070
vn -0.6347 -0.7727 -0.0073
vn -0.6353 -0.7723 -0.0023
vn -0.6374 -0.7705 0.0004
vn 0.5401 -0.4296 -0.7237
vn 0.5641 -0.4397 -0.6989
vn 0.5490 -0.4333 -0.7147
vn 0.5727 -0.4432 -0.6896
vn 0.6083 -0.4770 0.6344
vn 0.5553 -0.4354 0.7085
vn 0.5577 -0.4373 0.7055
vn 0.5576 -0.4372 0.7057
vn 0.5552 -0.4353 0.7087
vn 0.4992 -0.3914 0.7730
vn -0.4992 0.3914 0.7730
vn -0.5576 0.4372 0.7057
vn -0.5552 0.4353 0.7087
vn -0.5553 0.4354 0.7085
vn -0.5577 0.4373 0.7056
vn -0.6083 0.4770 0.6344
vn -0.6083 0.4770 -0.6344
vn -0.5577 0.4373 -0.7055
vn -0.5553 0.4354 -0.7085
vn -0.5552 0.4354 -0.7087
vn -0.5576 0.4372 -0.7057
vn -0.4992 0.3914 -0.7730
vn 0.7805 -0.6054 0.1559
vn 0.7814 -0.6127 0.1182
vn 0.7858 -0.6184 0.0090
vn 0.7630 -0.5900 0.2641
vn 0.7773 -0.6077 -0.1629
vn 0.7555 -0.5936 -0.2773
vn 0.7599 -0.5945 -0.2630
vn 0.7290 -0.5738 -0.3731
vn 0.6686 -0.5225 -0.5291
vn 0.6144 -0.4831 -0.6238
vn 0.6228 -0.4871 -0.6122
vn 0.5617 -0.4426 -0.6990
vn 0.5023 -0.3951 -0.7691
vn 0.4140 -0.3786 -0.8278
vn 0.3746 -0.2947 -0.8791
vn -0.5288 0.4155 0.7401
vn -0.5175 0.4027 0.7550
vn -0.4513 0.3498 0.8209
vn -0.5872 0.4625 0.6643
vn -0.6552 0.5696 0.4962
vn -0.7127 0.5598 0.4227
vn -0.6339 0.4982 0.5916
vn -0.7124 0.6132 0.3412
vn -0.7599 0.5959 0.2597
vn -0.7053 0.5531 0.4434
vn -0.7856 0.6168 0.0482
vn -0.7864 0.6137 0.0703
vn -0.7767 0.6051 0.1751
vn -0.7846 0.6174 -0.0563
vn -0.7221 0.6185 -0.3099
vn -0.7233 0.5649 -0.3972
vn -0.7700 0.6025 -0.2101
vn -0.4946 0.3849 0.7793
vn -0.4917 0.3816 0.7827
vn -0.4262 0.3301 0.8423
vn -0.5541 0.4319 0.7116
vn -0.2800 0.2761 0.9194
vn -0.3622 0.2852 0.8874
vn -0.2190 0.1728 0.9603
vn -0.1481 0.1182 0.9819
vn -0.0489 0.0354 0.9982
vn -0.0647 0.0516 0.9966
vn 0.0353 -0.0318 0.9989
vn 0.1914 -0.0941 0.9770
vn 0.1052 -0.0824 0.9910
vn 0.2550 -0.1999 0.9461
vn 0.3387 -0.2096 0.9172
vn 0.2552 -0.2000 0.9460
vn 0.3952 -0.3098 0.8648
vn 0.6100 -0.4718 0.6367
vn 0.6230 -0.4913 0.6087
vn 0.6733 -0.5366 0.5086
vn 0.5468 -0.4170 0.7260
vn 0.2627 -0.1934 0.9453
vn 0.3052 -0.2379 0.9221
vn 0.3884 -0.3066 0.8690
vn 0.1728 -0.1197 0.9777
vn 0.7506 -0.5931 0.2912
vn 0.7441 -0.6421 0.1845
vn 0.7809 -0.6169 0.0987
vn 0.7717 -0.6051 0.1956
vn 0.7567 -0.6476 0.0894
vn 0.7868 -0.6172 0.0001
vn -0.5639 0.4397 -0.6990
vn -0.6180 0.4808 -0.6220
vn -0.6150 0.4794 -0.6261
vn -0.6632 0.5161 -0.5421
vn -0.7083 0.6089 -0.3572
vn -0.7053 0.5531 -0.4434
vn -0.7599 0.5959 -0.2597
vn -0.7487 0.6409 -0.1693
vn -0.7602 0.5956 -0.2595
vn -0.7852 0.6157 -0.0657
vn -0.7597 0.6498 0.0248
vn -0.7852 0.6158 -0.0654
vn -0.7802 0.6117 0.1308
vn -0.7410 0.6354 0.2171
vn -0.7799 0.6121 0.1310
vn -0.7449 0.5841 0.3222
vn -0.6935 0.5984 0.4013
vn -0.7449 0.5841 0.3225
vn -0.6810 0.5340 0.5012
vn -0.1337 0.1386 0.9813
vn -0.0732 0.0362 0.9967
vn 0.0194 0.0189 0.9996
vn -0.7603 0.5961 0.2581
vn -0.7594 0.5401 0.3628
vn -0.7063 0.5538 0.4410
vn -0.7853 0.6157 0.0653
vn -0.8012 0.5731 0.1721
vn -0.7605 0.5959 0.2579
vn -0.7829 0.6130 -0.1068
vn -0.8133 0.5818 -0.0018
vn -0.7844 0.6140 0.0884
vn -0.7425 0.5852 -0.3259
vn -0.7499 0.5871 -0.3049
vn -0.7713 0.6030 -0.2039
vn -0.7114 0.5621 -0.4218
vn 0.4354 -0.3415 -0.8329
vn 0.3429 -0.3218 -0.8825
vn 0.2992 -0.2346 -0.9249
vn 0.5551 -0.4354 -0.7087
vn 0.4709 -0.4223 -0.7745
vn 0.4356 -0.3416 -0.8328
vn 0.6535 -0.5125 -0.5571
vn 0.5799 -0.5079 -0.6371
vn 0.5553 -0.4354 -0.7085
vn 0.7266 -0.5698 -0.3839
vn 0.6656 -0.5753 -0.4754
vn 0.6536 -0.5125 -0.5569
vn 0.6966 -0.6631 -0.2741
vn 0.6642 -0.6926 -0.2812
vn 0.6714 -0.6429 -0.3687
vn 0.2990 -0.2345 -0.9250
vn 0.2006 -0.2103 -0.9568
vn 0.1513 -0.1187 -0.9813
vn 0.1511 -0.1186 -0.9814
vn 0.0495 -0.0918 -0.9945
vn -0.0023 0.0018 -1.0000
vn -0.3557 0.3344 0.8727
vn -0.4354 0.3415 0.8329
vn -0.2992 0.2346 0.9249
vn -0.4817 0.4330 0.7619
vn -0.5551 0.4354 0.7087
vn -0.4356 0.3416 0.8328
vn -0.5882 0.5163 0.6225
vn -0.6535 0.5125 0.5571
vn -0.6714 0.5812 0.4597
vn -0.7266 0.5698 0.3838
vn -0.6536 0.5125 0.5569
vn -0.7283 0.6256 0.2798
vn -0.7713 0.6056 0.1958
vn -0.7267 0.5698 0.3836
vn -0.7567 0.6476 0.0894
vn -0.7868 0.6172 0.0001
vn -0.7717 0.6051 0.1956
vn -0.1187 0.1431 0.9826
vn -0.2042 0.1547 0.9666
vn -0.0520 0.0352 0.9980
vn -0.5671 0.4989 -0.6553
vn -0.5413 0.4254 -0.7253
vn -0.6422 0.5048 -0.5769
vn -0.4709 0.4223 -0.7745
vn -0.4356 0.3416 -0.8328
vn -0.5551 0.4354 -0.7087
vn -0.3429 0.3218 -0.8825
vn -0.2992 0.2346 -0.9249
vn -0.4354 0.3415 -0.8329
vn -0.2006 0.2102 -0.9568
vn -0.1513 0.1187 -0.9813
vn -0.0495 0.0918 -0.9945
vn -0.1511 0.1186 -0.9814
vn -0.7409 0.5803 -0.3380
vn -0.7370 0.5732 -0.3582
vn -0.7380 0.5751 -0.3530
vn -0.7419 0.5821 -0.3328
vn 0.0382 0.0029 0.9993
vn 0.1130 -0.1090 0.9876
vn 0.1916 -0.1170 0.9745
vn 0.7053 -0.5531 0.4434
vn 0.7124 -0.6132 0.3412
vn 0.7599 -0.5959 0.2597
vn 0.7600 -0.5959 0.2595
vn 0.7505 -0.6428 0.1536
vn 0.7850 -0.6160 0.0657
vn 0.7852 -0.6157 0.0655
vn 0.7594 -0.6494 -0.0400
vn 0.7802 -0.6117 -0.1308
vn 0.7723 -0.6017 -0.2038
vn 0.7401 -0.5829 -0.3352
vn 0.7501 -0.5857 -0.3071
vn 0.7073 -0.5589 -0.4328
vn -0.5013 0.4270 0.7526
vn -0.4621 0.3418 0.8183
vn -0.3767 0.3292 0.8659
vn -0.7603 0.5961 -0.2580
vn -0.8031 0.5750 -0.1561
vn -0.7850 0.6160 -0.0653
vn -0.7388 0.5754 -0.3509
vn -0.7891 0.5601 -0.2523
vn -0.7787 0.6061 -0.1621
vn -0.5661 0.4518 -0.6895
vn -0.5915 0.4616 -0.6611
vn -0.6528 0.5038 -0.5658
vn -0.4942 0.4018 -0.7709
vn 0.6945 -0.5544 -0.4586
vn 0.6571 -0.5258 -0.5402
vn 0.6549 -0.5197 -0.5486
vn 0.6961 -0.5608 -0.4484
vn -0.0832 0.1370 -0.9871
vn -0.0318 0.0429 -0.9986
vn -0.1836 0.1630 -0.9694
vn 0.1046 -0.0291 -0.9941
vn 0.1557 -0.1220 -0.9802
vn 0.0025 -0.0018 -1.0000
vn -0.7612 0.6033 -0.2381
vn -0.8023 0.5812 -0.1363
vn -0.7826 0.6209 -0.0448
vn -0.6655 0.5209 -0.5346
vn -0.7304 0.5176 -0.4457
vn -0.7347 0.5750 -0.3602
vn -0.4535 0.3590 -0.8157
vn -0.4522 0.3569 -0.8174
vn -0.4551 0.3614 -0.8138
vn -0.4506 0.3546 -0.8193
vn 0.1129 -0.0952 -0.9890
vn 0.0111 -0.0681 -0.9976
vn -0.0408 0.0256 -0.9988
vn 0.5962 -0.4655 0.6541
vn 0.6518 -0.5124 0.5591
vn 0.6464 -0.5056 0.5714
vn 0.6934 -0.5459 0.4703
vn 0.7480 -0.5847 0.3141
vn 0.7712 -0.6076 0.1901
vn 0.7695 -0.6025 0.2118
vn 0.7819 -0.6174 0.0864
vn 0.5012 -0.3361 0.7974
vn 0.4235 -0.3309 0.8433
vn 0.5444 -0.4259 0.7226
vn 0.3855 -0.2463 0.8892
vn 0.3033 -0.2377 0.9228
vn 0.4388 -0.3440 0.8302
vn 0.2701 -0.0938 0.9582
vn 0.3466 -0.1544 0.9252
vn -0.5577 0.4373 0.7055
vn 0.6968 -0.5497 0.4607
vn 0.7267 -0.5972 0.3395
vn 0.7531 -0.6258 0.2031
vn 0.6429 -0.4997 0.5805
vn 0.7107 -0.5489 -0.4401
vn 0.7097 -0.5451 -0.4464
vn 0.6734 -0.5195 -0.5260
vn 0.6731 -0.5223 -0.5236
vn 0.2082 -0.1548 -0.9657
vn 0.1791 -0.1405 -0.9738
vn 0.0867 -0.0734 -0.9935
vn 0.2977 -0.2197 -0.9290
vn -0.3773 0.2936 -0.8783
vn -0.3662 0.2775 -0.8882
vn -0.3723 0.2863 -0.8829
vn -0.3833 0.3023 -0.8728
vn -0.1155 0.1463 0.9825
vn -0.2013 0.1580 0.9667
vn -0.0491 0.0386 0.9980
vn -0.2632 0.2620 0.9285
vn -0.3460 0.2714 0.8981
vn -0.2015 0.1581 0.9666
vn -0.3996 0.3687 0.8393
vn -0.4774 0.3745 0.7949
vn -0.3462 0.2715 0.8980
vn -0.5196 0.4626 0.7184
vn -0.5905 0.4631 0.6609
vn -0.4776 0.3745 0.7947
vn -0.6187 0.5401 0.5705
vn -0.6808 0.5339 0.5014
vn -0.5906 0.4632 0.6608
vn 0.0380 0.0261 0.9989
vn -0.0489 0.0385 0.9981
vn 0.1050 -0.0823 0.9911
vn 0.2282 -0.1251 0.9655
vn 0.1427 -0.1139 0.9832
vn 0.2906 -0.2299 0.9288
vn -0.0540 0.0422 -0.9977
vn -0.1557 0.0691 -0.9854
vn -0.2058 0.1613 -0.9652
vn 0.1002 -0.0787 -0.9918
vn -0.0018 -0.0515 -0.9987
vn -0.0537 0.0421 -0.9977
vn 0.2884 -0.2242 -0.9309
vn 0.1896 -0.1994 -0.9614
vn 0.1401 -0.1077 -0.9843
vn -0.2060 0.1614 -0.9652
vn -0.3047 0.1858 -0.9342
vn -0.3499 0.2743 -0.8957
vn -0.4076 0.3239 -0.8538
vn -0.4903 0.3836 -0.7826
vn -0.4747 0.3752 -0.7961
vn -0.5515 0.4306 -0.7144
vn -0.6051 0.4734 -0.6401
vn -0.6782 0.4769 -0.5591
vn -0.6915 0.5411 -0.4786
vn -0.4192 0.3311 -0.8454
vn -0.4956 0.3871 -0.7775
vn -0.4845 0.3811 -0.7874
vn -0.4993 0.3890 -0.7742
vn -0.2328 0.1785 -0.9560
vn -0.2254 0.1743 -0.9585
vn -0.2939 0.2285 -0.9281
vn -0.1627 0.1231 -0.9790
vn 0.1893 -0.1409 -0.9718
vn 0.1549 -0.1239 -0.9801
vn 0.0590 -0.0550 -0.9967
vn 0.2823 -0.2076 -0.9366
vn -0.6472 0.5330 0.5450
vn -0.7069 0.5237 0.4754
vn -0.6198 0.4563 0.6385
vn 0.1647 -0.1206 0.9789
vn 0.2772 -0.2235 0.9345
vn 0.2551 -0.1969 0.9466
vn 0.3617 -0.2956 0.8842
vn 0.5832 -0.4564 0.6720
vn 0.5930 -0.4679 0.6553
vn 0.6437 -0.5089 0.5716
vn 0.5238 -0.4087 0.7474
vn 0.2284 -0.1791 0.9569
vn 0.1461 -0.1121 0.9829
vn 0.2100 -0.2179 0.9531
vn 0.2941 -0.2283 0.9281
vn -0.0537 0.0421 0.9977
vn 0.0134 -0.0664 0.9977
vn 0.1002 -0.0787 0.9918
vn -0.1879 0.1463 0.9712
vn -0.1222 0.0389 0.9917
vn -0.0355 0.0266 0.9990
vn -0.3504 0.2777 0.8945
vn -0.3364 0.2628 0.9043
vn -0.2584 0.2007 0.9450
vn -0.4230 0.3359 0.8416
vn -0.5926 0.4646 0.6580
vn -0.5553 0.3796 0.7399
vn -0.4807 0.3768 0.7918
vn -0.6821 0.5348 0.4988
vn -0.6595 0.4614 0.5934
vn -0.5928 0.4647 0.6578
vn -0.2645 0.2104 0.9412
vn -0.2495 0.1947 0.9486
vn -0.1682 0.1298 0.9772
vn -0.3418 0.2722 0.8995
vn -0.0460 0.0381 0.9982
vn 0.0540 -0.0454 0.9975
vn 0.0383 -0.0291 0.9988
vn 0.1375 -0.1119 0.9842
vn 0.2730 -0.1571 0.9491
vn 0.1880 -0.1462 0.9712
vn 0.3332 -0.2602 0.9062
vn 0.4785 -0.3740 0.7945
vn 0.4869 -0.3834 0.7848
vn 0.4895 -0.3863 0.7817
vn 0.4102 -0.3197 0.8541
vn -0.5267 0.4155 0.7416
vn -0.5114 0.3983 0.7614
vn -0.4434 0.3436 0.8278
vn -0.5862 0.4638 0.6643
vn -0.7062 0.5537 0.4412
vn -0.6889 0.4846 0.5391
vn -0.6253 0.4902 0.6072
vn -0.7803 0.6118 -0.1300
vn -0.8126 0.5823 -0.0252
vn -0.7852 0.6158 0.0651
vn -0.7310 0.5752 -0.3671
vn -0.7827 0.5613 -0.2689
vn -0.7728 0.6087 -0.1794
vn 0.7499 -0.5871 -0.3049
vn 0.7425 -0.5852 -0.3259
vn 0.7114 -0.5621 -0.4218
vn 0.7713 -0.6030 -0.2039
vn 0.7847 -0.6141 0.0847
vn 0.7844 -0.6164 0.0698
vn 0.7854 -0.6182 -0.0324
vn 0.7739 -0.6050 0.1872
vn 0.7529 -0.5339 0.3849
vn 0.6984 -0.5465 0.4621
vn 0.7557 -0.5916 0.2810
vn 0.6139 -0.4800 0.6267
vn 0.6231 -0.4913 0.6086
vn 0.6698 -0.5294 0.5207
vn 0.6109 -0.4764 0.6323
vn 0.2466 -0.1849 -0.9513
vn 0.1229 -0.1026 -0.9871
vn 0.1544 -0.1182 -0.9809
vn 0.7964 -0.6019 -0.0590
vn 0.7717 -0.6349 0.0368
vn 0.7617 -0.6283 -0.1584
vn 0.0284 -0.0343 -0.9990
vn -0.2399 0.1889 -0.9522
vn -0.2581 0.1995 -0.9453
vn -0.3333 0.2573 -0.9070
vn -0.1617 0.1289 -0.9784
vn -0.7826 0.6192 0.0648
vn -0.7985 0.5765 0.1735
vn -0.7577 0.5997 0.2574
vn -0.7273 0.5703 0.3817
vn -0.7155 0.5055 0.4823
vn -0.6551 0.5136 0.5541
vn -0.6550 0.5136 0.5543
vn -0.6273 0.4362 0.6452
vn -0.5577 0.4372 0.7055
vn -0.4534 0.3694 0.8112
vn -0.3516 0.2731 0.8955
vn -0.3741 0.3009 0.8772
vn -0.2640 0.1985 0.9439
vn -0.0783 0.0572 0.9953
vn -0.0112 -0.0515 0.9986
vn 0.0755 -0.0638 0.9951
vn 0.1185 -0.0952 -0.9884
vn 0.1114 -0.0911 -0.9896
vn 0.0348 -0.0314 -0.9989
vn 0.1941 -0.1540 -0.9688
vn -0.0184 0.0717 -0.9973
vn 0.0332 -0.0218 -0.9992
vn -0.1205 0.0991 -0.9878
vn -0.3079 0.2503 -0.9179
vn -0.4254 0.3261 -0.8442
vn -0.3948 0.3120 -0.8642
vn -0.5050 0.3825 -0.7737
vn -0.6112 0.5325 -0.5856
vn -0.5906 0.4632 -0.6608
vn -0.6808 0.5339 -0.5014
vn 0.4742 -0.3159 0.8218
vn 0.3954 -0.3099 0.8647
vn 0.5201 -0.4078 0.7504
vn 0.5925 -0.4088 0.6941
vn 0.5203 -0.4079 0.7503
vn 0.6251 -0.4902 0.6074
vn 0.6790 -0.4758 0.5591
vn 0.6142 -0.4804 0.6260
vn 0.6981 -0.5465 0.4625
vn 0.7302 -0.5707 0.3756
vn 0.7586 -0.5961 0.2630
vn 0.7567 -0.5920 0.2774
vn 0.7753 -0.6103 0.1626
vn 0.7878 -0.6159 -0.0085
vn 0.7741 -0.6135 -0.1559
vn 0.7814 -0.6127 -0.1183
vn 0.7552 -0.6008 -0.2621
vn 0.4374 -0.3315 -0.8359
vn 0.3995 -0.3142 -0.8612
vn 0.3079 -0.2503 -0.9179
vn 0.5203 -0.3891 -0.7602
vn 0.0933 -0.0778 -0.9926
vn 0.0290 -0.0253 -0.9993
vn 0.0212 -0.0207 -0.9996
vn -0.0432 0.0319 -0.9986
vn -0.1242 0.0962 -0.9876
vn -0.2249 0.1223 -0.9667
vn -0.2732 0.2131 -0.9381
vn -0.2552 0.2000 -0.9460
vn -0.3523 0.2230 -0.9089
vn -0.3952 0.3098 -0.8648
vn -0.2284 0.1791 -0.9569
vn -0.7622 0.5900 0.2664
vn -0.7413 0.5764 0.3439
vn -0.7388 0.5721 0.3563
vn -0.7116 0.5540 0.4321
vn -0.5553 0.4355 0.7085
vn -0.5552 0.4354 0.7087
vn -0.2149 0.2242 0.9505
vn -0.2990 0.2345 0.9250
vn -0.1513 0.1187 0.9813
vn -0.0647 0.1065 0.9922
vn -0.1511 0.1186 0.9814
vn 0.0023 -0.0018 1.0000
vn 0.0674 -0.0539 0.9963
vn 0.1334 -0.1614 0.9778
vn 0.2190 -0.1729 0.9603
vn -0.1053 0.0855 0.9908
vn -0.0896 0.0694 0.9936
vn -0.0056 0.0023 1.0000
vn -0.1878 0.1514 0.9705
vn -0.3952 0.3098 0.8648
vn -0.3387 0.2096 0.9172
vn -0.2552 0.2000 0.9460
vn 0.2685 -0.2065 0.9409
vn 0.3600 -0.2832 0.8889
vn 0.3461 -0.2683 0.8990
vn 0.4322 -0.3410 0.8348
vn 0.5342 -0.4170 0.7354
vn 0.5702 -0.5003 0.6515
vn 0.6369 -0.4975 0.5889
vn -0.7729 0.6103 -0.1735
vn -0.7864 0.6158 -0.0482
vn -0.7835 0.6173 -0.0703
vn -0.7146 0.5594 -0.4201
vn -0.7704 0.5487 -0.3246
vn -0.7653 0.5990 -0.2357
vn -0.6062 0.4827 -0.6321
vn -0.6296 0.4939 -0.5996
vn -0.6785 0.5302 -0.5084
vn -0.5476 0.4390 -0.7124
vn -0.7865 0.6149 0.0570
vn -0.7780 0.6092 0.1536
vn -0.7864 0.5604 0.2597
vn -0.7401 0.5786 0.3427
vn -0.7454 0.5844 0.3207
vn -0.7390 0.5240 0.4235
vn -0.6822 0.5348 0.4986
vn -0.3279 0.2639 -0.9071
vn -0.3186 0.2523 -0.9137
vn -0.3340 0.2716 -0.9026
vn -0.3124 0.2446 -0.9179
vn -0.6117 0.4756 -0.6322
vn -0.6843 0.4784 -0.5503
vn -0.6970 0.5421 -0.4693
vn -0.7036 0.5660 -0.4295
vn -0.7613 0.5909 -0.2669
vn -0.7444 0.5900 -0.3127
vn -0.7854 0.6025 -0.1418
vn 0.5689 -0.4420 0.6935
vn 0.6323 -0.4966 0.5947
vn 0.6235 -0.4859 0.6125
vn 0.3917 -0.3072 0.8673
vn 0.4416 -0.4016 0.8023
vn 0.5174 -0.4058 0.7534
vn 0.6777 -0.5335 0.5061
vn 0.6524 -0.5187 0.5526
vn 0.6691 -0.5867 0.4561
vn 0.7244 -0.5757 0.3792
vn 0.7851 -0.6116 -0.0971
vn 0.7846 -0.6140 -0.0861
vn 0.7741 -0.6051 -0.1863
vn 0.7737 -0.6014 -0.1993
vn -0.0772 0.0507 -0.9957
vn -0.1806 0.0794 -0.9803
vn -0.2282 0.1702 -0.9586
vn 0.6142 -0.4694 -0.6344
vn 0.5937 -0.4660 -0.6561
vn 0.4815 -0.4115 -0.7738
vn 0.7063 -0.5092 -0.4918
vn 0.7869 -0.6171 -0.0001
vn 0.7557 -0.6465 -0.1049
vn 0.7719 -0.6050 -0.1956
vn 0.1823 -0.1442 -0.9726
vn 0.0812 -0.1176 -0.9897
vn 0.0297 -0.0243 -0.9993
vn 0.3454 -0.2696 -0.8989
vn 0.3338 -0.2630 -0.9052
vn 0.2608 -0.2066 -0.9430
vn 0.4148 -0.3234 -0.8505
vn 0.5957 -0.4642 -0.6554
vn 0.5824 -0.4576 -0.6719
vn 0.5246 -0.4135 -0.7442
vn 0.6463 -0.5029 -0.5739
vn -0.5766 0.4865 -0.6563
vn -0.6495 0.4904 -0.5811
vn -0.6665 0.5559 -0.4967
vn 0.7530 -0.5905 0.2903
vn 0.7531 -0.5905 0.2903
vn -0.7273 0.5703 0.3818
vn -0.7155 0.5054 0.4823
vn -0.7719 0.6052 0.1946
vn -0.7767 0.5537 0.3004
vn -0.7274 0.5704 0.3815
vn -0.7869 0.6170 0.0001
vn -0.8084 0.5788 0.1066
vn -0.7721 0.6051 0.1944
vn -0.5158 0.3486 0.7826
vn -0.4389 0.3441 0.8300
vn -0.4388 0.3440 0.8302
vn -0.3855 0.2463 0.8892
vn -0.3033 0.2377 0.9228
vn -0.3466 0.1543 0.9252
vn -0.2701 0.0938 0.9582
vn -0.4815 0.3919 -0.7839
vn -0.5903 0.4569 -0.6654
vn -0.5587 0.4445 -0.7002
vn -0.6554 0.5005 -0.5657
vn -0.7449 0.6389 -0.1923
vn -0.7548 0.5923 -0.2821
vn -0.7832 0.6153 -0.0891
vn -0.7856 0.6182 0.0249
vn -0.7797 0.6097 0.1427
vn -0.7800 0.6127 0.1273
vn -0.7795 0.6087 0.1476
vn 0.7802 -0.6099 -0.1392
vn 0.7604 -0.5976 -0.2545
vn 0.7645 -0.5983 -0.2399
vn 0.7357 -0.5793 -0.3510
vn 0.6296 -0.4940 -0.5996
vn 0.6062 -0.4826 -0.6321
vn 0.5475 -0.4389 -0.7124
vn 0.6785 -0.5302 -0.5084
vn 0.8117 -0.5805 0.0642
vn 0.7782 -0.6090 0.1532
vn 0.7867 -0.6160 -0.0417
vn 0.7426 -0.5797 0.3353
vn 0.7477 -0.5888 0.3071
vn 0.7685 -0.6068 0.2031
vn 0.7103 -0.5530 0.4356
vn 0.4129 -0.3282 0.8496
vn 0.4613 -0.4214 0.7808
vn 0.5355 -0.4242 0.7303
vn 0.0445 -0.0321 0.9985
vn 0.0482 -0.0371 0.9981
vn 0.0526 -0.0430 0.9977
vn 0.0401 -0.0262 0.9989
vn 0.5248 -0.4074 0.7474
vn 0.5983 -0.4717 0.6477
vn 0.5853 -0.4563 0.6703
vn 0.6492 -0.5132 0.5614
vn -0.7530 0.5905 -0.2903
vn 0.6273 -0.4602 -0.6282
vn 0.4811 -0.3983 -0.7810
vn 0.5085 -0.4049 -0.7599
vn 0.7830 -0.6051 -0.1442
vn 0.7966 -0.6014 -0.0604
vn 0.7930 -0.5949 -0.1311
vn 0.7867 -0.6129 -0.0740
vn 0.3422 -0.3281 -0.8805
vn -0.2240 0.1895 0.9560
vn -0.1061 0.0807 0.9911
vn -0.1318 0.1111 0.9850
vn -0.7705 0.6367 0.0299
vn -0.7873 0.5963 0.1568
vn -0.7504 0.6219 0.2239
vn -0.0111 0.0001 0.9999
vn 0.1768 -0.1429 0.9738
vn 0.2397 -0.2480 0.9386
vn 0.3227 -0.2575 0.9108
vn 0.2509 -0.1967 0.9478
vn 0.3102 -0.2988 0.9025
vn 0.3915 -0.3071 0.8674
vn 0.4388 -0.3440 0.8301
vn 0.2415 -0.1334 0.9612
vn 0.1559 -0.1221 0.9802
vn 0.3031 -0.2376 0.9229
vn 0.0895 -0.0142 0.9959
vn 0.0025 -0.0018 1.0000
vn 0.1557 -0.1220 0.9802
vn 0.5158 -0.3486 0.7826
vn 0.4390 -0.3441 0.8300
vn 0.6273 -0.4362 0.6452
vn 0.5577 -0.4372 0.7055
vn 0.6550 -0.5136 0.5543
vn 0.7155 -0.5055 0.4823
vn 0.6551 -0.5136 0.5542
vn 0.7273 -0.5703 0.3818
vn 0.7985 -0.5765 0.1734
vn 0.7577 -0.5997 0.2574
vn 0.7826 -0.6192 0.0648
vn -0.7250 0.6221 -0.2957
vn -0.7271 0.5693 -0.3836
vn -0.7717 0.6051 -0.1958
vn -0.6656 0.5753 -0.4754
vn -0.6536 0.5125 -0.5569
vn -0.7266 0.5698 -0.3839
vn -0.5799 0.5078 -0.6371
vn -0.6535 0.5125 -0.5571
vn -0.2788 0.2202 -0.9347
vn -0.2974 0.2306 -0.9265
vn -0.3718 0.2876 -0.8826
vn -0.2723 0.2165 -0.9375
vn -0.7557 0.6465 -0.1049
vn -0.7719 0.6050 -0.1956
vn -0.7869 0.6170 -0.0001
vn 0.7058 -0.4984 -0.5035
vn 0.7146 -0.5592 -0.4202
vn 0.6366 -0.4982 -0.5886
vn 0.7639 -0.5982 -0.2420
vn 0.7577 -0.5971 -0.2634
vn 0.7315 -0.5779 -0.3618
vn 0.7775 -0.5569 0.2922
vn 0.7289 -0.5734 0.3741
vn 0.7719 -0.6077 0.1868
vn 0.5872 -0.4586 -0.6670
vn 0.5147 -0.4066 -0.7549
vn 0.5295 -0.4144 -0.7402
vn 0.4506 -0.3577 -0.8179
vn 0.5399 -0.4179 0.7306
vn 0.5413 -0.4180 0.7296
vn 0.5580 -0.4195 0.7160
vn 0.5230 -0.4163 0.7438
vn 0.2939 -0.2285 -0.9281
vn 0.1986 -0.1587 -0.9671
vn 0.2172 -0.1695 -0.9613
vn 0.1195 -0.0979 -0.9880
vn -0.6050 0.4932 -0.6250
vn -0.5858 0.4269 -0.6889
vn -0.6813 0.5012 -0.5336
vn 0.5563 -0.4296 -0.7113
vn 0.5254 -0.4169 -0.7417
vn 0.4461 -0.3621 -0.8185
vn 0.6248 -0.4765 -0.6185
vn -0.5552 0.4353 -0.7087
vn 0.2284 -0.1791 -0.9569
vn 0.7530 -0.5905 -0.2903
vn 0.7531 -0.5905 -0.2903
vn -0.2284 0.1791 0.9569
vn -0.7531 0.5905 0.2903
vn -0.7530 0.5905 0.2903
vn 0.1559 -0.7131 0.6835
vn -0.4570 -0.8318 0.3152
vn 0.3716 -0.9232 0.0985
vn -0.3954 -0.3433 0.8519
vn -0.6170 0.0695 0.7839
vn -0.8468 0.1057 0.5213
vn -0.2201 -0.1954 0.9557
vn -0.9290 0.3152 0.1940
vn -0.8810 0.2329 -0.4118
vn -0.7330 -0.0561 -0.6779
vn -0.9941 0.0414 -0.1000
vn 0.0928 -0.8875 -0.4514
vn -0.3126 -0.2728 -0.9099
vn -0.4806 0.0306 -0.8764
vn -0.0322 -0.2154 -0.9760
vn 0.3422 -0.5651 -0.7507
vn 0.0642 -0.5397 -0.8394
vn 0.5521 -0.8322 0.0512
vn 0.4162 -0.8385 -0.3516
vn 0.3049 -0.5949 0.7437
vn -0.6884 0.5933 -0.4172
vn -0.6809 0.5340 -0.5012
vn -0.7449 0.5841 -0.3225
vn -0.7385 0.6328 -0.2330
vn -0.7452 0.5837 -0.3222
vn -0.7801 0.6117 -0.1310
vn -0.7594 0.6494 -0.0400
vn -0.7802 0.6117 -0.1308
vn -0.7852 0.6157 0.0655
vn -0.7505 0.6428 0.1536
vn -0.7850 0.6160 0.0657
vn -0.7600 0.5959 0.2595
vn -0.7599 0.5959 0.2596
vn -0.1131 0.1090 0.9876
vn -0.1917 0.1170 0.9745
vn -0.0383 -0.0028 0.9993
vn 0.5402 -0.4296 -0.7237
vn 0.7332 0.6658 -0.1381
vn 0.7057 0.6979 -0.1219
vn 0.7162 0.6861 -0.1280
vn 0.7444 0.6518 -0.1449
vn -0.4416 -0.8941 -0.0749
vn -0.4620 -0.8850 -0.0575
vn -0.4276 -0.8998 -0.0867
vn -0.4740 -0.8793 -0.0470
vn 0.6388 0.7691 0.0211
vn 0.6355 0.7716 0.0256
vn 0.6404 0.7678 0.0189
vn 0.6342 0.7727 0.0274
vn -0.5621 -0.8076 -0.1787
vn -0.5870 -0.7918 -0.1689
vn -0.5827 -0.7946 -0.1706
vn -0.5575 -0.8103 -0.1804
vn 0.7948 0.6009 0.0854
vn 0.6720 0.7389 0.0491
vn 0.8032 0.5879 0.0962
vn 0.7310 0.6800 0.0559
vn 0.6233 0.7810 0.0379
vn 0.6229 0.7814 0.0372
vn 0.5229 0.8136 0.2543
vn 0.5199 0.8153 0.2551
vn -0.7551 -0.6320 -0.1741
vn -0.7575 -0.6295 -0.1731
vn -0.0207 0.9998 -0.0006
vn -0.0178 0.9998 0.0005
vn -0.0200 0.9997 0.0153
vn -0.0120 0.9999 0.0035
vn -0.0210 0.9998 -0.0023
vn -0.0218 0.9998 0.0008
vn -0.0217 0.9998 -0.0004
vn -0.0212 0.9997 -0.0088
vn -0.0054 1.0000 0.0035
vn -0.0128 0.9999 -0.0021
vn -0.0006 1.0000 0.0064
vn 0.0432 0.9973 0.0591
vn -0.6170 -0.7870 -0.0000
vn -0.6170 -0.7869 -0.0000
vn -0.6170 -0.7869 -0.0005
vn -0.6170 -0.7869 0.0006
vn -0.6170 -0.7869 0.0004
vn -0.6170 -0.7869 0.0001
vn -0.6170 -0.7869 -0.0001
vn -0.6170 -0.7869 0.0002
vn -0.6170 -0.7869 0.0007
vn -0.6171 -0.7869 -0.0000
vn -0.6170 -0.7869 -0.0013
vn -0.6170 -0.7870 -0.0014
vn -0.6170 -0.7869 0.0003
vn -0.6171 -0.7869 0.0001
vn 0.6171 0.7869 -0.0000
vn 0.6170 0.7870 -0.0000
vn 0.6171 0.7869 0.0001
vn 0.6170 0.7869 -0.0000
vn 0.6170 0.7870 0.0066
vn 0.6171 0.7869 -0.0021
vn 0.6170 0.7869 -0.0006
vn 0.6170 0.7870 -0.0002
vn 0.6170 0.7870 -0.0001
vn 0.6170 0.7869 0.0001
vn 0.6170 0.7869 0.0003
vn 0.6170 0.7869 -0.0002
vn 0.6170 0.7869 0.0002
vn 0.6172 0.7868 -0.0001
vn 0.6170 0.7869 -0.0011
vn 0.6171 0.7869 -0.0001
vn 0.6169 0.7869 0.0138
vn 0.6170 0.7869 -0.0001
vn 0.7931 -0.6091 0.0035
vn 0.7728 -0.6056 -0.1896
vn 0.7852 -0.5906 -0.1862
vn 0.5890 -0.4403 -0.6777
vn 0.5344 -0.4799 -0.6958
vn 0.5954 -0.4353 -0.6753
vn 0.5280 -0.4842 -0.6977
vn 0.6536 -0.5090 0.5601
vn 0.7292 -0.5578 0.3965
vn 0.6610 -0.4908 0.5677
vn 0.4368 -0.3276 0.8378
vn 0.5554 -0.4107 0.7230
vn 0.4406 -0.3066 0.8437
vn 0.1524 -0.0981 0.9834
vn 0.2958 -0.2012 0.9338
vn 0.1540 -0.0756 0.9852
vn 0.0023 0.2889 0.9574
vn -0.0969 0.0629 0.9933
vn -0.1256 0.1069 0.9863
vn 0.1904 0.4381 0.8786
vn 0.1317 0.9719 0.1952
vn 0.3741 0.8940 0.2468
vn 0.6776 0.4954 -0.5436
vn 0.6468 0.5704 -0.5063
vn 0.7701 0.6044 0.2041
vn 0.8439 0.3488 -0.4077
vn -0.2102 0.9530 0.2183
vn 0.1625 0.9867 0.0066
vn -0.5512 0.8342 -0.0138
vn -0.9043 0.4268 -0.0005
vn -0.9036 0.4283 -0.0007
vn -0.9052 0.4250 -0.0041
vn -0.9059 0.4233 -0.0058
vn -0.2295 -0.4774 -0.8482
vn 0.2593 0.1086 -0.9597
vn -0.4091 -0.5285 -0.7438
vn -0.5283 -0.8474 0.0527
vn -0.1931 -0.9698 -0.1493
vn -0.4832 -0.7813 0.3952
vn -0.6990 -0.6612 -0.2724
vn -0.7140 -0.0721 -0.6964
vn -0.4090 -0.1395 -0.9018
vn -0.4962 -0.3448 -0.7968
vn -0.4927 0.2375 0.8372
vn 0.6985 -0.0939 -0.7095
vn 0.9455 0.1098 0.3066
vn 0.3709 -0.9191 0.1330
vn 0.8959 -0.4228 0.1360
vn 0.6309 -0.1987 0.7500
vn 0.8627 -0.5053 -0.0216
vn 0.9158 -0.3992 -0.0445
vn 0.7759 -0.4516 -0.4405
vn 0.0704 0.2999 0.9514
vn -0.0465 0.0527 0.9975
vn -0.0812 0.1234 0.9890
vn 0.0034 0.2178 0.9760
vn -0.0024 0.0834 0.9965
vn 0.4182 0.8618 0.2871
vn 0.0662 0.8488 0.5245
vn 0.8523 0.2075 -0.4801
vn 0.9189 -0.3773 0.1152
vn -0.5043 -0.8442 0.1815
vn 0.7186 -0.3004 -0.6272
vn 0.4193 -0.0728 -0.9049
vn 0.6876 -0.7260 -0.0110
vn 0.7582 -0.6517 -0.0184
vn 0.8251 -0.5616 0.0618
vn 0.7240 -0.5383 0.4314
vn 0.9873 0.1457 -0.0632
vn 0.0865 -0.9959 -0.0261
vn 0.0114 0.3898 -0.9208
vn -0.0335 -0.1204 -0.9922
vn -0.6995 -0.2112 0.6827
vn -0.1739 -0.8879 -0.4259
vn 0.2234 -0.9518 -0.2103
vn -0.4317 -0.9009 0.0449
vn -0.5600 -0.6748 0.4806
vn 0.6538 -0.7502 -0.0985
vn -0.2121 -0.9771 -0.0151
vn -0.9298 0.3618 0.0680
vn -0.3657 0.1024 -0.9251
vn -0.4871 0.4186 -0.7665
vn -0.7628 0.5081 -0.3999
vn -0.7666 0.5396 0.3480
vn 0.5103 0.8572 -0.0695
vn -0.1227 0.8982 -0.4221
vn -0.6241 0.7664 -0.1523
vn -0.6204 0.7821 0.0581
vn -0.4242 0.6361 0.6445
vn -0.7637 0.6453 0.0208
vn -0.6407 0.7220 0.2611
vn -0.7716 0.6315 -0.0766
vn -0.5253 0.6859 -0.5036
vn -0.1364 0.9640 -0.2283
vn -0.9759 -0.2141 -0.0427
vn -0.9359 -0.3523 -0.0030
vn -0.9516 -0.3058 0.0309
vn -0.9470 -0.3207 -0.0175
vn -0.9927 0.1199 0.0120
vn -0.9719 0.2351 -0.0067
vn -0.9951 -0.0985 -0.0071
vn -0.9854 -0.1703 -0.0000
vn 0.9375 -0.2970 0.1813
vn 0.9946 -0.1038 -0.0000
vn 0.9823 -0.0937 0.1623
vn 0.9513 -0.3083 -0.0000
vn 0.8968 -0.2633 0.3557
vn 0.9458 -0.0635 0.3185
vn 0.9375 -0.2970 0.1814
vn 0.8306 -0.2085 0.5164
vn 0.9458 -0.0635 0.3186
vn 0.8865 -0.0144 0.4625
vn 0.8967 -0.2632 0.3557
vn 0.7415 -0.1348 0.6572
vn 0.8067 0.0516 0.5887
vn 0.8305 -0.2085 0.5165
vn 0.6330 -0.0451 0.7728
vn 0.7095 0.1320 0.6922
vn 0.7415 -0.1348 0.6573
vn 0.5091 0.0574 0.8588
vn 0.5986 0.2237 0.7692
vn 0.6329 -0.0450 0.7729
vn 0.3748 0.1686 0.9117
vn 0.5985 0.2238 0.7692
vn 0.4783 0.3233 0.8165
vn 0.5091 0.0575 0.8588
vn 0.2402 0.2802 0.9294
vn 0.4782 0.3233 0.8166
vn 0.3577 0.4226 0.8327
vn 0.3747 0.1686 0.9117
vn 0.0791 0.4114 0.9080
vn 0.3577 0.4227 0.8327
vn 0.2138 0.5438 0.8115
vn 0.0451 0.5609 0.8267
vn 0.2137 0.5438 0.8115
vn 0.3702 0.7759 0.5108
vn 0.5665 0.8209 0.0723
vn -0.0163 0.6102 0.7921
vn 0.2893 0.9375 -0.1935
vn 0.5832 0.8088 -0.0757
vn 0.5857 0.8101 -0.0282
vn 0.5944 0.8042 -0.0032
vn 0.6011 0.7991 0.0107
vn 0.6084 0.7933 0.0217
vn 0.6219 0.7823 0.0360
vn 0.6350 0.7710 0.0484
vn 0.9375 -0.2970 -0.1813
vn 0.9823 -0.0937 -0.1624
vn 0.8968 -0.2633 -0.3557
vn 0.9823 -0.0937 -0.1623
vn 0.9458 -0.0635 -0.3185
vn 0.8306 -0.2085 -0.5164
vn 0.9458 -0.0634 -0.3186
vn 0.8968 -0.2632 -0.3557
vn 0.8865 -0.0144 -0.4625
vn 0.7415 -0.1349 -0.6572
vn 0.8305 -0.2085 -0.5165
vn 0.8067 0.0516 -0.5887
vn 0.6330 -0.0451 -0.7728
vn 0.7415 -0.1348 -0.6573
vn 0.7095 0.1320 -0.6922
vn 0.5092 0.0574 -0.8588
vn 0.6330 -0.0450 -0.7729
vn 0.5986 0.2237 -0.7692
vn 0.3748 0.1685 -0.9117
vn 0.5985 0.2238 -0.7692
vn 0.5091 0.0574 -0.8588
vn 0.4783 0.3233 -0.8166
vn 0.2403 0.2802 -0.9294
vn 0.4782 0.3233 -0.8166
vn 0.3747 0.1686 -0.9117
vn 0.3577 0.4226 -0.8327
vn 0.0792 0.4114 -0.9080
vn 0.3577 0.4227 -0.8327
vn 0.2402 0.2802 -0.9294
vn 0.2138 0.5438 -0.8115
vn 0.0162 0.5584 -0.8294
vn 0.2137 0.5438 -0.8115
vn 0.0791 0.4114 -0.9080
vn 0.0884 0.6441 -0.7598
vn 0.0491 0.6759 -0.7353
vn 0.0161 0.5585 -0.8294
vn 0.0491 0.6759 -0.7354
vn -0.7710 0.6368 -0.0000
vn -0.7719 0.6358 -0.0009
vn -0.7715 0.6363 -0.0003
vn -0.7885 0.6145 -0.0260
vn -0.6219 0.5040 0.5993
vn -0.6317 0.5184 0.5764
vn -0.6267 0.5501 0.5519
vn -0.4557 0.2162 -0.8635
vn -0.5965 0.5061 -0.6230
vn -0.7075 0.5100 -0.4892
vn -0.3795 0.0805 -0.9217
vn -0.5685 0.4675 -0.6769
vn -0.4964 0.2880 0.8189
vn -0.9288 0.0830 0.3612
vn -0.9634 0.0104 0.2678
vn -0.6616 -0.7498 -0.0003
vn -0.6632 -0.7484 0.0043
vn -0.6586 -0.7525 -0.0006
vn -0.6643 -0.7475 0.0035
vn -0.6507 -0.7593 0.0091
vn -0.6410 -0.7672 0.0238
vn -0.6606 -0.7506 -0.0136
vn -0.6948 -0.7158 -0.0699
vn -0.7025 -0.7073 -0.0784
vn -0.6243 -0.7686 0.1399
vn -0.6227 -0.7621 0.1773
vn -0.6478 -0.7466 -0.1510
vn -0.0370 -0.5232 0.8514
vn -0.1045 -0.4142 0.9041
vn -0.1053 -0.4150 0.9037
vn 0.4015 -0.2966 0.8665
vn 0.3363 -0.2288 0.9135
vn 0.4017 -0.2971 0.8662
vn 0.6463 -0.6374 0.4195
vn 0.6339 -0.5096 0.5818
vn 0.8020 -0.2601 0.5378
vn 0.6215 -0.5222 0.5839
vn 0.6230 -0.6851 0.3775
vn -0.9886 -0.0839 0.1247
vn -0.9590 -0.2721 -0.0799
vn -0.9975 -0.0707 0.0050
vn -0.9856 0.0514 0.1612
vn -0.0154 -0.4562 -0.8897
vn -0.1849 -0.3676 -0.9114
vn -0.1804 -0.3714 -0.9108
vn -0.2839 -0.2778 -0.9177
vn -0.5269 0.8479 -0.0585
vn -0.5618 0.8119 -0.1589
vn -0.5236 0.8500 -0.0581
vn -0.5635 0.4633 0.6840
vn 0.4416 -0.4776 0.7595
vn 0.5320 -0.4376 0.7249
vn -0.6772 0.2862 0.6778
vn -0.5514 0.4703 -0.6891
vn -0.6924 0.3003 -0.6561
vn -0.8774 -0.1290 0.4621
vn -0.7424 -0.1509 -0.6528
vn 0.4827 -0.6811 0.5505
vn 0.4741 -0.6368 -0.6081
vn 0.4240 -0.5001 -0.7551
vn 0.5308 -0.4363 -0.7266
vn 0.1038 0.2977 0.9490
vn -0.0467 0.0526 0.9975
vn -0.0811 0.1231 0.9891
vn -0.0022 0.2190 0.9757
vn -0.0268 0.0996 0.9947
vn 0.3764 0.8822 0.2829
vn 0.0653 0.8500 0.5227
vn 0.8527 0.2074 -0.4796
vn 0.9189 -0.3772 0.1154
vn 0.7251 -0.3031 -0.6183
vn 0.4038 -0.0713 -0.9120
vn -0.4953 -0.8466 0.1947
vn 0.6877 -0.7259 -0.0112
vn 0.8250 -0.5618 0.0615
vn 0.7163 -0.5406 0.4413
vn 0.7582 -0.6518 -0.0182
vn 0.9873 0.1398 -0.0752
vn 0.0862 -0.9962 -0.0084
vn 0.0118 0.3894 -0.9210
vn -0.7706 0.5168 -0.3730
vn -0.4886 0.4191 -0.7653
vn -0.3664 0.0996 -0.9251
vn -0.7029 -0.2091 0.6799
vn -0.7598 0.5335 0.3716
vn -0.0294 -0.1371 -0.9901
vn -0.1732 -0.8878 -0.4263
vn 0.2240 -0.9521 -0.2080
vn -0.2127 -0.9770 -0.0144
vn 0.6507 -0.7518 -0.1066
vn -0.9285 0.3621 0.0820
vn -0.6230 0.7674 -0.1518
vn -0.1366 0.9677 -0.2121
vn -0.5150 0.6800 -0.5219
vn -0.7714 0.6317 -0.0772
vn -0.7638 0.6452 0.0207
vn -0.6380 0.7171 0.2806
vn -0.6211 0.7815 0.0602
vn -0.4282 0.6422 0.6358
vn 0.5116 0.8558 -0.0763
vn -0.1200 0.9004 -0.4181
vn 0.8746 0.4707 0.1160
vn 0.7912 0.5437 0.2801
vn 0.8200 0.5158 0.2482
vn 0.8913 0.4483 0.0677
vn 0.8927 0.4458 -0.0664
vn 0.8731 0.4649 -0.1466
vn 0.8278 0.5069 -0.2404
vn 0.7807 0.5411 -0.3127
vn 0.7239 0.5898 -0.3580
vn 0.6402 0.6571 -0.3981
vn 0.5940 0.6904 -0.4130
vn 0.5050 0.7742 -0.3816
vn 0.5089 0.7744 -0.3759
vn 0.3886 0.8739 -0.2921
vn 0.3978 0.8698 -0.2920
vn 0.3287 0.9336 -0.1425
vn 0.3413 0.9213 -0.1862
vn 0.3018 0.9529 -0.0298
vn 0.2914 0.9544 0.0640
vn 0.3015 0.9399 0.1603
vn 0.2930 0.9097 0.2944
vn 0.4155 0.8487 0.3273
vn 0.4003 0.8729 0.2788
vn 0.5267 0.7520 0.3963
vn 0.5603 0.7204 0.4087
vn 0.6637 0.6349 0.3955
vn 0.6985 0.6099 0.3743
vn 0.7258 -0.5898 -0.3540
vn 0.6401 -0.4994 0.5839
vn 0.7494 -0.6602 -0.0500
vn 0.1626 -0.1769 -0.9707
vn 0.2387 -0.1731 -0.9555
vn -0.5162 0.4465 -0.7309
vn -0.7324 0.5591 -0.3886
vn -0.7061 0.6194 0.3431
vn -0.5490 0.4139 0.7261
vn -0.0885 0.1063 0.9904
vn 0.2999 -0.2867 0.9099
vn 0.3097 0.7031 0.6401
vn -0.2717 0.4832 0.8322
vn 0.5216 0.5869 0.6193
vn 0.7474 0.2575 0.6125
vn 0.5194 -0.0946 0.8493
vn 0.2189 -0.2486 0.9435
vn 0.6503 -0.6158 0.4449
vn 0.0703 -0.0582 0.9958
vn 0.7526 -0.6468 0.1237
vn 0.7309 -0.6041 -0.3175
vn 0.4858 -0.4412 -0.7546
vn 0.4877 -0.0825 -0.8691
vn 0.0831 -0.0837 -0.9930
vn 0.1302 -0.1061 -0.9858
vn 0.4001 0.7076 -0.5824
vn 0.5508 0.6567 -0.5152
vn 0.7069 0.3887 -0.5910
vn -0.3010 0.5621 -0.7703
vn -0.6878 0.7092 -0.1547
vn -0.2498 0.1500 -0.9566
vn -0.6940 0.5437 -0.4720
vn -0.0958 0.0780 -0.9923
vn -0.6903 0.6950 0.2013
vn -0.6810 0.5535 0.4795
vn -0.1987 0.1010 0.9748
vn -0.3050 0.2520 0.9184
vn -0.0394 -0.9992 0.0051
vn 0.0020 -0.9996 -0.0270
vn -0.0596 -0.9974 0.0407
vn -0.0026 -0.9999 -0.0145
vn -0.0762 -0.9963 0.0401
vn -0.0737 -0.9962 0.0473
vn -0.0349 -0.9994 0.0023
vn -0.0351 -0.9994 0.0018
vn -0.0351 -0.9994 0.0019
vn 0.7739 -0.6333 0.0078
vn 0.7731 -0.6342 0.0064
vn 0.7735 -0.6338 0.0055
vn 0.7735 -0.6338 0.0086
vn -0.6348 -0.7727 0.0010
vn -0.6365 -0.7713 0.0003
vn -0.6358 -0.7719 0.0003
vn -0.6361 -0.7716 0.0010
vn -0.6360 -0.7717 0.0008
vn -0.6360 -0.7717 0.0006
vn -0.6360 -0.7717 0.0005
vn -0.6361 -0.7716 0.0009
vn 0.4546 0.8563 -0.2453
vn -0.0840 0.8831 -0.4617
vn 0.5268 0.7997 -0.2880
vn 0.6459 0.7512 -0.1359
vn 0.7935 0.5680 -0.2185
vn 0.5378 0.8171 -0.2079
vn 0.7262 0.6624 -0.1839
vn -0.8264 0.2803 -0.4884
vn 0.5904 0.7534 -0.2895
vn 0.6803 -0.2106 -0.7020
vn -0.3827 0.3243 -0.8651
vn -0.3894 0.3111 -0.8669
vn -0.6729 0.5633 -0.4795
vn -0.6803 0.5671 -0.4644
vn -0.0068 0.0583 -0.9983
vn -0.0016 0.0057 -1.0000
vn 0.2794 -0.3071 -0.9097
vn 0.7718 -0.5931 -0.2292
vn 0.6760 -0.7353 -0.0486
vn 0.7635 -0.6102 0.2114
vn 0.8335 -0.4914 -0.2526
vn 0.8052 -0.4759 0.3537
vn 0.7040 -0.4209 0.5719
vn 0.7061 -0.4248 0.5666
vn 0.6500 -0.1745 0.7396
vn 0.2980 -0.3245 0.8977
vn -0.3810 0.3259 0.8652
vn -0.0015 0.0183 0.9998
vn -0.0046 0.0200 0.9998
vn -0.6945 0.5786 0.4277
vn -0.4093 0.3269 0.8518
vn -0.6661 0.5660 0.4858
vn 0.4588 0.8513 0.2543
vn 0.4075 0.8685 0.2823
vn 0.5735 0.7944 0.2000
vn 0.8049 0.5532 0.2148
vn 0.4491 0.8683 0.2104
vn 0.6329 0.6817 0.3671
vn 0.5411 0.7803 0.3136
vn 0.5106 0.8079 0.2941
vn 0.1898 -0.1516 0.9701
vn 0.1156 -0.0952 0.9887
vn 0.1902 -0.1517 0.9700
vn 0.1091 -0.0903 0.9899
vn 0.2718 -0.9599 -0.0687
vn -0.1901 -0.9663 -0.1735
vn 0.2629 -0.9188 -0.2943
vn -0.0519 -0.9987 0.0008
vn -0.7282 -0.6794 -0.0898
vn -0.5869 -0.8077 -0.0570
vn -0.8427 -0.4677 -0.2666
vn -0.2544 -0.9632 0.0870
vn 0.2562 -0.9402 0.2246
vn -0.1823 -0.9570 -0.2255
vn 0.3196 -0.9294 0.1846
vn 0.3872 -0.8714 0.3012
vn -0.6962 -0.7039 -0.1407
vn -0.8087 -0.5882 -0.0040
vn 0.7280 -0.4238 -0.5389
vn 0.6986 -0.4178 -0.5809
vn 0.1630 -0.1325 -0.9777
vn 0.1206 -0.0929 -0.9883
vn 0.1677 -0.1369 -0.9763
vn 0.1164 -0.0890 -0.9892
vn -0.5737 0.4772 -0.6657
vn -0.5716 0.4769 -0.6677
vn -0.5677 0.4751 -0.6723
vn -0.5746 0.4777 -0.6646
vn -0.7751 0.6318 0.0058
vn -0.7794 0.6255 0.0350
vn -0.7789 0.6272 -0.0000
vn -0.7828 0.6222 0.0134
vn -0.5743 0.4785 0.6643
vn -0.5746 0.4808 0.6624
vn -0.5771 0.4812 0.6599
vn -0.5741 0.4782 0.6646
vn 0.0042 0.0041 -1.0000
vn 0.0040 0.0049 -1.0000
vn 0.0033 0.0046 -1.0000
vn 0.0067 0.0038 -1.0000
vn -0.0000 -0.0000 -1.0000
vn -0.0000 -0.0000 1.0000
vn 0.0042 0.0041 1.0000
vn 0.0041 0.0048 1.0000
vn 0.0067 0.0038 1.0000
vn 0.0032 0.0046 1.0000
vn 0.3523 -0.9331 -0.0720
vn 0.3572 -0.9297 0.0902
vn 0.3087 -0.8826 -0.3545
vn 0.3058 -0.8710 -0.3846
vn 0.2898 -0.8242 -0.4865
vn 0.3133 -0.8264 -0.4679
vn 0.3599 -0.8824 0.3031
vn 0.3462 -0.8164 0.4622
vn 0.3273 -0.8011 0.5012
vn 0.3133 -0.8264 0.4679
vn 0.7415 -0.6665 -0.0768
vn 0.7490 -0.6513 0.1217
vn 0.7454 -0.6626 0.0735
vn 0.7465 -0.6539 -0.1230
vn 0.7684 -0.6397 0.0182
vn 0.7571 -0.6524 0.0343
vn 0.7594 -0.6506 0.0075
vn 0.7599 -0.6500 0.0051
vn 0.7849 -0.6195 0.0123
vn 0.9832 0.0378 -0.1784
vn 0.9708 0.1337 -0.1991
vn 0.7829 -0.6220 0.0132
vn 0.7811 -0.6030 0.1622
vn 0.7793 -0.6044 0.1653
vn 0.8046 -0.5817 0.1191
vn 0.4159 0.3725 0.8296
vn 0.2879 0.4783 -0.8296
vn 0.2217 0.1851 -0.9574
vn 0.1403 0.2525 0.9574
vn -0.0160 0.0365 0.9992
vn 0.0096 0.0116 0.9999
vn 0.0388 -0.0089 -0.9992
vn 0.0096 0.0116 -0.9999
vn 0.0377 -0.0105 -0.9992
vn 0.4497 -0.1500 -0.8805
vn -0.1961 0.8254 -0.5294
vn 0.8475 -0.0379 0.5294
vn -0.2316 0.4136 0.8805
vn -0.0174 0.0350 0.9992
vn -0.7814 0.6240 -0.0075
vn -0.7809 0.6247 -0.0051
vn -0.7827 0.6214 -0.0343
vn -0.7556 0.6549 -0.0123
vn -0.1466 0.9730 0.1785
vn -0.0500 0.9787 0.1992
vn -0.7577 0.6524 -0.0132
vn -0.7431 0.6538 -0.1428
vn -0.7443 0.6519 -0.1448
vn -0.7296 0.6754 -0.1069
vn -0.7765 0.6296 -0.0241
vn -0.7741 0.6321 -0.0351
vn -0.7766 0.6297 0.0219
vn -0.7741 0.6322 0.0344
vn -0.7723 0.6350 -0.0207
vn 0.7705 -0.6374 -0.0000
vn 0.0018 0.0124 0.9999
vn 0.0023 0.0025 1.0000
vn 0.0014 -0.0134 0.9999
vn 0.9654 0.1962 0.1718
vn 0.0040 0.0271 0.9996
vn 0.0134 0.0300 0.9995
vn 0.0080 0.0290 0.9995
vn 0.0282 0.0131 0.9995
vn 0.0281 0.0373 0.9989
vn 0.9584 0.1905 -0.2124
vn -0.7759 -0.6308 0.0033
vn -0.7789 -0.6272 0.0029
vn -0.8223 -0.5690 -0.0037
vn -0.8249 -0.5653 -0.0041
vn -0.1959 0.9805 -0.0179
vn -0.2067 0.9782 0.0225
vn -0.2067 0.9781 -0.0226
vn 0.3172 0.9483 0.0089
vn 0.0548 0.9983 0.0179
vn 0.7664 0.6406 0.0467
vn 0.9029 0.4281 -0.0397
vn -0.1921 0.9813 -0.0118
vn 0.3141 0.9494 -0.0082
vn 0.0542 0.9984 -0.0178
vn 0.7664 0.6406 -0.0467
vn 0.9029 0.4281 0.0397
vn -0.1186 0.6522 0.7487
vn -0.0409 0.6512 0.7578
vn -0.0790 0.1462 0.9861
vn -0.0123 0.0050 0.9999
vn 0.0035 -0.0261 0.9997
vn 0.0038 -0.0311 0.9995
vn -0.1339 0.6511 0.7471
vn -0.0404 0.6495 0.7593
vn -0.0400 0.6491 0.7597
vn -0.0400 0.0698 0.9968
vn 0.6579 -0.0375 0.7522
vn 0.0231 -0.9997 0.0052
vn 0.0311 -0.9995 -0.0012
vn 0.0566 -0.9984 0.0078
vn 0.0234 -0.9997 -0.0048
vn 0.0337 -0.9994 -0.0044
vn 0.0397 -0.9992 -0.0010
vn -0.0000 -0.9999 -0.0145
vn 0.0310 -0.9995 0.0050
vn 0.0320 -0.9995 0.0005
vn 0.0232 -0.9997 -0.0052
vn 0.0233 -0.9997 0.0048
vn 0.0372 -0.9993 0.0023
vn 0.0389 -0.9992 0.0009
vn -0.0790 0.1462 -0.9861
vn 0.0035 -0.0261 -0.9997
vn -0.0123 0.0050 -0.9999
vn 0.0038 -0.0311 -0.9995
vn -0.1339 0.6512 -0.7470
vn -0.0400 0.6491 -0.7597
vn -0.0400 0.0698 -0.9968
vn 0.0028 0.0281 -0.9996
vn 0.9642 0.2060 -0.1670
vn 0.0077 0.0316 -0.9995
vn 0.0014 -0.0135 -0.9999
vn 0.0023 0.0025 -1.0000
vn 0.0018 0.0124 -0.9999
vn 0.0278 0.0373 -0.9989
vn 0.9586 0.1898 0.2123
vn 0.0283 0.0132 -0.9995
vn 0.0102 0.0281 -0.9996
vn 0.6579 -0.0375 -0.7521
vn 0.9984 -0.0569 -0.0000
vn 0.9005 0.4315 0.0531
vn 0.7834 0.6172 -0.0730
vn 0.4381 0.8978 0.0449
vn 0.0540 0.9978 -0.0371
vn -0.1732 0.9820 0.0751
vn -0.3385 0.9409 -0.0109
vn 0.0247 -0.9997 0.0058
vn 0.0253 -0.9997 -0.0040
vn 0.0275 -0.9995 -0.0162
vn 0.0274 -0.9996 -0.0094
vn 0.0159 -0.9997 0.0166
vn 0.6578 -0.0375 -0.7523
vn 0.6579 -0.0375 -0.7522
vn -0.0744 0.6514 -0.7550
vn -0.0908 0.6519 -0.7528
vn -0.0408 0.6501 -0.7587
vn -0.1223 0.6520 -0.7482
vn -0.6607 0.7506 -0.0055
vn -0.1997 0.9799 0.0006
vn -0.6070 0.7947 0.0036
vn -0.1907 0.9816 0.0030
vn -0.1733 0.9834 0.0531
vn -0.1772 0.9811 0.0773
vn -0.3687 0.9291 0.0278
vn -0.1777 0.9841 -0.0000
vn -0.1949 0.9804 -0.0279
vn -0.3918 0.9199 -0.0146
vn -0.1778 0.9841 -0.0000
vn -0.7285 0.6846 -0.0244
vn -0.7106 0.7032 0.0205
vn -0.9333 0.3590 -0.0002
vn -0.9282 0.3720 -0.0027
vn -0.1739 0.9848 0.0004
vn -0.1747 0.9846 0.0002
vn -0.1740 0.9847 0.0093
vn -0.1748 0.9846 -0.0087
vn -0.1431 0.9876 -0.0648
vn -0.1171 0.9907 0.0689
vn -0.1398 0.9901 -0.0136
vn 0.4087 -0.9127 -0.0000
vn 0.2228 -0.9749 -0.0000
vn 0.0283 -0.9996 -0.0000
vn 0.0284 -0.9996 -0.0000
vn -0.1672 -0.9859 -0.0000
vn -0.3563 -0.9344 -0.0000
vn -0.3564 -0.9343 -0.0000
vn -0.5318 -0.8469 -0.0000
vn -0.5317 -0.8469 -0.0000
vn 0.7005 -0.7137 -0.0000
vn -0.9859 0.1672 -0.0000
vn -0.0140 -0.9998 -0.0147
vn -0.0233 -0.9997 0.0046
vn -0.0249 -0.9993 -0.0275
vn -0.0293 -0.9995 0.0064
vn 0.1397 -0.9902 0.0019
vn -0.0253 -0.9993 0.0266
vn -0.0427 -0.9990 0.0153
vn 0.5437 -0.7081 -0.4505
vn -0.3441 -0.9217 -0.1789
vn -0.1811 -0.8653 0.4675
vn -0.0233 -0.9997 -0.0046
vn -0.0055 -1.0000 0.0021
vn -0.0293 -0.9995 -0.0064
vn -0.2287 0.9735 -0.0008
vn -0.1902 0.9817 0.0037
vn -0.2165 0.9763 -0.0005
vn -0.1916 0.9815 0.0052
vn -0.0887 0.9958 -0.0203
vn -0.1134 0.9935 0.0107
vn -0.0201 0.9997 0.0119
vn -0.0220 0.9992 0.0323
vn -0.0339 0.9993 0.0150
vn 0.1727 0.9471 0.2707
vn -0.0260 0.9942 0.1045
vn -0.0398 0.9992 -0.0047
vn -0.0251 0.9997 0.0007
vn -0.0186 0.9998 0.0024
vn -0.0387 0.9992 0.0025
vn -0.0344 0.9993 -0.0146
vn 0.1727 0.9471 -0.2706
vn -0.0260 0.9942 -0.1045
vn -0.0220 0.9992 -0.0323
vn -0.0887 0.9958 0.0203
vn -0.1134 0.9935 -0.0107
vn -0.0212 0.9997 -0.0116
vn -0.1905 0.9817 -0.0057
vn -0.2287 0.9735 0.0008
vn -0.2171 0.9762 0.0009
vn -0.1916 0.9815 -0.0052
vn -0.9958 0.0912 -0.0003
vn -0.9960 0.0889 -0.0005
vn -0.9962 0.0869 0.0050
vn -0.9986 0.0506 0.0140
vn -0.9990 0.0417 0.0140
vn -0.9995 -0.0299 0.0072
vn -0.9956 0.0925 -0.0174
vn -0.9906 0.1367 0.0014
vn -0.9962 0.0871 -0.0097
vn -0.9992 0.0401 -0.0092
vn -0.9997 -0.0064 -0.0218
vn -0.9993 0.0377 -0.0087
vn -0.0209 0.9997 -0.0117
vn -0.0190 0.9998 -0.0080
vn -0.0231 0.9996 -0.0162
vn -0.0170 0.9998 -0.0037
vn -0.0397 -0.9992 -0.0042
vn 0.0709 -0.9750 0.2105
vn 0.0250 -0.9951 -0.0955
vn -0.0023 -1.0000 0.0084
vn -0.1016 -0.9946 0.0217
vn -0.0145 -0.9999 -0.0069
vn -0.1958 -0.9798 -0.0410
vn -0.1028 -0.9946 0.0139
vn -0.0997 -0.9950 0.0062
vn -0.0261 -0.9996 -0.0078
vn -0.0462 -0.9989 0.0086
vn -0.2402 -0.9692 0.0551
vn -0.1021 -0.9945 -0.0234
vn 0.0250 -0.9951 0.0955
vn -0.1956 -0.9798 0.0408
vn -0.1029 -0.9946 -0.0145
vn -0.0977 -0.9952 -0.0093
vn 0.0209 -0.9997 0.0117
vn 0.0191 -0.9998 0.0083
vn 0.0169 -0.9998 0.0037
vn 0.0231 -0.9996 0.0162
vn 0.9887 -0.1407 0.0519
vn 0.9963 -0.0851 0.0095
vn 0.9973 -0.0013 -0.0735
vn 0.9952 -0.0764 -0.0615
vn -0.0004 0.0023 1.0000
vn 0.0008 -0.0086 1.0000
vn 0.0007 -0.0080 1.0000
vn -0.0004 0.0026 1.0000
vn 0.9856 0.1692 0.0001
vn 0.9936 -0.1125 0.0044
vn 0.9936 -0.0802 0.0798
vn 0.9903 -0.1176 -0.0740
vn 0.9908 -0.1349 -0.0126
vn 0.9908 -0.1349 0.0120
vn 0.9909 -0.1253 -0.0496
vn -0.9093 -0.4160 0.0059
vn -0.8848 -0.4645 0.0368
vn -0.9265 -0.3762 -0.0020
vn -0.8735 -0.4846 0.0456
vn -0.0019 0.0199 0.9998
vn 0.0171 0.0084 0.9998
vn -0.0019 0.0201 0.9998
vn 0.0235 -0.0130 0.9996
vn 0.0912 0.9952 -0.0344
vn 0.1022 0.9947 0.0067
vn 0.1222 0.9920 -0.0301
vn 0.0998 0.9949 0.0151
vn 0.1059 0.9944 0.0001
vn 0.1005 0.9948 -0.0154
vn 0.1139 0.9935 -0.0046
vn 0.1043 0.9945 0.0008
vn 0.1022 0.9948 0.0022
vn 0.0872 0.9957 0.0321
vn 0.1016 0.9948 -0.0058
vn 0.1039 0.9939 0.0370
vn 0.9846 0.1703 -0.0398
vn 0.9151 0.4031 0.0051
vn 0.9782 0.2078 0.0056
vn 0.9845 0.1707 0.0398
vn 0.9781 0.2083 -0.0056
vn 0.9149 0.4037 -0.0051
vn 0.7657 -0.6430 -0.0124
vn 0.7899 -0.6132 0.0018
vn 0.7657 -0.6431 0.0124
vn 0.7899 -0.6132 -0.0018
vn -0.0209 0.9997 0.0117
vn -0.0191 0.9998 0.0082
vn -0.0170 0.9998 0.0037
vn -0.0230 0.9996 0.0161
vn 0.0209 -0.9997 -0.0117
vn 0.0190 -0.9998 -0.0080
vn 0.0230 -0.9996 -0.0161
vn 0.0169 -0.9998 -0.0037
vn 0.9887 -0.1407 -0.0519
vn 0.9987 0.0187 0.0469
vn 0.9969 -0.0553 0.0558
vn 0.9952 -0.0764 0.0615
vn -0.0004 0.0023 -1.0000
vn 0.0007 -0.0080 -1.0000
vn 0.0008 -0.0086 -1.0000
vn -0.0004 0.0026 -1.0000
vn -0.9094 -0.4160 -0.0059
vn -0.8848 -0.4645 -0.0368
vn -0.8735 -0.4846 -0.0456
vn -0.9270 -0.3749 -0.0045
vn -0.0026 -0.0166 -0.9999
vn -0.0026 -0.0172 -0.9998
vn -0.0039 0.0172 -0.9998
vn 0.0229 -0.0133 -0.9996
vn -0.9996 -0.0285 -0.0000
vn -0.3906 0.9136 -0.1128
vn 0.0150 0.7438 0.6683
vn 0.7107 0.7033 0.0168
vn 0.9716 0.2366 -0.0005
vn 0.9129 0.3415 -0.2235
vn 0.9473 0.3204 0.0044
vn 0.6308 0.6493 -0.4249
vn -0.0732 0.5207 0.8506
vn -0.8689 0.4883 0.0809
vn -0.6716 0.7163 0.1895
vn -0.9549 0.2881 -0.0716
vn -0.8601 0.5098 0.0161
vn -0.6618 0.7441 -0.0913
vn -0.9953 0.0971 0.0035
vn -0.3769 0.7576 -0.5329
vn 0.0987 -0.0013 -0.9951
vn 0.1639 0.3886 -0.9067
vn 0.1002 0.4440 -0.8904
vn 0.0403 -0.0447 -0.9982
vn 0.0135 -0.0362 -0.9993
vn -0.5117 -0.2867 -0.8100
vn -0.5028 -0.2971 -0.8117
vn -0.4425 0.2869 -0.8497
vn -0.4190 0.2697 -0.8670
vn -0.3091 0.3936 -0.8657
vn -0.2029 0.4551 -0.8670
vn -0.1786 -0.9839 -0.0110
vn 0.0147 -0.9995 -0.0269
vn 0.0431 -0.9988 -0.0226
vn 0.1122 -0.9937 -0.0074
vn 0.1249 -0.9921 0.0088
vn 0.0488 -0.9986 0.0192
vn -0.1322 -0.9912 0.0097
vn 0.0249 -0.9994 0.0230
vn 0.0403 -0.0447 0.9982
vn -0.5027 -0.2971 0.8118
vn -0.4850 -0.3015 0.8209
vn -0.4425 0.2869 0.8496
vn -0.4190 0.2697 0.8670
vn -0.3091 0.3936 0.8657
vn -0.2029 0.4551 0.8670
vn 0.1002 0.4440 0.8904
vn 0.1638 0.3886 0.9067
vn 0.0987 -0.0013 0.9951
vn 0.0159 -0.0344 0.9993
vn -0.0891 -0.9960 0.0054
vn 0.2339 -0.9721 -0.0200
vn 0.3769 -0.9263 0.0040
vn 0.2548 -0.9668 -0.0202
vn 0.6028 -0.7979 0.0038
vn 0.0001 -0.0001 1.0000
vn 0.1168 -0.9596 -0.2561
vn 0.2132 -0.9239 -0.3178
vn -0.3814 -0.8978 -0.2203
vn 0.4480 -0.8287 -0.3355
vn -0.6182 -0.6970 -0.3633
vn -0.6602 -0.6093 -0.4392
vn 0.3850 -0.8227 -0.4183
vn 0.4688 0.8373 0.2814
vn 0.7701 -0.3190 -0.5524
vn 0.7239 -0.5180 -0.4557
vn 0.8725 -0.2311 -0.4305
vn 0.8867 -0.2181 -0.4077
vn 0.9379 -0.0312 -0.3456
vn 0.9485 0.0004 -0.3169
vn 0.9411 0.2180 -0.2583
vn 0.9329 0.3116 -0.1805
vn 0.7406 0.6567 -0.1423
vn 0.3752 0.8940 -0.2449
vn 0.3400 0.9055 -0.2539
vn 0.9325 0.1751 -0.3160
vn 0.4194 0.8167 -0.3965
vn 0.8403 0.4689 -0.2720
vn 0.9317 0.1553 -0.3285
vn 0.1601 0.9043 -0.3959
vn 0.0888 0.9037 -0.4189
vn 0.0474 0.8977 -0.4380
vn -0.1207 0.8707 -0.4768
vn -0.0817 0.8383 -0.5391
vn -0.1518 0.8970 -0.4152
vn -0.0929 0.8686 -0.4867
vn -0.8843 0.4281 -0.1866
vn -0.4098 0.8461 -0.3410
vn -0.9816 0.1565 -0.1094
vn -0.8691 0.4815 -0.1133
vn -0.9909 0.0855 -0.1036
vn 0.7275 -0.6560 -0.2011
vn 0.8569 0.5096 -0.0775
vn 0.6987 -0.6359 -0.3278
vn 0.3606 -0.9164 -0.1735
vn 0.2446 -0.9549 -0.1681
vn 0.8777 0.1063 -0.4673
vn 0.8893 0.0786 -0.4504
vn 0.7168 0.4211 -0.5558
vn 0.6945 0.4892 -0.5276
vn 0.7069 0.5347 -0.4630
vn 0.7233 0.4864 -0.4902
vn 0.8606 0.4262 -0.2786
vn 0.8365 0.4949 -0.2353
vn 0.0022 0.9446 -0.3281
vn 0.2342 0.9719 -0.0215
vn -0.6592 0.7246 -0.2012
vn -0.7087 0.6735 -0.2103
vn 0.1765 -0.1460 0.9734
vn -0.0867 -0.9956 0.0349
vn -0.0303 -0.9905 0.1339
vn -0.1269 -0.9912 -0.0371
vn -0.1630 -0.9813 -0.1028
vn 0.1520 -0.1258 -0.9803
vn -0.8644 0.4984 0.0666
vn -0.8126 0.5829 0.0001
vn -0.8217 0.5543 0.1325
vn -0.8011 0.5974 0.0360
vn -0.8010 0.5948 -0.0683
vn -0.8252 0.5515 -0.1222
vn -0.8639 0.4995 -0.0644
vn -0.6930 0.7206 0.0211
vn -0.6848 0.7287 0.0116
vn -0.6646 0.7472 -0.0110
vn -0.6558 0.7547 -0.0205
vn 0.3054 0.9516 0.0342
vn 0.3056 0.9522 -0.0000
vn 0.3054 0.9516 -0.0342
vn -0.2980 -0.3602 0.8840
vn 0.7467 -0.6647 0.0239
vn 0.7534 -0.6576 0.0017
vn 0.7535 -0.6575 0.0014
vn 0.7605 -0.6489 -0.0240
vn -0.2980 -0.3602 -0.8840
vn -0.6376 -0.7704 0.0001
vn -0.6374 -0.7706 -0.0001
vn -0.6372 -0.7707 -0.0002
vn -0.0288 -0.0348 0.9990
vn -0.0288 -0.0348 -0.9990
vn -0.1511 0.1185 -0.9814
vn -0.4015 0.0963 -0.9108
vn -0.0764 0.0599 -0.9953
vn -0.0976 0.0405 -0.9944
vn -0.4256 0.0761 -0.9017
vn -0.5684 0.2269 -0.7908
vn -0.5079 0.1435 -0.8494
vn -0.3236 0.6090 -0.7241
vn -0.3692 0.6809 -0.6325
vn -0.7273 0.5703 -0.3818
vn -0.6551 0.5137 -0.5541
vn -0.6536 0.5125 -0.5568
vn -0.7963 0.5722 -0.1961
vn -0.7201 0.5646 -0.4033
vn -0.7241 0.5596 -0.4031
vn -0.8004 0.5671 -0.1945
vn -0.8110 0.5846 -0.0223
vn -0.8093 0.5743 -0.1233
vn -0.7594 0.6507 -0.0014
vn -0.7514 0.6526 0.0975
vn -0.7553 0.5461 0.3623
vn -0.7864 0.5573 0.2664
vn -0.6674 0.6346 0.3896
vn -0.6260 0.6153 0.4791
vn -0.0772 0.0605 -0.9952
vn 0.0016 0.0187 -0.9998
vn -0.1620 0.1323 -0.9779
vn -0.1270 0.1173 -0.9849
vn -0.1457 0.1142 -0.9827
vn -0.6943 0.5442 -0.4710
vn -0.6940 0.5442 -0.4713
vn -0.6941 0.5442 -0.4712
vn -0.7592 0.5826 -0.2901
vn -0.7648 0.5997 -0.2356
vn -0.7533 0.5850 -0.3005
vn -0.7213 0.5714 -0.3915
vn -0.6550 0.5137 -0.5542
vn -0.7273 0.5704 -0.3817
vn -0.7659 0.6127 -0.1947
vn -0.7865 0.6174 -0.0148
vn -0.7953 0.6062 0.0003
vn -0.7752 0.6200 -0.1211
vn -0.7928 0.5930 0.1405
vn -0.7356 0.5723 0.3623
vn -0.7620 0.5979 0.2488
vn -0.7534 0.5964 0.2771
vn -0.7341 0.5686 0.3711
vn -0.7315 0.5558 0.3948
vn -0.3090 0.2265 0.9237
vn -0.3220 0.2472 0.9139
vn -0.3180 0.2408 0.9170
vn -0.4007 0.3162 0.8599
vn -0.0051 -0.0137 0.9999
vn -0.0213 0.0106 0.9997
vn -0.0162 0.0031 0.9999
vn 0.4991 -0.3914 0.7731
vn 0.4356 -0.3416 0.8328
vn 0.5552 -0.4354 0.7087
vn 0.6082 -0.4770 0.6345
vn 0.5553 -0.4355 0.7085
vn 0.6939 -0.5442 0.4715
vn 0.6536 -0.5126 0.5569
vn 0.6535 -0.5125 0.5570
vn 0.7831 -0.6141 -0.0980
vn 0.7717 -0.6052 -0.1955
vn 0.7548 -0.5915 -0.2835
vn 0.7727 -0.6045 -0.1936
vn 0.7551 -0.5921 -0.2815
vn 0.7276 -0.5687 -0.3836
vn 0.7831 -0.6141 0.0980
vn 0.7717 -0.6052 0.1955
vn 0.7869 -0.6171 0.0001
vn 0.7267 -0.5699 0.3836
vn 0.7717 -0.6052 0.1958
vn 0.6648 -0.5250 -0.5314
vn 0.7095 -0.5545 -0.4348
vn 0.6612 -0.5246 -0.5363
vn 0.4466 -0.3533 -0.8220
vn 0.5240 -0.4049 -0.7493
vn 0.4385 -0.3510 -0.8273
vn 0.4196 -0.3453 -0.8394
vn 0.0024 -0.0019 -1.0000
vn 0.0404 0.0079 -0.9992
vn 0.0771 -0.0604 -0.9952
vn 0.1511 -0.1185 -0.9814
vn 0.2283 -0.1790 -0.9570
vn 0.2990 -0.2346 -0.9250
vn 0.6527 -0.5236 -0.5476
vn 0.7266 -0.5698 0.3838
vn 0.3708 -0.2908 0.8820
vn 0.2992 -0.2346 0.9249
vn 0.4355 -0.3415 0.8329
vn 0.2283 -0.1790 0.9570
vn 0.1513 -0.1186 0.9813
vn 0.2282 -0.1790 0.9570
vn 0.2991 -0.2345 0.9250
vn -0.1115 0.0894 0.9897
vn -0.5034 0.3952 0.7684
vn -0.5581 0.4392 0.7041
vn -0.5049 0.3960 0.7670
vn -0.4379 0.3454 0.8300
vn -0.6083 0.4771 0.6343
vn -0.6549 0.5137 0.5543
vn -0.5576 0.4373 0.7056
vn -0.5421 0.3811 -0.7489
vn -0.4976 0.3774 -0.7810
vn -0.4904 0.3767 -0.7859
vn -0.3812 0.3223 -0.8665
vn 0.0022 -0.0017 -1.0000
vn -0.2917 0.2521 -0.9227
vn -0.4983 -0.7835 -0.3713
vn -0.5080 -0.8199 -0.2638
vn -0.5834 -0.8053 -0.1055
vn -0.5083 -0.7648 -0.3959
vn -0.4344 -0.8133 -0.3871
vn -0.5683 -0.7190 -0.4001
vn -0.5014 -0.7694 -0.3957
vn -0.5250 -0.7582 -0.3867
vn -0.5524 -0.7393 -0.3851
vn -0.4490 -0.8135 -0.3696
vn -0.3870 -0.8591 -0.3348
vn -0.4122 -0.8468 -0.3362
vn -0.4394 -0.8290 -0.3460
vn -0.3933 -0.8549 -0.3383
vn -0.4348 -0.8772 -0.2037
vn -0.3918 -0.8669 -0.3083
vn -0.3273 -0.8973 -0.2963
vn -0.5538 -0.8284 -0.0840
vn -0.3465 -0.8938 -0.2846
vn -0.3231 -0.9168 -0.2348
vn -0.3449 -0.9029 -0.2565
vn -0.2997 -0.9276 -0.2229
vn -0.3043 -0.9246 -0.2291
vn -0.3851 -0.9160 -0.1123
vn -0.3122 -0.9291 -0.1985
vn -0.2558 -0.9533 -0.1604
vn -0.2774 -0.9480 -0.1562
vn -0.2713 -0.9575 -0.0980
vn -0.2847 -0.9500 -0.1279
vn -0.2528 -0.9644 -0.0771
vn -0.2573 -0.9630 -0.0807
vn -0.2487 -0.9686 -0.0002
vn -0.2490 -0.9685 -0.0003
vn -0.2680 -0.9619 -0.0541
vn -0.2640 -0.9630 0.0537
vn -0.2535 -0.9640 0.0805
vn -0.2563 -0.9636 0.0755
vn -0.2730 -0.9497 0.1534
vn -0.2741 -0.9569 0.0962
vn -0.2728 -0.9497 0.1537
vn -0.3034 -0.9322 0.1971
vn -0.3015 -0.9264 0.2257
vn -0.3021 -0.9275 0.2201
vn -0.3390 -0.9046 0.2585
vn -0.3249 -0.9169 0.2318
vn -0.3414 -0.8952 0.2866
vn -0.3371 -0.8987 0.2805
vn -0.4634 -0.8538 0.2371
vn -0.3650 -0.8871 0.2826
vn -0.3773 -0.8581 0.3484
vn -0.3893 -0.8601 0.3296
vn -0.4345 -0.8300 0.3498
vn -0.4141 -0.8481 0.3306
vn -0.4447 -0.8142 0.3733
vn -0.4231 -0.8324 0.3580
vn -0.5143 -0.8056 0.2942
vn -0.4581 -0.8208 0.3414
vn -0.5295 -0.8013 0.2786
vn -0.5650 -0.7656 0.3076
vn -0.5742 -0.7126 0.4030
vn -0.5754 -0.7176 0.3925
vn -0.6325 -0.7212 0.2825
vn -0.6248 -0.6640 0.4108
vn -0.6247 -0.6757 0.3914
vn -0.6857 -0.6262 0.3711
vn -0.6438 -0.6680 0.3732
vn -0.6861 -0.6256 0.3713
vn -0.6265 -0.7704 0.1182
vn -0.5628 -0.7751 0.2872
vn -0.7232 -0.6033 0.3363
vn -0.7422 -0.5809 0.3342
vn -0.7389 -0.5851 0.3341
vn -0.7886 -0.5452 0.2842
vn -0.7883 -0.5456 0.2843
vn -0.7516 -0.5823 0.3099
vn -0.8128 -0.5330 0.2352
vn -0.8293 -0.5125 0.2225
vn -0.8262 -0.5167 0.2244
vn -0.8556 -0.4937 0.1555
vn -0.8309 -0.5203 0.1971
vn -0.8572 -0.4908 0.1559
vn -0.8113 -0.5817 0.0586
vn -0.7017 -0.7119 0.0278
vn -0.8836 -0.4611 0.0817
vn -0.8736 -0.4791 0.0851
vn -0.8159 -0.5781 0.0036
vn -0.8668 -0.4952 0.0590
vn -0.8899 -0.4561 -0.0000
vn -0.8819 -0.4713 -0.0122
vn -0.8817 -0.4520 -0.1355
vn -0.8829 -0.4482 -0.1401
vn -0.8714 -0.4893 -0.0344
vn -0.8297 -0.4578 -0.3195
vn -0.8177 -0.5527 -0.1612
vn -0.7657 -0.5682 -0.3014
vn -0.7332 -0.5300 -0.4260
vn -0.6887 -0.6756 -0.2633
vn -0.6503 -0.7528 -0.1019
vn -0.7028 -0.6023 -0.3785
vn -0.6886 -0.6258 -0.3664
vn -0.6271 -0.6719 -0.3941
vn -0.6269 -0.6724 -0.3937
vn -0.6697 -0.6484 -0.3620
vn -0.5850 -0.7109 -0.3904
vn -0.5634 -0.7208 -0.4038
vn -0.7045 -0.7097 0.0068
vn -0.5573 -0.8248 0.0956
vn -0.5326 -0.8449 -0.0496
vn -0.3285 0.2046 -0.9221
vn -0.0727 0.0453 -0.9963
vn -0.4599 0.4906 -0.7402
vn -0.0707 0.0554 -0.9960
vn -0.6152 0.5200 -0.5925
vn -0.6199 0.5152 -0.5918
vn -0.8110 0.5846 0.0210
vn -0.9090 0.4122 -0.0620
vn -0.8905 0.4477 -0.0809
vn -0.7915 0.5804 0.1917
vn -0.7867 0.6169 -0.0232
vn -0.7906 0.6119 -0.0201
vn -0.7945 0.5747 0.1962
vn -0.6683 0.5769 0.4696
vn -0.7522 0.5506 0.3620
vn -0.7056 0.5977 0.3806
vn -0.7812 0.5644 0.2668
vn -0.4687 0.4181 0.7782
vn -0.5807 0.4162 0.6997
vn -0.5306 0.4577 0.7134
vn -0.6365 0.4512 0.6256
vn -0.2839 0.2308 0.9306
vn -0.4139 0.3753 0.8294
vn -0.4126 0.3659 0.8342
vn -0.2815 0.2207 0.9338
vn -0.1559 0.1222 0.9802
vn -0.3030 0.2376 0.9229
vn 0.0956 -0.1467 0.9846
vn -0.0889 0.0697 0.9936
vn -0.0889 0.0584 0.9943
vn 0.4163 -0.2237 0.8813
vn 0.4662 -0.4123 0.7827
vn 0.4609 -0.4211 0.7812
vn 0.5170 0.7816 0.3490
vn 0.5631 0.7297 0.3878
vn 0.5411 0.7757 0.3247
vn 0.4647 0.8276 0.3148
vn 0.5275 0.7729 0.3528
vn 0.5138 0.7921 0.3295
vn 0.6076 0.7181 0.3394
vn 0.6635 0.7301 0.1632
vn 0.6390 0.7340 0.2300
vn 0.7166 0.6738 0.1802
vn 0.7245 0.6628 0.1891
vn 0.8153 0.5467 0.1907
vn 0.7935 0.5730 0.2051
vn 0.7992 0.5654 0.2038
vn 0.8392 0.5281 0.1300
vn 0.8221 0.5501 0.1470
vn 0.8012 0.5723 0.1748
vn 0.8233 0.5572 0.1087
vn 0.7968 0.6000 0.0711
vn 0.8349 0.5446 0.0791
vn 0.7841 0.6164 0.0718
vn 0.4902 0.8157 0.3071
vn 0.4231 0.8577 0.2922
vn 0.4742 0.8146 0.3340
vn 0.4640 0.8304 0.3084
vn 0.4241 0.8581 0.2895
vn 0.3848 0.8946 0.2270
vn 0.4118 0.8819 0.2296
vn 0.3773 0.9105 0.1692
vn 0.4206 0.8830 0.2082
vn 0.5372 0.8386 0.0899
vn 0.3329 0.9266 0.1751
vn 0.3200 0.8978 0.3025
vn 0.3213 0.9375 0.1338
vn 0.3448 0.9158 0.2060
vn 0.3481 0.9209 0.1751
vn 0.3226 0.9372 0.1325
vn 0.3118 0.9485 0.0551
vn 0.3323 0.9402 0.0753
vn 0.3916 0.9200 0.0167
vn 0.3036 0.9472 0.1032
vn 0.3264 0.9431 0.0637
vn 0.4169 0.9089 -0.0010
vn 0.3520 0.9337 -0.0658
vn 0.3954 0.9182 -0.0217
vn 0.4169 0.9089 -0.0057
vn 0.3216 0.9414 -0.1019
vn 0.4204 0.8990 -0.1229
vn 0.2961 0.9532 -0.0603
vn 0.3202 0.9434 -0.0862
vn 0.4338 0.8935 -0.1164
vn 0.4117 0.8875 -0.2069
vn 0.4627 0.8487 -0.2561
vn 0.4285 0.8783 -0.2122
vn 0.5468 0.8322 -0.0925
vn 0.5044 0.8161 -0.2821
vn 0.4645 0.8502 -0.2478
vn 0.5623 0.8201 -0.1064
vn 0.5494 0.7809 -0.2973
vn 0.5050 0.8185 -0.2738
vn 0.5798 0.8064 -0.1163
vn 0.5914 0.7443 -0.3102
vn 0.5470 0.7853 -0.2900
vn 0.5954 0.7943 -0.1208
vn 0.5990 0.7189 -0.3527
vn 0.4923 0.7627 -0.4195
vn 0.5498 0.7612 -0.3439
vn 0.4292 0.8122 -0.3951
vn 0.4975 0.8022 -0.3301
vn 0.3710 0.8578 -0.3556
vn 0.4484 0.8407 -0.3037
vn 0.3198 0.8979 -0.3025
vn 0.4059 0.8805 -0.2447
vn 0.6844 0.6713 -0.2845
vn 0.6376 0.7144 -0.2883
vn 0.6330 0.7648 -0.1198
vn 0.7035 0.6369 -0.3154
vn 0.6236 0.6598 -0.4193
vn 0.7400 0.6125 -0.2779
vn 0.6787 0.6532 -0.3358
vn 0.6953 0.6488 -0.3092
vn 0.7202 0.6372 -0.2746
vn 0.7796 0.5814 -0.2329
vn 0.7282 0.6144 -0.3037
vn 0.7407 0.6132 -0.2744
vn 0.7598 0.6059 -0.2356
vn 0.8097 0.5611 -0.1716
vn 0.7719 0.5802 -0.2599
vn 0.7793 0.5839 -0.2275
vn 0.7904 0.5862 -0.1782
vn 0.8423 0.5277 -0.1102
vn 0.8376 0.4920 -0.2374
vn 0.7843 0.5992 -0.1610
vn 0.8148 0.5686 -0.1136
vn 0.6948 0.7161 -0.0671
vn 0.7966 0.6033 -0.0374
vn 0.8350 0.5309 -0.1446
vn 0.8236 0.5581 -0.1008
vn 0.7799 0.6257 -0.0178
vn 0.8429 0.5380 -0.0038
vn 0.8131 0.5814 -0.0288
vn 0.8397 0.5421 -0.0336
vn 0.8192 0.5728 -0.0287
vn 0.8500 0.5254 0.0391
vn 0.8586 0.5127 -0.0077
vn 0.8481 0.5295 0.0179
vn 0.8370 0.5461 0.0359
vn 0.6476 0.6884 -0.3266
vn 0.5942 0.7288 -0.3401
vn 0.6313 0.7112 -0.3092
vn 0.5698 0.7385 -0.3605
vn -0.6535 0.5124 0.5571
vn -0.3682 0.1805 0.9120
vn -0.4450 0.2273 0.8662
vn -0.2690 0.2624 0.9267
vn -0.1898 0.2131 0.9584
vn -0.0400 -0.0162 0.9991
vn -0.1236 0.0358 0.9917
vn 0.0605 0.0624 0.9962
vn 0.1452 0.0094 0.9894
vn 0.2990 -0.2345 0.9250
vn 0.1558 -0.1222 0.9802
vn 0.3031 -0.2377 0.9229
vn 0.1513 -0.1187 0.9813
vn 0.3033 -0.2378 0.9228
vn 0.4387 -0.3440 0.8302
vn 0.4389 -0.3442 0.8300
vn 0.6535 -0.5124 0.5571
vn 0.6550 -0.5136 0.5542
vn 0.7266 -0.5698 0.3839
vn 0.6551 -0.5137 0.5541
vn 0.6536 -0.5125 0.5569
vn 0.7717 -0.6051 0.1958
vn 0.7267 -0.5698 0.3836
vn 0.7274 -0.5704 0.3815
vn 0.7719 -0.6052 0.1946
vn 0.7869 -0.6170 0.0001
vn 0.7719 -0.6053 0.1944
vn 0.7717 -0.6051 -0.1956
vn 0.7869 -0.6170 -0.0001
vn 0.7719 -0.6053 -0.1944
vn 0.7267 -0.5698 -0.3836
vn 0.7719 -0.6052 -0.1946
vn 0.7274 -0.5704 -0.3815
vn 0.7273 -0.5703 -0.3818
vn 0.6551 -0.5137 -0.5541
vn 0.6550 -0.5136 -0.5543
vn 0.5577 -0.4373 -0.7055
vn 0.6535 -0.5124 -0.5571
vn 0.5552 -0.4353 -0.7087
vn 0.5576 -0.4372 -0.7057
vn 0.4389 -0.3441 -0.8300
vn 0.4388 -0.3440 -0.8301
vn 0.3032 -0.2378 -0.9228
vn 0.4355 -0.3415 -0.8329
vn 0.3031 -0.2377 -0.9229
vn 0.1559 -0.1222 -0.9802
vn 0.1557 -0.1221 -0.9802
vn -0.8500 -0.5257 -0.0339
vn -0.9076 -0.4041 0.1141
vn -0.7769 -0.6292 -0.0217
vn -0.7703 -0.6374 -0.0195
vn -0.6209 -0.7773 -0.1015
vn 0.1504 -0.9860 -0.0716
vn -0.5890 -0.7413 -0.3218
vn -0.5721 -0.7742 -0.2708
vn -0.5672 -0.7860 -0.2460
vn -0.6047 -0.7121 -0.3569
vn -0.5335 -0.8038 -0.2632
vn -0.4541 -0.8260 -0.3338
vn -0.4621 -0.8253 -0.3245
vn -0.4317 -0.8480 -0.3075
vn -0.4054 -0.8611 -0.3070
vn -0.4280 -0.8456 -0.3191
vn -0.4270 -0.8791 -0.2117
vn -0.4394 -0.8550 -0.2755
vn -0.3199 -0.8979 -0.3024
vn -0.3881 -0.8799 -0.2741
vn -0.3986 -0.9016 -0.1682
vn -0.4070 -0.8836 -0.2317
vn -0.2781 -0.9307 -0.2377
vn -0.3515 -0.9124 -0.2099
vn -0.3255 -0.9331 -0.1533
vn -0.3590 -0.9159 -0.1793
vn -0.2996 -0.9442 -0.1370
vn -0.3267 -0.9375 -0.1200
vn -0.3635 -0.9280 -0.0817
vn -0.3165 -0.9443 -0.0898
vn -0.3784 -0.9220 -0.0823
vn -0.3761 -0.9249 -0.0557
vn -0.3603 -0.9327 -0.0127
vn -0.5111 -0.8592 -0.0230
vn -0.3087 -0.9511 -0.0001
vn -0.3477 -0.9371 0.0295
vn -0.3171 -0.9480 0.0281
vn -0.3348 -0.9418 0.0313
vn -0.3289 -0.9425 -0.0589
vn -0.2213 -0.9752 -0.0000
vn -0.3924 -0.9191 0.0342
vn -0.3754 -0.9223 0.0916
vn -0.5060 -0.8624 0.0137
vn -0.3140 -0.9415 0.1225
vn -0.3377 -0.9240 0.1794
vn -0.3390 -0.9309 0.1360
vn -0.3323 -0.9190 0.2121
vn -0.3376 -0.9182 0.2074
vn -0.3690 -0.8792 0.3016
vn -0.3651 -0.9060 0.2141
vn -0.3637 -0.8788 0.3090
vn -0.4828 -0.8318 0.2740
vn -0.5663 -0.8157 0.1181
vn -0.4122 -0.8250 0.3865
vn -0.4473 -0.8329 0.3260
vn -0.5391 -0.7905 0.2907
vn -0.4812 -0.8241 0.2988
vn -0.4923 -0.7627 0.4194
vn -0.5860 -0.8002 0.1273
vn -0.5125 -0.7804 0.3582
vn -0.5572 -0.7245 0.4057
vn -0.5368 -0.7754 0.3325
vn -0.6051 -0.7074 0.3653
vn -0.6457 -0.6444 0.4097
vn -0.6897 -0.6449 0.3294
vn -0.7172 -0.6281 0.3017
vn -0.7396 -0.5999 0.3053
vn -0.7271 -0.6150 0.3051
vn -0.7812 -0.5704 0.2538
vn -0.7390 -0.6132 0.2790
vn -0.7825 -0.5678 0.2556
vn -0.8465 -0.5019 0.1774
vn -0.8471 -0.5003 0.1793
vn -0.8754 -0.4803 0.0538
vn -0.8787 -0.4746 0.0518
vn -0.8236 -0.5656 -0.0413
vn -0.7103 -0.7036 -0.0176
vn -0.8913 -0.4493 -0.0607
vn -0.8585 -0.5109 -0.0457
vn -0.8052 -0.5831 -0.1079
vn -0.8343 -0.5483 -0.0581
vn -0.8687 -0.4676 -0.1635
vn -0.8381 -0.5315 -0.1230
vn -0.8143 -0.5478 -0.1917
vn -0.8216 -0.5532 -0.1376
vn -0.8186 -0.5383 -0.2004
vn -0.7551 -0.6218 -0.2077
vn -0.7958 -0.5248 -0.3022
vn -0.6813 -0.7268 -0.0876
vn -0.7051 -0.7079 -0.0420
vn -0.7153 -0.6079 -0.3448
vn -0.6479 -0.7038 -0.2914
vn -0.6363 -0.7622 -0.1193
vn -0.7156 -0.6027 -0.3531
vn -0.6411 -0.6455 -0.4151
vn -0.6435 -0.6836 -0.3445
vn -0.5917 -0.7240 -0.3545
vn -0.6268 -0.7063 -0.3289
vn -0.5677 -0.7337 -0.3734
vn -0.7741 -0.5798 -0.2541
vn -0.7538 -0.6061 -0.2537
vn -0.3626 -0.9306 0.0499
vn -0.2470 -0.9551 0.1636
vn -0.5333 -0.8426 -0.0751
vn -0.5451 -0.8335 -0.0905
vn -0.5543 -0.7962 -0.2426
vn 0.0022 0.0014 -1.0000
vn 0.0027 0.0010 -1.0000
vn 0.0011 0.0029 -1.0000
vn 0.0030 0.0004 -1.0000
vn 0.0023 0.0007 -1.0000
vn 0.7286 -0.5826 0.3601
vn 0.7274 -0.5721 0.3788
vn 0.7277 -0.5741 0.3754
vn 0.6917 -0.5364 0.4836
vn 0.4470 -0.3608 0.8185
vn 0.5162 -0.3602 0.7770
vn 0.2463 -0.1922 0.9500
vn 0.0567 -0.0373 0.9977
vn -0.1589 0.1492 0.9760
vn -0.2280 0.1550 0.9612
vn -0.4669 0.3564 0.8093
vn -0.5478 0.3939 0.7381
vn -0.6272 0.4656 0.6244
vn -0.6176 0.4854 0.6188
vn -0.6209 0.4869 0.6143
vn -0.7757 0.5944 0.2121
vn -0.7664 0.5854 0.2646
vn -0.7930 0.6010 -0.0997
vn -0.7753 0.5964 -0.2079
vn -0.6879 0.5160 -0.5103
vn -0.6270 0.4849 -0.6097
vn -0.6199 0.4855 -0.6165
vn -0.5502 0.4472 -0.7052
vn -0.3499 0.2506 -0.9026
vn -0.2401 0.1912 -0.9517
vn -0.2256 0.1893 -0.9556
vn -0.1114 0.1266 -0.9857
vn -0.3031 0.2377 0.9229
vn -0.0771 0.0605 0.9952
vn -0.1557 0.1221 0.9802
vn -0.1512 0.1185 0.9814
vn -0.3690 0.2853 0.8846
vn -0.3866 0.2824 0.8780
vn -0.4379 0.3384 0.8329
vn -0.4763 0.3685 0.7984
vn -0.5488 0.4389 0.7115
vn -0.2450 0.0299 0.9691
vn -0.7284 0.5710 -0.3787
vn -0.7183 0.5700 -0.3989
vn -0.7084 0.5688 -0.4180
vn -0.7377 0.5717 -0.3592
vn -0.3710 0.2909 -0.8819
vn -0.3032 0.2378 -0.9228
vn -0.4387 0.3440 -0.8301
vn -0.5507 0.4266 -0.7175
vn -0.5633 0.4464 -0.6953
vn -0.5384 0.4078 -0.7374
vn -0.5746 0.4643 -0.6740
vn -0.1785 0.1267 -0.9757
vn -0.1373 0.1084 -0.9846
vn -0.1847 0.1133 -0.9762
vn -0.0457 0.0811 -0.9957
vn -0.6084 0.4944 0.6209
vn -0.1586 -0.0692 0.9849
vn -0.2801 0.2196 0.9345
vn -0.7763 0.5943 0.2102
vn -0.7625 0.6015 0.2381
vn -0.7784 0.5931 0.2058
vn -0.7914 0.5850 0.1774
vn 0.1557 -0.1221 0.9802
vn 0.0771 -0.0605 0.9952
vn 0.0024 -0.0019 1.0000
vn 0.4543 -0.3544 0.8174
vn 0.4448 -0.3410 0.8282
vn 0.4359 -0.3285 0.8379
vn 0.5240 -0.4146 0.7440
vn 0.6554 -0.5169 0.5507
vn 0.6198 -0.4860 0.6162
vn 0.6175 -0.4848 0.6194
vn 0.5559 -0.4396 0.7055
vn 0.6940 -0.5442 0.4714
vn 0.6941 -0.5442 0.4713
vn 0.7845 -0.6122 -0.0989
vn 0.7553 -0.5691 -0.3250
vn 0.8131 -0.5816 0.0257
vn 0.6536 -0.5125 0.5568
vn 0.6636 -0.5203 0.5375
vn 0.7557 -0.6169 -0.2199
vn 0.6550 -0.5137 -0.5541
vn 0.6941 -0.5442 -0.4712
vn 0.6940 -0.5442 -0.4713
vn 0.6083 -0.4770 -0.6344
vn 0.6081 -0.4767 -0.6348
vn 0.7470 -0.5799 -0.3252
vn 0.7267 -0.5698 -0.3838
vn 0.6537 -0.5124 -0.5569
vn 0.6535 -0.5124 -0.5572
vn 0.4992 -0.3914 -0.7730
vn 0.5552 -0.4354 -0.7086
vn 0.3033 -0.2378 -0.9228
vn 0.3710 -0.2909 -0.8819
vn 0.4387 -0.3440 -0.8301
vn 0.2282 -0.1788 -0.9571
vn 0.2991 -0.2345 -0.9250
vn 0.2284 -0.1791 -0.9570
vn -0.0016 -0.0187 -0.9998
vn 0.0404 0.0078 -0.9992
vn 0.0772 -0.0605 -0.9952
vn 0.1512 -0.1185 -0.9814
vn 0.1558 -0.1220 -0.9802
vn 0.1558 -0.1221 -0.9802
vn -0.0047 -0.0006 -1.0000
vn 0.1367 -0.1087 -0.9846
vn 0.1529 -0.1256 -0.9802
vn -0.0212 0.0167 -0.9996
vn 0.2099 -0.1704 -0.9628
vn 0.2731 -0.2237 -0.9356
vn 0.2744 -0.2241 -0.9351
vn 0.3356 -0.2763 -0.9006
vn 0.5157 -0.4289 -0.7417
vn 0.6011 -0.4692 -0.6470
vn 0.6123 -0.4685 -0.6368
vn 0.6864 -0.5002 -0.5279
vn 0.7267 -0.5698 -0.3837
vn -0.0015 -0.0018 1.0000
vn -0.0016 -0.0018 1.0000
vn -0.0016 -0.0017 1.0000
vn -0.0015 -0.0019 1.0000
vn 0.4387 -0.3440 -0.8302
vn 0.6410 -0.4022 -0.6538
vn 0.6222 -0.5692 -0.5374
vn 0.6848 -0.4535 -0.5705
vn 0.6537 -0.6108 -0.4467
vn 0.0032 0.0007 1.0000
vn 0.0021 0.0007 1.0000
vn 0.0010 0.0012 1.0000
vn 0.0027 0.0010 1.0000
vn 0.0050 0.0004 1.0000
vn -0.4619 -0.1193 -0.8789
vn -0.2762 -0.2135 -0.9371
vn -0.4626 -0.1188 -0.8786
vn -0.6822 0.0533 -0.7292
vn -0.6820 0.0530 -0.7294
vn -0.8120 0.1080 -0.5736
vn -0.9302 0.2487 -0.2699
vn -0.8546 0.1939 -0.4818
vn -0.9312 0.2494 -0.2658
vn -0.8556 0.1943 -0.4798
vn -0.9616 0.2745 -0.0000
vn -0.9616 0.2744 -0.0000
vn -0.9309 0.2503 0.2659
vn -0.9297 0.2493 0.2710
vn -0.8556 0.1949 0.4796
vn -0.8545 0.1946 0.4816
vn -0.8314 -0.2683 0.4866
vn -0.8671 -0.1696 0.4683
vn -0.6570 -0.4052 0.6357
vn -0.6930 -0.3068 0.6524
vn -0.2396 -0.3055 0.9216
vn -0.3280 -0.1885 0.9257
vn -0.2369 -0.3092 0.9210
vn -0.0980 -0.4159 0.9041
vn -0.1837 -0.3013 0.9357
vn -0.0956 -0.4195 0.9027
vn 0.0390 -0.5214 0.8524
vn -0.0398 -0.4124 0.9101
vn 0.0411 -0.5246 0.8503
vn -0.1495 -0.8049 0.5742
vn -0.1442 -0.7397 0.6573
vn -0.0003 -0.9665 0.2568
vn 0.0523 -0.9356 0.3493
vn 0.4916 -0.8662 -0.0899
vn 0.5264 -0.8444 0.0999
vn 0.4914 -0.8659 -0.0938
vn 0.4776 -0.8473 -0.2322
vn 0.2511 -0.7882 -0.5618
vn 0.2764 -0.8447 -0.4584
vn 0.5679 -0.3514 -0.7444
vn 0.5373 -0.3418 -0.7710
vn 0.0428 -0.5747 -0.8172
vn 0.1674 -0.6171 -0.7689
vn 0.1687 -0.6198 -0.7664
vn -0.0903 -0.4737 -0.8760
vn 0.0402 -0.5202 -0.8531
vn 0.0422 -0.5234 -0.8510
vn -0.2294 -0.3660 -0.9019
vn -0.0962 -0.4153 -0.9046
vn -0.0938 -0.4188 -0.9032
vn 0.2297 0.3659 -0.9019
vn 0.0965 0.4153 -0.9045
vn 0.0940 0.4187 -0.9033
vn -0.0769 0.5871 -0.8058
vn -0.2291 0.6618 -0.7138
vn -0.2274 0.6605 -0.7155
vn -0.3569 0.7581 -0.5458
vn -0.3556 0.7574 -0.5476
vn -0.4252 0.8512 -0.3078
vn -0.4912 0.8514 -0.1840
vn -0.4904 0.8521 -0.1831
vn 0.0650 0.9702 0.2332
vn 0.0063 0.9433 0.3319
vn -0.2794 0.7022 0.6549
vn -0.2260 0.6134 0.7567
vn -0.2802 0.7042 0.6523
vn 0.2806 0.7537 0.5944
vn 0.2860 0.6783 0.6769
vn 0.4971 0.6205 0.6065
vn 0.5236 0.5269 0.6695
vn 0.5155 0.0861 0.8525
vn 0.5947 -0.0254 0.8035
vn 0.5133 0.0893 0.8536
vn 0.7491 -0.1059 0.6539
vn 0.8051 -0.1991 0.5587
vn 0.7479 -0.1035 0.6557
vn 0.9040 -0.2406 0.3533
vn 0.9247 -0.3057 0.2269
vn 0.9040 -0.2390 0.3546
vn 0.9558 -0.2939 -0.0035
vn 0.9441 -0.2760 -0.1805
vn 0.9557 -0.2943 -0.0036
vn 0.9443 -0.2757 -0.1798
vn 0.6317 -0.6072 -0.4819
vn 0.8238 -0.0643 -0.5632
vn 0.6091 -0.6034 -0.5147
vn 0.7715 0.0138 -0.6361
vn 0.4113 -0.4934 -0.7664
vn 0.6218 0.1273 -0.7727
vn 0.3798 -0.4824 -0.7893
vn 0.5496 0.2199 -0.8059
vn 0.5033 0.1517 -0.8507
vn 0.3797 0.1923 -0.9049
vn 0.3771 0.1957 -0.9052
vn -0.4446 -0.1312 -0.8861
vn -0.2752 -0.2122 -0.9377
vn -0.4449 -0.1309 -0.8860
vn -0.5972 -0.0584 -0.8000
vn -0.7941 0.1434 -0.5906
vn -0.6633 0.0371 -0.7474
vn -0.7960 0.1450 -0.5877
vn -0.6657 0.0382 -0.7452
vn -0.8887 0.1703 -0.4258
vn -0.9507 0.2175 -0.2211
vn -0.9338 0.1629 -0.3184
vn -0.6711 0.7302 -0.1280
vn -0.9829 0.1737 0.0605
vn -0.8472 0.4566 0.2717
vn -0.8744 0.2177 0.4335
vn -0.8739 0.2079 0.4394
vn -0.7705 0.1244 0.6252
vn -0.7688 0.1233 0.6274
vn -0.6391 0.0174 0.7689
vn -0.7102 0.1210 0.6936
vn -0.6374 0.0143 0.7704
vn -0.4964 -0.0880 0.8636
vn -0.5910 0.0363 0.8058
vn -0.4931 -0.0906 0.8652
vn -0.2930 -0.2463 0.9239
vn -0.2806 -0.2557 0.9251
vn -0.0250 -0.4567 0.8893
vn -0.0137 -0.4655 0.8849
vn 0.2161 -0.6464 0.7318
vn 0.2213 -0.6507 0.7264
vn 0.3573 -0.7564 0.5479
vn 0.3586 -0.7571 0.5461
vn -0.2284 -0.3648 -0.9026
vn -0.0951 -0.4141 -0.9052
vn -0.0927 -0.4177 -0.9039
vn 0.2664 -0.1307 -0.9550
vn 0.0305 -0.6343 -0.7725
vn 0.3026 -0.1455 -0.9420
vn 0.0847 -0.7139 -0.6951
vn 0.1958 -0.6781 -0.7084
vn 0.3320 -0.7397 -0.5854
vn 0.3297 -0.7380 -0.5888
vn 0.4344 -0.8116 -0.3907
vn 0.4338 -0.8112 -0.3922
vn 0.1923 0.5182 -0.8333
vn 0.1094 0.5826 -0.8053
vn -0.0440 0.5736 -0.8180
vn -0.1686 0.6161 -0.7694
vn -0.1701 0.6188 -0.7670
vn -0.3550 0.7495 -0.5588
vn -0.4106 0.8011 -0.4355
vn -0.4094 0.8002 -0.4383
vn -0.5019 0.8231 -0.2656
vn -0.4603 0.8825 -0.0967
vn -0.4932 0.8648 0.0940
vn -0.4938 0.8652 0.0869
vn -0.4751 0.8488 0.2319
vn 0.1318 0.8817 0.4530
vn 0.1073 0.8285 0.5496
vn -0.0409 0.5213 0.8524
vn 0.0361 0.4126 0.9102
vn -0.0429 0.5244 0.8504
vn 0.1774 0.3813 0.9073
vn 0.3245 0.2219 0.9195
vn 0.3152 0.2292 0.9209
vn 0.5541 0.0414 0.8314
vn 0.5645 0.0335 0.8247
vn 0.6688 -0.0499 0.7418
vn 0.8377 -0.1837 0.5143
vn 0.8774 -0.2638 0.4008
vn 0.8372 -0.1816 0.5159
vn 0.5025 0.1504 -0.8514
vn 0.3788 0.1908 -0.9056
vn 0.3763 0.1944 -0.9059
vn 0.6183 0.1181 -0.7771
vn 0.5465 0.2121 -0.8102
vn 0.4303 -0.4101 -0.8041
vn 0.4614 -0.4210 -0.7810
vn 0.9034 -0.1801 -0.3891
vn 0.8377 -0.1834 -0.5143
vn 0.8372 -0.1814 -0.5160
vn 0.7854 -0.6190 0.0001
vn 0.7816 -0.6160 0.0980
vn 0.7816 -0.6160 -0.0980
vn 0.7854 -0.6190 -0.0001
vn 0.5140 -0.8578 0.0042
vn 0.5103 -0.8549 0.0936
vn 0.5128 -0.8585 0.0042
vn 0.9549 -0.2970 -0.0046
vn 0.9512 -0.2940 -0.0938
vn 0.9553 -0.2957 -0.0046
vn 0.0027 -0.0057 -1.0000
vn -0.0010 -0.0013 -1.0000
vn 0.0004 -0.0030 -1.0000
vn 0.0041 -0.0074 -1.0000
vn -0.3282 -0.8974 -0.2950
vn -0.4163 -0.8275 -0.3767
vn -0.3345 -0.8958 -0.2926
vn -0.2533 -0.9495 -0.1849
vn -0.3361 -0.9178 -0.2113
vn -0.2888 -0.9520 -0.1011
vn -0.1668 -0.9850 -0.0441
vn -0.2665 -0.9632 0.0359
vn -0.1692 -0.9762 0.1358
vn -0.3156 -0.9339 0.1679
vn -0.2865 -0.9219 0.2607
vn -0.3852 -0.8834 0.2670
vn -0.4205 -0.8288 0.3691
vn -0.4173 -0.8277 0.3753
vn -0.5289 -0.7400 0.4154
vn -0.5299 -0.7392 0.4156
vn -0.6538 -0.6417 0.4009
vn -0.6526 -0.6475 0.3936
vn -0.7603 -0.5701 0.3112
vn -0.6979 -0.6550 0.2898
vn -0.8581 -0.4798 0.1827
vn -0.7830 -0.5767 0.2331
vn -0.8113 -0.5453 0.2110
vn -0.8559 -0.5071 0.1011
vn -0.9164 -0.3978 0.0441
vn -0.9108 -0.3902 -0.1350
vn -0.8721 -0.4880 -0.0359
vn -0.8544 -0.4849 -0.1869
vn -0.8444 -0.4273 -0.3230
vn -0.7653 -0.5637 -0.3108
vn -0.7835 -0.5865 -0.2052
vn -0.7146 -0.6274 -0.3095
vn -0.6439 -0.6540 -0.3971
vn -0.6436 -0.6501 -0.4038
vn -0.5289 -0.7399 -0.4156
vn -0.5298 -0.7392 -0.4158
vn 0.5059 -0.6639 -0.5506
vn 0.2729 -0.0128 -0.9620
vn 0.1561 -0.6623 -0.7328
vn 0.5349 -0.2464 -0.8082
vn 0.5431 -0.7689 -0.3373
vn 0.5337 -0.8383 -0.1117
vn 0.3706 -0.9221 0.1115
vn 0.5451 -0.7592 0.3556
vn 0.5120 -0.6978 0.5009
vn 0.2857 -0.5245 0.8020
vn 0.4238 -0.5642 0.7086
vn -0.0556 -0.3399 0.9388
vn 0.1319 -0.4050 0.9048
vn -0.2105 -0.1689 0.9629
vn -0.3628 -0.1033 0.9261
vn -0.4803 0.0594 0.8751
vn -0.5844 0.1367 0.7999
vn -0.6367 0.4050 0.6562
vn -0.8542 0.3008 0.4241
vn -0.9826 0.0976 0.1579
vn -0.9596 0.2725 -0.0700
vn -0.7487 0.5105 -0.4229
vn -0.8953 0.2821 -0.3447
vn -0.5638 0.5423 -0.6230
vn -0.6207 0.1212 -0.7746
vn -0.1999 0.3542 -0.9136
vn -0.3095 -0.2849 -0.9072
vn -0.8907 -0.4417 0.1077
vn -0.8758 -0.3543 -0.3279
vn -0.9805 -0.1469 -0.1307
vn -0.7127 0.6954 -0.0919
vn -0.9490 -0.1639 0.2695
vn -0.7554 0.3113 0.5766
vn -0.7011 0.2756 0.6576
vn -0.6188 -0.2236 0.7530
vn -0.6434 0.0030 0.7656
vn -0.4095 -0.1091 0.9058
vn -0.4855 -0.5085 0.7112
vn -0.2789 -0.6888 0.6692
vn -0.1837 -0.3674 0.9117
vn 0.1762 -0.4814 0.8586
vn -0.0545 -0.7948 0.6045
vn 0.5075 -0.6417 0.5751
vn 0.0539 -0.9372 0.3445
vn 0.3344 -0.9011 0.2761
vn -0.2718 -0.9559 0.1115
vn -0.0181 -0.9865 -0.1626
vn 0.5185 -0.8135 -0.2633
vn -0.2097 -0.9474 -0.2416
vn -0.2910 -0.8977 -0.3309
vn -0.3649 -0.8336 -0.4146
vn -0.4929 -0.7325 -0.4695
vn -0.6693 -0.6475 -0.3643
vn -0.5287 -0.8430 0.0989
vn -0.5028 -0.8515 0.1487
vn -0.5034 -0.8509 0.1502
vn -0.5314 -0.8416 0.0966
vn -0.5616 -0.8200 0.1103
vn -0.5623 -0.8198 0.1086
vn -0.6284 -0.7691 0.1167
vn -0.6281 -0.7694 0.1165
vn -0.6792 -0.7262 0.1064
vn -0.6827 -0.7223 0.1104
vn -0.7385 -0.6523 0.1705
vn -0.7120 -0.6847 0.1558
vn -0.6805 -0.7244 0.1099
vn -0.3857 -0.8575 -0.3405
vn -0.3792 -0.6622 -0.6463
vn -0.4897 -0.6428 -0.5890
vn -0.7834 -0.5028 -0.3653
vn -0.5996 -0.4028 -0.6915
vn -0.1260 -0.9215 -0.3673
vn -0.0965 -0.9166 -0.3880
vn 0.6551 -0.4741 -0.5883
vn 0.9209 0.1329 -0.3664
vn -0.1311 -0.7602 -0.6363
vn 0.1740 -0.9665 -0.1887
vn 0.9805 0.0570 0.1882
vn 0.0817 -0.9284 0.3625
vn 0.7084 0.3111 0.6336
vn -0.2520 -0.6308 0.7339
vn 0.2520 0.6308 0.7339
vn -0.7084 -0.3111 0.6335
vn -0.0817 0.9284 0.3625
vn -0.9805 -0.0570 0.1882
vn -0.1739 0.9665 -0.1887
vn -0.9209 -0.1330 -0.3664
vn 0.1311 0.7602 -0.6364
vn -0.5499 -0.3897 -0.7387
vn 0.5499 0.3898 -0.7387
vn 0.7009 0.6933 -0.1677
vn 0.6265 0.7568 -0.1863
vn 0.6951 0.6974 -0.1745
vn 0.6271 0.7567 -0.1850
vn 0.7373 0.6723 -0.0662
vn 0.8672 0.4977 0.0149
vn 0.7412 0.6680 -0.0662
vn 0.8696 0.4931 0.0261
vn 0.7999 0.5892 0.1144
vn 0.7955 0.5943 0.1180
vn 0.7968 0.6029 0.0395
vn 0.7970 0.6027 0.0384
vn 0.7733 0.6263 0.0990
vn 0.7743 0.6256 0.0954
vn 0.6998 0.6944 0.1674
vn 0.6941 0.6987 0.1732
vn 0.6327 0.7325 0.2513
vn 0.6316 0.7331 0.2524
vn 0.5850 0.7683 0.2600
vn 0.5852 0.7681 0.2601
vn 0.5315 0.8138 0.2351
vn 0.5341 0.8118 0.2359
vn 0.4765 0.8696 0.1293
vn 0.4720 0.8730 0.1226
vn 0.4070 0.9100 0.0789
vn 0.3997 0.9131 0.0805
vn 0.1519 0.9870 0.0528
vn 0.1503 0.9872 0.0524
vn 0.4390 0.8984 -0.0093
vn 0.4450 0.8955 -0.0034
vn 0.5205 0.8465 -0.1119
vn 0.5204 0.8466 -0.1116
vn 0.5788 0.7953 -0.1801
vn 0.5797 0.7945 -0.1806
vn 0.6001 0.7773 -0.1888
vn 0.6003 0.7772 -0.1888
vn -0.6307 -0.7727 -0.0719
vn -0.5383 -0.8425 -0.0201
vn -0.5692 -0.8212 -0.0403
vn -0.1819 -0.9436 -0.2768
vn -0.3912 -0.9189 -0.0503
vn -0.4194 -0.8433 -0.3360
vn -0.4444 -0.8823 0.1553
vn -0.5360 -0.8012 0.2659
vn -0.6928 -0.7210 -0.0168
vn -0.5750 -0.5414 0.6134
vn -0.7175 -0.6362 0.2835
vn -0.8078 -0.5624 0.1763
vn -0.8948 -0.0836 -0.4385
vn -0.7467 -0.5887 -0.3097
vn -0.8675 -0.4626 -0.1827
vn -0.8557 -0.4841 -0.1828
vn -0.8500 -0.5220 -0.0703
vn -0.5321 -0.7157 -0.4524
vn -0.5804 -0.6982 -0.4190
vn -0.3245 -0.8026 -0.5006
vn -0.2566 -0.9286 -0.2683
vn -0.8138 -0.4344 0.3860
vn -0.2939 -0.8768 0.3806
vn -0.3454 -0.8608 0.3739
vn 0.1125 0.9921 -0.0560
vn 0.1119 0.9870 -0.1153
vn 0.1126 0.9925 -0.0482
vn 0.1119 0.9870 -0.1154
vn 0.1127 0.9936 0.0109
vn 0.1128 0.9936 0.0108
vn -0.1769 -0.9831 -0.0460
vn 0.4038 -0.9148 0.0088
vn 0.4360 -0.8999 -0.0055
vn 0.4080 -0.9130 0.0070
vn 0.4472 -0.8943 -0.0106
vn -0.8336 0.5506 -0.0444
vn -0.8158 0.5747 -0.0642
vn -0.7470 0.6517 -0.1315
vn -0.7250 0.6721 -0.1506
vn -0.0510 0.0399 -0.9979
vn -0.1787 -0.9828 0.0459
vn -0.0523 0.0410 0.9978
vn -0.1752 -0.9744 0.1406
vn 0.0923 0.3384 0.9365
vn 0.2955 0.2018 0.9338
vn 0.0880 0.3384 0.9369
vn 0.3026 0.1971 0.9325
vn -0.2405 0.6233 0.7441
vn -0.1119 0.5097 0.8530
vn -0.2467 0.6284 0.7377
vn -0.1121 0.5095 0.8531
vn -0.4325 0.7740 0.4624
vn -0.4346 0.7760 0.4570
vn -0.5089 0.8319 0.2213
vn -0.5089 0.8321 0.2203
vn -0.5230 0.8454 -0.1085
vn -0.5205 0.8414 0.1454
vn -0.5223 0.8451 -0.1143
vn -0.5205 0.8413 0.1463
vn -0.4402 0.7810 -0.4430
vn -0.4397 0.7810 -0.4435
vn -0.2469 0.6295 -0.7367
vn -0.2438 0.6318 -0.7358
vn -0.0155 0.5832 -0.8122
vn -0.0064 0.5883 -0.8086
vn 0.2058 0.2799 -0.9377
vn 0.0803 0.4103 -0.9084
vn 0.1971 0.2815 -0.9391
vn 0.0902 0.4119 -0.9067
vn 0.4419 0.0894 -0.8926
vn 0.2397 0.2453 -0.9393
vn 0.4411 0.0904 -0.8929
vn 0.2430 0.2425 -0.9392
vn 0.6903 -0.1055 -0.7158
vn 0.6919 -0.1020 -0.7148
vn 0.8463 -0.0918 -0.5247
vn 0.8502 -0.0823 -0.5200
vn 0.9361 -0.2937 -0.1933
vn 0.9009 -0.2391 -0.3621
vn 0.9345 -0.2964 -0.1971
vn 0.9041 -0.2332 -0.3580
vn 0.9456 -0.3065 0.1090
vn 0.9414 -0.3050 -0.1443
vn 0.9450 -0.3060 0.1155
vn 0.9414 -0.3052 -0.1435
vn 0.8714 -0.2484 0.4231
vn 0.8697 -0.2468 0.4274
vn 0.7559 -0.1600 0.6348
vn 0.7544 -0.1585 0.6370
vn 0.5501 0.0029 0.8351
vn 0.7100 -0.1236 0.6933
vn 0.5411 0.0099 0.8409
vn 0.7117 -0.1250 0.6913
vn 0.2908 0.8520 0.4353
vn 0.4732 0.7760 0.4170
vn 0.4089 0.8342 0.3699
vn 0.4859 0.8245 0.2899
vn 0.5187 0.7859 0.3365
vn 0.5540 0.7652 0.3280
vn 0.5352 0.7782 0.3286
vn 0.4717 0.8402 0.2675
vn 0.5574 0.7453 0.3658
vn 0.5967 0.7099 0.3742
vn 0.6379 0.6882 0.3457
vn 0.6259 0.7101 0.3226
vn 0.6462 0.6701 0.3652
vn 0.6594 0.6378 0.3979
vn 0.6954 0.6697 0.2605
vn 0.6551 0.6960 0.2941
vn 0.7240 0.6249 0.2923
vn 0.7657 0.5818 0.2741
vn 0.7452 0.6150 0.2576
vn 0.7866 0.5754 0.2243
vn 0.8636 0.4787 0.1583
vn 0.8396 0.5031 0.2047
vn 0.7727 0.6039 0.1955
vn 0.8711 0.3977 0.2880
vn 0.8946 0.3797 0.2357
vn 0.8611 0.5057 0.0525
vn 0.8643 0.4900 0.1135
vn 0.8754 0.4834 -0.0020
vn 0.8815 0.4691 0.0545
vn 0.9236 0.3556 0.1432
vn 0.8305 0.5399 0.1372
vn 0.8370 0.5322 0.1270
vn 0.8176 0.5600 0.1337
vn 0.8524 0.5083 0.1228
vn 0.8514 0.5245 -0.0093
vn 0.8488 0.5287 -0.0015
vn 0.8493 0.5268 -0.0353
vn 0.8173 0.5536 -0.1597
vn 0.8246 0.5165 -0.2308
vn 0.8452 0.5081 -0.1656
vn 0.9272 0.2953 -0.2303
vn 0.5316 -0.0718 -0.8440
vn 0.6503 0.6666 -0.3643
vn 0.5437 0.7320 -0.4105
vn 0.5387 0.6566 -0.5279
vn 0.6543 0.6857 -0.3188
vn 0.5911 0.7327 -0.3372
vn 0.5561 0.7561 -0.3450
vn 0.4362 0.8141 -0.3835
vn 0.4826 0.7826 -0.3933
vn 0.5288 0.7819 -0.3302
vn 0.4392 0.7358 -0.5155
vn 0.5047 0.7966 -0.3327
vn 0.5187 0.8030 -0.2934
vn 0.3799 0.8582 -0.3452
vn 0.4238 0.8287 -0.3656
vn 0.3616 0.7965 -0.4845
vn 0.3230 0.9075 -0.2687
vn 0.3117 0.9250 -0.2172
vn 0.2537 0.8802 -0.4011
vn 0.3653 0.8796 -0.3048
vn 0.3150 0.9174 -0.2433
vn 0.3134 0.8344 -0.4534
vn 0.3127 0.9316 -0.1852
vn 0.2475 0.9570 -0.1514
vn 0.2895 0.9364 -0.1986
vn 0.3270 0.9336 -0.1467
vn 0.1768 0.9420 -0.2853
vn 0.3869 0.9143 -0.1198
vn 0.2098 0.9773 -0.0287
vn 0.3053 0.9519 -0.0255
vn 0.3214 0.9377 0.1318
vn 0.3371 0.9310 0.1398
vn 0.3403 0.9319 0.1254
vn 0.3470 0.9270 -0.1422
vn 0.2533 0.9669 -0.0291
vn 0.0190 0.9991 0.0387
vn 0.2886 0.9460 -0.1473
vn 0.3808 0.8911 0.2467
vn 0.3980 0.8832 0.2482
vn 0.3968 0.8874 0.2345
vn 0.3196 0.9261 0.2007
vn 0.3995 0.8635 0.3078
vn 0.4286 0.8549 -0.2922
vn 0.3915 0.8696 -0.3010
vn 0.4165 0.8620 -0.2891
vn 0.4465 0.8506 -0.2777
vn 0.8197 0.5180 -0.2446
vn 0.7428 0.6066 -0.2832
vn 0.8696 0.3980 -0.2923
vn 0.8178 0.5469 -0.1791
vn 0.8416 0.5401 -0.0033
vn 0.6015 0.6086 0.5174
vn 0.7294 0.5747 0.3710
vn 0.7093 0.6539 0.2634
vn 0.2361 0.6274 0.7421
vn 0.1483 0.2497 0.9569
vn 0.1683 0.2991 0.9393
vn -0.2869 0.8304 0.4776
vn -0.3060 0.5259 0.7936
vn -0.6945 0.6797 0.2361
vn -0.3985 0.9009 -0.1721
vn -0.6020 0.6077 -0.5179
vn -0.1005 0.6668 -0.7384
vn -0.1086 0.2303 -0.9670
vn 0.4718 0.2832 -0.8350
vn 0.5552 0.0905 -0.8268
vn 0.5496 0.0707 -0.8324
vn 0.9229 -0.2890 -0.2542
vn 0.8088 -0.1993 -0.5532
vn 0.8074 -0.1980 -0.5558
vn 0.9318 -0.2695 -0.2433
vn 0.9893 0.0505 0.1369
vn 0.9166 -0.1803 0.3568
vn 0.8459 -0.2191 0.4863
vn 0.7347 -0.1415 0.6634
vn 0.8264 -0.2134 0.5211
vn 0.8253 -0.2126 0.5231
vn 0.7330 -0.1402 0.6656
vn 0.6229 -0.0538 0.7804
vn 0.7347 -0.1415 0.6635
vn 0.6206 -0.0520 0.7824
vn 0.4954 0.0462 0.8675
vn 0.4925 0.0484 0.8690
vn 0.3460 0.1453 0.9269
vn 0.4831 0.0575 0.8737
vn 0.4805 0.0513 0.8755
vn 0.3453 0.1414 0.9278
vn -0.7160 0.5784 0.3908
vn -0.2620 0.1809 0.9480
vn -0.5841 0.4268 0.6904
vn -0.6411 0.5380 -0.5473
vn -0.7801 0.5930 -0.1996
vn -0.3829 0.3304 -0.8627
vn -0.2521 0.1383 -0.9578
vn 0.2741 -0.2423 -0.9307
vn 0.2726 -0.2419 -0.9312
vn 0.2489 -0.2357 -0.9394
vn 0.2982 -0.2484 -0.9216
vn 0.7976 -0.5958 -0.0944
vn 0.7630 -0.6270 -0.1571
vn 0.7828 -0.6102 -0.1224
vn 0.8150 -0.5764 -0.0586
vn 0.5443 -0.4381 0.7154
vn 0.6119 -0.4821 0.6271
vn 0.4965 -0.3890 0.7760
vn 0.6485 -0.5218 0.5543
vn -0.0253 0.0923 0.9954
vn 0.3032 -0.2377 0.9228
vn 0.4387 -0.3440 0.8301
vn -0.5300 -0.0157 0.8478
vn -0.0527 -0.3905 0.9191
vn -0.5483 0.0112 0.8362
vn -0.0448 -0.3976 0.9165
vn -0.7725 0.3574 0.5250
vn -0.9412 0.2745 0.1968
vn -0.9079 0.3936 -0.1443
vn -0.8905 0.1198 -0.4389
vn -0.5970 0.0225 -0.8019
vn -0.5903 0.0268 -0.8068
vn -0.3215 -0.1838 -0.9289
vn -0.3249 -0.1808 -0.9283
vn -0.0144 -0.5221 -0.8527
vn -0.0034 -0.5067 -0.8621
vn 0.0037 -0.6971 -0.7170
vn 0.6300 -0.5781 -0.5186
vn 0.3519 -0.9166 -0.1896
vn 0.6566 -0.7358 0.1654
vn 0.2784 -0.8935 0.3523
vn 0.3803 -0.7215 0.5786
vn 0.3846 -0.6584 0.6470
vn 0.2344 -0.6101 0.7568
vn 0.2361 -0.6122 0.7546
vn -0.5891 0.3067 0.7476
vn -0.6136 -0.6196 0.4895
vn -0.7023 -0.6017 0.3804
vn -0.7315 -0.6122 0.3004
vn -0.7322 -0.6419 0.2278
vn -0.8288 -0.5350 0.1641
vn -0.9060 -0.3718 0.2024
vn -0.8696 -0.4828 0.1030
vn -0.8728 -0.4834 0.0678
vn -0.8399 -0.5063 0.1957
vn -0.8530 -0.5131 0.0959
vn -0.8597 -0.4062 0.3096
vn -0.6953 -0.6544 -0.2970
vn -0.7765 -0.5469 -0.3130
vn -0.8151 -0.4406 -0.3761
vn -0.5635 -0.7654 -0.3109
vn -0.5886 -0.7412 -0.3228
vn -0.6550 -0.6891 -0.3100
vn -0.4250 -0.8645 -0.2685
vn -0.4254 -0.8316 -0.3570
vn -0.3824 -0.7806 -0.4945
vn -0.3751 -0.9149 0.1492
vn -0.2503 -0.9614 0.1139
vn -0.1170 -0.9872 0.1081
vn -0.6845 -0.6761 0.2726
vn -0.6256 -0.7727 0.1077
vn -0.6017 -0.7200 0.3456
vn -0.5759 -0.7502 0.3248
vn -0.6135 -0.7138 0.3379
vn -0.5699 -0.7358 0.3658
vn -0.4479 -0.7296 0.5169
vn -0.5253 -0.7560 0.3905
vn -0.5537 -0.7246 0.4102
vn -0.5146 -0.8072 0.2893
vn -0.4946 -0.8267 0.2682
vn -0.4734 -0.8306 0.2933
vn -0.4570 -0.8409 0.2897
vn -0.4572 -0.8405 0.2906
vn -0.3332 -0.8894 0.3129
vn 0.3598 -0.8859 0.2927
vn -0.3280 -0.9215 0.2081
vn -0.3926 -0.9043 0.1677
vn -0.3198 -0.9306 0.1780
vn -0.1523 -0.9843 -0.0896
vn 0.5902 -0.4716 -0.6551
vn -0.2692 -0.9504 -0.1561
vn -0.3898 -0.9134 -0.1172
vn -0.3667 -0.9267 -0.0826
vn -0.3499 -0.9153 -0.1994
vn -0.3117 -0.8170 -0.4852
vn -0.3754 -0.8721 -0.3138
vn -0.3581 -0.8881 -0.2883
vn -0.5213 -0.7757 -0.3557
vn -0.3835 -0.7398 -0.5528
vn -0.6158 -0.7086 -0.3444
vn -0.8067 -0.5720 -0.1483
vn -0.8190 -0.5627 -0.1124
vn -0.8319 -0.5479 -0.0882
vn -0.8391 -0.5309 -0.1188
vn -0.8363 -0.5464 -0.0452
vn -0.8413 -0.5399 -0.0272
vn -0.8415 -0.5396 -0.0278
vn -0.9316 -0.3503 0.0974
vn -0.8715 -0.4883 0.0456
vn -0.8819 -0.4715 0.0005
vn -0.8198 -0.5604 0.1174
vn -0.7977 -0.5942 0.1030
vn -0.8238 -0.5668 -0.0006
vn -0.7892 -0.5856 -0.1849
vn -0.7884 -0.5993 -0.1384
vn -0.8012 -0.5716 -0.1770
vn -0.7821 -0.5754 -0.2394
vn -0.6928 -0.6645 -0.2802
vn -0.7087 -0.6559 -0.2598
vn -0.6353 -0.6871 -0.3527
vn -0.4735 -0.8167 -0.3299
vn -0.4083 -0.8792 -0.2458
vn -0.3983 -0.8996 -0.1791
vn -0.3204 -0.9472 0.0162
vn -0.3457 -0.9383 -0.0039
vn -0.3226 -0.9465 0.0125
vn -0.2987 -0.9533 0.0446
vn -0.4594 -0.8526 0.2492
vn -0.2766 -0.2121 0.9373
vn -0.1948 -0.2558 0.9469
vn -0.2050 -0.2656 0.9420
vn -0.5729 0.0149 0.8195
vn -0.3924 -0.1269 0.9110
vn -0.5814 0.0217 0.8133
vn -0.7911 0.1855 0.5829
vn -0.7958 0.1894 0.5752
vn -0.8759 0.2622 0.4051
vn -0.8759 0.2623 0.4051
vn -0.9323 0.3616 -0.0002
vn -0.9215 0.3467 0.1750
vn -0.9195 0.3525 0.1742
vn -0.9179 0.2843 -0.2769
vn -0.9430 0.3295 -0.0458
vn -0.9440 0.3268 -0.0453
vn -0.9183 0.2820 -0.2780
vn -0.8579 0.1698 -0.4849
vn -0.8609 0.1654 -0.4812
vn -0.7609 0.1001 -0.6411
vn -0.8113 0.1407 -0.5675
vn -0.7774 0.0350 -0.6280
vn -0.7162 -0.0171 -0.6977
vn -0.4959 -0.0588 -0.8664
vn -0.6300 0.0377 -0.7757
vn -0.4969 -0.0516 -0.8663
vn -0.3571 -0.1643 -0.9195
vn -0.5025 -0.0590 -0.8626
vn -0.3584 -0.1571 -0.9202
vn -0.2100 -0.4456 -0.8702
vn -0.2953 -0.3782 -0.8774
vn 0.0666 -0.5008 -0.8630
vn -0.0802 -0.3941 -0.9156
vn 0.0666 -0.4945 -0.8666
vn 0.2553 -0.6370 -0.7274
vn 0.0965 -0.5131 -0.8529
vn 0.2554 -0.6371 -0.7272
vn 0.3868 -0.7363 -0.5552
vn 0.5183 -0.8446 -0.1344
vn 0.3225 -0.8982 -0.2987
vn 0.5218 -0.8440 -0.1245
vn 0.3123 -0.9020 -0.2982
vn 0.5232 -0.8397 0.1451
vn 0.4430 -0.7819 0.4386
vn 0.5085 -0.8320 0.2220
vn 0.4393 -0.7793 0.4469
vn 0.3385 -0.6928 0.6368
vn 0.1426 -0.5456 0.8258
vn 0.2899 -0.6597 0.6933
vn 0.1352 -0.5400 0.8307
vn -0.0295 -0.4038 0.9144
vn -0.1260 -0.3118 0.9418
vn -0.3810 -0.0346 -0.9239
vn 0.4532 0.6043 -0.6553
vn 0.4224 0.5877 -0.6900
vn 0.0308 0.6741 -0.7380
vn -0.6461 0.1659 -0.7450
vn -0.8344 0.3127 -0.4539
vn -0.1683 0.8301 -0.5316
vn -0.2907 0.9252 -0.2440
vn -0.9206 0.3791 -0.0935
vn -0.3177 0.9447 0.0814
vn -0.8915 0.3554 0.2810
vn -0.2449 0.8853 0.3952
vn -0.7517 0.2450 0.6123
vn -0.0830 0.7561 0.6492
vn -0.5227 0.0651 0.8500
vn 0.1435 0.5766 0.8043
vn -0.2397 -0.1569 0.9581
vn 0.3997 0.3745 0.8366
vn 0.0542 -0.3872 0.9204
vn 0.6464 0.1806 0.7413
vn 0.3145 -0.5909 0.7430
vn 0.8457 0.0247 0.5331
vn 0.5037 -0.7358 0.4526
vn 0.9766 0.0910 0.1947
vn 0.9753 0.1327 0.1764
vn 0.8617 -0.4171 -0.2891
vn 0.8838 -0.4494 -0.1302
vn 0.8564 -0.4117 -0.3116
vn 0.7282 -0.3117 -0.6104
vn 0.7169 -0.3019 -0.6285
vn 0.5113 -0.1416 -0.8477
vn 0.4968 -0.1287 -0.8583
vn 0.3234 -0.0323 -0.9457
vn 0.5901 0.8072 -0.0141
vn 0.5364 0.8267 0.1698
vn 0.5406 0.8130 -0.2162
vn 0.5169 0.8227 0.2368
vn 0.0538 0.9037 0.4249
vn 0.4581 0.8869 0.0590
vn 0.4317 0.8995 0.0675
vn 0.5069 0.8618 0.0194
vn 0.2168 0.9742 -0.0628
vn 0.4880 0.8688 -0.0840
vn 0.3638 0.8830 -0.2967
vn -0.6563 -0.7376 -0.1588
vn 0.5829 0.7916 -0.1835
vn 0.5980 0.6838 -0.4182
vn 0.6705 0.7353 -0.0988
vn 0.7059 0.7037 -0.0808
vn 0.7257 0.5843 -0.3634
vn 0.7320 0.6802 -0.0379
vn 0.8256 0.4999 -0.2617
vn 0.7204 0.6932 0.0243
vn 0.8696 0.4829 -0.1033
vn 0.7031 0.7070 0.0757
vn 0.8779 0.4759 0.0525
vn 0.6460 0.7563 0.1036
vn 0.8380 0.5063 0.2034
vn 0.6672 0.7130 0.2155
vn 0.7393 0.6049 0.2960
vn 0.5947 0.6871 0.4175
vn 0.5614 0.7946 0.2311
vn 0.5967 0.7728 0.2160
vn 0.7975 0.5599 -0.2246
vn 0.5633 0.8260 -0.0222
vn 0.6008 0.7994 -0.0065
vn 0.7591 0.5877 0.2800
vn 0.6365 0.7712 0.0117
vn 0.6044 0.7417 0.2909
vn 0.4563 0.6681 -0.5878
vn -0.2651 0.0769 0.9612
vn -0.3143 0.1925 0.9296
vn -0.0327 0.8175 0.5750
vn -0.0006 0.8569 0.5154
vn -0.1676 -0.3324 -0.9281
vn 0.5176 0.2538 -0.8171
vn -0.1968 -0.3545 -0.9141
vn 0.2254 -0.4582 -0.8598
vn 0.7471 0.0701 -0.6610
vn 0.4610 -0.6364 -0.6184
vn 0.9381 0.0620 -0.3407
vn 0.5987 -0.7562 -0.2641
vn 0.9942 -0.0954 0.0487
vn 0.8727 -0.4191 0.2506
vn 0.8628 -0.4210 0.2799
vn 0.7976 -0.3872 0.4624
vn -0.1672 -0.6526 0.7390
vn 0.0151 0.0467 0.9988
vn -0.1815 -0.7068 0.6838
vn -0.5176 -0.2537 -0.8172
vn 0.1968 0.3545 -0.9141
vn 0.1676 0.3324 -0.9281
vn -0.2254 0.4582 -0.8598
vn -0.7471 -0.0701 -0.6610
vn -0.4610 0.6364 -0.6184
vn -0.9381 -0.0620 -0.3407
vn -0.5986 0.7562 -0.2641
vn -0.9942 0.0956 0.0487
vn -0.8726 0.4191 0.2506
vn -0.8628 0.4211 0.2799
vn -0.7976 0.3873 0.4624
vn -0.0366 0.1638 0.9858
vn -0.5866 -0.7827 0.2080
vn -0.4801 -0.8603 -0.1715
vn -0.5875 -0.8092 -0.0015
vn -0.5945 -0.7620 0.2567
vn -0.4644 -0.8856 0.0090
vn -0.7438 -0.6573 -0.1215
vn -0.5500 -0.8194 0.1617
vn -0.8328 -0.5221 -0.1843
vn -0.4297 -0.9029 -0.0100
vn -0.4496 -0.8924 -0.0369
vn -0.6032 -0.7976 0.0045
vn -0.8701 -0.4276 0.2450
vn -0.4624 -0.8303 -0.3112
vn -0.5698 -0.7991 -0.1916
vn -0.7276 -0.5703 0.3813
vn -0.5187 -0.8243 0.2267
vn -0.5625 -0.8206 0.1005
vn -0.7360 -0.6674 -0.1132
vn -0.1753 -0.9781 0.1121
vn -0.7088 -0.7042 0.0426
vn -0.6810 -0.7131 0.1665
vn -0.2753 -0.9062 -0.3208
vn -0.7709 -0.6308 0.0884
vn -0.6714 -0.7299 0.1287
vn -0.6287 -0.7696 0.1120
vn -0.6880 -0.6999 0.1918
vn -0.8330 -0.4461 0.3271
vn -0.8532 -0.5180 0.0606
vn -0.8947 -0.4315 -0.1154
vn -0.8434 -0.5229 -0.1233
vn -0.3300 0.3493 -0.8770
vn 0.3820 0.8007 -0.4614
vn -0.5832 -0.7494 -0.3135
vn 0.7416 0.6371 -0.2101
vn -0.3898 -0.9142 -0.1110
vn -0.2341 -0.9507 0.2032
vn 0.8721 -0.0578 0.4859
vn -0.5365 -0.8245 0.1801
vn -0.4279 -0.7252 0.5394
vn -0.4847 0.1179 -0.8667
vn -0.3563 0.0078 -0.9343
vn -0.4997 0.1310 -0.8562
vn -0.7169 0.3017 -0.6285
vn -0.7282 0.3116 -0.6104
vn -0.8564 0.4117 -0.3116
vn -0.8617 0.4170 -0.2890
vn -0.8838 0.4493 -0.1301
vn -0.9766 -0.0910 0.1947
vn -0.9753 -0.1326 0.1764
vn -0.5038 0.7358 0.4526
vn -0.8457 -0.0248 0.5331
vn -0.3144 0.5909 0.7430
vn -0.6464 -0.1806 0.7413
vn -0.0542 0.3871 0.9204
vn -0.3997 -0.3745 0.8366
vn 0.2397 0.1568 0.9581
vn -0.1435 -0.5766 0.8043
vn 0.5227 -0.0651 0.8500
vn 0.0829 -0.7561 0.6492
vn 0.7517 -0.2450 0.6124
vn 0.2449 -0.8853 0.3952
vn 0.8915 -0.3553 0.2810
vn 0.3178 -0.9447 0.0814
vn 0.9206 -0.3792 -0.0935
vn 0.2907 -0.9252 -0.2440
vn 0.8344 -0.3126 -0.4539
vn 0.1682 -0.8301 -0.5316
vn 0.6429 -0.1703 -0.7468
vn -0.2154 -0.7490 -0.6266
vn -0.2556 -0.7580 -0.6001
vn 0.4694 0.1729 -0.8659
vn 0.4055 0.3834 -0.8298
vn 0.1926 0.3893 -0.9008
vn 0.6503 0.1910 -0.7353
vn 0.7146 -0.0188 -0.6993
vn 0.8479 0.0356 -0.5289
vn 0.8909 -0.1566 -0.4264
vn 0.9685 -0.0590 -0.2420
vn 0.9716 -0.2195 -0.0886
vn 0.9935 -0.0786 0.0817
vn 0.9444 -0.1981 0.2626
vn 0.9193 -0.0202 0.3929
vn 0.8134 -0.0956 0.5738
vn 0.7572 0.1074 0.6443
vn 0.5986 0.0724 0.7978
vn 0.5317 0.2847 0.7976
vn 0.3326 0.2805 0.9004
vn 0.2774 0.4848 0.8295
vn 0.0558 0.4969 0.8660
vn 0.0327 0.6771 0.7351
vn -0.1897 0.6888 0.6997
vn -0.1649 0.8325 0.5288
vn -0.3664 0.8268 0.4268
vn -0.2856 0.9273 0.2420
vn -0.4473 0.8900 0.0887
vn -0.3107 0.9470 -0.0817
vn -0.4201 0.8685 -0.2630
vn -0.2366 0.8885 -0.3931
vn -0.2889 0.7658 -0.5745
vn -0.0745 0.7609 -0.6446
vn -0.0737 0.5975 -0.7985
vn 0.1510 0.5835 -0.7980
vn -0.4737 -0.1802 0.8620
vn -0.1981 -0.3957 0.8968
vn -0.4201 -0.4050 0.8121
vn -0.6596 -0.2167 0.7197
vn -0.7178 0.0105 0.6962
vn -0.8531 -0.0646 0.5177
vn -0.8933 0.1477 0.4244
vn -0.9711 0.0281 0.2369
vn -0.9736 0.2104 0.0882
vn -0.9957 0.0473 -0.0800
vn -0.9465 0.1890 -0.2614
vn -0.9230 -0.0100 -0.3846
vn -0.8162 0.0870 -0.5712
vn -0.7643 -0.1349 -0.6306
vn -0.6023 -0.0803 -0.7942
vn -0.5436 -0.3084 -0.7806
vn -0.3375 -0.2874 -0.8964
vn -0.2947 -0.5042 -0.8117
vn -0.0619 -0.5028 -0.8622
vn -0.0553 -0.6924 -0.7193
vn 0.1824 -0.6938 -0.6966
vn 0.1381 -0.8445 -0.5175
vn 0.3584 -0.8313 -0.4249
vn 0.2562 -0.9372 -0.2368
vn 0.4390 -0.8941 -0.0883
vn 0.2808 -0.9564 0.0800
vn 0.4119 -0.8728 0.2618
vn 0.2082 -0.8993 0.3846
vn 0.2812 -0.7706 0.5720
vn 0.0496 -0.7744 0.6307
vn 0.0670 -0.6030 0.7950
vn -0.1710 -0.6008 0.7809
vn -0.5570 0.4859 0.6735
vn 0.0873 -0.0560 0.9946
vn -0.2862 0.1614 0.9445
vn -0.7848 0.5596 0.2663
vn -0.7273 0.6321 -0.2675
vn -0.6053 0.4335 -0.6676
vn -0.2180 0.2384 -0.9464
vn 0.0692 -0.0634 -0.9956
vn 0.3804 -0.2808 -0.8812
vn 0.6013 -0.5087 -0.6162
vn 0.7889 -0.5714 -0.2262
vn 0.7433 -0.6288 0.2283
vn 0.6408 -0.4632 0.6122
vn 0.3596 -0.2956 0.8850
vn 0.1208 0.5566 0.8219
vn 0.3829 0.3504 0.8548
vn -0.0553 0.0863 0.9947
vn -0.1111 0.7397 0.6637
vn -0.3491 0.3165 0.8820
vn -0.5867 0.5029 0.6348
vn -0.2776 0.8714 0.4045
vn -0.7314 0.6168 0.2908
vn -0.3533 0.9317 0.0839
vn -0.7615 0.6408 -0.0976
vn -0.3269 0.9116 -0.2493
vn -0.6721 0.5713 -0.4711
vn -0.2023 0.8141 -0.5443
vn -0.4769 0.4189 -0.7727
vn 0.0012 0.6543 -0.7563
vn -0.2059 0.2068 -0.9565
vn 0.2527 0.4563 -0.8532
vn 0.0996 -0.0325 -0.9945
vn 0.5141 0.2503 -0.8204
vn 0.3931 -0.2627 -0.8812
vn 0.7458 0.0676 -0.6628
vn 0.6301 -0.4486 -0.6338
vn 0.9124 -0.0640 -0.4042
vn 0.7745 -0.5621 -0.2902
vn 0.9886 -0.1246 -0.0840
vn 0.8044 -0.5860 0.0976
vn 0.9627 -0.1049 0.2493
vn 0.7153 -0.5167 0.4705
vn 0.8385 -0.0077 0.5448
vn 0.5207 -0.3647 0.7720
vn 0.6349 0.1522 0.7575
vn 0.2502 -0.1528 0.9561
vn -0.2243 0.1767 -0.9584
vn 0.2243 -0.1767 -0.9584
vn -0.3778 0.2950 -0.8776
vn 0.3778 -0.2950 -0.8776
vn 0.6906 -0.5415 -0.4794
vn 0.7562 -0.5931 -0.2764
vn 0.7574 -0.5933 0.2728
vn 0.6864 -0.5403 0.4867
vn 0.3874 -0.3024 0.8709
vn 0.2115 -0.1684 0.9628
vn -0.2115 0.1684 0.9628
vn -0.3874 0.3024 0.8709
vn -0.6864 0.5403 0.4867
vn -0.7574 0.5933 0.2728
vn -0.7562 0.5931 -0.2764
vn -0.6906 0.5415 -0.4794
vn -0.3616 -0.3197 -0.8758
vn -0.3582 0.0034 -0.9336
vn -0.6198 -0.1166 -0.7760
vn -0.0598 -0.2300 -0.9713
vn -0.0931 -0.5310 -0.8422
vn 0.1448 -0.7185 -0.6803
vn 0.2273 -0.4547 -0.8612
vn 0.4594 -0.6364 -0.6197
vn 0.3158 -0.8533 -0.4148
vn 0.6008 -0.7473 -0.2837
vn 0.3939 -0.9151 -0.0861
vn 0.6301 -0.7706 0.0955
vn 0.3671 -0.8944 0.2555
vn 0.5428 -0.7026 0.4601
vn 0.2396 -0.7944 0.5581
vn 0.3522 -0.5538 0.7545
vn 0.0310 -0.6304 0.7757
vn 0.0875 -0.3468 0.9338
vn -0.2270 -0.4274 0.8751
vn -0.2109 -0.1134 0.9709
vn -0.4953 -0.2162 0.8414
vn -0.4976 0.1110 0.8603
vn -0.7329 -0.0291 0.6797
vn -0.7291 0.2924 0.6188
vn -0.9039 0.1057 0.4145
vn -0.8703 0.4031 0.2832
vn -0.9821 0.1675 0.0862
vn -0.8996 0.4263 -0.0954
vn -0.9556 0.1470 -0.2554
vn -0.8126 0.3585 -0.4596
vn -0.8284 0.0472 -0.5582
vn -0.6225 0.2100 -0.7539
vn -0.3911 -0.8344 -0.3884
vn -0.5196 -0.7337 -0.4379
vn -0.5205 -0.7329 -0.4380
vn -0.3904 -0.8350 -0.3879
vn -0.2866 -0.9164 -0.2794
vn -0.2862 -0.9167 -0.2788
vn -0.2227 -0.9665 -0.1279
vn -0.2226 -0.9665 -0.1275
vn -0.2095 -0.9769 0.0432
vn -0.2095 -0.9769 0.0431
vn -0.2488 -0.9460 0.2076
vn -0.2486 -0.9462 0.2072
vn -0.3347 -0.8787 0.3404
vn -0.3341 -0.8791 0.3398
vn -0.4539 -0.7852 0.4212
vn -0.4531 -0.7858 0.4209
vn -0.5884 -0.6798 0.4379
vn -0.5875 -0.6804 0.4380
vn -0.7176 -0.5784 0.3879
vn -0.7166 -0.5757 0.3938
vn -0.8201 -0.4987 0.2805
vn -0.7876 -0.4749 0.3927
vn -0.8622 -0.4595 0.2134
vn -0.8595 -0.4963 0.1227
vn -0.8957 -0.4428 0.0401
vn -0.8987 -0.4364 0.0432
vn -0.8880 -0.4447 -0.1170
vn -0.8883 -0.4445 -0.1157
vn -0.8420 -0.4812 -0.2441
vn -0.8418 -0.4813 -0.2445
vn -0.7672 -0.5395 -0.3471
vn -0.7657 -0.5406 -0.3485
vn -0.6549 -0.6275 -0.4210
vn -0.6541 -0.6282 -0.4214
vn 0.7362 0.6005 0.3121
vn 0.8023 0.5515 0.2284
vn 0.8057 0.5457 0.2303
vn 0.7358 0.6008 0.3124
vn 0.6506 0.6673 0.3624
vn 0.6491 0.6685 0.3630
vn 0.5431 0.7517 0.3742
vn 0.5424 0.7522 0.3741
vn 0.4325 0.8384 0.3318
vn 0.4319 0.8388 0.3314
vn 0.3433 0.9084 0.2386
vn 0.3430 0.9086 0.2382
vn 0.2887 0.9512 0.1093
vn 0.2837 0.9525 0.1108
vn 0.2853 0.9575 -0.0412
vn 0.1449 0.9879 0.0551
vn 0.1599 0.9763 -0.1459
vn 0.3598 0.9205 -0.1523
vn 0.2368 0.9198 -0.3128
vn 0.4227 0.8712 -0.2498
vn 0.3540 0.8281 -0.4347
vn 0.5101 0.8026 -0.3094
vn 0.4988 0.7146 -0.4905
vn 0.6089 0.7251 -0.3217
vn 0.6479 0.5941 -0.4768
vn 0.7054 0.6274 -0.3299
vn 0.7680 0.5297 -0.3599
vn 0.8065 0.5420 -0.2361
vn 0.8057 0.5458 -0.2302
vn 0.8548 0.5073 -0.1090
vn 0.8573 0.5028 -0.1110
vn 0.8593 0.5101 0.0384
vn 0.9251 0.3758 -0.0550
vn 0.8722 0.4766 0.1101
vn 0.7953 0.5902 0.1388
vn 0.0526 -0.0187 -0.9984
vn 0.7740 -0.6291 -0.0714
vn -0.0526 0.0187 -0.9984
vn 0.7954 -0.6015 0.0747
vn 0.0647 -0.0725 0.9953
vn -0.0647 0.0725 0.9953
vn -0.7954 0.6015 0.0747
vn -0.7740 0.6291 -0.0714
vn -0.6169 -0.7870 -0.0000
vn -0.6171 -0.7869 -0.0001
vn -0.6173 -0.7868 -0.0000
vn -0.2064 0.1251 0.9704
vn 0.2384 -0.1142 0.9644
vn -0.7228 0.6400 0.2607
vn -0.7759 0.5698 -0.2709
vn -0.1848 0.2158 -0.9588
vn 0.2148 -0.2054 -0.9548
vn 0.7913 -0.5486 -0.2698
vn 0.7419 -0.6184 0.2591
vt 0.492183 0.212938
vt 0.412500 0.212500
vt 0.421131 0.037500
vt 0.406250 0.459235
vt 0.406250 0.412723
vt 0.406250 0.422310
vt 0.434279 0.384043
vt 0.812014 -0.095863
vt 0.839652 -0.132251
vt 0.466480 0.303514
vt 0.466422 0.257261
vt 0.437500 0.257261
vt 0.437499 0.302164
vt 0.406250 0.135892
vt 0.437521 0.017110
vt 0.404509 0.016542
vt 0.718750 0.435875
vt 0.687500 0.377003
vt 0.687500 0.435874
vt 0.406250 0.339086
vt 0.406250 0.299029
vt 0.406250 0.367584
vt 0.531250 0.435875
vt 0.500290 0.302650
vt 0.468776 0.435874
vt 0.468750 0.317133
vt 0.468750 0.435874
vt 0.437500 0.302163
vt 0.437500 0.435874
vt 0.593750 0.435875
vt 0.593750 0.304011
vt 0.531301 0.304010
vt 0.531229 0.435875
vt 0.625000 0.435875
vt 0.625000 0.348535
vt 0.593750 0.435875
vt 0.625009 0.435875
vt 0.663557 0.321232
vt 0.687330 0.435874
vt 0.731323 0.302220
vt 0.687500 0.435875
vt 0.437472 0.435823
vt 0.406250 0.379393
vt 0.406250 0.313989
vt 0.437499 0.302164
vt 0.718750 0.304791
vt 0.406254 0.257305
vt 0.406250 0.287961
vt 0.437500 0.135892
vt 0.466422 0.135892
vt 0.466422 0.072577
vt 0.437500 0.017110
vt 0.437469 0.017110
vt 0.465943 0.303989
vt 0.468384 0.301720
vt 0.531250 0.304010
vt 0.625000 0.304011
vt 0.625000 0.304011
vt 0.716275 0.302159
vt 0.685497 0.302177
vt 0.436650 0.016454
vt 0.467078 0.073686
vt 0.467013 0.073553
vt 0.438662 0.018082
vt 0.466480 0.303514
vt 0.437500 0.287199
vt 0.466420 0.287199
vt 0.466420 0.287199
vt 0.466422 0.135892
vt 0.406250 0.423401
vt 0.406250 0.485282
vt 0.406250 0.399688
vt 0.406250 0.336883
vt 0.406250 0.393826
vt 0.406250 0.305781
vt 0.718750 0.438462
vt 0.687500 0.465103
vt 0.687500 0.438461
vt 0.656250 0.465102
vt 0.656250 0.438462
vt 0.687500 0.438461
vt 0.625000 0.465100
vt 0.625000 0.438462
vt 0.656250 0.438462
vt 0.562514 0.453028
vt 0.625000 0.438462
vt 0.437509 0.435874
vt 0.437500 0.302163
vt 0.466204 0.304070
vt 0.500000 0.435874
vt 0.531250 0.304010
vt 0.531259 0.435875
vt 0.593703 0.304011
vt 0.656250 0.435875
vt 0.625000 0.435875
vt 0.656250 0.304214
vt 0.656250 0.435875
vt 0.406250 0.380157
vt 0.406254 0.257293
vt 0.466422 0.135892
vt 0.687500 0.491744
vt 0.687056 0.496762
vt 0.656694 0.496762
vt 0.656250 0.491742
vt 0.499805 0.496717
vt 0.469194 0.496762
vt 0.468750 0.491697
vt 0.468306 0.496762
vt 0.437907 0.496762
vt 0.437500 0.491679
vt 0.450944 0.475821
vt 0.757029 -0.000940
vt 0.812014 -0.095863
vt 0.404509 0.016542
vt 0.500390 0.302176
vt 0.500000 0.304010
vt 0.687500 0.304467
vt 0.685500 0.302181
vt 0.466422 0.257261
vt 0.468750 0.152980
vt 0.466422 0.257261
vt 0.468750 0.300164
vt 0.468750 0.242485
vt 0.578636 0.303995
vt 0.531153 0.302168
vt 0.531250 0.304010
vt 0.623862 0.302167
vt 0.656242 0.304203
vt 0.685489 0.302167
vt 0.687500 0.304467
vt 0.716283 0.302168
vt 0.468750 0.152981
vt 0.468174 0.285724
vt 0.466422 0.135894
vt 0.467973 0.285893
vt 0.470204 0.301731
vt 0.470609 0.302168
vt 0.546906 0.304007
vt 0.500502 0.302168
vt 0.593750 0.304011
vt 0.592949 0.302168
vt 0.623862 0.302168
vt 0.625312 0.304013
vt 0.685489 0.302168
vt 0.409603 0.014523
vt 0.409605 0.014522
vt 0.406250 0.379393
vt 0.431083 0.388655
vt 0.532889 0.268487
vt 0.810999 -0.094271
vt 0.465729 0.356684
vt 0.531638 0.438462
vt 0.530811 0.496701
vt 0.562061 0.496701
vt 0.531690 0.496717
vt 0.531250 0.438462
vt 0.562500 0.438462
vt 0.593555 0.496717
vt 0.562940 0.496717
vt 0.624561 0.496701
vt 0.655811 0.496701
vt 0.625440 0.496717
vt 0.718750 0.491745
vt 0.687500 0.491744
vt 0.468750 0.300161
vt 0.468750 0.300161
vt 0.406250 0.303327
vt 0.406250 0.284660
vt 0.406250 0.268507
vt 0.406250 0.297510
vt 0.406250 0.387649
vt 0.406250 0.379393
vt 0.406250 0.375875
vt 0.468764 0.300180
vt 0.468790 0.300208
vt 0.730116 0.302168
vt 0.500392 0.302167
vt 0.406250 0.296126
vt 0.406250 0.305781
vt 0.406250 0.319283
vt 0.406250 0.284660
vt 0.406250 0.407920
vt 0.406250 0.268427
vt 0.406250 0.317633
vt 0.406250 0.304225
vt 0.000000 1.000000
vt 0.000000 1.000000
vt 0.468750 0.058641
vt 0.468750 0.014522
vt 0.439597 0.004060
vt 0.439597 0.004060
vt 0.731548 0.300910
vt 0.720438 0.013731
vt 0.719110 0.000226
vt 0.687462 0.013965
vt 0.656613 0.000077
vt 0.656250 0.300737
vt 0.655886 0.000059
vt 0.625360 0.000227
vt 0.531212 0.014020
vt 0.500186 0.000071
vt 0.531187 0.300635
vt 0.468750 0.058476
vt 0.469115 0.000000
vt 0.439639 0.011356
vt 0.468385 0.000000
vt 0.437865 0.000000
vt 0.687500 0.300830
vt 0.625000 0.300635
vt 0.625000 0.300635
vt 0.624961 0.014014
vt 0.594110 0.000227
vt 0.593750 0.300635
vt 0.593750 0.300635
vt 0.593712 0.014020
vt 0.562860 0.000227
vt 0.562500 0.300635
vt 0.562500 0.300635
vt 0.562462 0.014020
vt 0.531610 0.000227
vt 0.531250 0.300635
vt 0.718750 0.300910
vt 0.718712 0.013949
vt 0.687860 0.000226
vt 0.687500 0.300830
vt 0.687860 0.000226
vt 0.687462 0.013965
vt 0.656250 0.255613
vt 0.593878 0.300635
vt 0.625000 0.014522
vt 0.594110 0.000227
vt 0.562462 0.014020
vt 0.516522 0.300635
vt 0.531250 0.014522
vt 0.500197 0.000084
vt 0.718385 0.000000
vt 0.625365 0.000000
vt 0.624635 0.000000
vt 0.531615 0.000000
vt 0.530885 0.000000
vt 0.439639 0.011356
vt 0.656250 0.300739
vt 0.656250 0.300739
vt 0.593750 0.300635
vt 0.562860 0.000227
vt 0.593712 0.014020
vt 0.718750 0.300910
vt 0.470664 0.300547
vt 0.470664 0.300547
vt 0.474771 0.268658
vt 0.397579 0.284472
vt 0.412500 0.231225
vt 0.402685 0.228542
vt 0.395225 0.020890
vt 0.459480 0.029540
vt 0.459400 0.220344
vt 0.403404 0.729816
vt 0.410298 0.491415
vt 0.458685 0.530644
vt 0.459355 0.720326
vt 0.398291 0.462500
vt 0.397565 0.480908
vt 0.375000 0.462500
vt 0.154352 0.486456
vt 0.143775 0.287500
vt 0.137687 0.264109
vt 0.125000 0.287500
vt 0.374868 0.287500
vt 0.356225 0.462500
vt 0.361931 0.488029
vt 0.353354 0.260510
vt 0.474790 0.481047
vt 0.408147 0.737394
vt 0.474087 0.739430
vt 0.399503 0.982650
vt 0.466908 1.000015
vt 1.000420 0.500000
vt 1.001024 0.000000
vt 0.711981 0.500000
vt 0.649511 0.000000
vt 0.558495 0.500000
vt 0.351729 0.000000
vt 0.182010 0.500000
vt 0.187526 0.000000
vt 0.188949 0.500000
vt 0.180880 0.000000
vt -0.000053 0.500000
vt 0.000000 0.000000
vt 1.000420 0.500000
vt 0.999998 0.000000
vt 0.706640 0.000000
vt 0.643867 0.500000
vt 0.317259 0.000000
vt 0.089291 0.500000
vt -0.000959 0.000000
vt 0.937500 0.259430
vt 0.968750 0.259430
vt 0.812500 0.259430
vt 0.843750 0.259430
vt 0.843750 0.259430
vt 0.718750 0.259429
vt 0.750000 0.259430
vt 0.687500 0.259430
vt 0.718750 0.259430
vt 0.593750 0.259430
vt 0.625000 0.259430
vt 0.593750 0.259430
vt 0.562500 0.259429
vt 0.406250 0.259429
vt 0.437500 0.259430
vt 0.437500 0.259430
vt 0.281250 0.259430
vt 0.312500 0.259430
vt 0.281250 0.259429
vt 0.250000 0.259430
vt 0.281250 0.259430
vt 0.218750 0.259430
vt 0.250000 0.259430
vt 1.000000 0.259430
vt 0.968750 0.259430
vt 0.000232 0.259430
vt 0.031250 0.259430
vt 0.031250 0.259430
vt 0.000000 0.259430
vt 0.062500 0.259430
vt 0.062500 0.259430
vt 0.031250 0.259430
vt 0.109375 0.259430
vt 0.109373 0.259430
vt 0.062500 0.259430
vt 0.156250 0.259430
vt 0.187500 0.259430
vt 0.156250 0.259430
vt 0.218750 0.259430
vt 0.187500 0.259430
vt 0.343750 0.259429
vt 0.343750 0.259430
vt 0.375000 0.259430
vt 0.343750 0.259429
vt 0.406250 0.259429
vt 0.406250 0.259430
vt 0.375000 0.259430
vt 0.468750 0.259430
vt 0.468750 0.259430
vt 0.500000 0.259430
vt 0.500000 0.259430
vt 0.468750 0.259430
vt 0.531250 0.259430
vt 0.562500 0.259430
vt 0.531250 0.259429
vt 0.625000 0.259429
vt 0.656250 0.259429
vt 0.656250 0.259430
vt 0.687500 0.259430
vt 0.781250 0.259430
vt 0.750000 0.259430
vt 0.812500 0.259430
vt 0.781250 0.259430
vt 0.843750 0.259430
vt 0.875000 0.259430
vt 0.906250 0.259430
vt 0.875000 0.259430
vt 0.937500 0.259430
vt 0.937500 0.259430
vt 0.999768 0.259430
vt 0.296822 0.514612
vt 0.175192 0.527963
vt 0.187783 0.524152
vt 0.296822 0.514611
vt 0.080295 0.580294
vt 0.023961 0.688209
vt 0.027441 0.676758
vt 0.080295 0.580294
vt 0.014611 0.796821
vt 0.028269 0.841844
vt 0.028173 0.841665
vt 0.144591 0.959205
vt 0.133169 0.953113
vt 0.028275 0.841855
vt 0.250000 0.990000
vt 0.296822 0.985388
vt 0.250000 0.990000
vt 0.430063 0.888478
vt 0.421122 0.898545
vt 0.296822 0.985388
vt 0.485379 0.703083
vt 0.485391 0.703203
vt 0.485388 0.703178
vt 0.444092 0.614309
vt 0.485384 0.703165
vt 0.404214 0.573567
vt 0.296332 0.514432
vt 0.203193 0.514610
vt 0.296920 0.514621
vt 0.203179 0.514611
vt 0.203179 0.514611
vt 0.080209 0.580356
vt 0.203668 0.514432
vt 0.014577 0.703271
vt 0.080596 0.579879
vt 0.014612 0.703178
vt 0.014609 0.703203
vt 0.050486 0.883421
vt 0.050651 0.883795
vt 0.014621 0.703083
vt 0.050447 0.883337
vt 0.158239 0.971782
vt 0.050103 0.882963
vt 0.158156 0.971731
vt 0.203178 0.985388
vt 0.203178 0.985388
vt 0.296808 0.985390
vt 0.203080 0.985379
vt 0.341844 0.971731
vt 0.341844 0.971731
vt 0.383337 0.949553
vt 0.449545 0.883346
vt 0.383262 0.949614
vt 0.449553 0.883337
vt 0.490015 0.749904
vt 0.449339 0.883799
vt 0.490000 0.750000
vt 0.485388 0.703178
vt 0.485382 0.703157
vt 0.394404 0.565534
vt 0.404213 0.573567
vt 0.485417 0.703271
vt 0.296822 0.514612
vt 0.412500 0.287500
vt 0.503580 0.462500
vt 0.412500 0.462500
vt 0.503591 0.287768
vt 0.412500 0.787500
vt 0.439451 0.962152
vt 0.412500 0.962500
vt 0.439435 0.787500
vt 0.412500 0.537500
vt 0.492164 0.537059
vt 0.421124 0.712500
vt 0.162500 0.462500
vt 0.337500 0.287500
vt 0.337500 0.462500
vt 0.162500 0.287500
vt 0.412500 0.224772
vt 0.449767 0.037500
vt 0.454421 0.212500
vt 0.394814 0.020042
vt 0.394549 0.230026
vt 0.464388 0.235070
vt 0.397212 0.461504
vt 0.476994 0.374994
vt 0.462141 0.519038
vt 0.412500 0.503195
vt 0.375014 0.480433
vt 0.393775 0.287500
vt 0.399063 0.249957
vt 0.348591 0.287500
vt 0.352033 0.258666
vt 0.375000 0.287500
vt 0.356408 0.462349
vt 0.127613 0.287521
vt 0.151788 0.488359
vt 0.135006 0.266358
vt 0.345272 0.493723
vt 0.398586 0.500960
vt 0.412500 0.518725
vt 0.412500 0.724835
vt 0.454403 0.537500
vt 0.394549 0.730026
vt 0.458680 0.735352
vt 0.412500 0.772180
vt 0.412500 0.731225
vt 0.470642 0.882262
vt 0.394565 0.980376
vt 0.412500 0.993533
vt 0.397397 0.750050
vt 0.456540 1.000000
vt 0.449749 0.712500
vt 0.028528 0.842329
vt 0.066651 0.873128
vt 0.046240 0.834814
vt 0.050188 0.882852
vt 0.028433 0.842098
vt 0.050361 0.883111
vt 0.123465 0.933665
vt 0.038903 0.792501
vt 0.093408 0.907229
vt 0.094160 0.906714
vt 0.050883 0.883485
vt 0.123266 0.934044
vt 0.029720 0.841576
vt 0.016448 0.796715
vt 0.035929 0.752998
vt 0.080719 0.920054
vt 0.113893 0.947250
vt 0.050796 0.883762
vt 0.117190 0.936653
vt 0.079945 0.919280
vt 0.047627 0.889457
vt 0.035340 0.752916
vt 0.014558 0.796274
vt 0.038916 0.792500
vt 0.014602 0.796514
vt 0.014599 0.796481
vt 0.014730 0.797141
vt 0.028205 0.841548
vt 0.047627 0.889457
vt 0.117975 0.934117
vt 0.113844 0.947318
vt 0.014771 0.797348
vt 0.028109 0.841318
vt 0.406250 0.021200
vt 0.406250 0.058076
vt 0.406250 0.016828
vt 0.406250 0.066984
vt 0.406250 0.016745
vt 0.406250 0.067021
vt 0.406250 0.135892
vt 0.406250 0.135892
vt 0.406250 0.027846
vt 0.406250 0.036119
vt 0.406250 0.061442
vt 0.004302 0.993471
vt 0.238521 0.638019
vt 0.365371 0.445511
vt 0.487161 0.260681
vt 0.434818 -0.030904
vt 0.059482 0.861911
vt 0.419618 0.025850
vt 0.406250 0.352830
vt 0.406250 0.336301
vt 0.406250 0.353579
vt 0.406250 0.337137
vt 0.406250 0.324114
vt 0.406250 0.325505
vt 0.406250 0.316823
vt 0.406250 0.314053
vt 0.406250 0.323773
vt 0.406250 0.304984
vt 0.406250 0.313712
vt 0.406250 0.306877
vt 0.406250 0.293301
vt 0.406250 0.303343
vt 0.406250 0.296039
vt 0.406250 0.284033
vt 0.406250 0.292934
vt 0.406250 0.289067
vt 0.406250 0.282768
vt 0.406250 0.283990
vt 0.406250 0.403998
vt 0.406250 0.404350
vt 0.406250 0.392091
vt 0.406250 0.422232
vt 0.406250 0.257261
vt 0.406250 0.257261
vt 0.406250 0.267331
vt 0.406250 0.276725
vt 0.406250 0.267368
vt 0.406250 0.272856
vt 0.406250 0.016828
vt 0.406250 0.067021
vt 0.406250 0.016744
vt 0.406250 0.422232
vt 0.124275 0.932121
vt 0.124207 0.932251
vt 0.113795 0.947541
vt 0.409603 0.014522
vt 0.112974 0.950194
vt 0.406250 0.399692
vt 0.406250 0.404736
vt 0.406250 0.331152
vt 0.406250 0.319325
vt 0.406250 0.318066
vt 0.406250 0.407205
vt 0.427365 0.392991
vt 0.406250 0.388376
vt 0.406250 0.399117
vt 0.406250 0.380157
vt 0.533662 0.267800
vt 0.406250 0.381073
vt 0.499805 0.496717
vt 0.468750 0.491676
vt 0.810999 -0.094271
vt 0.468750 0.438462
vt 0.468781 0.438462
vt 0.531250 0.465092
vt 0.531250 0.438462
vt 0.531690 0.496717
vt 0.562500 0.438462
vt 0.531250 0.438462
vt 0.593316 0.496646
vt 0.593750 0.438462
vt 0.625000 0.465100
vt 0.593831 0.492916
vt 0.593750 0.438462
vt 0.562941 0.496717
vt 0.656250 0.438462
vt 0.718750 0.438462
vt 0.687500 0.438462
vt 0.423589 0.410739
vt 0.435057 0.396627
vt 0.468750 0.437168
vt 0.437500 0.438462
vt 0.428550 0.404634
vt 0.481575 0.438462
vt 0.437500 0.437593
vt 0.531320 0.435875
vt 0.562509 0.438462
vt 0.562500 0.435874
vt 0.625066 0.435875
vt 0.718750 0.465970
vt 0.349730 0.751408
vt 0.718750 0.458460
vt 0.390901 0.694600
vt 0.749559 0.496720
vt 0.719194 0.496762
vt 0.720369 0.491745
vt 0.750000 0.491746
vt 0.687944 0.496762
vt 0.718306 0.496762
vt 0.645192 0.936454
vt 0.645192 0.936454
vt 0.654310 0.957266
vt 0.654483 0.957360
vt 0.940383 0.877198
vt 0.894566 0.926129
vt 0.816225 0.968022
vt 0.731770 0.977158
vt 0.974774 0.793986
vt 0.978967 0.750000
vt 0.974774 0.793986
vt 0.894567 0.926128
vt 0.816194 0.968032
vt 0.729739 0.976958
vt 0.609375 0.435875
vt 0.656250 0.435875
vt 0.750000 0.438461
vt 0.718750 0.438461
vt 0.720376 0.438461
vt 0.435056 0.396627
vt 0.562500 0.438462
vt 0.515625 0.438462
vt 0.468750 0.438462
vt 0.484375 0.435874
vt 0.437500 0.435874
vt 0.437465 0.435811
vt 0.437501 0.435877
vt 0.468757 0.436592
vt 0.531241 0.438462
vt 0.718750 0.435875
vt 0.687500 0.437950
vt 0.718750 0.438462
vt 0.750000 0.438461
vt 0.718750 0.436521
vt 0.750000 0.435875
vt 0.718750 0.436737
vt 0.500000 0.435875
vt 0.468750 0.435874
vt 0.546875 0.435874
vt 0.437468 0.435817
vt 0.437500 0.435874
vt 0.500000 0.438462
vt 0.719061 0.438461
vt 0.719182 0.438461
vt 0.717312 0.492638
vt 0.000297 0.999790
vt 0.720479 0.492669
vt 0.030752 0.977114
vt 0.718750 0.465103
vt 0.028865 0.978519
vt 0.718750 0.456225
vt 0.007135 0.994425
vt 0.719185 0.438503
vt 0.619442 0.516048
vt 0.437901 0.657881
vt 0.686505 0.463654
vt 0.718832 0.438603
vt 0.332160 0.740493
vt 0.718750 0.445725
vt 0.291302 0.792521
vt 0.032245 0.974808
vt 0.718750 0.438485
vt 0.718750 0.463413
vt 0.386590 0.725471
vt 0.718536 0.491745
vt 0.722977 0.491745
vt 0.884235 0.237162
vt 0.884231 0.000000
vt 0.865769 0.237161
vt 0.865766 0.000000
vt 0.634234 0.237162
vt 0.625000 0.000000
vt 0.625000 0.237161
vt 0.634234 0.000000
vt 0.625000 0.237161
vt 0.615766 0.000000
vt 0.615766 0.237161
vt 0.384234 0.237162
vt 0.375000 0.000000
vt 0.375000 0.237161
vt 0.384234 0.000000
vt 0.375000 0.237161
vt 0.365766 0.000000
vt 0.365766 0.237161
vt 0.134235 0.237161
vt 0.125000 0.000000
vt 0.125000 0.237161
vt 0.134235 0.000000
vt 0.125000 0.237162
vt 0.115767 0.000000
vt 0.115767 0.237161
vt 0.625000 0.500000
vt 0.615766 0.262839
vt 0.615766 0.500000
vt 0.625000 0.262838
vt 0.634234 0.500000
vt 0.625000 0.262838
vt 0.634234 0.262839
vt 0.843814 0.446395
vt 0.781262 0.260086
vt 0.843750 0.260086
vt 0.781250 0.446395
vt 0.843750 0.446395
vt 0.843760 0.260086
vt 0.906314 0.446395
vt 0.906250 0.260086
vt 0.906250 0.446395
vt 0.906258 0.260086
vt 0.968814 0.446395
vt 0.968750 0.260086
vt 0.968750 0.446395
vt 0.984375 0.260086
vt 1.000000 0.446395
vt 0.999987 0.239915
vt 0.937435 0.053605
vt 1.000000 0.053605
vt 0.937500 0.239915
vt 0.921875 0.239915
vt 0.906250 0.053605
vt 0.937500 0.053605
vt 0.890625 0.239915
vt 0.875000 0.053605
vt 0.874988 0.239914
vt 0.812436 0.053605
vt 0.812500 0.239915
vt 0.796875 0.239914
vt 0.781250 0.053605
vt 0.812500 0.053605
vt 0.843738 0.239915
vt 0.781185 0.053606
vt 0.843750 0.053605
vt 0.781250 0.239915
vt 0.859375 0.239915
vt 0.875000 0.053605
vt 0.875000 0.239915
vt 0.874934 0.053605
vt 0.937490 0.239915
vt 0.937500 0.053605
vt 0.953125 0.239915
vt 0.968750 0.053605
vt 0.984375 0.239915
vt 1.000000 0.053605
vt 0.937837 0.446395
vt 0.843687 0.260086
vt 0.937500 0.260086
vt 0.843816 0.446395
vt 0.781261 0.260086
vt 0.843750 0.260086
vt 0.781250 0.446395
vt 0.937500 0.446395
vt 0.953125 0.260086
vt 0.968750 0.446395
vt 0.984375 0.260086
vt 0.781250 0.239914
vt 0.781186 0.053605
vt 0.843742 0.239915
vt 0.843750 0.053605
vt 0.859375 0.239915
vt 0.875000 0.053605
vt 0.890625 0.239915
vt 0.906250 0.053605
vt 0.921875 0.239915
vt 0.953125 0.239915
vt 0.968750 0.053605
vt 0.984375 0.239915
vt 0.156250 0.446395
vt 0.171875 0.260086
vt 0.187500 0.446395
vt 0.125000 0.446395
vt 0.140625 0.260086
vt 0.093750 0.446395
vt 0.109375 0.260086
vt 0.062500 0.446395
vt 0.078125 0.260086
vt 0.062564 0.446395
vt 0.000013 0.260086
vt 0.062500 0.260086
vt 0.000000 0.446395
vt 0.921875 0.260086
vt 0.937500 0.446395
vt 0.875000 0.446395
vt 0.890625 0.260086
vt 0.859375 0.260086
vt 0.812500 0.446395
vt 0.828125 0.260086
vt 0.776520 0.446395
vt 0.798033 0.260086
vt 0.953125 0.260086
vt 0.968750 0.446395
vt 0.984375 0.260086
vt 1.000000 0.446395
vt 0.171875 0.239914
vt 0.156250 0.053605
vt 0.187500 0.053605
vt 0.140625 0.239915
vt 0.125000 0.053605
vt 0.109375 0.239915
vt 0.093750 0.053605
vt 0.078125 0.239915
vt 0.062500 0.053605
vt 0.046875 0.239915
vt 0.031250 0.053605
vt 0.015625 0.239915
vt 0.000000 0.053605
vt 0.203125 0.239914
vt 0.218750 0.053605
vt 0.140625 0.239915
vt 0.125000 0.053605
vt 0.156250 0.053605
vt 0.109375 0.239915
vt 0.093750 0.053605
vt 0.078125 0.239915
vt 0.062500 0.053605
vt 0.046875 0.239915
vt 0.031250 0.053605
vt 0.015625 0.239915
vt 0.000000 0.053605
vt 0.156268 0.239915
vt 0.156186 0.053605
vt 0.223482 0.053605
vt 0.223483 0.239915
vt 0.812500 0.446395
vt 0.828125 0.260086
vt 0.859375 0.260086
vt 0.890625 0.260086
vt 0.937510 0.260086
vt 0.999987 0.446395
vt 1.000000 0.260086
vt 0.156250 0.446395
vt 0.171875 0.260086
vt 0.187500 0.446395
vt 0.125000 0.446395
vt 0.140625 0.260086
vt 0.093750 0.446395
vt 0.109375 0.260086
vt 0.094087 0.446395
vt -0.000064 0.260086
vt 0.093750 0.260086
vt 0.000000 0.446395
vt 0.781250 0.239915
vt 0.940387 0.053605
vt 0.938367 0.239915
vt 0.781250 0.053605
vt 0.953125 0.239915
vt 0.937500 0.053605
vt 0.968750 0.053605
vt 1.000000 0.053605
vt 0.187500 0.446395
vt 0.203125 0.260086
vt 0.218750 0.446395
vt 0.156250 0.446395
vt 0.171875 0.260086
vt 0.030629 0.446395
vt 0.156237 0.260086
vt 0.156315 0.446395
vt 0.031183 0.260086
vt 0.015625 0.260086
vt 0.031250 0.446395
vt 0.875000 0.239915
vt 0.874936 0.053605
vt 0.937492 0.239915
vt 0.937500 0.053605
vt 0.937500 0.239915
vt 0.937436 0.053605
vt 0.999990 0.239915
vt 1.000000 0.053605
vt 0.859375 0.239915
vt 0.828125 0.239915
vt 0.812500 0.053605
vt 0.798216 0.239915
vt 0.776517 0.053605
vt 0.375000 0.500000
vt 0.365766 0.262839
vt 0.365766 0.500000
vt 0.375000 0.262838
vt 0.384234 0.500000
vt 0.375000 0.262838
vt 0.384234 0.262839
vt 0.062564 0.446395
vt 0.000013 0.260086
vt 0.062500 0.260086
vt 0.000000 0.446395
vt 0.060459 0.446395
vt 0.061721 0.260086
vt 0.218750 0.260086
vt 0.218750 0.446395
vt 0.093819 0.239915
vt -0.000071 0.053605
vt 0.000000 0.239915
vt 0.093541 0.239915
vt 0.093402 0.053605
vt 0.221166 0.053606
vt 0.221055 0.239915
vt 0.140625 0.239915
vt 0.109375 0.239915
vt 0.078125 0.239915
vt 0.046875 0.239915
vt 0.015625 0.239915
vt 0.171875 0.239915
vt 0.187500 0.053605
vt 0.203125 0.239914
vt 0.843750 0.446395
vt 0.859375 0.260086
vt 0.875000 0.446395
vt 0.812500 0.446395
vt 0.828125 0.260086
vt 0.781250 0.446395
vt 0.796875 0.260086
vt 0.890625 0.260086
vt 0.906250 0.446395
vt 0.906262 0.260086
vt 0.968815 0.446395
vt 0.968750 0.260086
vt 0.968750 0.446395
vt 0.984375 0.260086
vt 1.000000 0.446395
vt 0.156250 0.446395
vt 0.156262 0.260086
vt 0.221055 0.446395
vt 0.220887 0.260086
vt 0.156316 0.446395
vt 0.093761 0.260086
vt 0.156250 0.260086
vt 0.093750 0.446395
vt 0.094098 0.446395
vt -0.000071 0.260086
vt 0.093750 0.260086
vt 0.828125 0.239915
vt 0.812500 0.053605
vt 0.843750 0.053605
vt 0.843750 0.239915
vt 0.843402 0.053606
vt 0.937571 0.239915
vt 0.999992 0.239915
vt 0.937436 0.053605
vt 0.937500 0.239915
vt 0.550863 0.500000
vt 0.532400 0.262839
vt 0.532400 0.500000
vt 0.550863 0.262839
vt 0.203125 0.260086
vt 0.218750 0.446395
vt 0.171875 0.260086
vt 0.125000 0.446395
vt 0.140625 0.260086
vt 0.125065 0.446395
vt 0.062508 0.260086
vt 0.125000 0.260086
vt 0.062500 0.446395
vt 0.031250 0.446395
vt 0.046875 0.260086
vt 0.000000 0.446395
vt 0.015625 0.260086
vt 0.062489 0.239915
vt 0.000008 0.053605
vt 0.000000 0.239915
vt 0.062500 0.239915
vt 0.062434 0.053605
vt 0.124991 0.239915
vt 0.140625 0.239915
vt 0.221052 0.239914
vt 0.156185 0.053605
vt 0.220883 0.053605
vt 0.156250 0.239915
vt 0.999987 0.446395
vt 0.937508 0.260086
vt 1.000000 0.260086
vt 0.937500 0.446395
vt 0.906250 0.446395
vt 0.921875 0.260086
vt 0.875000 0.446395
vt 0.890625 0.260086
vt 0.859375 0.260086
vt 0.828125 0.260086
vt 0.796875 0.260086
vt 0.999987 0.239915
vt 0.937436 0.053605
vt 0.937489 0.239915
vt 0.874936 0.053606
vt 0.859375 0.239915
vt 0.875000 0.053605
vt 0.843742 0.239915
vt 0.778941 0.053605
vt 0.779114 0.239915
vt 0.843750 0.239915
vt 0.843405 0.053605
vt 0.937569 0.239915
vt 0.828125 0.239915
vt 0.999992 0.239915
vt 0.937435 0.053605
vt 0.937500 0.239915
vt 0.796875 0.260086
vt 0.828125 0.260086
vt 0.843750 0.446395
vt 0.859375 0.260086
vt 0.874930 0.260086
vt 0.969098 0.446395
vt 0.968750 0.260086
vt 0.984375 0.260086
vt 1.000000 0.446395
vt 0.843740 0.239914
vt 0.781184 0.053605
vt 0.843750 0.053605
vt 0.781250 0.239915
vt 0.859375 0.239914
vt 0.875000 0.239915
vt 0.874653 0.053605
vt 0.968820 0.239914
vt 0.984375 0.239915
vt 0.015625 0.239915
vt 0.000000 0.053605
vt 0.031250 0.053605
vt 0.046875 0.239915
vt 0.062500 0.053605
vt 0.078125 0.239915
vt 0.093750 0.239915
vt 0.093686 0.053605
vt 0.156240 0.239915
vt 0.156250 0.053605
vt 0.156250 0.239915
vt 0.156186 0.053605
vt 0.218738 0.239915
vt 0.218750 0.053605
vt 0.875347 0.446395
vt 0.781180 0.260086
vt 0.875000 0.260086
vt 0.781250 0.446395
vt 0.875000 0.446395
vt 0.875009 0.260086
vt 0.937566 0.446395
vt 0.937500 0.260086
vt 0.937500 0.446395
vt 0.953125 0.260086
vt 0.968750 0.446395
vt 0.050864 0.500000
vt 0.032401 0.262839
vt 0.032401 0.500000
vt 0.050864 0.262838
vt 0.781250 0.239915
vt 0.781186 0.053605
vt 0.843737 0.239915
vt 0.859375 0.239915
vt 0.875000 0.053606
vt 0.890625 0.239915
vt 0.906250 0.053606
vt 0.921875 0.239915
vt 0.937500 0.053606
vt 0.953125 0.239915
vt 0.968750 0.053606
vt 0.984375 0.239915
vt 1.000000 0.053606
vt 0.093750 0.446395
vt 0.109375 0.260086
vt 0.093816 0.446395
vt 0.031259 0.260086
vt 0.093750 0.260086
vt 0.015625 0.260086
vt 0.125012 0.260086
vt 0.187566 0.446395
vt 0.187500 0.260086
vt 0.203125 0.260086
vt 0.218750 0.446395
vt 0.875012 0.260086
vt 0.937564 0.446395
vt 0.859375 0.260086
vt 0.843815 0.446395
vt 0.781263 0.260086
vt 0.843750 0.260086
vt 0.953125 0.260086
vt 0.984375 0.260086
vt 1.000000 0.446395
vt 0.776521 0.446395
vt 0.875202 0.260086
vt 0.875341 0.446395
vt 0.776521 0.260086
vt 0.890625 0.260086
vt 0.906188 0.260086
vt 1.000065 0.446395
vt 0.031250 0.446395
vt 0.031263 0.260086
vt 0.093815 0.446395
vt 0.015625 0.260086
vt 0.093750 0.260086
vt 0.109375 0.260086
vt 0.125000 0.446395
vt 0.124402 0.446395
vt 0.124937 0.260086
vt 0.218750 0.260086
vt 0.187500 0.446395
vt 0.203125 0.260086
vt 0.189393 0.446395
vt 0.030457 0.260086
vt 0.187500 0.260086
vt 0.015625 0.260086
vt 0.140625 0.260086
vt 0.156250 0.446395
vt 0.125065 0.446395
vt 0.062508 0.260086
vt 0.125000 0.260086
vt 0.062500 0.446395
vt 0.062564 0.446395
vt 0.000008 0.260086
vt 0.062500 0.260086
vt 0.171875 0.260086
vt 0.717600 0.500000
vt 0.699137 0.262839
vt 0.699137 0.500000
vt 0.717600 0.262838
vt 0.109375 0.260086
vt 0.078125 0.260086
vt 0.046875 0.260086
vt 0.140625 0.260086
vt 0.171875 0.260086
vt 0.187500 0.446395
vt 0.201782 0.260086
vt 0.223481 0.446395
vt -0.000064 0.053605
vt 0.093819 0.239915
vt 0.093750 0.053605
vt 0.109375 0.239915
vt 0.140625 0.239915
vt 0.156186 0.053605
vt 0.220664 0.239915
vt 0.220500 0.053605
vt 0.093750 0.239915
vt 0.093686 0.053605
vt 0.156238 0.239915
vt 0.218737 0.239915
vt 0.156185 0.053605
vt 0.218750 0.053606
vt 0.078125 0.239915
vt 0.093750 0.053605
vt 0.062490 0.239915
vt 0.000013 0.053605
vt 0.000000 0.239915
vt 0.921875 0.260086
vt 0.906595 0.446395
vt 0.778792 0.260086
vt 0.906236 0.260086
vt 0.779218 0.446395
vt 0.937513 0.260086
vt 0.999992 0.446395
vt 1.000000 0.260086
vt 0.217600 0.500000
vt 0.199138 0.262839
vt 0.199138 0.500000
vt 0.217600 0.262838
vt 0.062500 0.239915
vt 0.060704 0.053605
vt 0.219636 0.239915
vt 0.062488 0.239915
vt 0.000010 0.053605
vt 0.218750 0.053605
vt 0.717600 0.237162
vt 0.699137 0.000000
vt 0.699137 0.237161
vt 0.717600 0.000000
vt 0.843679 0.260086
vt 0.937847 0.446395
vt 0.828125 0.260086
vt 0.937500 0.260086
vt 0.953125 0.260086
vt 0.968750 0.446395
vt 0.078125 0.239915
vt 0.062500 0.053606
vt 0.093750 0.053606
vt 0.046875 0.239915
vt 0.031250 0.053606
vt 0.015625 0.239915
vt 0.000000 0.053606
vt 0.109375 0.239915
vt 0.125000 0.053606
vt 0.140625 0.239915
vt 0.156250 0.053606
vt 0.171875 0.239915
vt 0.187500 0.053605
vt 0.203125 0.239915
vt 0.218750 0.053605
vt 0.890625 0.239915
vt 0.859375 0.239914
vt 0.843742 0.239914
vt 0.776319 0.053605
vt 0.776522 0.239914
vt 0.984375 0.239915
vt 0.921875 0.239915
vt 0.906250 0.053605
vt 0.937500 0.053605
vt 0.906238 0.239915
vt 0.843686 0.053605
vt 0.843750 0.239915
vt 0.828125 0.239915
vt 0.796875 0.239915
vt 0.781250 0.053605
vt 0.937435 0.053605
vt 0.999987 0.239915
vt -0.001601 0.446395
vt 0.218940 0.260086
vt 0.219086 0.446395
vt -0.000897 0.260086
vt 0.093684 0.053605
vt 0.156239 0.239915
vt 0.171875 0.239915
vt 0.187500 0.053605
vt 0.093815 0.239915
vt -0.000069 0.053605
vt 0.125000 0.500000
vt 0.115767 0.262839
vt 0.115767 0.500000
vt 0.125000 0.262838
vt 0.134235 0.500000
vt 0.125000 0.262839
vt 0.134235 0.262838
vt 0.967601 0.500000
vt 0.949138 0.262839
vt 0.949138 0.500000
vt 0.967600 0.262838
vt 0.800864 0.500000
vt 0.782400 0.262839
vt 0.782400 0.500000
vt 0.800864 0.262839
vt 0.467600 0.500000
vt 0.449137 0.262839
vt 0.449137 0.500000
vt 0.467600 0.262839
vt 0.967600 0.237161
vt 0.949137 0.000000
vt 0.949138 0.237161
vt 0.967600 0.000000
vt 0.300863 0.500000
vt 0.282401 0.262839
vt 0.282401 0.500000
vt 0.300863 0.262839
vt 0.015625 0.239915
vt 0.046875 0.239914
vt 0.078125 0.239915
vt 0.109375 0.239915
vt 0.140625 0.239915
vt 0.171875 0.239914
vt 0.800864 0.237161
vt 0.782400 0.000000
vt 0.782400 0.237161
vt 0.800864 0.000000
vt 0.550863 0.237162
vt 0.532400 0.000000
vt 0.532400 0.237161
vt 0.550863 0.000000
vt 0.300863 0.237161
vt 0.282401 0.000000
vt 0.282401 0.237162
vt 0.300863 0.000000
vt 0.217600 0.237161
vt 0.199137 0.000000
vt 0.199138 0.237162
vt 0.217600 0.000000
vt 0.467600 0.237162
vt 0.449137 0.000000
vt 0.449137 0.237161
vt 0.467600 0.000000
vt 0.050864 0.237162
vt 0.032401 0.000000
vt 0.032401 0.237161
vt 0.050864 0.000000
vt 0.884235 0.500000
vt 0.884231 0.262839
vt 0.865769 0.500000
vt 0.865767 0.262839
vt 0.164738 0.260086
vt 0.062493 0.260086
vt 0.062493 0.260086
vt 0.164584 0.260086
vt 0.835369 0.239915
vt 0.937507 0.239915
vt 0.835525 0.239915
vt 0.937507 0.239915
vt 0.161625 0.260086
vt 0.034611 0.260086
vt 0.161628 0.260086
vt 0.034611 0.260086
vt 0.062493 0.239915
vt 0.164530 0.239915
vt 0.164685 0.239915
vt 0.062493 0.239915
vt 0.164747 0.260086
vt 0.078122 0.260086
vt 0.164595 0.260086
vt 0.078121 0.260086
vt 0.000609 0.260086
vt 0.000609 0.260086
vt 0.906250 0.260086
vt 0.835482 0.260086
vt 0.835326 0.260086
vt 0.164588 0.239915
vt 0.164740 0.239915
vt 0.798472 0.515169
vt 0.824972 0.523600
vt 0.787182 0.537473
vt 0.826502 0.556463
vt 0.750106 0.554359
vt 0.669325 0.564920
vt 0.856350 0.584435
vt 0.644144 0.585579
vt 0.611534 0.584538
vt 0.928001 0.591481
vt 0.572689 0.592481
vt 0.893066 0.583139
vt 0.911936 0.625266
vt 0.587594 0.630053
vt 0.921382 0.656498
vt 0.572399 0.663588
vt 0.952646 0.675938
vt 0.547506 0.676868
vt 0.984830 0.701526
vt 0.515659 0.701662
vt 0.523601 0.675027
vt 0.962528 0.712815
vt 0.544138 0.719483
vt 0.945172 0.745285
vt 0.554826 0.754716
vt 0.955860 0.780517
vt 0.537470 0.787185
vt 0.984341 0.798338
vt 0.515170 0.798474
vt 0.957270 0.822976
vt 0.525054 0.824748
vt 0.564918 0.830673
vt 0.927600 0.836413
vt 0.586364 0.860599
vt 0.913173 0.874516
vt 0.585419 0.888798
vt 0.928094 0.908839
vt 0.571768 0.908660
vt 0.888465 0.915462
vt 0.908948 0.928510
vt 0.634858 0.912251
vt 0.855855 0.914422
vt 0.606933 0.916861
vt 0.590959 0.928433
vt 0.666133 0.931676
vt 0.830673 0.935080
vt 0.749893 0.945641
vt 0.712817 0.962527
vt 0.675252 0.974948
vt 0.701526 0.984830
vt 0.787183 0.962527
vt 0.824748 0.974948
vt 0.798473 0.984830
vt 0.976800 0.825071
vt 0.976800 0.674928
vt 0.908947 0.571490
vt 0.590958 0.571568
vt 0.712816 0.537473
vt 0.675251 0.525052
vt 0.701526 0.515170
vt 0.201526 0.515170
vt 0.175251 0.525052
vt 0.212816 0.537473
vt 0.169325 0.564920
vt 0.245284 0.554827
vt 0.326502 0.556463
vt 0.356350 0.584435
vt 0.144144 0.585578
vt 0.111534 0.584538
vt 0.428001 0.591481
vt 0.072689 0.592481
vt 0.393066 0.583139
vt 0.408947 0.571490
vt 0.412405 0.630052
vt 0.087593 0.630052
vt 0.431678 0.666135
vt 0.072398 0.663587
vt 0.047506 0.676868
vt 0.474946 0.675252
vt 0.482834 0.702225
vt 0.015659 0.701662
vt 0.044138 0.719483
vt 0.450621 0.727323
vt 0.054826 0.754716
vt 0.447012 0.763964
vt 0.037470 0.787185
vt 0.461930 0.787912
vt 0.484341 0.798338
vt 0.015170 0.798474
vt 0.457270 0.822976
vt 0.476800 0.825071
vt 0.047353 0.824062
vt 0.427600 0.836413
vt 0.078617 0.843503
vt 0.412405 0.869948
vt 0.086977 0.879359
vt 0.428001 0.908519
vt 0.071768 0.908660
vt 0.388465 0.915462
vt 0.408948 0.928510
vt 0.143815 0.915629
vt 0.106933 0.916861
vt 0.090959 0.928433
vt 0.355855 0.914422
vt 0.330674 0.935080
vt 0.172099 0.938937
vt 0.250107 0.945641
vt 0.287183 0.962527
vt 0.324748 0.974948
vt 0.298473 0.984830
vt 0.212817 0.962527
vt 0.175252 0.974948
vt 0.201526 0.984830
vt 0.023200 0.825071
vt 0.023601 0.675027
vt 0.090958 0.571567
vt 0.277053 0.547392
vt 0.297773 0.517165
vt 0.324972 0.523601
vt 0.000000 0.250000
vt 0.031250 0.239915
vt 0.031250 0.260086
vt 0.062514 0.239915
vt 0.187703 0.260086
vt 0.062435 0.260086
vt 0.187846 0.239915
vt 0.156250 0.239915
vt 0.187500 0.253364
vt 0.156250 0.260086
vt 0.093750 0.239915
vt 0.125000 0.253364
vt 0.093750 0.260086
vt 0.031250 0.239915
vt 0.062500 0.253364
vt 0.031250 0.260086
vt 0.407667 0.226416
vt 0.604337 0.012268
vt 0.395078 0.021120
vt 0.612387 0.241647
vt 0.398600 0.283309
vt 0.641441 0.287500
vt 0.398729 0.462500
vt 0.608797 0.515917
vt 0.640896 0.462500
vt 0.605433 0.499839
vt 0.637631 0.462500
vt 0.625000 0.480433
vt 0.644567 0.480433
vt 0.644591 0.480398
vt 0.855397 0.480396
vt 0.855325 0.269572
vt 0.644635 0.269607
vt 0.401575 0.745315
vt 0.402039 0.499478
vt 0.593513 0.757794
vt 0.402266 0.983730
vt 0.619043 0.962489
vt 0.603190 0.999935
vt 0.625000 0.769730
vt 0.619934 0.712709
vt 0.625000 0.713648
vt 0.605433 0.750000
vt 0.613665 0.715450
vt 0.374986 0.287500
vt 0.137379 0.264244
vt 0.357307 0.260879
vt 0.361291 0.488288
vt 0.149231 0.480582
vt 0.162500 0.500000
vt 0.405876 0.224545
vt 0.606259 0.007041
vt 0.394888 0.020928
vt 0.603471 0.260787
vt 0.625000 0.212500
vt 0.397159 0.284556
vt 0.602466 0.287500
vt 0.397534 0.462500
vt 0.374869 0.287500
vt 0.396377 0.489088
vt 0.361930 0.488030
vt 0.154351 0.486457
vt 0.137687 0.264109
vt 0.353354 0.260509
vt 0.587500 0.512361
vt 0.405876 0.724545
vt 0.587500 0.758443
vt 0.412500 0.771209
vt 0.397301 0.749929
vt 0.399501 0.982646
vt 0.624039 0.769706
vt 0.606225 0.962500
vt 0.603118 0.999850
vt 0.625000 0.962500
vt 0.606082 0.715748
vt 0.624236 0.519604
vt 0.625000 0.712500
vt 0.606225 0.462500
vt 0.605433 0.500122
vt 0.648991 0.462500
vt 0.643775 0.287500
vt 0.625000 0.287500
vt 0.857302 0.269558
vt 0.644567 0.269567
vt 0.855393 0.480431
vt 0.625408 0.480435
vt 0.625000 0.462500
vt 0.420143 0.011152
vt 0.408792 0.011152
vt 0.439083 0.015344
vt 0.438915 0.018363
vt 0.408305 0.000327
vt 0.407470 -0.001502
vt 0.466106 0.070073
vt 0.466106 0.070073
vt 0.485442 0.796274
vt 0.470843 0.750000
vt 0.466600 0.793084
vt 0.489946 0.750547
vt 0.471891 0.841318
vt 0.454032 0.834513
vt 0.485229 0.797348
vt 0.449812 0.882852
vt 0.433624 0.872694
vt 0.471472 0.842329
vt 0.420055 0.919280
vt 0.406160 0.906160
vt 0.449204 0.883762
vt 0.383762 0.949204
vt 0.372694 0.933624
vt 0.419280 0.920054
vt 0.342329 0.971472
vt 0.334513 0.954032
vt 0.382852 0.949812
vt 0.297348 0.985229
vt 0.293084 0.966600
vt 0.341318 0.971891
vt 0.250547 0.989946
vt 0.250000 0.970843
vt 0.296274 0.985442
vt 0.203726 0.985442
vt 0.206916 0.966600
vt 0.249453 0.989946
vt 0.158682 0.971891
vt 0.165487 0.954032
vt 0.202652 0.985229
vt 0.120457 0.949265
vt 0.157671 0.971472
vt 0.389427 0.919892
vt 0.272808 0.968597
vt 0.443828 0.853603
vt 0.468719 0.771563
vt 0.443828 0.853603
vt 0.127306 0.933624
vt 0.196221 0.963355
vt 0.119622 0.951173
vt 0.468750 0.299900
vt 0.468750 0.299898
vt 0.468750 0.077517
vt 0.468750 0.077422
vt 0.468306 0.076188
vt 0.468750 0.299899
vt 0.470664 0.300629
vt 0.470664 0.300574
vt 0.468366 0.076436
vt 0.438342 0.010481
vt 0.468750 0.299900
vt 0.440144 0.019657
vt 0.470849 0.302168
vt 0.516629 0.302168
vt 0.470849 0.302167
vt 0.577274 0.302168
vt 0.623716 0.302167
vt 0.669910 0.302168
vt 0.729575 0.302168
vt 0.715962 0.302168
vt 0.669753 0.302168
vt 0.623716 0.302168
vt 0.577195 0.302168
vt 0.516629 0.302168
vt 0.562121 0.301782
vt 0.531141 0.302168
vt 0.562163 0.301657
vt 0.592846 0.302168
vt 0.687252 0.300829
vt 0.654483 0.302168
vt 0.685230 0.302168
vt 0.736690 0.300910
vt 0.716979 0.301709
vt 0.728094 0.302168
vt 0.685883 0.301783
vt 0.562163 0.301657
vt 0.516578 0.302168
vt 0.516527 0.300635
vt 0.470757 0.301401
vt 0.122048 0.945634
vt 0.405876 0.224545
vt 0.606259 0.007040
vt 0.394888 0.020928
vt 0.603470 0.260786
vt 0.397158 0.284556
vt 0.602469 0.287500
vt 0.397531 0.462500
vt 0.374868 0.287500
vt 0.396378 0.489088
vt 0.361930 0.488030
vt 0.137686 0.264109
vt 0.353354 0.260511
vt 0.154352 0.486457
vt 0.587500 0.512362
vt 0.624236 0.519604
vt 0.606082 0.715749
vt 0.587500 0.758440
vt 0.405876 0.724545
vt 0.412500 0.771211
vt 0.624039 0.769706
vt 0.397301 0.749929
vt 0.399501 0.982646
vt 0.603118 0.999850
vt 0.648992 0.462500
vt 0.625409 0.480435
vt 0.855394 0.480431
vt 0.857301 0.269558
vt 0.605433 0.500122
vt 0.000000 1.000000
vt 0.593750 0.500000
vt 0.562500 0.000000
vt 0.562500 0.500000
vt 0.593750 0.000000
vt 0.531250 0.000000
vt 0.531250 0.500000
vt 0.500000 0.000000
vt 0.500000 0.500000
vt 0.468750 0.000000
vt 0.468750 0.500000
vt 0.437500 0.000000
vt 0.437500 0.500000
vt 0.406250 0.000000
vt 0.406250 0.500000
vt 0.405107 0.000000
vt 0.404808 0.250003
vt 0.405106 0.500000
vt 0.250000 0.500000
vt 0.218750 0.000000
vt 0.218750 0.500000
vt 0.250000 0.000000
vt 0.939890 0.792157
vt 0.513439 0.784915
vt 0.522099 0.680240
vt 0.892411 0.676725
vt 0.013439 0.784915
vt 0.439891 0.792158
vt 0.021986 0.680378
vt 0.392411 0.676725
vt 0.906337 0.929216
vt 0.738633 0.983925
vt 0.613939 0.947317
vt 0.260437 0.000000
vt 0.270873 0.499970
vt 0.238627 0.983926
vt 0.406335 0.929218
vt 0.113942 0.947319
vt 0.287035 0.500000
vt 0.060185 0.500000
vt 0.923775 0.500000
vt 0.423778 0.500000
vt 0.787032 0.500000
vt 0.560181 0.500000
vt 0.666241 0.500000
vt 0.166242 0.500000
vt 0.060181 0.000000
vt 0.287030 0.000000
vt 0.923778 0.000000
vt 0.423774 0.000000
vt 0.787036 0.000000
vt 0.560184 0.000000
vt 0.666242 0.000000
vt 0.166241 0.000000
vt 0.071108 0.866773
vt 0.428892 0.633231
vt 0.083553 0.600318
vt 0.416446 0.899682
vt 0.928896 0.633234
vt 0.571110 0.866770
vt 0.583551 0.600320
vt 0.916449 0.899681
vt 0.281250 0.442303
vt 0.250000 0.442303
vt 0.281250 0.442303
vt 0.218750 0.442303
vt 0.218750 0.384607
vt 0.281143 0.384607
vt 0.218857 0.442303
vt 0.281250 0.384607
vt 0.250000 0.384607
vt 0.281223 0.442303
vt 0.218777 0.442303
vt 0.280275 0.442303
vt 0.219725 0.442303
vt 0.319332 0.521440
vt 0.226590 0.512306
vt 0.137411 0.539357
vt 0.401520 0.565370
vt 0.065372 0.598477
vt 0.460641 0.637408
vt 0.021441 0.680666
vt 0.012306 0.773411
vt 0.485388 0.796822
vt 0.039359 0.862592
vt 0.460641 0.862592
vt 0.098480 0.934630
vt 0.401520 0.934630
vt 0.180668 0.978560
vt 0.319332 0.978560
vt 0.031250 0.245919
vt 0.000000 0.245919
vt 0.062500 0.245919
vt 0.062154 0.245919
vt 0.156319 0.259430
vt 0.156250 0.245919
vt 0.187500 0.245919
vt 0.218750 0.245919
vt 0.218686 0.245919
vt 0.281239 0.259430
vt 0.281250 0.245919
vt 0.281186 0.245919
vt 0.343737 0.259430
vt 0.343750 0.245919
vt 0.031250 0.499995
vt 0.031250 0.269214
vt 0.000000 0.269211
vt 0.062500 0.499996
vt 0.031250 0.269214
vt 0.187500 0.500000
vt 0.187500 0.442303
vt 0.156250 0.499998
vt 0.187500 0.269214
vt 0.156250 0.269214
vt 0.187500 0.269214
vt 0.218750 0.269214
vt 0.218677 0.384607
vt 0.281239 0.269214
vt 0.218750 0.269214
vt 0.343698 0.269214
vt 0.281250 0.269214
vt 0.281253 0.500000
vt 0.343750 0.499998
vt 0.468750 0.499995
vt 0.468700 0.269214
vt 0.406229 0.499996
vt 0.406250 0.269214
vt 0.531250 0.499995
vt 0.531202 0.269214
vt 0.468729 0.499995
vt 0.625000 0.499997
vt 0.593750 0.269214
vt 0.593750 0.499996
vt 0.625000 0.269214
vt 0.656250 0.499998
vt 0.625000 0.269214
vt 0.687500 0.499999
vt 0.656250 0.269214
vt 0.656250 0.269214
vt 0.781250 0.500000
vt 0.750000 0.269214
vt 0.750000 0.500000
vt 0.781250 0.269214
vt 0.812500 0.499999
vt 0.781250 0.269214
vt 0.812500 0.269214
vt 0.718750 0.269214
vt 0.718750 0.500000
vt 0.750000 0.269214
vt 0.687500 0.269214
vt 0.718750 0.269214
vt 0.874950 0.269214
vt 0.812500 0.269214
vt 0.812480 0.499999
vt 0.937468 0.269214
vt 0.875000 0.269214
vt 0.874938 0.499997
vt 0.937500 0.499996
vt 1.000000 0.500000
vt 1.000000 0.269211
vt 0.968750 0.499995
vt 0.968750 0.269214
vt 0.937500 0.269214
vt 0.968750 0.269214
vt 0.875000 0.499997
vt 0.687500 0.269214
vt 0.562500 0.269214
vt 0.562500 0.499996
vt 0.593750 0.269214
vt 0.531250 0.269214
vt 0.562500 0.269214
vt 0.468750 0.269214
vt 0.406250 0.499996
vt 0.375000 0.269214
vt 0.375000 0.499997
vt 0.406250 0.269214
vt 0.343750 0.269214
vt 0.375000 0.269214
vt 0.156276 0.269214
vt 0.062229 0.499996
vt 0.062500 0.269214
vt 0.000000 0.500000
vt 0.062500 0.269214
vt 0.968750 0.245919
vt 0.937500 0.245919
vt 0.968750 0.245919
vt 0.937500 0.245919
vt 0.999728 0.245919
vt 1.000000 0.245919
vt 0.906250 0.245919
vt 0.875000 0.245919
vt 0.906250 0.245919
vt 0.843750 0.245919
vt 0.812500 0.245919
vt 0.843750 0.245919
vt 0.781250 0.245919
vt 0.750000 0.245919
vt 0.781250 0.245919
vt 0.718750 0.245919
vt 0.687500 0.245919
vt 0.718750 0.245919
vt 0.656250 0.245919
vt 0.625000 0.245919
vt 0.656250 0.245919
vt 0.625000 0.245919
vt 0.593750 0.245919
vt 0.625000 0.245919
vt 0.562500 0.245919
vt 0.531250 0.245919
vt 0.562500 0.245919
vt 0.500000 0.245919
vt 0.500000 0.245919
vt 0.468750 0.245919
vt 0.468750 0.245919
vt 0.437500 0.245919
vt 0.468750 0.245919
vt 0.437500 0.245919
vt 0.531250 0.245919
vt 0.406250 0.245919
vt 0.406250 0.245919
vt 0.375000 0.245919
vt 0.406250 0.245919
vt 0.343750 0.245919
vt 0.343750 0.245919
vt 0.312500 0.245919
vt 0.250000 0.245919
vt 0.203122 0.245919
vt 0.203126 0.245919
vt 0.140625 0.245919
vt 0.109372 0.245919
vt 0.093750 0.245919
vt 0.062500 0.245919
vt 0.031250 0.245919
vt 0.000272 0.245919
vt 0.074307 0.116626
vt 0.000000 0.127148
vt 0.083041 0.127148
vt 0.000000 0.116626
vt 0.219346 0.116626
vt 0.218816 0.127148
vt 0.250000 0.116626
vt 0.218750 0.116626
vt 0.218750 0.127148
vt 0.281250 0.116626
vt 0.250000 0.127148
vt 0.250000 0.127148
vt 0.281250 0.127148
vt 0.343750 0.116626
vt 0.281186 0.116626
vt 0.343737 0.127148
vt 0.281250 0.127148
vt 0.406250 0.116626
vt 0.343685 0.116626
vt 0.406315 0.127148
vt 0.343750 0.127148
vt 0.437500 0.116626
vt 0.406250 0.116626
vt 0.406250 0.127148
vt 0.437500 0.127148
vt 0.468750 0.116626
vt 0.437500 0.127148
vt 0.468750 0.127148
vt 0.542810 0.116626
vt 0.468750 0.127148
vt 0.551687 0.127148
vt 0.656237 0.116626
vt 0.656242 0.127148
vt 0.500000 0.127148
vt 0.515629 0.127148
vt 0.562469 0.127148
vt 0.546874 0.127148
vt 0.609374 0.127148
vt 0.609377 0.127148
vt 0.656250 0.127148
vt 0.656250 0.127148
vt 0.687500 0.127148
vt 0.718750 0.127148
vt 0.687500 0.127148
vt 0.375000 0.127148
vt 0.312500 0.127148
vt 0.343750 0.127148
vt 0.171877 0.127148
vt 0.218750 0.127148
vt 0.171874 0.127148
vt 0.125000 0.127148
vt 0.093750 0.127148
vt 0.062500 0.127148
vt 0.093750 0.127148
vt 0.031250 0.127148
vt 0.062500 0.127148
vt 0.031250 0.127148
vt 0.000251 0.127148
vt 0.031250 0.127148
vt 0.062500 0.127148
vt 0.937500 0.127148
vt 0.968750 0.127148
vt 0.968750 0.127148
vt 0.937500 0.127148
vt 0.906250 0.127148
vt 0.937500 0.127148
vt 0.906250 0.127148
vt 0.875000 0.127148
vt 0.906250 0.127148
vt 0.875000 0.127148
vt 0.843750 0.127148
vt 0.875000 0.127148
vt 0.843750 0.127148
vt 0.812500 0.127148
vt 0.812500 0.127148
vt 0.781250 0.127148
vt 0.812500 0.127148
vt 0.781250 0.127148
vt 0.750000 0.127148
vt 0.750000 0.127148
vt 0.718750 0.127148
vt 1.000000 0.127148
vt 0.999749 0.127148
vt 0.406258 0.245919
vt 0.468739 0.259430
vt 0.468684 0.245919
vt 0.531241 0.259430
vt 0.718750 0.158672
vt 0.750000 0.158672
vt 0.718751 0.158672
vt 0.781250 0.158672
vt 1.000000 0.116626
vt 0.968750 0.116626
vt 0.999729 0.116626
vt 0.937500 0.116626
vt 0.937500 0.116626
vt 0.906250 0.116626
vt 0.906250 0.116626
vt 0.875000 0.116626
vt 0.875000 0.116626
vt 0.843750 0.116626
vt 0.875000 0.116626
vt 0.843750 0.116626
vt 0.812500 0.116626
vt 0.781250 0.116626
vt 0.812500 0.116626
vt 0.750000 0.116626
vt 0.718750 0.116626
vt 0.718750 0.116626
vt 0.687500 0.116626
vt 0.656250 0.116626
vt 0.656250 0.116626
vt 0.609374 0.116626
vt 0.656250 0.116626
vt 0.609370 0.116626
vt 0.562500 0.116626
vt 0.562500 0.116626
vt 0.531250 0.116626
vt 0.531250 0.116626
vt 0.500000 0.116626
vt 0.484371 0.116626
vt 0.453126 0.116626
vt 0.406250 0.116626
vt 0.375000 0.116626
vt 0.328126 0.116626
vt 0.328123 0.116626
vt 0.265625 0.116626
vt 0.265623 0.116626
vt 0.218750 0.116626
vt 0.187500 0.116626
vt 0.187500 0.116626
vt 0.156250 0.116626
vt 0.156250 0.116626
vt 0.125000 0.116626
vt 0.125000 0.116626
vt 0.125000 0.116626
vt 0.078124 0.116626
vt 0.031250 0.116626
vt 0.078123 0.116626
vt 0.031250 0.116626
vt 0.000271 0.116626
vt 0.968750 0.116626
vt 0.781250 0.158672
vt 0.781250 0.128344
vt 0.781250 0.128846
vt 0.718750 0.110406
vt 0.718741 0.000000
vt 0.656263 0.110406
vt 0.656250 0.000000
vt 0.656448 0.110406
vt 0.656315 0.000000
vt 0.551686 0.000000
vt 0.511280 0.110406
vt 0.405638 0.000000
vt 0.406258 0.110406
vt 0.406250 0.110406
vt 0.375000 0.110406
vt 0.375000 0.110406
vt 0.285594 0.000000
vt 0.292501 0.110406
vt 0.187512 0.110406
vt 0.187500 0.000000
vt 0.187500 0.110406
vt 0.187837 0.000000
vt 0.093686 0.110406
vt 0.093750 0.000000
vt 0.093750 0.110406
vt 0.094093 0.000000
vt -0.000068 0.110406
vt 0.468750 0.156663
vt 0.437500 0.130966
vt 0.437500 0.241790
vt 0.468750 0.130966
vt 0.500000 0.130966
vt 0.468750 0.130966
vt 0.468750 0.241790
vt 0.500000 0.241790
vt 0.468750 0.241790
vt 0.406250 0.155251
vt 0.406250 0.241790
vt 0.406250 0.241790
vt 0.406199 0.131124
vt 0.343778 0.241790
vt 0.156301 0.241790
vt 0.218721 0.130966
vt 0.156250 0.130966
vt 0.218750 0.241790
vt 0.093750 0.241790
vt 0.062500 0.130966
vt 0.062500 0.241790
vt 0.093750 0.130966
vt 0.156218 0.241790
vt 0.093805 0.130966
vt 0.062453 0.130966
vt 0.000008 0.241790
vt 0.000000 0.130966
vt 0.343750 0.130966
vt 0.343750 0.216088
vt 0.437500 0.130966
vt 0.333691 0.221501
vt 0.343699 0.130966
vt 0.218659 0.130966
vt 0.218692 0.241790
vt 0.531250 0.241790
vt 0.531250 0.130966
vt 0.500000 0.241790
vt 0.562500 0.241790
vt 0.531250 0.241790
vt 0.562500 0.130966
vt 0.562551 0.241790
vt 0.625044 0.130966
vt 0.625000 0.241790
vt 0.656250 0.241790
vt 0.656250 0.184759
vt 0.625000 0.130966
vt 0.625000 0.241790
vt 0.687500 0.241790
vt 0.656250 0.241790
vt 0.718750 0.241790
vt 0.718532 0.241790
vt 0.781489 0.158672
vt 0.656250 0.130966
vt 0.656250 0.130966
vt 0.687500 0.130966
vt 0.687500 0.130966
vt 0.718750 0.130966
vt 0.812500 0.241790
vt 0.843750 0.241790
vt 0.843750 0.177513
vt 0.875000 0.241790
vt 0.843750 0.241790
vt 0.781250 0.130966
vt 0.812500 0.130966
vt 0.812500 0.130966
vt 0.843750 0.130966
vt 0.843750 0.130966
vt 0.875000 0.130966
vt 0.906250 0.130966
vt 0.875000 0.130966
vt 0.906250 0.241790
vt 0.937500 0.241790
vt 0.937500 0.193304
vt 0.906250 0.241790
vt 0.968750 0.232414
vt 0.937500 0.130966
vt 0.937500 0.130966
vt 1.000000 0.241790
vt 1.000000 0.130966
vt 0.968750 0.130966
vt 0.968750 0.130966
vt 0.968750 0.241790
vt 0.968750 0.241790
vt 0.937500 0.241790
vt 1.000000 0.110406
vt 0.968750 0.000000
vt 0.968750 0.110406
vt 1.000000 0.000000
vt 0.968750 0.110406
vt 0.968815 0.000000
vt 0.906258 0.110406
vt 0.906250 0.000000
vt 0.906250 0.110406
vt 0.906594 0.000000
vt 0.812432 0.110406
vt 0.812500 0.000000
vt 0.812500 0.110406
vt 0.781250 0.000000
vt 0.781250 0.110406
vt 0.718750 0.000000
vt 0.718750 0.114737
vt 0.718750 0.113869
vt 0.812508 0.116626
vt 0.874987 0.127148
vt 0.718750 0.128846
vt 0.718750 0.128343
vt 0.046907 0.241790
vt 0.000136 0.243854
vt 0.047022 0.245919
vt 0.109388 0.241790
vt 0.109500 0.245919
vt 0.156250 0.244548
vt 0.203095 0.241790
vt 0.203205 0.245919
vt 0.156250 0.241790
vt 0.250000 0.241790
vt 0.296795 0.241790
vt 0.296905 0.245919
vt 0.343750 0.241790
vt 0.375000 0.241790
vt 0.343750 0.244548
vt 0.405820 0.241847
vt 0.406250 0.244550
vt 0.468334 0.241845
vt 0.468750 0.244551
vt 0.500000 0.244551
vt 0.531250 0.244551
vt 0.593750 0.241790
vt 0.562500 0.244550
vt 0.624593 0.241844
vt 0.656250 0.244548
vt 0.718327 0.241846
vt 0.765572 0.241790
vt 0.718750 0.244545
vt 0.765699 0.245919
vt 0.812500 0.243854
vt 0.844049 0.241790
vt 0.906250 0.244550
vt 0.937500 0.244550
vt 0.968750 0.244551
vt 0.999864 0.243854
vt 0.000116 0.264322
vt 0.062500 0.262673
vt 0.109356 0.269214
vt 0.109232 0.259430
vt 0.156250 0.269214
vt 0.187500 0.262682
vt 0.312500 0.269214
vt 0.343750 0.262679
vt 0.281610 0.269101
vt 0.406250 0.262675
vt 0.437500 0.269214
vt 0.468750 0.262672
vt 0.406599 0.269105
vt 0.500000 0.269214
vt 0.531250 0.262672
vt 0.469102 0.269104
vt 0.593750 0.262675
vt 0.656250 0.262679
vt 0.718750 0.262685
vt 0.812500 0.262682
vt 0.874671 0.269214
vt 0.875000 0.262677
vt 0.937164 0.269214
vt 0.937500 0.262673
vt 0.046907 0.110406
vt 0.000135 0.113516
vt 0.047023 0.116626
vt 0.093750 0.114563
vt 0.140625 0.110406
vt 0.093750 0.116626
vt 0.140737 0.116626
vt 0.093750 0.110406
vt 0.187500 0.114558
vt 0.187814 0.110406
vt 0.234438 0.116626
vt 0.265562 0.110406
vt 0.328028 0.110406
vt 0.328139 0.116626
vt 0.375000 0.114561
vt 0.437500 0.110406
vt 0.406250 0.114563
vt 0.484220 0.110406
vt 0.484338 0.116626
vt 0.546718 0.110406
vt 0.546839 0.116626
vt 0.609231 0.110406
vt 0.609356 0.116626
vt 0.656250 0.110406
vt 0.999865 0.113516
vt 0.968750 0.114564
vt 0.906566 0.110406
vt 0.906250 0.114563
vt 0.859380 0.110406
vt 0.859506 0.116626
vt 0.812500 0.110406
vt 0.062177 0.130966
vt 0.000259 0.129049
vt 0.062500 0.128414
vt 0.125000 0.129057
vt 0.171887 0.130966
vt 0.171760 0.127148
vt 0.218750 0.128107
vt 0.218750 0.128419
vt 0.265700 0.130966
vt 0.265572 0.127148
vt 0.312500 0.129057
vt 0.375000 0.130966
vt 0.406250 0.128414
vt 0.344129 0.130920
vt 0.468750 0.128413
vt 0.468750 0.128113
vt 0.515780 0.130966
vt 0.515662 0.127148
vt 0.578149 0.127148
vt 0.578264 0.130966
vt 0.625000 0.129057
vt 0.687500 0.128417
vt 0.937500 0.128414
vt 0.937166 0.130966
vt 0.875000 0.128415
vt 0.812500 0.128417
vt 0.750000 0.130966
vt 0.750000 0.130966
vt 0.781250 0.130966
vt 0.750000 0.110406
vt 0.750000 0.000000
vt 0.750000 0.110406
vt 0.718750 0.113516
vt 0.781250 0.129057
vt 0.781250 0.113866
vt 0.781250 0.114739
vt 0.234405 0.442303
vt 0.187500 0.442304
vt 0.234419 0.442303
vt 0.279196 0.442303
vt 0.220804 0.442303
vt 0.281250 0.500000
vt 0.281313 0.442303
vt 0.187438 0.500000
vt 0.226530 0.512381
vt 0.296808 0.514680
vt 0.226310 0.512333
vt 0.401320 0.565205
vt 0.296997 0.514737
vt 0.401452 0.565404
vt 0.297108 0.514698
vt 0.460544 0.637226
vt 0.460592 0.637463
vt 0.485388 0.703178
vt 0.485320 0.703192
vt 0.487704 0.773313
vt 0.487612 0.773540
vt 0.460654 0.862569
vt 0.460483 0.862742
vt 0.401496 0.934650
vt 0.401276 0.934741
vt 0.297115 0.985299
vt 0.297061 0.985244
vt 0.296808 0.985320
vt 0.250000 0.989930
vt 0.180612 0.978543
vt 0.180430 0.978416
vt 0.098460 0.934614
vt 0.098346 0.934431
vt 0.028447 0.842176
vt 0.028478 0.842088
vt 0.028333 0.841817
vt 0.014680 0.796808
vt 0.012295 0.726703
vt 0.012383 0.726512
vt 0.039276 0.637563
vt 0.039431 0.637420
vt 0.080344 0.580343
vt 0.137189 0.539476
vt 0.137404 0.539439
vt 0.383298 0.550505
vt 0.341817 0.528333
vt 0.383337 0.550447
vt 0.341844 0.528269
vt 0.335695 0.526414
vt 0.265937 0.511570
vt 0.383337 0.550447
vt 0.250000 0.510070
vt 0.250000 0.510000
vt 0.203192 0.514680
vt 0.158156 0.528269
vt 0.152391 0.531362
vt 0.080344 0.580343
vt 0.092808 0.570025
vt 0.050447 0.616663
vt 0.050505 0.616702
vt 0.028333 0.658182
vt 0.014680 0.703192
vt 0.028269 0.658156
vt 0.014619 0.703811
vt 0.014680 0.796808
vt 0.013020 0.780658
vt 0.014860 0.797401
vt 0.050459 0.883358
vt 0.039353 0.862581
vt 0.098469 0.934621
vt 0.180420 0.978431
vt 0.180717 0.978503
vt 0.341817 0.971667
vt 0.419706 0.919706
vt 0.419656 0.919656
vt 0.383298 0.949495
vt 0.449495 0.883298
vt 0.478503 0.819282
vt 0.489930 0.750000
vt 0.485320 0.703189
vt 0.483598 0.697306
vt 0.456782 0.630188
vt 0.449586 0.883095
vt 0.487693 0.773421
vt 0.449643 0.883168
vt 0.445578 0.611834
vt 0.383801 0.550828
vt 0.449495 0.616702
vt 0.098548 0.934596
vt 0.050505 0.883298
vt 0.158183 0.528333
vt 0.319060 0.521357
vt 0.203452 0.514585
vt 0.205434 0.514537
vt 0.430663 0.600888
vt 0.398371 0.568728
vt 0.483135 0.727193
vt 0.483135 0.772807
vt 0.430662 0.899112
vt 0.398371 0.931272
vt 0.272113 0.983210
vt 0.226617 0.983086
vt 0.082266 0.921120
vt 0.080472 0.919851
vt 0.025833 0.818025
vt 0.080294 0.919706
vt 0.025721 0.817655
vt 0.021398 0.680805
vt 0.049336 0.619114
vt 0.050447 0.616663
vt 0.116663 0.550447
vt 0.116663 0.550447
vt 0.454065 0.634900
vt 0.201857 0.514496
vt 0.394297 0.588524
vt 0.423047 0.880367
vt 0.472559 0.823242
vt 0.248728 0.990372
vt 0.080309 0.919718
vt 0.250309 0.990054
vt 0.080218 0.919643
vt 0.250515 0.990081
vt 0.051040 0.614644
vt 0.080349 0.919781
vt 0.081757 0.922507
vt 0.050661 0.616201
vt 0.360726 0.543562
vt 0.182805 0.525589
vt 0.361081 0.543751
vt 0.182398 0.525713
vt 0.468848 0.659226
vt 0.474279 0.682345
vt 0.474279 0.817656
vt 0.468848 0.840774
vt 0.361082 0.956248
vt 0.360726 0.956438
vt 0.250000 0.990000
vt 0.247778 0.989635
vt 0.249798 0.989980
vt 0.101629 0.931272
vt 0.069337 0.899112
vt 0.016865 0.772807
vt 0.016866 0.727192
vt 0.039456 0.637226
vt 0.080096 0.580537
vt 0.362587 0.539356
vt 0.296531 0.514523
vt 0.449184 0.616214
vt 0.419580 0.580251
vt 0.449514 0.616689
vt 0.471731 0.658156
vt 0.449553 0.616663
vt 0.471688 0.658174
vt 0.362553 0.960609
vt 0.419673 0.919672
vt 0.226579 0.987647
vt 0.256626 0.986479
vt 0.296813 0.985343
vt 0.116689 0.949514
vt 0.158156 0.971731
vt 0.158174 0.971688
vt 0.039410 0.637410
vt 0.014657 0.703187
vt 0.296812 0.514657
vt 0.362580 0.539405
vt 0.296813 0.514657
vt 0.203808 0.514596
vt 0.296234 0.514554
vt 0.158174 0.528312
vt 0.203188 0.514657
vt 0.146186 0.534667
vt 0.080327 0.580327
vt 0.157632 0.528602
vt 0.039357 0.637412
vt 0.080620 0.579846
vt 0.013237 0.717137
vt 0.039365 0.862603
vt 0.014586 0.796738
vt 0.028312 0.841826
vt 0.014657 0.796812
vt 0.116531 0.949444
vt 0.116663 0.949553
vt 0.226605 0.987696
vt 0.471731 0.841844
vt 0.485388 0.796822
vt 0.485343 0.796813
vt 0.471688 0.841826
vt 0.486745 0.783050
vt 0.485343 0.703187
vt 0.485404 0.796190
vt 0.408723 0.928721
vt 0.471700 0.841901
vt 0.470441 0.844252
vt 0.297389 0.985216
vt 0.065397 0.901480
vt 0.014597 0.796205
vt 0.296813 0.514657
vt 0.203499 0.514627
vt 0.296514 0.514581
vt 0.362607 0.539420
vt 0.296816 0.514642
vt 0.362811 0.539476
vt 0.434594 0.598510
vt 0.434758 0.598636
vt 0.485270 0.702948
vt 0.485277 0.702809
vt 0.489969 0.750000
vt 0.485343 0.703187
vt 0.478557 0.819181
vt 0.489953 0.750000
vt 0.478544 0.819384
vt 0.449514 0.883311
vt 0.449323 0.883543
vt 0.383687 0.949265
vt 0.383311 0.949514
vt 0.341826 0.971688
vt 0.383319 0.949527
vt 0.341832 0.971702
vt 0.203187 0.985343
vt 0.296599 0.985373
vt 0.203623 0.985432
vt 0.203184 0.985358
vt 0.098709 0.934758
vt 0.158168 0.971702
vt 0.098504 0.934650
vt 0.050478 0.883316
vt 0.012366 0.773543
vt 0.050296 0.883053
vt 0.012296 0.773313
vt 0.050366 0.883085
vt 0.014642 0.703184
vt 0.039388 0.637452
vt 0.014646 0.703185
vt 0.039457 0.637225
vt 0.080317 0.580316
vt 0.137478 0.539374
vt 0.080319 0.580319
vt 0.137654 0.539227
vt 0.203186 0.514648
vt 0.922331 0.000000
vt 0.999940 0.041586
vt 0.953190 0.083333
vt 0.890658 0.083333
vt 0.859802 0.000000
vt 0.797231 0.000000
vt 0.828086 0.083333
vt 0.765484 0.083333
vt 0.734630 0.000000
vt 0.702870 0.083333
vt 0.672016 0.000000
vt 0.640269 0.083333
vt 0.609413 0.000000
vt 0.577698 0.083333
vt 0.546842 0.000000
vt 0.515169 0.083333
vt 0.484310 0.000000
vt 0.452682 0.083333
vt 0.421818 0.000000
vt 0.390232 0.083333
vt 0.359362 0.000000
vt 0.327806 0.083333
vt 0.296931 0.000000
vt 0.265394 0.083333
vt 0.225041 0.050083
vt 0.172106 0.000000
vt 0.171778 0.083333
vt 0.109694 0.000000
vt 0.109356 0.083333
vt 0.047268 0.000000
vt 0.046914 0.083333
vt 0.000000 0.041666
vt 0.000000 0.664811
vt 0.047356 0.995944
vt 0.000000 0.999926
vt 0.046871 0.666667
vt 0.109378 0.666667
vt 0.172039 1.005115
vt 0.171887 0.666667
vt 0.218750 0.666744
vt 0.265653 0.666667
vt 0.298604 0.999504
vt 0.328162 0.666667
vt 0.390668 0.666667
vt 0.453172 0.666620
vt 0.515668 0.666667
vt 0.547033 1.006344
vt 0.609520 1.006327
vt 0.578163 0.666667
vt 0.671981 1.003985
vt 0.640655 0.666667
vt 0.734368 1.004975
vt 0.703146 0.666667
vt 0.796876 1.004954
vt 0.765636 0.666667
vt 0.859383 1.004953
vt 0.828128 0.666667
vt 0.906398 1.009985
vt 0.890622 0.666667
vt 0.953086 0.666706
vt 1.000000 0.666743
vt 1.000005 1.003771
vt 0.109408 0.999964
vt 0.234371 1.000530
vt 0.406203 1.000926
vt 0.359380 0.999966
vt 0.500008 1.000556
vt 0.453106 0.999930
vt 0.953150 0.999919
vt 0.000000 0.625000
vt 0.046842 0.583333
vt 0.061801 0.666667
vt 0.136529 0.656569
vt 0.484817 0.583333
vt 0.515682 0.666667
vt 0.449431 0.656515
vt 0.547268 0.583333
vt 0.578138 0.666667
vt 0.609694 0.583333
vt 0.640569 0.666667
vt 0.687773 0.583333
vt 0.702985 0.666667
vt 0.765394 0.666667
vt 0.765721 0.583333
vt 0.827975 0.624993
vt 0.938246 0.500000
vt 0.953190 0.583333
vt 0.863811 0.510827
vt 0.421818 0.500000
vt 0.488069 0.510153
vt 0.452682 0.583333
vt 0.390231 0.583333
vt 0.359362 0.500000
vt 0.327806 0.583333
vt 0.296931 0.500000
vt 0.249726 0.583333
vt 0.234515 0.500000
vt 0.172106 0.500000
vt 0.171779 0.583333
vt 0.109525 0.541674
vt 1.000000 0.541667
vt 0.952638 0.170728
vt 1.000000 0.166743
vt 1.000000 0.501829
vt 0.953132 0.500000
vt 0.734091 0.160762
vt 0.828092 0.166703
vt 0.890290 0.165003
vt 0.781250 0.166667
vt 0.718750 0.499923
vt 0.685021 0.177726
vt 0.593800 0.165692
vt 0.640614 0.166700
vt 0.546831 0.500043
vt 0.495528 0.182436
vt 0.546891 0.166735
vt 0.359426 0.166703
vt 0.406250 0.166738
vt 0.312770 0.168837
vt 0.265666 0.166704
vt 0.202990 0.162804
vt 0.046708 0.161956
vt 0.109339 0.166707
vt 0.155823 0.175445
vt 0.000000 0.164812
vt 0.000000 0.499926
vt 0.046878 0.500000
vt 0.109372 0.500000
vt 0.171863 0.500000
vt 0.234354 0.500000
vt 0.296845 0.500000
vt 0.359337 0.500000
vt 0.421832 0.500000
vt 0.484330 0.500000
vt 0.609338 0.500000
vt 0.671847 0.500000
vt 0.765613 0.500000
vt 0.828123 0.500000
vt 0.890629 0.500000
vt 0.453170 0.166667
vt 0.890586 0.083333
vt 0.952871 0.124993
vt 0.890232 0.166667
vt 0.828143 0.083333
vt 0.827806 0.166667
vt 0.765722 0.083333
vt 0.765394 0.166667
vt 0.712459 0.116583
vt 0.672106 0.083333
vt 0.640569 0.166667
vt 0.609694 0.083333
vt 0.578138 0.166667
vt 0.547268 0.083333
vt 0.515682 0.166667
vt 0.484818 0.083333
vt 0.453190 0.166667
vt 0.422331 0.083333
vt 0.390658 0.166667
vt 0.359802 0.083333
vt 0.328087 0.166667
vt 0.297231 0.083333
vt 0.265484 0.166667
vt 0.234630 0.083333
vt 0.202871 0.166667
vt 0.172016 0.083333
vt 0.140269 0.166667
vt 0.109414 0.083333
vt 0.077698 0.166667
vt 0.046842 0.083333
vt 0.000058 0.125078
s 1
usemtl body01
f 3/1/1 1/2/2 2/3/3
f 268/188/299 270/189/300 271/190/301
f 300/188/302 302/191/303 303/189/304
f 276/192/305 256/193/306 257/194/307
f 258/195/308 259/196/309 275/197/310
f 275/197/311 260/198/312 261/199/313
f 264/200/314 265/201/315 266/202/316
f 268/203/317 265/201/315 269/204/318
f 272/205/319 270/189/320 273/206/321
f 272/205/319 273/206/321 274/207/322
f 277/208/323 258/195/308 275/197/310
f 275/197/311 261/199/313 278/209/324
f 279/210/325 261/211/326 262/212/326
f 279/210/325 262/212/326 280/213/327
f 281/214/328 262/215/329 263/216/329
f 281/214/328 263/216/329 282/217/330
f 283/218/331 263/219/332 264/220/332
f 283/218/331 264/220/332 284/221/333
f 285/222/334 257/223/335 258/224/335
f 285/222/334 258/224/335 286/225/336
f 276/192/305 311/226/337 256/193/306
f 311/227/338 310/228/339 287/196/340
f 310/228/341 309/229/342 288/230/343
f 310/228/341 288/230/343 289/198/344
f 309/229/342 308/231/345 288/230/343
f 307/232/346 292/233/347 290/234/348
f 292/233/347 291/235/349 290/234/348
f 311/226/337 295/236/350 256/193/306
f 288/230/343 296/237/351 289/198/344
f 308/231/345 297/238/352 288/230/343
f 290/234/348 298/239/353 307/232/346
f 291/235/349 299/240/354 290/234/348
f 300/203/355 301/204/356 291/235/349
f 304/241/357 305/207/358 306/206/359
f 304/241/357 306/206/359 303/189/360
f 276/192/305 312/208/361 311/226/337
f 313/225/362 314/242/363 310/228/339
f 313/225/362 310/228/339 311/227/338
f 315/243/364 309/229/342 310/228/341
f 316/244/365 317/217/366 307/245/367
f 316/244/365 307/245/367 308/246/367
f 318/218/368 292/233/347 307/232/346
f 276/192/305 257/194/307 319/247/369
f 268/203/317 267/248/370 265/201/315
f 265/201/315 267/248/370 266/202/316
f 300/203/355 291/235/349 293/249/371
f 293/249/371 291/235/349 292/233/347
f 326/250/372 325/251/373 320/252/374
f 320/253/375 321/254/376 322/255/377
f 320/253/375 322/255/377 323/256/378
f 331/257/379 332/258/380 333/259/381
f 331/257/379 333/259/381 334/260/382
f 324/261/383 332/262/384 343/263/385
f 337/264/386 336/265/387 335/266/388
f 337/264/386 344/267/389 336/265/387
f 338/268/390 342/269/391 341/270/392
f 338/268/390 325/251/373 324/261/383
f 338/268/390 324/261/383 342/269/391
f 335/266/388 339/271/393 338/268/390
f 337/264/386 335/266/388 338/268/390
f 337/264/386 338/268/390 341/270/392
f 327/272/394 332/262/384 324/261/383
f 325/251/373 327/272/394 324/261/383
f 327/272/394 325/251/373 326/250/372
f 331/273/395 329/274/396 328/275/397
f 328/275/397 329/274/396 330/276/398
f 633/366/718 634/393/719 635/394/720
f 634/393/719 636/395/721 635/394/720
f 637/396/722 638/397/723 636/398/724
f 638/397/723 639/370/725 636/398/724
f 640/370/726 641/399/727 639/400/728
f 641/399/727 642/401/729 639/400/728
f 643/402/730 644/403/731 645/404/732
f 643/402/730 645/404/732 642/405/733
f 646/406/734 647/407/735 645/408/736
f 647/407/735 648/409/737 645/408/736
f 649/409/738 650/410/739 651/411/740
f 649/409/738 651/411/740 648/409/741
f 652/411/742 653/412/743 651/413/744
f 653/412/743 654/381/745 651/413/744
f 655/381/746 656/414/747 657/415/748
f 655/381/746 657/415/748 654/381/749
f 658/415/750 659/416/751 660/416/752
f 658/415/750 660/416/752 657/415/753
f 661/416/754 662/417/755 660/418/756
f 662/417/755 663/419/757 660/418/756
f 664/419/758 665/420/759 663/421/760
f 665/420/759 666/422/761 663/421/760
f 667/422/762 668/423/763 669/388/764
f 667/422/762 669/388/764 666/422/765
f 670/424/766 671/425/767 672/426/768
f 670/424/766 672/426/768 669/427/769
f 671/425/767 673/428/770 635/366/771
f 671/425/767 635/366/771 672/426/768
s 0
f 708/429/805 709/430/805 707/431/805
f 709/430/805 708/429/805 710/432/805
f 712/433/806 713/434/806 711/435/806
f 713/434/807 712/433/807 714/436/807
s 1
f 716/437/808 717/438/809 715/439/810
s 0
f 742/440/560 743/441/560 745/442/560
f 742/440/560 744/443/560 743/441/560
s 1
f 746/444/811 748/445/812 750/446/813
f 746/444/811 749/447/814 748/445/812
f 749/447/814 746/444/811 751/448/815
f 753/449/816 755/450/817 746/252/818
f 754/451/819 755/450/817 753/449/816
f 768/452/820 755/450/817 754/451/819
f 755/450/817 770/453/821 756/454/822
f 768/452/820 770/453/821 755/450/817
f 755/450/823 757/455/824 752/456/825
f 759/457/826 757/455/824 755/450/823
f 759/457/826 760/458/827 758/459/828
f 759/457/826 755/450/823 761/460/829
f 762/461/830 760/458/827 759/457/826
f 763/462/831 759/457/826 761/460/829
f 763/462/831 762/461/830 759/457/826
f 762/461/830 764/463/832 760/458/827
f 761/460/829 766/464/833 763/462/831
f 755/450/817 756/454/822 767/263/834
f 772/465/835 770/466/836 771/467/837
f 771/467/837 770/466/836 769/468/838
f 772/465/835 771/467/837 773/469/839
f 776/470/840 775/471/841 771/472/842
f 777/473/843 775/471/841 776/470/840
f 775/471/841 777/473/843 778/474/844
f 779/475/845 778/474/844 777/473/843
f 780/476/846 775/471/841 778/474/844
f 779/475/845 777/473/843 781/477/847
f 771/467/837 769/468/838 782/478/848
s 0
f 783/186/849 785/186/849 786/186/849
f 783/186/849 784/186/849 785/186/849
f 786/186/849 785/186/849 788/186/849
f 788/186/849 785/186/849 787/186/849
f 788/186/849 787/186/849 789/186/849
f 788/186/849 789/186/849 790/186/849
s 1
f 791/479/850 792/480/851 796/481/852
f 791/479/850 793/482/853 792/480/851
f 793/482/853 791/479/850 794/483/854
f 793/482/853 794/483/854 795/484/855
f 797/485/856 796/481/852 792/480/851
f 797/485/856 807/486/857 796/481/852
f 797/485/856 792/480/851 802/487/858
f 797/485/856 817/488/859 818/489/860
f 817/488/859 797/485/856 823/490/861
f 797/485/856 818/489/860 814/491/862
f 797/485/856 814/491/862 811/492/863
f 797/485/856 811/492/863 805/493/864
f 797/485/856 805/493/864 807/486/857
f 798/494/865 797/485/856 802/487/858
f 798/494/865 800/495/866 797/485/856
f 801/496/867 799/497/868 798/494/869
f 801/496/870 802/487/858 792/480/851
f 801/496/870 803/498/871 802/487/858
f 801/496/867 804/499/872 799/497/868
f 806/500/873 805/493/864 811/492/863
f 806/500/873 808/501/874 807/502/875
f 808/501/874 806/500/873 809/503/876
f 811/492/863 809/503/876 806/500/873
f 811/492/863 810/504/877 809/503/876
f 814/491/862 812/505/878 811/492/863
f 814/491/862 813/506/879 812/505/878
f 818/489/860 815/483/880 814/491/862
f 818/489/860 816/484/881 815/483/880
f 819/507/882 818/496/883 822/508/884
f 818/489/860 817/488/859 820/498/885
f 822/508/884 818/496/883 821/494/886
f 821/494/887 823/490/861 824/509/888
f 821/494/887 817/488/859 823/490/861
f 825/510/889 796/481/852 807/486/857
f 825/510/889 826/511/890 796/481/852
f 826/511/890 825/510/889 827/505/891
f 826/511/890 827/505/891 828/506/892
f 830/512/893 831/513/894 829/514/895
f 829/514/895 831/513/894 832/515/896
f 833/516/897 832/517/898 834/518/899
f 833/516/897 834/518/899 835/519/900
f 831/513/894 830/512/893 836/520/901
f 831/513/894 836/520/901 837/521/902
f 831/513/894 837/521/902 838/522/903
f 839/186/904 841/186/905 840/186/906
f 839/186/904 890/186/907 842/186/908
f 839/186/904 843/186/909 890/186/907
f 839/186/910 845/523/911 844/524/912
f 839/186/910 844/524/912 846/525/913
f 847/526/914 839/186/910 846/525/913
f 848/186/915 839/186/904 842/186/908
f 842/186/908 849/186/916 848/186/915
f 908/186/917 850/186/918 907/186/919
s 0
f 850/186/920 908/186/920 851/186/920
s 1
f 841/186/905 851/186/921 908/186/917
f 841/186/905 848/186/915 851/186/921
f 907/186/919 850/186/918 915/186/922
f 938/186/923 851/186/921 942/186/924
f 938/186/923 916/186/925 851/186/921
f 851/186/921 916/186/925 850/186/918
f 852/186/926 916/186/925 938/186/923
f 855/186/927 854/186/928 853/186/929
f 935/186/930 852/186/926 939/186/931
f 853/186/929 852/186/926 935/186/930
f 935/186/930 855/186/927 853/186/929
f 861/186/932 855/186/927 935/186/930
f 856/186/933 855/186/927 861/186/932
f 860/186/934 856/186/933 861/186/932
f 926/186/935 856/186/933 860/186/934
f 860/186/934 857/186/936 926/186/935
f 857/186/936 860/186/934 858/186/937
f 861/186/932 859/186/938 860/186/934
f 862/186/939 861/186/932 935/186/930
f 862/186/939 935/186/930 936/186/940
f 864/186/941 862/186/939 936/186/940
f 864/186/941 936/186/940 865/186/942
f 863/186/943 865/186/942 936/186/940
f 865/186/942 863/186/943 867/186/944
f 865/186/942 859/186/945 864/186/941
f 868/186/946 865/186/942 866/186/947
f 865/186/942 867/186/944 866/186/947
f 869/186/948 868/186/946 866/186/947
f 870/186/949 868/186/946 869/186/948
f 870/186/949 871/186/950 872/186/951
f 873/186/952 894/186/953 872/186/951
f 873/186/952 872/186/951 871/186/950
f 878/186/954 881/186/955 873/186/952
f 878/186/954 873/186/952 874/186/956
f 878/186/954 869/186/948 922/186/957
f 878/186/954 871/186/950 869/186/948
f 875/186/958 878/186/954 925/186/959
f 878/186/954 876/186/960 877/186/961
f 878/186/954 875/186/958 876/186/960
f 880/186/962 881/186/955 878/186/954
f 878/186/954 879/186/963 880/186/962
f 880/186/962 882/186/964 881/186/955
f 883/186/965 884/186/966 882/186/964
f 882/186/964 884/186/966 881/186/955
f 885/186/967 880/186/962 879/186/963
f 886/186/968 882/186/964 880/186/962
f 880/186/962 885/186/967 886/186/968
f 887/186/969 886/186/968 885/186/967
f 887/186/969 888/186/970 886/186/968
f 889/186/971 891/186/972 886/186/968
f 886/186/968 891/186/972 882/186/964
f 843/186/909 892/187/973 891/186/972
f 883/186/965 891/186/972 892/187/973
f 891/186/972 883/186/965 882/186/964
f 843/186/909 891/186/972 890/186/907
f 892/187/973 893/186/974 883/186/965
f 883/186/965 873/186/952 884/186/966
f 873/186/952 883/186/965 893/186/974
f 893/186/974 894/186/953 873/186/952
f 842/186/908 890/186/907 888/186/970
f 842/186/908 888/186/970 895/186/975
f 896/186/976 895/186/975 888/186/970
f 897/186/977 906/186/978 895/186/975
f 899/186/979 906/186/978 897/186/977
f 899/186/979 897/186/977 898/186/980
f 905/186/981 899/186/979 898/186/980
f 905/186/981 898/186/980 900/186/982
f 901/186/983 904/186/984 900/186/982
f 901/186/983 902/186/985 903/186/986
f 903/186/986 904/186/984 901/186/983
f 905/186/981 900/186/982 904/186/984
f 895/186/975 906/186/978 842/186/908
f 907/186/919 895/186/975 896/186/976
f 927/186/987 908/186/917 896/186/976
f 908/186/917 907/186/919 896/186/976
f 841/186/905 908/186/917 909/186/988
f 907/186/919 911/186/989 910/186/990
f 907/186/919 910/186/990 895/186/975
f 911/186/989 907/186/919 912/186/991
f 915/186/922 912/186/991 907/186/919
f 912/186/991 915/186/922 913/186/992
f 913/186/992 915/186/922 914/186/993
f 914/186/993 915/186/922 854/186/928
f 916/186/925 854/186/928 915/186/922
f 853/186/929 854/186/928 916/186/925
f 914/186/993 854/186/928 920/186/994
f 917/186/995 854/186/928 855/186/927
f 917/186/995 919/186/996 854/186/928
f 919/186/996 917/186/995 918/186/997
f 919/186/996 921/186/998 920/186/994
f 920/186/994 854/186/928 919/186/996
f 919/186/996 924/186/999 921/186/998
f 923/186/1000 924/186/999 919/186/996
f 869/186/948 924/186/999 922/186/957
f 922/186/957 924/186/999 923/186/1000
f 869/186/948 866/186/947 924/186/999
f 925/186/959 922/186/957 923/186/1000
f 878/186/954 922/186/957 925/186/959
f 856/186/933 926/186/935 918/186/1001
f 850/186/918 916/186/925 915/186/922
f 841/186/905 839/186/904 848/186/915
f 928/186/1002 841/186/905 909/186/988
f 908/186/917 927/186/987 928/186/1002
f 908/186/917 928/186/1002 909/186/988
f 896/186/976 888/186/970 887/186/969
f 896/186/1003 931/524/1004 930/523/1005
f 896/186/1003 932/525/1006 931/524/1004
f 933/526/1007 932/525/1006 896/186/1003
f 889/186/971 934/186/1008 891/186/972
f 879/186/963 878/186/954 877/186/961
f 870/186/949 869/186/948 871/186/950
f 871/186/950 874/186/956 873/186/952
f 884/186/966 873/186/952 881/186/955
f 937/186/1009 863/186/943 936/186/940
f 938/186/923 942/186/924 936/186/940
f 937/186/1009 936/186/940 942/186/924
f 935/186/930 938/186/923 936/186/940
f 939/186/931 852/186/926 938/186/923
f 940/186/1010 937/186/1009 942/186/924
f 941/186/1011 940/186/1010 942/186/924
f 942/186/924 848/186/915 941/186/1011
f 848/186/915 942/186/924 851/186/921
f 943/186/1012 941/186/1011 848/186/915
f 848/186/915 849/186/916 943/186/1012
f 945/186/1013 948/186/1014 944/186/1015
f 948/186/1014 947/186/1016 944/186/1015
f 944/186/1015 947/186/1016 946/186/1017
f 949/527/1018 951/528/1019 950/529/1020
f 953/530/1021 954/531/1022 956/532/1023
f 953/530/1021 955/533/1024 954/531/1022
f 955/533/1024 957/534/1025 954/531/1022
f 955/533/1024 958/535/1026 957/534/1025
f 958/535/1027 959/536/1028 960/537/1029
f 958/535/1027 960/537/1029 961/538/1030
f 959/536/1031 962/539/1032 964/540/1033
f 959/536/1031 963/541/1034 962/539/1032
f 963/541/1034 965/542/1035 967/543/1036
f 963/541/1034 966/544/1037 965/542/1035
f 966/544/1037 968/545/1038 969/546/1039
f 966/544/1037 970/547/1040 968/545/1038
f 970/547/1041 971/548/1042 972/549/1043
f 973/550/1044 974/551/1045 952/552/1046
f 973/550/1044 975/553/1047 974/551/1045
f 976/554/1048 978/555/1049 977/556/1050
f 979/557/1051 977/558/1052 980/559/1053
f 983/513/1054 982/560/1055 985/515/1056
f 983/513/1054 984/512/1057 982/560/1055
f 985/561/1058 986/562/1059 987/518/1060
f 987/518/1060 986/562/1059 988/519/1061
f 984/512/1057 983/513/1054 989/520/1062
f 983/513/1054 990/521/1063 989/520/1062
f 983/513/1054 991/522/1064 990/521/1063
f 992/527/1065 994/529/1066 993/528/1067
f 997/530/1068 998/531/1069 1000/533/1070
f 997/530/1068 999/532/1071 998/531/1069
f 1000/533/1070 998/531/1069 1001/534/1072
f 1000/533/1070 1001/534/1072 1002/535/1073
f 1002/535/1074 1003/537/1075 1005/536/1076
f 1002/535/1074 1004/538/1077 1003/537/1075
f 1005/536/1078 1006/539/1079 1008/541/1080
f 1005/536/1078 1007/540/1081 1006/539/1079
f 1008/541/1080 1009/542/1082 1011/544/1083
f 1008/541/1080 1010/543/1084 1009/542/1082
f 1011/544/1083 1013/545/1085 1012/547/1086
f 1011/544/1083 1014/546/1087 1013/545/1085
f 1012/547/1088 1016/549/1089 1015/548/1090
f 996/551/1091 1017/550/1092 995/552/1093
f 1018/563/1094 1017/550/1092 996/551/1091
f 1019/554/1095 1021/556/1096 1020/555/1097
f 1024/557/1098 1022/559/1099 1021/558/1100
f 1027/509/1101 1026/564/1102 1025/565/1103
f 1027/509/1101 1025/565/1103 1028/495/1104
f 1029/566/1105 1030/567/1106 1032/145/1107
f 1029/566/1105 1031/568/1108 1030/567/1106
f 1035/186/1109 1034/186/1110 1033/186/1111
f 1035/186/1109 1036/186/1112 1034/186/1110
f 1034/186/1110 1038/186/1113 1033/186/1111
f 1037/186/1114 1038/186/1113 1034/186/1110
f 1041/186/1115 1040/186/1116 1039/186/1117
f 1040/186/1116 1041/186/1115 1042/186/1118
f 1043/186/1119 1042/186/1118 1041/186/1115
f 1044/186/1120 1045/186/1121 1043/186/1119
f 1042/186/1118 1043/186/1119 1045/186/1121
f 1046/186/1122 1048/186/1123 1047/186/1124
f 1049/186/1125 1048/186/1123 1046/186/1122
f 1049/186/1125 1050/186/1126 1048/186/1123
f 1049/186/1125 1052/186/1127 1050/186/1126
f 1051/186/1128 1052/186/1127 1049/186/1125
f 2498/1520/2364 2496/1521/2365 2495/1522/2366
f 2498/1520/2364 2495/1522/2366 2497/1523/2367
f 2498/1520/2364 2499/1524/2368 2496/1521/2365
f 2498/1520/2364 2500/1525/2369 2499/1524/2368
f 2497/1523/2367 2495/1522/2366 2501/1526/2370
f 2497/1523/2367 2501/1526/2370 2502/1527/2371
f 2503/1528/2372 2504/1529/2373 2506/1530/2374
f 2503/1528/2372 2505/1531/2375 2504/1529/2373
f 2507/1532/2376 2506/1530/2374 2509/1533/2377
f 2507/1532/2376 2508/1534/2378 2506/1530/2374
f 2510/1535/2379 2509/1533/2380 2512/1536/2381
f 2510/1535/2379 2511/1537/2382 2509/1533/2380
f 2513/1538/2383 2512/1536/2381 2515/1539/2384
f 2513/1538/2383 2514/1540/2385 2512/1536/2381
f 2516/1541/2386 2515/1539/2384 2518/1542/2387
f 2516/1541/2386 2517/1543/2388 2515/1539/2384
f 2519/1544/2389 2518/1542/2387 2521/1545/2390
f 2519/1544/2389 2520/1546/2391 2518/1542/2387
f 2522/1547/2392 2521/1545/2393 2524/1548/2394
f 2522/1547/2392 2523/1549/2395 2521/1545/2393
f 2525/1550/2396 2524/1548/2397 2527/1551/2398
f 2525/1550/2396 2526/1552/2399 2524/1548/2397
f 2528/1553/2400 2527/1551/2401 2530/1554/2402
f 2528/1553/2400 2529/1555/2396 2527/1551/2401
f 2531/1556/2403 2530/1554/2404 2533/1557/2405
f 2531/1556/2403 2532/1558/2400 2530/1554/2404
f 2534/1559/2406 2535/1560/2407 2533/1557/2408
f 2536/1561/2409 2534/1559/2406 2533/1557/2408
f 2536/1561/2409 2533/1557/2408 2537/1545/807
f 2537/1545/807 2533/1557/2408 2538/1554/807
s 0
f 2537/1545/807 2538/1554/807 2539/1562/807
s 1
f 2540/1563/2410 2534/1559/2406 2536/1561/2409
f 2541/1564/2411 2534/1559/2406 2540/1563/2410
f 2542/1530/2412 2534/1559/2406 2541/1564/2411
f 2543/1565/2413 2534/1559/2406 2542/1530/2412
f 2544/1561/2414 2534/1559/2406 2543/1565/2413
f 2544/1561/2414 2545/1566/2415 2534/1559/2406
s 0
f 2544/1561/807 2547/1567/807 2545/1566/807
f 2546/1545/807 2547/1567/807 2544/1561/807
f 2548/1562/807 2547/1567/807 2546/1545/807
s 1
f 2549/1528/2416 2504/1529/2373 2505/1531/2375
f 2549/1528/2416 2550/1530/2417 2504/1529/2373
f 2551/1532/2418 2550/1530/2419 2553/1534/2416
f 2551/1532/2418 2552/1533/2420 2550/1530/2419
f 2554/1535/2421 2552/1533/2422 2556/1537/2423
f 2554/1535/2421 2555/1536/2424 2552/1533/2422
f 2557/1538/2425 2555/1536/2424 2559/1540/2426
f 2557/1538/2425 2558/1539/2427 2555/1536/2424
f 2560/1541/2428 2558/1539/2427 2562/1543/2429
f 2560/1541/2428 2561/1542/2430 2558/1539/2427
f 2563/1544/2431 2561/1542/2430 2565/1546/2432
f 2563/1544/2431 2564/1545/2433 2561/1542/2430
f 2566/1547/2434 2564/1545/2435 2568/1549/2436
f 2566/1547/2434 2567/1548/2437 2564/1545/2435
f 2569/1550/2438 2567/1548/2439 2571/1552/2440
f 2569/1550/2438 2570/1551/2441 2567/1548/2439
f 2572/1553/2442 2570/1551/2443 2574/1555/2444
f 2572/1553/2442 2573/1554/2445 2570/1551/2443
f 2575/1556/2446 2573/1554/2447 2577/1558/2448
f 2575/1556/2446 2576/1557/2449 2573/1554/2447
f 2578/1568/2450 2576/1557/2449 2580/1560/2451
f 2578/1568/2450 2579/1566/2452 2576/1557/2449
f 2582/1569/2453 2581/1570/2454 2588/1571/2455
f 2588/1571/2455 2581/1570/2454 2583/1572/2456
f 2583/1573/2457 2585/1574/2458 2584/1575/2459
f 2587/188/2460 2586/1576/2461 2588/1577/2462
f 2588/1577/2462 2589/1578/2463 2587/188/2460
f 2586/1576/2461 2590/1579/2464 2588/1577/2462
f 2583/1573/2457 2584/1575/2459 2591/188/2465
f 2591/188/2465 2592/1580/2466 2583/1573/2457
f 2591/188/2465 2593/190/2467 2592/1580/2466
f 2596/1581/2468 2606/1582/2469 2595/1583/2470
f 2595/1583/2470 2606/1582/2469 2597/1584/2471
f 2595/1583/2470 2597/1584/2471 2598/1585/2472
f 2595/1583/2470 2598/1585/2472 2599/1586/2473
f 2595/1583/2470 2599/1586/2473 2600/1587/2474
f 2595/1583/2470 2600/1587/2474 2601/1588/2475
f 2595/1583/2470 2601/1588/2475 2602/1589/2476
f 2595/1583/2470 2602/1589/2476 2603/1590/2477
f 2595/1583/2470 2603/1590/2477 2604/1591/2478
f 2595/1583/2470 2604/1591/2478 2605/1592/2479
f 2614/1593/2480 2615/221/2481 2613/1594/2482
f 2616/214/2483 2614/1595/2484 2617/1596/2485
f 2619/1597/2486 2618/1590/2487 2621/1598/2488
f 2619/1597/2486 2620/209/2489 2618/1590/2487
f 2619/1597/2486 2621/1598/2488 2622/1599/2490
f 2624/1600/2491 2623/1601/2492 2625/1602/2493
f 2625/1602/2493 2626/1603/2494 2624/1600/2491
f 2630/1604/2495 2632/1605/2496 2631/1606/2497
f 2632/1605/2496 2633/1607/2498 2631/1606/2497
f 2640/1568/2499 2641/1608/2500 2642/1566/2501
f 2643/186/2502 2644/186/2503 2646/186/2504
f 2643/186/2502 2645/186/2505 2644/186/2503
f 2653/186/2506 2652/186/2507 2643/186/2502
f 2643/186/2502 2652/186/2507 2645/186/2505
f 2652/186/2507 2647/186/2508 2645/186/2505
f 2652/186/2507 2651/186/2509 2647/186/2508
f 2645/186/2505 2647/186/2508 2648/186/2510
f 2645/186/2505 2648/186/2510 2644/186/2503
f 2644/186/2503 2648/186/2510 2649/186/2511
f 2644/186/2503 2649/186/2511 2650/186/2512
f 2650/186/2512 2649/186/2511 2651/186/2509
f 2650/186/2512 2651/186/2509 2652/186/2507
f 2654/186/2513 2652/186/2507 2653/186/2506
f 2654/186/2513 2650/186/2512 2652/186/2507
f 2646/186/2504 2650/186/2512 2654/186/2513
f 2646/186/2504 2644/186/2503 2650/186/2512
f 2655/1609/2514 2656/1610/2515 2657/1611/2516
f 2655/1609/2514 2663/1612/2517 2656/1610/2515
f 2659/1487/2518 2656/1610/2515 2663/1612/2517
f 2663/1612/2517 2655/1609/2514 2664/1613/2519
f 2663/1612/2517 2664/1613/2519 2662/1614/2520
f 2665/1615/2521 2662/1614/2520 2664/1613/2519
f 2670/1616/2522 2665/1615/2521 2664/1613/2519
f 2665/1615/2521 2667/263/2523 2666/1617/2524
f 2670/1616/2522 2668/269/2525 2665/1615/2521
f 2670/1616/2522 2669/1618/2526 2668/269/2525
f 2672/1619/2527 2670/1616/2522 2671/1620/2528
f 2673/1621/2529 2669/1618/2526 2670/1616/2522
f 2673/1621/2529 2670/1616/2522 2672/1619/2527
f 2673/1621/2529 2672/1619/2527 2674/265/2530
f 2673/1621/2529 2674/265/2530 2675/267/2531
f 2676/1622/2532 2665/1615/2521 2666/1617/2524
f 2678/1509/2533 2677/1623/2534 2680/1624/2535
f 2680/1624/2535 2676/1622/2532 2679/1625/2536
f 2680/1624/2535 2677/1623/2534 2676/1622/2532
f 2679/1625/2536 2681/1475/2537 2680/1624/2535
f 2679/1625/2536 2690/1626/2538 2684/1627/2539
f 2679/1625/2536 2684/1627/2539 2683/1628/2346
f 2689/1629/2540 2685/1630/2345 2684/1627/2539
f 2685/1630/2345 2683/1628/2346 2684/1627/2539
f 2685/1630/2345 2686/1631/2541 2683/1628/2346
f 2687/1504/2542 2683/1628/2346 2686/1631/2541
f 2688/1506/2543 2683/1628/2346 2687/1504/2542
f 2690/1626/2538 2676/1622/2532 2666/1617/2524
f 2690/1626/2538 2679/1625/2536 2676/1622/2532
f 2695/1632/2544 2693/1519/2545 2694/1633/2546
f 2696/1634/2547 2695/1632/2544 2694/1633/2546
f 2697/1635/2548 2698/1516/2549 2699/1513/2550
f 2695/1632/2544 2697/1635/2548 2699/1513/2550
f 2695/1632/2544 2699/1513/2550 2662/1614/2520
f 2662/1614/2520 2700/1514/2551 2663/1612/2517
f 2695/1632/2544 2662/1614/2520 2701/1510/2552
f 2701/1510/2552 2662/1614/2520 2676/1622/2532
f 2676/1622/2532 2692/1636/2553 2701/1510/2552
f 2695/1632/2544 2696/1634/2547 2697/1635/2548
f 2665/1615/2521 2676/1622/2532 2662/1614/2520
f 5013/2511/4579 5011/2512/4580 5012/2513/4581
f 5013/2511/4579 5012/2513/4581 5014/2514/4582
f 5015/2515/4583 5013/2511/4579 5014/2514/4582
f 5016/2516/4584 5015/2515/4583 5017/2517/4585
f 5015/2515/4583 5014/2514/4582 5017/2517/4585
f 5016/2516/4584 5017/2517/4585 5018/2518/4586
f 5019/2519/4587 5016/2516/4584 5018/2518/4586
f 5019/2519/4587 5018/2518/4586 5020/2520/4588
f 5021/2521/4589 5019/2519/4587 5020/2520/4588
f 5021/2521/4589 5020/2520/4588 5022/2522/4590
f 5023/2523/4591 5021/2521/4589 5022/2522/4590
f 5023/2523/4591 5022/2522/4590 5024/2524/4592
f 5025/2525/4593 5023/2523/4591 5024/2524/4592
f 5025/2525/4593 5024/2524/4592 5026/2526/4594
f 5027/2527/4595 5025/2525/4593 5026/2526/4594
f 5027/2527/4595 5026/2526/4594 5028/2528/4596
f 5029/2529/4597 5027/2527/4595 5028/2528/4596
f 5029/2529/4597 5028/2528/4596 5030/2530/4598
f 5031/2531/4599 5029/2529/4597 5030/2530/4598
f 5031/2531/4599 5030/2530/4598 5032/2532/4600
f 5033/2533/4601 5031/2531/4599 5032/2532/4600
f 5033/2533/4601 5032/2532/4600 5034/2534/4602
f 5035/2535/4603 5033/2533/4601 5034/2534/4602
f 5036/2536/4604 5035/2535/4605 5037/2537/4606
f 5038/2538/4607 5036/2536/4604 5037/2537/4606
f 5038/2538/4607 5037/2537/4606 5039/2539/4608
f 5040/2540/4609 5039/2539/4608 5041/2541/4610
f 5040/2540/4609 5038/2538/4607 5039/2539/4608
f 5042/2542/4611 5040/2540/4609 5041/2541/4610
f 5044/2543/4612 5078/2544/4613 5043/2545/4614
f 5044/2543/4612 5045/2546/4615 5078/2544/4613
f 5045/2546/4615 5046/2547/4616 5078/2544/4613
f 5046/2547/4616 5076/2548/4617 5078/2544/4613
f 5046/2547/4616 5047/2549/4618 5076/2548/4617
f 5047/2549/4618 5048/2550/4619 5076/2548/4617
f 5048/2550/4619 5049/2551/4620 5079/2552/4621
f 5049/2551/4620 5050/2553/4622 5079/2552/4621
f 5050/2553/4622 5051/2554/4623 5079/2552/4621
f 5051/2554/4623 5052/2555/4624 5079/2552/4621
f 5052/2555/4624 5053/2556/4625 5070/2557/4626
f 5053/2556/4625 5069/2558/4627 5070/2557/4626
f 5053/2556/4625 5054/2559/4628 5069/2558/4627
f 5054/2559/4628 5068/2560/4629 5069/2558/4627
f 5054/2559/4628 5055/2561/4630 5068/2560/4629
f 5055/2561/4630 5067/2562/4631 5068/2560/4629
f 5055/2561/4630 5056/2563/4632 5067/2562/4631
f 5056/2563/4632 5066/2564/4633 5067/2562/4631
f 5056/2563/4632 5057/2565/4634 5066/2564/4633
f 5057/2565/4634 5065/2566/4635 5066/2564/4633
f 5057/2565/4634 5058/2567/4636 5065/2566/4635
f 5058/2567/4636 5064/2568/4637 5065/2566/4635
f 5058/2567/4636 5059/2569/4638 5064/2568/4637
f 5059/2569/4638 5060/2570/4639 5064/2568/4637
f 5060/2570/4639 5061/2571/4640 5062/2572/4641
f 5078/2544/4613 5076/2548/4617 5077/2573/4642
f 5076/2548/4617 5048/2550/4619 5075/2574/4643
f 5048/2550/4619 5079/2552/4621 5075/2574/4643
f 5079/2552/4621 5073/2575/4644 5074/2576/4645
f 5079/2552/4621 5052/2555/4624 5073/2575/4644
f 5052/2555/4624 5071/2577/4646 5073/2575/4644
f 5073/2575/4644 5071/2577/4646 5072/2578/4647
f 5052/2555/4624 5070/2557/4626 5071/2577/4646
f 5064/2568/4637 5062/2572/4641 5063/2579/4648
f 5060/2570/4639 5062/2572/4641 5064/2568/4637
f 5080/2580/4649 5082/2581/4650 5081/2582/4651
f 5082/2581/4650 5083/2583/4652 5081/2582/4651
f 5089/2584/4653 5090/2585/4654 5088/2586/4655
f 5089/2584/4653 5091/2587/4656 5090/2585/4654
f 5091/2587/4656 5092/2588/4657 5090/2585/4654
f 5091/2587/4656 5093/2589/4658 5092/2588/4657
f 5093/2589/4658 5094/2590/4659 5092/2588/4657
f 5093/2589/4658 5095/2591/4660 5094/2590/4659
f 5095/2591/4660 5096/2592/4661 5094/2590/4659
f 5095/2591/4660 5098/2593/4662 5096/2592/4661
f 5095/2591/4660 5097/2594/4663 5098/2593/4662
f 5097/2594/4663 5099/2595/4664 5098/2593/4662
f 5103/2596/4665 5104/2597/4666 5105/2598/4667
f 5113/2599/4668 5111/2600/4669 5112/2601/4670
f 5113/2599/4668 5112/2601/4670 5114/2602/4671
f 5115/2603/4672 5113/2599/4668 5114/2602/4671
f 5115/2603/4672 5114/2602/4671 5116/2604/4673
f 5117/2605/4674 5115/2603/4672 5116/2604/4673
f 5117/2605/4674 5116/2604/4673 5118/2606/4675
f 5119/2607/4676 5117/2605/4674 5118/2606/4675
f 5120/2608/4677 5118/2606/4675 5121/2609/4678
f 5120/2608/4677 5119/2607/4676 5118/2606/4675
f 5122/2610/4679 5120/2608/4677 5121/2609/4678
f 5103/2596/4665 5125/2611/4680 5104/2597/4666
f 5126/2612/4681 5128/2613/4682 5129/2614/4683
f 5126/2612/4681 5129/2614/4683 5127/2615/4684
f 5133/2616/4685 5130/2617/4686 5131/2618/4687
f 5132/2619/4688 5130/2617/4686 5133/2616/4685
f 5133/2616/4685 5134/2620/4689 5137/2621/4690
f 5136/2622/4691 5135/2623/4692 5137/2621/4690
f 5136/2622/4691 5137/2621/4690 5138/2624/4693
f 5140/2625/4694 5136/2622/4691 5138/2624/4693
f 5139/2626/4695 5136/2622/4691 5140/2625/4694
f 5142/2627/4696 5141/2628/4697 5140/2625/4694
f 5142/2627/4696 5140/2625/4694 5163/2629/4698
f 5143/2630/4699 5163/2629/4698 5162/2631/4700
f 5146/2632/4701 5144/2633/4702 5145/2634/4703
f 5147/2635/4704 5146/2632/4701 5148/2636/4705
f 5148/2636/4705 5146/2632/4701 5149/2637/4706
f 5146/2632/4701 5150/2638/4707 5149/2637/4706
f 5146/2632/4701 5145/2634/4703 5150/2638/4707
f 5145/2634/4703 5151/2639/4708 5150/2638/4707
f 5145/2634/4703 5152/2640/4709 5151/2639/4708
f 5145/2634/4703 5162/2631/4700 5152/2640/4709
f 5162/2631/4700 5153/2641/4710 5152/2640/4709
f 5162/2631/4700 5163/2629/4698 5153/2641/4710
f 5163/2629/4698 5154/2642/4711 5153/2641/4710
f 5163/2629/4698 5155/2643/4712 5154/2642/4711
f 5163/2629/4698 5140/2625/4694 5155/2643/4712
f 5140/2625/4694 5156/2644/4713 5155/2643/4712
f 5140/2625/4694 5138/2624/4693 5156/2644/4713
f 5138/2624/4693 5137/2621/4690 5157/2645/4714
f 5137/2621/4690 5158/2646/4715 5157/2645/4714
f 5137/2621/4690 5134/2620/4689 5158/2646/4715
f 5134/2620/4689 5133/2616/4685 5159/2647/4716
f 5133/2616/4685 5160/2648/4717 5159/2647/4716
f 5133/2616/4685 5131/2618/4687 5160/2648/4717
f 5131/2618/4687 5161/2649/4718 5160/2648/4717
f 5131/2618/4687 5126/2612/4681 5161/2649/4718
f 5126/2612/4681 5127/2615/4684 5161/2649/4718
f 5141/2628/4697 5164/2650/4719 5140/2625/4694
f 5166/2651/4720 5165/2652/4721 5167/2653/4722
f 5168/2654/4723 5167/2653/4722 5169/2655/4724
f 5168/2654/4723 5166/2651/4720 5167/2653/4722
f 5170/2656/4725 5169/2655/4724 5171/2657/4726
f 5170/2656/4725 5168/2654/4723 5169/2655/4724
f 5172/2658/4727 5170/2656/4725 5171/2657/4726
f 5173/2659/4728 5172/2658/4729 5174/2660/4730
f 5175/2661/4731 5173/2659/4728 5174/2660/4730
f 5175/2661/4731 5174/2660/4730 5176/2662/4732
f 5177/2663/4733 5175/2661/4731 5176/2662/4732
f 5177/2663/4733 5176/2662/4732 5178/2664/4734
f 5179/2665/4735 5177/2663/4733 5178/2664/4734
f 5179/2665/4735 5178/2664/4734 5180/2666/4736
f 5181/2667/4737 5179/2665/4735 5180/2666/4736
f 5181/2667/4737 5180/2666/4736 5182/2668/4738
f 5183/2669/4739 5181/2667/4737 5182/2668/4738
f 5183/2669/4739 5182/2668/4738 5184/2670/4740
f 5185/2671/4741 5183/2669/4739 5184/2670/4740
f 5185/2671/4741 5184/2670/4740 5186/2672/4742
f 5187/2673/4743 5185/2671/4741 5186/2672/4742
f 5187/2673/4743 5186/2672/4742 5188/2674/4744
f 5189/2675/4745 5187/2673/4743 5188/2674/4744
f 5189/2675/4745 5188/2674/4744 5190/2676/4746
f 5191/2677/4747 5189/2675/4745 5190/2676/4746
f 5191/2677/4747 5190/2676/4746 5192/2678/4748
f 5193/2679/4749 5191/2677/4747 5192/2678/4748
f 5193/2679/4749 5192/2678/4748 5194/2680/4750
usemtl Body03
f 8/4/4 9/5/5 10/6/6
f 11/7/7 12/8/8 13/9/9
f 26/10/10 27/11/11 28/12/12
f 26/10/10 28/12/12 29/13/13
f 30/14/14 16/15/15 31/16/16
f 32/17/17 33/18/18 34/19/19
f 35/20/20 36/21/21 178/22/22
f 42/23/23 43/24/24 44/25/25
f 44/25/25 43/24/24 45/26/26
f 47/27/27 45/26/28 29/28/29
f 47/27/27 29/28/29 48/29/30
f 49/30/31 40/31/32 41/32/33
f 49/30/31 41/32/33 42/33/34
f 50/34/35 39/35/36 40/31/37
f 50/34/35 40/31/37 51/36/38
f 52/37/39 33/38/40 39/35/41
f 53/39/42 38/40/43 32/17/44
f 54/41/45 33/38/40 52/37/39
f 55/42/46 56/43/47 57/44/48
f 55/42/46 57/44/48 58/45/49
f 38/40/43 59/46/50 32/17/44
f 29/13/13 4/47/51 60/48/52
f 29/13/13 28/12/12 4/47/51
f 28/12/12 5/49/53 4/47/51
f 61/50/54 62/51/55 15/52/56
f 61/50/54 15/52/56 5/49/57
f 29/13/13 60/48/52 35/20/58
f 7/49/59 63/14/60 21/53/61
f 45/26/28 64/54/62 29/28/29
f 43/24/24 18/55/63 45/26/26
f 42/23/23 65/56/64 43/24/24
f 39/35/36 66/57/65 40/31/37
f 33/38/40 67/58/66 39/35/41
f 32/17/17 68/59/67 69/60/68
f 32/17/17 69/60/68 33/18/18
f 15/61/69 19/62/70 25/63/71
f 15/61/69 25/63/71 20/64/72
f 24/65/73 58/45/49 71/66/74
f 24/65/73 71/66/74 72/67/75
f 73/68/76 71/66/74 7/49/77
f 73/68/76 7/49/77 70/69/78
f 74/70/79 9/5/5 8/4/4
f 74/70/79 8/4/4 75/71/80
f 77/72/81 78/73/82 79/74/83
f 57/44/84 79/74/85 80/75/86
f 82/76/87 83/77/88 84/78/89
f 83/77/90 85/79/91 86/80/92
f 83/77/90 86/80/92 87/81/93
f 85/79/94 88/82/95 89/83/96
f 85/79/94 89/83/96 90/84/97
f 88/82/98 91/85/99 92/86/100
f 101/87/101 58/88/102 100/89/103
f 99/90/104 101/87/101 100/89/103
f 102/23/105 99/90/106 98/91/107
f 103/92/108 98/91/109 97/93/110
f 96/36/111 103/92/108 97/93/110
f 104/94/112 95/95/113 94/96/114
f 53/19/115 105/97/116 94/96/117
f 106/98/118 79/74/85 57/44/84
f 58/45/49 107/48/119 6/99/120
f 58/45/49 6/99/120 71/66/74
f 71/66/74 6/99/120 7/49/77
f 108/100/121 7/49/122 20/52/123
f 108/100/121 20/52/123 109/51/124
f 110/101/125 111/102/126 112/103/127
f 110/101/125 112/103/127 113/104/128
f 122/105/129 123/106/130 124/107/131
f 124/107/132 125/108/133 126/109/134
f 124/107/132 126/109/134 127/110/135
f 127/110/136 128/111/137 129/112/138
f 127/110/136 129/112/138 130/113/139
f 63/14/60 131/114/140 21/53/61
f 58/45/49 57/44/48 107/48/119
f 99/90/104 100/89/103 132/115/141
f 98/91/107 99/90/106 133/116/142
f 95/95/143 96/36/143 134/31/144
f 95/95/143 134/31/144 135/58/145
f 94/96/114 95/95/113 136/57/146
f 53/19/115 94/96/117 137/117/147
f 38/40/43 53/39/42 138/118/148
f 140/119/149 141/69/150 5/49/53
f 140/119/149 5/49/53 28/12/12
f 5/49/151 16/15/15 30/14/14
f 19/62/152 144/50/152 142/120/152
f 145/121/153 18/122/154 143/123/155
f 145/121/153 26/10/156 18/122/154
f 147/124/157 146/125/158 148/126/159
f 149/127/160 147/124/157 150/57/161
f 151/128/162 149/127/160 152/58/163
f 69/129/164 151/128/162 139/130/165
f 38/40/43 68/131/166 59/46/50
f 153/132/167 155/133/168 154/134/167
f 155/135/169 23/136/170 24/65/171
f 132/115/141 100/89/103 23/137/172
f 156/138/173 133/116/174 132/139/175
f 157/140/176 156/138/173 158/141/177
f 159/58/178 160/31/179 158/141/177
f 159/58/178 158/141/177 161/142/180
f 137/117/181 162/143/182 138/144/183
f 15/61/69 20/64/72 22/145/184
f 15/61/69 22/145/184 17/146/185
f 46/42/186 29/13/13 35/20/58
f 46/42/186 35/20/58 165/147/187
f 14/148/188 9/5/5 79/74/83
f 14/148/188 79/74/83 76/149/189
f 124/107/131 130/150/190 76/151/191
f 124/107/131 76/151/191 93/152/192
f 122/105/129 124/107/131 93/152/192
f 121/153/193 122/105/129 93/152/192
f 119/154/194 120/155/195 93/156/196
f 119/154/194 93/156/196 91/157/197
f 117/158/198 118/159/199 91/85/99
f 116/160/200 117/158/198 91/85/99
f 116/160/200 91/85/99 88/82/98
f 114/161/201 115/162/202 88/82/95
f 114/161/201 88/82/95 85/79/94
f 166/101/203 113/104/128 85/79/91
f 166/101/203 85/79/91 83/77/90
f 167/163/204 168/164/205 83/77/88
f 167/163/204 83/77/88 82/76/87
f 12/8/206 14/148/188 76/149/189
f 170/165/207 169/166/207 25/63/71
f 170/165/207 25/63/71 19/62/70
f 171/167/208 172/168/209 173/75/210
f 172/168/209 171/167/208 37/169/211
f 37/169/211 171/167/208 174/170/212
f 37/169/211 174/170/212 4/47/213
f 4/47/213 174/170/212 36/21/21
f 4/47/213 36/21/21 35/20/20
f 176/171/214 175/172/215 177/173/216
f 177/173/216 175/172/215 178/22/22
f 35/20/20 178/22/22 175/172/215
f 132/139/175 164/174/217 163/175/218
f 132/139/175 163/175/218 156/138/173
f 156/138/173 163/175/218 158/141/177
f 158/141/177 163/175/218 161/142/180
f 161/142/180 163/175/218 162/143/182
f 162/143/182 163/175/218 138/144/183
f 138/144/183 163/175/218 179/176/219
f 179/176/219 163/175/218 180/131/220
f 180/131/220 163/175/218 69/129/164
f 69/129/164 163/175/218 151/128/162
f 151/128/162 163/175/218 149/127/160
f 149/127/160 163/175/218 147/124/157
f 147/124/157 163/175/218 146/125/158
f 146/125/158 163/175/218 181/177/221
f 182/178/222 183/179/223 186/180/224
f 183/179/223 182/178/222 184/181/225
f 77/72/81 79/74/83 9/5/5
f 185/182/226 9/5/5 74/70/79
f 9/5/5 185/182/226 77/72/81
f 78/73/82 186/180/224 79/74/83
f 79/74/83 186/180/224 183/179/223
f 187/168/227 57/44/84 80/75/86
f 57/44/84 187/168/227 81/183/228
f 57/44/84 81/183/228 6/99/229
f 173/75/230 188/184/231 189/185/232
f 363/186/417 364/186/418 366/186/419
f 363/186/417 366/186/419 365/186/420
f 367/186/421 368/186/422 364/186/418
f 367/186/421 364/186/418 363/186/417
f 365/186/420 366/186/419 370/186/423
f 365/186/420 370/186/423 369/186/424
f 370/186/423 377/186/425 368/186/422
f 364/186/418 371/186/426 366/186/419
f 366/186/419 371/186/426 372/186/427
f 368/186/422 380/186/428 371/186/426
f 368/186/422 371/186/426 364/186/418
f 366/186/419 372/186/427 374/186/429
f 366/186/419 374/186/429 370/186/423
f 375/186/430 374/186/429 378/186/431
f 372/186/427 379/186/432 374/186/429
f 368/186/422 377/186/425 373/186/433
f 378/186/431 374/186/429 380/186/428
f 369/186/424 370/186/423 368/186/422
f 369/186/424 368/186/422 367/186/421
f 377/186/425 370/186/423 374/186/429
f 375/186/430 376/186/434 374/186/429
f 374/186/429 376/186/434 377/186/425
f 374/186/429 379/186/432 371/186/426
f 374/186/429 371/186/426 380/186/428
f 376/186/434 380/186/428 381/186/435
f 376/186/434 375/186/430 380/186/428
f 381/186/435 380/186/428 373/186/433
f 368/186/422 373/186/433 380/186/428
f 382/186/436 383/186/437 384/186/438
f 385/186/439 386/186/440 387/186/441
f 389/186/442 382/186/436 384/186/438
f 386/186/440 399/186/443 387/186/441
f 393/186/444 392/186/445 394/186/446
f 395/186/447 389/186/448 399/186/443
f 392/186/449 391/186/450 387/186/441
f 397/186/451 392/186/449 387/186/441
f 397/186/451 387/186/441 398/186/452
f 400/186/453 399/186/443 389/186/448
f 400/186/453 401/186/454 398/186/452
f 382/186/436 389/186/442 388/186/455
f 390/186/456 391/186/450 392/186/449
f 395/186/447 396/186/457 389/186/448
f 398/186/452 399/186/443 400/186/453
f 399/186/443 398/186/452 387/186/441
f 392/186/445 393/186/444 402/186/458
f 420/186/459 409/186/460 421/186/461
f 424/186/462 409/186/460 403/186/463
f 424/186/462 403/186/463 404/186/464
f 405/186/465 422/186/466 406/186/467
f 405/186/465 406/186/467 407/186/468
f 420/186/459 408/186/469 409/186/460
f 410/186/470 411/186/471 412/186/472
f 410/186/470 412/186/472 413/186/473
f 421/186/461 409/186/460 424/186/462
f 406/186/467 408/186/469 420/186/459
f 417/186/474 407/186/468 416/186/475
f 416/186/475 407/186/468 414/186/476
f 405/186/465 407/186/468 417/186/474
f 416/186/475 414/186/476 415/186/477
f 414/186/476 421/186/461 424/186/462
f 407/186/468 421/186/461 414/186/476
f 407/186/468 420/186/459 421/186/461
f 422/186/466 423/186/478 408/186/469
f 422/186/466 408/186/469 406/186/467
f 414/186/476 424/186/462 404/186/464
f 414/186/476 404/186/464 415/186/477
f 407/186/468 406/186/467 420/186/459
f 411/186/471 425/186/479 426/186/480
f 411/186/471 426/186/480 412/186/472
f 410/186/470 427/186/481 411/186/471
f 412/186/472 428/186/482 413/186/473
f 418/186/483 419/187/484 410/186/470
f 418/186/483 410/186/470 413/186/473
f 418/186/483 417/186/474 419/187/484
f 419/187/484 417/186/474 416/186/475
f 457/277/508 458/278/509 459/279/510
f 459/279/510 458/278/509 460/280/511
f 459/279/510 460/280/511 461/281/512
f 461/281/512 460/280/511 462/282/513
f 461/281/512 462/282/513 463/283/514
f 463/283/514 462/282/513 464/284/515
f 463/285/516 465/286/517 466/287/518
f 466/287/518 465/286/517 467/288/519
f 1056/70/1129 1053/4/1130 1054/5/1131
f 1053/4/1130 1055/6/1132 1054/5/1131
f 1056/70/1129 1057/71/1133 1053/4/1130
f 1054/5/1131 1058/182/1134 1056/70/1129
f 1058/182/1134 1054/5/1131 1060/569/1135
f 1060/569/1135 1054/5/1131 1059/570/1136
f 1060/569/1135 1061/571/1137 1062/73/1138
f 1060/569/1135 1059/570/1136 1061/571/1137
f 1063/572/1139 1062/73/1138 1061/571/1137
f 1063/572/1139 1061/571/1137 1064/573/1140
f 1064/573/1140 1065/178/1141 1063/572/1139
f 1065/178/1141 1064/573/1140 1066/181/1142
f 1059/570/1136 1054/5/1131 1067/574/1143
f 1068/575/1144 1067/574/1143 1054/5/1131
f 1067/574/1143 1068/575/1144 1070/576/1145
f 1070/576/1145 1068/575/1144 1069/577/1146
f 1070/576/1145 1069/577/1146 1071/578/1147
f 1072/8/1148 1069/577/1146 1068/575/1144
f 1072/8/1148 1083/579/1149 1069/577/1146
f 1083/579/1149 1073/580/1150 1069/577/1146
f 1076/110/1151 1074/113/1152 1075/112/1153
f 1082/107/1154 1076/110/1155 1077/109/1156
f 1076/110/1151 1075/112/1153 1078/111/1157
f 1082/107/1154 1077/109/1156 1079/108/1158
f 1081/581/1159 1082/582/1160 1080/106/1161
f 1082/582/1162 1083/151/1163 1074/583/1164
f 1082/582/1162 1084/584/1165 1083/151/1163
f 1081/581/1159 1086/585/1166 1082/582/1160
f 1087/153/1167 1085/586/1168 1086/585/1166
f 1087/153/1167 1086/585/1166 1081/581/1159
f 1085/586/1168 1088/587/1169 1086/585/1166
f 1089/154/1170 1085/586/1171 1090/588/1172
f 1089/154/1170 1092/589/1173 1085/586/1171
f 1092/589/1173 1091/590/1174 1085/586/1171
f 1094/591/1175 1093/592/1176 1092/589/1177
f 1097/160/1178 1095/593/1179 1094/594/1180
f 1095/593/1179 1096/595/1181 1094/594/1180
f 1094/591/1175 1092/589/1177 1098/596/1182
f 1095/593/1179 1099/83/1183 1096/595/1181
f 1100/161/1184 1095/593/1185 1101/162/1186
f 1100/161/1184 1103/597/1187 1095/593/1185
f 1103/597/1187 1102/86/1188 1095/593/1185
f 1106/163/1189 1105/598/1190 1104/599/1191
f 1106/163/1189 1104/599/1191 1107/164/1192
f 1108/101/1193 1104/599/1194 1103/597/1194
f 1108/101/1193 1103/597/1194 1109/104/1195
f 1110/101/1196 1109/104/1197 1111/103/1198
f 1110/101/1196 1111/103/1198 1112/102/1199
f 1113/7/1200 1114/9/1201 1072/8/1202
f 1117/600/1203 1115/580/1204 1119/601/1205
f 1117/600/1203 1118/147/1206 1115/580/1204
f 1122/602/1207 1121/29/1208 1120/603/1209
f 1125/604/1210 1126/580/1211 1123/43/1212
f 1128/605/1213 1127/606/1214 1129/607/1215
f 1130/590/1216 1128/605/1213 1129/607/1215
f 1132/608/1217 1131/609/1218 1133/610/1219
f 1134/86/1220 1132/608/1217 1133/610/1219
f 1136/611/1221 1138/612/1222 1139/613/1223
f 1140/186/1224 1142/614/1225 1143/186/1226
s 0
f 1146/186/1227 1144/186/1227 1145/186/1227
f 1146/186/1227 1145/186/1227 1147/186/1227
s 1
f 1148/615/1228 1150/163/1229 1149/616/1230
f 1148/615/1231 1151/616/1232 1152/163/1233
f 1152/163/1233 1153/186/1234 1148/615/1231
f 1152/163/1233 1154/186/805 1153/186/1234
s 0
f 1148/615/1235 1155/617/1235 1150/163/1235
f 1155/617/1236 1148/615/1236 1156/618/1236
s 1
f 1152/163/1237 1157/619/1238 1159/164/125
f 1152/163/1237 1158/620/1239 1157/619/1238
f 1150/163/1240 1160/619/1241 1162/620/1242
f 1150/163/1240 1161/164/1243 1160/619/1241
f 1163/621/1244 1165/622/1245 1164/623/1246
f 1163/621/1244 1164/623/1246 1166/624/1247
f 1164/623/1246 1167/625/1248 1166/624/1247
f 1166/624/1247 1167/625/1248 1168/626/1249
f 1166/624/1247 1168/626/1249 1169/627/1250
f 1166/624/1247 1169/627/1250 1170/628/1251
f 1164/623/1246 1171/629/1252 1167/625/1248
f 1171/629/1252 1164/623/1246 1172/630/1253
f 1164/623/1246 1173/631/1254 1172/630/1253
f 1164/623/1246 1174/625/1255 1173/631/1254
f 1164/623/1246 1175/632/1256 1174/625/1255
f 1164/623/1246 1176/633/1257 1175/632/1256
f 1177/634/1258 1176/633/1257 1164/623/1246
f 1178/186/1259 1180/186/1260 1179/186/1261
f 1180/186/1260 1181/186/1261 1179/186/1261
f 1182/186/1262 1184/186/1262 1183/186/1263
f 1185/186/1264 1184/186/1262 1182/186/1262
f 1185/186/1264 1186/186/1264 1184/186/1262
f 1184/186/1262 1187/186/1265 1183/186/1263
f 1188/635/1266 1189/636/1267 1190/635/1268
f 1191/609/1269 1188/635/1266 1190/635/1268
f 1194/637/1270 1193/638/1271 1195/638/1272
f 1194/637/1270 1195/638/1272 1196/637/1273
s 0
f 1197/639/807 1196/637/807 1195/638/807
f 1196/637/807 1197/639/807 1198/637/807
s 1
f 1194/637/1270 1196/637/1273 1199/186/1274
f 1194/637/1270 1199/186/1274 1200/638/1275
f 1204/603/1276 1205/584/1277 1206/603/1278
f 1207/640/1279 1204/603/1276 1206/603/1278
f 1226/641/1280 1228/642/1281 1227/642/1282
f 1228/642/1281 1229/643/1283 1227/642/1282
f 1228/642/1281 1230/643/1284 1229/643/1283
f 1230/643/1284 1231/603/1285 1229/643/1283
f 1230/643/1284 1232/603/1286 1231/603/1285
f 1232/603/1286 1233/640/1287 1231/603/1285
f 1234/644/1288 1235/23/1289 1236/644/1290
f 1237/645/1291 1234/644/1288 1236/644/1290
f 1242/43/1292 1240/646/1293 1241/647/1294
f 1245/23/1295 1243/648/1296 1244/649/1296
f 1251/650/1297 1250/651/1298 1252/652/1299
f 1254/653/1300 1255/654/1301 1253/655/1302
f 1255/656/1303 1256/78/1304 1257/19/1305
f 1259/657/1306 1260/658/1307 1261/657/1308
f 1262/659/1309 1259/657/1306 1261/657/1308
f 1262/659/1309 1261/657/1308 1263/659/1310
f 1264/30/1311 1262/659/1309 1263/659/1310
f 1265/660/1312 1266/147/1313 1267/661/1314
f 1268/643/1315 1270/662/1316 1269/662/1317
f 1270/662/1316 1271/587/1318 1269/662/1317
f 1281/186/1319 1282/186/1320 1283/186/1321
f 1281/186/1319 1283/186/1321 1284/186/1322
f 1288/186/1323 1285/186/1324 1287/186/1325
f 1288/186/1323 1286/186/1326 1285/186/1324
f 1288/186/1323 1287/186/1325 1289/186/1327
f 1288/186/1323 1289/186/1327 1290/186/1328
f 1291/637/1329 1292/663/1330 1294/664/1331
f 1291/637/1329 1293/637/1332 1292/663/1330
f 1296/665/1333 1295/666/1334 1297/667/1335
f 1298/186/1336 1295/186/1337 1299/668/1338
f 1295/186/1337 1301/669/1339 1299/668/1338
f 1301/669/1339 1295/186/1337 1300/163/1340
f 1302/670/1341 1301/671/1342 1303/186/1343
f 1304/672/1344 1307/673/1345 1303/186/1346
f 1305/674/1347 1302/670/1341 1303/186/1343
f 1306/675/1348 1305/676/1349 1307/638/1350
f 1307/673/1345 1308/677/1351 1309/653/1352
f 1307/673/1345 1309/653/1352 1310/653/1353
f 1304/672/1344 1308/677/1351 1307/673/1345
f 1298/186/1336 1299/668/1338 1311/678/1354
f 1314/186/1355 1315/186/1356 1316/186/1357
f 1314/186/1355 1313/186/1358 1315/186/1356
f 1313/186/1358 1318/186/1359 1315/186/1356
s 0
f 1318/186/1360 1317/186/1360 1315/186/1360
s 1
f 1318/186/1361 1319/186/1362 1317/186/1362
f 1321/186/1363 1322/186/1364 1320/186/1365
f 1321/186/1363 1323/186/1366 1322/186/1364
f 1325/679/1367 1326/680/1368 1323/681/1369
f 1327/682/1370 1328/683/1371 1325/638/1372
f 1327/682/1370 1329/163/1373 1328/683/1371
f 1329/163/1373 1327/682/1370 1330/163/1374
f 1331/611/1375 1329/163/1376 1333/163/1377
f 1331/611/1375 1333/163/1377 1332/684/1378
f 1353/685/1379 1355/686/1380 1354/685/1380
s 0
f 1355/686/1381 1356/686/1381 1354/685/1381
s 1
f 1358/186/1382 1363/186/1383 1365/186/1384
f 1358/186/1382 1357/186/1385 1363/186/1383
f 1358/186/1382 1359/186/1386 1357/186/1385
f 1360/186/1387 1359/186/1386 1358/186/1382
f 1359/186/1386 1363/186/1383 1357/186/1385
f 1359/186/1386 1362/186/1388 1363/186/1383
f 1361/186/1389 1362/186/1388 1359/186/1386
f 1363/186/1383 1362/186/1388 1367/186/1390
f 1363/186/1383 1367/186/1390 1364/186/1391
f 1365/186/1384 1363/186/1383 1364/186/1391
f 1366/186/1392 1367/186/1390 1361/186/1389
f 1361/186/1389 1367/186/1390 1362/186/1388
f 1365/186/1384 1364/186/1391 1366/186/1392
f 1366/186/1392 1364/186/1391 1367/186/1390
f 1361/186/1389 1359/186/1386 1360/186/1387
f 1368/186/1393 1374/186/1394 1369/186/1395
f 1371/186/1396 1368/186/1393 1369/186/1395
f 1371/186/1396 1369/186/1395 1370/186/1397
f 1371/186/1396 1370/186/1397 1372/186/1398
f 1373/186/1399 1371/186/1396 1372/186/1398
f 1375/186/1400 1373/186/1399 1372/186/1398
f 1375/186/1400 1372/186/1398 1374/186/1394
f 1368/186/1393 1375/186/1400 1374/186/1394
s 0
f 1376/186/807 1377/186/807 1379/186/807
f 1376/186/807 1378/186/807 1377/186/807
f 1380/186/807 1376/186/807 1379/186/807
f 1380/186/1401 1379/186/1401 1381/186/1401
f 1382/186/807 1380/186/807 1381/186/807
f 1382/186/1401 1381/186/1401 1383/186/1401
f 1384/186/807 1382/186/807 1383/186/807
f 1384/186/1401 1383/186/1401 1385/186/1401
f 1386/186/807 1384/186/807 1385/186/807
f 1386/186/1401 1385/186/1401 1387/186/1401
f 1386/186/807 1387/186/807 1388/186/807
f 1378/186/807 1397/186/807 1377/186/807
s 1
f 1407/186/1402 1406/186/1403 1398/186/1404
f 1399/186/1405 1407/186/1402 1398/186/1404
f 1401/186/1406 1399/186/1405 1398/186/1404
f 1401/186/1406 1398/186/1404 1400/186/1407
f 1402/186/1408 1401/186/1406 1400/186/1407
f 1402/186/1408 1400/186/1407 1403/186/1409
f 1405/186/1410 1403/186/1409 1404/186/1411
f 1405/186/1410 1402/186/1408 1403/186/1409
f 1407/186/1402 1405/186/1410 1404/186/1411
f 1407/186/1402 1404/186/1411 1406/186/1403
f 1410/186/1412 1409/186/1413 1408/186/1414
f 1410/186/1412 1411/186/1415 1409/186/1413
f 1412/186/1416 1411/186/1415 1410/186/1412
f 1412/186/1416 1413/186/1417 1411/186/1415
f 1412/186/1416 1414/186/1418 1413/186/1417
f 1415/186/1419 1414/186/1418 1412/186/1416
f 1415/186/1419 1417/186/1420 1414/186/1418
f 1416/186/1421 1417/186/1420 1415/186/1419
f 1416/186/1421 1418/186/1422 1417/186/1420
f 1408/186/1414 1418/186/1422 1416/186/1421
f 1408/186/1414 1409/186/1413 1418/186/1422
f 1419/186/1423 1420/186/1424 1428/186/1425
f 1421/186/1426 1420/186/1424 1419/186/1423
f 1421/186/1426 1422/186/1427 1420/186/1424
f 1423/186/1428 1422/186/1427 1421/186/1426
f 1423/186/1428 1424/186/1429 1422/186/1427
f 1425/186/1430 1426/186/1431 1423/186/1428
f 1423/186/1428 1426/186/1431 1424/186/1429
f 1427/186/1432 1426/186/1431 1425/186/1430
f 1430/186/1433 1431/186/1434 1436/186/1435
f 1432/186/1436 1431/186/1434 1430/186/1433
f 1432/186/1436 1433/186/1437 1431/186/1434
f 1434/186/1438 1433/186/1437 1432/186/1436
f 1434/186/1438 1435/186/1439 1433/186/1437
f 1434/186/1438 1437/186/1440 1435/186/1439
f 1436/186/1435 1437/186/1440 1434/186/1438
f 1436/186/1435 1431/186/1434 1437/186/1440
s 0
f 1440/186/805 1439/186/805 1438/186/805
f 1440/186/805 1441/186/805 1439/186/805
f 1442/186/805 1441/186/805 1440/186/805
f 1444/186/1441 1443/186/1441 1442/186/1441
f 1442/186/805 1443/186/805 1441/186/805
f 1444/186/805 1446/186/805 1443/186/805
f 1445/186/805 1446/186/805 1444/186/805
f 1447/186/805 1446/186/805 1445/186/805
f 1447/186/805 1449/187/805 1446/186/805
f 1448/186/805 1449/187/805 1447/186/805
f 1450/186/805 1449/187/805 1448/186/805
f 1450/186/805 1452/186/805 1449/187/805
f 1451/186/805 1452/186/805 1450/186/805
f 1453/186/1441 1452/186/1441 1451/186/1441
f 1453/186/805 1454/186/805 1452/186/805
f 1455/186/805 1454/186/805 1453/186/805
f 1455/186/805 1456/186/805 1454/186/805
f 1438/186/805 1456/186/805 1455/186/805
f 1438/186/805 1439/186/805 1456/186/805
s 1
f 1457/186/1442 1459/186/1443 1458/186/1444
f 1460/186/1445 1457/186/1442 1458/186/1444
f 1460/186/1445 1458/186/1444 1461/186/1446
f 1460/186/1445 1461/186/1446 1462/186/1447
f 1463/186/1448 1460/186/1445 1462/186/1447
f 1464/186/1449 1463/186/1448 1462/186/1447
f 1464/186/1449 1462/186/1447 1465/186/1450
f 1466/187/1451 1464/186/1449 1465/186/1450
f 1467/186/1452 1466/187/1451 1465/186/1450
f 1468/186/1453 1467/186/1452 1469/186/1454
f 1467/186/1452 1465/186/1450 1469/186/1454
f 1468/186/1453 1469/186/1454 1470/186/1455
f 1471/186/1456 1468/186/1453 1470/186/1455
f 1472/186/1457 1471/186/1456 1470/186/1455
f 1472/186/1457 1470/186/1455 1473/186/1458
f 1474/186/1459 1472/186/1457 1473/186/1458
f 1474/186/1459 1473/186/1458 1475/186/1460
f 1476/186/1461 1474/186/1459 1475/186/1460
f 1459/186/1443 1476/186/1461 1475/186/1460
f 1459/186/1443 1475/186/1460 1458/186/1444
f 1477/687/1462 1478/688/1463 1479/689/1464
f 1479/689/1464 1478/688/1463 1480/690/1465
f 1481/691/1466 1482/692/1467 1484/693/1468
f 1481/691/1466 1483/694/1466 1482/692/1467
f 1485/695/1469 1482/692/1470 1486/696/1471
f 1485/695/1469 1486/696/1471 1487/697/1471
f 1488/698/1472 1489/699/1473 1491/700/1474
f 1488/698/1472 1490/701/1472 1489/699/1473
f 1492/702/1475 1489/699/1476 1493/703/1477
f 1492/702/1475 1493/703/1477 1494/704/1477
f 1495/705/1478 1496/706/1479 1498/707/1480
f 1495/705/1478 1497/708/1478 1496/706/1479
f 1499/709/1481 1496/706/1482 1500/710/1483
f 1499/709/1481 1500/710/1483 1501/711/1483
f 1502/712/1469 1503/713/1471 1505/714/1471
f 1502/712/1469 1504/715/1470 1503/713/1471
f 1506/716/1466 1507/717/1467 1502/712/1468
f 1506/716/1466 1508/718/1466 1507/717/1467
f 1509/719/1484 1511/720/1485 1510/721/1486
f 1512/722/1487 1511/720/1485 1509/719/1484
f 1509/723/1488 1514/724/1489 1515/725/1490
f 1515/725/1490 1514/724/1489 1516/726/1491
f 1515/727/1492 1518/728/1493 1517/729/1494
f 1517/729/1494 1518/728/1493 1519/730/1495
f 1517/731/1496 1520/732/1497 1521/733/1498
f 1522/734/1499 1524/735/1500 1523/736/1501
f 1525/737/1502 1524/735/1500 1522/734/1499
f 1526/738/1503 1527/739/1504 1524/740/1505
f 1528/741/1506 1529/742/1507 1527/739/1508
f 1530/743/1509 1532/744/1510 1529/742/1511
f 1531/745/1512 1532/744/1510 1530/743/1509
f 1533/746/1513 1534/747/1514 1532/748/1515
f 1536/749/1516 1538/750/1517 1537/751/1518
f 1539/752/1519 1538/750/1517 1536/749/1516
f 1541/753/1520 1537/751/1521 1542/754/1522
f 1543/755/1523 1542/756/1524 1545/757/1525
f 1545/757/1525 1542/756/1524 1544/758/1526
f 1546/759/1527 1544/758/1528 1547/760/1529
f 1548/761/1530 1547/760/1531 1549/762/1532
f 1550/763/1533 1554/764/1534 1551/765/1535
f 1552/723/1536 1554/764/1534 1550/763/1533
f 1552/766/1537 1555/767/1538 1553/768/1539
f 1556/769/1540 1555/767/1538 1552/766/1537
f 1550/770/1541 1558/771/1542 1559/772/1543
f 1559/772/1544 1560/773/1545 1561/733/1546
f 1562/774/1547 1563/775/1548 1564/776/1549
f 1564/776/1549 1563/775/1548 1565/777/1550
f 1566/778/1551 1565/777/1552 1567/779/1553
f 1568/780/1554 1567/779/1555 1569/781/1556
f 1570/782/1557 1569/781/1558 1571/740/1559
f 1573/783/1560 1571/740/1561 1572/784/1562
f 1574/785/1563 1572/784/1564 1575/736/1565
f 1579/786/1566 1580/787/1567 1577/788/1568
f 1581/789/1569 1582/790/1570 1579/786/1571
f 1583/791/1572 1584/792/1573 1581/789/1574
f 1586/793/1575 1585/794/1576 1583/791/1577
f 1586/795/1578 1588/796/1579 1587/797/1580
f 1589/798/1581 1588/796/1579 1586/795/1578
f 1590/727/1582 1591/799/1583 1592/800/1584
f 1593/801/1585 1594/802/1586 1590/727/1587
f 1595/723/1588 1596/803/1589 1593/801/1590
f 1597/804/1591 1598/805/1592 1595/723/1593
f 1599/806/1594 1600/807/1595 1597/804/1596
f 1592/800/1597 1601/808/1598 1602/809/1599
f 1602/809/1600 1603/810/1601 1604/811/1602
f 1605/812/1603 1607/813/1604 1606/814/1605
f 1608/815/1606 1609/816/1607 1607/813/1608
f 1610/817/1609 1611/818/1610 1609/816/1475
f 1612/819/1611 1613/820/1612 1611/818/1613
f 1614/821/1614 1615/822/1615 1613/820/1616
f 1616/823/1617 1617/824/1618 1615/822/1619
f 1618/825/1620 1606/814/1621 1619/826/1622
f 1621/827/1623 1623/828/1624 1622/829/1625
f 1624/830/1626 1625/831/1627 1623/828/1628
f 1627/832/1629 1626/833/1630 1625/831/1631
f 1628/834/1632 1629/835/1633 1626/833/747
f 1630/836/1634 1631/837/702 1629/835/1635
f 1632/838/1636 1622/839/1637 1633/840/1638
f 1632/838/1636 1633/840/1638 1634/841/1639
f 1635/842/1640 1637/843/1641 1638/723/1642
f 1638/723/1643 1639/844/1644 1640/801/1645
f 1640/801/1646 1641/845/1647 1642/727/1648
f 1642/727/1649 1643/799/1650 1644/770/1651
f 1644/770/1652 1646/846/1653 1645/847/1654
f 1645/847/1654 1646/846/1653 1647/848/1655
f 1650/849/1656 1651/850/1657 1648/851/1658
f 1652/852/1659 1653/853/1660 1650/849/1661
f 1655/854/1662 1654/855/1663 1652/852/1664
f 1655/856/1665 1657/857/1666 1656/858/1667
f 1658/859/1668 1657/857/1666 1655/856/1665
f 1661/860/1669 1660/861/1670 1659/862/1671
f 1661/860/1669 1662/863/1672 1660/861/1670
f 1664/864/1673 1660/865/1674 1665/866/1675
f 1666/785/1676 1665/866/1677 1667/867/1678
f 1670/868/1679 1671/869/1680 1668/870/1681
f 1672/871/1682 1673/872/1683 1670/868/1684
f 1675/873/1685 1674/874/1686 1672/875/1687
f 1675/873/1685 1676/876/1688 1674/874/1686
f 1677/859/1689 1678/877/1690 1675/878/1691
f 1679/879/1692 1680/880/1693 1681/881/1694
f 1681/881/1694 1680/880/1693 1682/882/1695
f 1683/883/1696 1682/884/1697 1684/885/1698
f 1684/885/1698 1682/884/1697 1685/886/1699
f 1686/887/1700 1687/751/1701 1680/754/1702
f 1688/888/1703 1689/889/1704 1687/751/1705
f 1691/890/1706 1690/891/1706 1689/889/1707
f 1692/892/1475 1693/893/1477 1695/894/1477
f 1692/892/1475 1694/895/1708 1693/893/1477
f 1696/896/1472 1697/897/1473 1692/892/1474
f 1696/896/1472 1698/898/1472 1697/897/1473
f 1701/899/1709 1702/900/1710 1699/901/1711
f 1703/902/1712 1702/900/1710 1701/899/1709
f 1701/903/1713 1700/904/1714 1704/905/1715
f 1701/903/1713 1704/905/1715 1705/906/1716
f 1707/907/1717 1710/908/1718 1708/831/1719
f 1709/909/1720 1710/908/1718 1707/907/1717
f 1711/910/1721 1708/911/1722 1712/912/1723
f 1711/910/1721 1712/912/1723 1713/913/1724
f 1714/914/1725 1716/816/1726 1715/813/1727
f 1717/915/1728 1718/818/1729 1716/816/1730
f 1719/916/1731 1720/820/1732 1718/818/1733
f 1722/917/1734 1721/822/1735 1720/820/1736
f 1723/918/1737 1724/824/1738 1721/822/1739
f 1725/919/1740 1715/813/1741 1726/920/1742
f 1727/921/1743 1726/920/1744 1728/826/1745
f 1730/922/1746 1731/923/1747 1732/924/1748
f 1733/925/1749 1734/926/1750 1730/922/1751
f 1735/927/1752 1737/928/1753 1733/925/1754
f 1732/924/1755 1738/929/1756 1739/930/1757
f 1739/930/1758 1741/931/1759 1740/932/1760
f 1740/932/1760 1741/931/1759 1742/933/1761
f 1740/934/1762 1743/935/1763 1744/936/1764
f 1747/937/1765 1748/938/1766 1745/939/1767
f 1745/939/1767 1748/938/1766 1746/940/1768
f 1747/941/1769 1750/942/1770 1749/943/1771
f 1752/944/1772 1750/942/1770 1747/941/1769
f 1752/945/1773 1753/946/1774 1751/947/1775
f 1754/902/1776 1753/946/1774 1752/945/1773
f 1755/948/1777 1757/949/1778 1756/950/1779
f 1759/951/1780 1756/952/1781 1760/953/1782
f 1760/953/1782 1756/952/1781 1761/882/1783
f 1763/954/1784 1761/955/1785 1764/886/1786
f 1762/956/1787 1761/955/1785 1763/954/1784
s 0
f 1765/957/1788 1766/958/1788 1768/959/1788
f 1765/957/1788 1767/960/1788 1766/958/1788
s 1
f 1769/788/1789 1770/961/1790 1771/962/1791
f 1772/849/1792 1773/963/1793 1769/788/1794
f 1776/964/1795 1775/965/1796 1772/849/1797
f 1776/966/1798 1777/967/1799 1774/968/1800
f 1778/969/1801 1777/967/1799 1776/966/1798
f 1779/970/1802 1780/971/1803 1778/969/1804
f 1781/972/1805 1782/973/1806 1779/970/1807
f 1784/974/1808 1786/975/1809 1785/820/1810
f 1787/976/1811 1786/975/1809 1784/974/1808
f 1788/977/1812 1785/978/1813 1789/979/1814
f 1789/979/1814 1785/978/1813 1790/816/1815
f 1791/980/1816 1790/816/1817 1792/813/1818
f 1795/981/1819 1792/982/1820 1794/983/1821
f 1793/984/1822 1792/982/1820 1795/981/1819
f 1796/985/1823 1798/986/1824 1797/987/1825
f 1799/988/1826 1798/986/1824 1796/985/1823
f 1800/989/1827 1801/990/1828 1799/988/1829
f 1802/991/1569 1803/992/1570 1800/989/1571
f 1804/922/1572 1805/993/1573 1802/991/1574
f 1806/925/1830 1807/994/1831 1804/922/1832
f 1808/927/1833 1810/995/1834 1806/925/1835
f 1811/996/1836 1813/997/1837 1812/886/1838
f 1814/956/1839 1813/997/1837 1811/996/1836
f 1815/998/1840 1817/999/1841 1813/882/1842
f 1816/879/1843 1817/999/1841 1815/998/1840
f 1818/1000/1844 1819/751/1845 1817/1001/1846
f 1820/1002/1847 1822/1003/1848 1819/751/1849
f 1821/1004/1850 1822/1003/1848 1820/1002/1847
f 1825/1005/1851 1824/1006/1852 1823/1007/1853
f 1826/1008/1854 1827/748/1855 1824/777/1856
f 1823/1007/1853 1824/1006/1852 1829/882/1857
f 1831/1009/1858 1829/1010/1859 1832/886/1860
f 1830/1011/1861 1829/1010/1859 1831/1009/1858
f 1833/769/1862 1834/1012/1863 1835/842/1864
f 1835/842/1865 1837/1013/1866 1838/1014/1867
f 1838/1014/1868 1839/1015/1869 1840/801/1870
f 1840/801/1871 1842/1016/1872 1841/1017/1873
f 1841/1017/1873 1842/1016/1872 1843/1018/1874
f 1841/772/1875 1844/1019/1876 1845/1020/1877
f 1846/1021/1878 1848/1022/1879 1847/1023/1880
f 1849/1024/1881 1848/1022/1879 1846/1021/1878
f 1851/1025/1882 1847/1023/1883 1852/779/1884
f 1853/1026/1885 1852/1027/1886 1854/1028/1887
f 1854/1028/1887 1852/1027/1886 1855/784/1888
f 1856/1029/1889 1855/784/1890 1857/736/1891
f 1858/1030/1892 1860/1031/1893 1859/1032/1894
f 1861/1033/1895 1859/1032/1896 1862/1034/1897
f 1863/1035/1898 1862/1034/1899 1864/831/1900
f 1865/1036/1901 1864/1037/1902 1866/1038/1903
f 1866/1038/1903 1864/1037/1902 1867/1039/1904
f 1868/1040/1905 1867/1041/1906 1870/1042/1907
f 1870/1042/1907 1867/1041/1906 1869/1043/1908
f 1872/1044/1909 1875/1045/1910 1873/1046/1911
f 1874/1047/1912 1875/1045/1910 1872/1044/1909
f 1872/1048/1913 1877/1049/1914 1878/1050/1915
f 1878/1050/1915 1877/1049/1914 1879/1051/1916
f 1878/1052/1917 1880/1053/1918 1881/1054/1919
f 1881/1054/1920 1882/935/1921 1883/811/1922
s 0
f 1884/1055/1923 1885/1056/1923 1887/1057/1923
f 1884/1055/1923 1886/1058/1923 1885/1056/1923
s 1
f 1890/1059/1924 1888/1060/1925 1892/1061/1926
f 1892/1061/1926 1888/1060/1925 1891/950/1927
f 1893/1062/1609 1891/950/1610 1894/1063/1928
f 1895/1064/1606 1894/1063/1929 1896/1065/1608
f 1897/1066/1603 1896/1065/1604 1898/1067/1605
f 1899/1068/1930 1898/1067/1931 1900/1069/1932
f 1901/1070/1933 1900/1069/1934 1902/1071/1935
f 1903/1072/1936 1904/1073/1937 1905/789/1938
f 1903/1074/1939 1907/1075/1940 1906/1076/1941
f 1908/970/1942 1907/1075/1940 1903/1074/1939
f 1909/972/1943 1910/1077/1944 1908/970/1945
f 1905/789/1946 1911/1078/1947 1913/1079/1948
f 1913/1079/1948 1911/1078/1947 1912/1080/1949
f 1913/851/1950 1914/1081/1951 1915/1082/1952
f 1917/924/1953 1918/1083/1954 1919/1084/1955
f 1920/922/1956 1921/1085/1957 1917/924/1958
f 1920/1086/1959 1923/1087/1960 1922/1088/1961
f 1924/927/1962 1923/1087/1960 1920/1086/1959
f 1919/1084/1955 1918/1083/1954 1926/1051/1963
f 1919/988/1964 1927/1089/1965 1928/1054/1966
f 1928/1054/1967 1929/1090/1968 1930/1091/1969
f 1931/1092/1970 1932/1093/1971 1934/1094/1972
f 1931/1092/1970 1933/1095/1973 1932/1093/1971
f 1934/924/1974 1935/1096/1975 1936/930/1976
f 1936/930/1977 1937/1097/1978 1938/1098/1979
f 1938/1098/1979 1937/1097/1978 1939/987/1980
f 1940/1099/1981 1941/1100/1982 1942/1101/1983
f 1943/902/1984 1944/1102/1985 1940/1099/1986
f 1942/1101/1983 1941/1100/1982 1945/1103/1987
f 1942/944/1988 1946/1104/1989 1947/1105/1990
f 1947/1106/1991 1948/1107/1992 1949/1108/1993
f 1947/1106/1991 1949/1108/1993 1950/870/1994
f 1952/1109/1995 1953/1110/1996 1954/870/1997
f 1952/1111/1998 1958/1112/1999 1955/1113/2000
f 1956/878/2001 1958/1112/1999 1952/1111/1998
f 1957/902/2002 1959/1114/2003 1956/878/2004
f 1961/1105/2005 1962/1115/2006 1963/1116/2007
f 1961/1117/2008 1965/1118/2009 1964/1119/2010
f 1967/1120/2011 1965/1118/2009 1961/1117/2008
f 1967/1121/2012 1968/1122/2013 1966/1123/2014
f 1969/902/2015 1968/1122/2013 1967/1121/2012
f 1963/1116/2016 1970/1124/2017 1971/1109/2018
s 0
f 1973/1125/2019 1974/1126/2019 1976/1127/2019
f 1973/1125/2020 1975/1128/2020 1974/1126/2020
s 1
f 1977/1072/1868 1978/1129/1869 1979/789/1870
f 1980/969/2021 1981/1130/2022 1977/1072/1867
f 1982/970/2023 1983/1131/2024 1980/969/2025
f 1984/972/2026 1985/1077/2027 1982/970/2028
f 1979/789/1473 1986/1132/2029 1987/786/2030
f 1987/786/2031 1988/1133/2032 1989/1134/2033
f 1989/1134/2034 1990/1135/2035 1991/1136/2035
f 1992/976/2036 1993/1137/2037 1994/1138/2038
f 1994/1138/2038 1993/1137/2037 1995/1139/2039
f 1997/1140/1551 1995/1139/1552 1996/816/1553
f 1998/1141/2040 1996/816/2041 1999/813/2042
f 2000/984/2043 1999/1142/2044 2001/1143/2045
f 2001/1143/2045 1999/1142/2044 2002/1144/2046
f 2003/1145/2047 2004/1146/2048 2005/1147/2049
f 2005/1147/2049 2004/1146/2048 2006/1039/2050
f 2009/1148/2051 2006/1149/2052 2008/1150/2053
f 2007/1040/2054 2006/1149/2052 2009/1148/2051
f 2011/1151/2055 2012/833/2056 2004/1152/2057
f 2013/1153/2058 2015/1154/2059 2012/833/2060
f 2014/1155/2061 2015/1154/2059 2013/1153/2058
f 2016/727/2062 2017/1156/2063 2018/770/2064
f 2016/1157/2065 2021/1158/2066 2019/1159/2067
f 2020/1160/2068 2021/1158/2066 2016/1157/2065
f 2018/770/2069 2022/1161/2070 2023/1162/2071
f 2023/1162/2071 2022/1161/2070 2024/1163/2072
s 0
f 2025/1164/2073 2026/1165/2073 2028/1166/2073
f 2025/1164/2073 2027/1167/2073 2026/1165/2073
s 1
f 2030/1168/2074 2031/1169/2075 2029/1170/2076
f 2032/1171/2077 2034/1172/2078 2031/833/2079
f 2033/909/2080 2034/1172/2078 2032/1171/2077
f 2029/1170/2076 2031/1169/2075 2035/1173/2081
s 0
f 2037/1174/2019 2038/1175/2019 2040/1176/2019
f 2037/1174/2020 2039/1177/2020 2038/1175/2020
s 1
f 2041/723/2082 2042/1178/2083 2043/1179/2084
f 2045/804/2085 2044/1180/2086 2041/723/2087
f 2043/1179/2084 2042/1178/2083 2047/1181/2088
f 2043/800/2089 2048/1182/2090 2049/1183/2091
f 2049/1183/2092 2050/732/2093 2051/733/2094
f 2052/1184/1703 2054/1185/1704 2053/1186/2095
f 2055/1187/2096 2056/1188/2097 2054/1185/2098
f 2057/1189/2099 2058/1190/2100 2056/1188/2101
f 2059/1191/2102 2053/1186/2103 2060/1192/1469
f 2061/1193/2104 2060/1192/2105 2062/1194/2106
f 2064/1195/2107 2062/1194/2108 2063/1196/2109
f 2065/1197/2110 2063/1196/2111 2066/1198/2112
f 2068/864/2113 2070/740/2114 2069/784/2115
f 2071/738/2116 2072/781/2117 2070/740/2118
f 2073/1199/2119 2074/779/1480 2072/781/2120
f 2076/1200/1626 2075/777/1627 2074/779/1628
f 2077/1201/2121 2078/1202/2122 2075/777/2123
f 2079/1203/2124 2078/1202/2122 2077/1201/2121
f 2080/1204/2125 2069/784/2126 2081/736/2127
f 2082/1205/2128 2084/1206/2129 2083/1207/2130
f 2085/1208/2131 2086/1209/2132 2084/1206/2133
f 2087/1210/2047 2086/1209/2132 2085/1208/2131
f 2088/1211/2055 2089/949/2056 2086/751/2057
f 2091/1212/2134 2090/1213/2135 2089/949/2136
f 2093/883/2137 2083/1214/2138 2094/1215/2139
f 2094/1215/2139 2083/1214/2138 2095/867/2140
f 2096/1216/2141 2099/1217/2142 2098/1218/2143
f 2096/1216/2141 2097/1219/2144 2099/1217/2142
f 2101/1145/2145 2102/1220/2146 2103/1221/2147
f 2103/1221/2147 2102/1220/2146 2104/1039/2148
f 2105/1222/2149 2104/1039/2150 2106/1223/2151
f 2108/1224/2152 2109/1225/2153 2102/1152/2154
f 2110/909/2155 2109/1225/2153 2108/1224/2152
f 2111/1226/2156 2112/1227/1483 2114/1228/1483
f 2111/1226/2156 2113/1229/1482 2112/1227/1483
f 2115/1230/1478 2116/1231/1479 2111/1226/1480
f 2115/1230/1478 2117/1232/1478 2116/1231/1479
s 0
f 2118/1233/2157 2119/1234/2157 2121/1235/2157
f 2118/1233/2157 2120/1236/2157 2119/1234/2157
f 2122/1237/2158 2123/1238/2158 2125/1239/2158
f 2122/1237/2159 2124/1240/2159 2123/1238/2159
f 2126/1241/2160 2127/1242/2160 2129/1243/2160
f 2126/1241/2160 2128/1244/2160 2127/1242/2160
f 2130/1245/2157 2131/1246/2157 2133/1247/2157
f 2130/1245/2157 2132/1248/2157 2131/1246/2157
f 2134/1249/2161 2135/1250/2161 2137/1251/2161
f 2134/1249/2162 2136/1252/2162 2135/1250/2162
s 1
f 2142/186/2163 2154/186/2164 2156/186/2165
f 2154/186/2164 2142/186/2163 2143/186/2166
f 2143/186/2166 2144/186/2167 2148/186/2168
f 2143/186/2166 2157/186/2169 2144/186/2167
f 2145/186/2170 2148/186/2168 2144/186/2167
f 2146/186/2171 2151/186/2172 2147/186/2173
f 2145/186/2170 2147/186/2173 2148/186/2168
f 2154/186/2164 2143/186/2166 2148/186/2168
f 2155/186/2174 2154/186/2164 2147/186/2173
f 2154/186/2164 2148/186/2168 2147/186/2173
f 2151/186/2172 2155/186/2174 2147/186/2173
f 2150/186/2175 2155/186/2174 2151/186/2172
f 2149/186/2176 2151/186/2172 2146/186/2171
f 2152/186/2177 2150/186/2175 2149/186/2176
f 2150/186/2175 2151/186/2172 2149/186/2176
f 2138/186/2178 2153/186/2179 2152/186/2177
f 2152/186/2177 2153/186/2179 2150/186/2175
f 2156/186/2165 2154/186/2164 2155/186/2174
f 2140/186/2180 2156/186/2165 2155/186/2174
f 2139/186/2181 2155/186/2174 2153/186/2179
f 2140/186/2180 2155/186/2174 2139/186/2181
f 2141/186/2182 2156/186/2165 2140/186/2180
f 2141/186/2182 2142/186/2163 2156/186/2165
f 2139/186/2181 2153/186/2179 2138/186/2178
f 2153/186/2179 2155/186/2174 2150/186/2175
f 2146/186/2171 2147/186/2173 2145/186/2170
f 2142/186/2163 2157/186/2169 2143/186/2166
f 2142/186/2163 2141/186/2182 2157/186/2169
f 2158/1253/2183 2160/824/2184 2159/822/2185
f 2161/1254/2186 2159/822/2187 2162/820/2188
f 2163/1255/2189 2162/820/2190 2164/1139/2191
f 2165/1256/2192 2164/1139/2193 2166/816/2194
f 2167/1257/1506 2166/816/2195 2168/813/1508
f 2169/1258/2196 2168/813/2197 2170/920/2198
s 0
f 2172/1259/2158 2173/1260/2158 2175/1261/2158
f 2172/1259/2159 2174/1262/2159 2173/1260/2159
f 2176/1263/1788 2177/1264/1788 2179/1265/1788
f 2176/1263/1788 2178/1266/1788 2177/1264/1788
f 2180/1267/2162 2181/1268/2162 2183/1269/2162
f 2180/1267/2162 2182/1270/2162 2181/1268/2162
f 2184/1271/2073 2185/1272/2073 2187/1273/2073
f 2184/1271/2073 2186/1274/2073 2185/1272/2073
f 2188/1275/2160 2189/1276/2160 2191/1277/2160
f 2188/1275/2160 2190/1278/2160 2189/1276/2160
f 2192/1279/1923 2193/1280/1923 2195/1281/1923
f 2192/1279/1923 2194/1282/1923 2193/1280/1923
s 1
f 2196/1283/2199 2197/1284/1463 2198/1285/1464
f 2198/1285/1464 2197/1284/1463 2199/1286/1465
f 2203/1287/2200 2200/1288/2201 2201/1289/2202
f 2203/1287/2200 2201/1289/2202 2202/1290/2203
f 2204/1291/2204 2206/1292/2205 2205/1293/2206
f 2204/1291/2204 2207/1294/2207 2206/1292/2205
f 2208/1295/2208 2211/1296/2209 2209/1297/2210
f 2208/1295/2208 2210/1298/2211 2211/1296/2209
f 2214/1299/2212 2212/1300/2213 2213/1301/2214
f 2214/1299/2212 2213/1301/2214 2215/1302/2215
f 2216/1303/2216 2217/1304/2217 2219/1305/2218
f 2216/1303/2216 2218/1306/2219 2217/1304/2217
f 2218/1306/2219 2221/1307/2220 2217/1304/2217
f 2218/1306/2219 2220/1308/2221 2221/1307/2220
f 2222/1309/2222 2224/1310/2223 2223/1311/2223
f 2227/1145/2224 2225/1312/2225 2226/1313/2225
s 0
f 2231/186/560 2228/186/560 2229/186/560
f 2229/186/560 2228/186/560 2230/186/560
f 2232/186/560 2234/186/560 2233/186/560
f 2234/186/560 2232/186/560 2235/186/560
s 1
f 2236/186/2226 2238/186/2227 2237/186/2228
f 2238/186/2227 2236/186/2226 2239/186/2229
f 2239/186/2229 2236/186/2226 2240/186/2230
f 2239/186/2229 2240/186/2230 2241/186/2231
f 2239/186/2229 2241/186/2231 2242/186/2232
f 2239/186/2229 2242/186/2232 2243/186/2233
f 2238/186/2227 2239/186/2229 2244/186/2234
f 2244/186/2234 2239/186/2229 2245/186/2235
f 2245/186/2235 2239/186/2229 2246/186/2236
f 2246/186/2236 2239/186/2229 2247/186/2237
s 0
f 2249/1314/2238 2248/1315/2238 2250/1316/2238
f 2250/1316/2239 2248/1315/2239 2251/1317/2239
f 2250/1316/2239 2251/1317/2239 2252/1318/2239
f 2304/1319/2239 2252/1318/2239 2251/1317/2239
f 2304/1319/2239 2251/1317/2239 2253/1320/2239
f 2304/1319/2239 2253/1320/2239 2254/1321/2239
f 2254/1321/2240 2253/1320/2240 2302/1322/2240
f 2253/1320/2241 2256/1323/2241 2302/1322/2241
f 2255/1324/2242 2302/1322/2242 2256/1323/2242
f 2301/1325/2238 2256/1323/2238 2253/1320/2238
f 2255/1324/2239 2256/1323/2239 2257/1326/2239
f 2255/1324/2239 2257/1326/2239 2258/1327/2239
f 2258/1327/2239 2257/1326/2239 2259/1328/2239
f 2258/1327/2239 2259/1328/2239 2260/1329/2239
f 2260/1329/2239 2259/1328/2239 2261/1330/2239
f 2260/1329/2239 2261/1330/2239 2263/1331/2239
f 2261/1330/2239 2262/1332/2239 2263/1331/2239
f 2264/1333/2239 2263/1331/2239 2262/1332/2239
f 2264/1333/2238 2265/1334/2238 2263/1331/2238
f 2264/1333/2239 2262/1332/2239 2266/1335/2239
f 2264/1333/2243 2266/1335/2243 2267/1336/2243
f 2267/1336/2239 2266/1335/2239 2268/1337/2239
f 2267/1336/2239 2268/1337/2239 2269/1338/2239
f 2269/1338/2239 2268/1337/2239 2270/1339/2239
f 2269/1338/2239 2270/1339/2239 2271/1340/2239
f 2271/1340/2244 2270/1339/2244 2272/1341/2244
f 2271/1340/2239 2272/1341/2239 2273/1342/2239
f 2273/1342/2239 2272/1341/2239 2274/1343/2239
f 2275/1344/2244 2273/1342/2244 2274/1343/2244
f 2275/1344/2245 2274/1343/2245 2276/1345/2245
f 2276/1345/2239 2274/1343/2239 2277/1346/2239
f 2278/1347/2239 2277/1346/2239 2279/1348/2239
f 2276/1345/2239 2277/1346/2239 2278/1347/2239
f 2278/1347/2239 2279/1348/2239 2280/1349/2239
f 2280/1349/2239 2279/1348/2239 2281/1350/2239
f 2280/1349/2244 2281/1350/2244 2282/1351/2244
f 2282/1351/2246 2281/1350/2246 2283/1352/2246
f 2283/1352/2247 2281/1350/2247 2284/1353/2247
f 2286/1354/2248 2282/1351/2248 2283/1352/2248
f 2285/1355/2249 2286/1354/2249 2283/1352/2249
f 2287/1356/2250 2282/1351/2250 2286/1354/2250
f 2282/1351/2238 2287/1356/2238 2288/1357/2238
f 2286/1354/2243 2285/1355/2243 2289/1358/2243
f 2289/1358/2239 2285/1355/2239 2290/1359/2239
f 2289/1358/2239 2290/1359/2239 2291/1360/2239
f 2289/1358/2239 2291/1360/2239 2292/1361/2239
f 2289/1358/2239 2292/1361/2239 2293/1362/2239
f 2293/1362/2239 2292/1361/2239 2294/1363/2239
f 2291/1360/2247 2290/1359/2247 2295/1364/2247
f 2295/1364/2247 2290/1359/2247 2296/1365/2247
f 2295/1364/2247 2296/1365/2247 2297/1366/2247
f 2274/1343/2251 2272/1341/2251 2298/1367/2251
f 2299/1368/2238 2262/1332/2238 2261/1330/2238
f 2300/1369/2247 2256/1323/2247 2301/1325/2247
f 2303/1370/2251 2302/1322/2251 2255/1324/2251
f 2304/1319/2239 2305/1371/2239 2252/1318/2239
f 2306/1372/2247 2305/1371/2247 2304/1319/2247
f 2306/1372/2239 2307/1373/2239 2305/1371/2239
f 2309/1374/2252 2308/1375/2252 2310/1376/2252
f 2310/1376/2252 2308/1375/2252 2311/1377/2252
f 2310/1376/2253 2311/1377/2253 2312/1378/2253
f 2312/1378/2254 2311/1377/2254 2313/1379/2254
f 2313/1379/2255 2311/1377/2255 2314/1380/2255
f 2314/1380/2252 2311/1377/2252 2315/1381/2252
f 2314/1380/2256 2315/1381/2256 2363/1382/2256
f 2317/1383/2257 2314/1380/2257 2363/1382/2257
f 2363/1382/2258 2316/1384/2258 2317/1383/2258
f 2317/1383/2259 2318/1385/2259 2314/1380/2259
f 2317/1383/2260 2319/1386/2260 2318/1385/2260
f 2317/1383/2261 2316/1384/2261 2320/1387/2261
f 2320/1387/2255 2316/1384/2255 2321/1388/2255
f 2320/1387/2255 2321/1388/2255 2322/1389/2255
f 2322/1389/2255 2321/1388/2255 2323/1390/2255
f 2322/1389/2262 2324/1391/2262 2326/1392/2262
f 2322/1389/2261 2323/1390/2261 2324/1391/2261
f 2325/1393/2263 2326/1392/2263 2324/1391/2263
f 2324/1391/2255 2327/1394/2255 2325/1393/2255
f 2325/1393/2255 2327/1394/2255 2328/1395/2255
f 2325/1393/2261 2328/1395/2261 2329/1396/2261
f 2329/1396/2255 2328/1395/2255 2330/1397/2255
f 2329/1396/2255 2330/1397/2255 2331/1398/2255
f 2331/1398/2255 2330/1397/2255 2332/1399/2255
f 2331/1398/2255 2332/1399/2255 2333/1400/2255
f 2333/1400/2264 2332/1399/2264 2334/1401/2264
f 2334/1401/2255 2332/1399/2255 2335/1402/2255
f 2334/1401/2263 2335/1402/2263 2336/1403/2263
f 2334/1401/2265 2336/1403/2265 2337/1404/2265
f 2335/1402/2255 2338/1405/2255 2336/1403/2255
f 2336/1403/2264 2338/1405/2264 2339/1406/2264
f 2339/1406/2255 2338/1405/2255 2340/1407/2255
f 2339/1406/2255 2340/1407/2255 2341/1408/2255
f 2341/1408/2255 2340/1407/2255 2342/1409/2255
f 2341/1408/2255 2342/1409/2255 2343/1410/2255
f 2343/1410/2255 2342/1409/2255 2344/1411/2255
f 2343/1410/2266 2344/1411/2266 2345/1412/2266
f 2343/1410/2254 2345/1412/2254 2346/1413/2254
f 2344/1411/2261 2347/1414/2261 2345/1412/2261
f 2347/1414/2255 2344/1411/2255 2348/1415/2255
f 2348/1415/2267 2344/1411/2267 2349/1416/2267
f 2347/1414/2268 2350/1417/2268 2345/1412/2268
f 2350/1417/2261 2347/1414/2261 2351/1418/2261
f 2351/1418/2255 2347/1414/2255 2352/1419/2255
f 2351/1418/2264 2352/1419/2264 2353/1420/2264
f 2351/1418/2255 2353/1420/2255 2354/1421/2255
f 2351/1418/2252 2354/1421/2252 2355/1422/2252
f 2355/1422/2252 2354/1421/2252 2356/1423/2252
f 2353/1420/2255 2352/1419/2255 2357/1424/2255
f 2357/1424/2255 2352/1419/2255 2358/1425/2255
f 2357/1424/2252 2358/1425/2252 2359/1426/2252
f 2338/1405/2253 2335/1402/2253 2360/1427/2253
f 2361/1428/2255 2327/1394/2255 2324/1391/2255
f 2363/1382/2254 2362/1429/2254 2316/1384/2254
f 2313/1379/2255 2364/1430/2255 2312/1378/2255
f 2313/1379/2255 2366/1431/2255 2364/1430/2255
f 2365/1432/2252 2366/1431/2252 2313/1379/2252
f 2368/186/2261 2367/186/2261 2369/186/2261
f 2368/186/2255 2369/186/2255 2370/186/2255
f 2370/186/2255 2369/186/2255 2371/186/2255
f 2370/186/2255 2371/186/2255 2372/186/2255
f 2370/186/2255 2372/186/2255 2373/186/2255
f 2373/186/2255 2372/186/2255 2374/186/2255
f 2373/186/2255 2374/186/2255 2375/186/2255
f 2375/186/2255 2374/186/2255 2376/186/2255
f 2375/186/2255 2376/186/2255 2377/186/2255
f 2377/186/2255 2376/186/2255 2378/186/2255
f 2377/186/2255 2378/186/2255 2379/186/2255
f 2379/186/2255 2378/186/2255 2380/186/2255
f 2379/186/2255 2380/186/2255 2381/186/2255
f 2381/186/2255 2380/186/2255 2382/186/2255
f 2382/186/2269 2380/186/2269 2383/186/2269
s 1
f 2768/186/2592 2769/186/2593 2770/186/2594
f 2771/186/2595 2768/186/2592 2770/186/2594
f 2771/186/2595 2770/186/2594 2772/186/2596
f 2772/186/2596 2774/186/2597 2773/186/2598
f 2772/186/2596 2775/186/2599 2774/186/2597
f 2793/186/2600 2772/186/2596 2773/186/2598
f 2776/186/2601 2793/186/2600 2773/186/2598
f 2776/186/2601 2773/186/2598 2777/186/2602
f 2778/186/2603 2776/186/2601 2777/186/2602
f 2779/186/2604 2778/186/2603 2777/186/2602
f 2779/186/2604 2777/186/2602 2780/186/2605
f 2783/186/2606 2778/186/2603 2782/186/2607
f 2783/186/2606 2781/186/2608 2778/186/2603
f 2783/186/2606 2782/186/2607 2784/186/2609
f 2785/186/2610 2783/186/2606 2784/186/2609
f 2784/186/2609 2786/186/2611 2788/186/2612
f 2784/186/2609 2787/186/2613 2786/186/2611
f 2785/186/2610 2784/186/2609 2788/186/2612
f 2792/186/2614 2788/186/2612 2789/186/2615
f 2792/186/2614 2785/186/2610 2788/186/2612
f 2769/186/2593 2792/186/2614 2789/186/2615
f 2790/186/2616 2789/186/2615 2791/186/2617
f 2790/186/2616 2769/186/2593 2789/186/2615
f 2768/186/2592 2792/186/2614 2769/186/2593
f 2781/186/2608 2776/186/2601 2778/186/2603
f 2793/186/2600 2771/186/2595 2772/186/2596
s 0
f 2795/186/2618 2796/186/2618 2794/186/2618
s 1
f 2794/186/2619 2796/186/2620 2797/186/2621
f 2797/186/2621 2796/186/2620 2798/186/2622
f 2798/186/2622 2796/186/2620 2799/186/2623
f 2796/186/2624 2795/186/2625 2800/186/2626
f 2801/186/2627 2802/186/2628 2804/186/2629
f 2801/186/2627 2803/186/2630 2802/186/2628
f 2806/186/2631 2807/186/2632 2805/186/2633
f 2807/186/2632 2806/186/2631 2808/186/2634
f 2807/186/2632 2808/186/2634 2809/186/2635
f 2807/186/2632 2809/186/2635 2810/186/2636
f 2807/186/2632 2810/186/2636 2811/186/2637
f 2807/186/2632 2811/186/2637 2812/186/2638
f 2816/186/2639 2818/186/2640 2817/186/2641
f 2824/186/2642 2816/186/2639 2815/186/2643
f 2872/186/2644 2818/186/2640 2816/186/2639
f 2816/186/2639 2824/186/2642 2872/186/2644
f 2817/186/2641 2818/186/2640 2819/186/2645
f 2872/186/2644 2821/186/2646 2818/186/2640
f 2817/186/2641 2819/186/2645 2823/186/2647
f 2829/186/2648 2826/186/2649 2872/186/2650
f 2826/186/2649 2871/186/2651 2825/186/2652
f 2828/186/2653 2827/187/2654 2826/186/2649
f 2862/186/2655 2828/186/2653 2826/186/2649
f 2829/186/2648 2862/186/2655 2826/186/2649
f 2813/186/2656 2830/186/2657 2829/186/2648
f 2836/186/2658 2830/186/2657 2813/186/2656
f 2831/186/2659 2836/186/2658 2813/186/2656
f 2831/186/2659 2832/186/2660 2836/186/2658
f 2832/186/2660 2833/186/2661 2836/186/2658
f 2832/186/2660 2834/186/2662 2833/186/2661
f 2838/186/2663 2830/186/2657 2836/186/2658
f 2838/186/2663 2839/186/2664 2830/186/2657
f 2842/186/2665 2841/186/2666 2840/186/2667
f 2843/186/2668 2842/186/2665 2844/186/2669
f 2843/186/2668 2851/186/2670 2842/186/2665
f 2844/186/2669 2839/186/2664 2838/186/2663
f 2844/186/2669 2842/186/2665 2839/186/2664
f 2846/186/2671 2847/186/2672 2844/186/2673
f 2844/186/2673 2835/186/2674 2846/186/2671
f 2835/186/2674 2844/186/2673 2845/186/2675
f 2850/186/2676 2847/186/2672 2848/186/2677
f 2847/186/2672 2850/186/2676 2849/187/2678
f 2847/186/2672 2846/186/2671 2848/186/2677
f 2838/186/2663 2835/186/2674 2845/186/2675
f 2835/186/2674 2838/186/2663 2836/186/2658
f 2842/186/2665 2840/186/2667 2839/186/2664
f 2854/186/2679 2851/186/2680 2853/186/2681
f 2854/186/2679 2852/186/2682 2851/186/2680
f 2864/186/2683 2861/186/2684 2862/186/2685
f 2864/186/2683 2863/186/2686 2861/186/2684
f 2857/186/2687 2861/186/2684 2863/186/2686
f 2857/186/2687 2859/186/2688 2861/186/2684
f 2857/186/2687 2863/186/2686 2856/186/2689
f 2856/186/2689 2863/186/2686 2855/186/2690
f 2837/186/2691 2863/186/2686 2864/186/2683
f 2865/186/2692 2864/186/2683 2862/186/2685
f 2829/186/2648 2830/186/2657 2862/186/2655
f 2866/186/2693 2837/186/2691 2864/186/2683
f 2839/186/2694 2837/186/2691 2866/186/2693
f 2837/186/2691 2855/186/2690 2863/186/2686
f 2860/186/2695 2861/186/2684 2859/186/2688
f 2859/186/2688 2857/186/2687 2858/186/2696
f 2867/186/2697 2831/186/2659 2813/186/2656
f 2867/186/2697 2813/186/2656 2814/186/2698
f 2870/186/2699 2868/186/2700 2869/187/2701
f 2870/186/2699 2871/186/2702 2868/186/2700
f 2872/186/2650 2826/186/2649 2825/186/2652
f 2824/186/2642 2815/186/2643 2829/186/2648
f 2829/186/2648 2815/186/2643 2813/186/2656
f 2873/186/2703 2874/186/2704 2876/186/2705
f 2873/186/2703 2875/186/2706 2874/186/2704
f 2877/186/2707 2879/186/2708 2880/186/2709
f 2879/186/2708 2877/186/2707 2878/186/2710
f 2881/186/2711 2882/186/2712 2884/186/2713
f 2881/186/2711 2883/186/2714 2882/186/2712
f 2885/186/2715 2886/186/2716 2888/186/2717
f 2885/186/2715 2887/186/2718 2886/186/2716
s 0
f 2885/186/2719 2889/186/2719 2887/186/2719
f 2890/186/2720 2891/186/2720 2892/186/2720
s 1
f 2890/186/2721 2893/186/2722 2891/186/2723
f 2890/186/2721 2894/186/2724 2893/186/2722
f 2895/186/2725 2896/186/2726 2897/186/2727
f 2898/186/2728 2895/186/2725 2897/186/2727
f 2899/186/2729 2897/186/2727 2900/186/2730
f 2899/186/2729 2898/186/2728 2897/186/2727
f 2895/186/2725 2901/186/2731 2896/186/2726
f 2901/186/2731 2902/186/2732 2896/186/2726
f 2901/186/2731 2903/186/2733 2902/186/2732
f 2901/186/2731 2904/186/2734 2903/186/2733
f 2913/186/2735 2914/186/2736 2916/186/2737
f 2913/186/2735 2915/186/2738 2914/186/2736
f 2917/186/2739 2915/186/2738 2913/186/2735
f 2917/186/2739 2918/186/2740 2915/186/2738
f 2919/186/2741 2918/186/2740 2917/186/2739
f 2919/186/2741 2920/187/2742 2918/186/2740
f 2921/186/2743 2922/186/2744 2920/187/2745
f 2921/186/2743 2923/186/2746 2922/186/2744
f 2924/186/2747 2925/186/2748 2923/186/2749
f 2916/186/2737 2925/186/2748 2924/186/2747
f 2916/186/2737 2914/186/2736 2925/186/2748
f 2928/186/2750 2927/186/2751 2926/186/2752
f 2928/186/2750 2929/186/2753 2927/186/2751
f 2930/186/2754 2929/186/2753 2928/186/2750
f 2930/186/2754 2931/186/2755 2929/186/2753
f 2926/186/2752 2932/186/2756 2933/186/2757
f 2926/186/2752 2927/186/2751 2932/186/2756
s 0
f 2934/186/805 2935/186/805 2937/186/805
f 2934/186/805 2936/186/805 2935/186/805
s 1
f 2940/186/2758 2939/186/2759 2938/186/2760
f 2940/186/2758 2941/186/2757 2939/186/2759
f 2938/186/2760 2939/186/2759 2942/186/2761
f 2938/186/2760 2942/186/2761 2943/186/2762
f 2943/186/2762 2944/186/2763 2945/186/2755
f 2943/186/2762 2942/186/2761 2944/186/2763
f 2946/186/2764 2948/186/2765 2947/186/2766
f 2949/186/2767 2950/186/2768 2948/186/2769
f 2949/186/2767 2951/186/2770 2950/186/2768
f 2952/186/2771 2953/186/2772 2951/186/2773
f 2954/186/2774 2953/186/2772 2952/186/2771
f 2954/186/2774 2955/186/2775 2953/186/2772
f 2956/186/2776 2955/186/2775 2954/186/2774
f 2956/186/2776 2957/186/2777 2955/186/2775
f 2958/186/2778 2957/186/2777 2956/186/2776
f 2958/186/2778 2947/186/2766 2957/186/2777
f 2946/186/2764 2947/186/2766 2958/186/2778
s 0
f 2959/186/805 2960/186/805 2962/186/805
f 2959/186/805 2961/186/805 2960/186/805
f 2963/186/2779 2964/186/2779 2966/186/2779
f 2963/186/2779 2965/186/2779 2964/186/2779
f 2966/186/2779 2964/186/2779 2967/186/2779
f 2967/186/2779 2964/186/2779 2968/186/2779
f 2968/186/2779 2964/186/2779 2969/186/2779
f 3145/1638/2888 3146/1639/2888 3148/1640/2888
f 3145/1638/2888 3147/1641/2888 3146/1639/2888
f 3149/1640/2889 3150/1642/2889 3152/1643/2889
f 3149/1640/2889 3151/1639/2889 3150/1642/2889
f 3153/1643/2890 3154/1644/2890 3156/1645/2890
f 3153/1643/2891 3155/1642/2891 3154/1644/2891
f 3157/1645/2892 3158/1646/2892 3160/1647/2892
f 3157/1645/2892 3159/1644/2892 3158/1646/2892
f 3161/1647/2893 3162/1648/2893 3164/1649/2893
f 3161/1647/2894 3163/1646/2894 3162/1648/2894
f 3165/1649/2895 3166/1650/2895 3168/1651/2895
f 3165/1649/2896 3167/1648/2896 3166/1650/2896
f 3170/1652/2897 3171/1653/2897 3169/1654/2897
f 3172/1655/2898 3173/1656/2898 3175/1657/2898
f 3172/1655/2898 3174/1658/2898 3173/1656/2898
s 1
f 3176/186/2899 3179/186/2900 3177/186/2901
f 3179/186/2900 3176/186/2899 3178/186/2902
f 3177/186/2901 3179/186/2900 3180/186/2903
f 3177/186/2901 3180/186/2903 3186/186/2904
f 3180/186/2903 3184/187/2905 3186/186/2904
f 3182/186/2906 3180/186/2907 3181/186/2908
f 3183/186/2909 3184/187/2905 3180/186/2903
f 3183/186/2909 3185/186/2910 3184/187/2905
f 3185/186/2910 3183/186/2909 3187/186/2911
f 3190/186/2912 3189/186/2913 3188/186/2914
f 3188/186/2914 3189/186/2913 3191/186/2915
f 3193/186/2916 3195/186/2917 3192/186/2918
f 3195/186/2917 3193/186/2916 3196/186/2919
f 3197/186/2920 3196/186/2919 3193/186/2916
f 3198/186/2921 3197/186/2920 3200/186/2922
f 3197/186/2920 3198/186/2921 3199/186/2923
f 3203/186/2924 3197/186/2920 3199/186/2923
f 3196/186/2919 3197/186/2920 3203/186/2924
f 3203/186/2924 3199/186/2923 3201/186/2925
f 3203/186/2924 3201/186/2925 3202/186/2926
f 3203/186/2924 3202/186/2926 3204/186/2927
f 3205/186/2928 3204/186/2927 3202/186/2926
f 3204/186/2927 3205/186/2928 3214/186/2929
f 3204/186/2927 3206/186/2930 3203/186/2924
f 3206/186/2930 3204/186/2927 3207/186/2931
f 3210/186/2932 3207/186/2931 3208/186/2933
f 3207/186/2931 3210/186/2932 3206/186/2930
f 3208/186/2933 3189/186/2934 3210/186/2932
f 3189/186/2934 3208/186/2933 3211/186/2935
f 3211/186/2935 3212/186/2936 3189/186/2934
f 3212/186/2936 3213/186/2937 3189/186/2934
f 3189/186/2913 3192/186/2918 3195/186/2917
f 3192/186/2918 3189/186/2913 3190/186/2912
f 3215/186/2938 3216/186/2939 3226/186/2940
f 3215/186/2938 3226/186/2940 3219/186/2941
f 3219/186/2941 3226/186/2940 3217/186/2942
f 3217/186/2942 3226/186/2940 3218/186/2943
f 3222/186/2944 3226/186/2940 3220/186/2945
f 3222/186/2944 3221/186/2946 3226/186/2940
f 3221/186/2946 3222/186/2944 3223/186/2947
f 3225/186/2948 3223/186/2947 3224/186/2949
f 3223/186/2947 3225/186/2948 3221/186/2946
f 3216/186/2939 3220/186/2945 3226/186/2940
f 3227/186/2950 3228/186/2951 3230/186/2952
f 3227/186/2950 3229/186/2953 3228/186/2951
f 3233/186/2954 3231/186/2955 3232/186/2956
f 3231/186/2955 3233/186/2954 3234/186/2957
f 3236/186/2958 3234/186/2957 3233/186/2954
f 3236/186/2958 3235/186/2959 3234/186/2957
f 3236/186/2958 3233/186/2954 3238/186/2960
f 3238/186/2960 3237/186/2961 3236/186/2958
f 3237/186/2961 3238/186/2960 3239/186/2962
f 3236/186/2958 3241/186/2963 3235/186/2959
f 3242/186/2964 3246/186/2965 3241/186/2963
f 3236/186/2958 3242/186/2964 3241/186/2963
f 3244/186/2966 3242/186/2964 3236/186/2958
f 3246/186/2965 3242/186/2964 3243/186/2967
f 3242/186/2964 3244/186/2966 3245/186/2968
f 3248/186/2969 3245/186/2968 3244/186/2966
f 3245/186/2968 3248/186/2969 3249/186/2970
f 3250/186/2971 3251/186/2972 3253/186/2973
f 3250/186/2971 3252/186/2974 3251/186/2972
f 3254/186/2975 3256/186/2976 3255/186/2977
f 3254/186/2975 3255/186/2977 3257/186/2978
s 0
f 3258/186/2848 3259/186/2848 3261/186/2848
f 3258/186/2848 3260/186/2848 3259/186/2848
f 3266/186/2720 3267/186/2720 3269/186/2720
f 3266/186/2720 3268/186/2720 3267/186/2720
f 3270/186/2848 3271/186/2848 3273/186/2848
f 3270/186/2848 3272/186/2848 3271/186/2848
s 1
f 3275/186/2979 3274/186/2980 3276/187/2981
f 3275/186/2979 3276/187/2981 3277/186/2982
f 3279/186/2983 3280/186/2984 3278/186/2985
f 3280/186/2984 3279/186/2983 3281/186/2986
f 3280/186/2984 3281/186/2986 3282/186/2987
f 3278/186/2985 3284/186/2988 3283/186/2989
f 3278/186/2985 3283/186/2989 3279/186/2983
f 3285/186/2990 3286/186/2991 3288/186/2992
f 3285/186/2990 3287/186/2993 3286/186/2991
s 0
f 3291/1659/2719 3290/1660/2719 3292/1661/2719
f 3291/1659/2719 3292/1661/2719 3293/1662/2719
s 1
f 3296/187/2994 3295/186/2995 3294/186/2996
f 3296/187/2994 3297/186/2997 3295/186/2995
f 3301/186/2998 3302/186/2999 3300/186/3000
f 3302/186/2999 3301/186/2998 3303/186/3001
f 3303/186/3001 3304/186/3002 3307/186/3003
f 3304/186/3002 3303/186/3001 3301/186/2998
f 3307/186/3003 3304/186/3002 3305/186/3004
f 3307/186/3003 3305/186/3004 3306/186/3005
f 3307/186/3003 3306/186/3005 3308/186/3006
f 3307/186/3003 3308/186/3006 3309/186/3007
f 3309/186/3007 3311/186/3008 3307/186/3003
f 3311/186/3008 3309/186/3007 3310/186/3009
f 3312/186/3010 3314/186/3011 3313/186/3012
f 3315/186/3013 3316/186/3014 3314/186/3015
f 3316/186/3014 3315/186/3013 3317/186/3016
f 3318/186/3017 3317/186/3016 3315/186/3013
f 3313/186/3012 3319/186/3018 3312/186/3010
f 3320/186/3019 3312/186/3010 3319/186/3018
f 3321/186/3020 3322/186/3021 3324/186/3022
f 3321/186/3020 3323/186/3023 3322/186/3021
f 3325/186/3024 3326/186/3025 3328/186/3026
f 3325/186/3024 3327/186/3027 3326/186/3025
f 3329/186/3028 3330/186/3029 3331/187/3030
f 3329/186/3028 3332/186/3031 3330/186/3029
s 0
f 3333/186/2848 3334/186/2848 3336/186/2848
f 3333/186/2848 3335/186/2848 3334/186/2848
f 3341/186/2719 3342/186/2719 3344/186/2719
f 3341/186/2719 3343/186/2719 3342/186/2719
f 3345/186/2848 3346/186/2848 3348/186/2848
f 3345/186/2848 3347/186/2848 3346/186/2848
s 1
f 3350/186/3032 3351/186/3033 3349/186/3034
f 3350/186/3032 3352/186/3035 3351/186/3033
f 3353/186/3036 3354/186/3037 3356/186/3038
f 3353/186/3036 3355/186/3039 3354/186/3037
s 0
f 3360/1663/2720 3361/1664/2720 3358/1665/2720
f 3358/1665/2720 3361/1664/2720 3359/1666/2720
s 1
f 3362/186/3040 3364/186/3041 3363/187/3042
f 3362/186/3040 3363/187/3042 3365/186/3043
s 0
f 3370/1667/2719 3372/1668/2719 3371/1669/2719
f 3375/1670/3044 3376/1655/3044 3377/1671/3044
f 3379/1672/2720 3380/1673/2720 3378/1674/2720
s 1
f 3397/186/3045 3395/186/3046 3396/186/3047
f 3398/186/3048 3401/186/3049 3399/186/3050
f 3399/186/3050 3401/186/3049 3396/186/3047
f 3396/186/3047 3401/186/3049 3400/186/3051
f 3400/186/3051 3401/186/3049 3402/186/3052
f 3400/186/3051 3402/186/3052 3404/186/3053
f 3404/186/3053 3402/186/3052 3403/186/3054
f 3404/186/3053 3403/186/3054 3405/187/3055
f 3404/186/3053 3407/186/3056 3408/186/3057
f 3404/186/3053 3405/187/3055 3407/186/3056
f 3405/187/3055 3406/186/3058 3407/186/3056
f 3408/186/3057 3407/186/3056 3409/186/3059
f 3395/186/3046 3408/186/3057 3409/186/3059
f 3395/186/3046 3409/186/3059 3396/186/3047
f 3396/186/3047 3400/186/3051 3397/186/3045
f 3412/186/3060 3411/186/3061 3410/186/3062
f 3412/186/3060 3414/186/3063 3411/186/3061
f 3413/186/3064 3414/186/3063 3412/186/3060
f 3414/186/3063 3415/186/3065 3416/186/3066
f 3414/186/3063 3413/186/3064 3415/186/3065
f 3417/186/3067 3416/186/3066 3415/186/3065
f 3417/186/3067 3418/186/3068 3416/186/3066
f 3419/186/3069 3418/186/3068 3417/186/3067
f 3419/186/3069 3420/186/3070 3418/186/3068
f 3410/186/3062 3411/186/3061 3420/186/3070
f 3410/186/3062 3420/186/3070 3419/186/3069
s 0
f 3422/186/2719 3421/186/2719 3423/186/2719
f 3422/186/2719 3423/186/2719 3425/186/2719
f 3425/186/2719 3423/186/2719 3424/186/2719
f 3425/186/2719 3424/186/2719 3426/186/2719
s 1
f 3429/186/3071 3428/186/3072 3427/186/3073
f 3429/186/3071 3427/186/3073 3430/186/3074
f 3430/186/3074 3427/186/3073 3431/186/3075
f 3434/186/3076 3431/186/3075 3427/186/3073
f 3434/186/3076 3432/186/3077 3431/186/3075
f 3433/186/3078 3432/186/3077 3434/186/3076
f 3433/186/3078 3429/186/3071 3432/186/3077
f 3428/186/3072 3429/186/3071 3433/186/3078
f 3437/186/3079 3435/186/3080 3436/186/3081
f 3438/186/3082 3435/186/3080 3439/186/3083
f 3438/186/3082 3436/186/3081 3435/186/3080
f 3440/186/3084 3438/186/3082 3439/186/3083
f 3440/186/3084 3439/186/3083 3441/186/3085
f 3442/186/3086 3440/186/3084 3441/186/3085
f 3442/186/3086 3441/186/3085 3443/186/3087
f 3444/186/3088 3442/186/3086 3443/186/3087
f 3444/186/3088 3443/186/3087 3437/186/3079
f 3445/186/3089 3444/186/3088 3437/186/3079
f 3437/186/3079 3436/186/3081 3445/186/3089
s 0
f 3446/186/2720 3447/186/2720 3449/186/2720
f 3449/186/2720 3447/186/2720 3448/186/2720
f 3449/186/2720 3448/186/2720 3451/187/2720
f 3451/187/2720 3448/186/2720 3450/186/2720
f 3492/1675/2719 3498/1676/2719 3493/1677/2719
f 3492/1675/2719 3493/1677/2719 3494/1678/2719
f 3494/1678/2719 3493/1677/2719 3495/1679/2719
f 3494/1678/2719 3495/1679/2719 3496/1680/2719
f 3496/1680/2719 3495/1679/2719 3497/1681/2719
f 3499/1682/2719 3498/1676/2719 3492/1675/2719
f 3500/1683/2720 3506/1684/2720 3502/1685/2720
f 3502/1685/2720 3506/1684/2720 3501/1686/2720
f 3502/1685/2720 3501/1686/2720 3504/1687/2720
f 3504/1687/2720 3501/1686/2720 3503/1688/2720
f 3504/1687/2720 3503/1688/2720 3505/1689/2720
f 3500/1683/2720 3507/1690/2720 3506/1684/2720
s 1
usemtl body02
f 197/186/233 195/186/234 191/186/235
f 197/186/233 202/186/236 195/186/234
f 192/186/237 210/186/238 206/186/239
f 207/186/240 208/186/241 227/186/242
f 191/186/235 195/186/234 199/186/243
f 194/186/244 191/186/235 199/186/243
f 201/186/245 202/186/236 197/186/233
f 192/186/237 190/186/246 194/186/244
f 194/186/244 199/186/243 192/186/237
f 202/186/236 201/186/245 209/186/247
f 202/186/236 209/186/247 207/186/240
f 199/186/243 200/186/248 205/186/249
f 195/186/234 200/186/248 199/186/243
f 199/186/243 205/186/249 210/186/238
f 199/186/243 210/186/238 192/186/237
f 207/186/240 227/186/242 226/186/250
f 207/186/240 226/186/250 202/186/236
f 202/186/236 226/186/250 195/186/234
f 195/186/234 211/186/251 221/186/252
f 195/186/234 221/186/252 200/186/248
f 206/186/239 210/186/238 212/186/253
f 209/186/247 213/186/254 207/186/240
f 191/186/235 214/186/255 203/186/256
f 196/186/257 204/186/258 193/186/259
f 194/186/244 215/186/260 214/186/255
f 194/186/244 214/186/255 191/186/235
f 203/186/256 222/186/261 196/186/257
f 191/186/235 203/186/256 197/186/233
f 197/186/233 203/186/256 196/186/257
f 197/186/233 196/186/257 217/186/262
f 222/186/261 214/186/255 221/186/252
f 222/186/261 221/186/252 226/186/250
f 219/186/263 212/186/253 230/186/264
f 227/186/242 208/186/241 228/186/265
f 214/186/255 215/186/260 223/186/266
f 214/186/255 223/186/266 221/186/252
f 225/186/267 222/186/261 226/186/250
f 219/186/263 215/186/260 218/186/268
f 215/186/260 219/186/263 223/186/266
f 226/186/250 227/186/242 229/186/269
f 226/186/250 229/186/269 225/186/267
f 221/186/252 223/186/266 224/186/270
f 226/186/250 221/186/252 211/186/251
f 223/186/266 219/186/263 230/186/264
f 223/186/266 230/186/264 224/186/270
f 230/186/264 212/186/253 210/186/238
f 221/186/252 224/186/270 200/186/248
f 211/186/251 195/186/234 226/186/250
f 224/186/270 205/186/249 200/186/248
f 224/186/270 230/186/264 205/186/249
f 230/186/264 210/186/238 205/186/249
f 229/186/269 227/186/242 231/186/271
f 216/186/272 220/186/273 204/186/258
f 216/186/272 204/186/258 196/186/257
f 222/186/261 216/186/272 196/186/257
f 214/186/255 222/186/261 203/186/256
f 218/186/268 215/186/260 194/186/244
f 218/186/268 194/186/244 190/186/246
f 222/186/261 232/186/274 216/186/272
f 192/186/237 198/187/275 190/186/246
f 190/186/246 233/186/276 234/186/277
f 190/186/246 234/186/277 218/186/268
f 218/186/268 234/186/277 219/186/263
f 198/187/275 233/186/276 190/186/246
f 198/187/275 238/186/278 236/186/279
f 198/187/275 236/186/279 234/186/277
f 192/186/237 237/186/280 238/186/278
f 192/186/237 238/186/278 198/187/275
f 219/186/263 239/186/281 235/186/282
f 255/186/283 237/186/280 192/186/237
f 234/186/277 236/186/279 239/186/281
f 234/186/277 239/186/281 219/186/263
f 238/186/278 243/186/284 240/186/285
f 238/186/278 240/186/285 236/186/279
f 237/186/280 242/186/286 243/186/284
f 237/186/280 243/186/284 238/186/278
f 236/186/279 240/186/285 244/186/287
f 236/186/279 244/186/287 239/186/281
f 248/186/288 250/186/289 249/186/290
f 248/186/288 249/186/290 242/186/286
f 242/186/286 249/186/290 243/186/284
f 240/186/285 250/186/289 244/186/287
f 244/186/287 250/186/289 248/186/288
f 235/186/282 239/186/281 237/186/280
f 235/186/282 237/186/280 255/186/283
f 219/186/263 235/186/282 212/186/253
f 246/186/291 239/186/281 245/186/292
f 245/186/292 239/186/281 244/186/287
f 237/186/280 241/186/293 247/186/294
f 237/186/280 247/186/294 242/186/286
f 239/186/281 246/186/291 241/186/293
f 250/186/289 251/186/295 252/186/296
f 250/186/289 252/186/296 253/186/297
f 250/186/289 253/186/297 249/186/290
f 249/186/290 253/186/297 254/186/298
f 245/186/292 242/186/286 247/186/294
f 245/186/292 244/186/287 242/186/286
f 241/186/293 237/186/280 239/186/281
f 192/186/237 206/186/239 255/186/283
f 357/186/409 358/186/410 359/186/411
f 357/186/409 359/186/411 360/186/412
f 360/186/412 359/186/411 355/186/413
f 361/186/414 362/186/415 357/186/409
f 357/186/409 362/186/415 358/186/410
f 355/186/413 359/186/411 356/186/416
f 355/186/413 356/186/416 362/186/415
f 355/186/413 362/186/415 361/186/414
f 2387/1433/2270 2386/1434/2271 2388/1435/2272
f 2384/1436/2273 2390/1437/2274 2385/1438/2275
f 2384/1436/2273 2389/1439/2276 2390/1437/2274
f 2394/1440/2277 2392/1441/2278 2395/1442/2279
f 2397/1443/2280 2396/1444/2281 2398/1445/2282
f 2400/1446/2283 2399/1447/2284 2401/1448/2285
f 2403/1449/2286 2404/1450/2287 2405/1451/2288
f 2403/1449/2286 2408/1452/2289 2404/1450/2287
f 2408/1452/2289 2403/1449/2286 2407/1453/2290
f 2408/1452/2289 2407/1453/2290 2409/1454/2291
f 2410/1455/2292 2409/1454/2291 2407/1453/2290
f 2410/1455/2292 2411/1456/2293 2409/1454/2291
f 2413/1457/2294 2409/1454/2291 2411/1456/2293
f 2411/1456/2293 2412/1458/2295 2413/1457/2294
f 2413/1459/2296 2414/1460/2297 2415/1461/2298
f 2415/1462/2299 2416/1463/2300 2417/1464/2301
f 2415/1462/2299 2417/1464/2301 2418/1465/2302
f 2419/1466/2303 2411/1456/2293 2428/1467/2304
f 2419/1466/2303 2420/1468/2305 2411/1456/2293
f 2421/1469/2306 2420/1468/2305 2419/1466/2303
f 2421/1469/2306 2422/1470/2307 2420/1468/2305
f 2421/1469/2306 2423/1471/2308 2422/1470/2307
f 2422/1470/2307 2424/1472/2309 2420/1468/2305
f 2426/1473/2310 2427/1474/2311 2420/1475/2312
f 2425/1476/2313 2411/1456/2293 2420/1468/2305
f 2411/1456/2293 2410/1455/2292 2428/1467/2304
f 2410/1455/2292 2429/263/2314 2428/1467/2304
f 2431/1477/2315 2430/269/2316 2410/1455/2292
f 2431/1477/2315 2410/1455/2292 2407/1453/2290
f 2433/1478/2317 2431/1477/2315 2432/1479/2318
f 2436/1480/2319 2434/1481/2320 2437/1482/2321
f 2434/1481/2320 2436/1480/2319 2431/1477/2315
f 2431/1477/2315 2436/1480/2319 2430/269/2316
f 2434/1481/2320 2431/1477/2315 2433/1478/2317
f 2441/1483/2322 2442/1484/2323 2443/1485/2324
f 2441/1483/2322 2449/1486/2325 2442/1484/2323
f 2445/1487/2326 2442/1484/2323 2449/1486/2325
f 2449/1486/2325 2441/1483/2322 2450/1488/2327
f 2449/1486/2325 2450/1488/2327 2448/1489/2328
f 2451/1490/2329 2448/1489/2328 2450/1488/2327
f 2456/1491/2330 2451/1490/2329 2450/1488/2327
f 2456/1491/2330 2454/269/2331 2451/1490/2329
f 2451/1490/2329 2453/263/2332 2452/1492/2333
f 2456/1491/2330 2455/1493/2334 2454/269/2331
f 2459/1494/2335 2456/1491/2330 2457/1495/2336
f 2457/1495/2336 2456/1491/2330 2458/1496/2337
f 2459/1494/2335 2455/1493/2334 2456/1491/2330
f 2459/1494/2335 2457/1495/2336 2460/265/2338
f 2459/1494/2335 2460/265/2338 2461/267/2339
f 2462/1497/2340 2451/1490/2329 2452/1492/2333
f 2463/1498/2341 2462/1497/2340 2452/1492/2333
f 2465/1499/2342 2463/1498/2341 2467/1500/2343
f 2466/1501/2344 2468/1502/2345 2467/1500/2343
f 2468/1502/2345 2469/1503/2346 2467/1500/2343
f 2465/1499/2342 2467/1500/2343 2469/1503/2346
f 2471/1504/2347 2469/1503/2346 2470/1505/2348
f 2472/1506/2349 2469/1503/2346 2471/1504/2347
f 2468/1502/2345 2470/1505/2348 2469/1503/2346
f 2463/1498/2341 2465/1499/2342 2462/1497/2340
f 2473/1507/2350 2462/1497/2340 2465/1499/2342
f 2473/1507/2350 2475/1508/2351 2462/1497/2340
f 2474/1509/2352 2475/1508/2351 2473/1507/2350
f 2465/1499/2342 2476/1475/2353 2473/1507/2350
f 2451/1490/2329 2462/1497/2340 2448/1489/2328
f 2479/1510/2354 2448/1489/2328 2462/1497/2340
f 2462/1497/2340 2478/1511/2355 2479/1510/2354
f 2482/1512/2356 2448/1489/2328 2479/1510/2354
f 2482/1512/2356 2480/1513/2357 2448/1489/2328
f 2448/1489/2328 2481/1514/2358 2449/1486/2325
f 2482/1512/2356 2484/1515/2359 2480/1513/2357
f 2484/1515/2359 2483/1516/2360 2480/1513/2357
f 2485/1517/2361 2482/1512/2356 2486/1518/2362
f 2482/1512/2356 2487/1519/2363 2486/1518/2362
f 2482/1512/2356 2485/1517/2361 2484/1515/2359
s 0
f 2971/186/2720 2972/186/2720 2970/186/2720
f 2979/186/2780 2972/186/2780 2971/186/2780
f 2979/186/2781 2973/186/2781 2972/186/2781
f 2979/186/2782 2974/186/2782 2973/186/2782
s 1
f 2979/186/2783 2975/186/2784 2974/186/2785
f 2974/186/2785 2975/186/2784 2976/186/2786
f 2977/186/2787 2974/186/2785 2976/186/2786
f 2975/186/2784 2979/186/2783 2978/186/2788
f 2979/186/2783 2980/186/2789 2978/186/2788
f 2989/186/2790 2990/187/2791 2988/186/2792
f 2990/187/2791 2987/186/2793 2988/186/2792
f 2993/186/2794 2992/186/2795 2991/186/2796
f 2995/186/2797 2992/186/2795 2993/186/2794
f 2995/186/2797 2993/186/2794 2994/186/2798
f 2995/186/2797 2994/186/2798 2996/186/2799
f 2997/186/2800 2995/186/2797 2996/186/2799
f 2993/186/2794 2991/186/2796 2998/186/2801
f 3000/186/2802 2998/186/2801 2991/186/2796
f 3000/186/2802 2999/186/2803 2998/186/2801
f 3000/186/2802 3002/186/2804 2999/186/2803
f 3001/186/2805 3002/186/2804 3000/186/2802
s 0
f 3005/186/2806 3003/186/2806 3004/186/2806
s 1
f 3004/186/2807 3006/186/2807 3005/186/2807
f 3008/186/2808 3009/186/2809 3007/186/2810
f 3010/186/2811 3007/186/2810 3009/186/2809
s 0
f 3009/186/2720 3008/186/2720 3012/186/2720
f 3011/186/2720 3009/186/2720 3012/186/2720
f 3013/186/2720 3009/186/2720 3011/186/2720
f 3011/186/2720 3014/186/2720 3013/186/2720
f 3015/186/2720 3014/186/2720 3011/186/2720
f 3016/186/2812 3017/186/2812 3018/186/2812
s 1
f 3018/186/2813 3017/186/2814 3019/186/2814
f 3016/186/2815 3020/186/2815 3017/186/2815
s 0
f 3022/186/2816 3021/186/2816 3023/186/2816
f 3024/186/2816 3022/186/2816 3023/186/2816
s 1
f 3025/186/2817 3028/186/2818 3027/186/2819
f 3028/186/2818 3025/186/2817 3026/186/2820
f 3029/186/2821 3027/186/2819 3028/186/2818
f 3029/186/2821 3028/186/2818 3030/186/2822
f 3029/186/2821 3031/186/2823 3027/186/2819
f 3029/186/2821 3032/186/2824 3031/186/2823
f 3029/186/2821 3033/186/2825 3032/186/2824
f 3033/186/2825 3035/186/2826 3032/186/2824
f 3035/186/2826 3033/186/2825 3034/186/2827
f 3036/186/2828 3033/186/2825 3029/186/2821
f 3036/186/2828 3037/186/2829 3033/186/2825
f 3043/186/2830 3038/186/2831 3039/186/2832
f 3038/186/2831 3040/186/2833 3039/186/2832
s 0
f 3039/186/2719 3041/186/2719 3042/186/2719
f 3043/186/2719 3039/186/2719 3042/186/2719
f 3039/186/2719 3044/1637/2719 3041/186/2719
f 3045/187/2719 3041/186/2719 3044/1637/2719
f 3045/187/2719 3044/1637/2719 3046/186/2719
f 3047/186/2834 3049/186/2834 3048/186/2834
s 1
f 3049/186/2835 3050/186/2835 3048/186/2835
f 3047/186/2836 3048/186/2836 3051/186/2836
f 3052/186/2837 3059/186/2838 3053/186/2839
s 0
f 3053/186/2840 3059/186/2840 3054/186/2840
f 3054/186/2841 3059/186/2841 3056/186/2841
f 3056/186/2842 3059/186/2842 3055/186/2842
f 3056/186/2719 3055/186/2719 3057/186/2719
s 1
f 3052/186/2837 3058/186/2843 3059/186/2838
f 3059/186/2838 3058/186/2843 3060/186/2844
f 3065/186/2845 3066/186/2846 3053/186/2839
f 3053/186/2839 3066/186/2846 3052/186/2837
f 3074/186/2847 3073/186/2847 3072/187/2847
s 0
f 3078/186/2848 3075/186/2848 3076/186/2848
f 3078/186/2848 3077/186/2848 3075/186/2848
f 3082/187/2816 3080/186/2816 3079/186/2816
f 3079/186/2816 3081/186/2816 3082/187/2816
f 3084/186/2720 3085/186/2720 3083/186/2720
f 3083/186/2720 3085/186/2720 3086/186/2720
f 3085/186/2720 3087/186/2720 3086/186/2720
f 3088/186/2720 3087/186/2720 3085/186/2720
f 3083/186/2720 3089/186/2720 3084/186/2720
f 3089/186/2720 3090/186/2720 3084/186/2720
s 1
f 3093/186/2849 3091/186/2850 3092/186/2851
f 3092/186/2851 3094/186/2852 3095/186/2853
f 3094/186/2852 3096/186/2854 3095/186/2853
f 3091/186/2850 3094/186/2852 3092/186/2851
f 3097/186/2855 3098/186/2856 3100/186/2857
f 3097/186/2855 3099/186/2858 3098/186/2856
f 3097/186/2855 3101/186/2859 3099/186/2858
s 0
f 3104/186/2860 3103/187/2860 3102/186/2860
s 1
f 3103/187/2861 3104/186/2861 3105/186/2861
s 0
f 3108/186/2719 3107/186/2719 3106/186/2719
f 3108/186/2719 3109/186/2719 3107/186/2719
f 3110/186/2719 3109/186/2719 3108/186/2719
f 3110/186/2719 3108/186/2719 3111/186/2719
f 3112/186/2719 3110/186/2719 3111/186/2719
f 3113/186/2719 3110/186/2719 3112/186/2719
s 1
f 3114/186/2862 3115/186/2863 3116/186/2864
f 3114/186/2862 3117/186/2865 3115/186/2863
f 3118/186/2866 3120/186/2867 3119/186/2868
f 3120/186/2867 3118/186/2866 3121/186/2869
f 3122/186/2870 3121/186/2871 3123/186/2872
s 0
f 3124/186/2873 3121/186/2873 3131/186/2873
f 3121/186/2873 3124/186/2873 3120/186/2873
s 1
f 3124/186/2874 3125/186/2875 3120/186/2876
f 3124/186/2874 3126/186/2877 3125/186/2875
f 3125/186/2875 3126/186/2877 3119/186/2868
f 3126/186/2877 3118/186/2866 3119/186/2868
f 3126/186/2877 3130/186/2878 3118/186/2866
f 3126/186/2877 3129/186/2879 3130/186/2878
f 3130/186/2878 3129/186/2879 3127/186/2880
f 3123/186/2872 3118/186/2866 3130/186/2878
f 3122/186/2870 3123/186/2872 3130/186/2878
f 3131/186/2881 3121/186/2882 3133/186/2883
f 3133/186/2883 3121/186/2882 3132/186/2884
s 0
f 3134/186/2885 3121/186/2885 3122/186/2885
s 1
f 3136/186/2886 3131/186/2886 3135/186/2886
s 0
f 3131/186/2887 3136/186/2887 3124/186/2887
f 3142/186/2848 3143/186/2848 3141/186/2848
f 3144/186/2848 3143/186/2848 3142/186/2848
s 1
usemtl body04
f 345/186/399 349/186/400 348/186/401
f 345/186/399 346/186/402 353/186/403
f 345/186/399 353/186/403 349/186/400
f 347/186/404 354/186/405 350/186/406
f 351/186/407 347/186/404 350/186/406
f 352/186/408 345/186/399 348/186/401
f 351/186/407 350/186/406 353/186/403
f 352/186/408 348/186/401 354/186/405
f 346/186/402 351/186/407 353/186/403
f 347/186/404 352/186/408 354/186/405
f 434/186/485 435/186/486 436/186/487
f 437/186/488 434/186/485 436/186/487
s 0
f 2704/186/807 2703/186/807 2706/186/807
f 2706/186/807 2703/186/807 2705/186/807
f 2706/186/807 2705/186/807 2708/186/807
f 2708/186/807 2705/186/807 2707/186/807
f 2708/186/807 2707/186/807 2709/186/807
f 2708/186/807 2709/186/807 2710/186/807
f 2710/186/807 2709/186/807 2711/186/807
f 2710/186/807 2711/186/807 2712/186/807
f 2712/186/807 2711/186/807 2713/186/807
f 2712/186/807 2713/186/807 2714/186/807
f 2714/186/807 2713/186/807 2716/186/807
f 2716/186/807 2713/186/807 2715/186/807
s 1
f 2719/186/2554 2717/186/2555 2718/186/2556
f 2719/186/2554 2718/186/2556 2720/186/2557
f 2721/186/2558 2719/186/2554 2720/186/2557
f 2721/186/2558 2720/186/2557 2722/186/2559
f 2723/186/2560 2721/186/2558 2722/186/2559
f 2723/186/2560 2722/186/2559 2724/186/2561
f 2725/186/2562 2723/186/2560 2724/186/2561
f 2725/186/2562 2724/186/2561 2726/186/2563
f 2727/186/2564 2725/186/2562 2726/186/2563
f 2728/186/2565 2727/186/2564 2726/186/2563
f 2728/186/2565 2726/186/2563 2729/186/2566
f 2730/186/2567 2728/186/2565 2729/186/2566
f 2730/186/2567 2729/186/2566 2731/186/2568
f 2732/186/2569 2730/186/2567 2731/186/2568
f 2732/186/2569 2731/186/2568 2733/186/2570
f 2732/186/2569 2733/186/2570 2734/186/2571
f 2735/186/2572 2732/186/2569 2734/186/2571
f 2735/186/2572 2734/186/2571 2736/186/2573
f 2737/186/2574 2735/186/2572 2736/186/2573
f 2738/186/2575 2737/186/2574 2736/186/2573
f 2738/186/2575 2736/186/2573 2739/186/2576
f 2738/186/2575 2739/186/2576 2740/186/2577
f 2741/186/2578 2738/186/2575 2740/186/2577
f 2742/186/2579 2741/186/2578 2740/186/2577
f 2742/186/2579 2740/186/2577 2743/186/2580
f 2717/186/2555 2742/186/2579 2743/186/2580
f 2717/186/2555 2743/186/2580 2718/186/2556
f 2744/186/2581 2754/186/2582 2745/186/2583
f 2744/186/2581 2745/186/2583 2746/186/2584
f 2747/186/2585 2744/186/2581 2746/186/2584
f 2748/186/2586 2747/186/2585 2746/186/2584
f 2748/186/2586 2746/186/2584 2749/186/2587
f 2751/186/2588 2748/186/2586 2749/186/2587
f 2751/186/2588 2749/186/2587 2750/186/2589
f 2752/186/2590 2751/186/2588 2750/186/2589
f 2752/186/2590 2750/186/2589 2753/186/2591
f 2754/186/2582 2752/186/2590 2753/186/2591
f 2754/186/2582 2753/186/2591 2745/186/2583
s 0
f 2755/186/805 2756/186/805 2757/186/805
f 2755/186/805 2757/186/805 2759/186/805
f 2759/186/805 2757/186/805 2758/186/805
f 2759/186/805 2758/186/805 2760/186/805
f 2759/186/805 2760/186/805 2762/186/805
f 2762/186/805 2760/186/805 2761/186/805
f 2762/186/805 2761/186/805 2764/186/805
f 2764/186/805 2761/186/805 2763/186/805
f 2764/186/805 2763/186/805 2766/186/805
f 2766/186/805 2763/186/805 2765/186/805
f 2766/186/805 2765/186/805 2767/186/805
f 3455/186/2719 3453/186/2719 3454/186/2719
f 3455/186/2719 3454/186/2719 3456/186/2719
s 1
f 3459/186/3090 3458/186/3091 3460/186/3092
f 3460/186/3092 3462/186/3093 3461/186/3094
f 3458/186/3091 3462/186/3093 3460/186/3092
s 0
f 3463/186/3095 3465/186/3095 3464/186/3095
f 3463/186/3095 3466/186/3095 3465/186/3095
s 1
usemtl material
f 438/186/489 439/186/490 440/186/491
f 438/186/489 440/186/491 441/186/492
f 442/186/493 443/186/494 444/186/495
f 452/186/496 445/186/497 446/186/498
f 443/186/494 447/186/499 444/186/495
f 439/186/490 448/186/500 440/186/491
f 445/186/497 449/186/501 450/186/502
f 445/186/497 450/186/502 446/186/498
f 443/186/494 451/186/503 447/186/499
f 439/186/490 452/186/496 448/186/500
f 449/186/501 456/186/504 450/186/502
f 454/186/505 438/186/489 441/186/492
f 454/186/505 441/186/492 455/186/506
f 449/186/501 442/186/493 456/186/504
f 452/186/496 446/186/498 448/186/500
f 442/186/493 444/186/495 456/186/504
f 453/186/507 451/186/503 443/186/494
f 3473/186/3096 3474/186/3097 3476/186/3098
f 3473/186/3096 3475/186/3099 3474/186/3097
f 3478/186/3100 3473/186/3096 3476/186/3098
f 3478/186/3100 3476/186/3098 3477/186/3101
f 3475/186/3099 3479/186/3102 3474/186/3097
f 3475/186/3099 3480/186/3103 3479/186/3102
f 3480/186/3103 3481/186/3104 3479/186/3102
f 3480/186/3103 3482/186/3105 3481/186/3104
f 3482/186/3105 3483/186/3106 3481/186/3104
f 3482/186/3105 3484/186/3107 3483/186/3106
f 3484/186/3107 3485/186/3108 3483/186/3106
f 3484/186/3107 3486/186/3109 3485/186/3108
f 3486/186/3109 3487/186/3110 3485/186/3108
f 3486/186/3109 3488/186/3111 3487/186/3110
f 3488/186/3111 3489/186/3112 3487/186/3110
f 3488/186/3111 3490/186/3113 3489/186/3112
f 3491/186/3114 3490/186/3113 3488/186/3111
usemtl blue
f 481/186/520 472/186/521 473/186/522
f 481/186/520 473/186/522 474/186/523
f 470/186/524 475/186/525 476/186/526
f 470/186/524 476/186/526 471/186/527
f 468/186/528 477/186/529 478/186/530
f 468/186/528 478/186/530 469/186/531
f 472/186/521 470/186/524 471/186/527
f 472/186/521 471/186/527 473/186/522
f 477/186/529 481/186/520 482/186/532
f 477/186/529 482/186/532 478/186/530
f 475/186/525 483/186/533 476/186/526
f 479/186/534 468/186/528 469/186/531
f 479/186/534 469/186/531 480/186/535
f 481/186/520 474/186/523 482/186/532
f 3511/186/3115 3508/186/3116 3509/186/3117
f 3511/186/3115 3509/186/3117 3510/186/3118
f 3508/186/3116 3512/186/3119 3509/186/3117
f 3508/186/3116 3513/186/3120 3512/186/3119
f 3513/186/3120 3514/186/3121 3512/186/3119
f 3513/186/3120 3515/186/3122 3514/186/3121
f 3515/186/3122 3516/186/3123 3514/186/3121
f 3515/186/3122 3517/186/3124 3516/186/3123
f 3515/186/3122 3518/186/3125 3517/186/3124
f 3518/186/3125 3520/186/3126 3517/186/3124
f 3518/186/3125 3519/186/3127 3520/186/3126
f 3519/186/3127 3521/186/3128 3520/186/3126
f 3519/186/3127 3522/186/3129 3521/186/3128
f 3522/186/3129 3523/186/3130 3521/186/3128
usemtl yellow
f 493/186/536 486/186/537 487/186/538
f 488/186/539 490/186/540 491/186/541
f 488/186/539 491/186/541 489/186/542
f 484/186/543 492/186/544 485/186/545
f 486/186/537 496/186/546 487/186/538
f 490/186/540 493/186/536 494/186/547
f 490/186/540 494/186/547 491/186/541
f 484/186/543 495/186/548 492/186/544
f 486/186/537 500/186/549 496/186/546
f 498/186/550 485/186/545 499/186/551
f 493/186/536 487/186/538 494/186/547
f 495/186/548 488/186/539 492/186/544
f 498/186/550 484/186/543 485/186/545
f 488/186/539 489/186/542 492/186/544
f 498/186/550 499/186/551 497/186/552
f 3526/186/3131 3524/186/3132 3525/186/3133
f 3526/186/3131 3525/186/3133 3527/186/3134
f 3527/186/3134 3528/186/3135 3526/186/3131
f 3524/186/3132 3529/186/3136 3525/186/3133
f 3524/186/3132 3530/186/3137 3529/186/3136
f 3530/186/3137 3531/186/3138 3529/186/3136
f 3531/186/3138 3532/186/3139 3529/186/3136
f 3531/186/3138 3533/186/3140 3532/186/3139
f 3531/186/3138 3534/186/3141 3533/186/3140
f 3534/186/3141 3535/186/3142 3533/186/3140
f 3534/186/3141 3536/186/3143 3535/186/3142
f 3536/186/3143 3537/186/3144 3535/186/3142
f 3536/186/3143 3538/186/3145 3537/186/3144
f 3538/186/3145 3539/186/3146 3537/186/3144
f 3538/186/3145 3540/186/3147 3539/186/3146
usemtl Blue
f 501/289/553 502/290/554 503/291/555
f 501/289/553 503/291/555 504/292/556
f 504/292/556 503/291/555 505/293/557
f 504/292/556 505/293/557 506/294/558
f 506/294/558 505/293/557 507/295/559
s 0
f 510/186/560 508/186/560 509/186/560
f 510/186/560 509/186/560 511/186/560
f 3542/1691/2720 3544/1692/2720 3541/1693/2720
f 3543/1694/2720 3544/1692/2720 3542/1691/2720
f 3545/1695/2719 3547/1696/2719 3546/1697/2719
f 3545/1695/2719 3548/1698/2719 3547/1696/2719
f 3549/186/3148 3550/186/3148 3552/186/3148
f 3549/186/3148 3551/186/3148 3550/186/3148
f 3549/186/3148 3552/186/3148 3553/186/3148
s 1
f 3554/186/3149 3555/186/3150 3556/186/3151
f 3557/186/3152 3554/186/3149 3556/186/3151
s 0
f 3558/186/3153 3559/186/3153 3560/186/3153
f 3561/186/3153 3558/186/3153 3560/186/3153
f 3561/186/3153 3560/186/3153 3562/186/3153
f 3563/685/2779 3564/686/2779 3566/685/2779
f 3563/685/2779 3565/686/2779 3564/686/2779
s 1
f 3567/1699/3154 3568/1700/3155 3569/1699/3156
f 3569/1699/3156 3568/1700/3155 3570/1701/3157
f 3568/1700/3155 3571/1702/3158 3570/1701/3157
f 3568/1700/3155 3572/1702/3159 3571/1702/3158
f 3568/1700/3155 3573/1702/3160 3572/1702/3159
s 0
f 3574/1703/2719 3575/1702/2719 3577/1703/2719
f 3574/1703/2719 3576/1702/2719 3575/1702/2719
s 1
f 3578/1699/3161 3579/1704/3162 3580/1705/3163
f 3580/1705/3163 3579/1704/3162 3581/1703/3164
s 0
f 3582/1699/2720 3583/1706/2720 3585/1699/2720
f 3582/1699/2720 3584/1706/2720 3583/1706/2720
s 1
f 3586/1706/3165 3587/1707/3166 3589/1706/3165
f 3586/1706/3165 3588/1707/3166 3587/1707/3166
f 3588/1707/3166 3590/1703/3167 3587/1707/3166
f 3588/1707/3166 3591/1703/3167 3590/1703/3167
s 0
f 3592/1699/3168 3593/1699/3168 3595/1699/3168
f 3592/1699/3168 3594/1699/3168 3593/1699/3168
s 1
f 3596/1702/3169 3598/1708/3170 3597/1709/3171
f 3598/1708/3170 3599/1699/3172 3597/1709/3171
s 0
f 3600/1702/3173 3601/1702/3173 3603/1702/3173
f 3600/1702/3173 3602/1702/3173 3601/1702/3173
s 1
f 3604/1702/3174 3606/1710/3175 3605/1711/1441
f 3606/1710/3175 3607/1699/3176 3605/1711/1441
s 0
f 3608/1699/3177 3609/1699/3177 3611/1699/3177
f 3608/1699/3177 3610/1699/3177 3609/1699/3177
f 3612/1702/3178 3613/1702/3178 3615/1702/3178
f 3612/1702/3178 3614/1702/3178 3613/1702/3178
s 1
usemtl Clear01
f 512/296/561 513/297/562 514/297/563
f 519/298/564 520/299/565 517/300/566
f 525/301/567 526/302/568 527/301/569
f 528/303/570 525/301/571 529/304/572
f 534/305/573 535/306/574 536/307/575
f 537/308/576 534/305/577 538/305/578
f 546/309/579 547/310/580 544/311/581
f 554/312/582 552/313/583 555/314/584
f 556/315/585 554/312/586 557/316/587
f 558/317/588 559/318/589 556/315/590
f 513/297/591 570/319/592 571/320/593
f 572/321/594 573/322/595 574/323/596
f 572/321/594 574/323/596 575/324/597
f 573/322/598 576/325/599 568/326/600
f 573/322/598 568/326/600 567/327/601
f 576/325/602 577/328/603 564/329/604
f 576/325/602 564/329/604 566/330/605
f 577/328/603 578/331/606 565/331/607
f 577/328/603 565/331/607 564/329/604
f 578/331/608 579/332/609 563/332/610
f 578/331/608 563/332/610 562/333/611
f 579/332/612 580/334/613 561/334/614
f 579/332/612 561/334/614 560/335/615
f 580/334/616 581/315/617 559/318/589
f 580/334/616 559/318/589 558/317/588
f 581/315/618 554/312/586 556/315/585
f 554/312/582 582/313/619 552/313/583
f 582/313/619 583/336/620 553/337/621
f 582/313/619 553/337/621 552/313/583
f 583/336/622 584/338/623 551/338/624
f 583/336/622 551/338/624 550/339/625
f 584/338/626 585/340/627 549/341/628
f 584/338/626 549/341/628 548/342/629
f 585/340/630 586/311/631 547/310/580
f 585/340/630 547/310/580 546/309/579
f 586/311/632 587/343/633 545/344/634
f 586/311/632 545/344/634 544/311/635
f 587/343/636 588/345/637 541/346/638
f 587/343/636 541/346/638 543/347/639
f 588/345/637 589/348/640 542/348/641
f 588/345/637 542/348/641 541/346/638
f 589/348/642 590/308/643 540/349/644
f 589/348/642 540/349/644 539/350/645
f 590/308/646 534/305/577 537/308/576
f 534/305/573 591/351/647 535/306/574
f 591/351/648 592/352/649 533/353/650
f 591/351/648 533/353/650 532/351/651
f 592/352/652 593/354/653 531/354/654
f 592/352/652 531/354/654 530/352/655
f 593/354/656 525/301/571 528/303/570
f 525/301/567 594/302/657 526/302/568
f 594/302/658 595/355/659 524/355/660
f 594/302/658 524/355/660 523/356/661
f 595/355/662 596/357/663 522/357/664
f 595/355/662 522/357/664 521/358/665
f 596/357/666 597/359/667 520/299/565
f 596/357/666 520/299/565 519/298/564
f 597/359/668 598/360/669 518/360/670
f 597/359/668 518/360/670 517/300/671
f 598/360/672 599/361/673 516/361/674
f 598/360/672 516/361/674 515/362/675
f 599/361/673 600/363/676 569/364/677
f 599/361/673 569/364/677 516/361/674
f 600/363/678 513/297/562 512/296/561
f 513/297/591 601/365/679 570/319/592
s 0
f 3616/1712/2269 3617/1713/2269 3618/1714/2269
f 3616/1712/2255 3618/1714/2255 3620/1715/2255
f 3620/1715/2255 3618/1714/2255 3619/1716/2255
f 3620/1715/2255 3619/1716/2255 3622/1717/2255
f 3622/1717/2255 3619/1716/2255 3621/1718/2255
f 3622/1717/2255 3621/1718/2255 3623/388/2255
f 3623/388/2255 3621/1718/2255 3624/1719/2255
f 3623/388/2255 3624/1719/2255 3625/422/2255
f 3625/422/2255 3624/1719/2255 3626/1720/2255
f 3626/1720/2255 3624/1719/2255 3627/1721/2255
f 3626/1720/2255 3627/1721/2255 3628/1722/2255
f 3628/1722/2255 3627/1721/2255 3629/1723/2255
f 3628/1722/2255 3629/1723/2255 3630/1724/2255
f 3630/1724/2255 3629/1723/2255 3631/1725/2255
f 3630/1724/2255 3631/1725/2255 3632/1726/2255
f 3632/1726/2255 3631/1725/2255 3633/380/2255
f 3625/422/2252 3626/1720/2252 3634/1720/2252
f 3623/388/2255 3625/422/2255 3635/388/2255
s 1
f 3636/1727/704 3637/324/702 3639/323/3179
f 3636/1727/704 3638/1728/705 3637/324/702
f 3640/1729/3180 3636/1727/3181 3641/327/3182
f 3640/1729/3180 3641/327/3182 3642/326/3183
f 3640/1730/3184 3643/330/3185 3644/1731/3186
f 3645/1732/3187 3640/1730/3184 3644/1731/3186
f 3646/1733/3188 3645/1732/3189 3647/333/3190
f 3646/1733/3188 3647/333/3190 3648/332/2118
f 3649/1734/3191 3646/1733/3192 3650/335/3193
f 3649/1734/3191 3650/335/3193 3651/334/3194
f 3649/1735/3195 3652/317/3196 3653/1736/3197
f 3654/1737/3198 3649/1735/3195 3653/1736/3197
f 3654/1738/3199 3655/314/3200 3656/1739/3201
f 3657/1740/3202 3654/1738/3199 3656/1739/3201
f 3658/1741/3203 3660/1742/704 3659/1743/3204
f 3661/1744/3205 3662/1745/3206 3658/1741/3207
f 3663/1746/3208 3666/1747/3209 3665/1748/3210
f 3664/1702/3211 3671/1703/3212 3666/1747/3213
f 3671/1703/3212 3667/1749/3214 3666/1747/3213
f 3666/1747/3209 3668/1750/3215 3665/1748/3210
f 3666/1747/3209 3669/1751/3216 3668/1750/3215
f 3671/1703/3212 3670/1752/3217 3667/1749/3214
f 3671/1753/3218 3673/1754/3219 3672/1755/3220
f 3674/1706/3221 3673/1754/3219 3671/1753/3218
f 3675/1756/3222 3676/1757/3223 3674/1706/3224
f 3675/1756/3222 3674/1706/3224 3677/1758/3225
f 3678/1759/3226 3675/1756/3222 3677/1758/3225
f 3681/1760/3227 3683/1761/3228 3680/1762/3229
f 3683/1761/3228 3682/1763/3230 3680/1762/3229
f 3722/1764/3231 3684/1765/3232 3681/1766/3233
f 3686/1767/3234 3687/1768/3235 3685/1769/3234
f 3686/1767/3234 3688/1770/3236 3687/1768/3235
f 3690/1771/3237 3689/1772/3238 3686/1767/3237
f 3692/1773/3239 3691/1774/3240 3690/1771/3239
f 3690/1771/3237 3693/1775/3241 3689/1772/3238
f 3695/1776/3242 3696/1777/2002 3698/1778/3242
f 3695/1776/3242 3697/1779/3243 3696/1777/2002
f 3694/1780/3244 3699/1781/3245 3695/1776/3246
f 3694/1780/3244 3700/1782/3247 3699/1781/3245
f 3698/1778/3248 3701/1783/3249 3703/1784/3248
f 3698/1778/3248 3702/1785/3250 3701/1783/3249
f 3703/1784/2019 3704/1786/3251 3692/1773/2019
f 3703/1784/2019 3705/1787/3252 3704/1786/3251
f 3706/1788/3253 3707/1789/3254 3694/1790/3255
f 3717/1791/3256 3709/1792/3257 3708/1793/3258
f 3710/1794/3259 3717/1791/3256 3708/1793/3258
f 3712/1795/3260 3713/1796/3261 3711/1797/3262
f 3713/1796/3261 3714/1798/3263 3711/1797/3262
f 3711/1797/3264 3715/1799/3265 3710/1794/3264
f 3711/1797/3264 3716/1800/1599 3715/1799/3265
f 3708/1801/3266 3706/1788/3253 3694/1790/3255
f 3692/1773/3239 3718/1802/3267 3691/1774/3240
f 3685/1769/3268 3719/1803/3269 3721/1804/3268
f 3685/1769/3268 3720/1805/3270 3719/1803/3269
f 3721/1804/3271 3723/1806/3272 3722/1764/3273
f 3721/1804/3271 3724/1807/3274 3723/1806/3272
f 3684/1765/3232 3725/1808/3275 3681/1766/3233
f 3680/1809/3276 3726/1810/3277 3679/1811/3278
f 3680/1809/3276 3727/1812/3279 3726/1810/3277
f 3679/1811/3280 3728/1813/3281 3678/1759/3280
f 3679/1811/3280 3729/1814/3282 3728/1813/3281
f 3665/1748/3283 3730/1815/3284 3661/1816/3285
f 3730/1815/3284 3731/1817/3286 3661/1816/3285
f 3658/1741/3203 3659/1743/3204 3732/1818/3287
f 3661/1744/3205 3733/1819/3288 3662/1745/3206
f 3734/1820/3289 3736/1821/3290 3735/1821/3291
f 3737/1822/3292 3736/1821/3290 3734/1820/3289
f 3737/1822/3292 3738/1823/3293 3736/1821/3290
f 3739/1824/3294 3737/1822/3295 3740/1822/3296
f 3739/1824/3294 3740/1822/3296 3741/1825/3297
f 3738/1823/3298 3742/1826/3299 3743/1826/3300
f 3738/1823/3298 3743/1826/3300 3735/1821/3301
f 3742/1826/3302 3744/1827/3303 3746/1828/3304
f 3742/1826/3302 3745/1827/3305 3744/1827/3303
f 3746/1828/3304 3744/1827/3303 3747/1827/3306
f 3745/1827/3307 3748/1829/3308 3747/1827/3309
f 3745/1827/3307 3749/1829/3310 3748/1829/3308
f 3749/1829/3311 3751/1830/3312 3750/1831/3313
f 3749/1829/3311 3752/1830/3314 3751/1830/3312
f 3752/1830/3315 3754/1832/3316 3753/1830/3317
f 3752/1830/3315 3755/1832/3318 3754/1832/3316
f 3755/1832/3319 3756/1833/3320 3757/1833/3321
f 3755/1832/3319 3757/1833/3321 3758/1834/3322
f 3756/1833/3320 3759/1835/3323 3757/1833/3321
f 3756/1833/3320 3760/1835/3324 3759/1835/3323
f 3760/1835/3325 3761/1836/3326 3762/1837/3327
f 3760/1835/3325 3763/1836/3328 3761/1836/3326
f 3763/1836/3328 3764/1838/3329 3761/1836/3326
f 3763/1836/3328 3765/1838/3330 3764/1838/3329
f 3765/1838/3331 3767/1839/3332 3766/1840/3333
f 3765/1838/3331 3768/1841/3334 3767/1839/3332
f 3768/1841/3335 3770/1842/3336 3769/1843/3337
f 3768/1841/3335 3771/1842/3338 3770/1842/3336
f 3771/1842/3339 3773/1844/3340 3772/1842/3341
f 3771/1842/3339 3774/1844/3342 3773/1844/3340
f 3774/1844/3343 3775/1845/3344 3776/1846/3345
f 3776/1846/3345 3775/1845/3344 3777/1845/3346
f 3775/1845/3347 3779/1847/3348 3778/1848/3349
f 3779/1847/3348 3780/1849/3350 3778/1848/3349
f 3779/1847/3348 3781/1850/3351 3780/1849/3350
f 3781/1850/3352 3782/1851/3353 3784/1852/3354
f 3781/1850/3352 3783/1853/3355 3782/1851/3353
f 3778/1848/3349 3780/1849/3350 3784/1852/3356
f 3775/1845/3347 3778/1848/3349 3785/1854/3357
f 3783/1853/3355 3786/1855/3358 3782/1851/3353
f 3783/1853/3355 3787/1856/3359 3786/1855/3358
f 3787/1856/3360 3788/1857/3361 3789/1857/3362
f 3787/1856/3360 3789/1857/3362 3790/1858/3363
f 3788/1857/3361 3791/1859/3364 3789/1857/3362
f 3788/1857/3361 3792/1860/3365 3791/1859/3364
f 3792/1860/3366 3793/1861/3367 3795/1740/3368
f 3792/1860/3366 3794/1861/3369 3793/1861/3367
f 3793/1861/3367 3797/1737/3370 3796/1737/3371
f 3794/1861/3369 3797/1737/3370 3793/1861/3367
f 3794/1861/3369 3798/1737/3372 3797/1737/3370
f 3798/1737/3373 3799/1862/3374 3796/1737/3375
f 3798/1737/3373 3800/1862/3376 3799/1862/3374
f 3800/1862/3377 3803/1863/3378 3802/1864/3379
f 3800/1862/3377 3802/1864/3379 3801/1862/3380
f 3803/1863/3378 3805/1865/3381 3802/1864/3379
f 3803/1863/3378 3804/1732/3382 3805/1865/3381
f 3804/1732/3382 3809/1866/3383 3805/1865/3381
f 3809/1866/3383 3806/1867/3384 3805/1865/3381
f 3806/1867/3384 3808/1729/3385 3807/1729/3386
f 3809/1866/3383 3808/1729/3385 3806/1867/3384
f 3809/1866/3383 3810/1868/3387 3808/1729/3385
f 3810/1868/3388 3811/1869/3389 3812/1727/3390
f 3810/1868/3388 3812/1727/3390 3807/1729/3391
f 3811/1869/3389 3813/1728/3392 3812/1727/3390
f 3811/1869/3389 3814/1870/3393 3813/1728/3392
f 3796/1737/3375 3799/1862/3374 3801/1862/3394
f 3769/1843/3337 3770/1842/3336 3772/1842/3395
f 3750/1831/3313 3751/1830/3312 3753/1830/3396
f 3817/1871/3397 3815/1872/3398 3818/1873/3399
f 3817/1871/3397 3816/1874/3400 3815/1872/3398
f 3820/1875/3401 3818/1873/3399 3819/1876/3402
f 3820/1875/3401 3817/1871/3397 3818/1873/3399
f 3822/1877/3403 3820/1878/3404 3821/1879/3405
f 3827/1880/3406 3822/1877/3407 3823/1881/3408
f 3822/1877/3403 3821/1879/3405 3824/1882/2127
f 3827/1880/3406 3823/1881/3408 3825/1883/3409
f 3830/1884/3410 3827/1885/3411 3828/1886/3412
f 3827/1885/3411 3826/1887/3413 3828/1886/3412
f 3831/1888/3414 3830/1889/3415 3832/1890/3416
f 3830/1889/3415 3829/1891/3417 3832/1890/3416
f 3834/1892/3418 3833/1893/3419 3832/1894/3420
f 3834/1892/3418 3832/1894/3420 3835/1895/3421
f 3836/1896/3422 3834/1892/3423 3837/1897/1931
f 3836/1896/3422 3837/1897/1931 3838/1898/1932
f 3840/1899/3424 3836/1896/3425 3839/1900/3426
f 3840/1899/3424 3839/1900/3426 3841/1901/3427
f 3842/1902/3428 3840/1899/3424 3841/1901/3427
f 3842/1902/3428 3841/1901/3427 3843/1903/3429
f 3846/1898/3430 3845/1904/3431 3844/1900/3432
f 3848/1897/3433 3846/1898/3434 3847/1898/3435
f 3846/1898/3430 3849/1905/3436 3845/1904/3431
f 3849/1905/3436 3850/1906/3437 3845/1904/3431
f 3845/1904/3431 3850/1906/3437 3851/1907/3438
f 3850/1906/3437 3862/1908/3439 3851/1907/3438
f 3850/1906/3437 3852/1909/3440 3862/1908/3439
f 3852/1909/3440 3854/1910/3441 3853/1911/3442
f 3854/1910/3443 3855/1912/3444 3857/1912/3445
f 3854/1910/3443 3857/1912/3445 3856/1910/3446
f 3855/1912/3447 3859/1913/3448 3858/1914/3449
f 3855/1912/3447 3860/1913/3450 3859/1913/3448
f 3852/1909/3440 3853/1911/3442 3862/1908/3439
f 3848/1897/3433 3847/1898/3435 3863/1897/3451
f 3865/1894/3452 3848/1897/3453 3864/1895/3454
f 3865/1894/3452 3864/1895/3454 3867/1894/3455
f 3866/1915/3456 3865/1894/3452 3867/1894/3455
f 3866/1915/3456 3867/1894/3455 3868/1915/3457
f 3869/1891/3458 3870/1915/3459 3868/1915/3460
f 3871/1891/3461 3870/1915/3459 3869/1891/3458
f 3871/1891/3461 3866/1915/3462 3870/1915/3459
f 3872/1916/3463 3871/1891/3464 3873/1917/3465
f 3872/1916/3463 3873/1917/3465 3874/1916/3466
f 3876/1887/3467 3874/1916/3466 3875/1887/3468
f 3878/1882/3469 3876/1887/3470 3877/1883/3471
f 3876/1887/3467 3872/1916/3463 3874/1916/3466
f 3878/1882/3469 3877/1883/3471 3879/1881/3472
f 3882/1879/3473 3878/1882/3474 3880/1882/3475
f 3881/1879/3476 3878/1882/3474 3882/1879/3473
f 3884/1918/3477 3881/1879/3478 3883/1919/3479
f 3884/1918/3477 3883/1919/3479 3885/1920/3480
f 3886/1921/3481 3884/1918/3477 3885/1920/3480
f 3887/1922/3482 3888/1921/3483 3886/1921/3484
f 3889/1923/3485 3890/1924/3486 3887/1922/3487
f 3892/1925/3488 3891/1926/3489 3889/1923/3490
f 3894/1872/3491 3893/1927/3492 3892/1925/3493
f 3895/1928/3494 3893/1927/3492 3894/1872/3491
f 3895/1928/3494 3896/1929/3495 3893/1927/3492
f 3896/1929/3496 3897/1930/3497 3891/1926/3489
f 3896/1929/3496 3891/1926/3489 3892/1925/3488
f 3897/1930/3498 3890/1924/3486 3889/1923/3485
f 3897/1930/3498 3898/1922/3499 3890/1924/3486
f 3898/1922/3500 3899/1921/3501 3888/1921/3483
f 3898/1922/3500 3888/1921/3483 3887/1922/3482
f 3899/1921/3502 3884/1918/3477 3886/1921/3481
f 3902/1931/3503 3904/1932/3504 3903/1933/3505
f 3905/1934/3506 3904/1932/3504 3902/1931/3503
f 3905/1934/3506 3906/1933/3507 3904/1932/3504
f 3908/1935/3508 3905/1934/3509 3907/1936/3510
f 3908/1935/3508 3907/1936/3510 3909/1937/3511
f 3911/1938/3512 3908/1935/3513 3910/1939/3514
f 3911/1938/3512 3910/1939/3514 3914/1940/3515
f 3913/1941/3516 3911/1938/3517 3912/1942/3518
f 3913/1941/3516 3912/1942/3518 3917/1943/3519
f 3915/1944/3520 3913/1941/3521 3916/1941/3522
f 3918/1945/3523 3916/1941/3522 3917/1943/3524
f 3915/1944/3520 3916/1941/3522 3918/1945/3523
f 3920/1946/3525 3915/1944/3526 3919/1947/3527
f 3920/1946/3525 3919/1947/3527 3921/1948/3528
f 3924/1949/3529 3922/1948/3530 3923/1950/3531
f 3924/1949/3529 3925/1946/3532 3922/1948/3530
f 3926/1913/3533 3924/1949/3534 3927/1949/3535
f 3926/1913/3533 3927/1949/3535 3928/1951/3536
f 3906/1933/3537 3929/1952/3538 3903/1933/3539
f 3906/1933/3537 3930/1953/3540 3929/1952/3538
f 3931/1857/1476 3932/339/3541 3934/338/1475
f 3931/1857/1476 3933/1859/1868 3932/339/3541
f 3935/1858/2030 3931/1857/1473 3936/342/1474
f 3935/1858/2030 3936/342/1474 3937/341/1608
f 3938/1954/3542 3939/309/3543 3940/1955/3544
f 3941/1852/3545 3938/1954/3542 3940/1955/3544
f 3941/1956/3546 3942/347/3547 3943/1957/3548
f 3944/1854/3549 3941/1956/3546 3943/1957/3548
f 3945/1846/3550 3946/350/3551 3948/349/3552
f 3945/1846/3550 3947/1845/3553 3946/350/3551
f 3949/1842/3270 3950/308/3554 3952/305/3555
f 3949/1842/3270 3951/1844/3269 3950/308/3554
f 3953/1843/1470 3949/1842/3235 3954/307/3556
f 3953/1843/1470 3954/307/3556 3955/306/1469
f 3956/1840/3557 3957/351/1468 3959/353/3558
f 3956/1840/3557 3958/1839/1467 3957/351/1468
f 3960/1836/3559 3961/352/3560 3963/354/2109
f 3960/1836/3559 3962/1838/3561 3961/352/3560
f 3964/1837/3562 3960/1836/3563 3965/303/3564
f 3964/1837/3562 3965/303/3564 3966/304/3565
f 3967/1833/3566 3968/301/3567 3970/302/3566
f 3967/1833/3566 3969/1835/1544 3968/301/3567
f 3971/1834/3568 3967/1833/3569 3972/356/3569
f 3971/1834/3568 3972/356/3569 3973/355/3570
f 3974/1830/3571 3975/358/3572 3977/357/3573
f 3974/1830/3571 3976/1832/695 3975/358/3572
f 3978/1831/1593 3974/1830/1591 3979/298/3574
f 3978/1831/1593 3979/298/3574 3980/300/3575
f 3981/1827/1590 3980/300/3576 3983/360/3577
f 3981/1827/1590 3982/1829/3578 3980/300/3576
f 3984/1828/1587 3981/1827/3579 3985/362/3580
f 3984/1828/1587 3985/362/3580 3986/361/3581
f 3987/1821/1584 3986/361/3582 3989/364/3583
f 3987/1821/1584 3988/1826/3584 3986/361/3582
f 3990/1820/1599 3987/1821/1597 3991/296/3585
f 3990/1820/1599 3991/296/3585 3992/297/3586
f 3993/1825/1602 3994/320/3587 3996/319/3260
f 3993/1825/1602 3995/1822/3263 3994/320/3587
f 3999/1958/3588 4000/1959/3589 3997/1960/3590
f 4000/1959/3589 4001/1961/3591 3997/1960/3590
f 3997/1960/3590 4001/1961/3591 4002/1961/3592
f 3997/1960/3590 4002/1961/3592 3998/1959/3593
f 4003/1962/3594 4005/1963/3595 4004/1963/3596
f 4006/1964/3597 4005/1963/3595 4003/1962/3594
f 4005/1963/3598 4007/1965/3599 4008/1966/3600
f 4007/1965/3599 4009/1967/3601 4008/1966/3600
f 4007/1965/3599 4010/1968/3602 4009/1967/3601
f 4010/1968/3603 4012/1969/3604 4011/1968/3605
f 4010/1968/3603 4013/1970/3606 4012/1969/3604
f 4013/1970/3607 4014/1971/3608 4076/1972/3609
f 4013/1970/3607 4015/1973/3610 4014/1971/3608
f 4015/1973/3611 4016/1974/3612 4075/1973/3613
f 4015/1973/3611 4017/1974/3614 4016/1974/3612
f 4017/1974/3615 4019/1975/3616 4018/1976/3617
f 4017/1974/3615 4020/1975/3618 4019/1975/3616
f 4021/1975/3619 4023/1977/3620 4022/1977/3621
f 4024/1977/3622 4027/1978/3623 4022/1977/3624
f 4024/1977/3622 4025/1979/3625 4027/1978/3623
f 4026/1975/3626 4024/1977/3627 4023/1977/3620
f 4026/1975/3626 4023/1977/3620 4021/1975/3619
f 4028/1978/3628 4030/1980/3629 4029/1980/3630
f 4032/1980/3631 4031/1981/3632 4029/1980/3633
f 4032/1980/3631 4033/1982/3634 4031/1981/3632
f 4033/1982/3635 4034/1983/3636 4036/1984/3637
f 4033/1982/3635 4035/1985/3638 4034/1983/3636
f 4034/1983/3636 4038/1986/3639 4037/1986/3640
f 4035/1985/3638 4038/1986/3639 4034/1983/3636
f 4035/1985/3638 4039/1987/3641 4038/1986/3639
f 4039/1987/3642 4040/1988/3643 4037/1986/3644
f 4039/1987/3642 4041/1989/3645 4040/1988/3643
f 4037/1986/3644 4040/1988/3643 4042/1988/3646
f 4041/1989/3647 4043/1990/3648 4042/1988/3649
f 4045/1991/3650 4044/1992/3651 4043/1990/3648
f 4041/1989/3647 4045/1991/3650 4043/1990/3648
f 4045/1991/3650 4046/1892/3652 4044/1992/3651
f 4046/1892/3652 4047/1893/3653 4044/1992/3651
f 4046/1892/3652 4048/1993/3654 4047/1893/3653
f 4048/1993/3655 4049/1994/3656 4051/1888/3657
f 4048/1993/3655 4050/1994/3658 4049/1994/3656
f 4050/1994/3658 4052/1995/3659 4049/1994/3656
f 4050/1994/3658 4053/1996/3660 4052/1995/3659
f 4053/1996/3660 4055/1997/3661 4052/1995/3659
f 4053/1996/3660 4054/1998/3662 4055/1997/3661
f 4055/1997/3661 4057/1878/3663 4056/1878/3664
f 4054/1998/3662 4057/1878/3663 4055/1997/3661
f 4054/1998/3662 4058/1999/3665 4057/1878/3663
f 4058/1999/3666 4059/2000/3667 4056/1878/3668
f 4058/1999/3666 4060/2001/3669 4059/2000/3667
f 4060/2001/3670 4061/2002/3671 4066/2000/3672
f 4060/2001/3670 4062/2003/3673 4061/2002/3671
f 4062/2003/3673 4064/2004/3674 4061/2002/3671
f 4062/2003/3673 4063/2005/3675 4064/2004/3674
f 4061/2002/3671 4064/2004/3674 4065/2006/3676
f 4056/1878/3668 4059/2000/3667 4066/2000/3677
f 4067/2007/3678 4069/2008/3679 4068/2008/3680
f 4073/2009/3681 4069/2008/3679 4067/2007/3678
f 4073/2009/3681 4070/2010/3682 4069/2008/3679
f 4070/2010/3683 4071/1874/3684 4068/2008/3685
f 4070/2010/3683 4072/2011/3686 4071/1874/3684
f 4063/2005/3687 4073/2009/3681 4067/2007/3678
f 4063/2005/3687 4067/2007/3678 4065/2006/3688
f 4074/1979/3689 4032/1980/3690 4030/1980/3629
f 4074/1979/3689 4030/1980/3629 4028/1978/3628
f 4076/1972/3609 4014/1971/3608 4075/1973/3691
f 4011/1968/3605 4012/1969/3604 4076/1972/3692
f 4005/1963/3598 4008/1966/3600 4077/2012/3693
f 4078/2013/3694 4079/2014/3695 4081/1961/3696
f 4078/2013/3694 4080/2015/3697 4079/2014/3695
f 4082/1961/3698 4080/2015/3697 4078/2013/3694
f 4083/2016/3699 4084/2017/3700 4085/2018/3701
f 4085/2018/3701 4084/2017/3700 4086/2019/3702
f 4087/2020/3703 4086/2021/3704 4088/2022/3705
f 4087/2020/3703 4088/2022/3705 4090/2023/3706
f 4090/2023/3706 4088/2022/3705 4089/2024/3707
f 4090/2023/3706 4089/2024/3707 4091/2025/3708
f 4092/2026/3709 4089/1650/3710 4093/699/3711
f 4092/2026/3709 4093/699/3711 4094/2027/1474
f 4095/2028/3712 4093/699/3713 4096/2029/3714
f 4095/2028/3712 4096/2029/3714 4097/2030/3715
f 4097/2030/3715 4096/2029/3714 4098/2031/3716
f 4098/2031/3716 4096/2029/3714 4099/2032/3717
f 4100/2033/3718 4099/2034/3719 4101/2035/3720
f 4101/2035/3720 4099/2034/3719 4102/2036/3721
f 4103/2037/3722 4102/2038/3723 4104/2039/3724
f 4104/2039/3724 4102/2038/3723 4105/288/3725
f 4106/2040/2160 4107/2041/3726 4109/2042/2160
f 4106/2040/2160 4108/2043/3422 4107/2041/3726
f 4110/2044/3727 4111/2045/3728 4106/2040/3727
f 4112/2046/1932 4106/2040/2160 4109/2042/2160
f 4113/2047/1935 4106/2040/3727 4114/2048/3729
f 4113/2047/1935 4110/2044/3727 4106/2040/3727
f 4109/2042/3730 4136/2049/3731 4115/2050/3732
f 4117/2051/3733 4136/2052/3734 4116/2053/3735
f 4120/2054/3736 4132/2055/3737 4122/2056/3738
f 4121/2057/3739 4132/2055/3737 4120/2054/3736
f 4124/2058/3740 4125/2059/3741 4127/2060/3740
f 4124/2058/3740 4126/2061/3742 4125/2059/3741
f 4128/2062/3743 4123/2063/3744 4124/2058/3745
f 4122/2056/3746 4123/2063/3744 4128/2062/3743
f 4127/2060/3747 4131/2064/3748 4129/2065/3749
f 4131/2064/3748 4130/2066/3750 4129/2065/3749
f 4136/2052/3734 4135/2067/3751 4118/2068/3752
f 4109/2042/3730 4137/2069/3753 4136/2049/3731
f 4118/2070/3754 4134/2071/3755 4133/2072/3756
f 4118/2070/3754 4133/2072/3756 4121/2073/3757
f 4116/2053/3735 4136/2052/3734 4118/2068/3752
f 4138/2074/3758 4142/2075/3759 4110/2044/3759
f 4138/2074/3758 4110/2044/3759 4139/2076/3760
f 4140/2077/3552 4142/2075/1788 4141/2078/3551
f 4140/2077/3552 4143/2079/1788 4142/2075/1788
f 4145/2080/3761 4144/2081/3762 4143/2079/3763
f 4149/2082/3764 4144/2081/3762 4145/2080/3761
f 4147/2083/3765 4146/2084/3766 4144/2085/3767
f 4147/2083/3765 4144/2085/3767 4148/2086/3768
f 4154/2087/3769 4146/2084/3770 4150/2088/3560
f 4151/2089/3565 4152/1958/2019 4154/2087/2019
f 4153/2090/3771 4160/2091/3772 4152/1958/3773
f 4154/2087/3769 4155/2092/3774 4146/2084/3770
f 4146/2084/3766 4156/2093/3775 4144/2085/3767
f 4154/2087/3769 4157/2094/3559 4155/2092/3774
f 4152/1958/2019 4158/2095/3563 4154/2087/2019
f 4152/1958/2019 4159/2096/2020 4158/2095/3563
f 4164/2097/3776 4160/2091/3772 4153/2090/3771
f 4161/2098/3777 4163/2099/3778 4164/2097/3779
f 4169/2100/3780 4163/2099/3781 4162/2101/3576
f 4164/2097/3776 4165/2102/3782 4160/2091/3772
f 4164/2097/3776 4166/2103/3571 4165/2102/3782
f 4163/2099/3778 4167/2104/3783 4164/2097/3779
f 4163/2099/3778 4168/2105/3784 4167/2104/3783
f 4169/2100/3780 4170/2106/3785 4163/2099/3781
f 4169/2100/3780 4171/2107/1590 4170/2106/3785
f 4179/2108/3786 4172/2109/3787 4169/2100/3786
f 4176/2110/3581 4179/2108/3786 4169/2100/3786
f 4174/2111/3788 4173/2112/3789 4179/2108/3789
f 4174/2111/3788 4179/2108/3789 4175/2113/3790
f 4177/2114/3791 4178/2115/3792 4173/2112/3793
f 4173/2112/3789 4180/2116/1584 4179/2108/3789
f 4184/2117/3794 4181/2118/3795 4177/2114/3796
f 4181/2118/3795 4182/2119/3797 4177/2114/3796
f 4177/2114/3791 4183/2120/1599 4178/2115/3792
f 4184/2117/3794 4177/2114/3796 4185/2121/3798
f 4186/2122/3799 4177/2114/3791 4173/2112/3793
f 4186/2122/3799 4173/2112/3793 4187/2123/3585
f 4188/2124/3800 4189/2125/3801 4191/2126/3802
f 4188/2124/3800 4190/2127/3803 4189/2125/3801
f 4192/2128/3804 4189/2129/3805 4193/2130/3806
f 4193/2130/3806 4189/2129/3805 4194/2131/3807
f 4195/2132/3808 4194/2133/3809 4196/2134/3810
f 4196/2134/3810 4194/2133/3809 4197/2135/3811
f 4198/2136/3573 4197/2135/3812 4199/2137/2158
f 4198/2136/3573 4199/2137/2158 4200/2138/2159
f 4203/2139/3813 4205/2140/3814 4204/2141/3815
f 4206/2139/3816 4205/2140/3814 4203/2139/3813
f 4209/1962/1602 4210/1933/3587 4212/1952/3260
f 4209/1962/1602 4211/1963/3263 4210/1933/3587
f 4213/2012/1599 4214/1931/3585 4210/1933/3586
f 4213/2012/1599 4215/1966/1597 4214/1931/3585
f 4215/1966/1584 4216/1937/3817 4218/1936/3788
f 4215/1966/1584 4217/1967/3584 4216/1937/3817
f 4219/1968/1587 4220/1940/3580 4222/1939/3581
f 4219/1968/1587 4221/1970/3579 4220/1940/3580
f 4221/1970/3818 4224/2142/3819 4223/2143/3820
f 4224/2142/3819 4225/1945/3821 4223/2143/3820
f 4226/1976/3571 4227/1948/2158 4229/1947/3573
f 4226/1976/3571 4228/1975/2158 4227/1948/2158
f 4231/2144/3822 4232/1958/3823 4233/1958/3824
f 4231/2144/3822 4233/1958/3824 4234/1958/3825
f 4231/2144/3822 4234/1958/3825 4230/2145/3826
f 4235/1978/2020 4236/1914/3564 4238/1913/2020
f 4235/1978/2020 4237/1980/3563 4236/1914/3564
f 4237/1980/3559 4239/1910/3560 4241/1912/2109
f 4237/1980/3559 4240/1981/3561 4239/1910/3560
f 4242/2146/3827 4243/2147/3828 4244/2148/3829
f 4245/2149/3830 4242/2146/3827 4244/2148/3829
f 4245/2149/3830 4244/2148/3829 4246/2150/3831
f 4247/2151/3832 4245/2149/3830 4246/2150/3831
f 4248/2152/3833 4247/1732/3834 4250/2153/3835
f 4248/2152/3833 4249/2154/3836 4247/1732/3834
f 4251/2155/3837 4248/2152/3833 4250/2153/3835
f 4251/2155/3837 4250/2153/3835 4252/1862/3838
f 4253/2156/3839 4251/2155/3837 4252/1862/3838
f 4253/2156/3839 4252/1862/3838 4254/2157/3840
f 4255/2158/3841 4254/2157/3840 4256/1860/3842
f 4255/2158/3841 4253/2156/3839 4254/2157/3840
f 4257/2159/3843 4256/2160/3844 4258/2161/3843
f 4260/2042/3845 4259/2162/3846 4261/2163/3845
f 4263/2047/3847 4262/2164/3848 4264/1847/3849
f 4265/2074/3850 4264/2165/3851 4266/1845/3852
f 4267/2077/3853 4266/2166/3854 4268/1844/3855
f 4269/2167/3856 4268/2168/3857 4270/2169/3856
f 4273/2087/3858 4272/2170/3859 4274/2171/3858
f 4276/2172/3860 4275/2173/3861 4277/2174/3862
f 4278/2175/3863 4276/2172/3860 4277/2174/3862
f 4280/2176/3864 4279/1829/3865 4281/1827/3866
f 4282/2177/3867 4280/2176/3864 4281/1827/3866
f 4283/2178/3868 4284/2113/3869 4282/1826/3870
f 4285/2179/3871 4286/2123/3872 4283/1823/3873
f 4287/2180/3874 4288/2121/3875 4285/1822/3876
f 4289/2181/3877 4291/1742/3878 4290/322/3879
f 4292/2182/3880 4294/2183/3881 4293/2184/3882
f 4294/2183/3881 4295/331/3883 4293/2184/3882
f 4294/2183/3881 4296/2185/3884 4295/331/3883
f 4297/2186/3885 4299/1752/3886 4298/334/3887
f 4303/2187/3888 4304/2188/3889 4302/2189/3888
f 4306/1810/3890 4307/2190/3891 4305/338/3892
f 4309/2191/3893 4311/2192/3894 4308/2193/3893
f 4312/2194/3895 4313/2195/3896 4310/2196/3895
f 4315/1803/3897 4316/2197/3898 4314/308/3899
f 4318/1772/3900 4319/2198/3901 4317/351/3902
f 4321/1786/3903 4322/2199/3904 4320/354/3905
f 4324/1777/3906 4325/355/3907 4323/302/3908
f 4324/1777/3906 4326/1779/3909 4325/355/3907
f 4327/2200/3910 4329/2201/3911 4328/359/3912
f 4329/2201/3911 4330/360/3913 4328/359/3912
f 4330/2202/3914 4332/2203/3915 4331/361/3916
f 4332/2203/3915 4333/363/3917 4331/361/3916
f 4333/2204/3918 4335/1800/3919 4334/297/3920
f 4337/2205/3921 4338/2206/3922 4339/2207/3923
f 4340/2208/3924 4337/2205/3921 4339/2207/3923
f 4342/2209/3925 4340/2210/3926 4343/2211/3927
f 4342/2209/3925 4341/2212/3928 4340/2210/3926
f 4344/2213/3929 4342/2209/3925 4343/2211/3927
f 4345/2214/3930 4344/2001/3931 4346/2215/3932
f 4348/2216/3933 4345/2214/3930 4346/2215/3932
f 4348/2216/3933 4346/2215/3932 4347/1880/3934
f 4349/2217/3935 4348/2216/3933 4347/1880/3934
f 4349/2217/3935 4347/1880/3934 4351/2218/3936
f 4350/2028/3937 4349/2217/3935 4351/2218/3936
f 4350/2028/3937 4351/2218/3936 4353/1994/3938
f 4352/2026/3939 4353/2219/3940 4354/1993/3941
f 4355/2220/3942 4354/2221/3943 4356/1892/3944
f 4357/2222/3945 4356/1892/3944 4358/2223/3946
f 4357/2222/3945 4355/2220/3942 4356/1892/3944
f 4359/2224/3947 4357/2222/3945 4358/2223/3946
f 4359/2224/3947 4358/2223/3946 4360/2225/3948
f 4361/2226/3949 4359/2224/3947 4360/2225/3948
f 4361/2226/3949 4360/2225/3948 4362/2227/3950
f 4363/2228/3951 4361/2226/3949 4362/2227/3950
f 4363/2228/3951 4362/2227/3950 4364/1982/3952
f 4367/2229/3953 4369/2126/3954 4368/1963/3955
f 4368/2230/3956 4371/2231/3957 4370/1965/3958
f 4371/2231/3957 4372/1968/3959 4370/1965/3958
f 4372/2232/3960 4374/2233/3961 4373/2234/3962
f 4374/2233/3961 4375/1974/3963 4373/2234/3962
f 4374/2233/3961 4376/2235/3964 4375/1974/3963
s 0
f 4378/1948/2719 4379/1975/2719 4380/1948/2719
f 4378/1948/2719 4381/1975/2719 4379/1975/2719
s 1
f 4385/2236/3965 4386/1930/3966 4384/2237/3965
f 4386/2238/3967 4388/2061/3968 4387/1922/3969
f 4389/2239/3970 4391/2240/3971 4390/2241/3972
f 4391/2240/3971 4392/2242/3973 4390/2241/3972
f 4392/2243/3974 4394/2244/3975 4393/2245/3976
f 4394/2244/3975 4395/2246/3977 4393/2245/3976
f 4398/2247/3978 4400/2248/3979 4397/2249/3978
f 4401/2041/3980 4402/2250/3981 4399/1897/3982
f 4402/2251/3983 4404/2252/3984 4403/2253/3985
f 4404/2252/3984 4406/2254/3986 4403/2253/3985
f 4404/2252/3984 4405/2255/3987 4406/2254/3986
f 4405/2255/3987 4407/2256/3988 4406/2254/3986
f 4409/2092/3989 4410/2257/3990 4408/1910/3991
f 4414/2258/3992 4415/2120/3993 4412/1933/3994
f 4416/2259/3995 4414/1934/3996 4417/1935/3997
f 4418/2260/3998 4416/2259/3995 4417/1935/3997
f 4420/2261/3999 4421/2105/4000 4419/1941/4001
s 0
f 4423/1978/2720 4424/1913/2720 4426/1978/2720
f 4423/1978/2720 4425/1913/2720 4424/1913/2720
s 1
f 4427/1959/4002 4428/2096/4003 4430/1958/4003
f 4427/1959/4002 4429/2262/4002 4428/2096/4003
f 4431/1961/4004 4432/2263/4005 4427/1959/4005
f 4431/1961/4004 4433/2264/4004 4432/2263/4005
f 4434/2265/3566 4435/2139/3248 4437/2016/3248
f 4434/2265/3566 4436/2266/3566 4435/2139/3248
f 4438/2138/3242 4436/2266/3569 4440/2267/3569
f 4438/2138/3242 4439/2137/3242 4436/2266/3569
f 4441/1975/3242 4442/1950/3569 4444/1948/3242
f 4441/1975/3242 4443/1977/3569 4442/1950/3569
f 4443/1977/3566 4445/1951/3248 4447/1949/3566
f 4443/1977/3566 4446/1978/3248 4445/1951/3248
f 4450/2265/4006 4451/2268/4007 4449/1977/4008
f 4452/2263/4009 4453/2269/4010 4454/1949/4011
f 4457/2270/4012 4459/2137/4013 4458/2137/4014
f 4457/2270/4012 4458/2137/4014 4456/2271/4015
f 4460/186/4016 4461/186/4017 4463/186/4018
f 4460/186/4016 4462/186/4017 4461/186/4017
f 4464/186/4019 4460/186/4016 4463/186/4018
f 4464/186/4019 4463/186/4018 4465/186/4020
f 4464/186/4019 4465/186/4020 4466/186/4021
f 4467/186/4022 4464/186/4019 4466/186/4021
f 4467/186/4022 4466/186/4021 4468/186/4023
f 4469/186/4024 4467/186/4022 4468/186/4023
f 4469/186/4024 4468/186/4023 4470/186/4025
f 4471/186/4026 4469/186/4024 4470/186/4025
f 4471/186/4026 4470/186/4025 4472/186/4027
f 4473/186/4028 4471/186/4026 4472/186/4027
f 4473/186/4028 4472/186/4027 4474/186/4029
f 4475/186/4030 4473/186/4028 4474/186/4029
f 4475/186/4030 4474/186/4029 4476/186/4031
f 4477/186/4032 4475/186/4030 4476/186/4031
f 4477/186/4032 4476/186/4031 4478/186/4033
f 4479/186/4034 4477/186/4032 4478/186/4033
f 4479/186/4034 4478/186/4033 4480/186/4035
f 4482/186/4036 4479/186/4034 4481/186/4037
f 4479/186/4034 4480/186/4035 4481/186/4037
f 4482/186/4036 4481/186/4037 4483/186/4038
f 4482/186/4036 4483/186/4038 4484/186/4039
f 4485/186/4040 4482/186/4036 4484/186/4039
f 4486/186/4041 4485/186/4040 4487/186/4042
f 4485/186/4040 4484/186/4039 4487/186/4042
f 4486/186/4041 4487/186/4042 4488/186/4043
f 4489/186/4044 4486/186/4041 4488/186/4043
f 4491/186/4045 4488/186/4043 4490/186/4046
f 4491/186/4045 4489/186/4044 4488/186/4043
f 4491/186/4045 4490/186/4046 4492/186/4047
f 4494/186/4048 4492/186/4047 4493/186/4049
f 4494/186/4048 4491/186/4045 4492/186/4047
f 4496/186/4050 4493/186/4049 4495/186/4051
f 4496/186/4050 4494/186/4048 4493/186/4049
f 4462/186/4017 4495/186/4051 4461/186/4017
f 4462/186/4017 4496/186/4050 4495/186/4051
f 4497/186/4052 4517/186/4053 4499/186/4054
f 4497/186/4052 4498/186/4055 4517/186/4053
f 4497/186/4052 4501/186/4056 4498/186/4055
f 4500/186/4057 4501/186/4056 4497/186/4052
f 4500/186/4057 4542/186/4058 4501/186/4056
f 4502/186/4059 4542/186/4058 4500/186/4057
f 4502/186/4059 4585/186/4060 4542/186/4058
f 4503/186/4061 4504/186/4062 4502/186/4059
f 4504/186/4062 4503/186/4061 4505/186/4063
f 4504/186/4062 4505/186/4063 4506/186/4064
f 4506/186/4064 4505/186/4063 4507/186/4065
f 4507/186/4065 4505/186/4063 4584/186/4066
f 4507/186/4065 4584/186/4066 4508/186/4067
f 4508/186/4067 4584/186/4066 4583/186/4068
f 4508/186/4067 4583/186/4068 4510/186/4069
f 4509/186/4070 4510/186/4069 4583/186/4068
f 4509/186/4070 4518/186/4071 4510/186/4069
f 4511/186/4072 4518/186/4071 4509/186/4070
f 4512/186/4073 4564/186/4074 4511/186/4072
f 4512/186/4073 4513/186/4075 4564/186/4074
f 4514/186/4076 4513/186/4075 4512/186/4073
f 4514/186/4076 4515/186/4077 4513/186/4075
f 4516/186/4078 4515/186/4077 4514/186/4076
f 4516/186/4078 4517/186/4053 4515/186/4077
f 4499/186/4054 4517/186/4053 4516/186/4078
f 4564/186/4074 4518/186/4071 4511/186/4072
f 4518/186/4071 4564/186/4074 4520/186/4079
f 4562/186/4080 4519/186/4081 4564/186/4074
f 4519/186/4081 4520/186/4079 4564/186/4074
f 4519/186/4081 4582/186/4082 4520/186/4079
f 4582/186/4082 4521/186/4083 4520/186/4079
f 4521/186/4083 4523/186/4084 4520/186/4079
f 4521/186/4083 4522/186/4085 4523/186/4084
f 4524/186/4086 4523/186/4084 4522/186/4085
f 4524/186/4086 4522/186/4085 4525/186/4087
f 4524/186/4086 4525/186/4087 4526/186/4088
f 4527/186/4089 4524/186/4086 4526/186/4088
f 4529/186/4090 4527/186/4089 4528/186/4091
f 4527/186/4089 4526/186/4088 4528/186/4091
f 4529/186/4090 4528/186/4091 4530/186/4092
f 4531/186/4093 4529/186/4090 4530/186/4092
f 4532/186/4094 4533/186/4095 4531/186/4093
f 4531/186/4093 4530/186/4092 4532/186/4094
f 4532/186/4094 4534/186/4096 4533/186/4095
f 4534/186/4096 4535/186/4097 4533/186/4095
f 4534/186/4096 4537/186/4098 4535/186/4097
f 4537/186/4098 4542/186/4058 4535/186/4097
f 4537/186/4098 4538/186/4099 4542/186/4058
f 4538/186/4099 4539/186/4100 4542/186/4058
f 4501/186/4056 4542/186/4058 4539/186/4100
f 4541/186/4101 4501/186/4056 4539/186/4100
f 4541/186/4101 4539/186/4100 4540/186/4102
f 4556/186/4103 4540/186/4102 4557/186/4104
f 4543/186/4105 4546/186/4106 4545/186/4107
f 4543/186/4105 4545/186/4107 4544/186/4108
f 4542/186/4058 4543/186/4105 4544/186/4108
f 4542/186/4058 4544/186/4108 4535/186/4097
f 4546/186/4106 4547/186/4109 4545/186/4107
f 4546/186/4106 4548/186/4110 4547/186/4109
f 4548/186/4110 4550/186/4111 4549/186/4112
f 4548/186/4110 4549/186/4112 4547/186/4109
f 4550/186/4111 4551/186/4113 4549/186/4112
f 4550/186/4111 4553/186/4114 4551/186/4113
f 4553/186/4114 4552/186/4115 4554/186/4116
f 4553/186/4114 4554/186/4116 4551/186/4113
f 4552/186/4115 4555/186/4117 4554/186/4116
f 4555/186/4117 4520/186/4079 4554/186/4116
f 4555/186/4117 4518/186/4071 4520/186/4079
f 4558/186/4118 4559/186/4119 4540/186/4102
f 4559/186/4119 4557/186/4104 4540/186/4102
f 4559/186/4119 4561/186/4120 4557/186/4104
f 4561/186/4120 4563/186/4121 4557/186/4104
f 4561/186/4120 4560/186/4122 4563/186/4121
f 4560/186/4122 4562/186/4080 4563/186/4121
f 4562/186/4080 4564/186/4074 4563/186/4121
f 4538/186/4099 4566/186/4123 4539/186/4100
f 4566/186/4123 4565/186/4124 4539/186/4100
f 4540/186/4102 4539/186/4100 4567/186/4125
f 4567/186/4125 4558/186/4118 4540/186/4102
f 4504/186/4062 4585/186/4060 4502/186/4059
f 4586/186/4126 4587/186/4127 4588/186/4128
f 4589/186/4129 4586/186/4126 4588/186/4128
f 4589/186/4129 4588/186/4128 4590/186/4130
f 4591/186/4131 4589/186/4129 4590/186/4130
f 4591/186/4131 4590/186/4130 4592/186/4132
f 4593/186/4133 4591/186/4131 4592/186/4132
f 4593/186/4133 4592/186/4132 4594/186/4134
f 4595/186/4135 4593/186/4133 4594/186/4134
f 4595/186/4135 4594/186/4134 4596/186/4136
f 4597/186/4137 4595/186/4135 4596/186/4136
f 4597/186/4137 4596/186/4136 4598/186/4138
f 4599/186/4139 4597/186/4137 4598/186/4138
f 4599/186/4139 4598/186/4138 4600/186/4140
f 4601/186/4141 4599/186/4139 4600/186/4140
f 4601/186/4141 4600/186/4140 4587/186/4127
f 4586/186/4126 4601/186/4141 4587/186/4127
s 0
f 4603/186/2255 4620/186/2255 4602/186/2255
f 4602/186/2255 4620/186/2255 4604/186/2255
f 4602/186/2255 4604/186/2255 4605/186/2255
f 4605/186/2255 4606/186/2255 4607/186/2255
f 4605/186/2255 4604/186/2255 4606/186/2255
f 4607/186/2255 4606/186/2255 4608/186/2255
f 4607/186/2255 4608/186/2255 4609/186/2255
f 4609/186/2255 4608/186/2255 4610/186/2255
f 4609/186/2255 4610/186/2255 4611/186/2255
f 4611/186/2255 4610/186/2255 4612/186/2255
f 4611/186/2255 4612/186/2255 4613/186/2255
f 4613/186/2255 4612/186/2255 4614/186/2255
f 4613/186/2255 4614/186/2255 4615/186/2255
f 4615/186/2255 4614/186/2255 4616/186/2255
f 4615/186/2255 4616/186/2255 4617/186/2255
f 4617/186/2255 4616/186/2255 4619/186/2255
f 4619/186/2255 4616/186/2255 4618/186/2255
f 4603/186/2255 4621/186/2255 4620/186/2255
s 1
f 4622/186/4142 4623/186/4143 4625/186/4144
f 4622/186/4142 4624/186/4145 4623/186/4143
f 4626/186/4146 4622/186/4142 4625/186/4144
f 4627/186/4147 4626/186/4146 4628/186/4148
f 4626/186/4146 4625/186/4144 4628/186/4148
f 4627/186/4147 4628/186/4148 4629/186/4149
f 4630/186/4150 4629/186/4149 4631/186/4151
f 4630/186/4150 4627/186/4147 4629/186/4149
f 4633/186/4152 4631/186/4151 4632/186/4153
f 4633/186/4152 4630/186/4150 4631/186/4151
f 4634/186/4154 4633/186/4152 4632/186/4153
f 4634/186/4154 4632/186/4153 4635/186/4155
f 4636/186/4156 4634/186/4154 4635/186/4155
f 4636/186/4156 4635/186/4155 4637/186/4157
f 4638/186/4158 4636/186/4156 4637/186/4157
f 4638/186/4158 4637/186/4157 4639/186/4159
f 4640/186/4160 4638/186/4158 4639/186/4159
f 4640/186/4160 4639/186/4159 4641/186/4161
f 4642/186/4162 4640/186/4160 4641/186/4161
f 4642/186/4162 4641/186/4161 4643/186/4163
f 4644/186/4164 4642/186/4162 4643/186/4163
f 4644/186/4164 4643/186/4163 4645/186/4165
f 4647/186/4166 4644/186/4164 4645/186/4165
f 4647/186/4166 4645/186/4165 4646/186/4167
f 4648/186/4168 4647/186/4166 4646/186/4167
f 4648/186/4168 4646/186/4167 4649/186/4169
f 4651/186/4170 4648/186/4168 4649/186/4169
f 4651/186/4170 4649/186/4169 4650/186/4171
f 4652/186/4172 4651/186/4170 4650/186/4171
f 4652/186/4172 4650/186/4171 4653/186/4173
f 4654/186/4174 4653/186/4173 4655/186/4175
f 4654/186/4174 4652/186/4172 4653/186/4173
f 4657/186/4176 4655/186/4175 4656/186/4177
f 4657/186/4176 4654/186/4174 4655/186/4175
f 4624/186/4145 4657/186/4176 4656/186/4177
f 4624/186/4145 4656/186/4177 4623/186/4143
f 4659/186/4178 4673/186/4179 4674/186/4180
f 4677/186/4181 4678/186/4182 4690/186/4183
f 4679/186/4184 4680/187/4185 4693/186/4186
f 4680/187/4185 4681/186/4187 4683/186/4188
f 4693/186/4186 4680/187/4185 4683/186/4188
f 4693/186/4186 4683/186/4188 4685/186/4189
f 4688/186/4190 4689/186/4191 4687/186/4192
f 4687/186/4192 4689/186/4191 4693/186/4186
f 4686/186/4193 4693/186/4186 4684/186/4194
f 4684/186/4194 4693/186/4186 4685/186/4189
f 4690/186/4183 4693/186/4186 4689/186/4191
f 4691/186/4195 4690/186/4183 4692/186/4196
f 4692/186/4196 4690/186/4183 4689/186/4191
f 4676/186/4197 4690/186/4183 4691/186/4195
f 4690/186/4183 4678/186/4182 4693/186/4186
f 4678/186/4182 4679/186/4184 4693/186/4186
f 4677/186/4181 4690/186/4183 4675/186/4198
f 4675/186/4198 4690/186/4183 4676/186/4197
f 4687/186/4192 4693/186/4186 4686/186/4193
f 4683/186/4188 4682/186/4199 4685/186/4189
f 4679/186/4184 4694/186/4200 4680/187/4185
f 4679/186/4184 4695/186/4201 4694/186/4200
f 4696/2272/4202 4697/2273/4203 4699/2274/4204
f 4696/2272/4202 4698/2273/4205 4697/2273/4203
f 4700/1699/4206 4696/2272/4202 4699/2274/4204
f 4700/1699/4206 4699/2274/4204 4701/1699/4207
s 0
f 4702/186/4208 4703/186/4208 4705/186/4208
f 4702/186/4208 4704/186/4208 4703/186/4208
s 1
f 4706/1702/4209 4708/2275/4210 4707/2276/4211
f 4708/2275/4210 4709/1699/4212 4707/2276/4211
f 4712/2277/4213 4711/2278/4214 4710/2279/4215
f 4710/2279/4215 4711/2278/4214 4713/2273/4216
s 0
f 4714/2273/4217 4715/1746/4217 4717/2273/4217
f 4714/2273/4217 4716/1746/4217 4715/1746/4217
f 4718/186/4218 4719/186/4218 4721/186/4218
f 4718/186/4218 4720/186/4218 4719/186/4218
f 4722/2277/4219 4723/1699/4219 4725/2277/4219
f 4722/2277/4219 4724/1699/4219 4723/1699/4219
f 4726/186/4220 4727/186/4220 4729/186/4220
f 4726/186/4220 4728/186/4220 4727/186/4220
s 1
usemtl Clear02
f 602/366/680 603/367/681 604/368/682
f 602/366/680 604/368/682 605/369/683
f 603/367/681 606/370/684 607/370/685
f 603/367/681 607/370/685 604/368/682
f 606/370/686 608/371/687 609/372/688
f 606/370/686 609/372/688 610/373/689
f 608/371/687 611/374/690 612/374/691
f 608/371/687 612/374/691 609/372/688
f 611/374/692 613/375/693 614/375/694
f 611/374/692 614/375/694 615/374/695
f 613/376/696 617/377/697 618/378/698
f 613/376/696 618/378/698 616/379/699
f 617/377/697 619/380/700 620/380/701
f 617/377/697 620/380/701 618/378/698
f 619/380/702 621/381/703 622/381/704
f 619/380/702 622/381/704 623/382/705
f 621/381/706 624/383/707 625/384/708
f 621/381/706 625/384/708 626/385/709
f 624/383/707 627/386/710 628/387/711
f 624/383/707 628/387/711 625/384/708
f 627/388/712 629/389/713 630/390/714
f 629/389/713 631/391/715 630/390/714
f 629/389/713 602/392/716 631/391/715
f 602/392/716 632/366/717 631/391/715
f 4730/369/4221 4731/2280/4222 4733/2281/4223
f 4730/369/4221 4732/2282/4224 4731/2280/4222
f 4735/2283/4225 4733/2284/4226 4736/2285/4227
f 4735/2283/4225 4734/2286/4228 4733/2284/4226
f 4737/2287/4229 4736/2285/4227 4738/2288/4230
f 4737/2287/4229 4735/2283/4225 4736/2285/4227
f 4739/2289/4231 4738/2288/4230 4740/2290/4232
f 4739/2289/4231 4737/2287/4229 4738/2288/4230
f 4742/2291/4233 4740/2290/4234 4743/2292/4235
f 4742/2291/4233 4741/388/4236 4740/2290/4234
f 4744/2293/4237 4743/2292/4235 4745/2294/4238
f 4744/2293/4237 4742/2291/4233 4743/2292/4235
f 4746/2295/4239 4745/2294/4238 4747/2296/4240
f 4746/2295/4239 4744/2293/4237 4745/2294/4238
f 4748/2297/4241 4747/2296/4240 4749/2298/4242
f 4748/2297/4241 4746/2295/4239 4747/2296/4240
f 4750/382/4243 4749/2299/4244 4752/2300/4245
f 4750/382/4243 4751/381/4246 4749/2299/4244
f 4754/2301/4247 4752/2300/4248 4755/2302/4249
f 4754/2301/4247 4753/380/4250 4752/2300/4248
f 4756/2303/4251 4755/2302/4249 4757/2304/4252
f 4756/2303/4251 4754/2301/4247 4755/2302/4249
f 4758/2305/4253 4757/2304/4252 4759/2306/4254
f 4758/2305/4253 4756/2303/4251 4757/2304/4252
f 4760/374/4255 4759/2307/4256 4762/2308/4257
f 4760/374/4255 4761/375/4258 4759/2307/4256
f 4764/2309/4259 4762/2308/4260 4765/2310/4261
f 4764/2309/4259 4763/374/4262 4762/2308/4260
f 4766/2311/4263 4765/2310/4261 4767/2312/4264
f 4766/2311/4263 4764/2309/4259 4765/2310/4261
f 4768/373/4265 4767/2312/4264 4769/2313/4266
f 4768/373/4265 4766/2311/4263 4767/2312/4264
f 4771/2314/4267 4769/2313/4268 4772/2315/4269
f 4771/2314/4267 4770/370/4270 4769/2313/4268
f 4732/2282/4224 4772/2315/4269 4731/2280/4222
f 4732/2282/4224 4771/2314/4267 4772/2315/4269
f 4775/2316/4271 4773/2317/4272 4776/2318/4273
f 4776/2318/4273 4773/2317/4272 4777/2319/4274
f 4774/2320/4275 4778/2321/4276 4777/2319/4277
f 4776/2318/4273 4777/2319/4274 4779/2322/4278
f 4774/2320/4275 4782/2323/4279 4778/2321/4276
f 4782/2323/4280 4783/395/4281 4780/2324/4282
f 4782/2323/4280 4781/2325/4283 4783/395/4281
f 4784/396/4284 4785/2326/4285 4783/395/4286
f 4788/2327/4287 4790/2328/4288 4786/2329/4289
f 4790/2328/4290 4791/2330/4291 4787/370/4292
f 4790/2328/4290 4789/2331/4293 4791/2330/4291
f 4787/370/4292 4791/2330/4291 4796/2330/4294
f 4792/2332/4295 4800/2333/4296 4793/2334/4297
f 4793/2334/4297 4800/2333/4296 4794/401/4298
f 4793/2334/4297 4794/401/4298 4795/2334/4299
f 4795/2334/4299 4794/401/4298 4797/401/4300
f 4789/2331/4301 4795/2334/4302 4796/2330/4303
f 4789/2331/4301 4792/2332/4304 4795/2334/4302
f 4800/2335/4305 4836/2336/4306 4798/2337/4307
f 4836/2338/4308 4801/2339/4309 4799/374/4310
f 4799/374/4310 4801/2339/4309 4802/2340/4311
f 4801/2339/4309 4803/2341/4312 4802/2340/4311
f 4801/2339/4309 4804/2342/4313 4803/2341/4312
f 4804/2342/4313 4806/380/4314 4805/380/4315
f 4807/2343/4316 4806/380/4314 4804/2342/4313
f 4807/2343/4316 4809/2300/4317 4806/380/4314
f 4809/2300/4318 4810/381/4319 4805/380/4320
f 4809/2300/4318 4808/2299/4321 4810/381/4319
f 4805/380/4320 4810/381/4319 4813/381/4322
f 4808/2299/4323 4811/2344/4324 4812/415/4325
f 4808/2299/4323 4812/415/4325 4813/381/4326
f 4813/381/4326 4812/415/4325 4814/415/4327
f 4815/416/4328 4817/2345/4329 4816/2345/4330
f 4818/416/4331 4817/2345/4329 4815/416/4328
f 4818/416/4331 4820/2346/4332 4817/2345/4329
f 4819/2347/4333 4820/2346/4332 4818/416/4331
f 4820/2346/4334 4821/419/4335 4816/2345/4336
f 4820/2346/4334 4828/2348/4337 4821/419/4335
f 4816/2345/4336 4821/419/4335 4829/419/4338
f 4822/2349/4339 4823/2350/4340 4824/2351/4341
f 4825/2352/4342 4830/2353/4343 4826/388/4344
f 4828/2354/4345 4826/388/4346 4827/2355/4347
f 4822/2349/4339 4824/2351/4341 4826/388/4346
f 4822/2349/4339 4826/388/4346 4828/2354/4345
f 4828/2354/4345 4827/2355/4347 4829/2356/4348
f 4831/2357/4349 4779/2358/4350 4830/2353/4351
f 4825/2352/4342 4832/2359/4352 4830/2353/4343
f 4831/2357/4349 4775/2316/4353 4779/2358/4350
f 4811/2344/4354 4819/2347/4355 4815/416/4356
f 4811/2344/4354 4815/416/4356 4814/415/4357
f 4835/406/4358 4833/2360/4359 4804/2342/4313
f 4834/2361/4360 4833/2360/4359 4835/406/4358
f 4835/406/4358 4804/2342/4313 4801/2339/4309
f 4836/2338/4308 4834/2361/4361 4801/2339/4309
f 4833/2360/4359 4807/2343/4316 4804/2342/4313
f 4800/2335/4305 4798/2337/4307 4797/401/4362
f 4781/2325/4363 4837/2362/4364 4784/396/4284
f 4784/396/4284 4837/2362/4364 4785/2326/4285
f 4788/2327/4287 4786/2329/4289 4785/2326/4365
f 4838/2363/4366 4840/2364/4367 4839/2365/4368
f 4842/2366/4369 4838/2363/4366 4841/2367/4370
f 4838/2363/4366 4839/2365/4368 4841/2367/4370
f 4842/2366/4369 4841/2367/4370 4843/2368/4371
f 4844/2369/4372 4842/2366/4369 4843/2368/4371
f 4844/2369/4372 4843/2368/4371 4845/2370/4373
f 4846/2371/4374 4844/2369/4372 4845/2370/4373
f 4846/2371/4374 4845/2370/4373 4847/2372/4375
f 4848/2373/4376 4846/2371/4374 4847/2372/4375
f 4848/2373/4376 4847/2372/4375 4849/2374/4377
f 4850/2375/4378 4848/2373/4376 4849/2374/4377
f 4852/2376/4379 4850/2377/4380 4851/2377/4381
f 4852/2376/4379 4851/2377/4381 4853/2378/4382
f 4854/2379/4383 4853/2378/4382 4855/2380/4384
f 4854/2379/4383 4852/2376/4379 4853/2378/4382
f 4856/2330/4385 4854/2379/4383 4855/2380/4384
f 4857/370/4386 4856/2330/4387 4858/2381/4388
f 4857/370/4386 4858/2381/4388 4859/370/4389
f 4860/2382/4390 4857/370/4391 4861/373/4389
f 4860/2382/4390 4861/373/4389 4862/2382/4392
f 4863/2326/4393 4860/2382/4390 4864/2383/4392
f 4863/2326/4393 4864/2383/4392 4865/2326/4394
f 4840/395/4395 4863/2326/4396 4866/2326/4397
f 4840/395/4395 4866/2326/4397 4867/396/4398
f 4869/2384/4399 4868/2385/4400 4870/2386/4401
f 4872/2387/4402 4870/2386/4401 4871/2388/4403
f 4872/2387/4402 4869/2384/4399 4870/2386/4401
f 4872/2387/4402 4871/2388/4403 4873/2389/4404
f 4874/380/4405 4872/2387/4402 4873/2389/4404
f 4876/2390/4406 4875/2391/4407 4878/2392/4408
f 4876/2390/4406 4874/2393/4409 4875/2391/4407
f 4879/2394/4410 4877/2395/4411 4878/2396/4412
f 4879/2394/4410 4878/2396/4412 4880/2397/4413
f 4881/370/4414 4880/2330/4415 4883/373/4416
f 4881/370/4414 4882/2381/4417 4880/2330/4415
f 4868/2385/4400 4884/395/4418 4870/2386/4401
f 4885/396/3551 4886/2326/3550 4884/395/3553
f 4885/396/3551 4887/2326/3552 4886/2326/3550
f 4888/2326/4419 4889/2382/3270 4886/2326/3269
f 4888/2326/4419 4890/2383/4420 4889/2382/3270
f 4891/2382/3556 4892/370/1470 4889/2382/3235
f 4891/2382/3556 4893/373/1469 4892/370/1470
f 4896/2398/4421 4894/2399/4422 4897/2400/4423
f 4896/2398/4421 4895/2401/4424 4894/2399/4422
f 4898/2402/4425 4897/2400/4423 4899/2403/4426
f 4898/2402/4425 4896/2398/4421 4897/2400/4423
f 4900/2404/4427 4898/2402/4425 4899/2403/4426
f 4900/2404/4427 4899/2403/4426 4901/2405/4428
f 4902/2406/4429 4901/2405/4428 4903/2407/4430
f 4902/2406/4429 4900/2404/4427 4901/2405/4428
f 4904/2408/4431 4903/2407/4430 4905/380/4432
f 4904/2408/4431 4902/2406/4429 4903/2407/4430
f 4906/2409/4433 4905/2410/4434 4907/2411/4435
f 4908/2412/4436 4906/2409/4433 4907/2411/4435
f 4908/2412/4436 4907/2411/4435 4909/2413/4437
f 4910/2414/4438 4908/2412/4436 4909/2413/4437
f 4910/2414/4438 4909/2413/4437 4911/2415/4439
f 4912/2416/4440 4910/2414/4438 4911/2415/4439
f 4912/2416/4440 4911/2415/4439 4913/370/4441
f 4895/2401/4424 4913/370/4442 4894/2399/4422
f 4895/2401/4424 4914/370/4443 4913/370/4442
f 4915/2417/4444 4917/366/4445 4916/2418/4446
f 4915/2417/4444 4916/2418/4446 4918/2419/4447
f 4918/2419/4447 4919/2420/4448 4920/2421/4449
f 4921/2422/4450 4918/2423/4451 4922/2422/4452
f 4922/2422/4452 4918/2423/4451 4923/2423/4453
f 4922/2422/4452 4923/2423/4453 4925/2424/4454
f 4925/2424/4454 4923/2423/4453 4920/2421/4455
f 4930/2425/4456 4931/2345/4457 4929/2426/4458
f 4933/2427/4459 4934/2428/4460 4932/2429/4461
f 4936/2430/4462 4937/2431/4463 4935/2432/4464
f 4942/2433/4465 4943/401/4466 4941/2434/4467
f 4919/2420/4448 4948/2435/4468 4947/2436/4469
f 4918/2419/4447 4916/2418/4446 4948/2435/4468
f 4918/2419/4447 4948/2435/4468 4919/2420/4448
f 4948/2437/4470 4949/395/4471 4946/2438/4472
f 4917/2439/4473 4949/395/4471 4948/2437/4470
f 4949/395/4474 4950/2326/4475 4951/395/4476
f 4951/395/4476 4950/2326/4475 4945/2440/4477
f 4951/395/4476 4945/2440/4477 4946/2441/4478
f 4952/2442/4479 4944/2443/4480 4945/2444/4481
f 4953/370/4482 4955/2445/4483 4954/2446/4484
f 4954/2446/4484 4942/2433/4465 4944/2443/4485
f 4955/2445/4483 4956/2447/4486 4954/2446/4484
f 4957/374/4487 4959/2448/4488 4958/2449/4489
f 4958/2449/4489 4939/2450/4490 4940/2451/4491
f 4959/2448/4488 4960/2452/4492 4958/2449/4489
f 4960/2453/4493 4961/409/4494 4962/2453/4495
f 4962/2453/4495 4961/409/4494 4937/2431/4463
f 4962/2453/4495 4937/2431/4463 4936/2430/4462
f 4961/409/4496 4963/2454/4497 4934/2428/4460
f 4963/2454/4497 4964/381/4498 4934/2428/4460
f 4966/2455/4499 4967/2456/4500 4926/2457/4501
f 4966/2455/4499 4926/2457/4501 4927/2458/4502
f 4968/2459/4503 4924/2460/4504 4926/2461/4505
f 4969/388/4506 4921/2422/4507 4970/388/4508
f 4970/388/4508 4921/2422/4507 4925/2424/4509
f 4970/388/4508 4925/2424/4509 4924/2460/4510
f 4968/2459/4503 4969/388/4511 4924/2460/4504
f 4965/2462/4512 4966/2463/4513 4928/2464/4514
f 4965/2462/4512 4928/2464/4514 4929/2426/4515
f 4964/2465/4516 4965/2462/4517 4931/2345/4457
f 4964/2465/4516 4931/2345/4457 4930/2425/4456
f 4964/2465/4516 4930/2425/4456 4932/2429/4518
f 4961/409/4496 4934/2428/4460 4933/2427/4459
f 4961/409/4496 4933/2427/4459 4935/2432/4519
f 4960/2452/4492 4936/2430/4520 4938/2466/4521
f 4958/2449/4489 4960/2452/4492 4938/2466/4521
f 4958/2449/4489 4938/2466/4521 4939/2450/4490
f 4956/2447/4522 4957/374/4523 4940/2467/4524
f 4956/2447/4522 4940/2467/4524 4941/2434/4525
f 4954/2446/4484 4956/2447/4486 4943/401/4466
f 4954/2446/4484 4943/401/4466 4942/2433/4465
f 4952/2442/4479 4953/370/4526 4944/2443/4480
f 4971/2468/4527 4973/2469/4528 4972/2470/4529
f 4974/2471/4530 4971/2472/4531 4975/2473/4532
f 4976/2474/4533 4975/2473/4532 4977/2475/4534
f 4976/2474/4533 4974/2471/4530 4975/2473/4532
f 4979/2476/4535 4977/2475/4534 4978/2477/4536
f 4979/2476/4535 4976/2474/4533 4977/2475/4534
f 4980/2478/4537 4979/2479/4538 4981/423/4539
f 4983/2480/4540 4980/2481/4541 4982/422/4542
f 4983/2480/4540 4982/422/4542 4984/2482/4543
f 4986/2483/4544 4984/2482/4543 4985/419/4545
f 4986/2483/4544 4983/2480/4540 4984/2482/4543
f 4986/2484/4546 4987/419/4547 4988/2485/4548
f 4989/2486/4549 4986/2484/4546 4988/2485/4548
f 4990/2487/4550 4989/2488/4551 4991/415/4552
f 4993/2429/4553 4990/2489/4554 4992/381/4555
f 4995/2490/4556 4993/2491/4557 4994/2492/4557
f 4996/2432/4558 4995/2493/4559 4997/409/4560
f 4998/2494/4561 4996/2495/4562 4999/2496/4563
f 5000/2497/4564 4998/2494/4561 4999/2496/4563
f 5002/2498/4565 5001/2499/4566 5003/2500/4567
f 5002/2498/4565 5000/2501/4568 5001/2499/4566
f 5004/2502/4569 5002/2498/4565 5003/2500/4567
f 5005/2503/4570 5004/2504/4571 5006/2505/4572
f 5007/2506/4573 5005/2503/4570 5006/2505/4572
f 5008/2507/4574 5007/2508/4575 5009/2509/4576
f 4973/2510/4577 5008/2507/4574 5009/2509/4576
f 4973/2469/4528 5010/395/4578 4972/2470/4529
usemtl Clear03
f 674/186/772 675/186/773 676/186/774
f 675/186/773 677/186/775 676/186/774
f 678/186/776 679/186/777 677/186/775
f 675/186/773 678/186/776 677/186/775
f 674/186/772 676/186/774 680/186/778
f 681/186/779 674/186/772 680/186/778
f 681/186/779 680/186/778 682/186/780
f 683/186/781 681/186/779 682/186/780
f 683/186/781 682/186/780 684/186/782
f 685/186/783 683/186/781 684/186/782
f 685/186/783 684/186/782 686/186/784
f 687/186/785 685/186/783 686/186/784
f 687/186/785 686/186/784 688/186/786
f 689/186/787 687/186/785 688/186/786
f 689/186/787 688/186/786 690/186/788
f 691/186/789 689/186/787 690/186/788
f 691/186/789 690/186/788 692/186/790
f 693/186/791 691/186/789 692/186/790
f 693/186/791 692/186/790 694/186/792
f 695/186/793 693/186/791 694/186/792
f 695/186/793 694/186/792 696/186/794
f 697/186/795 695/186/793 696/186/794
f 697/186/795 696/186/794 698/186/796
f 699/186/797 697/186/795 698/186/796
f 699/186/797 698/186/796 700/186/798
f 701/186/799 699/186/797 700/186/798
f 701/186/799 700/186/798 702/186/800
f 701/186/799 702/186/800 703/186/801
f 704/186/802 701/186/799 703/186/801
f 704/186/802 703/186/801 705/186/803
f 706/186/804 704/186/802 705/186/803
f 706/186/804 705/186/803 679/186/777
f 678/186/776 706/186/804 679/186/777
f 5196/186/4751 5197/186/4752 5198/186/4753
f 5196/186/4751 5199/186/4754 5197/186/4752
f 5200/186/4755 5199/186/4754 5196/186/4751
f 5200/186/4755 5201/186/4756 5199/186/4754
f 5202/186/4757 5201/186/4756 5200/186/4755
f 5202/186/4757 5203/186/4758 5201/186/4756
f 5204/186/4759 5203/186/4758 5202/186/4757
f 5204/186/4759 5205/186/4760 5203/186/4758
f 5206/186/4761 5205/186/4760 5204/186/4759
f 5206/186/4761 5207/186/4762 5205/186/4760
f 5208/186/4763 5207/186/4762 5206/186/4761
f 5208/186/4763 5209/186/4764 5207/186/4762
f 5210/186/4765 5209/186/4764 5208/186/4763
f 5210/186/4765 5211/186/4766 5209/186/4764
f 5212/186/4767 5211/186/4766 5210/186/4765
f 5212/186/4767 5213/186/4768 5211/186/4766
f 5214/186/4769 5213/186/4768 5212/186/4767
f 5214/186/4769 5215/186/4770 5213/186/4768
f 5216/186/4771 5215/186/4770 5214/186/4769
f 5216/186/4771 5217/186/4772 5215/186/4770
f 5218/186/4773 5217/186/4772 5216/186/4771
f 5218/186/4773 5219/186/4774 5217/186/4772
f 5220/186/4775 5219/186/4774 5218/186/4773
f 5220/186/4775 5221/186/4776 5219/186/4774
f 5222/186/4777 5221/186/4776 5220/186/4775
f 5222/186/4777 5223/186/4778 5221/186/4776
f 5224/186/4779 5223/186/4778 5222/186/4777
f 5224/186/4779 5226/186/4780 5223/186/4778
f 5225/186/4781 5226/186/4780 5224/186/4779
f 5225/186/4781 5227/186/4782 5226/186/4780
f 5198/186/4753 5227/186/4782 5225/186/4781
f 5198/186/4753 5197/186/4752 5227/186/4782
f 5228/186/4783 5230/186/4784 5229/186/4785
f 5228/186/4783 5229/186/4785 5231/186/4786
f 5232/186/4787 5228/186/4783 5231/186/4786
f 5232/186/4787 5231/186/4786 5233/186/4788
f 5234/186/4789 5232/186/4787 5233/186/4788
f 5234/186/4789 5233/186/4788 5235/186/4790
f 5236/186/4791 5234/186/4789 5235/186/4790
f 5236/186/4791 5235/186/4790 5237/186/4792
f 5238/186/4793 5236/186/4791 5237/186/4792
f 5238/186/4793 5237/186/4792 5239/186/4794
f 5240/186/4795 5238/186/4793 5239/186/4794
f 5240/186/4795 5239/186/4794 5241/186/4796
f 5242/186/4797 5240/186/4795 5241/186/4796
f 5242/186/4797 5241/186/4796 5243/186/4798
f 5244/186/4799 5242/186/4797 5243/186/4798
f 5244/186/4799 5243/186/4798 5245/186/4800
f 5246/186/4801 5244/186/4799 5245/186/4800
f 5246/186/4801 5245/186/4800 5247/186/4802
f 5248/186/4803 5246/186/4801 5247/186/4802
f 5248/186/4803 5247/186/4802 5249/186/4804
f 5250/186/4805 5248/186/4803 5249/186/4804
f 5250/186/4805 5249/186/4804 5251/186/4806
f 5252/186/4807 5250/186/4805 5251/186/4806
f 5252/186/4807 5251/186/4806 5253/186/4808
f 5254/186/4809 5252/186/4807 5253/186/4808
f 5254/186/4809 5253/186/4808 5255/186/4810
f 5256/186/4811 5254/186/4809 5255/186/4810
f 5256/186/4811 5255/186/4810 5258/186/4812
f 5257/186/4813 5256/186/4811 5258/186/4812
f 5257/186/4813 5258/186/4812 5259/186/4814
f 5230/186/4784 5257/186/4813 5259/186/4814
f 5230/186/4784 5259/186/4814 5229/186/4785
f 5262/186/4815 5260/186/4816 5261/186/4817
f 5262/186/4815 5261/186/4817 5263/186/4818
f 5264/186/4819 5262/186/4815 5263/186/4818
f 5264/186/4819 5263/186/4818 5265/186/4820
f 5266/186/4821 5264/186/4819 5265/186/4820
f 5266/186/4821 5265/186/4820 5267/186/4822
f 5268/186/4823 5266/186/4821 5267/186/4822
f 5268/186/4823 5267/186/4822 5269/186/4824
f 5270/186/4825 5268/186/4823 5269/186/4824
f 5270/186/4825 5269/186/4824 5271/186/4826
f 5272/186/4827 5270/186/4825 5271/186/4826
f 5272/186/4827 5271/186/4826 5273/186/4828
f 5260/186/4816 5272/186/4827 5273/186/4828
f 5260/186/4816 5273/186/4828 5261/186/4817
f 5274/186/4829 5276/186/4830 5275/186/4831
f 5277/186/4832 5274/186/4829 5278/186/4833
f 5274/186/4829 5275/186/4831 5278/186/4833
f 5277/186/4832 5278/186/4833 5279/186/4834
f 5280/186/4835 5277/186/4832 5279/186/4834
f 5280/186/4835 5279/186/4834 5281/186/4836
f 5282/186/4837 5280/186/4835 5281/186/4836
f 5282/186/4837 5281/186/4836 5283/186/4838
f 5284/186/4839 5282/186/4837 5283/186/4838
f 5284/186/4839 5283/186/4838 5285/186/4840
f 5286/186/4841 5284/186/4839 5285/186/4840
f 5286/186/4841 5285/186/4840 5287/186/4842
f 5288/186/4843 5286/186/4841 5287/186/4842
f 5288/186/4843 5287/186/4842 5289/186/4844
f 5290/186/4845 5288/186/4843 5289/186/4844
f 5290/186/4845 5289/186/4844 5291/186/4846
f 5292/186/4847 5290/186/4845 5291/186/4846
f 5292/186/4847 5291/186/4846 5293/186/4848
f 5294/186/4849 5292/186/4847 5293/186/4848
f 5294/186/4849 5293/186/4848 5295/186/4850
f 5296/186/4851 5294/186/4849 5295/186/4850
f 5296/186/4851 5295/186/4850 5297/186/4852
f 5298/186/4853 5296/186/4851 5297/186/4852
f 5298/186/4853 5297/186/4852 5299/186/4854
f 5300/186/4855 5298/186/4853 5299/186/4854
f 5300/186/4855 5299/186/4854 5301/186/4856
f 5302/186/4857 5300/186/4855 5301/186/4856
f 5302/186/4857 5301/186/4856 5303/186/4858
f 5304/186/4859 5302/186/4857 5303/186/4858
f 5304/186/4859 5303/186/4858 5305/186/4860
f 5276/186/4830 5304/186/4859 5305/186/4860
f 5276/186/4830 5305/186/4860 5275/186/4831
f 5306/186/4861 5308/186/4862 5307/186/4863
f 5309/186/4864 5308/186/4862 5306/186/4861
f 5309/186/4864 5310/186/4865 5308/186/4862
f 5311/186/4866 5310/186/4865 5309/186/4864
f 5311/186/4866 5312/186/4867 5310/186/4865
f 5313/186/4868 5312/186/4867 5311/186/4866
f 5313/186/4868 5314/186/4869 5312/186/4867
f 5315/186/4870 5314/186/4869 5313/186/4868
f 5315/186/4870 5316/186/4871 5314/186/4869
f 5317/186/4872 5316/186/4871 5315/186/4870
f 5317/186/4872 5318/186/4873 5316/186/4871
f 5319/186/4874 5318/186/4873 5317/186/4872
f 5319/186/4874 5320/186/4875 5318/186/4873
f 5321/186/4876 5320/186/4875 5319/186/4874
f 5321/186/4876 5307/186/4863 5320/186/4875
f 5306/186/4861 5307/186/4863 5321/186/4876
f 5322/186/4877 5323/186/4878 5324/186/4879
f 5322/186/4877 5325/186/4880 5323/186/4878
f 5326/186/4881 5325/186/4880 5322/186/4877
f 5327/186/4882 5328/186/4883 5326/186/4881
f 5326/186/4881 5328/186/4883 5325/186/4880
f 5327/186/4882 5330/186/4884 5328/186/4883
f 5329/186/4885 5330/186/4884 5327/186/4882
f 5329/186/4885 5331/186/4886 5330/186/4884
f 5332/186/4887 5331/186/4886 5329/186/4885
f 5332/186/4887 5334/186/4888 5331/186/4886
f 5333/186/4889 5334/186/4888 5332/186/4887
f 5333/186/4889 5335/186/4890 5334/186/4888
f 5336/186/4891 5335/186/4890 5333/186/4889
f 5336/186/4891 5338/186/4892 5335/186/4890
f 5337/186/4893 5338/186/4892 5336/186/4891
f 5337/186/4893 5339/186/4894 5338/186/4892
f 5340/186/4895 5339/186/4894 5337/186/4893
f 5340/186/4895 5342/186/4896 5339/186/4894
f 5341/186/4897 5342/186/4896 5340/186/4895
f 5341/186/4897 5343/186/4898 5342/186/4896
f 5344/186/4899 5343/186/4898 5341/186/4897
f 5344/186/4899 5346/186/4900 5343/186/4898
f 5345/186/4901 5346/186/4900 5344/186/4899
f 5345/186/4901 5347/186/4902 5346/186/4900
f 5348/186/4903 5347/186/4902 5345/186/4901
f 5348/186/4903 5350/186/4904 5347/186/4902
f 5349/186/4905 5350/186/4904 5348/186/4903
f 5349/186/4905 5351/186/4906 5350/186/4904
f 5352/186/4907 5351/186/4906 5349/186/4905
f 5352/186/4907 5353/186/4908 5351/186/4906
f 5324/186/4879 5353/186/4908 5352/186/4907
f 5324/186/4879 5323/186/4878 5353/186/4908
f 5356/186/4909 5355/186/4910 5354/186/4911
f 5356/186/4909 5357/186/4912 5355/186/4910
f 5358/186/4913 5357/186/4912 5356/186/4909
f 5358/186/4913 5359/186/4914 5357/186/4912
f 5360/186/4915 5359/186/4914 5358/186/4913
f 5360/186/4915 5361/186/4916 5359/186/4914
f 5362/186/4917 5361/186/4916 5360/186/4915
f 5362/186/4917 5363/186/4918 5361/186/4916
f 5364/186/4919 5363/186/4918 5362/186/4917
f 5364/186/4919 5365/186/4920 5363/186/4918
f 5366/186/4921 5365/186/4920 5364/186/4919
f 5366/186/4921 5367/186/4922 5365/186/4920
f 5368/186/4923 5367/186/4922 5366/186/4921
f 5368/186/4923 5369/186/4924 5367/186/4922
f 5370/186/4925 5369/186/4924 5368/186/4923
f 5370/186/4925 5371/186/4926 5369/186/4924
f 5372/186/4927 5371/186/4926 5370/186/4925
f 5372/186/4927 5373/186/4928 5371/186/4926
f 5375/186/4929 5373/186/4928 5372/186/4927
f 5375/186/4929 5374/186/4930 5373/186/4928
f 5375/186/4929 5377/186/4931 5374/186/4930
f 5376/186/4932 5377/186/4931 5375/186/4929
f 5378/186/4933 5377/186/4931 5376/186/4932
f 5378/186/4933 5379/186/4934 5377/186/4931
f 5380/186/4935 5379/186/4934 5378/186/4933
f 5380/186/4935 5381/186/4936 5379/186/4934
f 5382/186/4937 5381/186/4936 5380/186/4935
f 5382/186/4937 5383/186/4938 5381/186/4936
f 5384/186/4939 5383/186/4938 5382/186/4937
f 5384/186/4939 5385/186/4940 5383/186/4938
f 5386/186/4941 5385/186/4940 5384/186/4939
f 5386/186/4941 5387/186/4942 5385/186/4940
f 5354/186/4911 5387/186/4942 5386/186/4941
f 5354/186/4911 5355/186/4910 5387/186/4942
f 5390/186/4943 5388/186/4944 5389/186/4945
f 5390/186/4943 5389/186/4945 5391/186/4946
f 5392/186/4947 5390/186/4943 5391/186/4946
f 5392/186/4947 5391/186/4946 5393/186/4948
f 5394/186/4949 5392/186/4947 5393/186/4948
f 5394/186/4949 5393/186/4948 5395/186/4950
f 5396/186/4951 5394/186/4949 5395/186/4950
f 5396/186/4951 5395/186/4950 5397/186/4952
f 5398/186/4953 5396/186/4951 5397/186/4952
f 5398/186/4953 5397/186/4952 5399/186/4954
f 5400/186/4955 5398/186/4953 5399/186/4954
f 5400/186/4955 5399/186/4954 5401/186/4956
f 5402/186/4957 5400/186/4955 5401/186/4956
f 5402/186/4957 5401/186/4956 5403/186/4958
f 5402/186/4957 5403/186/4958 5404/186/4959
f 5405/186/4960 5402/186/4957 5404/186/4959
f 5405/186/4960 5404/186/4959 5406/186/4961
f 5407/186/4962 5405/186/4960 5406/186/4961
f 5407/186/4962 5406/186/4961 5408/186/4963
f 5409/186/4964 5407/186/4962 5408/186/4963
f 5409/186/4964 5408/186/4963 5410/186/4965
f 5411/186/4966 5409/186/4964 5410/186/4965
f 5411/186/4966 5410/186/4965 5412/186/4967
f 5413/186/4968 5411/186/4966 5412/186/4967
f 5413/186/4968 5412/186/4967 5414/186/4969
f 5415/186/4970 5413/186/4968 5414/186/4969
f 5415/186/4970 5414/186/4969 5416/186/4971
f 5417/186/4972 5415/186/4970 5416/186/4971
f 5417/186/4972 5416/186/4971 5418/186/4973
f 5419/186/4974 5417/186/4972 5418/186/4973
f 5419/186/4974 5418/186/4973 5420/186/4975
f 5419/186/4974 5420/186/4975 5421/186/4976
f 5422/186/4977 5419/186/4974 5421/186/4976
f 5388/186/4944 5422/186/4977 5421/186/4976
f 5388/186/4944 5421/186/4976 5389/186/4945
f 5424/186/4978 5425/186/4979 5423/186/4980
f 5426/186/4981 5425/186/4979 5424/186/4978
f 5426/186/4981 5427/186/4982 5425/186/4979
f 5428/186/4983 5427/186/4982 5426/186/4981
f 5428/186/4983 5429/186/4984 5427/186/4982
f 5430/186/4985 5429/186/4984 5428/186/4983
f 5430/186/4985 5423/186/4980 5429/186/4984
f 5424/186/4978 5423/186/4980 5430/186/4985
s 0
f 5431/186/2238 5432/186/2238 5434/186/2238
f 5431/186/2239 5433/186/2239 5432/186/2239
f 5435/186/2239 5431/186/2239 5434/186/2239
f 5435/186/2239 5434/186/2239 5436/186/2239
f 5438/186/2247 5435/186/2247 5436/186/2247
f 5438/186/2239 5436/186/2239 5437/186/2239
f 5438/186/4986 5437/186/4986 5439/186/4986
f 5440/186/2247 5438/186/2247 5439/186/2247
f 5440/186/2238 5439/186/2238 5441/186/2238
f 5443/186/2247 5440/186/2247 5441/186/2247
f 5443/186/2238 5441/186/2238 5442/186/2238
f 5445/186/2239 5443/186/2239 5442/186/2239
f 5445/186/2239 5442/186/2239 5444/186/2239
f 5447/186/4987 5444/186/4987 5446/186/4987
f 5447/186/2247 5445/186/2247 5444/186/2247
f 5447/186/2247 5446/186/2247 5448/186/2247
f 5449/186/4988 5447/186/4988 5448/186/4988
f 5449/186/2247 5448/186/2247 5450/186/2247
f 5451/186/2247 5449/186/2247 5450/186/2247
f 5433/186/2247 5450/186/2247 5432/186/2247
f 5433/186/2247 5451/186/2247 5450/186/2247
s 1
f 5452/186/4989 5453/186/4990 5454/186/4991
f 5455/186/4992 5452/186/4989 5454/186/4991
f 5455/186/4992 5454/186/4991 5456/186/4993
f 5457/186/4994 5455/186/4992 5456/186/4993
f 5457/186/4994 5456/186/4993 5458/186/4995
f 5459/186/4996 5457/186/4994 5458/186/4995
f 5459/186/4996 5458/186/4995 5453/186/4990
f 5452/186/4989 5459/186/4996 5453/186/4990
l 33 139
l 25 153
l 15 16
l 142 143
l 16 17
l 20 21
l 21 22
l 43 146
l 256 294
l 325 340
l 430 431
l 429 431
l 432 433
l 718 719
l 720 721
l 722 723
l 724 725
l 726 727
l 728 729
l 730 731
l 732 733
l 734 735
l 736 737
l 738 739
l 740 741
l 746 747
l 766 765
l 771 774
l 928 929
l 929 927
l 952 953
l 981 979
l 995 997
l 1023 1024
l 1115 1116
l 1120 1117
l 1123 1124
l 1127 1125
l 1130 1131
l 1133 1135
l 1136 1137
l 1140 1141
l 1191 1192
l 1201 1200
l 1202 1203
l 1208 1209
l 1208 1210
l 1211 1210
l 1212 1211
l 1209 1213
l 1214 1215
l 1216 1217
l 1216 1218
l 1218 1219
l 1220 1221
l 1221 1222
l 1223 1224
l 1224 1225
l 1238 1239
l 1245 1246
l 1247 1248
l 1249 1250
l 1251 1253
l 1257 1258
l 1272 1273
l 1274 1275
l 1276 1277
l 1277 1278
l 1279 1280
l 1298 1312
l 1324 1323
l 1333 1334
l 1335 1336
l 1335 1337
l 1337 1338
l 1339 1340
l 1341 1342
l 1343 1344
l 1345 1343
l 1346 1345
l 1347 1348
l 1350 1349
l 1351 1352
l 1389 1388
l 1389 1390
l 1390 1391
l 1392 1391
l 1392 1393
l 1397 1396
l 1395 1396
l 1394 1395
l 1393 1394
l 1428 1429
l 1513 1512
l 1534 1535
l 1538 1540
l 1556 1557
l 1563 1576
l 1577 1578
l 1620 1619
l 1635 1636
l 1648 1649
l 1662 1663
l 1668 1669
l 1705 1706
l 1729 1728
l 1736 1735
l 1757 1758
l 1771 1783
l 1809 1808
l 1827 1828
l 1833 1836
l 1848 1850
l 1871 1869
l 1874 1876
l 1888 1889
l 1915 1916
l 1925 1924
l 1950 1951
l 1954 1960
l 1971 1972
l 2010 2008
l 2036 2035
l 2045 2046
l 2066 2067
l 2090 2092
l 2098 2100
l 2106 2107
l 2171 2170
l 2385 2386
l 2389 2391
l 2392 2393
l 2395 2396
l 2399 2398
l 2401 2402
l 2403 2406
l 2408 2439
l 2414 2412
l 2434 2435
l 2407 2438
l 2439 2440
l 2441 2444
l 2449 2446
l 2446 2447
l 2463 2464
l 2476 2477
l 2486 2478
l 2450 2488
l 2489 2490
l 2491 2492
l 2493 2494
l 2592 2594
l 2607 2608
l 2609 2610
l 2611 2612
l 2611 2613
l 2617 2618
l 2622 2623
l 2627 2626
l 2628 2627
l 2629 2628
l 2630 2629
l 2634 2635
l 2636 2637
l 2638 2639
l 2655 2658
l 2663 2660
l 2660 2661
l 2681 2682
l 2690 2691
l 2694 2692
l 2664 2702
l 2818 2820
l 2822 2819
l 2905 2906
l 2907 2908
l 2909 2910
l 2911 2912
l 2983 2982
l 2981 2982
l 2981 2980
l 2984 2979
l 2985 2986
l 3063 3062
l 3062 3061
l 3061 3060
l 3064 3059
l 3067 3068
l 3068 3069
l 3070 3071
l 3127 3128
l 3129 3128
l 3137 3138
l 3139 3140
l 3193 3194
l 3207 3209
l 3238 3240
l 3245 3247
l 3262 3263
l 3264 3265
l 3285 3289
l 3297 3298
l 3295 3299
l 3337 3338
l 3339 3340
l 3353 3357
l 3365 3366
l 3363 3367
l 3368 3369
l 3373 3374
l 3381 3382
l 3383 3384
l 3385 3386
l 3387 3388
l 3389 3390
l 3391 3392
l 3393 3394
l 3452 3453
l 3452 3457
l 3467 3468
l 3464 3467
l 3469 3470
l 3471 3472
l 3861 3859
l 3900 3901
l 3921 3922
l 4021 4019
l 4028 4027
l 4118 4119
l 4201 4202
l 4207 4208
l 4258 4259
l 4261 4262
l 4270 4271
l 4271 4272
l 4274 4275
l 4278 4279
l 4301 4302
l 4304 4305
l 4307 4308
l 4311 4310
l 4313 4314
l 4316 4317
l 4319 4320
l 4322 4323
l 4334 4336
l 4325 4327
l 4300 4301
l 4298 4300
l 4295 4297
l 4290 4292
l 4366 4365
l 4365 4364
l 4375 4377
l 4382 4383
l 4389 4387
l 4396 4395
l 4397 4396
l 4399 4400
l 4408 4407
l 4410 4411
l 4412 4413
l 4418 4419
l 4420 4422
l 4448 4449
l 4454 4455
l 4558 4565
l 4577 4576
l 4576 4575
l 4578 4577
l 4579 4578
l 4582 4581
l 4581 4580
l 4580 4579
l 4575 4574
l 4574 4573
l 4573 4572
l 4572 4571
l 4570 4571
l 4569 4570
l 4569 4568
l 4568 4536
l 4536 4537
l 4658 4659
l 4658 4660
l 4661 4660
l 4665 4666
l 4666 4667
l 4671 4670
l 4671 4672
l 4673 4672
l 4669 4670
l 4668 4669
l 4668 4667
l 4664 4665
l 4663 4664
l 4662 4663
l 4661 4662
l 4773 4774
l 4778 4780
l 4787 4786
l 4799 4798
l 4825 4824
l 4831 4832
l 4788 4837
l 4928 4927
l 4952 4950
l 4968 4967
l 5083 5084
l 5084 5085
l 5085 5086
l 5086 5087
l 5087 5088
l 5100 5099
l 5101 5100
l 5101 5102
l 5124 5123
l 5123 5122
l 5111 5110
l 5110 5109
l 5109 5108
l 5108 5107
l 5107 5106
l 5106 5105
l 5165 5195
